person_id,predict
46195,980.5150073019073
27086,25200.250993369315
35080,2656.7394331381083
15409,2261.4281211164075
97759,1050.4823576808924
3822,1740.6796354184596
89124,5814.099476726087
18328,1858.9071058892132
34209,3169.4473022453
99188,2151.167620511701
80157,1802.1708128338503
1829,1646.4687177179205
71702,2639.6700533286994
38023,1638.4437114516088
37913,12337.439136043862
48017,15761.301831481376
30207,817.9115293644196
19088,12207.905400913623
80837,1110.356316934591
15969,3475.8705834868215
83502,5924.408296823485
29388,1909.4145479339227
9933,1110.356316934591
75690,671.1979498340032
22498,1251.1739067978012
76557,1363.05288423775
33865,1214.8301526501132
64383,2203.3210693088404
69575,1516.8589263192703
83925,888.0957812274014
89223,5881.312044189611
43819,2558.031425550406
57852,1811.5340498453036
55011,4574.056709282996
52998,1099.2826929303305
11204,3094.654351187343
35338,1091.3071654418745
52981,1322.3037521668039
80012,1318.639274143869
38389,1295.9016608690629
97537,492.9242865891804
97303,1441.2204109287236
75358,5202.341634231164
71187,1159.4067304841203
30096,693.0237029398203
37745,379.5794882122775
9628,1501.0940569540103
10146,1408.2353536572366
41005,3186.710656563389
3797,10612.273440938163
55363,2863.1615397729993
90339,1005.5162782199944
68830,1059.6374373880844
77698,2711.74743764137
75451,8379.556228261747
73969,948.899601160412
80146,1126.6746754235614
11347,782.976416429798
47353,2203.3210693088404
19283,2861.5405804297343
39640,4526.19054167587
77043,568.3409253651507
74801,2089.5633749226904
37678,1557.31861317071
42405,416.85663047944854
29130,912.6378222798264
50359,1882.6806391712355
47188,777.3068801628684
52715,520.3239418972463
25491,3094.654351187343
12959,7655.2819906213745
10860,3098.5659464442056
40275,2428.7351858548727
51171,1530.2370792663248
60753,1392.5876349789685
85066,10633.903119267032
5431,1010.5163918694516
42763,1376.677894046015
23516,845.0145300171682
56527,1050.4823576808924
9040,2302.567888580011
10606,2161.720089615358
31984,2217.8614329549077
58515,1718.1195298632076
85576,1593.1913703198334
18612,3752.4453716215385
27903,599.7195964202706
74884,1341.2315227022013
14445,2932.341400706574
27135,10336.421758277549
35924,2420.3149098807326
7778,3047.5712144802465
5303,2038.4455458605603
76210,1531.7701232656475
7857,908.005205436195
48293,1715.5017496657722
85933,534.1750367576163
91003,724.9795127538666
63344,2876.786549581264
16520,3954.701809780795
22841,6718.886679349777
19557,1570.978344105541
87151,3405.4680534931995
38464,8869.287208959711
12634,8636.044319913808
10558,3203.688460044161
23652,2269.439751637315
63004,2827.2994226308733
94174,743.6931646305768
96924,472.3730528150543
2537,1306.6357570378905
70656,10579.255705723801
60618,9315.40300011078
86222,2264.533026990073
43999,2124.799634197674
96289,684.8229596422681
41997,1922.1659645806421
57238,1412.2564656567815
38426,2711.74743764137
90552,1608.875703298471
91549,2013.2356712409778
51981,3745.054163892314
29959,654.3367887089863
37366,1133.7397754957806
71832,1091.3071654418745
9711,457.3301931535615
99450,3217.3134698524254
57052,919.8149693119307
79478,1695.5364411150579
82912,1501.0940569540103
57548,4512.794451131308
25318,1104.9321752501394
42567,21688.79000697959
38212,2527.668110959303
99736,2622.6670760808224
1053,1323.6496949096402
10142,2588.7439605309014
83086,2989.050292657145
12763,1200.3090304245686
55005,6351.710938262252
60061,10216.056188203851
28990,1889.037827637946
21906,5256.599979037374
94538,10717.73889030363
71198,3357.601885886074
13022,5149.587609138022
95041,1283.6471131409648
94450,5474.593014168996
44752,808.8589068391718
1164,599.7195964202706
60537,3544.0468393013443
38325,1295.9016608690629
43037,2540.877792923776
25127,3142.5205187944684
74206,2094.2547222692906
58918,6816.177770109435
68651,996.8913820611867
25193,2649.88713950454
50892,2357.3805355565955
2208,7178.238062375794
36228,694.5649305567916
58380,2375.3312799965306
74999,2283.0647614455797
9785,592.1248117421117
45674,879.4572507591653
50161,2722.01665457623
68279,585.8213621751585
33930,2663.8812700342446
92416,1620.1897927563025
21479,4143.783176756775
41832,1010.5163918694516
35418,1628.16681637323
86953,3800.2209415792045
25906,2293.75367346163
60917,5443.444312562407
97745,1516.8589263192703
35588,2556.683779691393
78076,2980.6300166830047
48056,7520.394052287751
48251,1205.9489473790852
44714,9190.02745814341
24758,654.3367887089863
97736,2588.7439605309014
98635,2883.5982422647785
7509,1156.3278918380117
33093,2391.621693355456
52873,3028.1316601837875
50571,4867.6632085474985
72657,6267.236953983467
74354,1225.4361241448582
11690,826.3318053385599
97430,1481.5884623676745
16686,576.4087558986139
99098,1718.0702908449216
39153,753.0234241992433
24515,6498.636910021219
42430,1398.6314558485167
14555,3142.5205187944684
76691,2807.5384201015577
69502,1036.777720296486
52326,1240.3681156872135
17674,6347.755641169627
85356,3180.9689480645657
61584,9840.496286135185
12494,1617.3354089743648
68551,1251.1739067978012
34169,1197.175097725811
92647,4109.387304123502
14157,599.4463719834233
44448,1192.5515190049034
8796,898.4755874962051
49821,1508.4319126989863
50252,1121.217014902229
98332,2103.188384730955
50306,254.6608638159312
11393,2700.3029702927556
99670,724.9795127538666
19697,414.0775846855659
10280,592.3821662915722
982,1083.481657462159
86680,6365.335948070518
46136,3844.411079348125
28285,2816.4868263193903
89520,7733.150865586171
17556,12787.888134652088
50287,3745.1766538091865
3915,1010.5163918694516
21923,3722.7148783361645
11129,287.51592904336405
99478,2068.305569633263
66044,1797.9090400370387
74283,4319.833356303733
91104,1345.5896901784893
17508,308.53825756790195
78712,2284.315373858662
84263,2596.2990897667955
5327,2272.794876808998
25347,11250.554500125925
10463,6223.821811263963
45986,2246.6998989532212
43411,658.7671152192245
69109,769.3514066215331
24817,2711.74743764137
64483,993.1824673315713
27618,1405.8112027895706
56611,270.28150295680825
52664,559.6649968646872
39587,5223.863492032473
68725,4203.902102191384
92974,3957.6023423478987
45832,912.6378222798264
60815,277.05857630296134
58775,1503.2339165110054
94629,4157.253471730628
23240,1757.3082572515887
11224,1517.4076022062814
69566,5080.76570798335
35823,2971.1859747577223
36557,1332.2642839521338
56171,2711.493094337278
63602,945.8756423302768
33951,1091.0992987042162
58901,893.0822605674301
23451,4191.649344363901
41849,7267.053967337911
67279,3243.303418494883
63698,3519.647829763134
63409,2428.020332333591
84229,1206.1765288131683
31178,1392.5876349789685
27695,1416.655629631377
92187,3001.4953780623187
37185,3051.521940513814
51062,2523.8893865077957
47134,4580.818942479176
37411,1273.5028014075237
40911,2217.8614329549077
62486,4687.164615420906
24113,3716.698890170042
38128,3596.1972348507275
89017,9914.316697635464
49097,9236.8917901284
4873,730.5291064516555
59499,996.8913820611867
94792,4659.633693033203
71726,1287.1278112157886
24250,2523.8893865077957
28500,1324.2503083627635
73078,1096.8394225497161
21067,3591.365518415705
79412,847.9632377536761
75752,8503.549925059597
40085,1427.4491216773627
99102,1070.839742896286
40651,7759.776746054108
96480,3145.54904410862
56352,2542.005182269191
13995,4954.170958726066
12817,3672.6110818353395
80580,630.2861496505848
17167,590.8319269945442
28920,1754.3046452267245
45564,1316.6958193689263
52016,2828.9203819741383
68369,1332.0699708837801
88050,4187.295101886331
66038,4467.3724694271605
75199,2276.2901584022634
30503,1233.9187354195578
23459,4309.02461579134
73813,719.4545693043972
56144,2754.995648904
65914,3443.1732498642423
82682,4248.786279301723
52339,6034.169102174617
19415,2892.4597018625295
79391,1871.8701854999417
38713,1382.7766336946627
17124,3854.7996445158833
87735,1069.6421375126702
49928,10925.45594615416
24481,1256.1263710175501
22312,2175.3450994236227
6607,4426.1951515431265
65976,957.7405926290828
31046,1885.4951953082066
17338,2345.25982569778
79170,5880.218159054564
68595,1182.1439957075956
40542,1352.4076556641778
87728,2726.989508804862
9959,2556.683779691393
39811,9689.030637380278
438,18251.24722111593
2957,1721.581336355326
96840,1426.6800673328219
14280,1797.3922296052297
9351,3971.2273521561633
50111,5202.131114381221
10805,1503.2339165110054
16308,2507.7640244703302
62019,1047.2671639912762
84507,4518.710142171301
60129,3314.184774295977
13943,254.6608638159312
3363,5930.780028852642
93208,263.34876786345416
37713,906.1899595036658
77097,1764.5694274840682
13426,1975.8912709851375
20515,1275.232936169591
70324,3468.5873751068625
52710,2089.5633749226904
20474,3580.9930970867763
14493,1638.4437114516088
95279,2726.989508804862
18413,366.68448383787603
67605,613.4151764164139
3174,1802.1708128338503
28772,2089.5633749226904
86286,4201.198581739532
26147,769.3514066215331
9355,834.7837155336841
70523,4727.354405274795
80254,4231.606332668739
23215,1595.2506934902062
95042,744.687813103894
41216,1617.3354089743648
68534,1188.7792081636205
94662,4526.19054167587
41497,4323.139140239835
75270,416.85663047944854
34620,2388.793817239712
11500,3939.309574535975
23092,4779.097606143964
99948,3538.3444229633787
23013,1578.606780736013
76076,2759.672252494432
73720,1423.9930822241854
43768,1150.7325146670028
57096,854.285645761967
41328,7916.4701098340365
49884,1412.2564656567815
98740,906.1899595036658
30614,501.99390676358405
17769,2357.3805355565955
33191,2602.368970339166
22272,4346.451459406384
24118,5867.687034381345
95184,2856.2833134481907
16069,1704.4945200549428
41964,1297.5072919638822
63734,3692.7535124220462
31943,1398.6314558485167
41017,4391.31880861481
83591,864.7852651759441
70657,953.485044086908
41885,577.2069171862794
6776,3169.4473022453
90809,4994.341742604931
79488,3080.684982933692
59774,1287.1278112157886
62431,4645.437860161502
48713,1704.4945200549428
35190,487.111014756489
67271,4670.192650423609
19829,1240.3681156872135
23634,4705.939892102201
91725,1595.2506934902062
3834,697.3933959455766
74676,1503.2339165110054
67756,730.5291064516555
2759,1508.4319126989863
41986,3357.7261751141277
50169,1899.366792740653
47327,675.0850923054896
94138,694.5649305567916
98314,4419.389522292529
66531,4986.4107319557215
44815,743.6931646305768
16430,1083.5927934344136
93206,2494.1390146620656
62086,1345.5896901784893
32756,2269.439751637315
10096,6628.790346888632
32022,3598.477891254338
57148,7966.088983152628
8534,2068.305569633263
82442,802.2938765018146
72926,5801.733962733557
75632,8099.02579386075
63035,6351.710938262252
9828,3714.25071891753
92056,1194.1425590152585
98132,4039.280212875326
74042,3854.3349825905443
15572,5531.939248776609
94153,2816.4868263193903
18732,3972.6696819257722
34933,18171.47033330297
56579,468.0883724791975
30941,472.3730528150543
45078,3283.564674872722
63961,1005.5162782199944
77265,2527.668110959303
3429,808.8589068391718
25190,1575.950938129338
53594,5881.312044189611
14987,4452.03821414315
85242,2821.1634299098223
60701,724.9795127538666
83056,520.3239418972463
59080,4841.783930455704
35105,5766.158139536582
7321,1200.3090304245686
90524,1647.0612510592168
14210,458.7480430067895
13844,1010.5163918694516
11771,812.6283502617655
23373,5913.7218428331125
67261,1247.5437452278227
51097,487.111014756489
54511,2029.5434494543085
69997,1517.4076022062814
80551,1604.0245431434805
63085,1197.1994841377605
4973,3893.683777553136
5136,4235.839482132822
24720,851.2068071158584
28330,2523.8893865077957
26977,9992.55719849754
68858,693.0237029398203
62601,980.5150073019073
17528,993.1824673315713
69909,1352.4076556641778
70691,2773.2972623026967
16376,822.4839166474367
59479,1522.056922507251
76840,1127.4509977895136
44621,3670.0605811486093
62009,2198.8337313460956
64574,272.5338948170973
12663,2318.4953324607195
6487,4368.38000396594
93787,724.2645354971364
65302,1871.8701854999417
81232,1711.2324208336609
97937,2871.989600971289
84407,1363.05288423775
48602,3872.664023636179
35050,10754.152133314448
16573,3033.946204671982
84959,6646.314038686955
22259,971.3656024373477
11409,2609.042066272558
48092,683.7683861373117
840,813.2062457654242
21550,1168.5189858993308
95656,1795.542481818229
2379,9926.40881993228
59730,1711.2324208336609
81534,14402.821605370164
35852,1608.0978269473603
30812,2245.8875058545045
71217,15123.208275324936
44217,1929.1819582451126
42114,2430.421565806541
40978,724.2645354971364
87867,6342.857845863331
93625,2975.7733736026216
46891,468.0883724791975
36358,11708.02843356549
35962,1856.182668191211
2397,384.08166741344934
71084,4231.606332668739
1098,308.53825756790195
59528,5757.378214283947
56340,4076.920838326032
8831,1956.455844247539
21882,3304.658099095693
56271,487.111014756489
79310,2013.2356712409778
82614,4291.659601851156
76904,3180.7242691900333
71531,3277.8581937493345
34859,506.6989320889815
25619,2260.546087813905
54565,4109.387304123502
42849,285.8793812331859
11459,254.6608638159312
74562,1282.276651060798
44964,1107.5920050939642
53947,1359.0124718649674
69033,2343.755525748331
38603,2884.913914836918
11245,2352.925273283417
29832,1517.4076022062814
95146,2302.567888580011
80127,8751.209969085881
15057,2555.630192077456
28172,1059.6374373880844
84951,2409.397689077416
49147,780.4959350894724
62135,2672.510616137251
97394,739.031909094342
22808,1747.9099624787434
35386,1595.2506934902062
71406,1870.9106057243862
97852,1425.8157048748344
7061,2953.629210455193
42232,2037.5153940959851
7201,6322.715083598818
64889,1713.9340850639883
11551,3405.4680534931995
28813,624.127750247594
50032,254.6608638159312
87871,4404.943818423076
82689,3648.6218644085347
84925,3171.2726994021973
7501,3201.053743540375
5944,4405.415765336046
27067,15028.00963736555
4972,7177.258522170184
61259,1719.9207722246417
21125,1173.0317402923852
62157,3277.8581937493345
18051,1125.0861516588357
65980,2741.9277730989716
46984,3614.8796364117684
49229,2283.0647614455797
12320,2175.3450994236227
55972,737.8895453054013
79121,1186.6840206163038
10464,1956.455844247539
71980,683.7683861373117
21693,412.2304536533653
95854,4447.6845123454605
15098,3905.244055766733
90961,1283.8822821556173
39505,5022.292952240685
31319,822.4839166474367
59258,1628.16681637323
67084,4591.1532242282765
67754,598.8927745628205
11574,1372.6374816732323
94920,2971.1859747577223
94394,971.3656024373477
25326,2889.167050798978
55916,2409.397689077416
8495,4807.098097411537
4888,1322.3037521668039
96477,945.8756423302768
20483,1816.110054092123
75664,1297.5072919638822
68409,1282.276651060798
3636,1046.0124275798196
78166,2269.439751637315
53108,3378.877461492521
10857,568.8144017292468
50768,6094.129287037524
4404,12255.70262913748
78700,1922.1659645806421
22590,2645.6287553128955
23028,6334.187246463928
91708,1858.9071058892132
19471,1345.5896901784893
87222,1606.5647829480376
96155,1754.3046452267245
85257,1010.5163918694516
1612,380.3094936461408
81697,5781.859467965533
80522,2719.806097427187
42158,5920.184518684472
91271,1426.9062128292926
55418,2538.354233838874
35056,4837.663225372193
54314,3841.2233232438302
11614,3391.843043684935
31661,6457.516446520759
35205,938.0509108739268
81968,494.83398179017547
64999,1432.4952346389964
16018,13358.530426911533
25392,2591.803885721574
56240,9993.088985226283
66638,898.4755874962051
88885,428.0389130394641
22917,4771.840676779356
81075,1363.05288423775
78545,939.8600342786432
17973,12615.783564193685
27463,5377.32563023393
78810,3844.411079348125
33828,610.5027404393292
50136,2318.4953324607195
13179,2605.4288955298384
36615,5495.089853465275
78426,6838.941102125573
24064,1091.3071654418745
29204,6388.328089923821
8070,939.8600342786432
57590,254.6608638159312
35661,822.4839166474367
66951,1684.8007763204325
50659,649.6177103546648
36629,8702.098141350458
52714,957.7405926290828
21210,5185.592995041858
4188,785.8441130112813
94213,2241.8218224748375
96254,1192.5515190049034
96524,1591.3687476691844
95754,1516.8589263192703
60495,2391.621693355456
25784,647.9368318154236
52840,4115.079740989225
21653,1110.356316934591
63800,5619.069515573579
84867,946.5716908051357
92049,4016.1929871961847
74389,2815.2953721658737
59309,6656.983484521114
86851,2276.2901584022634
94686,2409.397689077416
79341,6727.864840322211
63086,1216.4169148095496
63484,9017.11372711381
83050,1372.6374816732323
68288,10735.989144886627
82466,3854.7996445158833
61963,7953.171800243097
4417,2103.188384730955
39254,794.4759232405075
42486,2247.803111308143
48678,2306.339534575889
47845,6553.340044587154
16468,1508.4319126989863
54513,2335.7527538007685
29947,1023.6339313581484
60391,1516.8589263192703
85021,3169.4473022453
55666,10700.153777429947
98660,876.4947044410683
10825,5504.966099280966
49635,2837.0477472297925
92666,6456.769235888392
18048,2859.2466244655266
47754,2476.8630564234836
93096,3954.701809780795
59434,1182.1439957075956
17324,920.5636783794733
8891,6161.272454584074
50569,683.7683861373117
78083,1811.5340498453036
55760,815.3596127760549
51603,15731.870511005825
65799,5026.141353428186
7802,10678.738251757246
42918,2204.5042042207806
34026,3736.5997351549113
25779,3357.601885886074
21211,863.5323305969304
62066,7333.421239722656
24852,3997.112505120828
41721,3194.356928904393
96989,697.3933959455766
66838,4231.869224310003
64132,2858.364591163024
39161,8443.795943426601
67292,4793.473087603272
5702,6900.7435267872115
70201,1503.2339165110054
49193,4397.688854425335
14431,1070.839742896286
49765,1606.5647829480376
83911,912.5798190772271
63259,2269.439751637315
11863,2663.8812700342446
53231,2153.993439266774
44340,1497.8283854006195
43854,1104.724308512481
75091,2556.683779691393
4732,206.60330162899916
94815,2602.368970339166
52434,2306.339534575889
79890,914.130058374255
58511,4903.283149590394
19072,1186.6840206163038
69844,385.71461293586634
75956,3534.7060574353372
42661,3209.7502717822513
16629,3837.1104692683602
88586,1617.3354089743648
77912,2089.5633749226904
92078,993.6400799444363
5381,693.0237029398203
53136,3047.5712144802465
6566,993.6400799444363
1310,2161.720089615358
87647,1675.9544064167817
43761,1704.4945200549428
81895,3357.601885886074
58641,4391.31880861481
46694,599.7195964202706
34124,2664.090340163111
66466,6190.492240671423
38775,7269.373146369667
97584,3735.4578548419267
16656,1810.8845597425825
67432,2629.4216144916613
12205,1508.4319126989863
65508,3722.7148783361645
68811,4214.823591547797
19864,5495.554515390614
88594,5152.20676343018
5248,4481.925670144321
33027,661.025949497568
83040,9434.439034710143
76710,1376.677894046015
95489,1858.9071058892132
47441,5992.736441197686
74051,4771.544543043716
58655,6124.508944281991
35210,4888.991877628274
37352,2393.5837947178798
65161,1811.5340498453036
30662,2656.7394331381083
80485,2990.030763098424
80084,4594.443952287442
54781,6529.783249153005
85486,1970.3758325263577
29752,364.5366285507847
4500,3614.3807066096742
56923,1488.3740937370235
52460,2793.263328076097
75731,683.7683861373117
50585,4368.38000396594
88833,1247.5437452278227
63115,8031.363771221955
40598,3720.477249442465
80098,541.1218025501206
78419,2405.2467031637207
18279,4052.4133740625116
72524,4968.408301336565
66108,724.2645354971364
93640,1652.0687212598737
43085,884.8505776879402
93525,1426.6800673328219
10086,1363.05288423775
56764,2527.668110959303
14640,2859.2466244655266
64055,8592.699976535781
91097,4828.158920647438
9097,2015.9184396460437
33044,11025.192299764054
69483,2276.062980273699
63688,10545.869474112123
77615,5253.834439726582
23930,2269.439751637315
65904,509.64162812622067
2365,1546.524009784209
79598,978.5470602337518
28640,803.1295470774525
57506,767.2184264736255
56629,14482.677246847548
83561,4589.411716564629
72345,2218.129214029045
62048,2303.978783692927
781,6825.885580065924
83014,1283.8822821556173
8838,697.3933959455766
561,5250.061811019991
4166,3108.2793609956075
27490,1440.9665453529185
90238,1530.2370792663248
45462,822.2832697535359
2641,4648.68354610937
74660,1956.455844247539
74203,724.2645354971364
83577,6965.376527877994
12720,1939.5907359643309
58580,4130.038755893501
63456,1283.8822821556173
90820,7372.39224631572
71487,1083.5927934344136
18174,3614.3807066096742
80118,919.8149693119307
51139,3051.521940513814
66583,3051.0427196172636
94658,4567.917067388317
81640,590.8319269945442
86339,3996.565920528805
556,803.1295470774525
10539,2407.2088045261444
76790,798.6986008975254
2732,1398.6314558485167
27931,5708.2215551031995
6959,1186.6840206163038
87503,4916.908159398659
41234,6577.28184838367
72432,826.3318053385599
82300,202.11968315686028
54657,1423.9930822241854
27811,5463.4789953009695
14691,2476.8630564234836
60031,1689.5794162250465
33311,724.2645354971364
48013,1871.8701854999417
68244,1201.2051428418483
42726,6141.743141705093
80869,294.91324775963716
28303,3854.7996445158833
33002,1046.0124275798196
4656,2023.889073399903
53706,1620.1897927563025
5465,554.7468123583855
24473,2333.018654901394
44556,1748.8879812774483
25244,4191.649344363901
17491,739.031909094342
87426,5130.658407849627
2887,363.9547021384635
73437,4452.03821414315
10311,1461.047940570318
60500,671.1979498340032
75393,3094.654351187343
18093,7311.297725480968
25877,2572.204685982632
73868,1091.3071654418745
92244,8287.218714426348
14303,1405.8112027895706
9981,1777.8167287348806
9019,1046.0124275798196
2017,1673.2142680723919
85739,255.92921189142356
86547,568.3409253651507
52778,2511.420743686871
27229,6531.309613475959
23011,2373.2333036338223
20373,3159.1740539168845
75972,919.8149693119307
94909,1689.5794162250465
52949,5047.138583085568
70195,1694.4357761880935
73636,697.3933959455766
30457,3343.9768760778093
18064,1986.8138844044822
53459,794.1209448977372
35760,3334.5736277004357
81489,3534.7060574353372
19480,3155.8222924370352
23180,1810.4772704131476
49416,1425.8157048748344
8780,407.9424599619771
73400,3738.7297641638143
58028,645.1421054109596
1660,22955.941988617997
26347,3142.5205187944684
23859,202.11968315686028
43440,7885.897583072672
60617,885.8066863912213
25837,1369.1516238863978
74516,5880.218159054564
26563,2455.07497213327
33003,930.8028569967994
19368,1119.0307218153732
21931,1083.481657462159
79525,831.3895202089034
55210,3758.1573325970016
95508,798.6986008975254
28840,1503.8918877902781
26468,460.006139244277
23345,8044.988781030221
77473,2907.35167754192
7992,1392.1861929813058
23446,864.7852651759441
83067,1046.0124275798196
10872,2591.803885721574
83934,9718.992113032722
72401,2343.755525748331
82293,2914.4692407336283
84203,1440.9665453529185
91617,1107.5920050939642
83493,5210.40209998637
82552,8252.25711730707
79801,644.5332431078199
79520,1005.5162782199944
92376,1517.4076022062814
4692,6700.863232492519
56088,3367.1430005327647
95182,2165.609521798889
18128,500.7360245647538
27920,5544.512713533662
50220,3359.1148617778877
80235,2700.3029702927556
7926,1531.0326120145462
14652,6019.776426099412
42958,1590.119262749123
78825,2858.364591163024
91544,13192.883018521112
22372,3897.4454637879653
94927,3656.4355713403447
54315,1522.056922507251
49342,7398.327028654668
76000,876.4947044410683
28846,2316.192898388276
32182,3379.498228816209
38053,1503.8918877902781
71736,2602.368970339166
57814,724.2645354971364
20169,3830.7860695398604
11394,4733.460184549203
15501,1816.110054092123
54213,785.8441130112813
22648,1608.275967416525
65098,7022.467940746915
39152,1621.7228367556252
76123,4383.377476729453
76183,500.7360245647538
16242,3830.7860695398604
16705,3265.2382847054873
30431,4453.747459618895
32153,5893.84316886283
85407,3456.798259672507
16776,5479.151517158733
72367,1702.812144859521
56127,613.4151764164139
78543,2270.009483338094
36174,1283.8822821556173
48470,1551.4679860135905
85014,4777.650322318124
41251,559.6649968646872
35545,6171.380763474787
67463,3168.2259715588034
84637,554.7468123583855
51522,2094.2547222692906
68986,7041.069460098999
49364,1186.6840206163038
82206,1840.897131165781
97340,5168.1854969942515
84549,2591.803885721574
28519,1014.9794617601614
85000,5757.378214283947
94951,2343.755525748331
82557,962.1343900729341
71264,996.8913820611867
76063,1412.2564656567815
58112,8760.159889855991
45727,9952.044737851913
58697,962.1343900729341
56926,6201.1900018242495
86961,6202.590886156736
94546,16130.96673271363
96596,767.2184264736255
19326,1880.1281405658262
64548,4309.02461579134
56091,7437.918971395655
64942,3080.684982933692
70110,2264.533026990073
39050,1091.0992987042162
93089,607.4406824555989
99197,8696.051129221112
47050,4777.571241821011
77787,2923.912080769949
94452,6183.782503776643
20427,2177.119910070846
70141,730.5291064516555
76955,1233.9187354195578
41330,3392.2412053219714
51083,2682.867186599853
3653,4086.3721159295337
45898,1426.6800673328219
87787,1810.4772704131476
97337,1233.9187354195578
12357,957.7405926290828
58557,3662.2468742167994
86498,16671.337724938578
87430,2050.1550277462147
37609,4158.270774990813
33762,1912.9918025489178
51226,635.9927005464
73695,2430.421565806541
65794,1137.107504858738
13675,3277.8581937493345
43612,980.5150073019073
4754,1398.6314558485167
8760,1797.9090400370387
95113,3108.2793609956075
86912,2589.274065792041
23762,1318.639274143869
2898,3905.244055766733
79314,2364.0590659954014
39125,884.4286367304852
39391,458.7480430067895
84542,1440.9665453529185
79633,1248.0470330623257
87460,1159.4067304841203
5284,4941.983456023764
99036,5119.41962989633
82437,3028.535668858868
44138,9696.74995895653
20947,1531.0326120145462
34705,8872.896276468238
66977,1297.5072919638822
27087,1727.5590948722531
95612,8402.169070618947
7810,3212.601793719647
72210,900.214625936312
49513,8636.044319913808
49086,579.7294929657867
86808,2544.4064157421412
9473,671.9454816806908
37038,1503.2339165110054
47141,6176.867230863158
38474,4328.979363003231
52111,4771.544543043716
26290,1998.6323485281184
81547,1416.655629631377
43637,12546.014477354225
53962,2103.188384730955
86522,576.4087558986139
46477,649.6177103546648
54947,1595.2506934902062
475,2591.803885721574
99023,1324.2393508049947
6952,2572.204685982632
95542,1137.107504858738
57862,1188.7792081636205
52654,3001.4953780623187
60854,2103.188384730955
43154,2806.0063045818592
1615,661.4600824972248
5566,1870.9106057243862
82352,1352.4076556641778
86633,799.5812359571594
3321,1970.080854055804
25416,834.3382279454113
26413,3187.7816726462943
98036,1689.5794162250465
48941,366.68448383787603
8139,2137.5426107034364
74478,2218.129214029045
66874,995.1176241488051
94267,2597.76258770577
11792,2494.1390146620656
22819,1412.2564656567815
6920,3670.0605811486093
2580,3001.4953780623187
99008,1620.1897927563025
59350,2223.2112670307483
6095,2072.4413476165087
14908,1125.0861516588357
22699,1363.05288423775
96300,4090.6807314510124
13631,254.6608638159312
33389,7028.231907121228
74760,5100.494214366298
54678,1342.94515180877
65693,472.3730528150543
22736,5035.531531813892
49385,2736.64166270622
27377,2494.1390146620656
28971,500.7360245647538
67556,7133.447687940043
94630,1522.056922507251
87121,794.1209448977372
67055,2670.364442946373
45929,838.7937570227798
73604,520.3239418972463
1781,1984.0008423346226
7897,4696.549713716496
4638,1376.677894046015
15859,1673.2142680723919
52077,1628.16681637323
92039,978.5470602337518
32134,1440.9665453529185
52071,2420.3149098807326
16475,384.08166741344934
66087,1419.0288457032227
93549,2151.167620511701
95848,6289.94049359244
89981,2222.2920203459407
75770,962.1343900729341
91588,2541.2931207675674
78007,1315.858489299593
35547,1689.5794162250465
78129,5474.593014168996
57118,1046.0124275798196
26165,1047.2671639912762
93240,1875.4128178296812
88831,1875.4128178296812
44256,1570.2917331075294
25895,15009.11850925973
94724,716.9040966433906
3006,2260.546087813905
66340,1797.9090400370387
27717,2259.1698670007336
22208,939.8600342786432
95476,1059.6374373880844
28409,8689.898467033941
52311,15901.880342953318
83061,2871.989600971289
80819,1522.056922507251
60502,8052.032121128041
95393,2540.877792923776
44202,2204.5042042207806
86559,3553.03406137481
68888,647.9368318154236
24987,2827.2994226308733
82403,8062.174674989696
74490,1423.9930822241854
71248,1608.875703298471
74483,2632.6083731554827
38523,1845.2820960809483
58299,12039.078364476072
58487,2140.3684294585096
19968,599.4463719834233
55844,3612.1029010626025
87919,2100.0348987863454
26253,3719.004294698593
18529,586.5394403097514
80,1104.724308512481
34743,4382.0050137742055
81586,2345.761631407156
37742,724.2645354971364
36214,1318.639274143869
89524,2068.305569633263
71132,2128.176500539068
69324,4367.940820208718
68315,1200.3090304245686
20253,1398.6314558485167
37190,1984.0008423346226
6559,2768.6206587122647
42998,2541.2931207675674
54234,3335.922961453888
53761,308.53825756790195
38854,1857.2855959161213
58615,2038.4455458605603
85676,7032.388934195624
80636,1503.2339165110054
81587,798.6986008975254
51184,3155.8222924370352
60007,3590.31688901187
97972,994.8239862274153
84152,1280.0544419447258
63112,1104.724308512481
641,2068.305569633263
86968,1413.055057524557
56523,2364.0590659954014
420,509.64162812622067
56167,1831.9014253945852
68100,4016.1929871961847
809,1171.3514274851536
73332,1261.6079263613262
84322,3766.8704623057183
64496,5034.391597725998
63816,2140.3684294585096
63153,10685.768193368782
37560,2369.9620800823573
35070,1398.6314558485167
70820,988.8301400224956
15647,3483.50104958144
42032,2176.0426681461936
37465,2428.020332333591
1611,3325.72436135646
66602,1083.5927934344136
38439,576.4087558986139
18796,2858.364591163024
18619,3108.2793609956075
91377,870.8036269222204
20378,2693.5535701659574
66647,3240.6690536157785
29537,2556.683779691393
5883,1382.7766336946627
3216,4385.183325972297
92759,2455.07497213327
79851,1426.6800673328219
83716,705.8295594961323
88926,2901.91002730474
54784,1899.366792740653
33269,1608.875703298471
17870,1620.1897927563025
62983,3393.1232386244737
15232,1845.2820960809483
15935,10911.830936345894
47207,1840.897131165781
44452,2589.159288374693
82334,2923.912080769949
51993,7358.767236507454
98636,2116.138324135645
37364,932.250632522012
63078,5608.2527601514585
37814,3695.989106504624
2432,3823.3267274226328
21792,1757.3082572515887
26628,6989.57294534618
57742,780.4959350894724
52130,3924.803514318646
28318,3533.126929479651
86042,3919.3023326576117
50394,1091.0992987042162
65714,2094.2547222692906
68639,1425.8157048748344
58333,416.85663047944854
94001,3823.3267274226328
18190,10102.11143780237
75401,330.5604068990933
14099,777.3068801628684
71335,5221.067444335183
59899,694.5649305567916
3832,1133.7397754957806
30490,610.5027404393292
21464,798.6986008975254
2805,1922.1659645806421
85639,1104.724308512481
29686,1432.4952346389964
59455,576.4087558986139
67765,592.1248117421117
37999,1557.31861317071
35368,1740.6796354184596
91566,421.9452725478939
83448,295.73881062306174
10122,396.5587386155642
71433,3766.8704623057183
8815,7103.741436750863
30831,2302.567888580011
91410,1127.4509977895136
13606,2269.439751637315
21326,2971.1859747577223
64267,1392.5876349789685
25113,1912.9918025489178
32382,9918.414373436057
40894,1909.4145479339227
87966,683.7683861373117
18503,134.36838923793306
11799,2999.705046873121
65973,4671.7323385185155
96499,14879.790537903651
51241,13811.091528657424
34391,2404.7530413707204
35308,3968.3268195890596
29922,436.60819805529735
96332,3094.3099927419566
71136,2767.6722650343127
55615,6605.246466868777
223,888.0957812274014
3340,1557.31861317071
82356,1985.8523094643008
86216,1437.6180920324502
93458,1405.340685517096
75189,3384.1674679126186
21336,3367.1163534998313
86005,1265.5932478325653
35154,1970.080854055804
88112,4076.920838326032
98216,2523.8893865077957
9213,11431.066744905775
99572,962.1343900729341
30370,8705.38635092746
22575,1570.9436229789749
71024,1810.4772704131476
49738,738.6045225621315
48444,1721.581336355326
99259,2269.439751637315
78692,436.60819805529735
505,3753.2454524974537
50815,2476.8630564234836
94801,716.9040966433906
87331,1070.839742896286
67214,1956.455844247539
45301,2103.188384730955
22105,1797.9090400370387
86626,5325.207458786882
80801,4002.56797738792
34991,2859.2466244655266
17895,4235.161269493457
26395,2193.1120479556025
9327,1721.581336355326
14795,6212.17928319827
68675,2343.755525748331
58988,1880.1281405658262
43475,5312.597726449377
50262,1854.522140974046
69790,1216.4169148095496
90873,457.3301931535615
77970,1327.8859677679293
8993,4807.098097411537
16866,11124.811802340198
85722,2989.050292657145
86009,2953.629210455193
8059,2017.9470216629286
92149,15573.232862177167
59446,385.71461293586634
36538,6351.710938262252
41895,2356.3370702740926
31314,10698.596904720494
51880,2302.567888580011
93980,1922.1659645806421
12175,3714.25071891753
72725,1372.6374816732323
70487,2871.989600971289
26150,2235.5705983499274
36571,4802.407114644794
59480,1186.6840206163038
89255,6543.408258961271
17056,3343.9768760778093
26756,2622.6670760808224
74603,2204.5042042207806
13472,920.5636783794733
86193,2079.4588249273747
56152,8503.549925059597
45444,4464.92701810904
15577,1885.4951953082066
40353,3610.7875050203534
95234,2176.0426681461936
35311,1718.1195298632076
78748,647.4009396893032
12895,1902.91046518029
79164,2415.6297612266835
25753,4451.302008300774
40153,457.3301931535615
69360,1508.4319126989863
9751,1297.5072919638822
37493,1182.1439957075956
55813,2828.9203819741383
39026,1200.3090304245686
21257,2523.8893865077957
98195,2224.557514742048
58590,1797.9090400370387
28114,3037.8969307055495
40847,2045.9356700701255
68143,3375.2825300131385
31340,6804.026193604887
70485,2302.567888580011
15873,1324.2503083627635
11645,5660.49244727943
99908,4301.958164461299
76766,2518.0434879919035
5478,1777.8167287348806
82107,1361.4257742897812
91141,3033.946204671982
88088,988.8301400224956
93536,1522.056922507251
57379,1704.4945200549428
69155,6957.987822889202
44648,808.8589068391718
63440,1297.5072919638822
39946,702.0573857288239
31088,428.0389130394641
40753,15767.407822323503
83700,1233.9187354195578
68952,2407.2088045261444
24578,263.34876786345416
27047,349.45005775132023
86478,3600.7556968014096
58734,3001.4953780623187
60881,3143.315077822045
16340,1201.2051428418483
79288,1999.5568609102436
5295,5580.004038960098
98393,1503.8918877902781
18427,2986.0800370648562
10355,4765.472596335699
59127,2276.2901584022634
13608,1963.771016325568
85352,2352.925273283417
95531,6439.6888090086295
18211,6033.401435907677
56658,3523.7367510939466
44491,1689.5794162250465
24869,2244.5852774169134
87583,1721.581336355326
2808,1956.455844247539
82846,817.9115293644196
95693,3180.9689480645657
71439,2335.7527538007685
77954,2089.5633749226904
61419,1695.5364411150579
45208,699.1650172401212
74250,971.3656024373477
81450,1449.078528014956
70002,12593.814318107168
91804,5624.239917439888
10154,885.8066863912213
17992,2856.2833134481907
16483,7867.597424548325
28748,479.2992767809156
4661,1503.8918877902781
53134,5022.292952240685
521,799.4691228195461
98286,26885.44584374899
15943,3405.4680534931995
10234,3291.0330892874285
54556,1956.455844247539
7669,1819.0549604216096
25059,1372.6374816732323
44026,2405.283559864582
99346,3776.6823489552366
37964,1426.6800673328219
21460,3379.498228816209
22366,4412.570141734861
53024,137.85275349937254
93975,2393.5837947178798
72100,3032.8188153265664
18471,1503.2339165110054
21421,945.8756423302768
72835,1579.9295220881775
13355,1590.4091678936288
65163,2749.176689837399
63483,777.3068801628684
19518,4467.3724694271605
98467,1318.639274143869
29909,1797.9090400370387
74673,2335.7527538007685
8271,919.8149693119307
57494,1361.4257742897812
8079,1984.0008423346226
39460,3028.1316601837875
69003,1186.6840206163038
96888,3357.601885886074
47579,600.7784355790566
28398,5007.966752413196
18756,884.8505776879402
12850,975.2051302142307
20656,1188.7792081636205
93131,5881.312044189611
4248,1823.0545312485149
1655,1240.3681156872135
22546,884.4286367304852
89108,1754.3046452267245
22116,10970.139119815412
68865,4515.2386370342865
83921,938.0509108739268
65804,1156.3278918380117
5816,2490.4880662317482
48743,441.6639228477289
81074,4793.473087603272
45632,2768.6206587122647
32679,1999.5568609102436
94144,3803.5412529312625
44601,2954.268313885905
29382,663.8507031798365
47173,1046.0124275798196
37001,2815.2953721658737
78530,1810.4772704131476
24224,1797.9090400370387
26775,4309.02461579134
74654,3217.3134698524254
55154,1363.05288423775
84466,1315.858489299593
92631,1023.6339313581484
29229,254.6608638159312
71123,1119.0307218153732
20554,14971.98268624075
16615,4677.80640579464
94241,3558.862581178935
45493,363.075067559585
49925,2146.242977050042
56141,2244.5852774169134
93936,1342.94515180877
45026,3180.9689480645657
17618,1188.7792081636205
62914,576.4087558986139
86439,1935.6027114663852
85848,3903.229151596835
44739,21155.64710121888
52818,1856.182668191211
80554,1759.9665054591417
87291,506.6989320889815
74380,500.7360245647538
34928,12114.682308923417
78137,9473.33298268495
99978,1530.2370792663248
7157,3159.1740539168845
43240,1604.9937574774492
13335,5298.972716641111
10020,1704.4945200549428
73213,8784.310918972289
49675,1192.5515190049034
20894,2806.0063045818592
61437,304.91311261893736
66937,3132.8581015829077
50258,2989.050292657145
85784,2386.9286782690565
31783,1283.8822821556173
55085,815.9188863100794
41344,394.3174501537123
30994,456.9070356391873
12259,671.9454816806908
33129,2793.8980086990496
2458,4659.633693033203
75019,2420.3149098807326
20811,1205.9489473790852
59059,349.45005775132023
41957,1777.8167287348806
43431,815.3596127760549
1832,14167.268805292593
90665,1480.9909094889972
22900,11587.69936304904
66166,3546.751939287916
4024,5503.090153361224
68749,14825.03209090719
43266,4452.809986030202
40113,1673.2142680723919
1606,2124.799634197674
82696,277.05857630296134
74725,938.0509108739268
97080,2140.3684294585096
80145,4719.564901910467
61979,1624.538236006704
21010,2504.418478183639
6824,460.006139244277
54897,4788.817818187338
6565,6176.867230863158
31940,737.8895453054013
3826,2428.020332333591
82638,6507.5800028259955
61865,1216.4169148095496
47480,14879.790537903651
40804,884.4286367304852
56910,4589.591497972398
56396,2324.1563260093885
26179,782.976416429798
18890,1322.3037521668039
82617,1970.080854055804
69065,4439.939568657837
22720,975.2051302142307
75162,1488.3740937370235
24496,2670.364442946373
88070,2416.8431309551006
85768,738.6045225621315
77880,2754.995648904
89074,468.0883724791975
24856,630.7877652063389
54968,4381.337649584398
94164,1880.1281405658262
60679,8265.882127115336
81527,2165.609521798889
2787,962.1343900729341
61667,2759.6568509001886
94362,3438.024356333859
12926,2223.2112670307483
60267,2746.031841091924
52640,8065.258481604415
43512,1070.839742896286
34927,11883.88557378517
37820,1240.3681156872135
108,817.9115293644196
84877,3903.229151596835
59628,2540.877792923776
85782,1704.4945200549428
78836,822.2832697535359
34959,5505.158142129651
3239,2232.500685960043
47530,1899.366792740653
3977,908.6349019104523
18308,1746.3414956508768
4145,2524.729224030609
26631,4764.025312509859
95605,5640.583578554511
44525,2094.2547222692906
80083,4995.507498991127
90280,3120.5919742349142
10826,1390.4153563929049
35174,724.2645354971364
3593,2554.5028027320404
10863,222.03244665487495
36695,1261.6079263613262
15785,2591.803885721574
43048,1069.8566476538942
7900,1295.9016608690629
58319,4426.1951515431265
66716,799.5812359571594
43624,879.4572507591653
5931,3277.8581937493345
31757,3094.654351187343
2903,975.2051302142307
69526,1695.5364411150579
46376,1376.677894046015
99934,3203.688460044161
60937,1576.4625371305917
6453,2063.7846072531684
71819,5964.774042772121
60922,468.42641521841716
54969,7054.694469907265
42646,3971.2273521561633
70283,4531.046965852659
21324,1297.5072919638822
34603,5298.57406730922
97341,1503.2339165110054
78147,13510.926377311127
51090,2630.7041085514347
83108,1083.5927934344136
28563,725.9661728201017
86527,2733.4311072354517
96944,1247.5437452278227
48530,10186.990224643394
72531,1759.9665054591417
33994,500.50228860410164
97725,5586.854534417096
2172,884.8505776879402
74399,2827.2994226308733
28147,2428.020332333591
41689,3720.477249442465
5455,4148.840295158365
77479,2111.9068933839226
5532,3405.866215130236
95362,1119.0307218153732
56337,223.04778850932954
89623,5312.597726449377
68150,2316.192898388276
60947,3786.59593177094
32009,3151.7353537961853
84026,677.4757129881013
47466,2759.672252494432
89656,1608.875703298471
81892,1698.4257861286974
14635,2901.91002730474
39258,606.007176099837
464,1050.4823576808924
52341,1764.5694274840682
69855,3392.2412053219714
35140,2741.779254290863
15287,3392.2412053219714
66238,748.690649635256
53957,2269.439751637315
54285,6498.573126471057
22683,1104.9321752501394
40331,487.111014756489
71615,993.6400799444363
32320,2343.755525748331
27021,4631.812850353236
51068,1508.4319126989863
21315,3705.3792848903286
74542,2753.437881834183
8378,2510.264376699531
85760,2750.3480490731117
64830,1182.1439957075956
74066,2124.799634197674
24207,2494.1390146620656
28865,1413.055057524557
76360,3545.964773857395
47422,363.075067559585
62872,2605.4288955298384
26465,6456.769235888392
90250,325.02466643362317
45565,3580.9930970867763
74640,2741.419737773083
91215,683.7683861373117
81543,3723.4420290715684
86265,3240.6690536157785
85368,3662.2468742167994
73039,3405.4680534931995
8747,1192.5515190049034
81247,1156.3278918380117
74208,1503.8918877902781
57901,1810.8845597425825
11075,2013.1818707185084
1341,1595.2506934902062
654,2081.9305794415277
10235,1261.6079263613262
84007,9315.40300011078
57945,1426.9062128292926
84464,4658.10732871025
75940,1423.9930822241854
79005,1880.1281405658262
6454,4439.184976221936
73978,2198.8337313460956
57358,893.0822605674301
9685,996.8913820611867
60189,912.5798190772271
71117,1899.366792740653
79171,8252.25711730707
82059,3558.218250158485
1678,1885.4951953082066
55112,4994.341742604931
50403,4271.393036500644
99399,3945.3116313950904
16082,1212.1602005233958
55164,6443.8914367124935
51510,2591.803885721574
89583,919.8149693119307
49568,799.5812359571594
24631,1638.4437114516088
24469,2064.040725776797
92589,9004.27923945408
99871,1797.9090400370387
53493,822.4839166474367
59157,1747.9099624787434
54091,885.8066863912213
83531,1606.5647829480376
14071,4002.56797738792
67318,4223.5268688935175
79590,1322.3037521668039
9391,1522.056922507251
31366,4271.393036500644
1338,1840.897131165781
36163,994.8239862274153
39916,1871.8701854999417
56983,3095.725367270248
64426,5624.555859814878
30825,862.8696946328034
69014,774.3162763995055
14678,2999.705046873121
81059,2882.747854654099
46789,2718.2306105534985
18947,18748.787131107412
53075,1490.2668779820133
20628,658.0177937234838
74468,1200.3090304245686
24929,836.080252288347
42121,1562.3259283210732
17427,3545.964773857395
48336,2682.6201008252797
28807,4589.411716564629
90872,4828.158920647438
86171,1740.6796354184596
97671,1392.1861929813058
52500,296.70141968157617
15631,3516.453542713988
9688,1169.9529016462766
52797,1899.366792740653
21183,1426.9062128292926
97635,8786.291527159992
4531,187.889649752289
55775,813.2062457654242
52677,661.4600824972248
65474,1069.9677836261487
53783,3299.4794425043483
15381,2975.5624693337368
9913,1200.3090304245686
47740,1576.784158085364
74323,6732.511689158043
51355,14090.272254500807
7706,487.111014756489
74612,576.4087558986139
70470,10183.819084630997
93878,3424.920735142893
74540,3300.5597644877125
34542,569.8199234514998
41003,1096.8394225497161
63912,1525.183715332589
17032,1570.978344105541
62203,6351.710938262252
90611,9312.605474335745
92356,2140.3684294585096
46668,3094.654351187343
53111,2764.2018017559676
51824,644.5332431078199
9154,1574.0207031432885
78795,2364.0590659954014
7956,481.2089719819107
59148,2161.720089615358
31929,2201.8596068739
44312,5047.138583085568
21587,4143.6284619223625
68578,1888.763298772907
86488,3341.8962984014624
93854,8896.42146774007
81810,2898.5389246451828
63453,1704.4945200549428
58887,1718.1195298632076
57175,4235.839482132822
82616,310.438056068407
64954,1382.7766336946627
30517,815.3596127760549
58905,975.759399881199
17989,1516.8589263192703
10030,2567.0438633583126
8608,6863.4385882825045
73575,3720.477249442465
96878,4323.139140239835
90071,1426.6800673328219
9676,3614.3807066096742
76837,5060.763592893833
61994,2759.672252494432
73768,3375.7471919384784
26601,36350.89317767626
79549,2958.44299825196
34055,1836.9087405449484
60457,1574.0207031432885
93255,697.3933959455766
57736,3745.054163892314
1835,610.5027404393292
71901,1214.8301526501132
66210,2013.1818707185084
15970,7526.343189435773
67416,1831.9014253945852
68706,10475.311184078668
14619,2663.8812700342446
38002,2430.421565806541
86381,468.42641521841716
29492,2418.9085696728466
9600,4206.136942597937
10296,1938.7152317952985
7123,330.5604068990933
24934,971.0760281220028
52853,1240.3681156872135
31576,3752.354773972079
54210,794.4759232405075
84428,2793.8980086990496
615,6887.118516978946
77350,1010.5163918694516
37222,3194.921741056681
99866,2719.806097427187
15762,1273.5028014075237
65729,7416.189290040436
41853,927.7550681825198
718,308.53825756790195
16328,1247.5437452278227
49467,3251.6132748972227
99330,4807.098097411537
56114,5757.378214283947
26268,1363.05288423775
49176,3800.2209415792045
5956,3186.710656563389
47393,3535.626563327204
9660,6865.18997241939
37619,1405.8112027895706
67650,1689.5794162250465
69396,1069.6421375126702
52222,3190.4784207499533
7335,1754.3046452267245
47075,5718.843521142915
34582,1186.6840206163038
55689,1046.0124275798196
27622,3580.9930970867763
73141,7485.220892138737
43032,5410.722059387911
48850,847.9632377536761
39433,1811.5340498453036
40046,1214.8301526501132
58403,2161.720089615358
96427,4531.046965852659
82310,966.8899974936425
90648,971.0760281220028
19128,1595.2506934902062
74046,902.9764378402216
13899,6720.413043672729
88053,1127.4509977895136
74147,671.1979498340032
35855,3217.3134698524254
61018,4640.231469848412
29184,6960.9952064349745
35524,3905.244055766733
8502,1440.9665453529185
3426,5421.80342273041
453,2827.2994226308733
36608,7222.951430226813
44352,8907.77293745877
3696,1287.1278112157886
85353,2719.806097427187
87046,3367.1163534998313
95870,884.4286367304852
9670,1697.8404648358671
33184,5652.860224753483
11526,5241.735794241269
733,3108.2793609956075
8791,5237.375197995306
95189,834.3382279454113
68929,2091.4499840668955
88230,3738.7297641638143
68834,599.7195964202706
28709,294.91324775963716
24539,1608.875703298471
87809,8065.258481604415
53148,912.6378222798264
40580,9544.199840061277
23961,2845.621614657262
13163,1273.5028014075237
44913,2391.621693355456
22250,2497.521400193769
93405,1490.2668779820133
59335,1422.8015106359455
35084,4200.920111694597
77274,1283.8822821556173
46613,694.5649305567916
80395,2856.2833134481907
73404,1104.9321752501394
17602,3267.0370399298054
75462,5781.859467965533
98582,2494.178256178614
64931,3037.8969307055495
97487,737.8895453054013
98006,3343.9768760778093
36203,779.0780852362445
6779,11323.969092090807
36017,671.1979498340032
40727,2393.5837947178798
21318,1718.1195298632076
20123,4495.5506799525865
48669,610.5027404393292
67745,3662.2468742167994
97932,1492.6737809798703
34972,577.2069171862794
7781,1091.0992987042162
64705,2980.6300166830047
58630,738.6045225621315
92517,1684.8007763204325
15960,1603.419870050225
60629,1638.4437114516088
54206,4623.103271228706
24397,6577.348232309554
72640,1871.8701854999417
64556,4254.395154030337
28682,5961.441725916759
50750,3634.5070267807905
82759,2393.5837947178798
96110,2327.465112389405
27513,2605.4288955298384
93129,6082.712053349995
40133,1104.9321752501394
38227,1673.2142680723919
98727,2504.418478183639
53430,5171.256515666829
61717,1718.1195298632076
90234,2236.4492062515365
64773,5652.860224753483
4572,782.976416429798
18304,871.7362269030609
20384,780.4959350894724
97733,421.9452725478939
75454,6176.867230863158
94029,2746.031841091924
60799,9301.777990302515
57036,3339.8829187408055
21955,1201.2051428418483
74388,8623.91009921773
5840,2175.3450994236227
89770,737.8895453054013
1006,5037.0693269949015
56554,2303.39571494977
14424,599.7195964202706
94810,414.0775846855659
33139,4793.473087603272
76613,5475.577640786282
48122,17684.641846273662
88532,6931.308654747867
69815,3270.82169836696
36960,3200.3356663716536
72315,971.3656024373477
42488,1870.9106057243862
35832,6205.464026202029
41732,6715.555286966175
75513,2349.1785071643094
59690,3655.345958024888
70187,2795.4218981012596
74136,8468.634074525635
98186,10006.713995034548
90462,1488.3740937370235
17684,938.0509108739268
75352,2198.8337313460956
6373,5762.203703271512
31201,3862.7552585646845
72983,3972.6696819257722
35322,576.4087558986139
70294,294.91324775963716
68000,4865.481891832287
16590,2702.1760495450703
15908,10115.441413231116
93719,11110.795728247344
30656,1858.9071058892132
43970,3094.654351187343
5244,1092.191282217618
36534,1283.8822821556173
29754,6136.607589767304
72439,1286.7251805560372
84500,3753.2454524974537
92818,3094.3099927419566
67748,1845.2820960809483
76698,993.3701649312036
67075,7768.811089870084
65254,2656.7394331381083
59065,2217.8614329549077
93899,1091.3071654418745
44923,647.1494883010668
12025,1570.978344105541
24734,927.7550681825198
16025,2090.803832441726
96876,2609.042066272558
7446,724.2645354971364
23869,1318.639274143869
68357,1295.9016608690629
55019,4575.966488164133
87783,3299.4794425043483
53176,314.65201738085733
7864,15793.642204940812
40970,822.4839166474367
33446,1359.0124718649674
49220,545.5891597284981
37535,6493.9742993053915
3628,4807.098097411537
48959,1283.8822821556173
95900,1104.724308512481
4578,1628.16681637323
15823,1517.4076022062814
68265,971.3656024373477
87652,975.2051302142307
47364,782.976416429798
72629,7067.329005611566
34996,1917.999117699281
2142,523.2666379344855
41719,2116.138324135645
86064,2663.8812700342446
16915,7117.017175353612
2991,254.6608638159312
75726,2428.020332333591
31588,1046.0124275798196
27049,586.5394403097514
13630,1352.4076556641778
43649,2161.720089615358
91754,4038.788364254247
45714,1503.2339165110054
177,7513.8269026140315
76335,1197.1994841377605
64091,4382.0050137742055
41696,3544.0468393013443
77952,599.7195964202706
69094,545.3252128153337
79639,1069.8566476538942
59706,2922.4019957766654
16892,2245.8875058545045
80397,2391.621693355456
27838,5208.999307236368
98818,8580.428647396975
81279,3362.0509419031023
68767,2064.040725776797
6770,1519.2302248569304
74653,3156.145528602733
47651,7391.541826513831
68933,996.8913820611867
35541,4394.962659392663
92600,7124.900235589017
59647,1508.4319126989863
30272,1709.1614509233227
45574,1045.197996270626
12719,3893.683777553136
19869,2283.0647614455797
9393,1508.4319126989863
96584,2153.993439266774
78677,1301.68625654033
96411,380.3094936461408
62291,1938.7152317952985
20186,5618.8655744717735
92207,2031.8670099417484
51587,2490.4880662317482
27120,3766.8704623057183
14887,5356.082057501274
49540,8029.403569890928
86958,1985.8523094643008
63662,1652.0687212598737
85351,2089.5633749226904
86348,2190.694178374227
8096,5191.020270114955
75369,1345.5896901784893
80887,1740.6796354184596
64279,7191.262835517229
62034,1570.9436229789749
16093,1023.6339313581484
96866,1503.8918877902781
83329,4397.688854425335
21070,1875.4128178296812
76038,9553.656913159908
19670,5050.694336803167
44941,3003.6557729066885
1579,794.4759232405075
87224,5020.766587917732
71505,21628.712391660745
49252,10358.937361467477
85180,932.250632522012
43468,1137.107504858738
86591,1715.5017496657722
9861,812.6283502617655
53860,8644.578449123817
41697,2102.51331432738
40963,1416.655629631377
31089,2947.8554723453044
1879,1811.5340498453036
12207,1137.6667783927624
17081,458.7480430067895
1061,1091.0992987042162
93688,1927.994308172951
79656,1323.6496949096402
91926,1297.5072919638822
73634,1137.107504858738
83893,6671.365149197254
38082,1840.897131165781
83762,2524.729224030609
58149,939.8600342786432
94010,3405.4680534931995
68377,3714.25071891753
56317,2283.0647614455797
8400,1216.4169148095496
2470,295.73881062306174
51431,1516.8589263192703
1779,1721.581336355326
13505,2940.0042006469284
83111,683.7683861373117
88845,3582.572225042463
43541,5718.843521142915
92776,2541.2931207675674
46915,697.3933959455766
6671,610.5027404393292
31330,630.908233299555
3038,17600.30065041966
37135,1125.0861516588357
3651,6492.322790256214
73067,15882.100105555883
75511,957.7405926290828
96071,1929.1819582451126
43020,15053.36019161361
64108,724.9795127538666
2155,2986.0800370648562
65426,4771.544543043716
38423,4447.6845123454605
36907,7984.873723537626
8560,1854.5123343120526
25370,2807.5384201015577
3526,4192.511932789672
42332,5215.757738477719
42080,2103.188384730955
65690,2102.51331432738
18904,862.8696946328034
46007,862.8696946328034
14616,1970.3758325263577
99414,922.8018077224905
17152,4778.6989568120725
54282,1516.8589263192703
53966,7096.088817801339
10729,2876.786549581264
69467,971.3656024373477
28310,663.8507031798365
17229,769.3514066215331
94017,599.7195964202706
4180,2343.755525748331
73440,2850.672757038057
68699,3905.244055766733
69839,993.6400799444363
84742,2835.3459244148007
99850,2364.0590659954014
47551,3857.5678852214933
59989,3533.126929479651
23685,3738.7297641638143
86428,744.687813103894
52196,3029.01369348629
51790,2349.1785071643094
20293,2081.9305794415277
46176,20133.576601036668
51305,8826.055865916329
78171,5227.712135101112
36421,1275.232936169591
24091,1503.2339165110054
69206,2588.7439605309014
75830,2089.5633749226904
14483,2455.07497213327
34809,2591.803885721574
36435,1275.232936169591
52297,1628.16681637323
21507,1632.9691331806537
20645,2971.1859747577223
45678,4090.5458481342966
27747,3375.2825300131385
37648,3790.536855446686
24922,468.0883724791975
1697,888.0957812274014
94896,2670.124210094091
58562,7292.648554178977
23780,1127.4509977895136
38235,1372.6374816732323
36619,1188.7792081636205
34133,660.5448719767078
60962,3905.244055766733
91346,1169.9529016462766
14373,1508.4319126989863
20000,2524.3385183755063
42633,1608.0978269473603
15370,3786.59593177094
20601,3023.4286369408624
79755,1150.7325146670028
72278,545.3252128153337
73879,4417.060850501914
41171,975.759399881199
43887,2572.0156891144757
52622,4044.43208813593
5333,2990.030763098424
7703,803.1295470774525
59312,325.7798316312261
83308,2316.192898388276
35296,1871.8701854999417
53273,3198.9767839113824
33031,831.3895202089034
87159,1419.0288457032227
73546,996.8913820611867
62410,4191.649344363901
11999,3709.0898685279
38611,1019.1412880282593
61860,3941.549945160262
83484,4995.507498991127
17256,2837.0477472297925
68884,9009.088312042575
33132,7345.5910851953195
43134,1273.5028014075237
74836,2475.8864999407165
90043,1638.4437114516088
11678,1522.056922507251
66586,4495.492146069695
54461,2476.8630564234836
44078,2510.1652579432803
58633,1033.66156113376
73870,920.5636783794733
80421,457.3301931535615
26519,1620.1897927563025
81276,11707.37536682318
52523,2272.794876808998
67902,1171.3514274851536
63328,412.2304536533653
53118,2460.2027436132353
36393,2000.840202287195
21322,702.0573857288239
63489,4526.976865833196
2317,3546.751939287916
97797,394.3174501537123
45773,3098.5659464442056
92673,3695.989106504624
3483,1192.5515190049034
96826,3771.479785317238
16685,6156.198880957071
65355,541.1218025501206
19295,794.4759232405075
82644,4539.7408177215075
32115,9469.353943230832
37977,2476.8630564234836
82414,769.3514066215331
46640,876.4947044410683
23578,1405.8112027895706
82030,4595.200811251614
67334,2416.8431309551006
63346,12717.02127727576
92186,3770.8354542967886
93928,4170.583388230116
41718,2439.3172150967116
61443,971.0760281220028
90438,17575.899446316867
92575,1704.4945200549428
28711,1673.2142680723919
45021,327.4075653051558
82071,458.7480430067895
12630,7846.038190647097
73839,2624.3386166092096
5632,1005.5162782199944
29591,1278.6397979906017
16675,185.17813973481103
74948,2591.803885721574
28109,1858.9071058892132
21661,2089.5633749226904
90047,1426.6800673328219
42868,2583.6708128134205
31067,9351.59707938442
90737,7417.935236189503
51353,4464.92701810904
15974,4223.5268688935175
57367,1990.212072553978
91044,4334.1388461670795
78750,2954.268313885905
83439,3823.3267274226328
13481,1398.6314558485167
4813,1831.9014253945852
42415,2104.428842249991
18688,966.8899974936425
94207,798.6986008975254
81498,1113.0496656152966
27048,2928.8236910720266
3094,2015.9184396460437
24839,6033.5423187266715
89553,2999.705046873121
22123,2856.2833134481907
739,1386.1381697701727
36441,2151.167620511701
20855,2507.7640244703302
56817,3206.399686167338
42073,831.3895202089034
82847,1014.9794617601614
97881,6141.743141705093
41343,2457.906090118366
70211,4381.337649584398
48321,4394.962659392663
55091,1306.6357570378905
44977,6636.230970550844
84295,1186.6840206163038
90788,24551.155326461685
53086,1398.6314558485167
83887,1342.94515180877
16829,4713.114309754532
99000,3504.6644272796325
17146,1186.6840206163038
78649,1810.4772704131476
27328,26001.982298742416
1588,1885.4951953082066
80202,29073.16239060118
14216,1426.9062128292926
22556,7526.343189435773
69768,1590.4091678936288
65967,845.0145300171682
91067,1902.91046518029
56236,3405.4680534931995
14582,1938.7152317952985
14715,1316.6958193689263
23235,4214.823591547797
84625,3720.477249442465
24896,1810.4772704131476
86647,641.2508499122597
86600,649.6177103546648
93909,1845.2820960809483
66731,2357.3805355565955
6270,3405.866215130236
25162,1007.28933971949
89932,2353.68010167192
69011,4861.519464112126
91814,1061.0287416119802
9100,1019.1412880282593
14195,684.8229596422681
60849,11860.449117056523
79001,1050.4823576808924
18488,4203.902102191384
14919,2081.9305794415277
57271,5938.033306631751
86927,8577.029567835552
48082,1251.1739067978012
59593,1275.232936169591
92638,3080.684982933692
15556,17951.15934767839
44645,1173.0317402923852
38908,2140.3684294585096
80714,357.31388536629134
89988,862.8696946328034
96076,7698.819453729616
15695,1150.7325146670028
78181,2094.2547222692906
32097,2504.418478183639
42212,4439.184976221936
59285,2821.1634299098223
64789,363.9547021384635
96311,5037.0693269949015
79100,2081.9305794415277
44652,4109.387304123502
3132,14970.767789797488
87512,822.4839166474367
96027,1323.6496949096402
46924,4439.939568657837
48371,2291.4969656447756
35699,1599.8556914423846
76021,1939.5907359643309
31329,932.250632522012
52009,2311.873594086104
73083,4970.9506446664245
71951,2103.188384730955
46898,1984.0008423346226
98246,1125.0861516588357
2964,8418.254146086758
752,2747.555730494134
99681,10918.776969138584
87092,738.6045225621315
7075,2541.2931207675674
25852,1811.5340498453036
26077,1754.3046452267245
7287,3082.08706847447
91008,3738.7297641638143
90528,523.2540542407542
11248,3278.0413209822723
62454,3493.606487276229
18671,1922.1659645806421
83918,5008.667942432419
36312,8682.993384492545
66237,2928.8236910720266
93656,215.7446929651251
73497,1322.3037521668039
79834,1854.522140974046
33076,5273.853302330733
18562,3438.024356333859
24600,2260.546087813905
45405,17639.592027051312
31845,939.8600342786432
51872,2524.729224030609
53184,1747.9099624787434
76308,1569.9230901143767
99800,1757.3082572515887
37111,2024.972940705301
51397,1700.730553749373
88665,1608.0978269473603
4577,4002.56797738792
60076,4396.491113626063
27691,6051.513083081976
86425,3859.0390138279145
64527,794.4759232405075
95026,1880.1281405658262
78184,7253.428957529645
12074,2364.0590659954014
44204,7147.072697748308
74436,1186.6840206163038
56121,6188.96587634847
11738,765.4530754279797
46399,1530.2370792663248
61630,592.3821662915722
30142,3535.626563327204
22309,13350.317839611098
21366,2741.779254290863
83171,3449.65819126212
49189,365.9544784040127
90461,834.7837155336841
70556,2663.8812700342446
19071,1422.8015106359455
88744,1485.9982246393604
93460,1503.8918877902781
94088,610.5027404393292
77345,953.485044086908
81080,4653.716492412461
67308,3662.2468742167994
41522,2677.5062798425092
47707,5801.568352052868
62918,1351.7190014620444
15933,5157.75056035913
76143,9345.968128071432
99852,3198.8986967240935
61786,780.4959350894724
68562,4956.3096558512525
43146,1332.0699708837801
48367,1282.276651060798
56501,822.4839166474367
21933,3343.9768760778093
84012,1720.3793479311992
23710,2161.720089615358
66352,10678.738251757246
70572,6141.743141705093
51126,443.7051833452967
95984,993.3701649312036
74076,3542.4507214047444
79353,3357.601885886074
18644,737.0139280227551
89792,509.64162812622067
32521,1318.639274143869
38122,2556.683779691393
63892,4727.354405274795
32419,2259.1698670007336
90866,3874.6644001667755
36591,661.4600824972248
9452,13321.97499310349
9315,3405.866215130236
21974,1361.4257742897812
67122,1516.8589263192703
43235,6294.454592269421
28699,435.5702823561587
7700,2541.2931207675674
32915,3243.303418494883
4016,1091.3071654418745
9369,1746.3414956508768
49204,671.1979498340032
21246,738.6045225621315
26069,3198.9767839113824
683,2357.219103576595
67694,2224.080409985903
96476,2061.1018388481034
74684,4645.437860161502
84536,8984.433377949797
36294,2343.755525748331
50018,2955.1503471884075
82650,3277.8581937493345
66091,1747.9099624787434
83233,1110.356316934591
46953,1338.782645855913
98232,603.4809837318005
49881,2260.546087813905
28452,3752.4453716215385
28308,2116.138324135645
94278,5598.614812950913
95742,3610.5765367396507
46685,1192.5515190049034
24500,3504.6644272796325
82023,2656.7394331381083
28740,1604.0245431434805
45836,885.8066863912213
2105,993.3701649312036
51913,534.1750367576163
2955,592.3821662915722
17495,396.5587386155642
53377,1119.9526406684083
92847,4328.979363003231
65228,314.65201738085733
41361,5246.221466997842
4534,6820.999834650469
37168,2779.791401236963
49481,1508.4319126989863
72846,5276.694495169276
12597,6105.397467085355
65732,2068.305569633263
41004,988.8301400224956
39571,1797.9090400370387
92425,3391.843043684935
28491,938.0509108739268
22660,1652.0687212598737
97853,928.7976506974045
63428,1091.3071654418745
77870,1359.0124718649674
39091,1704.4945200549428
39174,1606.5647829480376
25579,5023.509361990518
44721,2407.2088045261444
74980,386.74049354629454
16163,2269.439751637315
73212,599.7195964202706
21917,2328.7821023096376
55484,2793.263328076097
16188,2682.6201008252797
58217,4439.184976221936
99980,1810.4772704131476
15328,3695.989106504624
633,1323.6496949096402
61903,2013.2356712409778
29381,730.5291064516555
4481,477.74903748388766
12197,11650.92197193647
88573,1516.8589263192703
28099,19988.285795776115
72476,2504.418478183639
77864,3830.7860695398604
52110,870.8036269222204
2443,2464.709298562226
13711,2068.305569633263
18517,2589.274065792041
70491,4090.5458481342966
22079,4090.5458481342966
40835,5638.180869623144
95761,1119.0307218153732
65703,4807.098097411537
66855,7641.508838607848
68252,986.6973481746649
89336,3614.3807066096742
74584,3339.8829187408055
38314,616.6611398423199
5851,3624.2015465479153
70996,1318.639274143869
83053,3405.4680534931995
37851,1342.94515180877
67584,2541.2931207675674
60948,1091.3071654418745
62560,2609.92409957506
50207,2385.3554229602155
8409,1632.9691331806537
4938,1091.3071654418745
87053,1330.3208291771912
56624,1422.8015106359455
83739,1364.6401006923227
28713,1186.6840206163038
71740,1169.9529016462766
29241,1412.2564656567815
29996,2464.709298562226
75081,1620.1897927563025
66439,4733.460184549203
27176,798.6986008975254
56033,2356.3370702740926
23790,7894.578108976048
22585,2884.913914836918
43613,1104.724308512481
4057,5421.515768002851
57512,1413.055057524557
56276,10243.399302035561
95694,176.0878872597577
4300,3971.2273521561633
5104,590.8319269945442
34183,4649.62164823412
52887,2556.683779691393
94405,2316.192898388276
50222,610.5027404393292
75491,590.8319269945442
15090,1133.7397754957806
90218,932.250632522012
92279,4892.366359938127
95840,3151.7353537961853
84492,912.5798190772271
78940,2102.51331432738
28994,769.3514066215331
6577,3971.2273521561633
88055,3076.4018364659937
15334,1090.8624169561906
9957,1137.107504858738
30067,1069.8566476538942
95631,3896.394256374985
61399,1503.2339165110054
27909,3752.354773972079
7288,2970.268163383791
93275,2018.2420001334835
33116,1046.0124275798196
77279,1740.6796354184596
6041,3357.601885886074
39742,5394.849322032253
13548,812.6283502617655
93963,568.3409253651507
76989,2228.196812666573
18469,3267.0370399298054
73738,1620.1897927563025
78667,1481.5884623676745
18929,468.0883724791975
24281,1704.4945200549428
49267,1620.1897927563025
57224,4578.913133459785
60170,1273.5028014075237
73204,5496.361664833297
3913,396.5587386155642
70179,2768.6206587122647
72225,2393.5837947178798
18766,2544.4064157421412
5083,5270.665418816067
56225,240.2041280931805
74110,996.8913820611867
15565,5880.218159054564
95286,1150.7325146670028
80050,1426.6800673328219
98256,2795.4218981012596
2345,943.1020952097509
444,3142.5205187944684
46922,2976.689858679152
69022,16233.85292301422
18547,5881.312044189611
99553,3367.1430005327647
67413,1010.5163918694516
34578,3721.832845033662
95267,1570.978344105541
87998,6430.0871320989345
19474,2283.0647614455797
45294,1845.2820960809483
64475,938.0509108739268
11338,2718.2306105534985
68130,3789.425325460999
64151,1740.6796354184596
37443,1316.6958193689263
67742,2596.2990897667955
92926,1224.555101330897
10750,1752.3606876620686
87948,744.687813103894
11244,986.6973481746649
1898,4010.1909303370694
86661,1503.2339165110054
48858,4214.823591547797
98354,2674.1504869691043
75869,2137.5426107034364
60526,1935.6027114663852
39681,1124.0417685844975
29966,683.7683861373117
13416,3490.478255356253
56881,2797.0428574445245
49486,3357.875031965533
80047,2474.759110595301
85568,2137.5426107034364
76010,5477.682355417669
67054,10925.45594615416
21496,15773.48316614383
31718,1503.2339165110054
20125,1930.5468067783613
66562,2510.1652579432803
66923,884.4286367304852
36913,1984.0008423346226
57227,1398.6314558485167
18858,1709.1614509233227
7216,2497.521400193769
93913,324.06306587667177
10881,5718.843521142915
51416,3752.354773972079
66290,11929.261612008962
97688,2653.295063136964
23795,1423.9930822241854
53326,1604.0245431434805
15077,1845.2820960809483
71754,1398.6314558485167
92805,761.4437001733836
98783,1378.9626251707036
97771,808.8589068391718
99622,1517.4076022062814
60775,1677.7770290674307
49077,2185.208721537831
67533,1604.0245431434805
83622,1899.366792740653
98395,1047.4037318037153
60885,1323.6496949096402
34935,1359.0124718649674
90857,3732.4336773034242
81379,831.3895202089034
74470,2941.525337380143
29039,2941.525337380143
99492,1748.8879812774483
66910,2403.218121146836
34696,3028.535668858868
52230,3872.664023636179
28826,3786.59593177094
22537,1104.9321752501394
42798,1206.1765288131683
73691,2928.8236910720266
36923,1531.0326120145462
82022,2371.730413151951
3583,4185.807993729632
61059,3800.2209415792045
76979,1831.9014253945852
63197,1875.4128178296812
47303,2554.5028027320404
43493,1412.2564656567815
43485,862.8696946328034
38728,2807.5384201015577
20192,592.1248117421117
85215,1598.015239306893
49857,2185.208721537831
98410,2068.305569633263
64714,3742.67068783956
69376,1110.356316934591
27485,568.8144017292468
43920,3596.1972348507275
42083,1186.6840206163038
75396,1188.7792081636205
84145,1392.1861929813058
33110,1595.2506934902062
50553,2511.420743686871
24658,1150.7325146670028
20964,2326.9156084348597
98896,2388.793817239712
11465,2327.465112389405
92606,4873.288470445891
41627,996.8913820611867
24202,1391.7156757088312
57741,1579.9295220881775
57768,1919.7363531070678
55662,2725.372447449635
52623,8098.306174187015
95779,2272.794876808998
95633,4213.297227224844
23716,33870.461997189734
75168,975.759399881199
76478,2259.1698670007336
2225,2793.8980086990496
73110,6718.886679349777
47695,3143.315077822045
72421,730.5291064516555
67734,2265.995381636171
22995,1652.0687212598737
90774,1503.2339165110054
68532,2664.090340163111
36799,799.4691228195461
93137,6701.301566476094
88116,1046.0124275798196
47626,2357.3805355565955
93196,7795.0470247772655
90227,1426.9062128292926
27672,1508.4319126989863
53781,3538.804054805337
43559,4081.037414143287
61599,1528.8014397347802
95957,3155.8222924370352
8783,1876.2948511321838
18976,2037.5153940959851
5982,3608.569403733219
48314,2827.2994226308733
75282,4341.078008488544
34982,1186.6840206163038
26094,1970.080854055804
35745,1503.2339165110054
11631,1247.5437452278227
36429,1531.0326120145462
46240,697.3933959455766
32948,3534.7060574353372
55,7726.1633464224715
20176,1606.5647829480376
75240,294.91324775963716
51749,4383.377476729453
99890,1845.2820960809483
25583,1516.8589263192703
56306,6188.96587634847
48966,1606.5647829480376
55723,4214.823591547797
85077,1702.812144859521
88252,730.4593723768099
22489,215.7446929651251
92995,2856.2833134481907
28536,1427.4491216773627
86987,1963.771016325568
5432,782.976416429798
69042,1557.31861317071
41596,793.7068858983832
19537,697.3933959455766
11854,2602.368970339166
38344,1422.8015106359455
35365,1713.9340850639883
22360,2218.129214029045
35306,3343.9768760778093
29921,740.2703736611157
20914,3590.31688901187
47538,1186.6840206163038
63865,2986.0800370648562
32974,1608.275967416525
32602,1186.6840206163038
48404,545.5891597284981
19299,2541.2931207675674
61880,1342.94515180877
27158,3752.354773972079
61242,1273.5028014075237
26299,1582.4344753858134
82929,1503.2339165110054
30209,663.8507031798365
80557,2928.8236910720266
93512,5924.408296823485
19092,3194.5939578728303
20216,1126.6746754235614
68394,1186.6840206163038
30790,675.0850923054896
71207,1137.107504858738
82311,2711.74743764137
51640,1005.5162782199944
95201,2882.747854654099
87128,4187.295101886331
18378,1845.2820960809483
31891,938.0509108739268
6267,11586.94485386312
81940,8668.729478240115
51503,879.4572507591653
25703,3941.549945160262
81209,568.3409253651507
7402,2460.792024566938
99698,6176.867230863158
51046,8831.281091722425
9064,694.5649305567916
97261,980.5150073019073
78449,1570.9436229789749
88614,2334.348287922954
3184,1795.542481818229
37972,1871.8701854999417
22961,2137.5426107034364
56208,3763.057339146972
76785,2000.840202287195
9017,4947.569450185888
6528,5487.25636754083
6900,1197.1994841377605
89224,1083.481657462159
50962,2218.129214029045
3331,1091.3071654418745
43825,982.8823473571093
665,2326.9156084348597
7853,1606.5647829480376
32200,1070.839742896286
3392,4271.393036500644
75697,993.6400799444363
80177,1606.5647829480376
431,4592.538143268051
32466,506.6989320889815
45473,908.6349019104523
90188,4257.768026692378
21673,1201.2051428418483
29358,464.12402767562287
63593,822.4839166474367
82550,3280.6316275833456
36328,368.76587871584945
41843,1318.639274143869
74138,3098.5659464442056
87047,1104.9321752501394
28868,1061.0287416119802
13796,3155.8222924370352
87336,3841.2233232438302
28423,1704.4945200549428
966,2711.74743764137
52650,2714.2465322990997
36491,1376.677894046015
63364,606.007176099837
2518,863.5323305969304
93802,3753.2454524974537
92309,5443.444312562407
80249,3800.2209415792045
91795,11153.982958744396
96402,2688.8769665755253
57306,1579.9295220881775
65480,7705.073611488173
73064,2146.242977050042
2810,1984.0008423346226
96923,7252.48372253941
20654,2711.74743764137
72389,3971.2273521561633
98594,2175.3450994236227
8204,1059.6374373880844
38771,2922.4019957766654
2774,9378.598794950782
30305,616.6611398423199
51861,1412.2564656567815
14978,2986.0800370648562
32256,2175.3450994236227
22453,1684.8007763204325
91057,2090.803832441726
85857,1093.7605839036075
99746,2233.0748891449566
74447,1845.2820960809483
94567,2741.419737773083
64380,2597.76258770577
63864,1091.0992987042162
34526,737.8895453054013
55345,3594.618106895041
40324,761.4437001733836
41837,2506.744140096439
9099,799.4691228195461
3105,914.130058374255
77061,1990.7609364572068
68814,1604.0245431434805
50793,5152.20676343018
13663,794.4759232405075
40337,7336.838691947898
79856,3490.478255356253
53662,697.3933959455766
14671,4905.991369746393
55543,1240.3681156872135
40135,8052.032121128041
95386,2494.1390146620656
7139,3443.1732498642423
26498,5608.2527601514585
13916,1099.2826929303305
55128,1318.639274143869
8473,2748.7387831537544
14141,559.6649968646872
1848,1213.577718893511
41084,724.9795127538666
43760,1113.0496656152966
11486,1689.5794162250465
47798,1359.0124718649674
85750,3957.6023423478987
87631,2405.2467031637207
70490,677.4757129881013
15739,1090.8624169561906
58673,153.25804009015994
76227,487.111014756489
59253,600.7784355790566
30959,9882.796963929704
26547,2975.5624693337368
89245,1237.9613363005772
16951,1275.232936169591
15529,2496.5402481350156
68977,1104.9321752501394
91358,1556.2980803061118
53766,1646.4687177179205
8558,2411.7449277965866
86934,3193.949626852381
10270,3560.243384879096
49530,2522.6252782024267
37634,3095.725367270248
69679,5294.086076089698
25426,978.5470602337518
8866,3472.2655141327195
41818,2104.428842249991
75157,7046.013944003889
49307,1332.2642839521338
59249,1282.276651060798
23811,1674.362567435346
27023,7471.285518650574
66701,2292.6262841162147
54560,1608.875703298471
13465,5936.015178755546
23935,403.23162067118375
66790,363.075067559585
67892,11703.872317676864
55715,1517.4076022062814
80335,1875.4128178296812
30006,3859.0390138279145
53358,8940.208783843216
15002,2140.3684294585096
75537,7875.909525393557
24014,1530.2370792663248
87537,3961.650350277688
40845,6166.1692015231265
72325,2013.2356712409778
51135,3142.5205187944684
21995,2137.429542529816
19607,1576.784158085364
17373,324.06306587667177
10385,256.6564931485434
76632,2494.1390146620656
48433,1398.6314558485167
60959,836.080252288347
49461,8622.419310105543
37289,993.1824673315713
53103,4213.297227224844
6162,737.8895453054013
40068,870.8036269222204
79646,1288.0034320792624
85087,3745.1766538091865
52053,980.5150073019073
12231,1005.5162782199944
24036,782.976416429798
82789,847.9632377536761
40807,1557.31861317071
60157,709.4281712343292
46318,1811.5340498453036
75867,1019.1412880282593
25186,2302.567888580011
86135,1391.7156757088312
12954,847.9632377536761
90005,2269.439751637315
6707,1363.05288423775
97768,2510.1652579432803
79784,769.3514066215331
74659,630.908233299555
67162,636.3999094635401
95776,1591.3687476691844
35221,3738.7297641638143
45325,4468.9341956830385
4179,3983.325997641475
70795,1845.2820960809483
18833,5210.40209998637
91469,645.1421054109596
32254,4444.695541976977
65009,472.1857954407152
86457,630.2861496505848
72564,2276.2901584022634
8402,2334.348287922954
28678,953.485044086908
91233,1283.8822821556173
13628,828.9846225843197
45442,8709.676139029378
26938,1214.8301526501132
50900,500.7360245647538
45750,2409.397689077416
10315,89.26780022052347
76358,1200.3090304245686
63534,255.92921189142356
48983,1332.2642839521338
33250,534.1750367576163
16000,6498.636910021219
23221,7526.343189435773
26323,7431.560245997768
22095,1628.478066069646
4750,1297.5072919638822
48323,2967.89332369417
95702,1359.0124718649674
72183,1412.2564656567815
57155,831.3895202089034
44771,1173.0317402923852
84334,481.2089719819107
83313,893.0822605674301
60052,2165.609521798889
47114,1857.2855959161213
88897,2300.1294532818015
30998,2524.729224030609
28101,4095.762294315237
70939,2209.5862572224837
90531,4328.979363003231
54973,1797.9090400370387
97383,9201.976881607712
95412,2274.17109762217
25201,3872.664023636179
99362,1351.7190014620444
7364,3051.521940513814
64101,2733.4311072354517
28501,1084.3740690576417
64852,2269.439751637315
40456,1225.4361241448582
16948,1278.6397979906017
44835,4254.395154030337
44859,2403.218121146836
52686,2204.5042042207806
51892,2357.3805355565955
68711,487.111014756489
83750,724.2645354971364
52544,744.687813103894
4315,2218.129214029045
53892,1797.9090400370387
84378,4309.02461579134
95153,5544.512713533662
79899,4439.939568657837
85133,2967.2489926737203
25118,1595.2506934902062
44127,2405.8781829348354
59384,4948.525581370541
66060,5228.110784433004
69834,3405.4680534931995
48345,1709.1614509233227
38347,589.8491884107856
87165,2081.9305794415277
43807,1902.91046518029
40989,3171.917030422647
96567,13401.271759683394
77080,2151.167620511701
52121,1133.7397754957806
35310,4467.273276300795
52347,1061.0287416119802
19048,3194.356928904393
11233,847.9632377536761
68692,2700.3029702927556
2677,4437.2616822654745
70843,14089.528391139818
33330,3672.6110818353395
51793,1599.8556914423846
73962,2004.1291624843088
72226,2807.523018507314
60424,3383.7028059872787
14937,2233.0748891449566
49761,1247.5437452278227
49990,1517.4076022062814
99590,1956.455844247539
11785,3483.50104958144
38703,3156.145528602733
51235,1603.419870050225
31850,1413.055057524557
57094,1200.3090304245686
81076,1186.6840206163038
25071,3590.31688901187
10814,624.127750247594
83186,1638.4437114516088
29226,3560.243384879096
56485,12436.554177977958
53567,559.6649968646872
80412,523.2666379344855
61080,862.8696946328034
85195,1912.9918025489178
98679,2538.354233838874
6732,1359.0124718649674
77039,2405.2467031637207
2143,884.4286367304852
20362,688.432375920559
79134,5237.375197995306
15446,10558.186684356438
15772,2038.4455458605603
91760,616.6611398423199
51414,5391.326141115359
64180,2013.2356712409778
75617,2668.7898179333943
51900,3155.8222924370352
83990,2983.8931731920557
73197,363.075067559585
65815,3827.5983134355656
74736,8091.511064473394
35833,3907.308787361401
63827,6351.710938262252
97765,1363.05288423775
41365,815.3596127760549
25843,3800.2209415792045
64007,1010.5163918694516
11786,2015.9184396460437
39807,1810.4772704131476
51054,1485.9982246393604
8948,3596.37188008102
24149,2326.9156084348597
28182,7361.684099414094
35543,1104.9321752501394
13352,4664.437394802844
49817,1795.542481818229
36075,870.8036269222204
2224,363.075067559585
51333,8092.376930832344
6214,2089.5633749226904
29331,4452.809986030202
35499,2950.7252751038213
50324,1283.8822821556173
8071,1283.8822821556173
23544,3108.2793609956075
76767,808.8589068391718
53623,870.8036269222204
98031,2496.5402481350156
95555,4096.603511831435
93320,1546.524009784209
56857,898.4755874962051
75692,777.3068801628684
46718,2504.418478183639
68363,2858.364591163024
28360,4016.1929871961847
50122,2269.439751637315
29582,2609.92409957506
38993,1469.4682165444578
84654,1010.5163918694516
57038,11340.70110414869
75720,930.8028569967994
16458,1812.845509895277
76958,724.9795127538666
5763,1192.5515190049034
29634,1777.8167287348806
68443,8111.931183995281
20356,803.1295470774525
79771,7096.088817801339
95613,5135.962599329757
88556,7769.061102713445
84684,3611.2208677601
47824,5008.667942432419
3623,1391.7156757088312
29277,1247.5437452278227
82553,1405.340685517096
65835,4601.767960925334
57823,2757.50849147894
43838,599.7195964202706
5075,2013.1818707185084
35362,1288.0034320792624
46148,5406.201375813311
12709,1858.9071058892132
61572,3491.039417471368
71088,3456.798259672507
42419,3098.5659464442056
82885,802.2938765018146
28066,3635.6896499126046
92813,2542.005182269191
12581,5527.711785918597
47212,1369.1516238863978
19371,1677.6931243782467
65783,1330.3208291771912
19638,636.3999094635401
79508,1718.1195298632076
39168,5487.634450331328
16909,1709.1614509233227
26418,310.438056068407
61432,457.3301931535615
32583,730.5291064516555
89913,3428.607530915222
91058,4214.823591547797
76952,2097.0366348023467
94768,1812.845509895277
97315,2958.44299825196
69397,576.4087558986139
39085,403.23162067118375
52947,1536.5591757974128
87497,2645.6287553128955
76208,1200.3090304245686
64408,1728.3410481987821
78422,4351.141003239226
29483,1405.8112027895706
56666,468.0883724791975
72118,1880.1281405658262
21672,394.3174501537123
72782,2405.283559864582
4208,335.0444158300976
55002,4645.437860161502
98477,716.9040966433906
34115,684.8229596422681
60498,1570.9436229789749
47476,1503.2339165110054
94575,1390.4153563929049
8394,294.91324775963716
86234,2161.720089615358
25098,4809.841737458988
64955,1845.2820960809483
65432,1606.5647829480376
7372,2385.3554229602155
97828,2151.0545523380806
36445,3722.797698051119
429,5268.698624522687
75561,1938.7152317952985
49501,1257.172971858425
50660,1759.9665054591417
86629,4793.473087603272
13807,996.8913820611867
56188,6088.424121122412
91853,1912.9918025489178
38061,3538.3444229633787
25855,1449.078528014956
722,5229.551680184482
80897,777.3068801628684
13091,1070.839742896286
81608,2081.9305794415277
6978,3456.798259672507
81673,649.6711258864
23286,2986.0800370648562
52189,1508.4319126989863
51205,1721.581336355326
98282,6542.279033043874
98826,2981.810224735272
22363,545.3252128153337
97651,2540.877792923776
96646,1570.978344105541
73941,3705.3792848903286
40833,1061.0287416119802
61655,2511.1464100020335
13345,2222.2920203459407
75905,4592.365302241288
11668,2161.720089615358
56735,4567.917067388317
80263,1797.9090400370387
46602,2726.989508804862
3427,2801.9596928031247
79824,2292.6262841162147
19028,1589.594963332753
94158,15406.091144909491
16110,6900.731476896371
67568,2904.1494810553163
54920,599.7195964202706
46782,3198.9767839113824
62930,412.2304536533653
41908,1503.2339165110054
82425,6779.973784669418
3128,1647.0612510592168
61184,2204.5042042207806
48777,4453.747459618895
21663,254.6608638159312
26554,782.976416429798
52266,5727.288794750826
75224,1412.2564656567815
84238,9602.12364166529
41114,11219.113601202966
72320,2068.305569633263
53818,1099.2826929303305
59550,1562.3259283210732
51192,10731.363900111895
12910,3841.2233232438302
12591,2357.219103576595
97801,7485.220892138737
62656,1200.3090304245686
38539,3217.3134698524254
31125,812.6283502617655
9874,11164.358022160473
3935,6216.019361741834
5922,2185.208721537831
62243,757.3181744388417
55682,1376.677894046015
36700,1557.31861317071
82367,1557.31861317071
61524,2507.7640244703302
68757,4545.221578795708
35289,8313.43754593327
23590,1956.455844247539
31390,1023.6339313581484
26293,1192.5515190049034
86759,5237.375197995306
30126,3037.8969307055495
93648,2345.761631407156
12818,2767.6722650343127
17991,2391.621693355456
32377,4631.4142010213445
90344,1047.4037318037153
27156,554.7468123583855
51113,4995.507498991127
20717,978.5470602337518
70354,2876.786549581264
64549,5893.84316886283
73333,1933.3613629153326
41822,996.8913820611867
89314,3957.6023423478987
32410,1747.9099624787434
87300,2128.176500539068
27965,3948.2289625873022
3725,1372.6374816732323
79177,971.0760281220028
65323,5282.086591783049
19430,3934.6039527790376
85102,1740.6796354184596
85393,4201.198581739532
31611,1858.9071058892132
2055,3291.169586102008
19719,3424.3993465255944
37181,1182.1439957075956
21373,3905.244055766733
98763,2013.2356712409778
59492,1405.340685517096
18487,1288.0034320792624
5975,2260.546087813905
37188,1323.6496949096402
51637,3313.104452312613
82840,1882.6806391712355
85314,554.7468123583855
84977,2496.5402481350156
7564,1698.4257861286974
94988,3037.8969307055495
30863,2930.6140222612244
87590,1854.522140974046
17018,13071.122546483313
57480,908.005205436195
11862,2976.689858679152
42250,6033.401435907677
80014,1104.724308512481
81574,3971.2273521561633
10223,2554.5028027320404
40943,11431.066744905775
31489,906.1899595036658
11544,1590.4091678936288
15337,1574.0207031432885
77191,4261.158448184215
32477,2175.3450994236227
88717,782.976416429798
12747,3159.1740539168845
45789,2188.234597065635
62937,3775.155984632284
44314,1322.3037521668039
93903,1557.31861317071
80609,3534.7060574353372
7587,876.4947044410683
4671,4515.2386370342865
22684,1921.9777016581204
4198,1889.037827637946
61488,4865.481891832287
43862,14414.723644121343
515,2999.705046873121
55137,6287.203847858522
87389,3047.5712144802465
9653,1525.183715332589
66446,1608.0978269473603
46708,10537.427544107717
10102,1740.6796354184596
48212,1214.8301526501132
76839,7147.072697748308
65425,2457.906090118366
34944,1620.0577900955057
17086,576.4087558986139
98543,1201.2051428418483
66426,1902.91046518029
8872,2388.793817239712
73040,1620.1897927563025
34078,1528.8014397347802
26815,893.0822605674301
73865,5047.138583085568
24114,953.485044086908
12544,1721.581336355326
67598,8116.1216709216915
18727,1595.2506934902062
61165,1338.782645855913
28961,1646.4687177179205
90709,2622.6670760808224
51953,974.8173366615447
65032,3217.3134698524254
25888,2905.202678368292
41059,2793.263328076097
14286,2004.3220118546637
93815,675.0850923054896
32313,1811.5340498453036
22051,1508.4319126989863
88383,1125.0861516588357
52093,1927.994308172951
38292,834.3382279454113
35659,636.3999094635401
43035,601.0688747815125
89648,2154.6632530241823
20313,2609.92409957506
56845,3543.49935080858
11019,2104.428842249991
70816,1606.5647829480376
98353,5020.766587917732
87826,1107.5920050939642
55703,5336.268470330162
46473,3180.9689480645657
16735,1214.8301526501132
81978,1173.0317402923852
201,1675.9544064167817
53021,1812.845509895277
34745,6686.119683958378
65583,34191.0822239506
86730,975.759399881199
55278,2015.9184396460437
15251,1704.4945200549428
18015,3343.9768760778093
95599,1216.4169148095496
860,3003.6557729066885
27958,822.4839166474367
54413,1615.8207069974894
16460,2161.720089615358
79365,1240.3681156872135
35893,1740.6796354184596
39190,884.4286367304852
33324,17345.070431427663
52437,2656.7394331381083
75850,3037.8969307055495
78753,900.214625936312
8607,1014.9794617601614
40437,507.1652978311726
21076,2933.9440571281466
37673,3443.1732498642423
88642,1370.8333216946287
31918,1882.6806391712355
35707,3954.701809780795
22759,1840.897131165781
77478,1186.6840206163038
80983,815.3596127760549
6089,1449.078528014956
39588,4631.812850353236
58539,912.5798190772271
43502,744.687813103894
27997,1182.1439957075956
35693,2128.176500539068
91180,1902.91046518029
42175,2845.621614657262
80097,6951.718131898303
99831,1713.9340850639883
50010,2759.672252494432
25076,1069.9677836261487
40317,2430.421565806541
40979,1416.655629631377
2986,2541.2931207675674
74417,3614.3807066096742
78713,845.0145300171682
34172,1413.055057524557
83614,5505.158142129651
84758,1740.6796354184596
78635,4301.958164461299
70327,1727.5590948722531
61431,5477.104005109235
51112,11378.613386285904
86284,1880.1281405658262
46330,5175.752497851837
45623,815.3596127760549
63067,1620.1897927563025
84779,3349.5479712621527
17977,26271.832801666085
18948,1324.2503083627635
7538,2541.592467017614
85438,1606.5647829480376
81278,1899.366792740653
5949,2999.705046873121
30577,3857.5678852214933
28393,3830.7860695398604
30381,1006.9951747394684
3133,2510.1652579432803
91720,2836.6318077977667
24957,4058.0570979441945
42111,3313.104452312613
70882,912.5798190772271
77190,879.4572507591653
14287,206.60330162899916
36940,2328.7821023096376
50043,1104.9321752501394
7352,725.9661728201017
36826,5404.305620328287
76605,4429.373463741218
57541,2258.210287225178
97290,5596.956173576591
87600,1797.7342939073853
43508,705.8295594961323
79751,3046.443825134831
81961,5580.004038960098
92547,1046.0124275798196
17033,5237.375197995306
30556,3405.4680534931995
27491,26511.00866727503
39455,4412.570141734861
19084,899.4246301475746
15848,1332.2642839521338
32649,2940.0042006469284
68322,2302.567888580011
331,599.7195964202706
72437,2639.6700533286994
36684,1408.2353536572366
48438,2185.208721537831
69079,5961.441725916759
34581,2494.1390146620656
83205,3367.1430005327647
67239,813.2062457654242
92240,1121.217014902229
27733,1927.994308172951
85141,1083.481657462159
28227,3265.2382847054873
95096,4235.839482132822
18695,1674.362567435346
91171,1168.5189858993308
47686,8796.808213789494
50716,3456.798259672507
49526,4760.91779882986
49733,8604.079971418441
15931,2102.51331432738
84616,1715.5017496657722
30780,2686.677960484491
1081,1797.9090400370387
8189,743.6931646305768
82252,1628.16681637323
61273,611.2233303218293
97713,2302.567888580011
90698,966.8899974936425
16327,2922.4019957766654
30887,277.971704337588
18493,1382.7766336946627
70580,1059.6374373880844
1602,349.45005775132023
36265,4124.06696306269
80555,3146.432114051331
12146,4696.549713716496
97536,2835.3459244148007
68271,1508.4319126989863
47544,5463.080345969078
96884,5443.444312562407
35849,1501.0940569540103
6951,2496.5402481350156
71169,2725.372447449635
3611,3610.5765367396507
33773,635.9927005464
58020,3323.179984948126
43917,769.3514066215331
6518,5757.378214283947
8908,1019.1412880282593
58649,2213.8717443718006
56360,2558.031425550406
78139,1938.7152317952985
18651,1824.1022802214125
37475,1057.2147330880211
92286,3934.6039527790376
43057,590.8319269945442
4841,769.3514066215331
80963,5011.087060765819
45520,1740.6796354184596
52186,7780.9985900898455
6886,5876.086823671669
35446,683.7683861373117
267,1091.3071654418745
88580,2670.364442946373
45206,2953.629210455193
1656,1519.2302248569304
65709,606.007176099837
85174,3564.6318288270827
74314,4381.928630229105
67615,1453.9244048125988
1430,6699.744693766644
54125,576.4087558986139
64295,2292.6262841162147
7121,2971.7782483770748
95426,794.1209448977372
50033,1351.7190014620444
23340,663.8507031798365
40252,7526.343189435773
18268,3516.453542713988
45922,697.3933959455766
96636,5479.151517158733
61982,8093.514244584201
54216,481.2089719819107
98929,2845.621614657262
83315,10869.616523134322
24049,6728.146976355816
75548,1332.0699708837801
37638,5254.592237755291
50694,1206.1765288131683
39342,1998.6323485281184
33219,5146.021801886056
28715,1233.9187354195578
16392,4453.564578466103
31495,2741.779254290863
1613,15635.320077924995
73073,1454.8402942718772
74225,1454.8402942718772
77170,1233.9187354195578
20380,569.8199234514998
95403,6465.326317086527
41941,1118.8719975020324
17776,6124.508944281991
10090,2029.5434494543085
68111,1201.2051428418483
75663,3786.59593177094
35789,2605.4288955298384
74234,1007.28933971949
34215,1322.3037521668039
97929,1159.4067304841203
29383,1378.9626251707036
13528,5965.172692104013
23664,11294.432953405409
44702,1005.5162782199944
44057,738.6045225621315
15158,1412.2564656567815
46518,1986.8138844044822
29440,2393.5837947178798
69630,1556.2087317210764
61203,9061.713960397226
21194,1845.7752076441645
21861,2015.9184396460437
192,1689.5794162250465
3090,2998.591442710947
14119,4305.030214932793
59101,1413.055057524557
25650,1301.68625654033
89464,2258.210287225178
65938,1332.2642839521338
47521,5636.455125309389
93967,1669.4259132478444
29175,3836.9274845429386
77132,2725.372447449635
12952,468.0883724791975
5154,2605.4288955298384
73086,919.8149693119307
67723,2343.755525748331
50090,1621.7228367556252
91538,4447.6845123454605
61685,1169.9529016462766
72355,2679.5745355363015
76489,2204.5042042207806
79023,1522.056922507251
31755,3672.6110818353395
82476,8278.65974373202
18600,980.8870294063086
34969,8926.564235957612
78221,2392.5405833588197
23259,3971.2273521561633
32841,1922.1659645806421
29251,1437.6180920324502
45531,365.9544784040127
7542,3996.095130194428
1397,1244.0479373621297
45407,2176.0426681461936
42392,4770.902574654607
38720,1698.4257861286974
95927,1718.1195298632076
75244,3105.933734033217
14933,6822.414074928909
67852,2081.9305794415277
36663,2455.07497213327
70287,2343.755525748331
11325,1608.875703298471
22393,1186.6840206163038
30174,2303.39571494977
11324,10352.974550870538
15824,2807.5384201015577
66860,2687.698658965493
51248,11063.258357920744
74755,4828.158920647438
10318,1286.7251805560372
16602,2068.305569633263
80945,876.4947044410683
65724,16520.8688609759
20679,2000.840202287195
9929,2686.677960484491
800,4052.4133740625116
87032,1503.8918877902781
91229,1704.4945200549428
27374,202.11968315686028
51280,5652.860224753483
2388,1516.8589263192703
29038,1503.8918877902781
52451,3957.6023423478987
76490,6166.6338634484655
45849,1324.2503083627635
75051,2970.268163383791
83354,3014.4583011527116
86197,2987.870368254054
21533,3456.798259672507
33970,2023.889073399903
97453,2940.0042006469284
88860,2103.188384730955
28645,3108.2793609956075
44812,2686.677960484491
40606,2327.465112389405
59711,1845.2820960809483
32538,927.7550681825198
18957,6944.9336645561325
50846,509.64162812622067
91308,790.9318899711333
54244,1711.2324208336609
81093,2235.5705983499274
69530,2507.7640244703302
37027,2103.188384730955
8159,1899.366792740653
50392,8904.419839175462
45404,1620.1897927563025
73071,6422.721232321531
88454,919.8149693119307
92330,2930.6140222612244
82322,6990.292640431224
22487,1297.5072919638822
86236,3076.4018364659937
12779,1318.639274143869
15689,1423.9930822241854
40612,7771.19229381665
83679,2259.1698670007336
38791,5717.317156819962
29550,2284.315373858662
5565,4439.184976221936
65337,4382.0050137742055
69753,1870.9106057243862
19942,2415.161803553739
18265,1809.538017723434
49154,1885.4951953082066
91041,6212.357951028075
39590,443.7051833452967
97640,1628.16681637323
41663,3534.7060574353372
78188,737.8895453054013
5096,1392.1861929813058
93547,2330.9309290527053
99753,988.8301400224956
18938,9601.730944888652
44162,2401.5367937454744
27849,738.6045225621315
95525,2291.7091773076613
95155,2302.567888580011
67505,1528.8014397347802
90060,3304.658099095693
99741,3145.2381181909427
13972,654.3367887089863
28861,5443.444312562407
62619,2700.3029702927556
44144,2920.9766873501844
11703,2656.7394331381083
15936,645.1421054109596
83555,5924.408296823485
47858,1777.8167287348806
96571,3957.6023423478987
276,6035.794586854871
75142,1591.3687476691844
35493,4883.354051805232
53229,1566.4694598307085
49628,1225.4361241448582
92979,1224.555101330897
32786,1437.6180920324502
80745,1519.2302248569304
13160,1508.4319126989863
57530,1715.5017496657722
70763,4676.468388067836
12426,2953.629210455193
83253,2117.7433541917635
46492,1899.366792740653
80687,2269.439751637315
90889,1517.4076022062814
51316,919.8149693119307
13057,558.6548960027385
85382,421.379858517925
28572,4989.882237092736
54925,1557.31861317071
5394,2081.9305794415277
61983,185.17813973481103
47509,5636.455125309389
7098,1364.6401006923227
62519,1811.5340498453036
54258,1376.677894046015
56495,768.7249166236063
80125,1970.3758325263577
71302,1168.5189858993308
20346,1480.9909094889972
39148,4591.553209257382
89271,6412.579098119471
84786,308.53825756790195
8784,3916.3514380576885
13706,384.08166741344934
44349,1816.0000279518267
66467,4807.098097411537
32597,4316.864541660962
69494,1858.9071058892132
83879,3827.5983134355656
31049,2591.803885721574
46192,8588.818187586186
71543,3800.3115392286636
24008,3945.3116313950904
60828,335.0444158300976
5991,3251.6132748972227
45642,5022.292952240685
88834,2204.5042042207806
67916,1503.2339165110054
84731,3367.1163534998313
72750,693.0237029398203
33234,1091.3071654418745
24890,769.3514066215331
22625,1296.4451639305632
84851,5487.971315616608
82971,1110.356316934591
6944,1318.639274143869
97021,1704.4945200549428
31847,2204.5042042207806
48958,1528.8014397347802
39374,3159.1740539168845
93891,2245.8875058545045
9755,1206.1765288131683
53328,2283.0647614455797
77583,3485.890523940984
76356,3357.601885886074
29049,3786.59593177094
27512,5246.614430059944
39791,3705.3792848903286
89296,5924.408296823485
61690,4467.3724694271605
44987,2711.74743764137
80716,2754.995648904
52411,2807.5384201015577
11951,3786.59593177094
9070,945.8756423302768
99207,3545.3204428369445
54379,1921.9777016581204
58767,3357.601885886074
63592,1811.5340498453036
93775,831.3895202089034
99724,494.46015123500604
6314,599.4463719834233
50441,1440.9665453529185
28403,6778.895234795056
73785,822.4839166474367
36414,1283.8822821556173
67216,1361.4257742897812
22093,2810.2299605691446
61082,1870.9106057243862
63751,1119.0307218153732
41665,1604.9937574774492
12968,885.8066863912213
16841,3260.4679613267726
43471,4646.008683224937
27942,1110.356316934591
57366,716.3248413541943
5045,884.8505776879402
12918,482.7579048809293
66129,1206.1765288131683
64089,2645.6287553128955
56313,2793.263328076097
3125,1212.2865174841284
15478,993.3701649312036
35779,9022.976834161002
17297,10473.39927040001
28065,1797.9090400370387
38567,7593.953342805841
26724,1956.455844247539
62788,6770.25842153211
14491,1124.0417685844975
35802,1233.9187354195578
12702,2855.6501357806887
27545,957.7405926290828
61223,599.7195964202706
18467,2407.2088045261444
13917,654.3367887089863
87227,2386.9286782690565
32035,1006.9951747394684
26321,2064.040725776797
12841,1359.0124718649674
64648,1392.5876349789685
41664,938.0509108739268
66012,1620.1897927563025
86380,576.4087558986139
45587,3824.7978560290535
25892,4078.527082854071
47682,277.971704337588
79035,4225.28652279605
94221,2540.877792923776
49258,4248.786279301723
64451,1831.9014253945852
63431,1205.9489473790852
76,1257.6729471703945
27370,1557.31861317071
49763,1560.3956933350237
69205,757.3181744388417
46593,3336.5270894104965
78302,4727.354405274795
67601,5237.375197995306
18250,3945.3116313950904
94610,1606.5647829480376
20464,2711.74743764137
24050,739.031909094342
28843,5880.218159054564
47867,6212.17928319827
22639,534.1750367576163
4027,468.0883724791975
93841,8116.1216709216915
48873,1330.3208291771912
14341,2602.368970339166
57578,1919.7363531070678
62542,2236.4492062515365
59956,8168.360141414648
94261,1704.4945200549428
33100,5489.202650594548
60265,2218.129214029045
21762,3169.4473022453
35192,4143.783176756775
16766,769.3514066215331
34315,2748.7387831537544
87236,365.9544784040127
23330,2265.995381636171
37338,3939.369442888176
31765,3611.2208677601
12067,8794.821825088457
94434,2858.364591163024
61563,3590.31688901187
33471,4382.842865325618
74139,2175.3450994236227
97225,1091.3071654418745
8404,1854.522140974046
43056,4459.997125584765
80237,1069.8566476538942
47975,1921.9777016581204
11595,607.4406824555989
52506,4082.9785020231698
91362,1525.183715332589
33793,2076.4697814639817
66992,2209.5862572224837
60475,2688.7754950990943
48506,26212.96577200217
94769,803.1295470774525
43408,1689.5794162250465
78195,2441.4499623250053
82000,7615.9526526837235
97523,719.4545693043972
33676,2103.188384730955
25652,2518.0434879919035
30830,4177.904923500628
67894,693.0237029398203
11968,2810.2299605691446
59096,3242.2230965115186
63962,2588.7439605309014
23068,4403.435840693648
89018,6082.712053349995
20023,3821.4134129042072
15363,1620.1897927563025
74099,2773.2972623026967
33904,876.4947044410683
92206,7171.772054781814
62766,3516.453542713988
65350,3171.917030422647
48125,4391.31880861481
29318,6822.414074928909
69283,724.2645354971364
68498,2297.919258601749
90821,5081.2594647638225
63139,2430.421565806541
21109,1652.0687212598737
9568,996.8913820611867
77300,3198.8986967240935
99156,769.3514066215331
80003,3028.535668858868
6071,3493.606487276229
84113,2393.5837947178798
76889,7027.6285740605645
92835,2356.3370702740926
40649,1392.1861929813058
65871,1704.4945200549428
16965,3359.1148617778877
6141,245.57840187906132
24098,2510.1652579432803
30629,5050.694336803167
22793,585.8213621751585
66488,541.1218025501206
54910,2892.4597018625295
18340,5035.531531813892
28428,794.4759232405075
14314,3682.908563998294
47360,22600.58044892264
86575,1956.455844247539
98062,4974.853194049185
35923,4309.02461579134
91618,6439.6888090086295
34164,647.4009396893032
31835,6188.96587634847
69857,611.2233303218293
27923,3037.8969307055495
99471,980.5150073019073
78859,8288.530291348625
57687,1576.784158085364
51507,945.8756423302768
77348,4417.060850501914
36461,2116.1717372403887
90683,1251.1739067978012
57534,5295.711601591314
44577,3202.521111216706
80530,576.4087558986139
38880,4206.136942597937
15545,1684.8007763204325
50227,4655.831011798978
91194,730.5291064516555
4133,5528.509068014716
31141,1045.197996270626
8837,1566.4694598307085
25719,2591.803885721574
19806,908.005205436195
90266,1398.6314558485167
97504,932.250632522012
82136,592.3821662915722
37664,5501.259460139593
76015,1997.0468385433549
9163,4183.423678228625
26895,2904.1494810553163
81774,2407.2088045261444
26939,799.5812359571594
876,1905.3290001836224
28257,2272.794876808998
72408,1137.6667783927624
79343,2276.2901584022634
38774,3546.751939287916
68813,1372.6374816732323
86484,1273.5028014075237
61914,3405.4680534931995
45533,30956.849410421477
32651,2269.439751637315
804,2116.138324135645
22029,2175.3450994236227
79014,2490.4880662317482
34449,1283.8822821556173
88225,5258.713075545257
27359,1200.3090304245686
33435,4354.088252855241
53051,1212.2865174841284
38465,1261.6079263613262
73051,757.3181744388417
57765,1315.858489299593
33007,3897.4454637879653
99006,2038.4455458605603
87158,3391.843043684935
42103,1061.0287416119802
37640,4452.809986030202
47061,1382.7766336946627
21372,871.7362269030609
26346,966.8899974936425
55862,1652.0687212598737
44876,654.3367887089863
71434,5717.7487932722615
79182,1173.0317402923852
66096,8201.252468617422
28589,5704.819862002758
79611,1613.3870984823775
87490,11879.464976010364
83760,870.8036269222204
67912,2686.677960484491
90225,11171.978938238597
25651,2258.210287225178
59256,4368.38000396594
9486,1074.761954862718
70440,5417.930630136552
34009,2177.119910070846
39805,2068.305569633263
92476,1023.6339313581484
91579,3357.601885886074
24925,1516.8589263192703
14173,2151.167620511701
86609,3504.6644272796325
61156,1372.6374816732323
523,1885.4951953082066
88849,1408.2353536572366
74780,1069.6421375126702
70728,2452.060191602474
48235,7601.189086266219
46014,1970.080854055804
86477,1423.9930822241854
94096,3412.3979363014646
36920,1595.2506934902062
92750,1045.197996270626
38380,13356.402285738166
57062,1570.9436229789749
24141,8489.924915251331
38927,879.6755052532611
56722,3128.6106614834007
48206,16164.208796702
26392,650.024919271805
8824,4381.337649584398
69186,1214.8301526501132
90895,938.0509108739268
87265,3405.866215130236
87687,2269.439751637315
91596,2204.5042042207806
27514,1595.2506934902062
15820,1257.172971858425
96510,10981.458042866416
39605,1005.5162782199944
44073,6148.76170347552
46413,780.4959350894724
31791,7288.484623566302
77202,18521.531441962205
61823,4924.91955454033
46648,1797.3922296052297
26976,1857.2855959161213
81734,2385.3554229602155
2005,2198.8337313460956
77292,654.3367887089863
42341,4094.9884025292854
92141,2558.031425550406
9649,592.1248117421117
45111,6430.0871320989345
15017,2494.1390146620656
13503,2950.7252751038213
70972,5463.080345969078
57185,4177.904923500628
65854,2406.6195352454984
50062,603.4809837318005
31253,2494.1390146620656
73261,2511.1464100020335
62651,12867.48621683403
8434,6454.446772252298
91138,1416.655629631377
51394,2357.3805355565955
59841,2850.672757038057
25019,946.5716908051357
47198,1851.3445253092505
22001,879.4572507591653
53557,3907.308787361401
46471,2236.4492062515365
73895,17125.26150440575
3401,993.6400799444363
49962,363.9547021384635
57495,500.7360245647538
51259,864.7852651759441
75597,799.4691228195461
89784,13811.786048604557
18993,2538.354233838874
8966,1192.5515190049034
79119,1330.3208291771912
59295,957.7405926290828
15027,1332.2642839521338
93151,317.35955565708593
97375,1224.555101330897
62189,3200.3356663716536
77223,3990.922196647121
48115,1107.5920050939642
26039,2409.397689077416
65635,2415.6297612266835
5729,647.4009396893032
12829,4346.451459406384
11940,5465.955952387177
37346,5195.192803754843
65720,13756.534291534417
40444,3596.1972348507275
11995,2328.7821023096376
19589,287.51592904336405
96282,1557.31861317071
28385,1754.3046452267245
14969,3051.521940513814
64450,13287.237625477264
3987,610.5027404393292
43544,2274.17109762217
62854,1318.639274143869
6701,1709.1614509233227
8387,2953.629210455193
65389,414.0775846855659
66549,4434.059502537195
27727,1624.2409829716298
53416,2297.919258601749
41169,3752.354773972079
72481,3313.104452312613
29072,1469.4682165444578
55685,541.1218025501206
47072,767.2184264736255
13790,8727.183522261465
65797,2385.3769414825597
98462,7847.440726859782
19997,9337.148947006677
1947,5823.496896612424
24070,2953.629210455193
62581,1338.782645855913
97970,1099.2826929303305
38777,3672.6110818353395
67076,1797.9090400370387
84118,1282.276651060798
44240,254.6608638159312
46354,5251.000207803571
83523,3926.5048033899225
82520,2662.5497514343574
58368,1727.5590948722531
25573,8265.916759567117
93195,1156.3278918380117
65764,2645.6287553128955
48807,6687.676556667829
92675,3531.367217188565
651,1591.3687476691844
96532,11541.188329326436
69718,971.3656024373477
62658,5152.20676343018
31033,404.8509933520082
75571,3047.5712144802465
96649,2544.4064157421412
78624,7253.428957529645
16957,1059.6374373880844
17392,1740.6796354184596
40516,4397.688854425335
86795,4452.03821414315
96284,95.56680028795739
60733,2754.995648904
53099,1413.055057524557
22030,3405.4680534931995
89068,822.2832697535359
18217,914.130058374255
27024,1422.8015106359455
35124,1885.4951953082066
26206,17850.07906823063
77576,3753.2454524974537
12094,738.6045225621315
37764,3543.49935080858
70241,3796.9210372840703
65238,2460.792024566938
86725,4837.663225372193
4739,2017.9470216629286
80595,993.3701649312036
1118,658.0177937234838
23121,492.9242865891804
71811,1606.5647829480376
40146,2632.7588925833497
38180,1606.5647829480376
67040,350.9116187425199
92676,5991.072849540743
31036,7959.2617864357135
48896,3485.890523940984
80142,1620.1897927563025
72035,1700.730553749373
38149,1257.172971858425
15629,3546.119604673173
116,2905.202678368292
80616,3547.224330779477
29879,394.3174501537123
95847,2089.5633749226904
8737,1604.9937574774492
79594,879.4572507591653
21682,2490.4880662317482
86017,785.8441130112813
56951,9279.502341521886
8263,576.4087558986139
32326,870.8036269222204
76233,4148.840295158365
98738,1113.0496656152966
15008,4456.281491167217
59775,1091.0992987042162
86580,988.8301400224956
7150,481.2089719819107
48693,1935.6027114663852
92583,277.971704337588
15919,559.6649968646872
23694,4587.681719091262
79224,1740.6796354184596
91329,2311.873594086104
95063,4082.9785020231698
60046,1332.2642839521338
75004,1127.4509977895136
44040,1950.1460065173032
53768,3939.309574535975
54114,737.8895453054013
50624,1422.8015106359455
32070,603.4809837318005
94963,4320.513836358814
91392,1684.8007763204325
92570,769.3514066215331
63959,3996.095130194428
74129,1156.3278918380117
55853,2038.4455458605603
51731,2455.07497213327
24630,2343.755525748331
10532,2411.7449277965866
99180,600.7784355790566
73328,1061.0287416119802
66588,885.8066863912213
7718,4257.768026692378
61265,1110.356316934591
50786,1858.9071058892132
9415,1595.2506934902062
30547,2999.705046873121
50978,12697.930859771985
10855,3391.843043684935
82497,3871.192895029758
536,1719.9207722246417
28506,1557.31861317071
14186,6216.096002643205
77417,1206.1765288131683
30936,11512.853466218592
44493,2936.02700558493
38695,621.8354523905542
88210,6497.011014040752
76968,541.1218025501206
65207,554.0094357026384
91120,12275.561282100729
25768,1412.2564656567815
57508,2806.0063045818592
42473,3957.6023423478987
98180,8434.613899046946
68419,2357.3805355565955
67010,2103.188384730955
31909,1711.2324208336609
40628,1970.080854055804
21983,3443.1732498642423
16744,310.438056068407
69963,8638.79478322828
75064,1503.2339165110054
1838,416.85663047944854
7688,4391.31880861481
34294,2496.5402481350156
67722,1950.1460065173032
22698,5365.75228707137
41258,3032.8188153265664
96588,2718.2306105534985
11568,380.3094936461408
51758,5558.137723341927
12912,487.111014756489
2316,1842.9242493351105
83650,3357.601885886074
97117,8394.672786095676
64676,380.3094936461408
19882,2103.188384730955
65707,2204.5042042207806
1817,1186.6840206163038
89869,2218.129214029045
78852,576.4087558986139
88567,1557.31861317071
58889,541.1218025501206
36746,738.8796483509502
72466,7457.660508842308
4456,1508.4319126989863
9242,1514.2168501509598
88692,3968.3268195890596
43314,1173.0317402923852
89653,16931.091153906087
77119,4319.368694378394
99656,993.6400799444363
68286,1606.5647829480376
63975,3786.59593177094
74547,709.5164093295684
44539,2555.630192077456
57380,1702.812144859521
85691,2906.275169714962
51349,1137.107504858738
25487,1734.004357739464
30816,1398.6314558485167
7980,4589.591497972398
9423,4439.939568657837
24781,1531.0326120145462
16103,846.6646910281871
83122,10293.750372460796
27279,5443.444312562407
81558,3668.970967833153
2184,1882.6806391712355
15315,1845.2820960809483
44829,1240.3681156872135
73277,1947.1985743290788
59548,1764.5694274840682
35178,920.5636783794733
2822,2081.9305794415277
55567,1689.5794162250465
70196,613.4151764164139
30811,1595.2506934902062
73344,3591.365518415705
29569,4118.784949074041
43577,8032.920643931404
40065,743.6931646305768
10161,716.3248413541943
24487,509.64162812622067
2644,3722.7148783361645
22340,831.3895202089034
66271,3143.5915348773738
8595,993.3701649312036
16155,2037.4120512404522
85961,1740.6796354184596
49327,4643.911495838549
62723,1059.6374373880844
99968,329.15170794511715
8732,2015.9184396460437
88988,2821.1634299098223
29206,1251.1739067978012
83708,2540.877792923776
64616,3738.7297641638143
63462,3080.684982933692
11145,9940.033829740545
56785,724.2645354971364
29892,4115.079740989225
86313,1632.9691331806537
4150,5705.2185113346495
35142,847.9632377536761
24659,1440.9665453529185
2114,292.6095249346929
96949,1780.9578922344085
50404,185.17813973481103
4488,3796.9210372840703
23,3157.0921891382773
91653,799.5812359571594
90473,2904.5583473478423
4353,1608.0978269473603
24501,599.7195964202706
71674,2802.8618165111257
49297,1718.1195298632076
22760,2588.7439605309014
77099,1516.8589263192703
58079,1301.68625654033
430,876.4947044410683
98340,1372.6374816732323
2623,2781.2972748425773
22955,2986.0800370648562
57532,879.6755052532611
30076,3820.9487509788682
49549,1188.7792081636205
75957,6314.379526524115
34198,2845.621614657262
47856,658.7671152192245
67663,2128.176500539068
22445,7404.429516403048
93972,2876.786549581264
18450,8149.464640907895
59321,1530.2370792663248
82154,6714.239830513946
50282,1740.6796354184596
7885,5152.671425355519
50836,554.0094357026384
82639,4187.295101886331
45859,12469.692440142877
51145,862.8696946328034
42952,7641.676307977303
81982,10425.34515464819
21588,16062.839860140879
14638,590.8319269945442
49020,4645.437860161502
99947,1359.0124718649674
81025,6900.7435267872115
14443,3668.970967833153
56189,1186.6840206163038
25645,3357.601885886074
98358,3611.2208677601
62853,1885.4951953082066
64404,3336.8049947563904
53130,815.3596127760549
75836,2781.2972748425773
51862,7003.596604486337
18868,7604.796325736369
58463,6632.138329408807
67625,5620.073558439886
24180,1437.6180920324502
89186,13316.173230568107
13308,6609.668915412762
9216,4753.806059709327
66730,3954.701809780795
46680,1970.080854055804
99637,1275.232936169591
94972,1704.4945200549428
98078,3786.59593177094
37159,5880.218159054564
74496,3719.004294698593
34397,3362.0509419031023
81002,10183.352378518564
71171,2193.1120479556025
67849,14774.730144473082
88537,3548.854565048553
40706,1160.749515843121
10342,3277.8581937493345
55596,1871.8701854999417
47017,3516.453542713988
4855,2398.119917988322
27424,2085.184324122271
26365,649.6177103546648
88610,879.4572507591653
63823,500.7360245647538
45239,2151.0545523380806
85699,1592.9765543995122
93853,737.8895453054013
30707,3373.8323034424598
64456,778.5359179079121
84098,2500.4872743461933
62738,4157.253471730628
40492,7771.19229381665
26995,1159.4067304841203
1032,1033.66156113376
15754,4082.9785020231698
14717,2320.6610444161242
90778,2711.74743764137
51849,5127.842782474753
81953,1557.31861317071
13178,4187.295101886331
18277,1297.5072919638822
11135,2269.439751637315
31812,765.4530754279797
65661,785.8441130112813
50341,410.183748423829
26537,10391.958923036509
64469,18677.784897531095
88318,1845.2820960809483
4867,1970.080854055804
29448,2350.434056187137
91316,4352.178473974104
34153,826.3318053385599
41168,996.8913820611867
39720,8384.486374013983
17954,1737.2396244659353
22526,3917.3427012520447
38740,1503.2339165110054
23118,1704.4945200549428
11077,975.759399881199
5155,1288.0034320792624
90811,1323.6496949096402
19329,1516.8589263192703
14991,1283.8822821556173
19056,2292.6262841162147
49863,1014.9794617601614
21591,2103.188384730955
37646,6132.435591061528
4429,2850.672757038057
21989,6783.883431340376
44843,2193.1120479556025
56383,7512.718179627507
5597,6714.239830513946
55518,394.3174501537123
8662,3939.309574535975
2885,2476.8630564234836
17604,2451.0842887539616
27595,8008.550669307287
11011,7022.467940746915
35285,2460.792024566938
89627,2987.870368254054
61933,19005.157688117986
70448,1125.0861516588357
18820,586.5394403097514
32569,688.432375920559
7122,2276.2901584022634
46674,1391.7156757088312
78988,1301.68625654033
68276,1186.6840206163038
4088,780.4959350894724
34066,590.8319269945442
68697,18139.02930682751
33647,2272.794876808998
59387,938.0509108739268
50050,1656.7418709055967
76389,349.45005775132023
90696,3534.7060574353372
93700,661.4600824972248
37627,1405.340685517096
40967,590.8319269945442
10926,889.8401707192218
15468,822.4839166474367
16731,1652.0687212598737
35787,661.4600824972248
61706,1698.4257861286974
30764,11458.211468467845
97953,962.1343900729341
83554,5890.560370115662
62796,2013.1818707185084
699,1570.9436229789749
98363,4096.603511831435
10962,5295.711601591314
84444,5154.475466624038
97357,1359.0124718649674
76252,1902.91046518029
83938,1490.2668779820133
51424,4257.768026692378
39036,1698.4257861286974
73897,893.0822605674301
15217,1119.0307218153732
24899,2554.5028027320404
53816,2575.5342785664284
23080,2710.415919041483
60785,3735.4578548419267
91933,2923.912080769949
87488,2208.1878012327397
16302,1273.5028014075237
12641,3822.5538528270413
82751,6095.703220850897
94515,2089.5633749226904
57784,5417.930630136552
62032,2185.208721537831
93586,599.7195964202706
1489,1490.2668779820133
19522,1528.8014397347802
99194,3854.7996445158833
34142,6558.59724624776
79803,6989.57294534618
82548,7060.774921395262
86273,780.4959350894724
86032,1871.8701854999417
98438,694.5649305567916
17072,2622.6670760808224
64570,1880.1281405658262
88490,1956.455844247539
43199,1652.0687212598737
35072,9062.188542633325
84107,767.2184264736255
12695,6207.460155721779
5441,2094.2547222692906
18316,2954.268313885905
23840,2089.770337821618
35652,1330.3208291771912
67086,1092.2555071154334
80236,10070.053964958595
1175,1322.3037521668039
16986,416.7319688465112
21660,2175.3450994236227
17738,1530.2370792663248
3673,5356.4112325946735
11377,5880.218159054564
46561,658.0177937234838
6262,2726.989508804862
94965,716.3248413541943
89159,289.4754382391465
70649,1251.1739067978012
85621,3753.2454524974537
88130,798.6986008975254
72377,3367.1163534998313
22557,2345.761631407156
52597,599.4463719834233
46526,1363.05288423775
15564,3507.004672042497
84923,1372.6374816732323
74724,5474.593014168996
84906,1023.6339313581484
27015,2663.8812700342446
27235,3367.1430005327647
20370,3375.2825300131385
52868,2875.165590237999
74815,3786.59593177094
46429,724.9795127538666
1889,4002.56797738792
79041,17518.983659065656
49828,1516.8589263192703
26859,2588.7439605309014
86325,9301.777990302515
1819,599.7195964202706
81068,3336.8049947563904
71857,1950.1460065173032
71790,1704.4945200549428
57697,579.7294929657867
41413,1168.5189858993308
49926,624.127750247594
18234,2423.0972586336406
40376,2911.2320600143635
14422,1036.777720296486
53875,5977.447839732477
40051,5149.587609138022
59222,1059.6374373880844
42409,3180.7242691900333
50016,1405.8112027895706
77285,310.438056068407
4262,4793.473087603272
71395,418.6416640475063
41058,1104.724308512481
12290,1323.6496949096402
64769,1186.6840206163038
1894,870.8036269222204
45619,4076.920838326032
98967,1990.7609364572068
50047,1947.1985743290788
48029,1927.994308172951
99332,4733.460184549203
68969,2733.4311072354517
15764,1083.5927934344136
1215,3874.6644001667755
39770,13817.18878777534
32751,1005.5162782199944
3799,1192.5515190049034
43311,1125.0861516588357
91954,716.9040966433906
87419,724.2645354971364
54849,1289.0818797550378
44759,4515.2386370342865
16345,2476.8630564234836
75096,1318.639274143869
8629,610.5027404393292
42493,884.4286367304852
6815,1007.28933971949
69925,22395.810255685836
77537,10297.16202702403
12010,1546.524009784209
53049,2129.7967470486533
92664,10714.363789234896
24795,2383.618921407894
27267,3672.6110818353395
11915,254.6608638159312
13997,3284.2371191032
62555,2455.07497213327
77706,790.9318899711333
47998,962.1343900729341
25859,2725.372447449635
46841,1593.5545318964423
82739,2796.60495076088
78105,2004.3220118546637
83044,2029.5434494543085
38874,3348.4259320948377
17036,9124.592271775138
24412,2411.7449277965866
10026,1885.4951953082066
57483,2773.2972623026967
55397,4940.667149256192
73737,5157.75056035913
58797,1059.6374373880844
75568,3775.155984632284
99488,2759.672252494432
62953,1019.1412880282593
62296,3948.2289625873022
47128,3405.866215130236
93907,576.4087558986139
89331,635.9927005464
78600,1689.5794162250465
52505,5251.000207803571
52245,12199.159982345676
58711,885.8066863912213
73223,1392.1861929813058
47049,610.5027404393292
97858,5008.667942432419
37884,2877.8458284026874
22993,1006.9951747394684
97490,2085.184324122271
56933,506.6989320889815
30422,2117.7433541917635
67729,4315.583174269565
25319,4696.549713716496
9238,1902.388308581172
70056,2856.2833134481907
63878,1171.3514274851536
54885,8802.02941909191
45367,1709.1614509233227
62217,1747.9099624787434
91890,2302.567888580011
50234,743.6931646305768
8585,1329.419011767252
89733,1718.1195298632076
64097,1508.4319126989863
57944,1107.5920050939642
82227,3033.946204671982
36464,1700.730553749373
5600,7505.91310693588
58661,4851.288235180458
84581,1608.0978269473603
77320,2494.178256178614
89134,1854.5123343120526
32871,688.432375920559
29453,5489.202650594548
48860,1107.5920050939642
67929,1137.6667783927624
59237,2981.810224735272
15484,1595.2506934902062
51195,5597.39525568246
76588,879.6755052532611
39853,3405.866215130236
29545,4004.5472064553855
16626,988.8301400224956
25894,4217.9813228604735
98870,1014.9794617601614
44855,1293.0107472296256
91834,3578.9643820334145
64779,1104.9321752501394
12777,847.9632377536761
49256,2538.354233838874
11014,975.759399881199
64195,658.7671152192245
30345,3202.7838376241657
30103,3827.5983134355656
77581,2677.5062798425092
38267,327.4075653051558
69574,2859.2466244655266
6906,2081.9305794415277
27313,2316.192898388276
59348,2357.3805355565955
35060,1718.1195298632076
87932,2861.5405804297343
97693,1593.1913703198334
54262,3600.7556968014096
96872,7419.10220981026
5514,5652.442897920379
86834,1376.677894046015
38456,2827.2994226308733
70545,1119.0307218153732
2349,4090.5458481342966
78980,2175.3450994236227
98201,1845.2820960809483
14103,1950.1460065173032
39636,5071.553462289204
54729,2748.7387831537544
47765,420.6507296275055
34179,1301.68625654033
29588,1469.4682165444578
35930,1192.5515190049034
90077,767.2184264736255
86907,14469.052237039283
32988,1342.94515180877
50999,6454.446772252298
73524,808.8589068391718
54197,836.080252288347
48114,3596.1972348507275
55949,1501.0940569540103
83862,962.1343900729341
5689,599.7195964202706
87383,1133.7397754957806
27814,2223.2112670307483
71671,1517.4076022062814
40823,1322.3037521668039
72019,3438.024356333859
4186,396.5587386155642
50943,1570.978344105541
71170,1904.3741078910161
41835,3375.7471919384784
89135,1516.8589263192703
20539,1908.5409547723773
67167,3982.470120386163
13800,1104.9321752501394
95906,5188.506104572955
18480,11039.781614615396
64638,3824.7978560290535
80224,1858.9071058892132
26683,4016.1929871961847
38482,5202.132728669453
73942,8948.299940328106
59808,1398.6314558485167
99065,4636.728281036972
10267,1562.3259283210732
44293,4884.3489053881085
65083,1908.5409547723773
65208,2081.9305794415277
11673,879.6755052532611
84871,815.3596127760549
26020,3265.2382847054873
77616,975.2051302142307
37943,1040.1266377478964
2170,738.6045225621315
96933,1508.4319126989863
12665,1718.1195298632076
67027,1046.0124275798196
36379,3598.477891254338
19372,2357.3805355565955
17976,9776.44256387734
85922,25592.256300765515
96746,3168.2259715588034
49200,2510.1652579432803
30609,1469.4682165444578
46521,4851.288235180458
22275,1413.055057524557
16579,6788.592691452058
82238,1398.6314558485167
17786,2622.6670760808224
90463,8164.395600385298
41484,5188.506104572955
36885,4994.341742604931
6295,610.5027404393292
97641,3951.4680883734886
95419,1490.2668779820133
92489,3954.701809780795
63143,2540.877792923776
12567,962.1343900729341
56217,500.7360245647538
98251,817.9115293644196
69387,5652.442897920379
72943,1620.1897927563025
40639,1297.5072919638822
12681,4213.297227224844
30303,1519.2302248569304
45964,599.7195964202706
51526,10488.649028152395
24382,6157.755753666522
78107,971.0760281220028
85591,3542.4507214047444
7504,3047.5712144802465
29790,1606.5647829480376
86489,2240.978215562728
49039,3156.145528602733
10900,4994.341742604931
74401,962.1343900729341
48105,1590.4091678936288
88175,9061.713960397226
94520,1530.2370792663248
95652,2303.39571494977
48740,4387.5812820766705
61687,2236.4492062515365
89678,2077.409617061433
95053,2686.677960484491
13424,2269.439751637315
99635,980.5150073019073
13928,500.7360245647538
76536,1046.0124275798196
3979,1927.994308172951
98699,3790.536855446686
5339,1090.8624169561906
80220,919.8149693119307
22945,3657.1508059229245
64176,2259.1698670007336
55605,890.275225283015
25246,2303.978783692927
14871,1296.4451639305632
41267,7402.957374276375
54895,30376.500874409052
23513,5015.1407824353455
42031,912.5798190772271
66100,902.9764378402216
27060,2541.2931207675674
46950,975.759399881199
13202,577.2069171862794
67386,761.4437001733836
33183,1214.8301526501132
87216,6328.658769987783
52098,671.1979498340032
36678,1261.6079263613262
39952,5573.48628650385
70908,1197.175097725811
19375,3591.365518415705
93295,554.7468123583855
74081,5531.939248776609
94129,1005.5162782199944
16092,3738.7297641638143
71087,403.23162067118375
90989,1508.4319126989863
12404,6571.179360635289
76484,962.1343900729341
13736,1842.9242493351105
94593,2765.92876745308
2942,3533.126929479651
15279,1273.5028014075237
22164,1286.7251805560372
54534,1257.172971858425
72809,684.8229596422681
48254,3594.618106895041
83712,2556.683779691393
12512,1845.2820960809483
58349,4643.911495838549
25771,1689.5794162250465
99811,1871.8701854999417
4625,6811.883188407281
60623,8657.80480960019
70340,996.8913820611867
82390,4124.06696306269
4639,2407.2088045261444
61269,2605.4288955298384
92878,1921.9777016581204
60464,1083.481657462159
26124,1091.3071654418745
79961,1091.0992987042162
39098,1904.3741078910161
33169,3075.84823900043
65236,793.7068858983832
75035,3299.4794425043483
55827,577.2069171862794
93330,7054.694469907265
59856,509.64162812622067
13693,1137.6667783927624
6690,945.8756423302768
30948,2307.0360346078596
40357,1372.6374816732323
99768,4516.800363290165
98119,5364.353043106423
36694,404.8509933520082
92312,3246.842951518508
18629,12697.930859771985
93693,7190.573578286411
30278,1019.1412880282593
69369,5196.777090178104
65150,1562.3259283210732
42543,1503.2339165110054
16196,10183.819084630997
11419,1261.6079263613262
36454,3938.4874095856735
94608,982.8823473571093
5751,1422.8015106359455
84208,737.8895453054013
99115,724.2645354971364
86660,2284.315373858662
97243,1413.055057524557
97321,2457.906090118366
71738,1091.0992987042162
78319,3753.2454524974537
95642,1322.3037521668039
55034,5240.209429918316
25255,1137.107504858738
68615,1984.0008423346226
88620,3094.654351187343
94090,2089.5633749226904
34789,2045.9356700701255
14413,1197.175097725811
53116,1970.080854055804
81867,2609.92409957506
48061,9336.619031464243
48245,9194.290785456604
85177,3080.684982933692
53696,3181.850981367068
71540,1119.0307218153732
14004,2597.76258770577
5896,9036.601843969267
93552,1858.9071058892132
47849,2554.5028027320404
76573,798.6986008975254
12791,4648.409570221108
76373,2661.0062124154324
55453,1023.6339313581484
39319,7245.807834333953
48358,8995.46330223431
91155,1398.6314558485167
94425,2656.7394331381083
74699,1091.0992987042162
69423,4972.785722147456
92658,1638.4437114516088
13270,5251.000207803571
84204,3156.145528602733
82214,2188.234597065635
85008,1721.581336355326
63306,649.6177103546648
22918,6610.7344639212315
54962,1066.3337324624329
35106,5442.810645394883
82546,737.0139280227551
37106,193.83758645800415
58569,1186.6840206163038
5355,978.5470602337518
828,1608.875703298471
95388,724.9795127538666
57119,945.8756423302768
55874,2068.305569633263
24488,2405.2467031637207
6984,798.6986008975254
61581,1638.4437114516088
44590,3112.6409878140926
59323,3548.331067243602
31903,4157.253471730628
89877,6517.684603667693
85112,5204.31491489238
69687,10151.510076271836
24645,4393.317119850733
4921,1168.5189858993308
76858,6314.91263407669
87432,3158.292020614382
40562,5255.073614714422
5848,523.2666379344855
94327,17392.21679811386
33978,7372.39224631572
1435,7608.9093125859035
77515,1045.197996270626
15085,254.6608638159312
52267,1530.2370792663248
87710,3142.5205187944684
47982,16036.073184158058
55461,2015.9184396460437
17212,1522.056922507251
14883,4301.961196330788
51021,3544.0468393013443
79652,17532.60866887392
26060,1718.1195298632076
94881,1956.455844247539
73736,6646.314038686955
61408,1516.8589263192703
65841,1423.9930822241854
70775,558.9502226235985
61734,2302.567888580011
8574,599.7195964202706
25062,14584.374186683815
34640,4214.823591547797
58947,7646.0065595954775
25637,6163.558082674954
84311,590.8319269945442
36269,12308.985680361378
51997,4595.200811251614
31130,1704.4945200549428
19433,534.1750367576163
77984,2730.4862684324053
99991,1501.460338550267
28579,4915.5293761546245
49777,3612.1029010626025
66444,2405.283559864582
92441,9343.429415069304
38556,1570.978344105541
84460,1880.1281405658262
27847,12864.36204760686
44154,975.759399881199
20864,3098.5659464442056
30924,6654.031097951405
98260,1970.080854055804
88358,2850.672757038057
72885,4777.650322318124
54069,1007.28933971949
51967,1091.0992987042162
76193,636.3999094635401
31224,2103.188384730955
8992,2460.2027436132353
58684,2015.9184396460437
56315,7619.862344944886
56518,4368.38000396594
72785,5881.312044189611
64621,3159.1740539168845
47594,3489.362029078002
45654,1709.1614509233227
17103,2510.1652579432803
58809,3155.8222924370352
38566,1857.2855959161213
19290,803.1295470774525
78240,2609.042066272558
37686,1332.2642839521338
47921,421.9452725478939
3467,2029.5434494543085
15439,202.11968315686028
83774,1440.9665453529185
70336,2013.2356712409778
34378,1646.4687177179205
42147,8031.363771221955
82457,1168.5189858993308
11499,7798.911144159498
35297,8637.535109025996
94471,1186.6840206163038
2714,600.7784355790566
97913,2807.523018507314
78495,599.7195964202706
32474,1858.9071058892132
98574,4916.908159398659
51917,2204.5042042207806
96185,1201.2051428418483
25777,254.6608638159312
41949,4301.958164461299
51982,799.5812359571594
84352,1074.761954862718
88568,1363.05288423775
30504,2845.621614657262
9261,684.8229596422681
76697,1125.0861516588357
76565,1330.3208291771912
15459,1137.107504858738
71954,1061.0287416119802
72301,10061.900271226601
19134,1104.9321752501394
43948,2409.397689077416
85415,1296.4451639305632
77518,5638.180869623144
27736,2265.995381636171
74549,4495.492146069695
41195,1517.4076022062814
33824,2393.5837947178798
93232,1824.1022802214125
15669,6015.1845336647375
43290,1811.5340498453036
3704,11150.733012352208
71947,975.759399881199
411,962.1343900729341
89430,1412.2564656567815
78305,7357.689730680633
18510,1437.6180920324502
35433,1127.4509977895136
20813,978.5470602337518
52935,10598.648431129897
24506,31571.41487342376
49325,1956.455844247539
95327,879.6755052532611
97497,2204.5042042207806
66329,1908.5409547723773
55499,4513.537837160048
61789,254.6608638159312
67314,10833.718980367697
86299,545.5891597284981
79868,2045.9356700701255
53323,649.6177103546648
76939,3028.1316601837875
88952,11349.573397577147
40677,1412.2564656567815
37787,1984.0008423346226
36725,3443.1732498642423
91826,1490.2668779820133
61400,1010.5163918694516
32636,1214.8301526501132
53405,1525.183715332589
47980,2409.397689077416
10509,2285.1091008490434
9119,4465.663223951416
59828,714.7395722284641
87559,4393.4362950697105
42681,607.4406824555989
48652,1289.0818797550378
81553,1721.581336355326
77551,4575.966488164133
59621,523.2540542407542
96055,4703.041319231438
94936,1047.4037318037153
66032,10104.222174325609
63893,1840.897131165781
49899,2878.438315383583
23836,3596.1972348507275
57667,8085.633482627393
33508,1213.577718893511
23796,3640.387372619648
94993,1854.5123343120526
97925,5992.736441197686
53715,5457.069322370672
23657,3612.1029010626025
66643,1405.340685517096
2430,740.2703736611157
67720,487.111014756489
85927,1950.7766327874158
47388,14027.258907406745
40551,3824.7978560290535
96444,957.7405926290828
69441,2350.434056187137
12297,613.1818285536093
22461,4912.509122202639
59860,1296.4451639305632
42265,1050.4823576808924
22597,7189.3571676554975
19343,7416.582384084641
10403,2983.8931731920557
66841,3357.875031965533
14589,3553.03406137481
42603,4531.046965852659
46832,1200.3090304245686
97141,9308.440601540678
93817,4271.393036500644
59891,3868.485270450563
89145,1845.7752076441645
4181,545.3252128153337
79495,2439.3172150967116
11309,248.37439644968748
70474,2609.042066272558
12687,6951.586584945818
90365,9663.147580481269
34218,1045.197996270626
81637,831.3895202089034
21657,1702.812144859521
40037,2956.2757483194446
5574,4671.969007133812
18775,3080.684982933692
26083,1412.2564656567815
8022,1150.7325146670028
95307,1490.2668779820133
23998,610.5027404393292
89754,1525.183715332589
95819,2153.993439266774
91143,6303.565503400706
89638,2749.176689837399
28029,1186.6840206163038
93631,1200.3090304245686
95347,3630.8583699758387
59536,7156.590172264098
25235,975.759399881199
51882,1871.8701854999417
48926,1125.0861516588357
87221,1952.240275498142
7242,1233.9187354195578
4135,1746.3414956508768
72388,11290.68285366337
3253,1599.8556914423846
51211,945.8756423302768
80736,436.60819805529735
17901,3156.145528602733
55246,1718.1195298632076
26255,2986.0800370648562
66865,1718.1195298632076
86826,1092.2555071154334
68715,743.6931646305768
67192,2269.439751637315
77423,5037.0693269949015
55998,4725.212955239845
29128,3614.3807066096742
34284,2209.5862572224837
49895,815.3596127760549
13688,13344.423098452871
50423,1247.5437452278227
10553,5977.447839732477
45917,2726.989508804862
27745,803.1295470774525
27603,350.9116187425199
60381,435.5702823561587
73623,508.9225645782418
85247,3357.601885886074
76122,3971.2273521561633
54789,4989.1236891877425
13117,2303.39571494977
15013,5942.532931211792
75061,2307.0360346078596
56821,3169.4473022453
67548,545.3252128153337
94335,2038.4455458605603
25664,1811.5340498453036
76604,1675.9544064167817
3067,962.1343900729341
42686,10625.318139463066
66947,3924.803514318646
27955,671.1979498340032
1744,13880.61217116261
92366,2090.803832441726
20320,11587.002127448186
21735,6174.897464392339
79215,6531.309613475959
23000,2330.9309290527053
65723,1906.773273496339
97278,724.2645354971364
23263,1960.8579701560436
62138,3738.7297641638143
21497,1005.5162782199944
94011,2460.792024566938
69666,3032.8188153265664
17808,3366.295307939673
42139,2369.9620800823573
59922,9244.536142734452
21057,3542.4507214047444
43014,1186.6840206163038
26454,1503.8918877902781
80713,8477.014967449395
52005,2415.161803553739
85771,1531.7701232656475
95991,1038.017004188818
71660,5215.44665343575
39182,2416.8431309551006
95591,2622.6670760808224
87664,1169.9529016462766
6811,2292.4514450240395
98541,1322.3037521668039
31317,2204.5042042207806
86050,799.4691228195461
34547,3257.616439389377
4107,7177.430664889786
84342,5008.667942432419
64759,645.1421054109596
42344,2858.364591163024
68853,4231.869224310003
59957,2383.618921407894
89866,2653.295063136964
922,2103.188384730955
85638,688.432375920559
26224,10259.955292356977
69020,962.1343900729341
78350,4859.663460637626
82296,9398.487085854504
81615,8275.732740852025
32076,2815.2953721658737
44679,2276.2901584022634
19080,2682.6201008252797
80382,630.2861496505848
87555,523.2666379344855
96928,2932.341400706574
40848,2428.020332333591
34948,1608.0978269473603
88986,1405.340685517096
14813,296.70141968157617
87882,7362.2445278905425
19914,435.5702823561587
3259,808.8589068391718
25234,6365.335948070518
45470,3212.601793719647
12729,3169.4473022453
92037,1426.6800673328219
46912,1287.1278112157886
80707,1598.5395387232634
78839,2081.9305794415277
3303,2089.5633749226904
80076,28677.20158058083
14745,5266.730731619187
47428,3443.1732498642423
5140,774.3162763995055
38917,4513.537837160048
1478,1104.9321752501394
32429,2218.129214029045
50785,2244.5852774169134
27456,2572.204685982632
92853,2768.6206587122647
50658,1233.9187354195578
23418,8661.686138142293
20277,4512.794451131308
75569,1078.6304973071685
68406,1797.9090400370387
31542,8198.984019665319
50004,794.1209448977372
11699,443.7051833452967
37955,822.2832697535359
91267,5988.036374845474
75787,6542.279033043874
11165,3155.8222924370352
46991,822.4839166474367
69231,2153.993439266774
83804,2759.672252494432
73094,3046.443825134831
60892,724.2645354971364
18924,2383.618921407894
43230,6188.96587634847
34636,2430.421565806541
47618,7045.328422066508
53883,975.759399881199
20383,3032.8188153265664
79862,3108.2990656100933
47503,2089.5633749226904
15851,5097.0227092292835
1282,2609.042066272558
32868,1363.05288423775
54518,2815.2953721658737
57488,2953.629210455193
48388,3003.6557729066885
41458,2518.0434879919035
21084,1392.1861929813058
42954,4974.853194049185
57298,1192.5515190049034
48258,3328.497795190471
55299,1454.8402942718772
59863,1186.6840206163038
7754,9872.058026842584
44205,1858.9071058892132
55055,3073.8979208603237
54645,4368.38000396594
52507,1345.5896901784893
75236,1795.542481818229
77724,4691.431415602906
52899,3811.172846220789
54918,2161.720089615358
96874,1620.1897927563025
72112,5477.104005109235
5200,1104.724308512481
86563,1286.7251805560372
46359,994.8239862274153
35629,1704.4945200549428
51037,344.1854167073581
59558,2510.1652579432803
71876,1104.9321752501394
7731,1845.2820960809483
91001,435.5702823561587
36679,1921.9777016581204
86521,688.432375920559
70633,1283.8822821556173
74942,1010.5163918694516
33223,3614.3807066096742
61260,5788.108952925291
95706,541.1218025501206
20734,3745.207081723355
65613,568.3409253651507
35654,3132.8581015829077
79567,1047.4037318037153
45955,2260.546087813905
34232,308.53825756790195
61294,3391.843043684935
69722,12531.809797066486
33619,3360.317894925658
16773,3786.59593177094
32675,2415.161803553739
13195,658.7671152192245
94000,611.2233303218293
48468,3392.2412053219714
43746,1797.9090400370387
3610,943.1020952097509
31126,5356.4112325946735
32748,1503.2339165110054
10864,554.7468123583855
89227,4319.833356303733
46536,1522.056922507251
35890,1233.9187354195578
81988,2452.060191602474
72044,2990.030763098424
4049,1059.6374373880844
73719,1947.1985743290788
59976,8404.106419635833
70742,472.3730528150543
94945,6514.534705839076
59699,834.3382279454113
14128,1391.7156757088312
73108,1797.9090400370387
25265,768.7249166236063
13436,2371.730413151951
6724,407.9424599619771
4795,1606.5647829480376
45001,2476.8630564234836
84158,4223.5268688935175
618,3836.9274845429386
51785,4617.593360971789
24438,1508.4319126989863
70128,2505.300511486141
39988,2543.9408031856306
1618,3015.3886836780252
86104,3720.477249442465
17733,2089.5633749226904
30664,1871.8701854999417
89142,1687.1055439411082
60531,1194.1425590152585
20359,2746.031841091924
82547,1137.107504858738
67670,635.9927005464
27330,1256.1263710175501
98348,2297.919258601749
59832,616.6611398423199
75211,3328.497795190471
10303,2452.060191602474
44025,697.3933959455766
52240,1999.5568609102436
96067,996.8913820611867
62616,1698.4257861286974
60694,4425.004349537108
40522,1522.056922507251
61105,23302.637115744466
79962,3472.2655141327195
5585,8208.786599211882
48038,5094.884474572088
84284,2923.912080769949
85731,1704.4945200549428
29882,2068.305569633263
91956,487.111014756489
66915,1200.3090304245686
41133,4257.768026692378
63499,2343.755525748331
60386,2103.188384730955
74998,774.3162763995055
78592,2302.567888580011
5449,4434.059502537195
17445,2507.7640244703302
43722,1084.3740690576417
25979,2260.546087813905
51764,6436.346242129796
17111,2404.7530413707204
19004,9355.11335156112
23091,635.9927005464
1968,11270.413153089174
81058,3797.56536830452
73866,975.2051302142307
54600,702.0573857288239
60794,1811.5340498453036
91631,296.70141968157617
42827,5083.397699421018
32971,4016.8598196946937
36967,3752.354773972079
83900,724.9795127538666
50891,397.70667722171413
85971,1556.2087317210764
17397,5801.568352052868
94807,3857.5678852214933
43728,1201.2051428418483
44959,1047.4037318037153
12098,919.8149693119307
20299,826.3318053385599
74423,472.3730528150543
17405,3972.6696819257722
6205,2989.050292657145
44221,906.1899595036658
64709,1127.4509977895136
56843,1492.6737809798703
74119,1036.777720296486
51100,1795.542481818229
53056,1405.8112027895706
86443,782.976416429798
78840,3367.1163534998313
88757,270.28150295680825
38475,1764.5694274840682
27010,6877.06359809077
16167,3307.1062703482053
80877,3438.024356333859
44699,2713.3644989965974
29557,1986.8138844044822
84015,1023.6339313581484
26670,2337.2023782837778
26448,2306.339534575889
28603,6104.016108591242
25994,403.23162067118375
95259,3534.7060574353372
65089,11264.17950993419
41839,2064.040725776797
42547,4601.767960925334
92554,2605.4288955298384
45614,1576.784158085364
22094,3299.4794425043483
46251,2259.1698670007336
14775,2970.268163383791
52300,1811.5340498453036
25354,1160.749515843121
18473,893.0822605674301
29261,3523.7367510939466
15068,2275.3625692778674
39817,815.3596127760549
38468,1746.2919537358232
49283,5307.318157012823
11540,3080.684982933692
85032,4871.584379580668
33338,3094.654351187343
30565,3823.3267274226328
24799,2632.7588925833497
83960,3548.331067243602
24204,15535.898759441154
88240,2430.421565806541
63658,1014.9794617601614
48446,1531.0326120145462
62767,2180.4855127601245
78520,1005.5162782199944
46003,1061.0287416119802
24743,2609.042066272558
71390,2291.4969656447756
78032,2475.8864999407165
24078,3216.4088474324303
94672,1168.5189858993308
48304,2457.2638566845417
46605,2653.295063136964
83367,3032.8188153265664
1158,3614.3807066096742
31822,2494.1390146620656
53533,344.8047488807291
46549,2017.9470216629286
15488,1412.2564656567815
99715,4744.804246429612
31631,6347.755641169627
53259,4076.920838326032
54401,5912.992749060943
51378,4170.583388230116
55163,8032.187491858538
19842,5037.0693269949015
68773,815.9188863100794
13046,577.2069171862794
65498,2063.7846072531684
96190,808.8589068391718
96550,3695.989106504624
97163,2622.6670760808224
91198,2656.7394331381083
47308,966.8899974936425
26402,17366.72924013609
81050,705.8295594961323
99299,2137.5426107034364
54930,1376.677894046015
79483,350.9116187425199
49471,2507.7640244703302
36521,2773.2972623026967
82145,2327.465112389405
83200,4727.354405274795
90927,8017.984537220774
68489,2029.5434494543085
64057,9731.943049543092
89346,1133.7397754957806
96456,8748.872965736824
39815,1188.7792081636205
91511,2175.3450994236227
77347,4467.3724694271605
33309,4118.784949074041
44356,416.4108862793627
84341,1376.677894046015
66356,10856.38992710895
45862,1200.3090304245686
80488,1019.1412880282593
66798,630.2861496505848
49155,9389.95134565888
98357,1824.1022802214125
50910,2746.031841091924
80866,1168.5189858993308
117,2104.428842249991
45497,407.9424599619771
7630,3520.1124916884737
52417,2845.621614657262
58758,1233.9187354195578
69649,2337.2023782837778
11973,20954.435890837674
48755,4302.261321637463
80393,5912.992749060943
4493,327.4075653051558
35815,962.1343900729341
50711,1501.0940569540103
92567,2089.5633749226904
24648,688.432375920559
3886,5530.412884453656
68482,5343.57776919844
15138,2663.8812700342446
85708,7292.648554178977
12873,1875.4128178296812
77087,1107.5920050939642
77509,697.3933959455766
76507,1921.9777016581204
13679,4663.246658042385
12978,2762.363792962019
94496,7513.809343258939
20146,6477.4249625718385
10641,761.4437001733836
79034,1889.037827637946
23572,906.1899595036658
13570,2911.2320600143635
17173,1426.9062128292926
16617,1454.8402942718772
65291,349.45005775132023
52747,677.4757129881013
19660,1646.4687177179205
44227,8756.801275916392
9476,443.7051833452967
4130,3357.601885886074
81233,808.8589068391718
90213,2031.8670099417484
42994,4214.823591547797
7948,3314.8727853822065
18152,1047.4037318037153
77661,2773.2972623026967
21247,3128.6106614834007
60935,1824.1022802214125
26037,600.7784355790566
66196,5592.976987127871
99394,2302.567888580011
65033,2677.5062798425092
23124,1797.9090400370387
28095,1273.5028014075237
23196,3705.3792848903286
58078,1797.9090400370387
6608,568.8144017292468
40261,1233.9187354195578
87330,1332.0699708837801
33701,2258.1107340330996
14759,3343.9768760778093
56793,4545.221578795708
9986,1919.7363531070678
13866,779.0780852362445
9438,815.3596127760549
92859,6492.322790256214
91578,1947.1355077694388
41650,1503.2339165110054
49021,1566.4694598307085
92409,1096.8394225497161
7639,1182.1439957075956
5249,1675.9544064167817
46614,2846.4028423797818
63117,803.1295470774525
10506,5544.512713533662
35672,5641.7907485441
8115,879.4572507591653
42787,1620.1897927563025
81440,2416.8431309551006
63797,6235.040895361266
42990,2976.689858679152
7633,6231.628404437442
74507,1014.9794617601614
36473,18604.828232050142
76296,1391.7156757088312
47138,2510.1652579432803
11024,9061.713960397226
42132,2240.978215562728
85132,4622.4447801873
91864,8904.419839175462
9330,1652.9139805851314
33784,349.45005775132023
95585,504.17348711535635
7621,6522.887918216869
32777,2393.5837947178798
25626,3098.5659464442056
92502,2567.0438633583126
78256,4052.4133740625116
10470,3033.946204671982
86964,1283.8822821556173
86896,1422.8015106359455
40834,1273.5028014075237
85334,709.4281712343292
6616,8565.162964112707
62338,702.0573857288239
90383,1201.2051428418483
35947,3608.569403733219
20626,1687.1055439411082
73176,1059.6374373880844
44039,1628.16681637323
48994,1885.4951953082066
66564,3033.946204671982
71194,5094.884474572088
68413,975.2051302142307
146,2843.766200388941
96713,608.5293430376533
30275,13123.946233556726
92625,2037.5153940959851
82671,1845.2820960809483
53245,3080.684982933692
86791,3076.4018364659937
27943,1311.4972578246359
58091,1845.2820960809483
52023,2335.7527538007685
47680,1956.455844247539
56632,1797.9090400370387
27637,2741.779254290863
55398,4439.939568657837
23105,6334.187246463928
25506,254.6608638159312
45143,5893.84316886283
85271,4643.911495838549
3506,1777.8167287348806
45838,1192.5515190049034
66162,20371.922712206997
29110,1606.5647829480376
36006,2597.76258770577
99817,1083.481657462159
55837,6141.743141705093
89268,3155.8222924370352
15195,1257.172971858425
84979,1485.9982246393604
62245,966.8899974936425
83660,2415.6297612266835
57824,1624.2409829716298
1761,1536.5591757974128
45571,3591.365518415705
7631,5007.966752413196
48169,2438.6707206469937
49294,3548.331067243602
9306,2781.2972748425773
7544,1675.9544064167817
57357,9413.397394218831
76057,4685.651392935858
27033,5228.110784433004
16702,1150.7325146670028
99949,2218.129214029045
54230,2357.3805355565955
93028,879.4572507591653
20520,4838.19814796899
312,5880.218159054564
75646,724.9795127538666
19682,2343.755525748331
57218,782.976416429798
19981,1069.8566476538942
3920,441.6639228477289
40075,1673.2142680723919
96383,7355.079856946269
5197,6171.380763474787
11992,4645.437860161502
40171,5531.939248776609
92938,2406.6195352454984
23406,3591.365518415705
15390,2352.925273283417
28788,2490.4880662317482
69989,1110.356316934591
84759,1604.0245431434805
69798,457.3301931535615
73526,2953.629210455193
17293,3957.6023423478987
40107,2398.119917988322
30841,1423.9930822241854
26133,1287.1278112157886
99496,2265.995381636171
75146,1522.056922507251
38621,1687.1055439411082
40975,1316.6958193689263
78331,3267.006617775081
81342,12300.96682486494
80242,1454.8402942718772
58808,2639.6700533286994
45482,2583.6708128134205
83779,2236.4492062515365
56970,1104.9321752501394
15176,658.7671152192245
24805,559.6649968646872
53307,1006.9951747394684
37538,6070.861785903996
86473,1045.197996270626
79462,1522.056922507251
76096,808.8589068391718
39630,5254.592237755291
20904,7041.069460098999
84552,876.4947044410683
39332,1740.6796354184596
50061,975.2051302142307
49043,3343.9768760778093
61270,2409.397689077416
13875,2218.129214029045
92210,1275.232936169591
22630,353.4446702932447
63235,1525.183715332589
34286,5325.207458786882
67153,1809.538017723434
29577,2222.2920203459407
94922,2856.2833134481907
94080,2987.870368254054
48879,3558.862581178935
43051,8164.395600385298
44220,2793.263328076097
11241,1606.5647829480376
35245,3490.478255356253
89418,1023.6339313581484
3787,3186.710656563389
81648,5487.971315616608
13468,1570.978344105541
65279,2476.8630564234836
59072,3710.699052565806
68334,3662.2468742167994
93897,7158.147044973549
67864,2204.5042042207806
41787,5314.228838354211
42054,4659.633693033203
2082,2475.8864999407165
75214,11216.097614318722
15365,1875.4128178296812
91190,1350.967951395463
37679,1186.6840206163038
1070,6632.6487235680015
14924,1070.839742896286
46784,4883.354051805232
92325,1525.183715332589
38484,1422.8015106359455
40341,4954.170958726066
98587,1019.1412880282593
31418,2116.1717372403887
39490,1050.4823576808924
86508,1426.9062128292926
28835,520.3239418972463
16294,4961.09829716758
26414,4793.473087603272
84795,1854.522140974046
46687,1310.6143409967299
42705,1047.4037318037153
62433,6477.4249625718385
40285,2773.2972623026967
55719,2741.779254290863
57995,893.0822605674301
73,4053.706655653735
70363,7958.6582676314665
94904,2038.4455458605603
92094,3108.2990656100933
87228,3786.59593177094
63420,1007.28933971949
73227,3821.4134129042072
64790,6172.736351196846
84869,7856.167490152329
51550,876.4947044410683
10677,2870.855265759016
93984,1440.9665453529185
73822,8000.1536485400065
7233,1921.9777016581204
81563,3797.56536830452
68530,2068.305569633263
23470,1598.015239306893
53467,1350.967951395463
597,4841.783930455704
56321,4846.390439874162
40723,2664.090340163111
26798,3443.1732498642423
6302,1186.6840206163038
54980,5497.645889062257
86632,649.6177103546648
55665,1570.9436229789749
78578,930.8028569967994
5357,1104.9321752501394
97382,908.6349019104523
71976,1057.2147330880211
62110,2986.0800370648562
99761,2605.4288955298384
25038,4257.768026692378
26263,2292.4514450240395
32248,436.60819805529735
96782,1287.1278112157886
72395,2405.2467031637207
11766,4462.7675038943935
53525,2476.8630564234836
36651,1447.697696243298
94528,6986.0117893138
81197,920.5636783794733
62666,2402.4188270479767
34787,4026.6602581550846
16956,2343.755525748331
83039,1718.1195298632076
49697,1369.1516238863978
33822,2807.5384201015577
2229,1332.2642839521338
397,2081.9305794415277
20777,2748.7387831537544
43763,1382.7766336946627
37998,3051.521940513814
35392,1104.9321752501394
77560,1795.542481818229
74260,1858.9071058892132
69796,4143.783176756775
36156,9697.954098072838
9727,1628.16681637323
56683,1036.777720296486
80178,2490.4880662317482
95524,2858.364591163024
49326,1748.8879812774483
38898,4016.1929871961847
74219,1437.6180920324502
37910,1704.4945200549428
90007,1797.9090400370387
91580,2609.042066272558
32085,8013.8549435306295
49215,782.976416429798
32869,15554.978165487608
12545,1156.3278918380117
78550,2272.794876808998
76922,3391.843043684935
12713,1322.3037521668039
85048,1332.0699708837801
18884,2283.0647614455797
51413,1440.9665453529185
10869,2191.704499654666
83365,3948.2289625873022
80123,2846.4028423797818
34399,576.4087558986139
48209,4257.768026692378
58185,5210.40209998637
33698,2259.1698670007336
5808,2827.2994226308733
95213,7190.883531978449
4223,2236.4492062515365
54824,1970.080854055804
176,697.3933959455766
47021,508.9225645782418
68215,8601.096997303062
10027,444.13162415457714
85489,576.4087558986139
15025,1014.9794617601614
35727,799.5812359571594
32183,3624.2015465479153
26678,4578.913133459785
6949,314.65201738085733
60908,2457.2638566845417
16959,2198.8337313460956
3829,2555.630192077456
17262,2208.1878012327397
29356,2317.3059192444407
90115,2975.7733736026216
6902,1332.2642839521338
53146,4148.840295158365
59166,1057.2147330880211
49362,780.4959350894724
82464,677.4757129881013
70889,172.92490596222714
89966,1369.1516238863978
33489,2162.7711471448974
39139,822.4839166474367
99265,30640.423043051487
6399,1527.7853261441385
46332,2204.5042042207806
25618,2081.9305794415277
1732,4518.710142171301
54495,2404.7530413707204
63923,5608.2527601514585
63519,1104.9321752501394
13732,4399.679927561983
74846,2409.397689077416
35078,3533.126929479651
89230,1069.8566476538942
61729,3655.345958024888
50199,938.0509108739268
84247,3198.9767839113824
12007,13069.192400088557
82727,1885.4951953082066
67652,443.7051833452967
96987,2318.4953324607195
96064,3570.5441060592743
3291,2302.567888580011
23970,2011.637183932694
89264,2687.698658965493
32752,2350.434056187137
19423,5881.312044189611
94397,1376.677894046015
76257,1876.2948511321838
5841,5097.0227092292835
73854,1422.8015106359455
43908,730.5291064516555
6633,1546.524009784209
88600,13179.258008712846
91996,2089.5633749226904
89173,2663.8812700342446
26571,1121.217014902229
77371,500.7360245647538
74688,724.2645354971364
45779,3362.0509419031023
62610,1200.3090304245686
52446,3553.03406137481
6613,1019.1412880282593
50924,782.976416429798
79138,1200.3090304245686
18617,363.075067559585
35203,3924.803514318646
23976,4631.812850353236
80190,1695.5364411150579
72692,3094.654351187343
21029,1091.0992987042162
66972,5037.0693269949015
3229,11527.031532789424
97551,1492.6737809798703
74662,6303.565503400706
67567,13733.422748714333
19053,1125.0861516588357
26120,1899.366792740653
94363,2204.5042042207806
91753,1324.2393508049947
75923,4705.939892102201
70015,3598.0896120320585
20352,421.9452725478939
67871,2527.668110959303
34297,10109.741692542497
51664,349.45005775132023
37695,1069.6421375126702
16553,254.6608638159312
78607,1276.2153379215088
10745,1006.9951747394684
96970,724.2645354971364
75544,8839.680875724594
40714,2875.165590237999
14446,328.2770271891221
82134,3456.798259672507
32065,7360.678890196671
60662,1652.0687212598737
56320,2748.3230936025725
61832,3558.862581178935
14520,2140.3684294585096
19466,1824.1022802214125
45074,5050.694336803167
6440,2161.720089615358
69299,1595.2506934902062
21404,782.976416429798
56299,3362.0509419031023
4763,3443.1732498642423
85985,2102.51331432738
37453,1323.6496949096402
61828,5242.974969229109
60444,2236.4492062515365
52118,4464.928283524182
15538,5730.85260693246
47739,5421.80342273041
66338,1057.2147330880211
90700,743.6931646305768
38417,4512.794451131308
73909,2856.2833134481907
8889,930.8028569967994
87249,1519.2302248569304
71621,2464.709298562226
56439,2303.39571494977
20100,4325.935844052114
28841,1595.2506934902062
16872,1871.8701854999417
39054,1508.4319126989863
65743,2858.364591163024
70296,6408.976528191808
57923,1858.9071058892132
27465,2622.6670760808224
37180,2637.1402333991664
96790,1950.1460065173032
56795,694.5649305567916
52131,1802.1708128338503
9058,1216.4169148095496
15457,3280.6316275833456
89753,6368.8074532075325
96895,1282.276651060798
44535,3491.039417471368
29271,769.3514066215331
88923,769.3514066215331
44651,1797.3922296052297
65817,2605.4288955298384
51912,5880.218159054564
37007,1287.1278112157886
81667,2420.3149098807326
51158,1698.4257861286974
91186,862.8696946328034
96370,3028.535668858868
22908,1019.1412880282593
91633,2773.2972623026967
8456,4531.046965852659
14366,1069.8566476538942
74620,5232.5964571895765
53546,1719.9207722246417
15040,1702.812144859521
13141,4143.783176756775
98250,993.3701649312036
45265,1905.3290001836224
15781,1322.3037521668039
73468,2236.4492062515365
6376,4755.846012102428
32842,3032.8188153265664
66679,769.3514066215331
94246,10901.524589621607
58759,1047.4037318037153
99581,4425.004349537108
76089,472.3730528150543
24332,1070.839742896286
82381,2140.3684294585096
46696,3186.710656563389
46293,725.9661728201017
47312,4636.728281036972
35149,980.5150073019073
83956,870.8036269222204
51322,1046.0124275798196
22307,2540.877792923776
4345,2827.2994226308733
31024,2999.705046873121
18227,4956.3096558512525
13396,4556.984588900229
16645,254.6608638159312
66824,3251.6132748972227
28787,1006.9951747394684
24249,13782.918707974215
61972,2343.755525748331
87345,10951.310707976683
32883,2247.803111308143
72498,11099.660576416665
99994,975.2051302142307
29405,1104.724308512481
1622,414.0775846855659
43158,2326.9156084348597
2840,3719.004294698593
40247,3732.4641052175925
42758,5056.728386013308
81230,1508.4319126989863
47041,363.9547021384635
30494,1212.2865174841284
18532,3343.9768760778093
330,2700.621522490835
70891,683.7683861373117
66047,5347.049274335455
89587,25882.229746133118
62911,2858.364591163024
34032,724.2645354971364
86035,2303.978783692927
29599,254.6608638159312
53315,3028.535668858868
31617,683.4555748928256
15323,1364.6401006923227
37423,1984.0008423346226
17956,3960.54157582661
53872,1301.6284418875273
54926,1578.606780736013
30713,1150.7325146670028
6386,3335.922961453888
96939,5179.490507293477
14319,9503.255179657428
36018,714.7395722284641
56852,4423.7174983262485
45889,506.6989320889815
52681,2316.192898388276
74368,1947.1985743290788
25111,2588.7439605309014
74531,2793.263328076097
63712,6294.454592269421
34343,4223.5268688935175
23515,1310.6143409967299
91955,4412.570141734861
72391,1909.4145479339227
52831,1603.419870050225
67435,3648.122938897499
97218,3246.842951518508
28051,6377.7727543840165
95928,6887.118516978946
89008,3622.1944135414838
69180,863.5323305969304
82926,2357.3805355565955
4323,5938.033306631751
52156,912.5798190772271
12457,2343.755525748331
3603,3405.4680534931995
32265,1593.5545318964423
7336,1885.4951953082066
2060,1845.2820960809483
57201,3648.6218644085347
59772,1797.9090400370387
80390,1533.6039913067289
35555,782.976416429798
54117,932.250632522012
60687,993.3701649312036
26191,1503.8918877902781
72607,5007.966752413196
7125,2104.428842249991
18731,1005.5162782199944
53313,912.6378222798264
37229,3169.607513769131
86037,5336.268470330162
12169,1608.275967416525
20891,1372.6374816732323
2961,884.4286367304852
88657,1604.0245431434805
9803,337.2857042919495
7176,1275.232936169591
73826,6498.636910021219
7644,884.8505776879402
37906,694.5649305567916
93171,3051.521940513814
4628,2000.840202287195
93955,1797.9090400370387
44762,10622.047952728268
32245,765.4530754279797
92655,1985.8523094643008
31169,1702.812144859521
85578,1845.2820960809483
879,3051.521940513814
40645,939.8600342786432
97089,4495.492146069695
34921,1970.080854055804
72968,1338.782645855913
68293,902.9764378402216
84116,6656.983484521114
23213,697.3933959455766
22228,366.68448383787603
41533,2559.2869112939966
68257,932.250632522012
32421,610.5027404393292
16514,1083.481657462159
35970,1182.1439957075956
76008,697.6839507582135
24051,3859.0390138279145
35087,1376.677894046015
50158,1110.356316934591
88956,4531.046965852659
64308,3897.4454637879653
64760,623.2197533530209
25180,15311.993585852477
41541,2677.287782098787
47827,1759.9665054591417
78192,1010.5163918694516
8418,1083.5927934344136
7715,4118.742516720102
56628,5022.292952240685
36431,10560.147502524285
43751,6248.416760574768
40861,1214.8301526501132
38248,1516.8589263192703
59095,3798.447401607022
85785,3378.877461492521
8407,1797.9090400370387
81975,2236.4492062515365
41735,2068.305569633263
96577,975.759399881199
94872,1517.4076022062814
61617,671.9454816806908
54366,1557.31861317071
78123,1591.3687476691844
67932,2128.176500539068
43049,2000.840202287195
34729,11527.031532789424
89220,1695.5364411150579
16578,10253.680575203274
13452,1345.5896901784893
93264,996.8913820611867
29193,599.7195964202706
14274,1201.2051428418483
64822,1525.183715332589
52561,3003.6557729066885
21626,554.7468123583855
76583,3934.6039527790376
91974,3037.8969307055495
80876,460.006139244277
32223,1050.4823576808924
8131,607.4406824555989
43889,2401.5367937454744
84664,11583.950612164508
86662,2385.3554229602155
80158,1392.5876349789685
33073,576.4087558986139
13385,4426.1951515431265
91986,1522.056922507251
2049,4274.78345799248
59294,4382.0050137742055
53733,3320.73128015647
94797,4038.788364254247
27527,1970.080854055804
48977,2686.677960484491
53410,1503.2339165110054
56459,500.50228860410164
86414,697.3933959455766
87911,1091.3071654418745
81872,2126.7993920234057
84508,6070.861785903996
1914,294.91324775963716
75034,7920.404804851698
2054,5329.952759390175
26988,693.0237029398203
135,317.35955565708593
61073,603.4809837318005
26884,2947.2437850713286
79881,5518.3142389683435
23678,2146.242977050042
84838,1604.0245431434805
20020,3094.654351187343
90796,3752.354773972079
15473,3558.862581178935
59581,1370.8333216946287
87633,2223.2112670307483
99676,938.0509108739268
64479,17980.303836870648
77314,5251.000207803571
99489,3983.325997641475
55026,405.089570957203
592,1295.9016608690629
94863,4257.768026692378
63604,3251.6132748972227
52960,2700.3029702927556
93865,4646.008683224937
58576,2252.370371827906
45722,1363.05288423775
68931,893.0822605674301
31852,2901.91002730474
87450,2302.567888580011
79563,1005.4932562745769
98234,1156.3278918380117
829,1858.9071058892132
31484,2596.2990897667955
36983,576.4087558986139
82123,876.4947044410683
81311,1508.4319126989863
44582,6986.0117893138
98213,16534.493870784165
84846,1912.9918025489178
85500,2029.5434494543085
13437,1595.2506934902062
93789,996.8913820611867
50060,4753.806059709327
58134,2409.397689077416
44597,198.18302565485894
88862,1261.6079263613262
498,4309.514130431569
81796,1811.5340498453036
90270,3719.004294698593
5385,2307.0360346078596
81984,3558.862581178935
23328,3094.3099927419566
57613,1711.2324208336609
89028,3656.4355713403447
98426,4115.079740989225
46457,2542.005182269191
50113,1091.3071654418745
82584,1186.6840206163038
9299,2923.912080769949
29073,1306.6357570378905
49013,1392.1861929813058
11104,4453.747459618895
63651,2632.7588925833497
97247,2767.6722650343127
72381,1718.1195298632076
18094,5135.962599329757
33442,8921.397947267036
47430,939.8600342786432
27400,2198.8337313460956
46046,1019.1412880282593
2628,3108.2990656100933
3247,3917.3427012520447
27542,2507.7640244703302
58429,1875.4128178296812
2367,284.92153328299514
980,5144.876382676622
94899,1845.2820960809483
99493,1488.3740937370235
19873,1503.8918877902781
22743,2064.040725776797
76731,3357.601885886074
13840,2228.196812666573
71869,884.4286367304852
22418,2316.192898388276
76897,2806.0063045818592
53428,2013.2356712409778
10997,2203.3210693088404
24442,1091.3071654418745
74945,3424.3993465255944
5512,3405.4680534931995
91530,1570.9436229789749
77650,6268.011949032884
21997,3201.053743540375
2462,9047.97640635681
67919,1711.2324208336609
14533,4807.098097411537
11444,13148.790482270499
38093,1675.9544064167817
70692,2258.210287225178
28207,2677.5062798425092
74488,2081.9305794415277
2540,3971.2273521561633
74893,3377.0545675357675
5730,4426.1951515431265
5847,3414.9825211069574
12441,939.8600342786432
78293,7028.231907121228
47711,1119.0307218153732
54903,317.35955565708593
68527,966.3970606874044
41409,1909.4145479339227
96422,1408.2353536572366
9512,702.0573857288239
57782,594.28178689978
25824,10292.940306456794
33090,1984.0008423346226
15342,3362.0509419031023
37063,9991.033413850273
19867,1405.340685517096
49788,3827.5983134355656
77933,1091.0992987042162
20920,3745.207081723355
98576,10241.06093219906
97882,2072.4413476165087
19265,1261.6079263613262
87036,2496.5402481350156
57910,3786.59593177094
86336,975.2051302142307
85979,14740.873906685869
10104,1261.6079263613262
48041,1777.8167287348806
68567,971.0760281220028
51935,1273.5028014075237
33425,4334.062462621979
53429,5179.490507293477
4681,2779.791401236963
35435,912.5798190772271
10091,1126.6746754235614
54577,1999.5568609102436
46232,2102.51331432738
46082,255.92921189142356
74608,1059.6374373880844
19330,3971.2273521561633
68935,738.6045225621315
26934,4143.783176756775
63993,1205.9489473790852
7622,3343.9768760778093
96789,1192.5515190049034
54790,1059.6374373880844
17299,2311.8159909239102
11647,1836.9087405449484
70023,4765.472596335699
30601,1777.8167287348806
3209,6863.4385882825045
72351,1527.7853261441385
37962,1324.2503083627635
93996,3341.8962984014624
47913,2870.855265759016
414,2836.6318077977667
28222,436.60819805529735
23739,523.2540542407542
33071,1647.0612510592168
6169,2302.567888580011
40164,1721.581336355326
51206,962.1343900729341
62928,975.759399881199
15037,1104.724308512481
40846,630.2861496505848
42920,1595.2506934902062
27096,1718.1195298632076
75280,17970.24500544306
11824,2343.755525748331
2307,813.2062457654242
96247,4143.6284619223625
91142,3719.004294698593
18848,1423.9930822241854
36546,2063.7846072531684
9607,541.1218025501206
80906,7636.502964593061
38630,1019.1412880282593
87737,1488.3740937370235
50184,6198.554273390005
21573,1057.2147330880211
63663,6571.5340008958
52285,2140.3684294585096
66429,1689.5794162250465
1500,1296.4451639305632
17008,1628.16681637323
84646,3108.2793609956075
26337,1503.2339165110054
24739,737.0139280227551
28719,2349.1785071643094
84024,4915.5293761546245
34799,2719.806097427187
62302,4040.2852679633493
41889,1059.6374373880844
26474,2542.005182269191
51325,1005.5162782199944
14902,15729.098758817807
5053,1046.0124275798196
35454,769.3514066215331
33708,1461.6285433825522
52989,1295.9016608690629
2781,957.7405926290828
92752,1840.897131165781
216,1704.4945200549428
7534,862.8696946328034
11067,2316.192898388276
53104,1811.5340498453036
50935,3916.8541614050996
66371,6079.4759763265365
76771,1440.9665453529185
67419,1092.2555071154334
27341,2493.7262994104885
15374,1057.2147330880211
51256,16291.09477058228
95093,9151.571745835823
25456,2302.567888580011
98820,2302.567888580011
76090,5022.292952240685
62506,3888.1990313407096
46969,1288.0034320792624
50530,930.8028569967994
7000,2662.5497514343574
53050,4382.0050137742055
53744,4719.835174740938
73018,11462.479162068952
14612,920.5636783794733
98913,4526.115807913242
65694,1501.0940569540103
85197,2258.210287225178
23214,2954.268313885905
19315,1777.8167287348806
63585,272.8707553134727
41609,1378.9626251707036
87797,2428.020332333591
84854,3405.4680534931995
72199,1718.1195298632076
30014,724.2645354971364
81382,3032.8188153265664
46769,56970.31019391334
26309,2504.418478183639
11713,3934.6039527790376
69372,5008.667942432419
18256,410.183748423829
75419,836.080252288347
45309,716.3248413541943
57668,2733.4311072354517
66036,1620.1897927563025
83658,2858.364591163024
91098,1330.3208291771912
26024,464.12402767562287
67336,3738.7297641638143
92972,1902.91046518029
66107,1096.8394225497161
9610,2218.129214029045
61746,1278.6397979906017
13526,1797.9090400370387
32414,1709.1614509233227
68791,1802.1708128338503
67357,2103.188384730955
17565,1247.5437452278227
91577,4648.68354610937
19189,1186.6840206163038
14277,5457.069322370672
72776,2759.672252494432
23873,4645.437860161502
15971,15056.206811779875
39575,3857.5678852214933
40763,3366.295307939673
5204,3800.2209415792045
16689,3094.654351187343
81918,2970.541643737272
15108,1624.538236006704
37194,1145.1839551987061
39220,1527.7853261441385
98957,1083.481657462159
9394,3094.654351187343
44940,4109.387304123502
78554,2357.3805355565955
60167,3971.2273521561633
91870,870.8036269222204
22915,4090.5458481342966
30842,5544.512713533662
86606,10981.580443761479
85937,285.8793812331859
47069,2208.5976129276314
40378,716.3248413541943
78922,410.183748423829
69596,2289.6879900819636
40003,1104.9321752501394
42836,1104.724308512481
88267,2151.0545523380806
29859,1119.0307218153732
59681,2000.840202287195
16992,693.0237029398203
4707,7131.656277196359
92927,1490.2668779820133
20706,1010.5163918694516
6593,1224.555101330897
29115,4437.2616822654745
50132,2385.3554229602155
14031,1275.232936169591
79829,599.7195964202706
6881,1092.2555071154334
39158,2430.421565806541
45306,4972.785722147456
37250,5171.256515666829
27035,161.8672992131543
11730,468.0883724791975
65715,1845.2820960809483
85497,1795.542481818229
97311,1265.5932478325653
39555,2218.129214029045
63639,3534.7060574353372
68059,3810.546047092335
60461,1382.7766336946627
6323,1261.6079263613262
90016,2405.2467031637207
94077,1983.166433119484
27171,1990.7609364572068
22570,1201.2051428418483
70222,508.9225645782418
57432,1127.4509977895136
47851,3405.4680534931995
93094,1449.078528014956
96381,4038.5059483224077
61825,4002.56797738792
87789,3202.7838376241657
48445,3957.6023423478987
54481,5202.131114381221
7917,1173.3652059573644
86670,1345.5896901784893
45717,1765.9856974703334
49,2554.5028027320404
98005,2004.1291624843088
51613,2527.668110959303
67817,1921.9777016581204
13485,765.4530754279797
23280,1247.5437452278227
52775,1405.8112027895706
90065,1970.080854055804
27677,3251.6132748972227
65891,1061.0287416119802
59123,1718.1195298632076
69673,2494.1390146620656
32011,2922.4019957766654
76870,1747.9099624787434
45384,3738.7297641638143
6150,9459.40320452466
90153,1119.0307218153732
91924,4106.659465015084
95195,1014.9794617601614
62903,1069.8566476538942
80331,1454.8402942718772
60668,962.1343900729341
40114,3424.3993465255944
69440,4937.198178654617
18751,1652.0687212598737
76589,3624.845877568365
38930,6671.365149197254
92532,1709.1614509233227
76328,2161.720089615358
81508,349.45005775132023
20390,799.4691228195461
27393,3198.8986967240935
28249,1297.5072919638822
39950,1556.2087317210764
8667,1316.6958193689263
77658,1740.6796354184596
28151,794.1209448977372
46308,2975.5624693337368
53286,5050.694336803167
62808,8941.256600230285
35786,1557.31861317071
2940,803.1295470774525
20174,2017.9470216629286
84301,1970.080854055804
78335,20161.445555937687
86695,436.60819805529735
82997,876.4947044410683
32162,1747.9099624787434
94767,3868.485270450563
8306,5477.104005109235
30294,988.8301400224956
94324,1423.9930822241854
16084,644.5332431078199
39073,975.759399881199
23414,1332.2642839521338
90265,782.976416429798
32794,327.4075653051558
9795,2085.184324122271
49514,1687.1055439411082
96941,2103.188384730955
65049,1247.5437452278227
48746,2218.129214029045
53301,635.9927005464
58588,2759.672252494432
79109,1811.5340498453036
58838,5837.12190642069
46501,2773.2972623026967
6245,487.111014756489
34861,1316.6958193689263
96582,1186.6840206163038
99171,1376.677894046015
50973,2555.630192077456
35806,2269.439751637315
13728,1440.9665453529185
92998,5071.553462289204
14575,6820.999834650469
58402,945.8756423302768
82455,3033.946204671982
99588,599.7195964202706
62541,2407.2088045261444
86819,1582.4344753858134
79609,1880.1281405658262
25674,813.2062457654242
20827,2269.439751637315
26475,9156.156802942682
9294,1880.1281405658262
20246,3968.3268195890596
33410,2228.196812666573
88061,1066.3337324624329
46877,975.759399881199
11752,1613.3870984823775
36173,1330.3208291771912
43095,3790.536855446686
8726,1990.7609364572068
82039,3784.8223917987575
17765,1324.2503083627635
16681,7654.039132178903
90393,5179.490507293477
75184,1192.5515190049034
68051,1440.9665453529185
13685,744.687813103894
37280,2713.3644989965974
97272,3859.0390138279145
61235,5660.49244727943
94067,3562.921337413228
51038,1426.9062128292926
53210,520.3239418972463
2044,3553.03406137481
61646,1906.773273496339
4947,1576.784158085364
33885,879.4572507591653
65665,11587.002127448186
59366,6989.971594678072
95194,403.23162067118375
8619,6969.303244771986
88553,2283.0647614455797
59780,1595.2506934902062
3620,2773.2972623026967
56840,1201.2051428418483
10112,940.2459773234671
48062,3692.7535124220462
44565,2241.8218224748375
82100,1201.2051428418483
98291,1046.0124275798196
93299,8625.46697192718
27647,6096.33706315826
41274,2409.397689077416
24575,2103.188384730955
85914,2116.138324135645
55852,1287.1278112157886
33539,8927.63159042202
67636,3614.8796364117684
80325,457.3301931535615
28217,737.8895453054013
12526,1608.875703298471
77399,4019.6644923332024
31229,13206.714283874511
6730,5507.688240580958
91608,2316.192898388276
77735,2919.6523359885036
10620,506.6989320889815
24161,684.8229596422681
95324,201.57784736682865
14854,1856.182668191211
90455,2357.3805355565955
29164,5788.108952925291
5216,1342.94515180877
72176,4169.440573305918
39413,9925.315428444335
15239,3937.843078565224
50965,7597.739174281859
65415,4439.939568657837
70371,2810.940580017678
99320,2297.919258601749
44143,1186.6840206163038
29994,364.5366285507847
58208,4956.3096558512525
82954,597.6555969473455
76065,906.1899595036658
38617,3277.8581937493345
6964,1567.0963924640562
91217,962.1343900729341
56357,3142.5205187944684
96865,724.2645354971364
79586,2496.5402481350156
16588,785.8441130112813
12405,2090.803832441726
16357,1257.172971858425
16423,1233.9187354195578
58244,3957.6023423478987
5970,6656.983484521114
38779,1604.0245431434805
23924,1608.275967416525
70011,2518.0434879919035
81348,1093.7605839036075
45507,826.3318053385599
69800,1570.9436229789749
33897,879.4572507591653
45359,1382.7766336946627
1284,4714.584330786524
66384,2746.031841091924
9622,3105.933734033217
1623,1606.5647829480376
58011,1091.3071654418745
32671,6334.130631361361
42728,1257.172971858425
81138,1233.9187354195578
30164,1508.4319126989863
91498,14249.880609532169
26523,21498.073513159154
56508,3934.6039527790376
40872,7097.17131384933
18591,5037.0693269949015
94078,412.2304536533653
52370,890.275225283015
98840,912.6378222798264
58017,13842.545331773585
95543,975.759399881199
67514,17485.475507484018
53646,957.7405926290828
64902,1527.7853261441385
82941,10254.685942007325
37499,920.5636783794733
15253,3719.004294698593
95835,1595.2506934902062
31642,1647.0612510592168
39137,6415.153810483061
3018,313.1436909391201
87768,1718.1195298632076
19309,1503.2339165110054
65047,3735.4578548419267
10507,576.4087558986139
66071,3142.5205187944684
95783,1528.8014397347802
541,5443.444312562407
25721,11445.489750522851
25422,920.5636783794733
12886,2431.517534607781
37238,677.4757129881013
17984,4352.178473974104
30839,730.5291064516555
9701,975.759399881199
6200,3145.54904410862
68680,3615.3442983371083
43367,3841.2233232438302
80706,1503.2339165110054
48916,255.92921189142356
14694,1638.4437114516088
92541,2975.5624693337368
83851,12287.118246462365
35896,2624.3386166092096
12141,1104.9321752501394
99629,1589.594963332753
16576,2089.5633749226904
93651,357.31388536629134
38916,1628.16681637323
71270,1201.2051428418483
5054,1531.0326120145462
96229,1669.6721599766843
78694,1047.4037318037153
31069,4992.715719139462
21090,743.6931646305768
12263,3032.0914132745074
5745,4078.527082854071
2001,2274.17109762217
84843,5446.844475190541
44434,1005.5162782199944
11128,889.8401707192218
75927,4846.6865736098025
51331,1628.16681637323
31057,879.6755052532611
22119,1836.9087405449484
32601,1422.8015106359455
16740,2140.3684294585096
40130,10876.047527459565
36073,2540.877792923776
52786,6706.389384532572
47132,2428.020332333591
57194,9759.95861911352
90449,724.9795127538666
33310,663.8507031798365
39507,1488.3740937370235
91036,862.8696946328034
6639,663.5252057065505
74773,2316.192898388276
90072,996.8913820611867
32822,1145.1839551987061
47522,7711.365855240426
44768,1871.8701854999417
64210,3924.803514318646
84487,5007.966752413196
43196,1322.3037521668039
49822,1516.8589263192703
22888,9598.144602211172
95809,458.7480430067895
25374,6576.883570384215
61816,3533.126929479651
19892,1046.0124275798196
24220,3797.56536830452
10435,1797.9090400370387
32338,1562.2183159856727
3308,1301.6284418875273
56342,1005.5162782199944
75961,1592.9765543995122
99202,3990.922196647121
86767,4148.840295158365
93256,978.5470602337518
81129,3252.7676991010903
61886,10190.690930206942
59162,1522.056922507251
62041,975.759399881199
38086,4575.966488164133
56030,1156.3278918380117
62975,1871.8701854999417
50702,2597.76258770577
57457,2161.720089615358
20546,3538.3444229633787
54693,2089.5633749226904
81121,607.4406824555989
54753,2967.89332369417
67865,2302.567888580011
10791,599.7195964202706
73230,2496.5402481350156
81908,2094.2547222692906
57030,6172.736351196846
84082,2114.904979537772
26878,1797.9090400370387
76114,1811.5340498453036
24171,1889.037827637946
42582,13410.911023497569
20141,4993.943093273039
55370,1240.3681156872135
70389,3722.9747253466467
4629,9696.74995895653
10032,2204.5042042207806
75693,2725.372447449635
57833,1851.3445253092505
71033,724.2645354971364
62873,1811.5340498453036
1348,2295.3958706979615
26065,592.3821662915722
81145,1606.5647829480376
13474,1718.1195298632076
52987,1006.9951747394684
50449,2213.8717443718006
42499,4841.783930455704
5556,5377.32563023393
85261,4989.882237092736
21511,1628.16681637323
68621,794.4759232405075
54821,3548.854565048553
17866,1704.4945200549428
84423,590.8319269945442
79832,1889.037827637946
12460,1113.0496656152966
26838,3545.964773857395
22139,693.0237029398203
40008,3547.224330779477
59143,410.183748423829
45909,2976.689858679152
10662,2064.040725776797
40579,1496.8662786390844
17651,724.2645354971364
20074,3405.4680534931995
61549,1283.8822821556173
42163,684.8229596422681
65054,1517.4076022062814
2241,1392.1861929813058
81511,2889.167050798978
32698,3214.8199621414783
88527,1150.7325146670028
82355,2406.1655931670844
22222,1939.5907359643309
95075,1956.455844247539
29308,5501.259460139593
49348,4396.491113626063
5583,8044.988781030221
88232,2540.877792923776
1022,986.6973481746649
73651,1091.0992987042162
51681,7577.699189903955
66396,650.024919271805
32886,863.5323305969304
42610,407.9424599619771
5844,1426.6800673328219
39652,134.36838923793306
29333,7252.48372253941
89961,822.2832697535359
71536,2091.6858657442285
84763,5460.96800436073
35312,4947.473287359315
18081,724.2645354971364
4235,737.8895453054013
19227,647.9368318154236
92175,716.9040966433906
88310,3797.56536830452
93286,2871.989600971289
15234,3979.2403451478826
75394,5460.96800436073
13492,5585.06948610196
12960,2876.786549581264
92861,277.971704337588
15444,1107.5920050939642
12050,2452.060191602474
61795,2624.3386166092096
86590,6190.492240671423
65477,1570.9436229789749
47275,1324.2393508049947
81284,487.111014756489
49688,2759.672252494432
29169,974.8173366615447
8694,1224.555101330897
61526,2906.275169714962
91569,7499.949163717258
23337,3766.8704623057183
70402,828.9846225843197
46417,2543.9408031856306
83556,554.7468123583855
87317,3366.295307939673
43221,3764.6673872113856
22106,1412.2564656567815
18660,2518.0434879919035
95130,14609.200481007429
89615,4828.158920647438
9954,2597.76258770577
37958,2357.3805355565955
64988,1620.1897927563025
80348,3212.601793719647
11847,1598.5395387232634
24346,2828.9203819741383
37062,683.7683861373117
68064,4426.1951515431265
61379,5060.763592893833
15591,1797.9090400370387
20991,3094.654351187343
16219,3753.2454524974537
74201,3582.572225042463
60012,862.8696946328034
21567,1324.2503083627635
50897,1608.875703298471
19920,416.85663047944854
52867,6597.733815047316
49418,658.0177937234838
86963,1449.078528014956
20871,3328.497795190471
71586,2544.4064157421412
7887,349.45005775132023
79911,2496.5402481350156
56686,7046.013944003889
31999,3335.922961453888
20475,5156.105361594269
74714,1014.9794617601614
97569,1330.3208291771912
9897,2476.8630564234836
19945,2451.0842887539616
92644,2364.0590659954014
57504,2218.129214029045
29098,5493.742594367108
71959,1168.5189858993308
11158,948.899601160412
35019,1240.3681156872135
82096,1133.7397754957806
89348,353.4446702932447
96750,4434.059502537195
49705,576.4087558986139
7909,953.485044086908
27175,1261.6079263613262
58880,477.74903748388766
64037,831.3895202089034
3144,5417.930630136552
94491,5210.40209998637
20983,1287.1278112157886
10155,5594.627750343193
15379,2605.4288955298384
17019,6610.7344639212315
92610,4662.0345800293735
49185,1188.7792081636205
61360,1046.0124275798196
15983,1519.2302248569304
89278,11641.6281472085
34068,5196.777090178104
32524,3827.5983134355656
48151,2236.4492062515365
35271,3121.924075418358
82120,5222.540593850266
72379,1118.8719975020324
63183,794.4759232405075
88265,254.6608638159312
39150,586.5394403097514
5836,3392.2412053219714
73168,1516.8589263192703
40488,6141.743141705093
57517,7186.365040210933
80256,1186.6840206163038
14331,1186.6840206163038
18834,3115.8676849776384
88893,1398.6314558485167
41571,5196.777090178104
90146,2986.0800370648562
27477,3098.5659464442056
48134,7234.256440526038
71388,4453.564578466103
23955,41856.75673032589
33570,1201.2051428418483
69875,2759.672252494432
75715,3377.0545675357675
42586,1719.9207722246417
26352,5513.885356631621
55153,4346.451459406384
85073,1970.3758325263577
30463,630.7877652063389
23460,2663.8812700342446
350,5858.289614495008
71866,2998.591442710947
21035,2754.995648904
85863,500.7360245647538
16811,5730.942166628228
34836,1530.2370792663248
53991,1110.356316934591
88345,920.5636783794733
73608,1492.6737809798703
1047,3611.2208677601
54383,813.2062457654242
35040,693.0237029398203
2584,803.1295470774525
74993,697.3933959455766
54084,1613.3870984823775
55175,661.025949497568
4213,3405.866215130236
55526,1570.9436229789749
28471,3535.626563327204
56408,6088.424121122412
43308,3291.666330790537
62068,20448.4643491387
53478,508.9225645782418
82415,1531.7701232656475
20284,906.1899595036658
98776,2015.9184396460437
18717,1363.05288423775
90921,1206.1765288131683
41060,2146.242977050042
4955,1182.1439957075956
15893,1169.9529016462766
38840,1810.4772704131476
61177,1372.6374816732323
49736,1740.6796354184596
99880,1632.9691331806537
24055,4648.409570221108
86669,1261.6079263613262
27843,794.4759232405075
14402,826.3318053385599
99164,5979.11143138942
32652,1423.9930822241854
48104,558.9502226235985
89621,601.2833952454322
54993,8149.219156013264
91455,1192.5515190049034
99526,724.2645354971364
89426,774.3162763995055
29451,2177.119910070846
91827,1297.5072919638822
14123,4201.198581739532
13919,1920.7616822709722
57845,1121.217014902229
66757,1019.1412880282593
6645,11981.382827588719
69992,1990.7609364572068
70237,769.3514066215331
95583,599.7195964202706
71351,2540.877792923776
4880,254.6608638159312
34476,7193.71100676974
61801,799.5812359571594
80901,2762.363792962019
34325,1854.522140974046
1077,966.8899974936425
21100,4426.531334912216
19960,429.8001344920652
86343,2224.557514742048
39037,3957.6023423478987
18489,2845.621614657262
4524,4323.139140239835
77565,3719.004294698593
98521,1168.5189858993308
64721,1757.3082572515887
28876,1419.0288457032227
11332,2661.0062124154324
5708,3655.345958024888
69820,900.214625936312
64632,1747.9099624787434
55057,4574.056709282996
80267,1947.1355077694388
48538,1296.4451639305632
66249,966.3970606874044
16614,3366.295307939673
98248,1857.2855959161213
58932,3206.399686167338
50928,2128.176500539068
53851,1638.4437114516088
49334,2971.1859747577223
69854,1606.5647829480376
39547,3534.7060574353372
62238,1840.897131165781
43623,1503.8918877902781
17241,193.83758645800415
58519,2403.218121146836
40391,1908.5409547723773
7135,3108.2793609956075
1407,2236.4492062515365
86172,3349.5479712621527
17756,5381.103893704863
74710,5050.694336803167
97408,2597.76258770577
75783,828.9846225843197
95536,2302.567888580011
5974,4478.122518333752
42822,2161.720089615358
51856,5997.08413334041
22341,1280.6616037808978
6000,3217.3134698524254
9148,730.5291064516555
57514,1047.4037318037153
23647,1200.3090304245686
80678,4612.421055960535
43107,3375.7471919384784
15455,3456.798259672507
55399,5237.375197995306
2433,2922.4019957766654
86201,3600.7556968014096
78424,576.4087558986139
28702,8682.993384492545
94532,1150.7325146670028
92531,1593.5545318964423
12949,1811.5340498453036
16650,6542.279033043874
79632,1689.5794162250465
79445,1615.8207069974894
85948,1856.182668191211
17514,702.0573857288239
72236,2236.4492062515365
85808,1372.6374816732323
35870,879.4572507591653
12163,3158.292020614382
44337,1006.9951747394684
54404,4214.823591547797
38882,1711.2324208336609
44980,7402.957374276375
60257,1074.761954862718
17666,1845.2820960809483
81132,688.432375920559
21267,2710.5963255192105
76310,621.8354523905542
34931,487.111014756489
41421,2392.5405833588197
74567,3957.6023423478987
89432,2720.048209518016
95686,1606.5647829480376
96150,2510.264376699531
61066,2260.546087813905
13208,2085.184324122271
11530,912.5798190772271
43160,2653.295063136964
6780,10956.514110007147
81529,3780.6897420790315
91781,2116.138324135645
56916,7619.862344944886
70369,414.0775846855659
95651,2922.4019957766654
55290,862.8696946328034
96016,3709.0898685279
92080,799.5812359571594
84740,808.8589068391718
59787,884.4286367304852
49295,737.8895453054013
76102,404.8509933520082
56270,1908.5409547723773
56226,1007.28933971949
63675,2565.4229040150476
36931,2114.904979537772
52055,2884.913914836918
8951,1201.2051428418483
17782,845.0145300171682
8996,15716.827275230979
30543,7007.70013847883
84556,4986.4107319557215
11745,2954.268313885905
5524,2177.119910070846
42112,5801.733962733557
24314,1759.9665054591417
84453,2936.02700558493
55581,6277.316889665386
17994,1261.6079263613262
46751,4793.473087603272
29242,1405.340685517096
21749,3028.535668858868
26658,2045.9356700701255
5544,7932.596236241343
82762,2828.9203819741383
45513,724.2645354971364
80533,1069.8566476538942
72506,1369.1516238863978
31437,1613.3870984823775
3864,624.127750247594
4706,4271.393036500644
28692,962.1343900729341
487,1070.839742896286
92341,1503.2339165110054
91123,6512.261919829484
74356,1096.8394225497161
60748,2922.4019957766654
38510,718.2125668810772
73486,5977.447839732477
70047,3357.875031965533
91602,2922.4019957766654
4740,879.4572507591653
12507,2476.8630564234836
12832,3764.6673872113856
34521,4387.5812820766705
33973,2837.0477472297925
5993,6234.576233435927
37020,1713.9340850639883
50766,3705.3792848903286
33416,4235.839482132822
34535,1322.3037521668039
41780,2326.9156084348597
83492,2609.042066272558
2695,671.1979498340032
90416,3003.6557729066885
56078,1372.6374816732323
82646,384.08166741344934
31605,2223.2112670307483
56604,403.23162067118375
70746,1188.7792081636205
24727,1237.9613363005772
52457,4531.046965852659
25902,2292.4514450240395
80465,808.8589068391718
25604,13152.769521724616
9343,3214.8199621414783
89286,3258.528019002028
18360,5657.971528116848
19809,1528.8014397347802
6030,2882.747854654099
41829,9008.891464436681
12517,9360.771745864184
17138,1492.6737809798703
9902,6169.823890765337
75779,1590.4091678936288
13692,4646.008683224937
25053,761.4437001733836
23399,2496.5402481350156
11346,396.5587386155642
1669,2137.5426107034364
56190,2318.4953324607195
31203,4755.846012102428
14794,4807.098097411537
99884,5811.526844932
32550,1895.797978266615
69266,7548.032057954349
58504,1884.7749081520742
37581,2393.5837947178798
3274,3343.9768760778093
22977,1480.9909094889972
86076,2316.192898388276
49496,541.1218025501206
11389,1880.1281405658262
50311,7067.329005611566
140,1083.5927934344136
55602,661.025949497568
10381,2540.877792923776
61773,1795.542481818229
4956,1286.7251805560372
92475,6804.026193604887
76537,4143.783176756775
91984,1922.1659645806421
57465,884.8505776879402
90406,2403.218121146836
81473,3379.498228816209
52744,2292.4514450240395
60151,1182.1439957075956
82231,445.5857203170279
20573,1632.9691331806537
6163,1173.0317402923852
73598,599.7195964202706
14364,5439.039459801174
19839,1530.2370792663248
12911,1186.6840206163038
24975,4852.496219148571
19338,1201.2051428418483
54479,7041.069460098999
9682,1332.0699708837801
64418,2013.2356712409778
99906,1332.2642839521338
95629,1201.2051428418483
77014,4837.663225372193
28100,2193.1120479556025
69866,6176.867230863158
11234,2353.68010167192
49677,2645.6287553128955
20108,5391.326141115359
81983,693.0237029398203
71842,1638.4437114516088
36970,3786.59593177094
74997,1205.9489473790852
38286,3094.654351187343
47726,2094.2547222692906
67063,884.8505776879402
43298,876.4947044410683
59918,3719.004294698593
52543,509.64162812622067
95975,884.4286367304852
36082,3391.843043684935
13458,2430.421565806541
47221,3094.3099927419566
5802,25607.266916608118
83478,5592.512325202532
66709,6294.454592269421
54047,4223.5268688935175
2760,724.2645354971364
23827,2637.1402333991664
5278,610.5027404393292
85902,2430.421565806541
38953,1261.6079263613262
16823,1103.284685416927
82489,2464.709298562226
14203,1197.175097725811
95911,7575.390156279371
5834,1069.9677836261487
39226,5321.1671489805885
89962,1592.9765543995122
79695,10040.93670972996
52443,3391.843043684935
72523,7003.596604486337
84604,1412.2564656567815
49901,1426.9062128292926
48815,2693.5535701659574
60684,2990.030763098424
4588,2091.6858657442285
94032,10943.75344866555
85921,1426.9062128292926
49052,1342.94515180877
84038,1413.055057524557
83447,586.5394403097514
14984,6896.766935867021
62031,6788.592691452058
15707,3391.843043684935
33281,3041.756669992052
73657,10854.589088777831
52731,599.4463719834233
17457,879.4572507591653
87013,1854.5123343120526
51146,254.6608638159312
48307,5688.9199777458825
95817,1908.5409547723773
34567,1492.6737809798703
17024,884.4286367304852
90388,870.8036269222204
57197,2806.0063045818592
74872,1984.0008423346226
22476,1845.2820960809483
46053,1359.0124718649674
87390,7771.19229381665
73209,3157.0921891382773
34475,3824.7978560290535
3001,794.1209448977372
36813,254.6608638159312
59927,3242.2230965115186
91448,2661.0062124154324
31596,7953.159298687333
35390,3323.179984948126
399,1005.5162782199944
24871,3449.65819126212
43754,4115.079740989225
26084,1935.6027114663852
55206,2827.2994226308733
57232,2970.268163383791
93829,10203.912319869827
81578,2405.2467031637207
35014,2081.9305794415277
83521,3721.1885140132126
94502,7641.676307977303
1696,5119.41962989633
136,280.70027745300524
96430,4038.788364254247
78276,843.6226515692617
9509,6604.631976172851
55779,1536.5591757974128
84339,1608.875703298471
51392,4236.702070558593
72360,847.9632377536761
13765,277.971704337588
94978,2103.188384730955
36083,3180.7242691900333
51716,7710.1172342887485
9001,4419.389522292529
5177,1412.2564656567815
58000,4623.103271228706
19148,2554.5028027320404
33758,1990.7609364572068
54644,2668.7898179333943
57205,930.8028569967994
32230,4605.749042129083
26338,4649.62164823412
14789,2116.138324135645
83306,1233.9187354195578
78259,8845.24988698967
714,4793.473087603272
16438,2335.7527538007685
43694,1527.7853261441385
6636,2639.6700533286994
37829,5179.955169218816
7623,2077.409617061433
2021,688.432375920559
71190,1536.5591757974128
59853,4235.839482132822
93116,1273.5028014075237
38733,2639.6700533286994
47214,3752.354773972079
93720,4217.306740913044
49678,1426.6800673328219
5610,3766.8704623057183
54243,1427.4491216773627
33298,1361.4257742897812
21764,2688.7754950990943
30947,1704.4945200549428
1549,3543.49935080858
2755,10854.589088777831
88604,3797.56536830452
74566,899.4246301475746
90307,2353.68010167192
35150,3145.54904410862
71431,1871.8701854999417
37115,2554.5028027320404
98527,1186.6840206163038
46216,7784.817303624915
71634,6576.883570384215
11837,893.0822605674301
84213,5085.178472097469
78437,3968.3268195890596
34100,1519.2302248569304
92405,481.57163232988813
94319,980.5150073019073
83187,4994.341742604931
54382,1845.2820960809483
67299,1503.2339165110054
51208,2404.433891456673
87055,1083.481657462159
33721,822.4839166474367
3370,1620.1897927563025
53475,4144.645765182548
57716,3720.477249442465
24755,2274.17109762217
17983,330.5604068990933
5867,3534.7060574353372
73414,1182.1439957075956
71710,3357.601885886074
56044,4334.1388461670795
91513,1747.9099624787434
43552,885.8066863912213
89016,831.3895202089034
7092,3556.2115528529425
60293,2861.5405804297343
6898,2269.439751637315
22632,2821.1634299098223
88421,1137.6667783927624
91056,2905.202678368292
21203,1280.6616037808978
5665,1059.6374373880844
64782,737.8895453054013
57973,1316.6958193689263
88040,4539.8155514841355
56691,799.5812359571594
31447,1398.6314558485167
31417,2990.030763098424
62293,815.3596127760549
30475,3076.4018364659937
39187,716.9040966433906
32973,1624.4638156607357
90509,684.8229596422681
45318,1845.2820960809483
18002,1516.8589263192703
34141,8464.920171256126
67543,3142.5205187944684
90826,716.3248413541943
92075,3996.647843195488
2976,2632.7588925833497
22344,1592.9765543995122
17672,2241.8218224748375
1203,765.4530754279797
28915,1862.8488323538324
20330,1617.3354089743648
17288,3626.7623628113834
2702,5454.570418121809
33005,1970.3758325263577
60890,654.3367887089863
25058,3037.8969307055495
79976,4989.1236891877425
1245,6887.118516978946
19877,1005.5162782199944
57883,3343.9768760778093
93567,730.5291064516555
27773,1695.5364411150579
81573,4870.723895579843
64206,2416.8431309551006
62317,545.3252128153337
20950,12057.440461355354
6396,1620.1897927563025
44486,1405.8112027895706
44767,644.5332431078199
74573,2474.759110595301
21148,6223.821811263963
37846,2068.305569633263
16473,4052.4133740625116
35828,1169.9529016462766
89045,645.1421054109596
34677,1501.0940569540103
85837,4236.702070558593
37798,2018.2420001334835
68328,3957.6023423478987
52396,2029.5434494543085
18242,6289.94049359244
99231,2474.759110595301
23526,2302.567888580011
89882,912.5798190772271
26015,2117.7433541917635
87099,2490.4880662317482
45430,2343.755525748331
33859,2524.729224030609
29444,654.3367887089863
80273,1885.4951953082066
60988,4385.183325972297
79040,1970.3758325263577
76348,60.75222586474213
24253,292.6095249346929
29602,1522.056922507251
76276,3648.2658680234445
53192,3491.039417471368
2271,761.4437001733836
86536,2000.840202287195
23360,554.7468123583855
71992,4078.527082854071
85256,798.6986008975254
96694,7730.406378424837
13224,1880.1281405658262
68553,1287.1278112157886
43179,2089.5633749226904
99885,1392.5876349789685
62175,876.4947044410683
54033,1047.4037318037153
38601,3775.155984632284
47162,1984.0008423346226
41184,9133.813745635784
95007,1188.7792081636205
41774,2302.567888580011
57351,7192.384128326205
54880,1126.6746754235614
94168,1593.1913703198334
59812,699.1650172401212
97252,1970.3758325263577
99763,2316.192898388276
97266,993.3701649312036
94448,1904.3741078910161
86346,1363.05288423775
83475,599.7195964202706
55092,1570.9436229789749
60049,658.0177937234838
55286,2541.2931207675674
20500,1301.6284418875273
97241,1816.110054092123
3380,898.9548092689622
61900,3938.4874095856735
12322,2524.3385183755063
1039,144.8377641160197
64356,1230.4434392952214
6464,1517.4076022062814
14507,975.2051302142307
7662,3065.4776448861835
64887,14972.951966580351
17629,1247.5437452278227
19125,978.5470602337518
59326,1797.9090400370387
15060,4397.688854425335
23126,3343.9768760778093
66046,1425.8157048748344
17566,1283.8822821556173
6571,5544.037894261922
10903,709.5164093295684
95965,1332.2642839521338
97905,4004.5472064553855
34121,2161.720089615358
23636,1104.9321752501394
62900,458.7480430067895
50494,2153.993439266774
45921,4444.695541976977
53806,1990.212072553978
26359,3265.2382847054873
21061,1970.080854055804
69077,1508.4319126989863
15267,1197.175097725811
10396,2302.567888580011
99249,996.8913820611867
76726,1005.5162782199944
91823,2000.840202287195
56192,1702.812144859521
19778,1345.5896901784893
3324,7267.053967337911
19486,769.3514066215331
75900,314.65201738085733
55859,644.5332431078199
48608,136.63807153442696
63046,2596.2990897667955
32021,1110.356316934591
13174,1727.5590948722531
19693,930.8028569967994
95604,898.4755874962051
25158,1171.3514274851536
49547,5531.276573353983
69698,4515.2386370342865
70614,1795.542481818229
67148,1255.2746086128707
80645,7526.343189435773
81281,2591.803885721574
20842,1261.6079263613262
86210,541.1218025501206
47674,948.899601160412
98077,1168.5189858993308
53868,876.4947044410683
2268,2955.1503471884075
69836,2244.5852774169134
485,1093.7605839036075
9604,3456.798259672507
1674,1192.5515190049034
86116,5198.72413827585
13244,1126.6746754235614
27995,893.0822605674301
23245,3032.8188153265664
12218,1970.080854055804
66597,385.71461293586634
7878,1390.4153563929049
81583,2352.925273283417
1467,1746.3414956508768
3333,3705.3792848903286
14191,7572.07255153108
14769,1503.6018184064646
53254,277.971704337588
61113,1704.4945200549428
4927,1718.1195298632076
33150,9308.440601540678
47060,3094.654351187343
7179,3313.104452312613
27559,2393.5837947178798
71800,3873.8840590063487
4770,3491.039417471368
62102,1885.4951953082066
28468,7063.149464992353
16814,1363.05288423775
59988,1517.4076022062814
97869,3705.3792848903286
53834,1168.5189858993308
74868,743.6931646305768
31052,2193.1120479556025
53327,2986.0800370648562
13521,1871.8701854999417
77595,2316.192898388276
52580,4631.812850353236
70061,743.6931646305768
93998,8131.080764193396
62445,508.9225645782418
55355,2494.1390146620656
64303,9336.619031464243
77969,2029.5434494543085
14884,3108.2793609956075
43343,1899.366792740653
41411,6071.27979782268
65386,3082.08706847447
26666,3047.5712144802465
53885,2274.17109762217
49213,541.1218025501206
95671,1788.5458030255854
9049,2719.806097427187
95667,836.080252288347
85643,884.8019631773013
20888,966.8899974936425
23759,1516.8589263192703
2736,7355.378021819965
69448,6303.565503400706
73533,4544.6719756609245
87238,20271.40424170565
49480,3108.2793609956075
50958,6218.697035654516
90707,6821.2417596055775
90184,1023.6339313581484
37119,4026.6602581550846
85388,361.8649462673849
7308,3971.2273521561633
22905,1322.3037521668039
24124,738.8796483509502
60816,2085.184324122271
84607,308.53825756790195
79256,978.5470602337518
18747,2813.6744128226087
92085,2261.4281211164075
25934,5246.321252150142
45049,630.908233299555
91150,962.1343900729341
72382,6157.755753666522
2252,1970.080854055804
30667,1810.4772704131476
44321,2140.3684294585096
13145,1454.8402942718772
70895,3373.8323034424598
74330,2597.76258770577
60455,6422.601538000074
97549,663.5252057065505
2036,4394.962659392663
60847,2094.2547222692906
82199,5880.218159054564
41556,435.5702823561587
11123,2079.4588249273747
88976,1010.5163918694516
10199,4201.198581739532
56830,594.28178689978
18966,342.77671775338194
78057,6076.014245591851
77487,3357.7261751141277
3917,2990.030763098424
4530,1505.356185690995
75225,4696.549713716496
33730,650.024919271805
30485,2175.3450994236227
57707,1168.5189858993308
40540,7984.635145900633
19342,1718.1195298632076
18857,3065.4776448861835
4926,2128.176500539068
28854,7652.796845067056
72352,5185.099128467585
80690,1695.5364411150579
28424,5161.242919598821
73393,12265.829202517636
91891,1275.232936169591
28775,6408.54010740204
83380,2116.138324135645
90979,14330.315377222269
1687,1366.9329669505678
96521,1059.6374373880844
84916,1412.2564656567815
13921,782.976416429798
88626,716.9040966433906
51767,487.111014756489
47224,3789.425325460999
65129,3515.9918941159626
57311,7324.922735289234
29834,1186.6840206163038
50124,4656.567640615343
25568,3648.122938897499
71935,1718.1195298632076
92722,8228.962848150004
55714,939.8600342786432
82326,870.8036269222204
39772,782.976416429798
68992,5224.983264798467
72067,4556.984588900229
35381,2608.3977352521083
86733,3405.2218841097856
89395,2518.0434879919035
60243,2415.161803553739
75718,3198.9767839113824
16574,11209.99512657034
21112,1871.8701854999417
92009,932.250632522012
15050,5267.388822572159
17149,1721.581336355326
94043,1311.4972578246359
91568,2491.6755016778766
63491,744.687813103894
327,5558.137723341927
59171,179.74033021432038
29908,767.2184264736255
54371,677.4757129881013
64617,6322.118756379207
10126,11279.3482994234
51750,1205.9489473790852
58387,5455.154849257171
93788,7477.803271106822
42791,6457.516446520759
28885,8032.187491858538
21145,3375.2825300131385
3802,5911.329157404
4982,4148.840295158365
32510,1501.0940569540103
59572,1283.8822821556173
23218,4073.2732334034067
45070,3720.477249442465
35570,2589.274065792041
43437,12194.280391105358
80562,2013.2356712409778
228,1905.1517635232474
38923,920.5636783794733
16176,3669.474558452497
69098,2596.2990897667955
99534,1516.8589263192703
53065,1233.9187354195578
71065,679.9450908405757
7302,2510.1652579432803
87829,4223.5268688935175
30156,2295.3958706979615
35231,2316.192898388276
41429,2276.2901584022634
84504,1754.3046452267245
67611,1851.3445253092505
8656,8915.27021922299
99689,2605.4288955298384
90917,2430.421565806541
39769,5221.067444335183
37205,1485.9982246393604
44318,3142.5205187944684
57235,3954.719062733977
73742,1797.9090400370387
87114,4301.958164461299
15809,2272.794876808998
25157,1040.1266377478964
97506,1408.2353536572366
69419,5311.071362126424
35287,767.2184264736255
83541,2827.2994226308733
19807,2089.770337821618
80288,9106.530001772488
79635,2677.5062798425092
61102,4779.097606143964
22975,4851.288235180458
37285,1316.6958193689263
24261,1251.1739067978012
73355,1608.0978269473603
79276,13312.539823327976
8158,3545.3204428369445
83357,1797.3922296052297
39536,1757.3082572515887
83790,1704.4945200549428
96432,802.2938765018146
14623,3624.2015465479153
11528,778.5359179079121
85380,1503.2339165110054
51847,254.6608638159312
83146,1718.1195298632076
27417,822.4839166474367
26325,3066.8877255930065
96098,7191.262835517229
61103,1517.4076022062814
57113,737.8895453054013
38242,782.976416429798
9860,1522.056922507251
58973,2602.368970339166
7514,1845.2820960809483
91514,3738.7297641638143
18891,730.5291064516555
62664,1104.724308512481
18565,1295.9016608690629
34709,5312.597726449377
78932,4396.491113626063
57076,8399.698990526256
24998,1010.5163918694516
69911,5196.777090178104
1939,1608.0978269473603
74842,11458.211468467845
38467,2153.993439266774
14943,6107.754296845789
25941,1273.5028014075237
2386,1316.6958193689263
25594,630.908233299555
53157,1647.0612510592168
75297,1516.8589263192703
25173,4837.663225372193
38618,3051.521940513814
46409,1536.5591757974128
1272,2954.268313885905
2029,1733.5985191451148
54675,1046.0124275798196
4552,1748.8879812774483
3679,2815.2953721658737
52804,1673.2142680723919
24011,3624.845877568365
79292,2307.0360346078596
46502,4271.393036500644
30198,1702.812144859521
19043,2930.6140222612244
37666,1375.4335927383083
55579,1546.524009784209
31265,1700.730553749373
46739,1083.5927934344136
20596,10866.414794589406
58762,2711.74743764137
3420,1201.2051428418483
830,884.8505776879402
31781,1517.4076022062814
80569,5522.838259253911
7477,5229.551680184482
41882,1747.9099624787434
27748,5210.40209998637
59603,2507.7640244703302
37668,1704.4945200549428
88755,3098.5659464442056
74770,1927.994308172951
26885,500.7360245647538
82017,2741.419737773083
8210,3313.104452312613
50229,10717.73889030363
73779,3186.710656563389
56654,1061.0287416119802
21895,2940.0042006469284
71934,3314.8727853822065
88529,3948.2289625873022
43108,3862.7552585646845
60871,10425.34515464819
28245,2068.305569633263
39546,5190.696318207652
23441,2403.218121146836
38081,4832.353456884059
84969,995.1176241488051
99196,1721.581336355326
73484,541.1218025501206
39731,6033.5423187266715
36822,716.3248413541943
510,1704.4945200549428
53909,2806.0063045818592
32005,4495.5506799525865
24392,585.8213621751585
77997,1426.6800673328219
74111,688.2490802090507
95698,743.6931646305768
9760,1330.3208291771912
84241,1759.9665054591417
45926,4622.326482816483
29176,10446.5040711176
32518,3076.4018364659937
2399,27196.744011296312
91857,1570.978344105541
44030,9338.663978628038
71220,2806.0063045818592
63650,4090.6807314510124
84448,1316.6958193689263
29608,577.2069171862794
7172,7360.678890196671
78215,3905.6065293883157
25328,1797.9090400370387
45261,3357.601885886074
80503,5788.108952925291
89835,1718.1195298632076
68514,13876.113986340064
87800,1359.0124718649674
4377,624.127750247594
8567,975.759399881199
32963,1372.6374816732323
82483,2821.1634299098223
93221,1718.1195298632076
42201,3126.547696785949
33834,693.0237029398203
4375,8754.390605060209
86975,2510.264376699531
72921,4107.010748452398
34824,2259.1698670007336
50320,8503.549925059597
24935,3546.119604673173
96052,500.7360245647538
32574,5281.565335764227
60516,558.6548960027385
74963,3948.2289625873022
87234,8523.084805685658
30845,1697.8404648358671
4163,1854.522140974046
32623,2940.0042006469284
6505,7416.582384084641
8802,441.6639228477289
18624,6808.7890651206435
73849,1889.037827637946
39383,3328.497795190471
6027,14758.073869132215
77418,884.4286367304852
63867,2409.397689077416
32305,2850.672757038057
44447,3534.7060574353372
78243,2068.305569633263
55695,1096.8394225497161
47978,1885.4951953082066
46529,2124.799634197674
48453,3314.184774295977
64719,2990.030763098424
49431,3405.4680534931995
1682,1047.2671639912762
37559,13693.98744141945
12849,1902.91046518029
75171,1503.8918877902781
3432,834.7837155336841
3123,4038.788364254247
45118,1503.2339165110054
51358,1069.8566476538942
79268,2663.8812700342446
79786,3094.654351187343
65213,1069.8566476538942
92478,2269.439751637315
42684,1287.1278112157886
44990,1519.2302248569304
6513,2104.428842249991
57419,1225.4361241448582
2492,1858.9071058892132
90220,3046.443825134831
27853,277.971704337588
22256,679.9450908405757
38176,7628.051298169037
83057,4513.537837160048
36216,5081.2594647638225
29756,2451.0842887539616
20179,3789.425325460999
78065,884.4286367304852
39532,1752.3606876620686
89106,2663.8812700342446
87876,458.7480430067895
17409,5251.000207803571
90200,11195.065574338621
54679,1359.0124718649674
65008,1921.9777016581204
44279,777.3068801628684
91787,255.92921189142356
11779,3379.498228816209
97437,1454.8402942718772
36382,11802.626956298987
22400,1261.6079263613262
2472,3143.5915348773738
37061,2930.6140222612244
72045,1570.9436229789749
44523,616.6611398423199
89456,855.2864634125276
86924,2064.040725776797
64880,263.34876786345416
79473,879.4572507591653
57239,2386.9286782690565
7755,5251.000207803571
22092,1675.9544064167817
90231,3392.2412053219714
87182,592.3821662915722
42537,737.8895453054013
87640,2393.5837947178798
66246,3670.0605811486093
31650,1440.9665453529185
37099,1342.94515180877
14238,953.485044086908
35920,2476.8630564234836
94193,1316.6958193689263
99585,607.4406824555989
72532,2544.4064157421412
98307,2663.8812700342446
5378,1007.28933971949
4670,11150.733012352208
21883,11638.130999865887
87943,3596.1972348507275
60724,3745.054163892314
20783,1200.3090304245686
85542,1023.6339313581484
46897,1562.3259283210732
90256,2013.1818707185084
14601,1595.2506934902062
98149,2821.1634299098223
84861,1503.2339165110054
60328,753.0234241992433
93662,971.3656024373477
45079,3383.7028059872787
61050,5531.939248776609
19284,927.7550681825198
4540,2494.1390146620656
93580,2357.3805355565955
30016,9942.900541318018
98958,1947.1985743290788
58637,2813.6744128226087
14246,647.4009396893032
66254,5037.0693269949015
76022,1695.5364411150579
91136,1248.0470330623257
47498,284.92153328299514
61412,4235.839482132822
68186,1057.2147330880211
20230,5611.020265490725
73528,7558.740788290065
90170,1908.5409547723773
26056,1405.8112027895706
86354,2919.6523359885036
7625,9514.670240188647
27168,4545.221578795708
12649,1882.6806391712355
96898,468.0883724791975
83180,2103.188384730955
2754,3734.218611578602
71483,6347.812256272194
74779,4044.43208813593
30438,8648.061128334028
77126,962.1343900729341
21649,5460.96800436073
48413,2930.6140222612244
14332,2748.3230936025725
6800,554.7468123583855
29353,975.2051302142307
45589,893.0822605674301
16290,2274.17109762217
95349,6005.132889790754
46980,4881.305348394848
66719,4956.3096558512525
22037,1413.055057524557
48684,6931.308654747867
738,2759.672252494432
91727,6498.99569405298
39111,6234.576233435927
69986,2123.4261396387174
82190,2327.465112389405
63124,1206.1765288131683
18928,779.0780852362445
78478,2747.555730494134
98628,890.275225283015
29963,4972.785722147456
37167,2750.3480490731117
35318,12231.148409831972
64978,2236.4492062515365
93686,3594.618106895041
22299,4191.619739858235
89388,2089.5633749226904
11743,1754.3046452267245
10151,815.9188863100794
78242,1059.6374373880844
26451,1718.1195298632076
89501,1673.2142680723919
58536,718.2125668810772
27203,724.9795127538666
6794,1200.3090304245686
25995,2274.17109762217
55385,5312.597726449377
28875,1369.1516238863978
4197,724.2645354971364
97566,1579.9295220881775
93356,2726.989508804862
24317,1092.191282217618
64054,2068.305569633263
11728,1560.3956933350237
94111,568.3409253651507
36552,114.62961961671287
40027,5876.414248883315
80769,1137.6667783927624
75528,10839.541378453265
8268,1620.0577900955057
88526,1182.1439957075956
45795,1280.6616037808978
29462,1372.6374816732323
55352,920.5636783794733
33297,4992.715719139462
15044,4640.231469848412
49816,4993.943093273039
99640,744.687813103894
6350,1956.455844247539
33967,2258.210287225178
36190,2781.2972748425773
51393,3897.4454637879653
58043,4415.806987815844
80514,3405.2218841097856
66349,6919.893106985323
72369,5350.728033298157
64490,3720.477249442465
4833,1216.4169148095496
2167,1718.1195298632076
73432,1297.5072919638822
20018,2311.8159909239102
17116,1811.5340498453036
2812,8394.672786095676
42336,6989.971594678072
26784,4986.4107319557215
39657,585.8213621751585
59540,3800.2209415792045
37510,1591.3687476691844
96049,3171.917030422647
54082,4671.7323385185155
2851,2455.07497213327
37574,10489.280645147957
47322,4019.6644923332024
68688,4807.098097411537
51922,8008.152019975395
39695,953.485044086908
12062,4320.513836358814
85119,616.6611398423199
60672,3744.532322788737
17439,1200.3090304245686
7316,3250.387278823831
20193,2597.76258770577
94834,4889.456539553613
62841,1603.419870050225
51525,4653.716492412461
95714,3903.229151596835
93409,8694.453133533692
15704,2258.210287225178
35069,2524.729224030609
64316,328.2770271891221
48991,9632.9410675706
52294,308.53825756790195
60443,610.5027404393292
25751,782.976416429798
35267,155.52772238665383
75763,7635.380561208092
25085,709.4281712343292
7090,2335.7527538007685
74788,2137.5426107034364
70695,3916.3514380576885
83206,1375.4335927383083
44475,2004.3220118546637
44195,2813.6744128226087
38430,3720.477249442465
10828,817.9115293644196
88381,5162.083009245871
3351,879.4572507591653
79102,179.74033021432038
71305,743.6931646305768
25383,5534.278935592317
63227,1426.6800673328219
14594,1287.1278112157886
52001,1216.4169148095496
33054,1870.9106057243862
55487,4026.6602581550846
28355,769.3514066215331
90244,5840.511000474694
45803,5951.547682295747
95384,8100.172189169661
93283,1522.056922507251
51461,702.0573857288239
51569,11635.21411119934
86468,421.9452725478939
35251,1797.9090400370387
25428,10523.802534299452
95382,5516.406775619372
49667,893.0822605674301
44519,1110.356316934591
42811,4623.103271228706
61052,5298.972716641111
26973,3142.5205187944684
51879,3051.521940513814
26941,1528.8014397347802
22806,2441.4499623250053
11219,996.8913820611867
99609,6198.554273390005
33482,2316.192898388276
9720,771.770920011007
43400,2884.913914836918
39682,5196.777090178104
26577,3622.1944135414838
42581,8682.35448804838
47909,2297.919258601749
33386,1437.6180920324502
10897,254.6608638159312
6172,1797.9090400370387
72837,1413.055057524557
57518,464.12402767562287
49825,1273.5028014075237
94794,757.3181744388417
84184,569.8199234514998
27018,1481.5884623676745
78938,693.0237029398203
32660,12899.88381568832
49261,3343.9768760778093
69108,255.92921189142356
8463,714.7395722284641
28618,5204.64527992322
3575,1902.91046518029
4039,500.7360245647538
27162,1628.16681637323
61231,1885.4951953082066
64353,724.9795127538666
21118,2572.204685982632
54835,3738.7297641638143
15659,2089.770337821618
94215,3127.9663304629503
32107,1201.2051428418483
10073,1608.0978269473603
43372,3582.572225042463
73371,2871.989600971289
58700,487.111014756489
63802,1124.0417685844975
122,11559.2917479156
67041,1083.5927934344136
9748,1718.1195298632076
55597,8327.816209680836
33606,1522.056922507251
50669,1530.2370792663248
1504,20390.225172645693
57916,3142.5205187944684
32342,630.2861496505848
33874,1363.05288423775
11872,4531.046965852659
69832,12717.02127727576
95139,1845.2820960809483
43450,3076.4018364659937
32968,1851.3445253092505
76636,649.6177103546648
71594,975.759399881199
8640,1391.7156757088312
56483,4223.5268688935175
93835,3180.9689480645657
86349,3547.224330779477
76488,930.8028569967994
51741,3837.1104692683602
91833,5581.730312494507
89528,1345.5896901784893
41520,3343.9768760778093
38768,1287.1278112157886
94948,652.3082989817761
47164,1624.538236006704
48904,3198.9767839113824
47087,3341.8962984014624
1201,2318.4953324607195
88886,277.971704337588
27790,1956.455844247539
82979,938.0509108739268
98390,5081.2594647638225
39776,1422.8015106359455
84121,1870.9106057243862
63608,815.3596127760549
25727,5174.848545618548
53195,1747.9099624787434
58243,1797.9090400370387
46819,5228.110784433004
93462,6514.534705839076
94350,3080.684982933692
23792,1810.4772704131476
92185,3800.2209415792045
33792,1127.4509977895136
19003,2116.138324135645
71927,743.6931646305768
80482,3169.4473022453
10895,2388.793817239712
34038,3108.2793609956075
49699,1391.7156757088312
71513,1426.9062128292926
65148,1591.3687476691844
85668,1318.639274143869
52336,1536.5591757974128
80809,2747.555730494134
73330,8280.662955926891
23692,5463.4789953009695
18167,705.8295594961323
42727,487.111014756489
51076,739.031909094342
62099,2494.1390146620656
52941,1754.3046452267245
12676,1107.5920050939642
23655,1426.6800673328219
25035,534.1750367576163
37058,3800.3115392286636
69965,2736.743134182651
65225,2327.465112389405
46586,1795.542481818229
16239,7060.774921395262
82678,1718.1195298632076
50552,5728.6756364588955
8355,3180.9689480645657
71827,658.0177937234838
91348,794.4759232405075
45147,2393.5837947178798
56855,6099.6610010551485
98470,2971.7782483770748
23342,649.6177103546648
55366,1595.2506934902062
38943,3033.946204671982
58052,4368.38000396594
36098,2511.1464100020335
69164,1604.9937574774492
72031,3490.478255356253
87945,1376.677894046015
25792,2068.305569633263
29316,2116.138324135645
29505,1233.9187354195578
37448,787.8899802495637
6686,2661.0062124154324
12213,10906.9878037705
58686,971.3656024373477
97623,1273.5028014075237
82623,954.991966779276
68269,8489.924915251331
95395,5693.521022678047
36509,1413.055057524557
54638,2061.1018388481034
81134,1956.455844247539
53725,487.111014756489
2163,1628.16681637323
74333,5561.609228478942
65752,1909.4145479339227
89192,1727.5590948722531
7358,5962.52008010658
13890,2040.1459033426047
9125,1059.6374373880844
22903,993.3701649312036
97521,7186.365040210933
61179,2140.3684294585096
76508,2349.1785071643094
98949,1330.3208291771912
96164,2269.439751637315
51542,1342.94515180877
77001,3752.354773972079
40090,8379.556228261747
6074,8324.85309369581
88455,1673.2142680723919
60490,22047.905557904036
80808,1296.4451639305632
74167,1323.6496949096402
36894,1695.5364411150579
25447,1503.2339165110054
89060,350.9116187425199
62830,1764.5694274840682
50280,2031.8670099417484
67136,12194.280391105358
86694,1192.5515190049034
70634,1536.5591757974128
17780,808.8589068391718
62258,3624.845877568365
38412,4648.68354610937
98600,2661.0062124154324
18062,2936.02700558493
66595,5342.4570476930085
85685,487.111014756489
70608,843.6226515692617
60021,611.2233303218293
49247,975.2051302142307
57608,7958.6582676314665
2076,774.3162763995055
73979,592.3821662915722
76174,3357.601885886074
66965,2213.8717443718006
56856,1718.1195298632076
18975,1398.6314558485167
15401,1905.3290001836224
734,996.8913820611867
71695,1516.8589263192703
18553,3753.2454524974537
60406,4753.806059709327
23438,1005.5162782199944
67442,2391.621693355456
31513,1748.8879812774483
66406,2198.8337313460956
85695,2302.567888580011
43407,1010.5163918694516
42592,4191.649344363901
95737,2246.6998989532212
12603,3028.083310960976
2869,5174.848545618548
57114,1364.6401006923227
8165,1251.1739067978012
62452,3996.095130194428
95558,1045.197996270626
27590,7740.6271658559945
61662,1150.7325146670028
59731,7111.519143380487
48590,1369.1516238863978
94620,4257.768026692378
74700,1695.5364411150579
55541,1118.8719975020324
81491,3028.535668858868
3071,828.9846225843197
32434,1056.5764012384298
89058,2137.429542529816
93068,1842.9242493351105
23289,971.3656024373477
84405,794.1209448977372
93022,1061.0287416119802
73411,834.3382279454113
10134,1732.6669439275583
80338,1516.8589263192703
75312,939.8914681166978
40722,590.8319269945442
32850,4579.454563772069
90278,6714.239830513946
24219,494.83398179017547
4835,4578.913133459785
68919,1233.9187354195578
96314,4828.158920647438
62477,3705.3792848903286
99700,2161.720089615358
93505,5880.218159054564
37698,1137.107504858738
45409,1233.9187354195578
82587,394.3174501537123
65933,2983.8931731920557
10407,2490.4880662317482
93838,1695.5364411150579
75813,2089.5633749226904
28296,798.6986008975254
16748,22892.839049740975
19285,5008.667942432419
73903,919.8149693119307
50977,769.3514066215331
3984,5628.543957289049
8678,1704.4945200549428
47627,694.5649305567916
12737,11392.23839609417
93681,306.681444080398
30415,645.1421054109596
79866,554.7468123583855
62576,1376.677894046015
65716,8501.052289419436
62307,18465.25594261233
26800,870.8036269222204
76222,7926.975707830342
9594,4568.381729313656
86870,5381.103893704863
66502,1200.3090304245686
82458,780.4959350894724
81037,568.8144017292468
50511,4459.997125584765
24125,3212.601793719647
74058,8709.676139029378
16371,3194.356928904393
44662,6443.8914367124935
52012,5008.667942432419
96171,3938.4874095856735
59033,1437.6180920324502
75794,5575.104827154926
10759,1797.9090400370387
81890,2068.305569633263
82795,630.2861496505848
28639,898.9548092689622
70566,1871.8701854999417
84005,1718.1195298632076
10309,3648.6218644085347
55371,2663.8812700342446
20678,4106.659465015084
56377,1394.3749010374684
21831,523.2666379344855
31120,862.8696946328034
45793,3969.7009878332105
50301,1084.3740690576417
83117,3533.2217973516326
87125,2335.7527538007685
65935,1709.1614509233227
90632,1171.3514274851536
52902,599.7195964202706
25466,966.3970606874044
53194,4545.221578795708
54242,1595.2506934902062
175,780.4959350894724
20082,2757.50849147894
23031,14375.55199375566
1976,6082.712053349995
34363,730.5291064516555
67002,1186.6840206163038
9791,6658.606763983314
1269,2510.1652579432803
71913,815.3596127760549
68710,592.3821662915722
84165,3745.054163892314
4269,1318.639274143869
70670,1104.9321752501394
85997,1902.91046518029
71908,769.3514066215331
60196,740.2703736611157
95770,2898.5389246451828
24188,879.4572507591653
4856,4725.212955239845
59577,1206.1765288131683
59511,3857.5678852214933
4426,2796.60495076088
52022,2236.4492062515365
43922,5196.777090178104
77774,2029.5434494543085
96896,144.8377641160197
80744,2269.439751637315
64746,1295.9016608690629
56023,1647.0612510592168
55200,4921.154638053015
88996,2452.3000590637985
99938,9359.593137879698
45915,1168.5189858993308
38526,3323.7841129047342
62685,2236.4492062515365
17061,5475.577640786282
73074,599.7195964202706
8939,4106.643871234789
38282,864.7852651759441
31769,4322.649625599605
34500,3614.3807066096742
43714,2385.3554229602155
87137,2686.677960484491
94621,2496.5402481350156
37231,1092.191282217618
87603,5022.292952240685
77293,876.4947044410683
5147,3438.024356333859
55509,1516.8589263192703
66209,4191.649344363901
81111,2228.196812666573
66556,7457.660508842308
58644,4663.246658042385
79857,3335.922961453888
76067,3377.0545675357675
59219,4631.812850353236
36406,1318.639274143869
22060,3827.5983134355656
59659,1437.6180920324502
79900,3343.9768760778093
78417,1528.8014397347802
97409,4325.471182126775
86787,1606.5647829480376
98807,1591.3687476691844
70648,4191.649344363901
79960,3051.521940513814
49394,1412.2564656567815
1412,996.8913820611867
12586,8869.287208959711
74511,13152.769521724616
28701,1746.3414956508768
33180,10579.835651390506
14023,3209.7502717822513
88292,3405.4680534931995
10580,1323.6496949096402
62578,2000.840202287195
1406,2693.5535701659574
26244,3169.4473022453
99869,2451.0842887539616
86316,11269.936420636055
70812,4646.008683224937
61451,1885.4951953082066
38462,4452.03821414315
99626,2540.877792923776
86568,1201.2051428418483
5034,5867.687034381345
45117,1332.2642839521338
52624,2153.993439266774
71249,2540.877792923776
26703,599.7195964202706
86640,1845.2820960809483
62198,3051.521940513814
84411,2261.4281211164075
78496,4132.4099588823065
92201,1295.9016608690629
7719,1110.356316934591
67329,3032.8188153265664
26828,3155.8222924370352
20612,11476.104171877218
40928,794.4759232405075
34105,4160.724976867645
45498,5936.015178755546
9641,6887.118516978946
44429,2540.877792923776
26844,870.8036269222204
89306,1516.8589263192703
97249,884.8505776879402
76092,2180.4855127601245
45268,1426.9062128292926
94803,2693.5535701659574
42675,1531.0326120145462
79206,864.7852651759441
67118,2898.5389246451828
91521,661.025949497568
85721,4132.4099588823065
2951,4087.1463804824516
69227,3171.917030422647
31499,2907.35167754192
15310,2518.0434879919035
83558,5094.884474572088
39059,1947.1355077694388
47367,254.6608638159312
47566,2407.2088045261444
71782,2828.9203819741383
71301,1595.2506934902062
85396,4301.958164461299
50083,2624.3386166092096
18815,1423.9930822241854
37926,1858.9071058892132
87500,1359.0124718649674
91855,2303.39571494977
25322,1700.730553749373
31001,1059.6374373880844
994,1858.9071058892132
8196,3180.7242691900333
41797,2663.8812700342446
48823,2013.2356712409778
455,1137.107504858738
29717,2077.409617061433
10646,1019.1412880282593
25988,1777.8167287348806
44381,1777.8167287348806
18784,1777.8167287348806
18540,8820.407278724331
83194,1352.4076556641778
26331,2218.129214029045
63253,2401.5367937454744
19715,2882.747854654099
78295,541.1218025501206
26373,5427.647740129299
25175,7895.0067909607815
92735,2428.7351858548727
7746,953.485044086908
33949,1186.6840206163038
3357,1824.1022802214125
94229,5171.375570167395
99457,7192.384128326205
78808,3327.1399422350432
47093,1621.7228367556252
34287,361.8649462673849
35208,1092.191282217618
30194,1842.9242493351105
27040,2540.877792923776
86554,4016.8598196946937
92545,4346.451459406384
17102,577.2069171862794
85692,3786.59593177094
89789,2209.5862572224837
7937,2029.5434494543085
26111,3990.922196647121
45134,1536.5591757974128
78952,2103.188384730955
79540,6937.214658765013
43888,694.5649305567916
37225,966.3970606874044
61621,2523.8893865077957
66367,1709.1614509233227
59867,1595.2506934902062
91447,1620.0577900955057
26550,504.17348711535635
11626,2588.7439605309014
5645,4639.852278234906
98672,1214.8301526501132
86903,683.7683861373117
26087,1617.6495529517454
30487,5240.967227947025
14894,460.006139244277
72691,1530.2370792663248
48432,1318.639274143869
8514,879.6755052532611
6763,590.8319269945442
61539,1186.6840206163038
48618,3414.9825211069574
35183,3493.606487276229
20220,879.4572507591653
47493,2015.9184396460437
73313,3485.890523940984
40600,993.3701649312036
51255,1398.6314558485167
83777,4867.6632085474985
41400,3436.0331814538554
58137,2814.3708551559457
44914,647.9368318154236
85442,11012.668165548364
62418,671.1979498340032
12431,6159.924319884846
89460,5911.329157404
50183,1240.3681156872135
25013,17157.619089728745
98907,855.2864634125276
37858,1840.897131165781
72175,724.2645354971364
16119,1754.3046452267245
81369,898.9548092689622
80761,4727.354405274795
84475,4697.949168059153
98451,328.2770271891221
27421,5542.337584897261
6458,2990.030763098424
16193,2911.2320600143635
55340,1718.0702908449216
88565,3159.1740539168845
97067,7067.329005611566
22058,4905.991369746393
46690,3051.521940513814
35941,2686.677960484491
87213,1516.8589263192703
42858,8907.811184988926
40017,1038.017004188818
64364,4157.253471730628
92778,1613.3870984823775
62216,2990.030763098424
9989,1045.197996270626
38653,2609.042066272558
47647,813.2062457654242
18831,1652.0687212598737
26411,3830.7860695398604
3906,12697.930859771985
41530,1620.1897927563025
61079,3065.4776448861835
50738,3939.369442888176
98296,2754.995648904
76849,2081.9305794415277
244,2682.867186599853
76614,4254.395154030337
73349,13853.850463831008
81750,3108.2793609956075
89364,914.130058374255
21461,1361.4257742897812
71607,1287.1278112157886
93141,558.9502226235985
35769,1091.0992987042162
55074,1508.4319126989863
67300,1119.0307218153732
8061,4201.198581739532
32197,1608.875703298471
77125,2871.989600971289
31826,3957.6023423478987
53278,993.3701649312036
82914,2297.919258601749
94969,5699.732043946279
84928,817.9115293644196
10670,4544.6719756609245
33737,11575.411044021845
57535,468.0883724791975
4561,3094.654351187343
89504,5246.590305882976
1301,879.6755052532611
32743,6907.181700373225
19786,2682.6201008252797
39898,938.0509108739268
78724,1870.9106057243862
46633,2151.167620511701
2592,2430.421565806541
10680,1273.5028014075237
80524,500.50228860410164
80314,7177.430664889786
32185,3253.4120301215407
26221,7253.428957529645
80734,95.56680028795739
33215,554.7468123583855
45167,2986.0800370648562
20332,576.4087558986139
31863,1560.3956933350237
38834,3836.9274845429386
40616,12518.214471585776
95282,778.5359179079121
5769,1698.4257861286974
98321,1019.1412880282593
14115,1332.0699708837801
22714,808.8589068391718
62982,4903.283149590394
78902,3449.65819126212
89750,2662.5497514343574
4894,7618.274680461667
20385,2923.912080769949
65847,1492.6737809798703
10190,1297.5072919638822
69551,410.183748423829
87210,1871.8701854999417
27154,1922.1659645806421
55478,1214.8301526501132
89924,2409.397689077416
9579,599.7195964202706
58138,1608.875703298471
45033,3971.2273521561633
52491,4555.164709967704
89228,8149.219156013264
66973,2274.17109762217
67553,831.3895202089034
74065,1392.5876349789685
84697,4201.198581739532
19536,610.5027404393292
96415,2455.07497213327
46757,884.8505776879402
45400,5162.083009245871
67037,879.4572507591653
38823,7169.86011907934
32192,4254.395154030337
94202,3766.8704623057183
88855,2714.2465322990997
73452,779.0780852362445
96266,1531.0326120145462
40917,2151.0545523380806
39163,2081.9305794415277
25500,753.0234241992433
74950,980.5150073019073
57010,1247.5437452278227
36422,2922.4019957766654
49953,1508.4319126989863
58618,647.9368318154236
62405,1214.8301526501132
25419,4887.4111276692565
54717,2142.120889876416
91695,1628.478066069646
372,2510.1652579432803
14938,1684.8007763204325
10602,254.6608638159312
63160,2997.4897689243644
9508,3845.3477605170788
79744,1777.8167287348806
15862,4143.6284619223625
82994,1322.3037521668039
87748,3921.7502266134748
23565,1698.4257861286974
52900,3811.1903781127844
8928,3168.2259715588034
47029,3493.606487276229
8809,6198.242172825765
53551,366.68448383787603
63151,12787.888134652088
84014,3438.024356333859
28455,9343.1866329905
8772,1621.7228367556252
98788,1531.0326120145462
91682,862.8696946328034
38310,3343.9768760778093
82291,1508.4319126989863
51925,2318.4953324607195
64171,1288.0034320792624
79763,3324.4888003538567
47424,3614.3807066096742
33515,922.5149495355297
58207,2089.5633749226904
75347,4002.56797738792
1601,2244.5852774169134
48603,3142.5205187944684
6199,1119.0307218153732
41496,1748.8879812774483
5779,10638.507823555472
93596,3948.2289625873022
19428,1261.6079263613262
37151,2204.5042042207806
87634,683.7683861373117
77176,6113.286010863414
92437,834.3382279454113
5537,2161.720089615358
23106,2813.6744128226087
72759,1557.31861317071
82530,2000.840202287195
79854,1970.3758325263577
46095,2116.138324135645
29549,89.26780022052347
58691,838.7937570227798
17584,327.4075653051558
62756,464.12402767562287
45418,599.7195964202706
33440,2474.759110595301
55350,32690.55783014949
36105,1282.276651060798
52140,1516.8589263192703
26360,5558.137723341927
28707,862.8696946328034
11303,494.46015123500604
96892,4574.056709282996
78286,7512.718179627507
31231,1137.107504858738
78445,22930.29927660986
88989,2506.5726187907335
58489,2385.3554229602155
90090,1516.8589263192703
81627,3357.7261751141277
71484,3277.8581937493345
75587,306.681444080398
62186,1802.1708128338503
84920,782.976416429798
64962,1503.8918877902781
55939,487.111014756489
68647,3669.474558452497
53375,6112.309011155036
9943,808.8589068391718
46587,7930.520351090441
17084,737.8895453054013
86761,1956.455844247539
73613,2923.912080769949
78379,7869.792499960595
28026,1824.1022802214125
2985,599.7195964202706
72896,1398.6314558485167
38483,3591.365518415705
89946,2958.44299825196
22315,922.5149495355297
35934,407.9424599619771
87923,1481.5884623676745
9177,884.4286367304852
57215,1522.056922507251
9712,5545.22766160944
38922,3800.2209415792045
54411,4793.473087603272
54900,1248.0470330623257
36582,10594.498795091107
76016,2085.184324122271
98019,885.8066863912213
80677,1956.455844247539
47883,3265.2382847054873
21082,2815.2953721658737
36971,1531.7701232656475
72331,1092.191282217618
75827,2004.1291624843088
58750,1295.9016608690629
93679,1503.8918877902781
67641,2252.370371827906
5892,3108.2793609956075
62806,693.0237029398203
89185,2956.2757483194446
53408,7372.39224631572
12338,2856.2833134481907
56193,3046.443825134831
19634,9759.95861911352
75155,3672.6110818353395
73665,2919.6523359885036
16679,1675.9544064167817
20001,1426.6800673328219
59573,2398.119917988322
6239,5050.694336803167
60932,3987.1757421431003
50409,2682.6201008252797
44453,5224.830245790217
18145,8132.569788023953
26276,2837.0477472297925
38498,2258.210287225178
56606,6497.016253761606
15333,14442.0303453629
43780,5495.554515390614
47469,1110.356316934591
18332,3408.1840625327836
70573,5633.698568248152
24043,724.9795127538666
30995,5880.218159054564
79479,3023.4286369408624
41158,624.127750247594
95777,2490.4880662317482
9621,782.976416429798
56502,2759.672252494432
47400,11526.478476026858
21812,649.6177103546648
14414,1188.7792081636205
89523,11587.751781565514
61012,3251.6132748972227
36256,1392.5876349789685
61634,1970.080854055804
32126,5037.0693269949015
16298,1889.037827637946
42270,1137.107504858738
95228,2975.5624693337368
81057,545.5891597284981
73884,2686.677960484491
35132,2591.803885721574
75231,5470.874800671328
62926,5185.099128467585
67387,1747.9099624787434
62421,554.7468123583855
26987,368.76587871584945
36717,1531.0326120145462
67078,1921.9777016581204
61877,1392.1861929813058
66113,1684.8007763204325
6421,2773.2972623026967
74394,3670.0605811486093
42909,335.0444158300976
42563,6521.048336010793
55542,831.3895202089034
19583,1984.0008423346226
29336,2369.9620800823573
23027,2953.629210455193
92108,996.8913820611867
18310,1275.232936169591
69394,5528.176447843936
81189,3079.2547562024165
43321,1687.9875772436108
74808,761.4437001733836
40332,603.4809837318005
10041,5168.1854969942515
33624,2103.188384730955
48587,3695.989106504624
57792,1604.9937574774492
36202,3534.7060574353372
35170,3265.2382847054873
53867,993.3701649312036
30592,5534.278935592317
38548,1119.9526406684083
24881,647.9368318154236
58937,10025.391078991823
14808,1376.677894046015
11187,3490.478255356253
8938,1492.6737809798703
28290,1370.8333216946287
51570,4793.473087603272
57511,898.9548092689622
35615,4223.5268688935175
87039,649.6177103546648
47358,1437.6180920324502
5231,2283.0647614455797
71116,12114.682308923417
20669,3931.920746159605
28336,2846.4028423797818
46098,1842.9242493351105
20411,1935.6027114663852
73556,3145.54904410862
48398,10558.186684356438
71716,586.5394403097514
62337,1857.2855959161213
1562,4143.6284619223625
21888,808.8589068391718
72433,1851.3445253092505
15509,4201.198581739532
39493,2140.3684294585096
75058,2476.8630564234836
94961,1412.2564656567815
66137,2474.759110595301
2089,1525.183715332589
43951,3108.2793609956075
82909,7067.329005611566
24081,3277.8581937493345
51005,5965.172692104013
71411,349.45005775132023
79785,6334.187246463928
31217,932.250632522012
73174,1480.9909094889972
5196,1159.347613610315
98215,1503.2339165110054
9616,3424.3993465255944
69994,3682.908563998294
98469,1273.5028014075237
80367,624.127750247594
19932,3987.1757421431003
6131,1297.5072919638822
12950,1709.1614509233227
82080,2343.755525748331
53203,2407.2088045261444
72559,2858.364591163024
27636,3811.172846220789
38784,847.9632377536761
62024,893.0822605674301
65651,757.3181744388417
61420,2704.605600745234
71867,1608.275967416525
96434,2871.989600971289
20666,2407.2088045261444
81385,3502.960391853333
45995,8164.395600385298
46990,1490.2668779820133
74422,2986.0800370648562
15963,2677.5062798425092
47450,6806.182242289673
2554,4767.944657587741
60810,1316.6958193689263
3639,2128.176500539068
43382,4481.925670144321
94455,2068.305569633263
9770,3971.2273521561633
80372,1382.7766336946627
85650,361.8649462673849
49649,6577.348232309554
92500,1689.5794162250465
24840,1825.6828963420064
1993,6937.613308096905
86996,3277.8581937493345
70293,799.5812359571594
60458,8008.550669307287
34195,4096.603511831435
84573,603.4809837318005
93229,2663.8812700342446
76833,1422.8015106359455
36974,1840.897131165781
61136,2175.3450994236227
16673,1257.172971858425
56982,5421.515768002851
85554,1999.5568609102436
81404,1488.3740937370235
87058,14907.81501802409
17218,738.8796483509502
62834,782.976416429798
60019,1939.5907359643309
65080,738.6045225621315
72285,5518.783151937917
9681,1214.8301526501132
41201,2334.348287922954
11611,884.4286367304852
99333,953.485044086908
27342,1454.8402942718772
36106,2871.989600971289
53656,3253.4120301215407
55977,1947.1355077694388
77500,5558.137723341927
85488,3859.0390138279145
84749,2089.5633749226904
60723,5185.099128467585
42694,1233.9187354195578
64536,2540.877792923776
2240,2236.4492062515365
17564,3672.6110818353395
14786,4727.354405274795
10446,1104.724308512481
67676,8894.186175180661
83983,1889.037827637946
46400,962.1343900729341
83212,2518.0434879919035
32102,10960.042517193715
31856,3648.122938897499
42429,1125.0861516588357
23817,2328.7821023096376
77203,3786.59593177094
41321,803.1295470774525
65357,2198.8337313460956
30408,3194.5939578728303
24325,705.4350509476466
55978,1704.4945200549428
66211,1214.8301526501132
98436,1854.5123343120526
22211,4261.158448184215
10807,4727.354405274795
19369,2063.7846072531684
58913,586.5394403097514
57491,2930.6140222612244
11150,2198.8337313460956
24639,6408.976528191808
30380,2759.672252494432
21019,2597.76258770577
60594,1110.356316934591
79863,1318.639274143869
95895,3194.921741056681
2026,3323.179984948126
81721,1323.6496949096402
83800,10819.980166278154
12299,1503.2339165110054
94336,3367.1430005327647
99190,885.8066863912213
16696,946.5716908051357
46720,831.3895202089034
86338,2999.705046873121
69451,2733.4311072354517
94526,884.8505776879402
17275,2384.17696751175
17915,1378.9626251707036
85009,2439.3172150967116
31400,8265.32042869025
53601,2476.8630564234836
84349,2409.397689077416
75750,1608.275967416525
67634,2796.60495076088
42816,1617.6495529517454
65396,4727.354405274795
65958,1276.2153379215088
3165,1240.3681156872135
33638,730.5291064516555
85516,1715.5017496657722
82202,946.5716908051357
15915,2871.989600971289
85520,1280.0544419447258
81038,1247.5437452278227
35694,3969.7009878332105
90653,368.76587871584945
59583,1391.7156757088312
85304,5324.6963719346895
46790,1056.5764012384298
74164,5329.438134585737
2529,3357.601885886074
46249,412.2304536533653
48670,1324.2503083627635
37859,1125.0861516588357
11759,993.3701649312036
32075,3990.922196647121
93026,957.7405926290828
58505,884.4286367304852
57248,7660.883473719252
73788,8051.633471796149
79724,1019.1412880282593
72484,1754.3046452267245
44849,8443.795943426601
79455,23189.22574565124
82139,3916.8541614050996
85373,2970.268163383791
78008,6082.712053349995
96773,1905.3290001836224
69286,7404.429516403048
12864,2140.3684294585096
82708,9759.95861911352
22380,3373.8323034424598
51051,4727.354405274795
47844,506.6989320889815
6820,3841.2233232438302
61913,4118.784949074041
67161,884.4286367304852
95176,4203.718385343548
62733,3611.2208677601
37039,3028.1316601837875
36248,4659.235043701311
18326,3784.8223917987575
58946,1595.2506934902062
62259,3325.72436135646
63321,1570.9436229789749
61585,1595.2506934902062
93843,1205.9489473790852
84140,2270.009483338094
54603,272.8707553134727
21085,3360.317894925658
53895,1811.5340498453036
89215,523.2666379344855
54684,1423.9930822241854
5918,4655.831011798978
83403,1426.9062128292926
38912,2726.989508804862
65900,441.6639228477289
56520,4458.223373559898
44904,3300.5597644877125
48799,939.8600342786432
42911,2605.4288955298384
13110,1461.6285433825522
93099,3823.3267274226328
6685,3158.292020614382
63793,6190.492240671423
83904,2415.161803553739
26142,10869.616523134322
37158,366.68448383787603
41069,2013.2356712409778
87819,1557.31861317071
36902,884.4286367304852
35147,5443.444312562407
38888,7706.317484918189
3887,414.0775846855659
66632,4382.0050137742055
78119,1842.9242493351105
7807,1104.9321752501394
31181,5938.033306631751
51443,1480.9909094889972
80426,4807.098097411537
37777,1746.3414956508768
58205,688.432375920559
20553,310.438056068407
1714,2128.176500539068
90052,975.759399881199
91784,683.7683861373117
97392,980.5150073019073
76774,4632.307919003143
93582,3426.743629099646
62582,1608.875703298471
15022,3392.2412053219714
48859,1392.1861929813058
2638,1247.5437452278227
81178,1005.5162782199944
4029,2718.2306105534985
35263,2403.218121146836
98892,2244.5852774169134
47831,7041.069460098999
91035,3041.756669992052
58443,2177.119910070846
47369,1194.1425590152585
46881,7008.842930938649
46749,10946.41750738545
25141,3483.50104958144
36667,815.3596127760549
30749,1412.2564656567815
1289,2151.0545523380806
68448,6033.5423187266715
43446,2445.6299064887367
25923,2933.9440571281466
70658,1956.455844247539
66052,1168.5189858993308
55755,3300.5597644877125
52223,1186.6840206163038
22485,13342.7772759299
61514,920.5636783794733
88308,1858.9071058892132
88122,621.8354523905542
60853,1200.3090304245686
32944,647.4009396893032
78300,2407.2088045261444
50777,1324.2503083627635
66458,5876.086823671669
75127,7288.484623566302
78038,5436.633642872467
44238,487.111014756489
19551,7385.664092417992
50806,3357.601885886074
17554,7232.1828245256875
60155,6967.731761105913
39428,3220.7849749894426
68479,817.9115293644196
82669,4464.928283524182
48329,8497.28587569881
19671,2672.510616137251
74088,3548.331067243602
67011,2269.439751637315
33882,3745.207081723355
76671,1113.0496656152966
77415,2936.02700558493
28928,31705.43134172851
7239,2451.0842887539616
30450,1970.3758325263577
75093,14476.769603695746
37339,1595.2506934902062
84135,1527.7853261441385
12690,744.687813103894
10003,1908.5409547723773
97387,5837.12190642069
70481,1575.950938129338
42067,4527.162846968314
60564,1412.2564656567815
54805,3868.485270450563
56638,1480.9909094889972
74721,2401.5367937454744
92772,3220.7849749894426
36113,3792.9203314994397
53135,5295.190345572492
43972,1197.175097725811
61191,2524.3385183755063
76483,851.2068071158584
26930,2990.030763098424
97222,5862.461813863403
65909,1970.3758325263577
28568,724.9795127538666
8203,2556.683779691393
52886,2815.2953721658737
76686,10013.360352897647
38454,5008.667942432419
45685,3558.862581178935
50011,1970.3758325263577
79339,3535.2295552402884
34054,884.4286367304852
71676,4434.059502537195
948,1413.055057524557
7498,3972.6696819257722
18166,4513.537837160048
74384,1059.6374373880844
10085,1061.0287416119802
13268,1069.9677836261487
10889,9837.082470730222
99250,1422.8015106359455
92399,2137.429542529816
9172,3046.443825134831
98489,980.5150073019073
97923,1899.366792740653
66780,8077.755776421618
27026,4583.8958009523885
87977,2806.0063045818592
59251,576.4087558986139
88123,1811.5340498453036
77894,658.7671152192245
8532,2303.978783692927
18420,2264.533026990073
52642,4648.68354610937
66591,1956.455844247539
54801,5168.1854969942515
58342,1922.1659645806421
41720,2540.877792923776
73765,576.4087558986139
6185,3325.72436135646
7638,2806.0063045818592
50380,1192.5515190049034
77166,2987.870368254054
31039,1528.8014397347802
91236,863.5323305969304
68695,3752.354773972079
55101,1169.9529016462766
48865,2883.5982422647785
30526,683.7683861373117
32823,7190.883531978449
65584,645.1421054109596
20298,1922.1659645806421
5783,2180.4855127601245
90377,4496.033214721118
91154,724.2645354971364
9706,1168.5189858993308
82612,324.06306587667177
69674,3046.443825134831
35721,1516.8589263192703
86413,1014.9794617601614
36232,3823.3267274226328
73430,4250.327080366858
31664,1811.5340498453036
31228,2884.913914836918
79209,7558.740788290065
14162,1718.1195298632076
96106,277.971704337588
74003,1795.542481818229
53705,4132.487239036831
4819,15563.229283137383
63114,3885.484791984058
99812,1186.6840206163038
5654,1517.4076022062814
16940,1372.6374816732323
25699,1620.1897927563025
47761,1810.8845597425825
28809,2602.368970339166
18610,2327.465112389405
37000,2954.268313885905
13830,1427.4491216773627
99977,1324.2503083627635
36767,2224.986077677972
90613,1516.8589263192703
32781,8901.645209414724
64301,5572.699205783637
15579,661.4600824972248
41715,2269.439751637315
24094,1888.763298772907
17717,2746.031841091924
11492,1591.3687476691844
3492,1311.4972578246359
70136,815.3596127760549
16990,2393.5837947178798
93145,1904.3741078910161
39675,8948.299940328106
3181,3957.6023423478987
82922,1517.4076022062814
15756,11145.734938173648
51921,1426.6800673328219
28821,2104.428842249991
35976,1858.9071058892132
53299,705.8295594961323
16781,1748.8879812774483
7262,1986.8138844044822
57543,1522.056922507251
39613,3277.8581937493345
4933,3357.601885886074
64750,4719.835174740938
76991,4841.783930455704
6828,2103.188384730955
17825,2441.4499623250053
46880,8156.121321764202
77162,4235.839482132822
10496,1809.538017723434
48922,2188.234597065635
69774,1810.4772704131476
11433,1570.9436229789749
94811,350.9116187425199
82543,2013.2356712409778
85457,8836.944327612598
19235,1083.481657462159
30619,363.075067559585
42464,1704.4945200549428
93020,28313.442348571003
49396,616.6611398423199
43337,975.2051302142307
77383,4328.979363003231
9534,2102.51331432738
83889,2218.129214029045
2242,1289.0818797550378
95052,815.3596127760549
67193,1091.0992987042162
79127,1522.056922507251
84226,767.2184264736255
48600,616.6611398423199
72182,1273.5028014075237
98226,6303.565503400706
14519,6047.794111982883
46517,1727.5590948722531
19744,21641.690736537716
88511,1885.4951953082066
25890,1592.9765543995122
60664,2801.9596928031247
65264,683.7683861373117
73103,3824.7978560290535
79407,3155.8222924370352
26827,3169.4473022453
90976,3001.4953780623187
87206,1576.784158085364
96847,4926.134132010905
66555,403.23162067118375
31221,3357.601885886074
5426,2259.1698670007336
48739,1316.6958193689263
67301,1110.356316934591
23358,4004.5472064553855
76919,3108.2793609956075
67423,2391.621693355456
3252,7360.678890196671
43292,1628.16681637323
8570,3367.1163534998313
28654,1124.0417685844975
88056,7894.578108976048
60417,611.2233303218293
10279,5657.971528116848
16389,1871.8701854999417
38262,812.6283502617655
16706,2236.4492062515365
62340,1889.037827637946
98055,1831.9014253945852
37715,7336.838691947898
61611,7147.072697748308
40898,1956.455844247539
8661,1599.8556914423846
69792,2283.0647614455797
68117,3971.2273521561633
68805,1416.655629631377
34590,688.432375920559
98200,1323.6496949096402
489,6971.612832697468
45534,817.9115293644196
24846,3600.7556968014096
94388,1514.2168501509598
51969,2544.4064157421412
29888,2609.042066272558
9359,7190.883531978449
28989,2161.720089615358
1369,1423.9930822241854
24614,15994.974313140305
27329,3714.25071891753
45505,558.9502226235985
75742,1323.6496949096402
90194,6347.755641169627
66772,5717.7487932722615
27836,1816.110054092123
4268,5823.496896612424
36642,2303.39571494977
59985,1889.037827637946
33001,1970.080854055804
82647,2967.89332369417
96353,975.7999694209042
45067,2510.1652579432803
7070,769.3514066215331
25762,592.1248117421117
59112,4926.134132010905
82987,694.5649305567916
91659,3391.843043684935
98495,7492.2880971276145
54948,3827.5650952246615
10531,2542.005182269191
37838,3362.0509419031023
86994,2614.910030965438
87706,3594.618106895041
79258,3094.654351187343
12237,3291.666330790537
52243,1061.0287416119802
34362,2544.4064157421412
11202,1047.4037318037153
23283,5867.687034381345
41906,4090.5458481342966
32295,1795.542481818229
3657,1704.4945200549428
17089,4631.812850353236
79756,3582.572225042463
45643,4793.473087603272
33462,2821.1634299098223
42707,6347.755641169627
46131,314.65201738085733
21115,407.9424599619771
31581,2004.3220118546637
43492,2236.4492062515365
89043,1282.276651060798
66720,2175.3450994236227
78296,3108.2793609956075
89298,3132.8581015829077
95027,2328.7821023096376
50055,702.0573857288239
10388,884.8505776879402
29515,2415.6297612266835
27799,1683.7741877164726
60133,4727.354405274795
54312,3121.0612637882327
95290,10097.46317265067
29307,4807.098097411537
89480,3032.8188153265664
47535,5561.609228478942
95224,5880.218159054564
33662,1740.6796354184596
52510,6176.867230863158
60290,2272.4236823491738
48053,1206.1765288131683
82920,4368.38000396594
90767,6216.096002643205
66729,1508.4319126989863
44929,1508.4319126989863
22600,1522.056922507251
72799,9469.353943230832
85958,2714.9368619908964
46869,1721.581336355326
36852,919.8149693119307
28214,6443.8914367124935
68321,1481.5884623676745
44585,2116.138324135645
35774,906.1899595036658
69031,487.111014756489
56118,1182.1439957075956
740,1592.9765543995122
54353,1990.7609364572068
77762,2428.020332333591
9927,975.759399881199
2471,599.4463719834233
88531,458.7480430067895
58021,7608.9093125859035
80210,1811.5340498453036
3700,458.7480430067895
43724,1214.8301526501132
97731,2538.354233838874
49062,3156.145528602733
64134,4495.5506799525865
80619,3800.2209415792045
30885,1970.080854055804
12475,1405.8112027895706
15990,3051.521940513814
31944,1093.7605839036075
29502,3028.535668858868
81464,1905.3290001836224
91024,2371.730413151951
23300,4688.474716772886
74512,7447.54751611923
33999,3379.498228816209
10705,12834.624793764855
46345,1168.5189858993308
89113,2749.176689837399
52604,1906.773273496339
6810,1363.05288423775
84273,630.2861496505848
40119,6124.508944281991
55737,3587.8234823054795
79735,1182.1439957075956
51893,3168.2259715588034
94189,21811.157416744652
36177,2037.4120512404522
29280,1423.9930822241854
44840,3823.3267274226328
33350,1426.9062128292926
28183,5135.962599329757
18202,2269.439751637315
75879,2850.672757038057
18979,1740.6796354184596
9932,3171.917030422647
82262,1200.3090304245686
4590,3752.354773972079
67499,2542.005182269191
4796,893.0822605674301
42897,1338.782645855913
23324,4209.901859085252
16317,3156.145528602733
11706,20661.86799101353
8903,4970.9506446664245
31552,5196.777090178104
90196,2558.031425550406
54995,2542.005182269191
85274,5646.353259436876
2008,938.0509108739268
2198,803.1295470774525
63628,939.8600342786432
75601,1598.5395387232634
62153,876.4947044410683
1374,421.9452725478939
76883,1562.2183159856727
36109,1608.875703298471
98240,9222.145977597598
5662,2377.7546745547775
34375,21082.418291615435
99524,8995.46330223431
96699,18150.16694166817
20276,616.6611398423199
60691,1721.581336355326
96466,3180.324617044116
57617,3108.2793609956075
96404,1842.9242493351105
54278,5632.490584280039
78342,2037.5153940959851
30771,1718.1195298632076
75771,3198.9767839113824
33327,3798.447401607022
19431,2343.755525748331
42697,4658.10732871025
81973,4393.4362950697105
81932,5652.455747185257
6255,1536.5591757974128
37728,953.485044086908
61222,1440.9665453529185
51533,6512.261919829484
88506,576.4087558986139
86744,2269.439751637315
76898,2990.030763098424
70881,3349.5479712621527
35485,4705.939892102201
26651,11701.707416704206
10773,6299.712266172024
92521,1391.7156757088312
82504,2807.5384201015577
93880,1257.172971858425
12015,599.7195964202706
21752,8097.863398220716
18490,996.8913820611867
16181,2428.7351858548727
13979,1858.9071058892132
36580,914.130058374255
31259,2491.6755016778766
52882,1287.1278112157886
81668,1960.8579701560436
64741,1369.1516238863978
87586,13298.16344142007
21153,3543.49935080858
33146,363.075067559585
35449,13538.96928419495
67073,1675.9544064167817
23823,1824.1022802214125
20035,4257.768026692378
66264,5487.25636754083
80135,19703.555905264733
71015,831.3895202089034
70152,3752.354773972079
46867,1570.978344105541
68116,10127.746159247625
21429,13362.531512265152
49274,1999.5568609102436
26824,2161.720089615358
68098,9357.418647580871
21559,2645.6287553128955
17841,794.1209448977372
73566,1419.0288457032227
65338,2306.339534575889
94793,3243.303418494883
28205,4645.437860161502
11978,1124.0417685844975
2177,2343.755525748331
29553,5400.39047760165
98364,607.4406824555989
80997,3939.369442888176
80477,11216.097614318722
72722,1468.073806249763
71795,1591.3687476691844
37269,1595.2506934902062
11178,1426.9062128292926
13146,2339.4983440401384
73515,2981.810224735272
90615,2297.919258601749
37244,523.2666379344855
60968,4192.511932789672
92310,1970.3758325263577
61070,2748.7387831537544
21389,2209.5862572224837
30445,940.2459773234671
90142,1908.5409547723773
16120,1797.9090400370387
45828,407.9424599619771
32645,2555.630192077456
18940,1522.056922507251
86966,2762.363792962019
7582,7412.634367812797
36634,4941.5848066918725
90176,7856.167490152329
44915,2244.5852774169134
33380,3553.03406137481
43762,8751.209969085881
38371,4583.8958009523885
28221,1947.1355077694388
1818,1740.6796354184596
39572,1885.4951953082066
11556,1200.3090304245686
11787,2767.6722650343127
36186,5228.110784433004
52636,4206.136942597937
18994,1318.639274143869
30150,3375.2825300131385
48058,744.687813103894
93594,2730.4862684324053
64331,4143.6284619223625
82931,599.7195964202706
63566,1517.4076022062814
87751,5730.85260693246
37769,782.976416429798
99550,2236.4492062515365
38564,975.2051302142307
81429,1797.9090400370387
94746,739.031909094342
72748,1047.2671639912762
41543,10226.96423452114
75382,5544.512713533662
10178,3736.5997351549113
11893,508.9225645782418
32564,675.0850923054896
12748,1047.2671639912762
66724,1005.5162782199944
4008,2527.668110959303
30249,2989.050292657145
4800,893.0822605674301
3098,1338.782645855913
62989,879.6755052532611
68827,1423.9930822241854
78945,3438.024356333859
24905,765.4530754279797
87201,6082.712053349995
41575,1059.6374373880844
65308,2688.8769665755253
92380,4837.663225372193
76808,4157.253471730628
80438,9699.424595789917
57364,1124.0417685844975
63538,1126.6746754235614
50459,6901.100920060812
85626,1107.5920050939642
22120,1233.9187354195578
66593,13135.165472462233
98974,1200.3090304245686
13598,1882.6806391712355
95570,986.6973481746649
91978,2306.339534575889
63185,4431.159194517094
24498,1382.7766336946627
29141,6113.286010863414
91446,3960.54157582661
83922,5542.337584897261
68317,4591.1532242282765
13793,5948.925875945487
34191,554.7468123583855
92707,803.1295470774525
27819,2402.4188270479767
25034,599.7195964202706
77842,3774.687685219916
43964,2357.3805355565955
76013,11378.613386285904
85978,3357.7261751141277
52052,284.92153328299514
54929,1318.639274143869
86422,4453.564578466103
95690,4403.435840693648
1868,2953.629210455193
43183,3546.6183750708315
31536,1427.4491216773627
56994,2116.138324135645
88150,884.8505776879402
16187,2523.8893865077957
18647,1316.6958193689263
74774,606.007176099837
37767,953.485044086908
14583,3491.039417471368
90506,1516.8589263192703
64420,2068.305569633263
74895,1485.9982246393604
71129,6982.928254580252
99162,9106.530001772488
97610,1297.5072919638822
59047,5718.843521142915
53070,2986.0800370648562
43074,2672.510616137251
5166,1956.455844247539
16687,1517.4076022062814
58316,1711.2324208336609
51938,884.4286367304852
74661,1985.8523094643008
77121,1859.4002174524294
66851,808.8589068391718
80588,1922.1659645806421
48108,1118.8719975020324
21342,791.2889684460397
20278,3194.356928904393
52674,1382.7766336946627
96483,9201.976881607712
68290,1718.1195298632076
28731,4539.7408177215075
50478,576.4087558986139
51346,3073.8979208603237
90354,3523.7367510939466
62984,2307.0360346078596
84393,5188.506104572955
84084,9556.809212870321
54226,1014.9794617601614
76796,2071.755241007029
37186,6887.118516978946
69126,599.7195964202706
97788,2954.268313885905
33878,1216.4169148095496
94862,1205.9489473790852
99865,8341.441219489101
89470,2597.76258770577
37730,3608.569403733219
78772,1591.3687476691844
41638,3504.6644272796325
83740,4185.807993729632
95715,3246.842951518508
36346,1990.7609364572068
89316,4903.283149590394
22142,1273.5028014075237
5998,161.8672992131543
41868,3820.9487509788682
71278,1273.5028014075237
9694,1704.4945200549428
21126,8719.702190612841
22654,4645.6100338930455
44658,1233.9187354195578
10734,1256.1263710175501
13375,3169.4473022453
63265,1423.9930822241854
21343,3857.5678852214933
33344,2543.9408031856306
2950,3548.331067243602
38959,1010.5163918694516
24295,2000.840202287195
38021,649.6177103546648
73763,724.2645354971364
86820,716.9040966433906
70160,1604.9937574774492
74429,5474.593014168996
81402,6611.358824855582
33316,10558.186684356438
62583,3265.2382847054873
80239,799.4691228195461
882,1490.2668779820133
42568,5499.202761771708
83503,2017.9470216629286
98825,2356.3370702740926
90640,1490.2668779820133
79344,2504.418478183639
20401,9369.915942398076
64381,794.4759232405075
86766,3456.798259672507
57904,630.908233299555
99073,2343.755525748331
98881,10560.147502524285
22539,1392.5876349789685
33099,1527.7853261441385
691,1517.4076022062814
87639,2976.689858679152
37804,1950.1460065173032
19845,5548.800265152307
99935,1265.5932478325653
66186,1019.1412880282593
37015,3108.2793609956075
98950,1426.9062128292926
84134,1197.175097725811
17999,794.1209448977372
93717,4016.1929871961847
8563,2856.2833134481907
2293,1006.9951747394684
5875,2405.2467031637207
48577,945.8756423302768
42159,1858.9071058892132
36853,1426.9062128292926
76220,20671.71259039513
52165,1382.7766336946627
19383,5303.470169401781
65241,1186.6840206163038
65439,1454.8402942718772
133,5251.000207803571
42842,5210.40209998637
14304,4595.200811251614
57268,893.0822605674301
63221,3705.3792848903286
66795,1398.6314558485167
34863,295.73881062306174
13974,5460.96800436073
33636,4512.794451131308
49426,912.5798190772271
54796,884.4286367304852
47931,697.3933959455766
94607,9996.643926114533
14241,4771.544543043716
52227,6432.518227692742
97134,254.6608638159312
83450,1516.8589263192703
20024,1857.2855959161213
16149,1620.1897927563025
83112,12801.765806334586
92650,739.031909094342
74238,3720.477249442465
7451,1159.4067304841203
92636,1392.1861929813058
21199,2015.9184396460437
3304,1296.4451639305632
17662,966.3970606874044
12542,3299.4794425043483
96358,1632.9691331806537
96048,2496.5402481350156
34715,468.0883724791975
15999,2510.1652579432803
30264,1503.6018184064646
54441,1214.8301526501132
71646,11587.751781565514
76333,9048.08895058896
13051,919.8149693119307
61511,3752.354773972079
36300,716.3248413541943
44986,1003.5978358806897
59268,2554.5028027320404
99597,277.05857630296134
56449,1836.9087405449484
35487,2902.0104297822
90500,2807.523018507314
47233,2624.3386166092096
566,2767.6722650343127
36719,254.6608638159312
94205,3142.5205187944684
27643,1091.0992987042162
12302,3139.4145982911587
20949,2218.129214029045
75028,2356.3370702740926
70716,870.8036269222204
42456,4403.875450653797
98158,1939.5907359643309
7391,1287.1278112157886
96097,1426.9062128292926
21328,1608.0978269473603
91677,2175.3450994236227
71151,782.976416429798
76786,1283.8822821556173
56813,11378.613386285904
7694,13456.206597923177
46470,2944.8179884436954
45073,1675.9544064167817
44388,1709.1614509233227
80459,4531.046965852659
14509,7610.466185295354
84269,1240.3681156872135
15590,1747.9099624787434
59717,15937.732465572242
48376,1301.6284418875273
19094,2146.242977050042
57440,4778.6989568120725
31925,2228.196812666573
8827,9556.809212870321
13903,1530.2370792663248
64583,3209.7502717822513
67930,1590.119262749123
74306,3800.2209415792045
76827,3987.1757421431003
20163,1019.1412880282593
51733,1857.2855959161213
42438,1628.16681637323
53624,2245.8875058545045
4440,2307.0360346078596
15992,1192.5515190049034
59184,4132.487239036831
34175,9213.673463491454
87310,3971.2273521561633
45181,1590.119262749123
73019,12575.421653069061
60735,5094.884474572088
80297,890.275225283015
93511,1617.3354089743648
23684,2518.0434879919035
69210,3872.664023636179
88436,1992.2797357354782
3121,1963.6606069316788
32637,2345.25982569778
83099,3028.535668858868
73893,3561.45433734895
51489,2976.689858679152
45798,3253.4120301215407
89351,1426.6800673328219
73058,993.3701649312036
96837,1579.9295220881775
81307,1740.6796354184596
84546,1811.5340498453036
64599,3996.647843195488
38114,4544.6719756609245
71706,9133.069898434422
80881,6974.950777770522
17289,2000.840202287195
52918,975.759399881199
98995,185.17813973481103
11282,957.7405926290828
37868,327.4075653051558
25114,1956.455844247539
12261,2203.3210693088404
62249,9213.673463491454
47037,254.6608638159312
78433,7892.150094952071
47826,647.4009396893032
49646,8384.486374013983
20965,2029.5434494543085
63652,3168.2259715588034
66008,4148.840295158365
2009,2664.090340163111
73706,730.5291064516555
15273,5127.842782474753
90678,458.7480430067895
59831,4337.317158365171
56884,647.9368318154236
12958,1110.356316934591
96277,4989.882237092736
5911,782.976416429798
26777,1283.8822821556173
45406,3194.5939578728303
85716,624.127750247594
67779,1740.6796354184596
69562,2357.3805355565955
28962,2815.2953721658737
14647,808.8589068391718
94506,4381.928630229105
91597,196.68187363636963
19718,1014.9794617601614
85183,3412.3979363014646
85502,568.8144017292468
80307,1889.037827637946
89321,2871.989600971289
72922,3291.666330790537
96739,641.2508499122597
74280,906.1899595036658
9964,1283.8822821556173
25230,1426.9062128292926
36200,928.7976506974045
96403,2291.7091773076613
15778,1206.1765288131683
53117,594.28178689978
69409,1469.4682165444578
9370,2858.364591163024
62201,6699.744693766644
29134,2747.555730494134
99410,2128.176500539068
11253,3863.2199204900235
46861,2124.799634197674
4020,1378.9626251707036
73900,1327.8859677679293
54357,3171.917030422647
18182,3582.5345607322993
99627,654.3367887089863
49839,6051.513083081976
6855,3212.601793719647
58437,1282.276651060798
24633,2327.465112389405
63956,1150.7325146670028
94840,4481.925670144321
68195,594.28178689978
88792,2103.188384730955
79850,1104.724308512481
11621,1620.1897927563025
98075,3798.447401607022
41482,847.9632377536761
25395,1311.4972578246359
37848,18682.982112274127
23885,2554.5028027320404
44983,1413.055057524557
88010,1391.7156757088312
81065,4090.6807314510124
97048,2161.720089615358
88087,3534.7060574353372
56059,1858.9071058892132
64225,12114.682308923417
27492,1010.5163918694516
61500,675.0850923054896
96248,2987.870368254054
83654,1613.3870984823775
83115,3267.0370399298054
31097,5544.512713533662
75016,1330.3208291771912
11039,5282.086591783049
65114,6112.309011155036
73324,1858.9071058892132
31271,428.0389130394641
99837,1323.6496949096402
68137,791.2889684460397
48203,108.5225981996988
38368,1019.1412880282593
35270,2405.283559864582
31367,4367.940820208718
58082,403.23162067118375
75968,1517.4076022062814
28077,2476.8630564234836
73990,3983.325997641475
62963,6485.3706842447145
97447,5136.51614484161
85202,1698.4257861286974
70717,2259.1698670007336
58395,4667.600684023542
86324,971.3656024373477
93411,1275.232936169591
86825,6734.249464104197
63664,4436.7970203401355
35553,2754.995648904
28708,737.8895453054013
13211,5047.138583085568
4201,6865.18997241939
72346,808.8589068391718
16293,2719.806097427187
62026,1159.4067304841203
65374,2269.439751637315
87969,939.8600342786432
59483,1613.3870984823775
99933,893.0822605674301
4678,2269.439751637315
81221,744.687813103894
1708,7842.219477112027
1344,1047.4037318037153
70095,1057.2147330880211
98562,4970.9506446664245
30468,7358.767236507454
12650,13026.490297885797
53044,443.7051833452967
14107,2089.5633749226904
12868,2103.188384730955
46722,613.4151764164139
59031,975.759399881199
22563,2580.435965088616
27820,1316.6958193689263
69660,15480.806783564478
4423,1970.080854055804
60068,1517.4076022062814
28556,647.9368318154236
10576,2153.993439266774
28705,1023.6339313581484
54997,2971.7782483770748
64725,5006.440388090244
51296,2343.755525748331
46653,1704.4945200549428
74350,2391.621693355456
17713,1240.3681156872135
54482,966.3970606874044
55872,1168.5189858993308
91152,2068.305569633263
92204,1069.6421375126702
2833,7492.2880971276145
80475,1169.9529016462766
26466,3611.2208677601
7401,1256.1263710175501
3690,6132.244923489099
54582,1899.366792740653
69864,407.9424599619771
15061,10395.011875319111
46157,2476.8630564234836
92920,932.250632522012
18355,1810.8845597425825
20707,1608.275967416525
8628,185.17813973481103
60683,3648.2658680234445
59943,5394.849322032253
67626,3680.0753907222593
94420,5463.080345969078
425,3672.6110818353395
69044,2161.720089615358
38254,1192.5515190049034
52125,2922.4019957766654
92492,1449.078528014956
63380,335.0444158300976
64635,2081.9305794415277
26569,8161.393076191845
86871,954.991966779276
74867,3624.845877568365
92829,885.8066863912213
98717,1057.2147330880211
8503,4158.270774990813
47306,2391.621693355456
955,1186.6840206163038
92971,7895.0067909607815
11028,1503.8918877902781
30512,3784.8223917987575
66801,876.4947044410683
62516,2393.5837947178798
5647,3615.3442983371083
17910,1197.175097725811
38905,647.9368318154236
27332,993.3701649312036
91307,2746.031841091924
85741,1345.5896901784893
20479,683.4555748928256
56626,1777.8167287348806
38265,3709.0898685279
43829,3415.00916813989
36058,6900.7435267872115
87909,2438.6707206469937
42299,920.5636783794733
29949,500.7360245647538
76783,1005.5162782199944
51124,986.6973481746649
64857,1224.555101330897
75037,1437.6180920324502
38111,7022.467940746915
96553,1273.5028014075237
15540,3480.8635107704667
75573,1376.677894046015
42917,3194.5939578728303
74767,1669.6721599766843
29571,13734.775639086052
16053,769.3514066215331
81148,1233.9187354195578
84467,1010.5163918694516
71361,1318.639274143869
84683,2813.6744128226087
87832,683.7683861373117
1202,7899.6132824873375
2051,6743.476132872199
18106,504.17348711535635
81884,1604.0245431434805
99127,2554.5028027320404
95620,3591.365518415705
28850,635.9927005464
31731,599.7195964202706
54159,3212.601793719647
99804,2540.877792923776
30570,4765.472596335699
68092,769.3514066215331
34355,3325.72436135646
73267,624.127750247594
54052,3722.9747253466467
53598,2236.4492062515365
85663,3366.295307939673
66452,1069.9677836261487
12439,769.3514066215331
88696,3217.3134698524254
54711,3844.411079348125
9742,4592.365302241288
78929,1412.2564656567815
43122,2161.720089615358
35191,5641.7907485441
67576,1593.1913703198334
36564,2975.5624693337368
75778,1871.8701854999417
30784,3753.2454524974537
23006,3665.718379353817
64166,101.76763886321373
15616,1747.9099624787434
69920,1870.9106057243862
4766,1522.056922507251
46754,1947.1355077694388
4355,782.976416429798
5242,4214.823591547797
65048,1522.056922507251
31138,2128.176500539068
45389,2556.683779691393
88095,1503.2339165110054
95028,1984.0008423346226
77414,1137.107504858738
77644,661.4600824972248
40009,1769.4475039624517
35348,153.25804009015994
19661,1608.875703298471
76403,1096.8394225497161
3786,2343.755525748331
3561,1871.8701854999417
85661,443.7051833452967
8927,1698.4257861286974
531,2677.5062798425092
19390,4088.61164736478
72193,9096.565856816615
17303,815.3596127760549
53305,3614.3807066096742
89443,1956.455844247539
98070,1289.0818797550378
73863,1330.3208291771912
18675,737.8895453054013
27547,5242.576319897217
54271,2204.6368249592665
78134,12615.783564193685
71215,2556.683779691393
19783,4082.9785020231698
1638,1956.455844247539
28926,1091.0992987042162
49968,2068.305569633263
64903,1083.5927934344136
75190,5594.627750343193
16157,6608.397715372351
41107,3076.4018364659937
54177,2795.4218981012596
16385,11102.353501119791
87613,1200.3090304245686
49578,1854.522140974046
88735,12932.799066482565
75472,4187.295101886331
29044,1287.1278112157886
76205,8086.547179361395
91726,3874.6644001667755
48929,2986.0800370648562
98175,1398.6314558485167
69813,2976.689858679152
79279,2452.060191602474
50607,4087.1463804824516
29794,1171.3514274851536
91064,1247.5437452278227
92874,1273.5028014075237
53815,1675.9544064167817
62955,1287.1278112157886
23604,4214.4249422159055
94866,7572.471200862971
83465,1754.3046452267245
7428,385.71461293586634
24476,1413.055057524557
99165,1885.4951953082066
74441,464.12402767562287
60259,3800.2209415792045
64421,870.8036269222204
47048,2013.2356712409778
63103,7448.519471661226
81947,2292.6262841162147
45371,472.3730528150543
99469,1970.3758325263577
3644,3277.8581937493345
63804,1363.05288423775
32536,1296.4451639305632
93027,3328.497795190471
10939,3502.240331715528
95067,1519.2302248569304
41423,1617.6495529517454
50517,2137.429542529816
69208,9684.771099350473
32147,2128.176500539068
33764,13373.561380150808
54561,1413.055057524557
72132,2326.9156084348597
26175,7147.072697748308
67354,5876.414248883315
62442,2103.188384730955
40083,885.8066863912213
63695,8781.886656827399
74318,1557.31861317071
99669,5463.4789953009695
86853,3519.647829763134
12872,761.4437001733836
93318,1330.3208291771912
3043,4986.4107319557215
50418,884.4286367304852
77758,2068.305569633263
37390,834.3382279454113
79522,4464.928283524182
16621,4124.531624988029
99366,1061.0287416119802
98285,1593.1913703198334
91607,1613.3870984823775
17962,1595.2506934902062
11716,3594.618106895041
41576,3954.701809780795
6765,893.0822605674301
59722,5988.036374845474
48414,1282.276651060798
42109,2527.668110959303
48667,724.9795127538666
15209,3323.7841129047342
34107,1019.1412880282593
75673,4038.5059483224077
81127,3753.2454524974537
87147,2677.5062798425092
41624,1617.6495529517454
76290,2719.806097427187
50466,1595.2506934902062
59967,3343.9768760778093
85487,2457.906090118366
21177,4132.4099588823065
11711,1939.5907359643309
99532,993.3701649312036
16254,1669.6721599766843
65092,661.025949497568
98863,1880.1281405658262
48931,3438.024356333859
14536,3284.2371191032
32174,1516.8589263192703
16043,769.3514066215331
91635,3327.1399422350432
86055,4456.281491167217
43332,3156.145528602733
13220,738.6045225621315
10491,5505.158142129651
9644,3115.8676849776384
23875,443.7051833452967
36872,1412.2564656567815
56120,3095.725367270248
12235,822.2832697535359
49813,18479.414418696746
39882,1324.2503083627635
94395,9196.24830983943
24489,843.6226515692617
58623,799.5812359571594
8673,3990.922196647121
86148,1528.8014397347802
59893,971.0760281220028
28368,2269.439751637315
41930,1677.7770290674307
94263,2038.4455458605603
65223,1398.6314558485167
44888,2883.5982422647785
60737,1620.1897927563025
75800,12128.307318731682
16589,6989.57294534618
58952,2031.8670099417484
93464,1010.5163918694516
4903,1169.9529016462766
23880,598.8927745628205
95315,3672.6110818353395
78834,5503.188839128775
34097,945.8756423302768
78907,4213.297227224844
93262,5560.863152106044
79072,5788.108952925291
44377,2767.6722650343127
58922,1990.7609364572068
91769,2116.138324135645
46581,1530.2370792663248
88135,2670.364442946373
53197,693.0237029398203
18259,7402.627715298204
41325,3436.403802841214
62235,1376.677894046015
56517,487.111014756489
52769,2884.913914836918
83457,3341.8962984014624
37836,2806.0063045818592
97866,1746.3414956508768
58354,1704.4945200549428
60153,4771.544543043716
11945,2407.2088045261444
99965,3857.5678852214933
19173,3051.521940513814
29750,1854.5123343120526
24454,2343.5940937683304
78638,1999.5568609102436
92454,6202.590886156736
77476,1090.8624169561906
13303,185.17813973481103
33450,1182.1439957075956
51156,254.6608638159312
57395,5951.1490329638555
29576,4658.10732871025
1592,1069.6421375126702
34854,2967.89332369417
31728,2802.8618165111257
6768,4592.538143268051
92114,1797.9090400370387
40221,599.7195964202706
86797,2609.92409957506
61656,890.275225283015
1576,5979.11143138942
60830,845.0145300171682
98194,4765.472596335699
93313,577.2069171862794
41700,1984.0008423346226
48885,743.6931646305768
18718,1709.1614509233227
96388,2357.3805355565955
79354,2693.5535701659574
3769,1168.5189858993308
38650,1200.3090304245686
16875,724.2645354971364
90130,930.8028569967994
58222,487.111014756489
73932,1156.3278918380117
51119,2161.720089615358
38632,504.17348711535635
94888,870.8036269222204
27771,5050.694336803167
97589,1709.1614509233227
18641,2276.2901584022634
56778,3003.6557729066885
70396,2140.3684294585096
37542,884.4286367304852
8081,4646.008683224937
61455,12323.071050085699
95019,89.26780022052347
18233,1197.175097725811
99987,1652.0687212598737
52057,3875.431262831787
29555,1999.5568609102436
83596,1765.9856974703334
13234,683.7683861373117
89161,1875.4128178296812
67396,2137.429542529816
77680,1382.7766336946627
48176,1345.5896901784893
81060,13803.563777967074
27265,2474.759110595301
20139,971.3656024373477
81119,1871.8701854999417
13096,254.6608638159312
53801,1970.080854055804
61696,744.687813103894
21841,500.7360245647538
60763,1516.8589263192703
74339,3377.0545675357675
94511,2767.6722650343127
12206,2511.420743686871
7474,2391.621693355456
61077,7358.767236507454
80445,1361.4257742897812
48085,1090.8624169561906
66236,5904.08868667106
30155,1747.9099624787434
77865,2889.167050798978
48116,3198.9767839113824
6091,3618.4670508685645
44278,1908.5409547723773
3182,7512.718179627507
42513,1338.782645855913
88740,3857.5678852214933
94217,1338.782645855913
18451,4518.710142171301
12168,2954.268313885905
78280,1824.1022802214125
29620,815.3596127760549
71813,6137.235132614032
66896,9074.195583632605
84054,683.7683861373117
19893,1700.730553749373
57301,487.111014756489
48256,13594.210107499432
41261,6887.118516978946
83540,2726.989508804862
31144,1935.6027114663852
68652,6253.611944175202
40613,3968.3268195890596
5342,3146.432114051331
47611,2317.3059192444407
23835,1990.212072553978
64630,730.5291064516555
60245,7169.4298983799845
90517,310.438056068407
9223,1005.4932562745769
92601,876.4947044410683
50448,1857.2855959161213
18879,3357.601885886074
33154,1288.0034320792624
83580,3104.8044504666045
84277,2015.9184396460437
5764,1090.8624169561906
5040,2663.8812700342446
58272,2663.8812700342446
4965,487.111014756489
73630,3300.5597644877125
9515,769.3514066215331
10643,1247.5437452278227
14710,4727.354405274795
69578,1902.91046518029
95789,908.005205436195
24695,884.8505776879402
57348,879.4572507591653
54161,1875.4128178296812
43684,3670.0605811486093
25459,2496.5402481350156
30585,2029.5434494543085
35625,1695.5364411150579
14874,2274.17109762217
3138,1398.6314558485167
52802,1019.1412880282593
31704,5298.972716641111
87513,1686.5345406129657
38136,1516.8589263192703
24966,1301.250706908069
45997,1372.6374816732323
67223,636.3999094635401
54818,1570.978344105541
29119,1503.8918877902781
85126,2494.178256178614
13212,1938.7152317952985
79345,6498.573126471057
35461,6999.636799122066
37016,1200.3090304245686
37083,2719.806097427187
71003,3954.701809780795
50541,658.7671152192245
65601,3468.5873751068625
92115,1508.4319126989863
89262,2283.0647614455797
41031,932.250632522012
15946,719.4545693043972
85781,1168.5189858993308
54017,1104.724308512481
37849,1091.0992987042162
17800,702.0573857288239
20925,2160.7314453205054
98656,2816.4868263193903
11418,1721.581336355326
25331,737.8895453054013
86156,6267.236953983467
74307,11396.108153094401
20555,2474.759110595301
35394,1078.6304973071685
54166,1091.3071654418745
19257,2302.567888580011
94643,17485.02418291796
61610,3033.946204671982
92100,1709.1614509233227
10657,1677.7770290674307
64102,613.4151764164139
89953,254.6608638159312
18825,1200.3090304245686
45229,6492.322790256214
24160,4408.748863670125
11510,2957.5609649494577
92239,7041.856916929493
78855,161.8672992131543
63636,2161.720089615358
27273,202.11968315686028
19250,3098.5659464442056
8188,13947.112722351214
14296,768.7249166236063
36827,2541.2931207675674
50987,2816.4868263193903
3455,1069.8566476538942
95225,3198.9767839113824
5804,870.8036269222204
77619,671.1979498340032
63043,5757.378214283947
49275,1516.8589263192703
44546,2494.1390146620656
33754,1503.8918877902781
80473,1566.4694598307085
99472,1412.2564656567815
99911,4459.997125584765
41490,2129.7967470486533
46688,939.8600342786432
36417,1133.7397754957806
2577,3543.49935080858
99446,10579.255705723801
54944,743.6931646305768
2928,12569.175283889821
67671,7894.578108976048
84379,4793.473087603272
26527,2677.5062798425092
68297,1007.28933971949
45326,603.4809837318005
71307,1318.639274143869
52141,2316.192898388276
63463,329.15170794511715
89721,2970.268163383791
74387,4076.920838326032
89080,500.50228860410164
6277,737.8895453054013
78965,2591.803885721574
20343,1276.2153379215088
72107,2411.7449277965866
61287,4956.3096558512525
22320,1104.724308512481
40024,2821.1634299098223
50575,6714.239830513946
50029,9767.631314757627
9781,601.0688747815125
37457,2265.995381636171
54736,1956.455844247539
71642,1099.2826929303305
38891,4399.679927561983
3224,2662.5497514343574
31307,876.4947044410683
36858,893.0822605674301
62116,1186.6840206163038
67170,1638.4437114516088
26663,4697.487815841244
74448,6820.999834650469
3199,472.3730528150543
89969,4589.591497972398
41662,2795.4218981012596
61512,2653.295063136964
53900,2081.9305794415277
51299,725.9661728201017
30284,1186.6840206163038
8020,2496.5402481350156
69831,1045.197996270626
88071,1997.0468385433549
65274,3491.039417471368
46954,3786.59593177094
3975,1508.4319126989863
26424,716.9040966433906
40517,1188.7792081636205
75736,4328.979363003231
96306,716.9040966433906
79019,5269.9591204292565
76596,1099.2826929303305
61811,1620.1897927563025
42026,2401.5367937454744
31961,737.8895453054013
36477,2090.803832441726
67331,13352.427038081285
61227,1617.6495529517454
85161,27051.75581509432
69772,1970.3758325263577
31952,8091.511064473394
23702,306.681444080398
23951,624.127750247594
25844,5477.104005109235
16179,1046.0124275798196
56218,2129.7967470486533
69677,414.0775846855659
51541,3548.331067243602
62411,5037.0693269949015
65676,3094.654351187343
90523,545.3252128153337
64947,3926.5048033899225
99353,730.5291064516555
8148,6900.7435267872115
28882,13379.078940189385
10636,3198.9767839113824
14818,3720.477249442465
81004,2664.090340163111
19808,834.3382279454113
13036,1621.7228367556252
53497,8709.676139029378
53027,879.4572507591653
47518,3278.0413209822723
92907,1840.897131165781
39894,3094.654351187343
52088,3405.4680534931995
19031,1492.6737809798703
58143,3546.6183750708315
59790,2393.5837947178798
32151,13069.192400088557
5169,3905.244055766733
55008,1985.8523094643008
45700,2504.418478183639
46810,2428.020332333591
25796,10169.727368710299
90957,1311.4972578246359
17353,1405.8112027895706
37630,1061.0287416119802
18655,3146.432114051331
98632,697.3933959455766
45370,4157.253471730628
53255,2259.1698670007336
63673,1273.5028014075237
39304,1632.9691331806537
93136,2269.439751637315
15292,9213.673463491454
76259,9282.914398790956
32811,7197.17830416862
41000,441.6639228477289
9725,2510.1652579432803
96351,4954.082101509077
29632,1408.2353536572366
40372,799.5812359571594
8987,2102.51331432738
24097,1927.994308172951
80999,2793.263328076097
24451,3300.5597644877125
80724,2079.4588249273747
75812,3336.5270894104965
5857,683.4555748928256
98548,1589.594963332753
76519,1522.056922507251
64053,1296.4451639305632
16920,1297.5072919638822
73467,1225.4361241448582
17925,798.6986008975254
41066,2663.8812700342446
28004,1899.366792740653
62962,1074.761954862718
43516,3155.8222924370352
98458,1809.538017723434
54857,6734.249464104197
80079,1970.080854055804
57137,3721.832845033662
59462,4302.261321637463
34886,2116.1717372403887
42238,1412.2564656567815
37239,7510.601081763686
93030,185.17813973481103
38036,1168.5189858993308
47613,1247.5437452278227
96232,6720.0143943408375
15709,1192.5515190049034
71159,7894.578108976048
77323,2004.3220118546637
53083,624.127750247594
14187,3945.54575596787
51221,1316.6958193689263
65893,1412.2564656567815
88003,1038.017004188818
79300,1010.5163918694516
24497,6949.7119535822185
97848,1956.455844247539
80355,1956.455844247539
64333,1014.9794617601614
81923,2715.8231943508113
80657,3098.5659464442056
31080,764.7355629317414
81522,2316.192898388276
51105,1200.3090304245686
55028,1423.9930822241854
4791,1684.8007763204325
51923,1233.9187354195578
83538,884.4286367304852
17967,2142.120889876416
19303,3037.8969307055495
9344,4126.393250461195
2500,2175.3450994236227
89636,2236.4492062515365
32004,3151.7353537961853
19436,272.5338948170973
43531,3001.4953780623187
65876,3456.798259672507
38489,1083.5927934344136
18040,730.5291064516555
49766,2645.6287553128955
32960,2068.305569633263
37294,2428.020332333591
81141,3709.0898685279
58211,862.8696946328034
34061,693.0237029398203
32015,738.6045225621315
88287,21692.690117024027
34435,1454.8402942718772
47126,2345.761631407156
77174,2103.3953476298825
61435,3535.2295552402884
41948,2596.2990897667955
47334,3534.7060574353372
42300,1624.2409829716298
12119,1188.7792081636205
64743,520.3239418972463
65966,3491.039417471368
26505,4550.509569340711
34610,1437.6180920324502
97493,598.8927745628205
83970,3504.6644272796325
36621,4038.5059483224077
77213,3668.970967833153
22803,2963.0303970968594
58467,6702.233606165184
83552,2508.068911220361
29804,1673.2142680723919
41599,5329.952759390175
38939,7958.6582676314665
40288,1557.31861317071
92486,1795.542481818229
792,879.4572507591653
96497,1110.356316934591
15469,3905.244055766733
77219,1906.773273496339
3576,2544.4064157421412
96401,1673.2142680723919
45392,2269.439751637315
42626,3600.7556968014096
37792,1107.5920050939642
55396,1713.9340850639883
30000,3982.470120386163
17017,4038.5059483224077
7636,5580.004038960098
7267,1454.8402942718772
28730,14710.490888712866
42017,2018.2420001334835
15913,6347.755641169627
7513,1233.9187354195578
45233,6094.129287037524
28486,1885.4951953082066
52207,5394.849322032253
67977,1608.875703298471
75055,1316.6958193689263
62309,1338.782645855913
15985,1301.6284418875273
56981,586.5394403097514
40931,4201.198581739532
62870,716.9040966433906
76749,4381.928630229105
18754,2352.925273283417
95460,3971.2273521561633
53319,2375.3312799965306
29360,3180.9689480645657
89160,1508.4319126989863
16457,8467.894875120384
55803,3682.908563998294
9003,828.9846225843197
9032,7866.477553912866
98637,2700.3029702927556
96787,2142.120889876416
8426,1197.175097725811
61625,5510.304287870991
12069,5683.596632605823
7965,1718.1195298632076
81170,2153.993439266774
36035,1956.455844247539
92955,1010.5163918694516
29386,5240.967227947025
10145,3996.565920528805
99636,8971.840503376803
27412,6825.316092317307
21104,1570.978344105541
36250,114.62961961671287
34993,2236.4492062515365
93646,4924.91955454033
50588,6157.476148632335
41250,1047.2671639912762
26513,3424.920735142893
46326,2726.989508804862
71890,4226.92223703311
64687,7572.365798098331
56481,1797.3922296052297
12215,1764.5694274840682
81593,4214.823591547797
80878,2406.1655931670844
20685,645.1421054109596
35219,5618.8655744717735
45264,1857.2855959161213
35486,1880.1281405658262
15079,1423.9930822241854
20819,2260.546087813905
21282,785.8441130112813
88098,2204.5042042207806
60121,2081.6432919244885
78251,1330.3208291771912
86099,2507.7640244703302
79089,1531.0326120145462
774,3378.877461492521
37533,1579.9295220881775
13304,3608.569403733219
64422,1036.777720296486
51567,4143.6284619223625
12452,3426.743629099646
61819,3598.477891254338
28476,5757.378214283947
46703,1845.2820960809483
60788,2000.840202287195
8803,3957.6023423478987
57369,1608.875703298471
37785,9759.95861911352
46402,599.7195964202706
69319,1687.1055439411082
38233,8043.028579699194
56123,8884.150138601264
14502,1091.3071654418745
97114,1608.875703298471
27710,3720.477249442465
59441,5241.735794241269
11817,2538.354233838874
9836,607.4406824555989
15673,1970.080854055804
87350,1201.2051428418483
42383,6900.7435267872115
22593,520.3239418972463
10575,1275.232936169591
18892,8392.458634674578
79601,4191.649344363901
59763,3405.4680534931995
30548,2081.9305794415277
93183,3098.5659464442056
18402,2700.3029702927556
17772,20161.445555937687
39263,5210.40209998637
21459,1165.8519933513312
7027,2004.3220118546637
73273,599.4463719834233
21242,822.2832697535359
20698,1200.3090304245686
63073,3032.8188153265664
2796,2663.8812700342446
75182,1516.8589263192703
23237,586.5394403097514
57609,2175.3450994236227
88346,1675.9544064167817
27179,567.0751719768788
27398,3872.664023636179
77736,884.8505776879402
55564,2476.8630564234836
13583,1530.2370792663248
29777,1127.4509977895136
23353,1531.0326120145462
98275,1197.175097725811
39340,4367.940820208718
74282,2597.76258770577
58119,1570.9436229789749
18320,1412.2564656567815
30901,5718.843521142915
27360,980.5150073019073
28119,1970.3758325263577
64804,1440.9665453529185
23477,2104.428842249991
88470,993.3701649312036
65931,1811.5340498453036
85248,5015.1407824353455
4152,1956.455844247539
62526,3077.6012071954597
49887,2252.370371827906
79748,2213.8717443718006
89772,1205.9489473790852
89778,2837.0477472297925
17898,2303.39571494977
60280,4452.809986030202
66666,3424.920735142893
62991,6289.94049359244
89358,5651.869040368468
95296,599.7195964202706
33678,1904.3741078910161
4854,3041.756669992052
72148,912.5798190772271
60730,898.4755874962051
18992,10626.120574897961
70409,1324.2393508049947
15020,3414.9825211069574
39715,8289.35775066029
27431,2827.2994226308733
5599,1503.2339165110054
64728,4016.1929871961847
75608,1908.5409547723773
77167,1382.7766336946627
91841,1363.05288423775
44596,1560.3956933350237
35439,718.2125668810772
73619,3925.7444330799112
74746,472.3730528150543
79953,1412.2564656567815
76765,2013.2356712409778
35398,6671.365149197254
47582,4016.1929871961847
4218,1718.1195298632076
54703,4646.008683224937
22294,4274.78345799248
37377,1425.8157048748344
51060,4144.645765182548
88520,2430.421565806541
17562,9888.670074207062
26786,1516.8589263192703
38682,1727.5590948722531
77786,761.4437001733836
48846,1247.5437452278227
71344,2815.2953721658737
77611,3982.470120386163
79556,779.0780852362445
56542,2029.5434494543085
20900,1408.2353536572366
16831,1083.481657462159
29641,599.7195964202706
35182,1970.080854055804
26064,3608.569403733219
45451,3169.4473022453
61702,845.0145300171682
12448,1646.4687177179205
61372,1121.217014902229
17945,8852.753514203727
63159,1528.8014397347802
1484,1970.3758325263577
93969,3535.626563327204
99417,1301.68625654033
87073,2807.5384201015577
20865,1412.2564656567815
69954,2393.5837947178798
77816,1589.594963332753
75807,5081.2594647638225
94603,16426.611129265715
75464,2146.242977050042
89070,500.7360245647538
34714,3405.866215130236
54327,5377.32563023393
7983,4544.6719756609245
11729,6216.019361741834
28402,975.759399881199
9038,2335.7527538007685
74489,1005.5162782199944
87065,1364.6401006923227
50254,1186.6840206163038
29359,2541.2931207675674
67677,6507.423326202527
58038,1014.9794617601614
72430,2218.129214029045
32722,1422.8015106359455
28934,1010.5163918694516
35959,4764.025312509859
12942,4719.835174740938
33790,3015.3886836780252
94716,1352.4076556641778
71237,2457.906090118366
17228,2081.9305794415277
48079,2302.567888580011
82286,898.9548092689622
60719,1700.730553749373
46951,3693.2984363527007
181,2858.364591163024
12308,4995.507498991127
78547,884.4286367304852
28338,3108.2793609956075
67241,962.1343900729341
13697,1273.5028014075237
9253,2802.8618165111257
15718,919.8149693119307
57172,380.3094936461408
28827,2175.3450994236227
36460,509.64162812622067
30482,2128.176500539068
70970,4807.098097411537
29517,978.5470602337518
12533,1006.9951747394684
60301,1126.6570834892675
94602,2986.0800370648562
94286,4235.161269493457
96725,2272.794876808998
72072,7202.816129991662
27041,5185.592995041858
21535,5122.387422244478
50952,3578.9643820334145
96574,4235.161269493457
22310,7572.365798098331
91337,1361.4257742897812
53363,26042.114060820088
15318,4851.288235180458
23701,5948.925875945487
38272,779.0780852362445
55907,2357.3805355565955
18527,600.7784355790566
39301,1386.1381697701727
57802,2081.96659542017
32437,2911.2320600143635
8799,1522.056922507251
12806,1437.6180920324502
7735,697.3933959455766
81309,1858.9071058892132
63458,8052.791767145604
1363,296.70141968157617
24283,1408.2353536572366
5935,1382.7766336946627
45150,1608.875703298471
37670,3198.8986967240935
57112,3424.3993465255944
21017,1016.0631893727644
51056,1754.3046452267245
42093,2140.3684294585096
79872,1516.8589263192703
91921,487.111014756489
82391,1104.9321752501394
5222,4623.103271228706
13297,2013.2356712409778
78351,2407.2088045261444
86237,1522.056922507251
87572,2726.989508804862
65097,2713.3644989965974
23856,8205.0865074137
75493,2856.2833134481907
86281,2269.439751637315
84765,6202.470992834939
94027,4515.2386370342865
16161,6150.860142422298
93889,6296.264485078443
51197,1704.4945200549428
73592,1709.1614509233227
30911,693.0237029398203
68227,1224.555101330897
12552,1003.5978358806897
42888,508.9225645782418
96704,353.4446702932447
18492,1243.7860409329483
13122,893.0822605674301
69421,18465.25594261233
64237,2677.5062798425092
51439,8885.505649277282
91852,5417.930630136552
48024,1127.4509977895136
58965,1638.4437114516088
68030,5652.860224753483
12288,8489.924915251331
63317,2407.2088045261444
14954,492.9242865891804
48551,978.5470602337518
44187,5544.512713533662
93226,624.127750247594
10362,1956.455844247539
90157,416.85663047944854
54283,1845.2820960809483
18203,2746.031841091924
63250,737.8895453054013
96851,4841.783930455704
6320,644.5332431078199
7617,2905.202678368292
63039,6805.7807006589
64173,441.6639228477289
83378,3763.057339146972
39510,3862.7552585646845
84365,4026.6602581550846
80437,1595.2506934902062
9023,822.2832697535359
39827,2523.4673394245974
7365,4714.584330786524
28400,1110.356316934591
51362,3428.607530915222
79286,1638.4437114516088
23060,2015.9184396460437
85282,670.0840454920777
64023,930.8028569967994
53584,5614.918947480784
39848,4452.03821414315
68925,4144.645765182548
13656,1947.2329603477788
19849,1423.9930822241854
27871,3582.572225042463
78093,1408.2353536572366
55080,9642.085264104495
40486,23824.13778129274
28457,11232.428432364726
4853,1426.6800673328219
42123,7347.046249530921
64405,6914.511783472031
3318,7472.770479856877
47543,2204.5042042207806
70286,5652.461575421591
41919,724.2645354971364
40775,2507.7640244703302
72580,3560.243384879096
53779,5457.069322370672
91478,520.3239418972463
24406,1200.3090304245686
50737,592.1248117421117
253,3258.528019002028
53847,9016.878827907012
9091,1809.538017723434
92585,2283.0647614455797
82219,1858.9071058892132
52407,418.6416640475063
81990,344.1854167073581
66288,21012.623529159107
68247,2252.370371827906
68614,635.9927005464
95668,649.6177103546648
84030,1503.8918877902781
63556,1870.9106057243862
70625,2407.2088045261444
26041,1247.5437452278227
642,2762.363792962019
90777,3155.8222924370352
54178,3299.4794425043483
23605,1740.6796354184596
83772,2285.1091008490434
62753,487.111014756489
29513,2204.5042042207806
40467,2724.122259867264
6426,4646.008683224937
96045,5926.751668358192
19825,1040.1266377478964
49186,1173.0317402923852
56529,5544.512713533662
97139,2393.5837947178798
24973,782.976416429798
28014,975.759399881199
3440,996.8913820611867
26971,1118.8719975020324
17687,576.4087558986139
49543,3076.4018364659937
83892,9338.705819716128
21873,4697.487815841244
27072,2015.9184396460437
23442,1503.2339165110054
60403,4002.56797738792
2322,1718.0702908449216
2221,4052.4133740625116
8180,2218.129214029045
26028,2496.5402481350156
3139,5495.87055796337
7576,2077.409617061433
52924,6124.508944281991
33009,6062.389235783586
85262,980.5150073019073
55804,2510.1652579432803
67163,10560.147502524285
78220,1747.9099624787434
47146,3169.4473022453
61271,1695.5364411150579
46823,1613.3870984823775
73507,3788.7809944405485
77800,1797.9090400370387
79207,3051.521940513814
37828,2714.2465322990997
9501,2476.8630564234836
71276,4915.5293761546245
5633,2597.76258770577
90507,1168.5189858993308
16306,3343.9768760778093
15626,1503.2339165110054
30682,1533.6039913067289
63798,3600.7556968014096
13165,8008.550669307287
30591,1168.5189858993308
47547,2474.759110595301
21226,4771.544543043716
58638,914.0946735613894
40641,1536.5591757974128
99434,2793.263328076097
6756,1316.6958193689263
89735,2542.005182269191
30618,6669.626517161828
84704,2398.119917988322
96662,458.7480430067895
18758,1133.7397754957806
22939,2507.7640244703302
75670,3957.6023423478987
36878,1771.7516388796037
30509,6870.769269233928
2263,864.7852651759441
62758,888.0957812274014
63563,782.976416429798
82169,2555.630192077456
73096,577.2069171862794
86979,4096.603511831435
75631,1593.5545318964423
26105,1186.6840206163038
11756,2091.6858657442285
86846,5007.966752413196
47645,1702.812144859521
12530,4526.115807913242
27196,1390.4153563929049
50413,5394.849322032253
58013,1906.773273496339
89400,7768.635094769106
9889,1652.0687212598737
52619,3907.308787361401
63045,3362.0509419031023
63818,4807.098097411537
41558,1628.16681637323
21310,254.6608638159312
78058,1617.3354089743648
52746,9223.268494426324
89591,2223.2112670307483
29475,1316.6958193689263
42174,5858.289614495008
13376,2175.3450994236227
51425,1570.9436229789749
72994,4456.281491167217
84361,1310.6143409967299
61131,3158.292020614382
69818,5581.207314903307
79860,1186.6840206163038
34841,1718.1195298632076
59600,1490.2668779820133
44792,599.7195964202706
73599,1718.1195298632076
12785,3811.172846220789
84582,3830.7860695398604
45104,2307.0360346078596
57988,1096.8394225497161
77719,1709.1614509233227
48734,3001.4953780623187
51063,1721.581336355326
11750,1935.6027114663852
41455,407.9424599619771
48647,3775.8003156527343
25094,6303.565503400706
56070,5951.547682295747
19566,1683.7741877164726
32235,1797.9090400370387
54185,7654.039132178903
27124,2013.2356712409778
750,7326.22024469533
86101,1875.4128178296812
78373,748.690649635256
57223,2754.995648904
2844,4578.913133459785
67627,523.2666379344855
43316,11254.692198137991
6840,2882.747854654099
42291,1970.080854055804
28976,2081.9305794415277
96022,2371.730413151951
76368,2622.6670760808224
27252,4643.911495838549
89335,1575.950938129338
30560,2357.3805355565955
52404,2541.2931207675674
16076,4323.139140239835
16191,3046.443825134831
28857,2090.803832441726
49966,5298.972716641111
46631,10094.29787008089
30241,2269.439751637315
16431,738.6045225621315
68078,1104.724308512481
54012,953.485044086908
54526,568.3409253651507
40592,1570.9436229789749
61407,986.6973481746649
7530,1413.055057524557
81287,1297.5072919638822
89959,978.5470602337518
1121,114.62961961671287
74886,3670.0605811486093
22846,15138.519196774854
96014,1091.0992987042162
44968,7572.471200862971
85479,2670.364442946373
99723,2068.305569633263
60030,4956.3096558512525
8578,1453.9244048125988
71597,684.8229596422681
91430,2527.668110959303
9141,494.83398179017547
66282,1091.3071654418745
15062,980.5150073019073
29831,1562.3259283210732
71155,2224.557514742048
3625,2153.993439266774
45184,1503.2339165110054
37045,1606.5647829480376
15867,1426.9062128292926
47494,737.8895453054013
71013,1205.9489473790852
42326,3325.72436135646
96897,2956.9166339290073
3060,3366.295307939673
79026,6183.782503776643
62783,782.976416429798
21234,1412.2564656567815
67813,1912.9918025489178
11829,2452.060191602474
6887,730.5291064516555
45879,945.8756423302768
82013,3614.8796364117684
53965,1104.9321752501394
85807,1318.639274143869
50500,862.8696946328034
246,974.8173366615447
39012,3168.2259715588034
73535,2350.434056187137
55711,3612.1029010626025
72424,7336.838691947898
51597,1824.1022802214125
20885,1811.5340498453036
20059,1956.455844247539
66957,2609.92409957506
55380,2297.919258601749
8931,1426.6800673328219
13555,2015.9184396460437
17712,9427.022404027097
9618,3905.244055766733
96470,2146.242977050042
51073,2222.2920203459407
98111,1205.9489473790852
41528,1963.771016325568
1756,14876.52299507734
93970,1880.1281405658262
33479,2161.720089615358
76378,599.7195964202706
33151,957.7405926290828
82773,5130.658407849627
15080,273.89091923509926
13042,2609.042066272558
70571,410.183748423829
27939,4851.288235180458
83366,5880.218159054564
40309,1970.3758325263577
11479,831.3895202089034
20077,4645.437860161502
38293,2494.1390146620656
93494,928.7976506974045
50297,879.4572507591653
79432,8065.657130936306
96576,7477.803271106822
75082,457.3301931535615
84497,1398.6314558485167
19886,962.1343900729341
56710,2507.7640244703302
19631,2810.2299605691446
52494,1182.1439957075956
14530,1322.3037521668039
83532,3582.5345607322993
56586,5169.730371402535
81735,6517.684603667693
26725,5282.086591783049
26612,1576.784158085364
90654,472.3730528150543
69111,6684.99015900552
64766,3457.7398989538206
18574,5081.2594647638225
65762,3648.122938897499
73041,2013.2356712409778
34025,2591.803885721574
3721,1426.6800673328219
32527,2269.439751637315
91416,996.8913820611867
69787,2300.1294532818015
8029,1845.2820960809483
20071,2663.8812700342446
53529,3456.798259672507
39107,3405.4680534931995
63482,1704.4945200549428
35964,7935.017222795341
8702,3642.83554387216
1449,435.5702823561587
91219,14636.706848446112
12127,1216.4169148095496
55254,1508.4319126989863
49454,5324.6963719346895
46363,1324.2503083627635
18005,337.2857042919495
11008,4667.600684023542
29974,4770.902574654607
52808,5246.614430059944
27653,1858.9071058892132
72409,2375.3312799965306
14167,5862.461813863403
3780,2954.268313885905
10292,1875.4128178296812
72378,6684.99015900552
32541,1091.0992987042162
76648,1216.4169148095496
36068,1777.8167287348806
47256,1386.1381697701727
61345,4887.711090522193
37676,930.8028569967994
96995,185.17813973481103
53169,683.7683861373117
89194,3811.172846220789
14545,4832.353456884059
92513,1126.6746754235614
81185,2176.0426681461936
92572,4394.962659392663
60835,2747.555730494134
72546,5162.083009245871
50239,1857.2855959161213
33565,1423.9930822241854
14429,1727.5590948722531
60289,688.432375920559
24674,1092.2555071154334
43103,2129.7967470486533
51175,845.0145300171682
50594,2335.7527538007685
8923,2236.4492062515365
12188,206.60330162899916
69731,3672.6110818353395
93593,3535.626563327204
77832,919.8149693119307
40587,4954.082101509077
85325,1880.1281405658262
87105,799.5812359571594
23917,1624.538236006704
3844,3544.0468393013443
91017,2836.6318077977667
21957,2884.913914836918
8572,1440.9665453529185
74527,14635.969211588774
36384,5270.149788001685
79450,635.9927005464
21218,1322.3037521668039
77376,2350.434056187137
83765,1059.6374373880844
94070,4367.940820208718
63668,1858.9071058892132
57439,1182.1439957075956
79986,16383.237877793938
39696,2524.729224030609
10387,946.5716908051357
99801,5094.884474572088
82750,1412.2564656567815
22853,1531.0326120145462
36805,1316.6958193689263
51082,5228.110784433004
50733,7727.002156047729
15521,996.8913820611867
49998,2572.204685982632
43985,1608.275967416525
48324,17134.597867438635
81106,5757.378214283947
23962,3996.095130194428
25523,1527.7853261441385
91791,1137.107504858738
25061,3015.36192889731
47055,4248.786279301723
24411,7054.694469907265
19742,2871.989600971289
24215,1713.9340850639883
36789,6422.721232321531
27148,3003.6557729066885
82801,3903.229151596835
13959,10683.043252862617
51590,3156.145528602733
351,3198.9767839113824
45487,2970.268163383791
56397,2094.2547222692906
20028,2343.5940937683304
57098,2954.268313885905
66706,2324.1563260093885
23669,3719.004294698593
97835,2252.370371827906
41202,2218.129214029045
36347,1704.4945200549428
16636,4301.958164461299
22621,4223.5268688935175
30166,1858.9071058892132
95107,1083.481657462159
3185,709.4281712343292
95428,1576.784158085364
49893,2357.3805355565955
45238,3990.922196647121
24022,8836.944327612598
73300,4439.939568657837
15395,3155.8222924370352
35128,1620.0577900955057
25164,2089.5633749226904
96807,5309.295372321225
88560,1150.7325146670028
40718,2507.7640244703302
92024,938.0509108739268
13836,3598.477891254338
3606,724.2645354971364
95204,9746.333609305255
74170,2089.5633749226904
74556,1516.8589263192703
53061,716.3248413541943
85795,3217.3134698524254
20556,769.3514066215331
5898,1608.875703298471
55429,2858.364591163024
99578,3132.8581015829077
97235,3180.9689480645657
35456,6718.886679349777
67111,2137.429542529816
89588,4223.5268688935175
33357,6577.591052782805
97539,1856.182668191211
45668,2922.4019957766654
42319,2976.689858679152
2780,7372.39224631572
65680,1718.1195298632076
80523,10074.336334814134
23564,1194.1425590152585
77990,1973.6915566477976
26811,2884.913914836918
34466,4223.5268688935175
37114,4464.928283524182
95856,3003.6557729066885
89088,3766.8704623057183
20109,4764.025312509859
91474,12986.86895672048
74398,7202.982177463763
69343,7813.650202109238
43318,3972.6696819257722
2342,4851.288235180458
44637,1156.3278918380117
93921,2037.4120512404522
50769,7228.777298546612
66304,2983.8931731920557
77394,472.3730528150543
78893,898.4755874962051
83529,3941.549945160262
21020,1754.3046452267245
78031,5612.934907140662
66733,428.0389130394641
80025,1316.6958193689263
77512,545.3252128153337
18515,2572.204685982632
75811,4973.06950548142
56026,1608.0978269473603
56128,1145.1839551987061
18981,1902.91046518029
23725,645.1421054109596
98877,996.8913820611867
74966,737.8895453054013
71157,487.111014756489
18468,3705.3792848903286
5159,520.3239418972463
45198,12265.829202517636
46484,1912.9918025489178
20874,2103.188384730955
65239,1700.730553749373
27834,1530.2370792663248
22578,2846.4028423797818
74851,3065.4776448861835
11970,1345.5896901784893
26736,7433.922506310964
35817,1283.8822821556173
78621,1785.1057920730602
37591,1056.5764012384298
70486,623.2197533530209
94084,3948.2289625873022
20686,1405.340685517096
73616,2177.119910070846
11946,458.7480430067895
12260,5094.884474572088
36084,1121.217014902229
22602,1704.4945200549428
29679,3391.843043684935
41041,2457.906090118366
7902,1265.5932478325653
97944,630.908233299555
39502,414.0775846855659
47261,5033.313826956663
58269,2102.51331432738
15748,2901.91002730474
54320,3313.104452312613
64950,2103.188384730955
20017,2859.2466244655266
9162,1345.5896901784893
51624,3800.2209415792045
75120,5254.592237755291
77037,5718.843521142915
68941,845.0145300171682
7598,2452.060191602474
28886,1104.9321752501394
30834,4328.979363003231
73772,737.8895453054013
64990,7915.176815810714
41037,3662.2468742167994
52951,2259.1698670007336
71392,3188.3107670346126
6710,1091.3071654418745
99624,1811.5340498453036
1980,1632.9691331806537
11724,2068.305569633263
74078,2140.3684294585096
85929,3032.8188153265664
46698,649.6177103546648
9188,1906.773273496339
24952,688.432375920559
64367,769.3514066215331
16470,2491.6755016778766
81213,4157.253471730628
10577,11195.065574338621
80085,1709.1614509233227
89171,520.3239418972463
96943,1608.875703298471
80891,1788.5458030255854
18198,2559.2869112939966
97615,1056.5764012384298
23419,5377.32563023393
4830,2663.8812700342446
8289,2781.2972748425773
14017,329.15170794511715
85836,1090.8624169561906
34504,1091.0992987042162
57431,978.5470602337518
90651,4076.920838326032
15898,862.8696946328034
74642,9379.307458917006
44322,7956.672196719254
97977,1719.9207722246417
28539,545.3252128153337
51746,1687.1055439411082
77566,782.976416429798
27361,1811.5340498453036
79257,696.6751206962016
57783,1145.1839551987061
22681,506.6989320889815
50318,2326.9156084348597
3958,4248.786279301723
3717,3798.447401607022
58298,4124.531624988029
4501,649.6177103546648
14864,828.9846225843197
48993,1638.4437114516088
44122,20824.58781624893
37123,3939.369442888176
28753,1091.0992987042162
26900,1173.0317402923852
20868,2505.300511486141
18816,1382.7766336946627
15280,4828.158920647438
83305,5443.444312562407
49999,1595.2506934902062
57761,782.976416429798
26176,1059.6374373880844
22880,310.438056068407
20594,3957.6023423478987
20526,932.250632522012
5630,1437.6180920324502
70384,2407.2088045261444
93548,1010.5163918694516
21252,3314.184774295977
1350,3786.59593177094
27063,2858.364591163024
65955,2327.465112389405
62467,1906.773273496339
96471,919.8149693119307
64925,2038.4455458605603
96134,1104.9321752501394
75439,2283.0647614455797
39932,2940.0042006469284
86462,1159.4067304841203
53198,1288.0034320792624
92168,368.61991939853743
2793,2596.2990897667955
86012,1019.1412880282593
95768,4705.939892102201
21681,1613.3870984823775
62602,6290.941899473652
25668,1508.4319126989863
98428,744.687813103894
10521,3720.477249442465
2072,1322.3037521668039
40452,12774.263124843823
36946,1038.017004188818
40187,2779.791401236963
15433,930.8028569967994
27907,1422.8015106359455
73845,948.899601160412
97920,363.9547021384635
21441,1316.6958193689263
78434,60.75222586474213
17661,9103.628321401955
30255,3079.2547562024165
25365,2542.005182269191
63986,2746.031841091924
25435,1224.555101330897
58837,586.5394403097514
53772,3391.843043684935
87519,3475.8705834868215
40272,1398.6314558485167
59313,60.75222586474213
14729,4777.650322318124
36371,6566.5300412395245
70437,3048.486206598521
62114,957.7405926290828
33142,1133.7397754957806
65625,1216.4169148095496
9048,1816.0000279518267
43405,1608.0978269473603
52771,3896.906713765153
5575,500.7360245647538
11448,5007.966752413196
43877,1718.1195298632076
52975,363.075067559585
57997,2000.840202287195
17777,6783.883431340376
62092,1182.1439957075956
2151,1963.771016325568
41639,3752.354773972079
21376,9420.814024901878
45806,7526.343189435773
256,8682.35448804838
9013,2749.176689837399
92928,12264.846825671375
5091,2795.4218981012596
10963,1748.8879812774483
80980,884.4286367304852
83559,2356.3370702740926
68376,598.8927745628205
26707,8198.984019665319
28211,4696.549713716496
96174,7067.329005611566
42722,3738.7297641638143
32836,1104.9321752501394
84399,15085.66508364085
98713,12637.605696996301
62805,940.2459773234671
54407,3971.2273521561633
75662,1831.9014253945852
47226,1332.0699708837801
95786,927.7550681825198
99123,1620.1897927563025
58214,2793.8980086990496
36170,794.1209448977372
69439,6656.983484521114
1482,3094.654351187343
2762,803.1295470774525
34069,1197.175097725811
64846,675.0850923054896
97116,3844.411079348125
13417,1673.2142680723919
93745,1503.2339165110054
33418,1604.9937574774492
28970,1628.16681637323
28048,3391.843043684935
85880,5558.137723341927
45126,5689.699120354204
25056,3171.917030422647
54519,1519.2302248569304
74372,2700.3029702927556
77368,802.2938765018146
28735,1620.1897927563025
91118,1419.0288457032227
96467,1840.897131165781
41925,9530.574830253012
37854,812.6283502617655
68756,1318.639274143869
12842,647.9368318154236
59403,3504.6644272796325
62835,1297.5072919638822
59678,3719.004294698593
7137,3112.6409878140926
77215,7416.189290040436
84046,1200.3090304245686
55320,468.0883724791975
91821,1947.1985743290788
53976,744.687813103894
21758,2883.5982422647785
14650,6507.364124523188
54648,4659.633693033203
39634,8845.24988698967
92480,709.5164093295684
48106,487.111014756489
27865,2653.295063136964
80362,4744.545511361719
75095,3734.218611578602
68849,5097.219120631206
36682,6610.2698019958925
48327,576.4087558986139
42368,769.3514066215331
93763,2538.354233838874
72578,834.3382279454113
23773,4209.901859085252
13647,2476.8630564234836
25946,1306.6357570378905
36142,2507.7640244703302
41872,2405.283559864582
2963,3905.244055766733
99711,1704.4945200549428
24573,3591.365518415705
42532,780.4959350894724
33103,1950.1460065173032
85871,7387.495511651011
95546,6632.6487235680015
67741,10535.314990020282
13825,1182.1439957075956
79518,3786.59593177094
49948,1186.6840206163038
25896,12255.70262913748
47151,3003.6557729066885
74002,1014.9794617601614
71336,3094.654351187343
24197,1468.073806249763
57753,248.37439644968748
25311,1192.5515190049034
24665,1811.5340498453036
7169,4231.606332668739
94126,794.1209448977372
72343,19969.469592855858
45719,4086.3721159295337
47136,5555.9625947055265
74408,482.7579048809293
2875,3556.2115528529425
34716,1899.366792740653
34618,1525.183715332589
80287,5003.181475044049
11646,420.6507296275055
11849,683.4555748928256
53676,4592.538143268051
12134,256.6564931485434
95060,1182.1439957075956
92283,2922.4019957766654
44133,3094.654351187343
43070,1503.2339165110054
59032,1777.8167287348806
7677,1570.9436229789749
6872,4231.869224310003
46200,1014.9794617601614
95320,1372.6374816732323
74873,2733.4311072354517
55140,2228.196812666573
59968,2350.434056187137
20127,6025.455707357163
1460,1870.9106057243862
8016,2491.6755016778766
22937,2236.4492062515365
61737,5267.388822572159
64690,5801.568352052868
41959,2023.889073399903
13209,1398.6314558485167
97229,1276.2153379215088
29187,599.7195964202706
65894,436.60819805529735
60921,1503.8918877902781
31246,1970.080854055804
37832,9367.624406611505
5884,1854.5123343120526
2214,8901.645209414724
37211,3776.6823489552366
25386,1503.2339165110054
12451,5867.687034381345
49518,2876.786549581264
43651,1119.9526406684083
45655,1918.7767733315122
56046,3143.315077822045
15696,5417.930630136552
56293,6152.578353326039
32210,1831.9014253945852
28980,3766.8704623057183
31056,2518.0434879919035
76393,5930.780028852642
70813,1378.9626251707036
52618,1557.31861317071
80132,541.1218025501206
55097,2388.793817239712
88899,385.71461293586634
59625,4480.898286109061
81274,366.68448383787603
34417,2597.76258770577
50799,4807.098097411537
8860,568.8144017292468
49652,791.2889684460397
70109,7615.554003351832
23251,4727.354405274795
68580,3971.2273521561633
23786,8918.741724360003
29438,2038.4455458605603
16477,1330.3208291771912
85239,995.1176241488051
23492,3796.9210372840703
93249,5052.237250643738
28621,586.5394403097514
67012,4434.059502537195
95135,4481.925670144321
56905,2345.25982569778
61601,5179.490507293477
27973,1137.107504858738
25849,5507.688240580958
12419,4368.38000396594
98069,1608.0978269473603
49909,966.8899974936425
69032,799.5812359571594
62880,3752.4453716215385
88815,1530.4275476030734
44543,1906.773273496339
40690,1330.3208291771912
40465,3934.6039527790376
86936,1069.8566476538942
26993,7403.326651139236
90202,3648.6218644085347
50348,6099.6610010551485
3135,1046.0124275798196
46855,1398.6314558485167
54537,11704.201703002183
56308,1531.0326120145462
95939,846.6646910281871
89805,2590.9523849975335
47970,1426.6800673328219
93947,2236.4492062515365
19110,2285.1091008490434
17619,2303.39571494977
13131,6132.435591061528
47208,2845.621614657262
32060,1069.6421375126702
79410,2369.9620800823573
66244,2302.567888580011
66691,1503.2339165110054
57983,2827.2994226308733
69554,7985.513588512234
28914,693.0237029398203
97608,4235.161269493457
63838,1137.6667783927624
74223,4826.24767760965
94404,4391.31880861481
20058,2316.192898388276
45116,813.2062457654242
67030,1046.0124275798196
42529,4870.723895579843
97309,1516.8589263192703
90094,2405.2467031637207
45511,3564.6318288270827
77311,2476.8630564234836
63897,10058.158074383224
51165,1909.4145479339227
30681,272.8707553134727
54137,213.57635607922447
25404,953.485044086908
21260,3449.65819126212
22744,5175.752497851837
73011,2856.2833134481907
78527,4143.783176756775
78759,5217.980062070949
2932,3405.2218841097856
45698,464.12402767562287
75109,2815.2953721658737
92340,3132.8581015829077
1852,5924.408296823485
88057,862.8696946328034
27469,4631.812850353236
70329,1503.2339165110054
86230,3198.9767839113824
74792,1423.9930822241854
83333,2875.165590237999
7658,4368.38000396594
20681,1754.3046452267245
56944,2013.2356712409778
53452,2369.9620800823573
57150,1069.6421375126702
88387,1273.5028014075237
60945,2154.6632530241823
638,1315.858489299593
54251,1606.5647829480376
20455,441.6639228477289
54294,2496.5402481350156
36268,879.4572507591653
44711,9746.333609305255
98986,5094.884474572088
2897,975.759399881199
74904,342.77671775338194
74932,4233.674161336758
67901,4082.9785020231698
77143,3827.5650952246615
71955,4512.794451131308
25105,1516.8589263192703
53472,3278.0413209822723
25586,2502.598532152754
60979,601.0688747815125
5452,1704.4945200549428
19147,7953.401105072762
66858,1316.6958193689263
39663,576.4087558986139
6134,5860.833818041103
9170,3800.2209415792045
38435,914.130058374255
30914,3738.7297641638143
22549,1330.3208291771912
92617,2725.372447449635
855,1608.0978269473603
76410,993.3701649312036
17524,1201.2051428418483
4278,10925.45594615416
76474,1093.7605839036075
18505,1606.5647829480376
65370,1811.5340498453036
74095,4456.281491167217
4916,3181.850981367068
74629,2094.2547222692906
60630,4765.472596335699
90677,2218.129214029045
17660,1797.9090400370387
48586,4201.198581739532
48366,350.9116187425199
20969,4426.1951515431265
72284,3375.2825300131385
27954,1247.5437452278227
40957,1516.8589263192703
36958,1188.7792081636205
34923,996.8913820611867
52590,2090.803832441726
20070,2445.163113612604
59333,1091.0992987042162
21738,782.976416429798
30996,5312.597726449377
99430,5951.1490329638555
51483,3047.5712144802465
78528,7103.392165545347
22787,4677.80640579464
48130,7041.856916929493
47537,5196.777090178104
25480,4148.840295158365
71841,630.908233299555
54236,1560.3956933350237
84789,1139.410134027395
2038,779.0780852362445
79820,1186.6840206163038
8904,1361.4257742897812
40105,7930.520351090441
39691,1947.1355077694388
52183,523.2666379344855
98445,2990.030763098424
62200,635.9927005464
85404,6388.328089923821
41969,2722.01665457623
58967,4391.31880861481
16979,2928.8236910720266
80213,9048.08895058896
19925,2274.17109762217
33379,2272.794876808998
83597,2415.6297612266835
50385,2239.570667261792
99085,3436.0331814538554
54113,1092.191282217618
45385,5255.073614714422
43653,2103.188384730955
13370,3587.8234823054795
89620,4696.549713716496
30851,1133.7397754957806
11935,1233.9187354195578
39183,1398.6314558485167
21808,3710.699052565806
55051,1533.6039913067289
41819,2269.439751637315
70858,22241.398783630193
4221,1970.080854055804
82544,3277.8581937493345
5823,1704.4945200549428
81160,2330.9309290527053
29269,1986.8138844044822
54211,1156.3278918380117
12532,2357.3805355565955
48738,1673.2142680723919
86789,3334.3207162349017
42208,1256.1263710175501
27785,1014.9794617601614
90771,1525.183715332589
71463,1557.31861317071
91355,5413.618454678496
25288,2555.630192077456
97289,1938.7152317952985
78037,10960.042517193715
26223,1091.3071654418745
68903,3590.31688901187
29013,3391.843043684935
62054,1824.1022802214125
4475,397.70667722171413
54878,5904.08868667106
68382,6107.754296845789
78820,4334.1388461670795
15170,2859.2466244655266
23294,4319.368694378394
24158,1811.5340498453036
21380,3212.601793719647
41204,616.6611398423199
86555,1159.4067304841203
39651,2317.3059192444407
27801,3015.3886836780252
68263,709.5164093295684
40375,4394.962659392663
29135,2356.3370702740926
28040,254.6608638159312
81729,4385.183325972297
72050,9907.94932810655
10076,3951.4680883734886
95185,1186.6840206163038
56609,3485.890523940984
59081,8161.393076191845
89170,5474.593014168996
11524,6659.939048495221
97686,603.4809837318005
51576,10026.947951701275
48069,254.6608638159312
24169,761.4437001733836
83135,1721.581336355326
19051,9028.946965005824
17170,254.6608638159312
65153,813.2062457654242
12998,876.4947044410683
85492,5033.313826956663
38188,6838.941102125573
15769,1675.9544064167817
16443,1197.175097725811
94999,2077.409617061433
48482,813.2062457654242
48370,4526.115807913242
95325,271.7690438375943
72372,10946.41750738545
23756,1508.4319126989863
54811,9346.783494609288
6615,5779.102910904297
55659,1047.4037318037153
19344,9302.511176860753
26717,2276.2901584022634
73242,569.0237893174974
9979,2081.9305794415277
57479,2662.5497514343574
93523,995.1176241488051
55532,7698.819453729616
79684,501.99390676358405
81448,1970.3758325263577
71757,599.4463719834233
49210,3763.057339146972
82568,4201.198581739532
87209,2653.295063136964
73215,603.4809837318005
7686,2850.672757038057
79400,3535.2295552402884
75335,930.8028569967994
37233,2936.02700558493
83634,2884.913914836918
52253,1845.2820960809483
4957,1904.3741078910161
20235,3533.126929479651
84483,1963.771016325568
83736,7133.447687940043
48156,1956.455844247539
2040,7922.290534824078
42413,1392.1861929813058
84230,724.9795127538666
77685,1522.056922507251
35102,1950.1460065173032
84745,13319.356180052047
2747,1286.7251805560372
42616,4328.979363003231
27467,7171.772054781814
7893,2369.9620800823573
8956,2524.3385183755063
39727,1283.8822821556173
61466,4771.544543043716
97354,724.2645354971364
44193,2393.5837947178798
54804,2405.2467031637207
55740,7635.594247433701
58005,1206.1765288131683
26271,7798.911144159498
66852,2677.5062798425092
40927,2004.1291624843088
5521,2000.840202287195
20066,2117.7433541917635
30730,971.3656024373477
49249,3108.2793609956075
80858,2343.755525748331
97372,1201.2051428418483
13757,1624.538236006704
64515,7416.582384084641
26588,1110.356316934591
88571,1777.8167287348806
1609,2357.3805355565955
10999,2345.761631407156
74962,1014.9794617601614
70098,5463.080345969078
28573,8299.218111487393
8855,1083.481657462159
36192,1046.0124275798196
30708,1595.2506934902062
9790,6636.230970550844
8267,2494.1390146620656
39282,4555.164709967704
67629,2405.2467031637207
67409,1092.2555071154334
41371,1628.16681637323
99056,1684.8007763204325
42142,1984.0008423346226
73913,1324.2503083627635
74762,777.3068801628684
14113,3600.7556968014096
89301,794.1209448977372
44917,3611.2208677601
40018,2321.605311417192
69425,9469.353943230832
27051,1811.5340498453036
71666,2364.0590659954014
71506,765.4530754279797
83797,7940.600717638607
18813,6289.94049359244
2483,2884.913914836918
31475,4592.538143268051
474,2198.8337313460956
80920,2989.050292657145
96043,4407.061304877976
54785,1188.7792081636205
93300,1133.7397754957806
82193,803.1295470774525
96112,1508.4319126989863
88747,1053.8913871428144
66554,3443.1732498642423
45980,2911.2320600143635
94573,407.9424599619771
46423,1816.110054092123
5874,1902.91046518029
88937,1413.055057524557
94876,899.4246301475746
95689,6242.375064242465
63122,2089.5633749226904
18605,879.4572507591653
90557,1956.455844247539
61354,1031.5767404741812
9121,254.6608638159312
21405,610.5027404393292
61490,1330.3208291771912
49497,2875.165590237999
82732,876.4947044410683
29161,1503.2339165110054
23497,1858.9071058892132
80815,554.7468123583855
79879,1423.9930822241854
77040,1332.2642839521338
91985,782.976416429798
94014,1392.1861929813058
13258,996.8913820611867
43207,4328.979363003231
25069,3200.3356663716536
93603,2957.5609649494577
24823,3600.7556968014096
5584,5272.696413397343
6334,523.2666379344855
19516,864.7852651759441
21031,845.0145300171682
19823,1687.1055439411082
41710,8661.862037505647
20867,1090.8624169561906
89212,1811.5340498453036
82396,1912.9918025489178
64338,2559.2869112939966
31544,1501.0940569540103
55503,2393.5837947178798
64884,2089.5633749226904
44186,1970.3758325263577
38112,975.759399881199
58321,1613.3870984823775
10666,5320.943166821088
12758,3341.8962984014624
90205,2719.806097427187
74574,1113.5073778011974
79867,2827.6575688440885
9358,978.5470602337518
45988,610.5027404393292
88818,1413.055057524557
51347,3375.2825300131385
67255,7288.484623566302
56350,1283.8822821556173
2175,2283.0647614455797
20781,6070.861785903996
19733,1233.9187354195578
64799,541.1218025501206
78628,1689.5794162250465
25225,1606.5647829480376
47962,2193.1120479556025
71223,6999.636799122066
62791,1715.5017496657722
75283,3217.3134698524254
3288,5991.072849540743
92182,1882.6806391712355
315,2768.6206587122647
52102,2154.6632530241823
33369,5837.12190642069
84860,2068.305569633263
33560,1099.2826929303305
27227,4301.961196330788
47690,6883.141926058755
42062,5251.000207803571
74115,1116.8460822049617
92249,8710.890216744252
8766,3258.528019002028
99168,2137.429542529816
49285,3168.2259715588034
98847,1426.6800673328219
73316,2508.068911220361
63595,3202.521111216706
150,2218.129214029045
65816,554.7468123583855
94885,1675.9544064167817
65295,893.0822605674301
4378,5241.735794241269
14040,2269.439751637315
83735,1608.875703298471
32339,2103.188384730955
19578,730.5291064516555
95719,2496.5402481350156
24762,3203.688460044161
44784,2810.2299605691446
56545,606.007176099837
67957,1522.056922507251
14386,815.3596127760549
15652,4271.393036500644
89631,4691.431415602906
10324,3377.0545675357675
41499,482.7579048809293
4680,2554.5028027320404
30866,2015.9184396460437
8492,906.1899595036658
54257,6136.607589767304
7145,4038.788364254247
57446,1104.9321752501394
93271,3844.411079348125
49144,3443.1732498642423
36669,744.687813103894
42477,1091.0992987042162
62262,2722.01665457623
68575,1186.6840206163038
97862,1718.1195298632076
18811,1186.6840206163038
96256,4309.514130431569
21131,487.111014756489
79131,3491.039417471368
23074,6022.052743875489
83124,1562.3259283210732
97532,198.18302565485894
51825,912.6378222798264
10000,8368.49521671847
52237,2859.2466244655266
59546,3565.0964907524226
10444,7117.017175353612
98475,8602.443197394452
71000,8425.933373143565
59247,1318.639274143869
87003,248.37439644968748
34350,254.6608638159312
19255,2894.2690099869073
56827,2283.0647614455797
98560,1119.0307218153732
17383,607.4406824555989
89702,879.4572507591653
94890,744.687813103894
9357,6156.198880957071
15026,2102.51331432738
85206,1684.8007763204325
27896,1316.6958193689263
69650,2999.705046873121
90338,603.4809837318005
19773,1490.2668779820133
87778,1517.4076022062814
13407,1338.782645855913
4603,884.4286367304852
20879,1295.9016608690629
56934,3546.6183750708315
69243,1186.6840206163038
66001,1390.4153563929049
51230,1608.875703298471
53621,1922.1659645806421
31739,771.770920011007
35354,9336.619031464243
3837,2102.51331432738
1933,2713.3644989965974
57909,6951.586584945818
87623,12932.712496591139
48987,1265.5932478325653
49507,1632.9691331806537
3841,1620.1897927563025
10823,953.485044086908
14436,3220.7849749894426
48674,2609.042066272558
22564,576.4087558986139
44844,585.8213621751585
58870,464.12402767562287
27555,4987.999592526333
25609,599.7195964202706
48067,3784.8223917987575
18240,610.5027404393292
83547,363.9547021384635
8464,1628.16681637323
63729,9222.145977597598
50703,2401.5367937454744
92328,3502.960391853333
60985,1624.538236006704
90003,3672.6110818353395
17949,2981.810224735272
55954,1422.8015106359455
62368,5718.843521142915
4664,1273.5028014075237
74124,2796.60495076088
59388,1287.1278112157886
82522,785.8441130112813
41116,1595.2506934902062
7447,3142.5205187944684
53802,730.5291064516555
84649,1704.4945200549428
24656,953.485044086908
94368,920.5636783794733
78702,3841.2233232438302
24582,3443.1732498642423
11312,1206.1765288131683
2881,2103.188384730955
39284,831.3895202089034
43535,3594.618106895041
49409,2490.4880662317482
67128,1481.5884623676745
10345,13972.505073938577
16397,1938.7152317952985
42475,2826.160526538434
28997,2269.439751637315
69407,2733.4311072354517
71071,4542.188988974019
66184,3983.325997641475
3226,4779.097606143964
83742,1323.6496949096402
82884,1273.5028014075237
27551,794.1209448977372
43504,2089.5633749226904
18539,1200.3090304245686
55052,5060.208356474157
92571,3098.5659464442056
87611,630.2861496505848
11051,1280.0544419447258
55877,831.3895202089034
16246,2116.138324135645
87226,10489.280645147957
32465,1777.8167287348806
89849,3732.4641052175925
93615,4124.06696306269
96870,2795.4218981012596
15534,2013.2356712409778
97483,7003.596604486337
54450,975.759399881199
82726,739.031909094342
98237,2967.89332369417
97055,1857.2855959161213
20579,2068.305569633263
329,21530.000983406113
20917,1595.2506934902062
35569,4320.513836358814
145,2663.8812700342446
74669,2091.4499840668955
6988,7345.9268325812145
38050,3367.1163534998313
18114,3325.72436135646
49112,2871.989600971289
32218,2974.14790829239
81005,5251.000207803571
67425,2375.7566915376096
9958,1133.7397754957806
82659,1372.6374816732323
23270,690.7447412659809
70444,3402.8506561285826
55277,943.1020952097509
95989,1186.6840206163038
31381,898.9548092689622
32897,5664.9588702387955
59539,3800.2209415792045
69898,2724.122259867264
86174,4601.303298999995
26421,1186.6840206163038
65244,7002.070240163385
52373,607.4406824555989
20568,7177.258522170184
61043,3158.292020614382
49459,5867.687034381345
99813,2068.305569633263
23394,2656.7394331381083
69576,1322.3037521668039
11264,3672.6110818353395
29811,1628.478066069646
6059,3037.8969307055495
72841,7615.9526526837235
46210,407.9424599619771
97817,441.6639228477289
60479,2303.39571494977
72773,645.1421054109596
7317,7411.684588778345
67586,1188.7792081636205
21684,1718.1195298632076
61534,5827.558855259384
22398,993.3701649312036
77558,4038.788364254247
18281,1557.31861317071
77022,769.3514066215331
90656,600.7784355790566
91733,11324.183431913614
46864,2334.348287922954
87149,487.111014756489
84794,630.908233299555
60791,3243.303418494883
7854,3145.54904410862
74396,1194.1425590152585
75514,599.7195964202706
5643,893.0822605674301
88806,677.4757129881013
70952,3624.845877568365
68736,2316.192898388276
35209,1575.950938129338
36964,962.1343900729341
69075,1963.771016325568
95197,4807.098097411537
31780,1684.8007763204325
95684,2137.5426107034364
7310,1338.782645855913
81147,509.64162812622067
18139,601.2833952454322
95071,3925.7444330799112
86178,4889.456539553613
31820,8077.755776421618
73631,13930.896088288138
75542,2328.7821023096376
48677,1503.8918877902781
66315,2999.705046873121
87770,2103.188384730955
88257,2017.9470216629286
31131,1376.677894046015
81140,4727.354405274795
23256,7894.578108976048
73504,2430.421565806541
41213,957.7405926290828
29317,3025.0812180071903
49360,815.3596127760549
92924,576.4087558986139
99144,585.8213621751585
19514,1624.538236006704
36391,3969.7009878332105
31134,2357.3805355565955
1909,2217.8614329549077
54643,2320.6610444161242
27778,2846.4028423797818
81592,808.8589068391718
89687,1006.9951747394684
13322,1382.7766336946627
94436,9907.94932810655
29815,1527.7853261441385
41292,9433.286819036013
7922,599.4463719834233
64920,13720.92090525937
89803,1233.9187354195578
34667,4662.0345800293735
34139,3546.119604673173
27684,1046.0124275798196
86683,716.3248413541943
41253,3868.485270450563
94689,6154.542803450889
1877,2140.3684294585096
61892,799.4691228195461
77296,3996.095130194428
55322,2137.5426107034364
47705,1107.5920050939642
1281,366.68448383787603
61956,1764.5694274840682
85387,1005.5162782199944
58276,3392.2412053219714
95405,1811.5340498453036
65734,870.8036269222204
78448,7951.614927533647
54176,1332.2642839521338
44745,3449.65819126212
52327,1620.1897927563025
22544,4526.115807913242
17727,1283.8822821556173
52529,5008.269293100528
30650,1416.655629631377
79494,1516.8589263192703
58591,2688.8769665755253
34370,1698.4257861286974
29230,3456.798259672507
11763,179.74033021432038
6670,1045.197996270626
84156,1516.8589263192703
17664,541.1218025501206
24860,1413.055057524557
11174,1296.4451639305632
88065,808.8589068391718
30281,5050.694336803167
47577,34144.87823489442
23127,1201.2051428418483
61104,3156.145528602733
39299,1332.2642839521338
92127,2013.2356712409778
24765,1620.0577900955057
80730,8682.35448804838
81245,765.4530754279797
6190,9759.95861911352
26482,1845.2820960809483
4436,1811.5340498453036
27118,5307.318157012823
30868,1014.9794617601614
70019,5007.966752413196
78894,1255.2746086128707
59964,9030.503837715278
47444,3823.3267274226328
80756,2773.2972623026967
60860,3931.920746159605
10562,14022.112328185558
18022,4426.1951515431265
45369,2624.3386166092096
90219,294.91324775963716
11166,2406.6195352454984
86187,1090.8624169561906
1659,554.0094357026384
2912,5083.397699421018
19163,1557.31861317071
80930,1560.3956933350237
77086,2806.0063045818592
61709,494.83398179017547
14081,353.4446702932447
42792,1858.9071058892132
76770,4157.732837676709
32930,1620.1897927563025
39099,2810.2299605691446
61633,1880.1281405658262
26636,12075.022187907352
22172,16050.633098833086
81538,716.9040966433906
11108,743.6931646305768
87860,6190.492240671423
74758,996.8913820611867
24099,1675.9544064167817
75104,1110.356316934591
55883,1831.9014253945852
94825,1345.5896901784893
15854,884.4286367304852
53284,7595.284302777638
52054,3169.4473022453
29976,1824.1022802214125
39966,610.5027404393292
37241,4753.806059709327
75277,1811.5340498453036
53689,1110.356316934591
12417,1359.0124718649674
72169,1503.8918877902781
49191,2975.5624693337368
23617,3546.6183750708315
58579,1591.3687476691844
76202,2622.6670760808224
91679,2103.188384730955
12467,1621.7228367556252
75865,2986.0800370648562
98016,4095.762294315237
82228,21712.2318221738
7783,6454.446772252298
81731,3198.8986967240935
96936,3265.2382847054873
70851,3212.601793719647
24003,5880.218159054564
7161,1797.9090400370387
84367,724.2645354971364
21542,3705.3792848903286
73322,559.6649968646872
84073,2269.439751637315
50326,803.1295470774525
73377,2567.0438633583126
60767,1734.004357739464
3881,8730.241928577869
58656,3945.3116313950904
94100,2538.354233838874
14645,3336.5270894104965
47681,2663.8812700342446
18534,1233.9187354195578
26603,996.8913820611867
65512,1437.6180920324502
74500,2452.060191602474
43303,2986.0800370648562
70138,610.5027404393292
33403,11090.54210178404
76896,4157.253471730628
5107,1492.6737809798703
83525,2558.031425550406
8331,716.9040966433906
9544,4187.295101886331
4311,1398.6314558485167
51745,4837.663225372193
53837,1851.3445253092505
69252,508.9225645782418
60620,1522.056922507251
55234,4453.747459618895
97740,3094.654351187343
94328,1606.5647829480376
88004,6277.316889665386
58568,25105.09843850059
97049,487.111014756489
67772,1797.9090400370387
97345,1023.6339313581484
75271,1301.68625654033
85595,4394.962659392663
64523,10560.147502524285
81236,845.0145300171682
19416,5484.499810479593
19341,1503.8918877902781
70983,2224.557514742048
48768,1363.05288423775
21081,3001.4953780623187
32103,344.8047488807291
27737,1935.6027114663852
43770,1010.5163918694516
27238,4869.785793455095
55227,2726.989508804862
1969,1984.0008423346226
72798,1318.639274143869
79451,914.130058374255
3421,2416.8431309551006
45965,1956.455844247539
92262,1858.9071058892132
48779,5757.378214283947
14591,317.35955565708593
15676,2653.295063136964
66862,650.024919271805
10365,2806.0063045818592
25172,2029.5434494543085
75331,4671.969007133812
54665,12262.593239213416
66746,2575.5342785664284
62683,3047.5712144802465
50096,893.0822605674301
45414,3267.006617775081
61893,1091.3071654418745
18501,1126.6570834892675
62915,3969.7009878332105
70777,2682.6201008252797
44504,2762.1695830086305
36584,2542.005182269191
13393,996.8913820611867
25623,3443.1732498642423
8821,1125.0861516588357
30286,2175.3450994236227
80787,1092.191282217618
12189,263.34876786345416
55679,2741.419737773083
10849,2089.5633749226904
1840,9894.324318298284
1778,1503.8918877902781
21725,2704.605600745234
78028,3094.654351187343
58674,1889.037827637946
60148,1780.9578922344085
8988,1811.5340498453036
67420,2556.683779691393
11757,2496.5402481350156
22368,1369.1516238863978
54674,1206.1765288131683
76983,724.2645354971364
59013,1557.31861317071
1978,5442.471772636496
22371,2497.521400193769
71877,630.7877652063389
21398,2330.9309290527053
46948,8008.550669307287
63387,185.17813973481103
64869,5893.84316886283
1326,885.8066863912213
35096,1922.1659645806421
8375,1070.839742896286
4271,3032.8188153265664
33654,3105.933734033217
13881,719.4545693043972
3990,739.031909094342
73234,2768.6206587122647
23640,2597.76258770577
75085,3672.6110818353395
47064,2137.5426107034364
46292,5463.4789953009695
78794,1780.9578922344085
41068,1508.4319126989863
15388,782.976416429798
21424,2836.6318077977667
83714,2398.119917988322
8068,1127.4509977895136
1514,1363.05288423775
83089,429.8001344920652
83593,1528.8014397347802
42688,1316.6958193689263
71317,2081.9305794415277
97809,4513.537837160048
86344,1909.4145479339227
92268,1531.0326120145462
53528,2672.510616137251
63164,2928.8236910720266
72434,3314.8727853822065
35443,14700.837003321374
13727,3524.412170090103
69304,4767.431069517593
2157,2302.567888580011
74572,2013.2356712409778
63896,3752.354773972079
41861,2306.339534575889
25214,4994.341742604931
91930,1398.6314558485167
35945,6982.928254580252
3591,1297.5072919638822
8484,2089.5633749226904
90893,3582.5345607322993
16752,884.4286367304852
47280,2478.2877334136665
23574,932.250632522012
53932,2876.786549581264
79073,1875.4128178296812
26031,1287.1278112157886
36828,585.8213621751585
6382,8214.544273598414
73602,2013.1818707185084
10093,1740.6796354184596
78427,716.9040966433906
3716,599.4463719834233
89830,364.5366285507847
58540,5544.512713533662
24767,1579.9295220881775
46764,876.4947044410683
45341,2953.629210455193
46288,4090.6807314510124
92958,5757.378214283947
73686,2015.9184396460437
93130,3073.8979208603237
28432,541.1218025501206
15657,10729.769034025783
17359,2330.9309290527053
95088,2050.1550277462147
7579,1517.4076022062814
97475,506.6989320889815
3755,487.111014756489
79913,377.0401953726776
11007,5223.863492032473
84999,3753.2454524974537
93532,851.2068071158584
49921,1704.4945200549428
34401,2591.803885721574
45435,898.4755874962051
40702,1265.5932478325653
64774,4394.962659392663
31545,3695.989106504624
86818,2677.5062798425092
35640,11292.973309231666
66966,641.2508499122597
77826,5717.317156819962
45869,576.4087558986139
24538,884.4286367304852
35593,2733.4311072354517
69603,2928.8236910720266
20639,1324.2503083627635
25628,2391.621693355456
78222,3905.244055766733
76369,2609.042066272558
48001,15934.687119843062
65245,2068.305569633263
36869,737.8895453054013
37708,688.432375920559
76861,920.5636783794733
72053,5937.30771069385
21152,5487.25636754083
21918,5801.733962733557
30802,2316.192898388276
49992,1192.5515190049034
36007,1591.3687476691844
30741,962.1343900729341
88896,1282.276651060798
75158,2749.176689837399
38730,10226.96423452114
33796,308.53825756790195
35685,410.183748423829
54618,3546.119604673173
32050,697.3933959455766
83352,2773.2972623026967
1436,289.4754382391465
43664,1273.5028014075237
83498,3582.572225042463
93669,3504.6644272796325
16215,541.1218025501206
44512,2103.188384730955
68633,3952.112419393938
37887,2779.791401236963
5657,730.5291064516555
38804,1531.7701232656475
86474,7499.949163717258
75384,9186.531443114982
35778,919.8149693119307
48252,9270.915311059516
54130,1845.2820960809483
9516,1382.7766336946627
64126,4577.793313204008
52296,1440.9665453529185
88836,2821.1634299098223
55669,7398.327028654668
10021,2023.889073399903
86094,1740.6796354184596
37950,464.12402767562287
83360,3533.126929479651
43211,661.4600824972248
88416,10414.069986386814
42314,803.1295470774525
45567,1036.777720296486
38983,2369.9620800823573
40786,5251.000207803571
3379,6553.340044587154
95413,1159.4067304841203
7086,3094.654351187343
37947,4793.473087603272
22182,2882.747854654099
54759,3738.7297641638143
13523,4662.0345800293735
49882,1287.1278112157886
71399,3952.112419393938
7782,1036.777720296486
98703,988.8301400224956
3309,13387.646749875128
21206,5624.239917439888
15619,4038.788364254247
31902,10106.760887327737
94725,2068.305569633263
69049,993.3701649312036
55847,3719.004294698593
86394,3656.4355713403447
80272,10964.935717784949
23100,3580.9930970867763
82026,289.4754382391465
19238,1240.3681156872135
29586,3598.477891254338
72253,630.2861496505848
14578,4144.645765182548
99733,1503.2339165110054
50135,2316.192898388276
23362,277.971704337588
87896,725.9661728201017
65086,2259.1698670007336
56530,558.9502226235985
37781,1345.5896901784893
11679,2369.9620800823573
94468,1947.2329603477788
47263,1963.771016325568
21191,2094.2547222692906
84254,2476.8630564234836
97770,2236.4492062515365
54875,5814.099476726087
42514,3357.601885886074
37089,5396.987339162882
89984,1214.8301526501132
5171,4870.723895579843
10454,2653.295063136964
49370,554.7468123583855
48027,845.0145300171682
31804,3242.2230965115186
17897,1332.2642839521338
32188,1005.5162782199944
11384,3270.82169836696
70904,6012.879203462197
29618,6654.429747283297
92154,5457.069322370672
26958,1687.1055439411082
91144,14915.666179657313
65095,3424.3993465255944
32812,6124.110294950099
25382,3775.8003156527343
54773,325.7798316312261
8219,2807.523018507314
5372,1295.9016608690629
27429,769.3514066215331
65659,4214.823591547797
95297,3990.922196647121
11120,3752.354773972079
94809,6232.322045462782
51310,4368.38000396594
36419,4201.198581739532
33880,2343.755525748331
95820,4526.976865833196
66505,1426.9062128292926
34565,1970.3758325263577
62396,14714.392449342218
2678,8671.533013389804
50898,1206.1765288131683
63441,416.7319688465112
31623,1871.8701854999417
90350,2393.5837947178798
72281,785.8441130112813
76874,1090.8624169561906
677,8583.12728632931
45172,2343.755525748331
26680,2510.1652579432803
47389,3800.2209415792045
77247,794.4759232405075
66328,4589.591497972398
34637,2236.4492062515365
36953,3277.8581937493345
73346,782.976416429798
71060,8252.25711730707
9408,501.99390676358405
62749,2759.672252494432
92131,4592.538143268051
60589,3811.172846220789
81137,3391.843043684935
6305,3194.356928904393
98167,3548.331067243602
69368,2971.1859747577223
52948,2936.02700558493
26384,1413.055057524557
62813,2068.305569633263
66518,1503.2339165110054
17550,1083.5927934344136
71203,328.2770271891221
59859,3626.7623628113834
61657,5839.115813958365
6240,4509.117155877961
58239,4459.997125584765
44498,847.9632377536761
59585,4090.5458481342966
50590,5439.039459801174
596,1871.8701854999417
17821,794.4759232405075
12837,3224.914406958954
90076,161.8672992131543
55328,3608.569403733219
97150,576.4087558986139
54044,1330.3208291771912
60195,2078.060855935964
43489,6940.035869249837
40808,5801.733962733557
33222,3611.2208677601
19928,724.9795127538666
9555,1273.5028014075237
40118,5961.441725916759
2265,1119.9526406684083
67338,5010.40543911076
28779,794.4759232405075
14526,1069.8566476538942
24683,2185.208721537831
58062,2411.7449277965866
81124,616.6611398423199
97211,2403.218121146836
28561,504.17348711535635
14669,2252.370371827906
44731,3115.8676849776384
96207,1124.0417685844975
92503,1075.4354688504593
11885,6334.187246463928
90948,2198.8337313460956
11812,2302.567888580011
27651,1363.05288423775
21821,675.0850923054896
79348,1675.9544064167817
84602,1845.2820960809483
23388,654.3367887089863
79168,1811.5340498453036
52051,2103.188384730955
32834,3624.845877568365
81365,3443.1732498642423
78128,8882.912218767977
39623,988.8301400224956
98382,8715.723151158723
1595,6577.28184838367
44184,1363.05288423775
67146,4793.473087603272
12385,4404.943818423076
10655,986.6973481746649
97044,2151.0545523380806
2553,3548.854565048553
53458,2303.978783692927
44105,2670.364442946373
27011,8152.278788414394
23778,6015.1845336647375
64791,1531.0326120145462
44598,1810.8845597425825
69541,2319.3721265707854
49564,5442.810645394883
84648,576.4087558986139
32528,3028.535668858868
57860,4309.514130431569
30493,10360.096966798423
72888,5377.32563023393
84913,1503.2339165110054
11283,661.1812190985345
22263,2971.7782483770748
65440,885.8066863912213
97538,1811.5340498453036
25571,3954.701809780795
41331,4447.6845123454605
70395,5951.547682295747
52485,1880.1281405658262
14684,5562.480347161774
49460,1759.9665054591417
15043,5350.728033298157
84849,1297.5072919638822
22428,885.8066863912213
45675,2504.418478183639
19705,2004.1291624843088
7606,2877.8458284026874
78637,1413.055057524557
2992,1842.9242493351105
23158,1516.8589263192703
63933,1059.6374373880844
93574,2711.74743764137
36295,4583.8958009523885
73493,1461.047940570318
23272,884.8505776879402
61476,1598.5395387232634
473,996.8913820611867
93675,4970.9506446664245
59273,4793.473087603272
57606,2713.3644989965974
69002,4301.958164461299
60583,2094.2547222692906
25205,9301.777990302515
74381,2596.2990897667955
7312,1251.1739067978012
66287,1275.232936169591
15064,2580.435965088616
71789,1283.8822821556173
77664,2863.1615397729993
95074,412.2304536533653
39065,2846.4028423797818
50807,35435.372424072935
51213,13816.190799032118
93826,1186.6840206163038
29704,1628.478066069646
50556,1505.356185690995
41046,9673.069421108044
51274,17530.63853900045
9971,2407.2088045261444
85298,3533.2217973516326
9972,3251.6132748972227
90858,3251.6132748972227
70975,2645.6287553128955
40390,1604.9937574774492
43536,737.8895453054013
68645,2303.978783692927
17107,1330.3208291771912
67525,856.6193729713979
12303,1845.2820960809483
23656,2588.7439605309014
62971,509.64162812622067
66286,1754.3046452267245
38097,2747.555730494134
27362,10023.284657142365
68274,3669.474558452497
85753,899.4246301475746
75036,1836.9087405449484
38269,4645.437860161502
27066,2498.1523428165933
1843,1107.5920050939642
89990,966.8899974936425
23727,310.438056068407
62133,3700.6257091092652
46652,4653.716492412461
58171,4019.6644923332024
51755,3046.443825134831
64416,2015.9184396460437
70320,697.3933959455766
99268,1440.9665453529185
92134,1311.4972578246359
34302,1251.1739067978012
65400,4072.2623275512515
89503,1318.639274143869
88459,888.0957812274014
91062,1675.9544064167817
73047,2510.1652579432803
14925,1301.6284418875273
32024,5050.694336803167
90966,1192.5515190049034
90232,1906.773273496339
85010,1617.3354089743648
26807,1104.724308512481
82521,1091.0992987042162
2074,1740.6796354184596
59965,487.111014756489
54239,1595.2506934902062
87641,1684.8007763204325
40126,1522.056922507251
59260,4038.788364254247
12643,645.1421054109596
12029,2316.192898388276
10728,523.2540542407542
71002,11133.844687316441
70393,6498.573126471057
2162,1845.2820960809483
14471,1845.2820960809483
49083,3752.354773972079
96986,1604.0245431434805
51991,1856.182668191211
7256,13986.179594964353
73858,2474.759110595301
88557,11210.080628303218
97789,1704.4945200549428
71384,4394.962659392663
64048,6228.473745687546
59821,3121.0612637882327
13524,4404.943818423076
16433,1327.8859677679293
50947,3343.9768760778093
48648,2856.2833134481907
91765,635.9927005464
16464,650.024919271805
29237,1875.4128178296812
27948,1854.5123343120526
46719,1059.6374373880844
88194,1950.1460065173032
26985,1700.730553749373
61527,1598.5395387232634
70609,4453.747459618895
76464,592.3821662915722
86308,1939.5907359643309
41304,1119.9526406684083
46627,5880.218159054564
45552,2889.167050798978
62592,1592.9765543995122
16406,2936.02700558493
84889,7461.695700937489
18025,862.8696946328034
34524,4941.983456023764
73100,1398.6314558485167
86894,1061.0287416119802
89453,644.5332431078199
93369,1330.3208291771912
68558,2556.683779691393
85890,2556.683779691393
576,714.7395722284641
91423,7367.271528731663
33498,1718.1195298632076
7973,697.3933959455766
83664,1856.182668191211
61775,4382.0050137742055
21388,6669.626517161828
70654,2741.779254290863
24632,2343.755525748331
38958,7183.485128887605
82962,1654.4309505551635
32847,1527.7853261441385
33064,2954.268313885905
40964,395.1607695204347
6827,831.3895202089034
91313,6253.611944175202
11442,606.007176099837
96051,1426.6800673328219
87202,3115.8676849776384
68210,1684.8007763204325
11337,2000.840202287195
68249,5168.1854969942515
89120,1880.1281405658262
90285,1342.94515180877
27556,2068.305569633263
62479,2713.3644989965974
31613,2496.5402481350156
88170,4478.936699775838
52639,254.6608638159312
79989,2128.176500539068
42800,2858.364591163024
62631,4807.098097411537
89254,4579.454563772069
61887,2923.912080769949
60307,1557.31861317071
14869,2807.5384201015577
14230,879.4572507591653
173,8327.816209680836
84792,2686.677960484491
23991,4169.440573305918
86049,11251.14358980647
66519,1205.9489473790852
49639,4601.767960925334
95193,2276.2901584022634
25514,1811.5340498453036
75600,2779.791401236963
23551,2252.370371827906
1582,4309.02461579134
25403,3622.1944135414838
59158,996.8913820611867
35026,1197.175097725811
67578,724.9795127538666
88719,2793.263328076097
9948,1046.0124275798196
30848,4807.098097411537
60759,5559.861276695585
4508,1889.037827637946
76758,5627.40234034957
77986,2100.0348987863454
26604,1721.581336355326
64892,996.8913820611867
82324,822.4839166474367
36337,569.8199234514998
12590,5241.735794241269
17308,11392.23839609417
7163,802.2938765018146
9218,1956.455844247539
56789,3797.56536830452
61765,1423.9930822241854
35432,11092.50929797559
94860,938.0509108739268
98951,4434.059502537195
47861,1757.3082572515887
27005,7196.172611536814
80587,1702.812144859521
62121,585.8213621751585
12756,2259.1698670007336
10892,3357.601885886074
43991,10339.349541062273
51335,898.4755874962051
28321,1684.8007763204325
28895,1338.782645855913
75480,898.9548092689622
19955,1332.2642839521338
460,3954.701809780795
30060,2457.2638566845417
86183,2837.0477472297925
47323,2663.8812700342446
72469,1531.0326120145462
72447,2494.1390146620656
72303,2795.4218981012596
4215,782.976416429798
96327,4157.253471730628
59674,1261.6079263613262
62126,4052.4133740625116
84747,1159.4067304841203
71118,2241.8218224748375
87518,2198.778747072526
19019,1490.2668779820133
94764,3720.477249442465
16798,2710.415919041483
1768,6714.239830513946
55126,693.0237029398203
36984,6922.389453458024
64144,2430.421565806541
78079,3670.0605811486093
67739,1412.2564656567815
38299,1857.2855959161213
10326,709.5164093295684
14457,2102.51331432738
30913,1984.0008423346226
76831,3871.192895029758
33722,4386.003290680852
23260,7779.91950831862
36408,1137.107504858738
58755,1201.2051428418483
36037,6658.606763983314
46255,8098.306174187015
59284,10058.158074383224
25798,3907.308787361401
40016,1061.0287416119802
77389,4408.397349232057
8500,1858.9071058892132
78324,2609.042066272558
63870,4223.5268688935175
18108,2613.289071622173
69315,9301.777990302515
72247,5562.480347161774
88206,1632.9691331806537
95198,962.1343900729341
34018,1046.0124275798196
84688,1069.8566476538942
68921,737.8895453054013
38911,1412.2564656567815
87308,1413.055057524557
25666,4148.840295158365
9220,7472.770479856877
80725,2663.8812700342446
1438,2391.621693355456
29838,2293.75367346163
51338,1885.4951953082066
48719,11280.807943597143
3974,671.1979498340032
8886,1517.4076022062814
96235,7274.987283042256
28855,1010.5163918694516
67204,1525.183715332589
7787,1398.6314558485167
92113,1213.577718893511
71472,1628.16681637323
11832,3705.3792848903286
61855,592.1248117421117
26063,1713.9340850639883
29021,5081.2594647638225
7276,8951.981850413555
57453,4655.831011798978
71529,7946.221246049608
22836,1704.4945200549428
97233,8882.912218767977
74375,1885.4951953082066
63362,1416.655629631377
78308,2272.4236823491738
64593,3775.8003156527343
87112,5188.506104572955
63745,1899.366792740653
63554,4727.354405274795
70888,2208.1878012327397
40766,1014.9794617601614
62956,2213.8717443718006
81787,737.8895453054013
81070,3614.3807066096742
35978,677.4757129881013
40747,996.8913820611867
60571,5026.141353428186
13558,3669.474558452497
3529,1423.9930822241854
16386,1322.3037521668039
14823,6686.119683958378
14504,2609.042066272558
8489,768.7249166236063
83241,1570.9436229789749
18099,1851.3445253092505
59599,585.8213621751585
4845,791.2889684460397
11162,920.5636783794733
92273,3719.004294698593
26917,3212.601793719647
92068,2161.720089615358
7849,2112.856745438366
86206,4841.783930455704
24591,2302.567888580011
92434,5162.083009245871
60410,3744.532322788737
40156,1323.6496949096402
77740,8636.044319913808
78023,5050.694336803167
1149,1338.782645855913
48047,1006.9951747394684
68445,4124.06696306269
26975,2510.1652579432803
33817,1200.3090304245686
24581,3538.3444229633787
82242,1530.2370792663248
32061,1324.2393508049947
50361,2089.5633749226904
82674,2989.0694929502242
6691,1061.0287416119802
34404,1182.1439957075956
81157,2510.264376699531
38326,3544.0468393013443
62737,1186.6840206163038
72914,1364.6401006923227
83881,2850.672757038057
41984,2000.840202287195
42211,1398.6314558485167
1650,3190.4784207499533
51869,1470.5672187801374
15429,3937.433837562067
32814,5329.438134585737
77772,2068.305569633263
37131,5295.190345572492
53289,1508.4319126989863
84809,4649.62164823412
62681,6571.179360635289
54434,1812.845509895277
13277,939.8600342786432
98601,2405.2467031637207
16280,2455.07497213327
75797,8784.425369829527
57895,5188.506104572955
38473,5660.49244727943
77600,2303.978783692927
53773,1273.5028014075237
12365,2140.3684294585096
14927,2464.709298562226
44060,624.127750247594
62979,9315.40300011078
89275,1422.8015106359455
61123,500.7360245647538
18357,1704.4945200549428
32840,2000.840202287195
90430,658.7671152192245
60877,1392.1861929813058
50674,2204.5042042207806
60418,899.4246301475746
95540,2393.5837947178798
61192,3066.8877255930065
91302,2630.7041085514347
43487,737.8895453054013
73609,1083.481657462159
22421,779.0780852362445
14370,1531.0326120145462
10840,3594.618106895041
30530,1413.055057524557
48887,1125.0861516588357
11118,2218.129214029045
17510,993.3701649312036
82194,3065.4776448861835
86715,6408.54010740204
48515,2898.5389246451828
23163,4787.6177241044925
77316,3611.2208677601
54611,5518.3142389683435
47955,4328.979363003231
74723,2764.2018017559676
6874,920.5636783794733
13846,683.7683861373117
91716,1194.1425590152585
19461,1233.9187354195578
77182,2284.315373858662
24796,4645.437860161502
24209,2269.439751637315
84496,1740.6796354184596
32217,993.3701649312036
62017,966.8899974936425
21932,3375.2825300131385
25250,7880.953099167782
38398,10806.355156469888
91294,14711.55556126323
62236,7880.953099167782
75003,2004.3220118546637
52466,4531.927824400435
81642,2575.5342785664284
27200,2609.92409957506
42106,5518.783151937917
80873,8661.47990763377
33495,3357.875031965533
75132,3598.477891254338
5403,2970.268163383791
20271,994.8239862274153
5240,3745.207081723355
17709,1425.8157048748344
50349,1579.9295220881775
3345,421.9452725478939
94109,576.4087558986139
38747,2275.3625692778674
63901,2768.6206587122647
75922,1182.1439957075956
72462,3003.6557729066885
6573,1917.999117699281
79814,899.4246301475746
7938,1322.3037521668039
43276,1381.9844592189552
91128,1606.5647829480376
55698,4567.917067388317
99716,4175.804057126517
54112,2316.192898388276
10150,2981.810224735272
36712,379.5794882122775
60331,12982.651866006105
10978,808.8589068391718
42115,5227.712135101112
3866,870.8036269222204
59064,7486.395489665142
15714,1999.5568609102436
52364,3972.6696819257722
63859,2318.4953324607195
4736,6098.098879760638
53219,686.8641194118958
16309,1186.6840206163038
32599,3524.8768320154427
74720,4143.6284619223625
75072,1984.0008423346226
22893,1010.5163918694516
83109,1709.1614509233227
12248,597.6555969473455
13965,647.4009396893032
51654,2507.7640244703302
71428,1557.31861317071
98640,2015.9184396460437
86024,716.9040966433906
24800,1608.0978269473603
28442,4236.702070558593
49747,4612.421055960535
37610,21436.41675649558
78544,2326.9156084348597
71127,1330.3208291771912
55849,2554.5028027320404
33670,846.6646910281871
50486,4575.966488164133
79086,6334.187246463928
79564,1824.1022802214125
72323,16845.448317108512
6822,1201.2051428418483
88385,1069.8566476538942
56268,1168.5189858993308
49279,2137.429542529816
1470,3037.8969307055495
78857,2283.0647614455797
73331,2175.3450994236227
93210,1046.0124275798196
93918,7240.823590199758
15539,1788.5458030255854
71915,3108.2793609956075
77355,1297.5072919638822
17934,1858.9071058892132
86377,5992.736441197686
28642,1186.6840206163038
26328,3392.2412053219714
74392,2391.621693355456
52352,2686.677960484491
915,2609.042066272558
302,2511.420743686871
28275,10145.842683883091
30342,1984.0008423346226
59862,3334.3207162349017
18343,3490.478255356253
71049,1570.9436229789749
77113,5130.658407849627
93222,957.7405926290828
14336,6296.251351379811
73760,2554.5028027320404
20477,5522.838259253911
16517,3719.004294698593
92985,4004.5472064553855
29808,443.7051833452967
96785,2103.188384730955
92642,6347.755641169627
37882,649.6177103546648
81159,2244.5852774169134
94165,3156.8220963387644
39124,2013.2356712409778
78521,3888.1990313407096
93009,1734.004357739464
52,3335.922961453888
50414,1200.3090304245686
81351,1566.4694598307085
47927,1075.4354688504593
69823,920.5636783794733
90622,5078.15062083437
317,1718.1195298632076
6971,724.2645354971364
63276,1480.9909094889972
64194,1871.8701854999417
99427,870.8036269222204
49045,3251.6132748972227
40767,1797.9090400370387
20689,1899.366792740653
4028,889.8401707192218
74503,2510.1652579432803
65633,5597.066429527952
44267,599.7195964202706
70802,2038.6271040643328
47375,2590.9523849975335
38536,2240.978215562728
34211,2318.4953324607195
94183,939.8600342786432
72448,1059.6374373880844
74844,8748.872965736824
95263,1046.0124275798196
80285,2318.4953324607195
90985,1454.8402942718772
88033,4223.5268688935175
567,1005.5162782199944
48824,879.6755052532611
88179,2068.305569633263
94572,688.432375920559
42859,2068.305569633263
62552,1398.6314558485167
64896,1273.5028014075237
4693,2806.0063045818592
65183,12077.600921838315
90846,1316.6958193689263
67582,4941.983456023764
37282,4320.513836358814
21845,2217.8614329549077
9650,6325.169663932554
81665,1014.9794617601614
41072,4226.92223703311
88101,730.5291064516555
90372,1061.0287416119802
61487,1006.9951747394684
60242,3764.6673872113856
87189,3972.6696819257722
96313,1405.340685517096
4017,2311.873594086104
91014,1419.0288457032227
20164,2508.068911220361
86909,2324.1563260093885
11876,284.92153328299514
61329,5246.614430059944
5072,3938.4874095856735
57798,8476.873205452188
89322,1590.4091678936288
54501,3121.924075418358
97513,9869.152473939444
41634,1706.3154990055077
38837,6531.309613475959
78801,1754.3046452267245
11203,2177.119910070846
5318,3954.701809780795
7164,975.759399881199
24147,1454.8402942718772
39468,487.111014756489
70309,420.6507296275055
2480,1811.3593037156502
9322,9342.721519212624
23405,744.687813103894
97376,862.8696946328034
74508,6610.7344639212315
99576,975.759399881199
29585,5641.7907485441
72083,5237.375197995306
44225,2970.268163383791
35188,1576.784158085364
68970,737.8895453054013
24572,1704.4945200549428
31210,2068.305569633263
17623,1200.3090304245686
16672,1899.366792740653
78140,1503.2339165110054
96446,1188.7792081636205
66474,799.4691228195461
21028,3094.654351187343
8676,2137.429542529816
553,1006.9951747394684
44675,2428.7351858548727
70380,3375.2825300131385
63983,7372.39224631572
16568,2741.419737773083
74491,1522.056922507251
1168,2807.523018507314
76377,4106.659465015084
34473,2112.856745438366
64582,1984.0008423346226
37988,1606.5647829480376
19575,295.73881062306174
38418,743.6931646305768
39661,1150.7325146670028
54866,1016.0631893727644
45170,724.2645354971364
53448,1673.2142680723919
70270,5196.777090178104
74274,1046.0124275798196
89717,1889.037827637946
76768,3314.184774295977
94,310.438056068407
35822,1939.5907359643309
19899,2116.138324135645
11190,1721.581336355326
91971,1289.0818797550378
19912,590.8319269945442
63200,2175.3450994236227
16375,2936.02700558493
52238,2203.3210693088404
9536,817.9115293644196
40707,1570.9436229789749
74220,2971.7782483770748
86481,6124.110294950099
46592,3990.922196647121
73904,1704.4945200549428
2953,1061.0287416119802
68894,1527.7853261441385
72399,5965.172692104013
6378,125.94811326379282
60636,3380.741363308096
89001,2061.1018388481034
43882,3366.295307939673
13497,1405.8112027895706
64497,2971.7782483770748
7448,4038.788364254247
16057,4606.280685338546
37460,765.4530754279797
37345,2987.870368254054
49726,2605.4288955298384
49819,1283.8822821556173
79825,2416.8431309551006
31789,8076.377629627459
63074,1197.1994841377605
76975,1216.4169148095496
81855,927.7550681825198
11682,2204.5042042207806
89919,3180.7242691900333
86092,4191.649344363901
41045,1885.4951953082066
69217,1440.9665453529185
70885,1398.6314558485167
55135,4767.431069517593
70326,3824.7978560290535
64063,822.4839166474367
92,3181.850981367068
68592,2861.5405804297343
9451,2204.5042042207806
39888,962.1343900729341
29561,3077.6012071954597
94851,2018.2420001334835
92468,7456.4677118965055
59910,545.3252128153337
57660,1748.8879812774483
47589,3180.7242691900333
52942,769.3514066215331
52539,2954.268313885905
34881,3578.9643820334145
32994,5185.099128467585
34219,1412.2564656567815
98646,7495.60493599151
77810,1737.2396244659353
44150,2741.419737773083
90459,2357.219103576595
28824,6256.044826341463
41159,3343.9768760778093
94082,1999.5568609102436
33012,15936.98554623613
44518,520.3239418972463
31187,939.8600342786432
66490,421.9452725478939
28404,9189.54303455436
64181,1481.5884623676745
98626,2622.6670760808224
61901,1352.4076556641778
68625,5505.158142129651
34701,1059.6374373880844
94754,541.1218025501206
43228,2746.031841091924
94258,2859.2466244655266
96863,599.7195964202706
74334,3424.920735142893
15364,2409.397689077416
37680,4126.393250461195
4597,1370.8333216946287
33385,590.8319269945442
11090,2663.8812700342446
68822,1598.5395387232634
37067,2940.0042006469284
76236,1194.1425590152585
41095,1970.3758325263577
857,3504.6644272796325
89692,1036.777720296486
14529,487.111014756489
35407,1492.6737809798703
7743,1698.4257861286974
17904,694.5649305567916
27594,3618.4670508685645
33434,635.9927005464
60782,3738.7297641638143
41952,1668.0559603634283
50967,822.4839166474367
17009,730.5291064516555
22357,1200.3090304245686
35367,277.971704337588
90868,5342.4570476930085
92980,1604.0245431434805
75263,1364.6401006923227
29850,2505.300511486141
19894,1363.05288423775
80857,2796.60495076088
80680,1197.175097725811
62604,834.7837155336841
22532,3146.432114051331
12701,365.9544784040127
22925,2540.877792923776
14397,2175.3450994236227
20722,599.7195964202706
49587,7124.900235589017
99781,3594.618106895041
72734,1576.784158085364
28758,545.5891597284981
31189,11467.673064132296
52915,2016.552664731161
89901,630.908233299555
63332,14765.801650381818
96820,2609.042066272558
87485,1398.6314558485167
30228,289.4754382391465
22812,4779.097606143964
28084,1398.6314558485167
8681,1845.7752076441645
20145,716.3248413541943
13941,1318.639274143869
32530,4658.10732871025
88204,2316.192898388276
32907,1359.0124718649674
80805,1197.1994841377605
17706,22605.951413956212
47605,3032.8188153265664
85498,3456.798259672507
78392,3626.7623628113834
30973,1517.4076022062814
63928,1704.4945200549428
10177,15099.558448777829
99050,962.1343900729341
80916,1880.1281405658262
33256,3180.7242691900333
97440,2554.5028027320404
55306,1516.8589263192703
64824,2889.167050798978
35346,4882.889389879893
36290,1740.6796354184596
99962,683.7683861373117
57605,1699.9348888669995
46114,2622.6670760808224
27882,2806.0063045818592
7702,3168.2259715588034
2773,4833.007955956259
41187,366.68448383787603
95301,7615.9526526837235
78413,5196.777090178104
64794,645.1421054109596
85450,1675.9544064167817
53645,2923.912080769949
82315,2103.188384730955
69711,1970.3758325263577
97727,5050.694336803167
69320,1251.1739067978012
1290,870.1429817684505
23382,599.7195964202706
47999,592.3821662915722
65618,1533.6039913067289
64834,962.1343900729341
58556,3945.3116313950904
94601,3608.569403733219
28246,2734.5441280916166
26334,412.2304536533653
21912,4346.451459406384
37290,3212.601793719647
44081,688.432375920559
88842,2175.3450994236227
71272,6223.821811263963
84191,1638.4437114516088
36236,2759.6568509001886
45037,4807.098097411537
76077,2303.978783692927
82090,2204.5042042207806
97633,4851.288235180458
98447,2078.060855935964
86838,6077.7324564955925
46797,1925.825389040673
34234,1206.1765288131683
64677,603.4809837318005
54381,812.6283502617655
52593,3094.654351187343
20767,2983.8931731920557
70959,4859.663460637626
31732,815.3596127760549
23137,15075.116260812987
6216,2807.5384201015577
95005,898.4755874962051
8108,4346.451459406384
26730,828.9846225843197
88466,4261.158448184215
35616,2476.8630564234836
56989,7331.966075387054
53710,847.9632377536761
51194,888.0957812274014
1067,5050.694336803167
21705,4191.649344363901
34185,2311.8159909239102
37856,693.0237029398203
7414,1295.9016608690629
59960,3203.688460044161
584,3875.431262831787
98331,785.8441130112813
32707,1677.7770290674307
86654,769.3514066215331
63731,5460.96800436073
65346,3145.54904410862
78622,2283.0647614455797
6958,2682.6201008252797
21287,1638.4437114516088
87853,2693.5535701659574
13833,769.3514066215331
42184,1956.455844247539
67139,2405.2467031637207
99494,7932.596236241343
61676,2418.9085696728466
37050,3533.2217973516326
87786,2081.9305794415277
32387,2507.7640244703302
62058,2064.040725776797
77331,2428.020332333591
38883,3291.0330892874285
92765,1422.8015106359455
52615,2554.5028027320404
59806,2597.76258770577
11987,2404.7530413707204
26229,6656.983484521114
62213,7416.189290040436
31497,2493.7262994104885
13646,1905.3290001836224
25928,2597.76258770577
19314,380.3094936461408
75645,1734.004357739464
30396,4217.9813228604735
24445,6347.812256272194
33430,798.6986008975254
42801,3519.647829763134
44548,813.2062457654242
38633,1517.4076022062814
31026,2090.803832441726
42818,1718.1195298632076
37398,8121.5087764806785
3499,5175.752497851837
6673,5612.934907140662
19800,624.127750247594
86655,4670.192650423609
91661,1133.7397754957806
25334,5037.0693269949015
92028,794.1209448977372
28815,5156.105361594269
67182,330.5604068990933
80248,3489.3353820450684
88548,7896.164239261921
43675,6296.251351379811
94826,1182.1439957075956
11062,1810.4772704131476
44776,3302.1092790761454
87356,1156.3278918380117
94321,1595.2506934902062
47349,592.1248117421117
1651,3456.798259672507
47664,1908.5409547723773
81098,2068.305569633263
85241,10071.78308419149
95812,1530.2370792663248
17568,912.6378222798264
33267,2933.9440571281466
6698,5343.57776919844
10681,349.45005775132023
82042,1811.5340498453036
32866,1503.2339165110054
57287,1698.4257861286974
49293,1854.522140974046
68704,1423.9930822241854
85060,1145.1839551987061
8496,2276.062980273699
34531,1740.6796354184596
87313,1656.7418709055967
64849,1010.5163918694516
57946,1797.9090400370387
30248,1777.8167287348806
25981,5256.201329705483
53414,3391.843043684935
19627,828.9846225843197
18978,1875.4128178296812
44627,2284.315373858662
1420,2259.1698670007336
29668,737.8895453054013
74732,2004.3220118546637
99543,1036.777720296486
69759,671.1979498340032
67215,1287.1278112157886
60005,4592.538143268051
70338,862.8696946328034
66150,1168.5189858993308
88621,996.8913820611867
56100,1345.5896901784893
20154,254.6608638159312
38284,1119.0307218153732
96343,1797.9090400370387
54538,702.0573857288239
36908,6485.3706842447145
16128,5037.0693269949015
14079,671.1979498340032
75122,10933.200932529062
5952,2175.3450994236227
44946,647.4009396893032
45945,1091.3071654418745
59882,5342.4570476930085
50725,1604.0245431434805
95258,6944.9336645561325
33910,953.485044086908
13309,2589.274065792041
25112,2710.415919041483
65874,3391.843043684935
47302,1990.7609364572068
14573,1870.9106057243862
84528,3142.5205187944684
7033,993.3701649312036
41090,4209.901859085252
18684,2677.5062798425092
54754,1297.5072919638822
4320,385.71461293586634
82985,1857.2855959161213
71774,8754.61709913353
34471,1369.1516238863978
601,906.1899595036658
47227,1984.0008423346226
15097,1233.9187354195578
92695,3800.2209415792045
41035,684.8229596422681
65430,1014.9794617601614
38965,1652.0687212598737
95816,576.4087558986139
58634,6211.06624763994
11181,654.3367887089863
96500,397.70667722171413
79667,1104.9321752501394
68175,2089.5633749226904
30894,1595.2506934902062
83957,1398.6314558485167
58174,932.250632522012
99046,568.3409253651507
92178,2204.5042042207806
88673,1139.410134027395
56017,1273.5028014075237
35985,1854.5123343120526
67760,2959.2667757750296
90384,1570.978344105541
41240,1059.6374373880844
94019,1715.5017496657722
62267,1624.538236006704
17980,17643.186528000886
15171,1036.777720296486
29901,3738.7297641638143
45753,559.6649968646872
87878,1516.8589263192703
74672,2474.759110595301
41002,9797.21213001214
5595,2807.5384201015577
95477,4828.158920647438
37543,1126.6746754235614
85045,1110.356316934591
56844,1078.6304973071685
46156,1777.8167287348806
25663,13232.999283030094
1665,1327.8859677679293
20363,1508.4319126989863
62095,1287.1278112157886
86848,1604.0245431434805
90352,5717.317156819962
79394,414.0775846855659
88533,4076.920838326032
75702,1858.9071058892132
92828,697.3933959455766
81270,3480.8635107704667
75526,4807.098097411537
12131,5175.752497851837
77315,2013.2356712409778
70171,2736.64166270622
78947,1810.4772704131476
38090,2396.3327653965803
81115,1104.9321752501394
35630,1206.1765288131683
91770,654.3367887089863
34747,2334.348287922954
21572,5175.752497851837
9576,1570.9436229789749
42542,2518.0434879919035
47384,2494.178256178614
13053,1091.0992987042162
56455,5506.161876258006
34407,6587.107816659931
28279,5716.4919873108365
36110,5594.627750343193
69474,7120.981716382962
58049,1589.594963332753
88314,1422.8015106359455
64832,2540.877792923776
99909,738.6045225621315
12392,2111.9068933839226
80586,1556.2087317210764
8326,9654.356593243301
30510,4086.3721159295337
91282,407.9424599619771
1357,4315.583174269565
9862,277.971704337588
82161,2217.8614329549077
84278,6727.864840322211
88475,1557.31861317071
13398,2270.009483338094
39863,2343.755525748331
59934,1638.4437114516088
10527,558.9502226235985
81554,3662.2468742167994
90840,3789.425325460999
61845,349.45005775132023
12130,366.68448383787603
58972,1342.94515180877
83602,1104.9321752501394
74587,2624.3386166092096
23775,353.4446702932447
37009,1322.3037521668039
7133,2318.4953324607195
91122,4325.935844052114
67150,4912.509122202639
26757,1859.4002174524294
80541,7513.574173525523
46996,2081.9305794415277
76146,3745.1766538091865
27191,1562.2183159856727
7528,1437.6180920324502
79120,6299.712266172024
29192,3320.3436211309627
15272,7228.78661354592
49756,3270.82169836696
90999,5654.322775520784
25621,1192.5515190049034
77150,1361.4257742897812
2607,993.3701649312036
58197,5020.766587917732
74936,2259.1698670007336
90273,1276.2153379215088
35735,2827.6575688440885
65985,2828.9203819741383
95219,407.9424599619771
73203,1201.2051428418483
20335,3028.535668858868
84180,922.8018077224905
12558,4271.393036500644
89713,2622.6670760808224
38620,4148.840295158365
57912,254.6608638159312
92602,1322.3037521668039
9526,1007.28933971949
2664,1382.7766336946627
80851,2754.995648904
82027,3951.4680883734886
55733,4583.8958009523885
21440,2726.989508804862
9884,779.0780852362445
43273,993.6400799444363
1327,688.432375920559
36220,2089.5633749226904
1664,1530.2370792663248
74987,7619.862344944886
86307,1889.037827637946
38098,1216.4169148095496
9138,2605.4288955298384
11731,1652.0687212598737
97714,1261.6079263613262
7788,1606.5647829480376
29771,3961.650350277688
66375,3695.989106504624
8763,757.3181744388417
30690,716.9040966433906
67064,658.7671152192245
2006,1014.9794617601614
73595,1689.5794162250465
28902,2510.264376699531
80540,3941.549945160262
74357,12207.905400913623
1392,2510.1652579432803
13704,980.8870294063086
94507,6099.6610010551485
91565,884.4286367304852
89326,2596.2990897667955
84018,1061.0287416119802
88134,1251.1739067978012
93982,10094.29787008089
29643,4170.583388230116
80856,1092.2555071154334
30873,541.1218025501206
99336,5050.694336803167
84771,3277.8581937493345
88817,1698.4257861286974
17995,4994.341742604931
51217,599.4463719834233
40548,4387.5812820766705
23630,13651.616144622783
55742,5805.205467870572
93879,1057.2147330880211
97149,4019.6644923332024
55358,3357.875031965533
69353,1083.481657462159
39250,774.3162763995055
22756,1454.8402942718772
16810,660.5448719767078
39866,4594.443952287442
96020,1508.4319126989863
39481,769.3514066215331
39944,779.0780852362445
25089,5162.083009245871
60585,1927.994308172951
9510,1576.784158085364
72158,4170.583388230116
63113,2510.1652579432803
52472,1999.5568609102436
10541,2357.3805355565955
42113,1369.1516238863978
37129,1595.2506934902062
76140,1632.9691331806537
23814,1880.1281405658262
4555,468.0883724791975
11618,2609.042066272558
60487,3868.485270450563
66493,3121.0612637882327
47014,1110.356316934591
40077,3449.7338699308048
60377,777.3068801628684
90367,2510.264376699531
73339,1970.080854055804
60658,2222.2920203459407
79551,1092.191282217618
55814,1168.5189858993308
40658,3803.5412529312625
63323,1889.037827637946
5979,2213.8717443718006
76238,1604.9937574774492
8011,3738.7297641638143
67382,1327.8859677679293
75143,4118.784949074041
5746,5152.20676343018
58831,598.8927745628205
57656,3590.31688901187
44336,1382.7766336946627
56338,1857.2855959161213
5076,3391.843043684935
88992,2218.129214029045
33383,1632.9691331806537
17264,3158.292020614382
10156,8120.954338420306
66204,8327.816209680836
49957,1810.4772704131476
80423,2510.264376699531
3667,1647.0612510592168
35233,5991.072849540743
18408,1145.1839551987061
61605,2639.6700533286994
98262,4004.5472064553855
96227,2858.364591163024
48969,2759.672252494432
31725,599.7195964202706
53969,862.8696946328034
11304,1332.2642839521338
11977,1669.4259132478444
30190,4765.472596335699
98761,3414.9825211069574
37056,1069.8566476538942
32436,5531.939248776609
52739,1862.8488323538324
38886,2345.25982569778
93156,7402.957374276375
48146,2130.5897815149783
80067,1505.356185690995
49440,663.8507031798365
90947,1590.4091678936288
76149,3720.477249442465
91564,1777.8167287348806
10489,1425.8157048748344
16961,4334.062462621979
59043,508.9225645782418
76422,1091.0992987042162
1861,13069.192400088557
22742,2556.683779691393
2134,2388.793817239712
40923,978.5470602337518
62353,4403.435840693648
43029,2085.184324122271
79731,1121.217014902229
54505,2813.6744128226087
39231,585.8213621751585
29730,2094.2547222692906
73285,870.8036269222204
10221,5050.694336803167
69625,1698.4257861286974
73102,1237.0663508159835
31289,2391.621693355456
62864,1840.897131165781
83747,2017.9470216629286
46005,17773.65835298775
51383,1287.1278112157886
31917,1423.9930822241854
85779,11559.2917479156
69984,1858.9071058892132
69795,2222.2920203459407
25335,8883.40775811387
29907,2102.51331432738
13271,2816.4868263193903
32238,584.8336317548989
63946,2241.8218224748375
55926,4705.939892102201
57809,802.2938765018146
83572,2693.5535701659574
67307,5136.51614484161
50356,2302.567888580011
34001,4467.273276300795
45919,3990.922196647121
48789,1126.6746754235614
22468,1206.1765288131683
31014,5489.465143552959
16713,1709.1614509233227
68809,1090.8624169561906
16094,3029.735039588334
9340,2140.3684294585096
76708,13690.992831247313
3893,161.8672992131543
87322,2987.870368254054
37770,7814.834416839305
14904,1145.1839551987061
53925,1684.8007763204325
40321,585.8213621751585
15440,1297.5072919638822
30090,1652.0687212598737
37946,5094.884474572088
16953,2428.020332333591
79378,2244.5852774169134
4004,1104.9321752501394
11782,4439.939568657837
27964,2015.9184396460437
82697,2142.120889876416
41786,2217.8614329549077
93111,699.1650172401212
44116,3251.6132748972227
64348,1858.9071058892132
76674,1363.05288423775
72549,1110.356316934591
3666,953.485044086908
70803,1168.5189858993308
24478,6001.661384653739
16227,975.2051302142307
21426,4673.703171771923
45824,3735.4578548419267
41510,3969.7009878332105
73275,2306.339534575889
96781,3142.5205187944684
64182,2713.3644989965974
61060,394.3174501537123
9980,1718.0702908449216
46741,1485.9982246393604
81073,4391.31880861481
3407,1527.7853261441385
11171,1413.055057524557
13609,7324.922735289234
17952,2496.5402481350156
27277,1871.8701854999417
95595,2283.0647614455797
47533,2357.3805355565955
269,610.5027404393292
82401,4579.454563772069
19432,3954.701809780795
98565,4434.059502537195
74633,6802.217701260323
27434,1125.0861516588357
8782,5135.962599329757
96057,5168.1854969942515
15830,2391.621693355456
77073,6751.532719127812
34165,1999.5568609102436
1705,2209.5862572224837
49779,5496.361664833297
56551,2747.555730494134
10607,1823.0545312485149
8952,1624.2409829716298
30389,2693.5535701659574
15532,2013.2356712409778
54601,1480.9909094889972
43742,2362.946533784904
7193,3194.5939578728303
84656,2204.5042042207806
10447,1698.4257861286974
20484,1173.0317402923852
79636,4989.1236891877425
44327,779.0780852362445
7403,3800.2209415792045
97617,1503.8918877902781
11624,1240.3681156872135
87415,4645.437860161502
16268,932.250632522012
34222,2307.0360346078596
69050,1570.2917331075294
39389,5037.0693269949015
30981,4587.681719091262
69485,4727.354405274795
27236,8425.933373143565
76678,4214.823591547797
60789,1256.1263710175501
38502,6706.788033864464
5530,3752.354773972079
84835,9907.94932810655
62166,8111.931183995281
39680,893.0822605674301
11778,3033.946204671982
36597,647.4009396893032
46802,1010.5163918694516
40862,2837.0477472297925
52388,1503.2339165110054
30957,1503.2339165110054
74597,1480.9909094889972
40392,421.9452725478939
96777,846.6646910281871
19041,10936.371347742635
60171,624.127750247594
46609,4851.288235180458
26909,1889.037827637946
78565,2457.2638566845417
56770,1046.0124275798196
19868,5652.455747185257
74125,1070.839742896286
7453,2757.50849147894
13133,4636.728281036972
5747,1527.7853261441385
98057,3242.2230965115186
59694,1608.275967416525
63661,6176.867230863158
41769,1126.6746754235614
72160,2428.020332333591
48736,2091.6858657442285
74151,962.1343900729341
27215,4148.840295158365
84148,4995.507498991127
79749,2269.439751637315
16407,799.5812359571594
83246,2850.672757038057
92041,1824.1022802214125
40896,688.432375920559
69838,2975.7733736026216
59894,3926.5048033899225
92536,1323.6496949096402
6600,1606.5647829480376
19232,1093.7605839036075
17923,3325.72436135646
32717,6033.5423187266715
36178,3349.5479712621527
97356,3491.039417471368
97696,2957.5609649494577
89817,1797.9090400370387
89732,7041.069460098999
33913,2507.7640244703302
84992,1919.7363531070678
58587,23176.670018864097
14554,5951.1490329638555
73692,1237.9613363005772
85559,8165.144476189227
23693,3665.718379353817
64631,1047.4037318037153
3152,10591.205666377273
8069,1104.724308512481
65429,2986.0800370648562
73085,585.8213621751585
28829,2898.5389246451828
27131,5814.099476726087
8001,3405.4680534931995
42678,1970.3758325263577
81478,1412.2564656567815
89742,2316.192898388276
15358,2146.242977050042
19038,2591.803885721574
32761,2741.9277730989716
45281,9907.94932810655
21284,2102.51331432738
5941,3582.572225042463
17381,9315.40300011078
54666,2523.8893865077957
80988,1137.107504858738
34039,658.7671152192245
69241,1858.9071058892132
88960,2670.364442946373
23916,500.7360245647538
71793,993.6400799444363
71074,1363.05288423775
70976,2677.287782098787
14532,2369.9620800823573
97871,5228.110784433004
5020,2430.421565806541
4769,3325.72436135646
39429,782.976416429798
85004,2901.91002730474
26225,1740.6796354184596
20372,1295.9016608690629
83078,2029.5434494543085
76954,1205.9489473790852
68842,1871.8701854999417
36404,683.7683861373117
78567,2276.2901584022634
91371,4201.198581739532
87989,5698.175171236829
30152,654.3367887089863
88391,822.2832697535359
39712,3120.5919742349142
84713,649.6177103546648
84078,1857.2855959161213
72778,3926.4815322360528
25740,2369.9620800823573
63845,3452.374200301704
70927,986.6973481746649
49242,2326.9156084348597
54658,8102.496661113426
55407,4663.246658042385
97888,1870.9106057243862
21988,2662.5497514343574
2288,870.8036269222204
10066,1811.5340498453036
13147,3971.2273521561633
13740,1748.8879812774483
67970,5507.289591249067
83489,1283.8822821556173
60582,3469.1108729118137
92226,1638.4437114516088
50248,2116.1717372403887
53359,1480.9909094889972
41758,2326.9156084348597
69738,3108.2793609956075
77751,9925.217488624268
2016,3523.7367510939466
86714,993.6400799444363
93485,1047.4037318037153
72626,1675.9544064167817
14129,1103.284685416927
48843,966.8899974936425
70854,1047.4037318037153
32308,4301.961196330788
37109,654.3367887089863
85827,5035.531531813892
21942,1560.3956933350237
16906,310.438056068407
99004,1091.0992987042162
97630,11926.1904348675
44799,3809.701717614368
75105,6454.446772252298
75371,1200.3090304245686
8706,2661.0062124154324
67762,335.0444158300976
21447,5463.080345969078
74312,1150.7325146670028
20607,2693.5535701659574
82475,1508.4319126989863
28685,2013.2356712409778
69878,3357.601885886074
55293,5202.131114381221
48259,1392.5876349789685
28789,606.007176099837
2599,1947.1355077694388
5127,919.8149693119307
23012,1240.3681156872135
33011,2261.4281211164075
40005,1318.639274143869
54668,1160.749515843121
78850,1104.724308512481
52503,10838.707714029884
67532,1858.9071058892132
55243,2828.9203819741383
2573,1508.4319126989863
27867,6334.187246463928
54486,3971.2273521561633
81403,1069.6421375126702
1455,6166.6338634484655
34661,2972.891785583294
55060,630.2861496505848
54101,5629.259623870881
96526,1296.4451639305632
7144,9900.386514767317
9905,1617.3354089743648
95596,2037.5153940959851
57564,2161.720089615358
60614,1608.875703298471
15430,4124.531624988029
70705,8252.25711730707
37572,4143.783176756775
80559,3547.224330779477
88746,3811.172846220789
65773,1590.4091678936288
53697,996.8913820611867
41279,1287.1278112157886
24583,40076.06053277157
95980,945.8756423302768
24826,1425.8157048748344
74593,1858.9071058892132
37944,2302.567888580011
52401,2570.9278363076583
38929,6949.7119535822185
84679,3391.843043684935
27115,771.770920011007
78380,15967.621830937442
28570,3582.572225042463
18088,314.65201738085733
82810,5281.013832380425
85328,4076.920838326032
58041,1709.1614509233227
29719,2258.210287225178
16004,2018.2420001334835
29172,2357.3805355565955
741,3668.970967833153
47056,2757.50849147894
5541,2398.119917988322
64213,3886.1291230045085
97412,785.8441130112813
43236,1525.183715332589
77466,4233.674161336758
56732,1698.4257861286974
44483,1590.4091678936288
76158,1283.8822821556173
32732,2137.5426107034364
63059,1057.2147330880211
56450,2914.4692407336283
6032,1797.9090400370387
26795,523.2666379344855
17315,5323.349426300548
23654,994.8239862274153
26698,1902.91046518029
4349,808.8589068391718
85448,4391.31880861481
19720,2013.1818707185084
81657,3251.6132748972227
17459,1412.2564656567815
28234,1689.5794162250465
56441,1735.1669859729811
56865,1194.1425590152585
69436,5893.365436746514
30668,9470.888862842123
98688,2116.138324135645
32668,3753.2454524974537
5238,2085.184324122271
72116,494.83398179017547
56451,2357.3805355565955
22298,4903.283149590394
70420,2837.0477472297925
98254,1624.538236006704
4168,1338.782645855913
13378,4201.198581739532
76936,8294.287965735157
30991,1454.8402942718772
62699,4453.564578466103
24790,2000.840202287195
15103,939.8600342786432
27338,1382.7766336946627
12698,7464.323737341614
45627,4320.513836358814
87672,764.7355629317414
73352,658.7671152192245
61659,1694.4357761880935
8466,1186.6840206163038
7905,9088.506298961593
92891,3945.54575596787
56038,254.6608638159312
13003,5089.986679265792
86596,1282.276651060798
4433,2357.3805355565955
65795,1413.055057524557
87515,879.4572507591653
7258,988.8301400224956
9966,1427.4491216773627
66569,4158.270774990813
682,1345.5896901784893
8778,1168.5189858993308
33863,1488.3740937370235
70937,2813.6744128226087
22680,9469.353943230832
3804,782.976416429798
33275,2725.372447449635
99281,6324.437265750927
16935,4495.5506799525865
39233,962.1343900729341
80369,6094.129287037524
23343,1687.1055439411082
83107,586.5394403097514
67885,554.7468123583855
44533,1275.232936169591
77746,2407.2088045261444
11275,1046.0124275798196
8257,1811.5340498453036
14189,1992.2797357354782
34188,1192.5515190049034
99499,4926.134132010905
41329,3800.2209415792045
81720,2375.7566915376096
73233,3786.59593177094
35955,2754.995648904
70943,2554.5028027320404
29610,3957.6023423478987
84975,7391.961562506305
27610,2496.5402481350156
93482,966.8899974936425
16846,1316.6958193689263
18743,1527.7853261441385
32522,893.0822605674301
66911,1201.2051428418483
46178,1206.1765288131683
1450,2845.621614657262
55710,2302.567888580011
96688,5465.955952387177
18079,3212.601793719647
61477,738.6045225621315
59829,1240.3681156872135
83641,769.3514066215331
69590,785.8441130112813
19555,1885.4951953082066
85276,1316.6958193689263
65750,6412.579098119471
36323,2385.3554229602155
96145,2398.119917988322
97205,2622.6670760808224
35146,661.1812190985345
10859,1919.7363531070678
90177,1092.2555071154334
2069,509.64162812622067
24918,554.7468123583855
60372,1570.9436229789749
22479,13500.18889725784
85930,8668.729478240115
91691,1297.5072919638822
83196,2762.363792962019
84595,1986.8138844044822
14236,2759.6568509001886
29207,4002.56797738792
80986,899.4246301475746
36645,1019.1412880282593
59673,2260.546087813905
71083,1133.7397754957806
29296,2588.7439605309014
21024,693.0237029398203
15981,1145.1839551987061
43285,1104.724308512481
41659,1709.1614509233227
9033,893.0822605674301
41935,2272.4236823491738
27956,847.9632377536761
88718,5573.48628650385
27515,697.3933959455766
69382,3797.56536830452
93626,328.2770271891221
46081,1126.6746754235614
13731,2843.766200388941
22349,1557.31861317071
97206,5226.718404854805
11966,802.2938765018146
30236,9062.188542633325
69196,1392.5876349789685
13138,898.9548092689622
43950,939.8600342786432
89861,4223.5268688935175
94561,1530.2370792663248
7260,1273.5028014075237
81063,1970.3758325263577
22573,641.2508499122597
55130,1503.2339165110054
27740,3792.9203314994397
18685,4214.823591547797
94061,4591.1532242282765
22569,13513.790956999273
58995,962.1343900729341
36790,1159.4067304841203
87041,12072.243071728892
85945,1904.3741078910161
36797,975.2051302142307
81899,2441.4499623250053
81792,2356.3370702740926
34244,1970.080854055804
2192,1842.9242493351105
42744,922.8018077224905
30386,8862.434342999664
23368,997.0267897693868
86152,1810.4772704131476
13851,2116.1717372403887
61257,3931.920746159605
83916,3391.843043684935
36402,5664.9588702387955
51908,2318.4953324607195
34625,1638.4437114516088
25068,2504.418478183639
39427,1905.3290001836224
6206,1137.107504858738
34939,3383.7028059872787
26542,2510.1652579432803
58713,3580.9930970867763
64344,4579.454563772069
80548,719.4545693043972
66557,2971.7782483770748
33091,554.0094357026384
81312,1323.6496949096402
39456,661.025949497568
50225,3250.387278823831
23020,694.5649305567916
71732,1522.056922507251
53291,1413.055057524557
56138,3220.7849749894426
33457,1713.9340850639883
18903,1332.2642839521338
54780,4254.395154030337
41702,9459.40320452466
4441,1632.9691331806537
90403,1728.3410481987821
50179,1875.4128178296812
24419,1119.9526406684083
47804,380.3094936461408
81639,3558.862581178935
12496,2693.5535701659574
9232,2291.4969656447756
99999,2269.439751637315
29690,1885.4951953082066
94877,4214.823591547797
31580,1287.1278112157886
30671,501.99390676358405
5317,1939.5907359643309
37615,7599.067552251161
26501,2302.567888580011
31456,366.68448383787603
60562,2403.218121146836
98122,4593.65039664377
4211,1179.477003159596
60459,683.7683861373117
68220,2870.0180394094427
34694,3485.890523940984
62874,4636.728281036972
53977,1652.0687212598737
39178,3203.688460044161
5363,472.3730528150543
48855,1531.0326120145462
33502,1417.4526876054035
5505,765.4530754279797
86652,3198.9767839113824
95319,7091.928025601982
86202,767.2184264736255
54619,898.9548092689622
75556,1150.7325146670028
30009,724.2645354971364
34594,1836.9087405449484
15857,1600.6441219766152
87305,3414.9825211069574
27455,1922.1659645806421
88542,1984.0008423346226
32053,479.2992767809156
2698,1200.3090304245686
8743,2589.274065792041
75857,317.35955565708593
54467,5495.089853465275
43835,2015.9184396460437
88396,2180.4855127601245
51719,6019.776426099412
24135,5094.884474572088
20545,1186.6840206163038
40132,6706.788033864464
74957,5324.6963719346895
83460,2320.6610444161242
97364,730.5291064516555
72070,1005.5162782199944
88940,1721.581336355326
98343,2980.6300166830047
42403,7567.133993958061
15004,1408.2353536572366
15100,1606.5647829480376
32991,3424.3993465255944
68584,5202.131114381221
87329,962.1343900729341
59916,2677.5062798425092
87233,8915.27021922299
71023,590.8319269945442
21940,554.7468123583855
61604,3108.2793609956075
48989,716.3248413541943
43860,879.6755052532611
69357,5298.57406730922
41341,277.971704337588
36070,699.1650172401212
9961,675.0850923054896
22603,4095.762294315237
39286,15897.510081399836
7371,2259.1698670007336
70652,3738.7297641638143
39017,384.08166741344934
85865,1016.0631893727644
91010,1437.6180920324502
42987,1918.7767733315122
83663,834.3382279454113
45998,295.73881062306174
4515,688.432375920559
18631,10379.717933177944
14294,1970.080854055804
32476,790.9318899711333
41177,663.5252057065505
60225,1956.455844247539
45712,7136.73151930085
52142,5612.934907140662
64611,3746.058687111689
85984,1746.3414956508768
74432,2827.2994226308733
32486,1010.5163918694516
79831,2343.755525748331
43858,26352.44607513391
18107,3449.65819126212
55379,658.0177937234838
80594,1999.5568609102436
91603,794.4759232405075
91381,1426.6800673328219
29708,1005.5162782199944
72947,397.70667722171413
57602,4192.511932789672
15962,635.9927005464
21804,3146.432114051331
83497,1137.107504858738
88754,1200.3090304245686
90492,1508.4319126989863
9780,1617.6495529517454
8845,5193.772490834442
62807,4427.743412925228
7273,2923.912080769949
5366,3145.54904410862
16277,1173.0317402923852
54606,2077.409617061433
18757,3545.3204428369445
45615,2161.720089615358
4950,2762.363792962019
92770,1508.4319126989863
36887,4206.136942597937
73762,1905.3290001836224
1019,3080.684982933692
56410,3738.7297641638143
73810,1137.6667783927624
7,271.7690438375943
19177,1490.2668779820133
3183,1096.8394225497161
43422,6896.766935867021
71537,743.6931646305768
69853,1604.9937574774492
6221,2337.2023782837778
16927,3343.9768760778093
32837,3251.6132748972227
52525,5730.85260693246
74072,3277.8581937493345
78428,5207.397500642707
22633,4383.377476729453
17464,2940.0042006469284
71804,785.8441130112813
13155,1261.6079263613262
54751,1010.5163918694516
86519,1970.080854055804
56417,1323.6496949096402
26390,4231.606332668739
21258,1247.5437452278227
9586,606.007176099837
97501,1440.9665453529185
81956,2958.44299825196
11884,6216.019361741834
30878,2807.5384201015577
48867,2316.192898388276
53535,1560.3956933350237
82819,277.971704337588
6579,2736.533422220085
59864,1186.6840206163038
21319,2955.683261338548
54794,6365.335948070518
82406,3171.917030422647
83022,1287.1278112157886
91704,1909.4145479339227
15188,2048.7063698943207
99228,2496.5402481350156
18134,4328.979363003231
89447,1005.5162782199944
93469,13090.58361424149
1911,3944.260423982109
74121,1746.3414956508768
23465,4936.057739596772
34665,803.1295470774525
98968,13057.49776283655
8211,2955.1503471884075
44092,4583.8958009523885
91103,753.0234241992433
56836,767.2184264736255
16192,1969.8438692652462
50001,2213.8717443718006
50426,3037.8969307055495
7396,940.2459773234671
73357,16259.347125963026
67177,17262.186563071064
35510,2037.4120512404522
9174,270.28150295680825
79509,5222.540593850266
57982,2779.791401236963
76194,697.3933959455766
67939,6492.322790256214
51784,828.9846225843197
78253,1099.2826929303305
23444,616.6611398423199
88607,3859.0390138279145
88461,254.6608638159312
45109,4191.649344363901
82586,2876.786549581264
47809,1880.1281405658262
96593,2736.64166270622
23906,1014.9794617601614
52735,1332.2642839521338
60462,1522.056922507251
16790,2457.906090118366
50507,1173.0317402923852
94226,2898.5389246451828
65567,2682.6201008252797
64003,4096.603511831435
73201,654.3367887089863
2482,16130.96673271363
79334,864.7852651759441
75774,1369.1516238863978
83195,1517.4076022062814
86063,4589.591497972398
63226,4733.460184549203
20580,12361.673154742813
46075,5852.7408237666305
25722,980.8870294063086
1645,1212.2865174841284
31976,1408.2353536572366
29695,1083.5927934344136
19978,3580.9930970867763
41081,2091.4499840668955
29791,2130.5897815149783
2671,1006.9951747394684
87992,541.1218025501206
70180,8098.306174187015
9991,5050.694336803167
17863,1213.577718893511
2131,2490.4880662317482
15382,1604.0245431434805
76168,4096.603511831435
52381,6635.859420941284
7850,1069.8566476538942
21007,2356.3370702740926
51881,1845.2820960809483
50618,767.2184264736255
70842,993.1824673315713
13349,671.9454816806908
94868,1090.8624169561906
73527,536.6807975959462
53665,1324.2503083627635
91376,1811.5340498453036
58570,8518.840635832752
6347,2990.030763098424
25808,2510.1652579432803
95116,1613.3870984823775
15855,2858.8067476248034
59648,1862.8488323538324
11651,2759.6568509001886
30243,1566.4694598307085
83974,1620.1897927563025
6297,1318.639274143869
40851,2538.354233838874
46900,1517.4076022062814
83147,520.3239418972463
14465,7207.43735858808
52540,1297.5072919638822
29784,765.4530754279797
75656,3095.725367270248
79615,1059.6374373880844
18558,1168.5189858993308
58654,3313.104452312613
46838,3561.45433734895
73775,1889.037827637946
22102,1718.1195298632076
32285,2554.5028027320404
58428,2884.913914836918
54966,1956.455844247539
10163,21511.728083251015
78298,1412.2564656567815
32713,1880.1281405658262
6539,1275.232936169591
45055,1200.3090304245686
29891,2081.9305794415277
69380,5518.783151937917
29125,1110.356316934591
7594,2090.803832441726
27500,3357.601885886074
73296,3600.7556968014096
23065,3987.1757421431003
47337,719.4545693043972
56726,807.9285808931437
32570,1023.6339313581484
18494,1200.3090304245686
13508,1257.172971858425
98925,1454.8402942718772
95069,2975.7733736026216
90501,1113.0496656152966
96089,1345.5896901784893
75703,1574.0207031432885
23747,1704.4945200549428
96419,3872.664023636179
81249,1875.4128178296812
78159,2218.129214029045
49056,1330.3208291771912
2070,1006.9951747394684
36772,1330.3208291771912
30028,779.0780852362445
39766,2726.989508804862
81865,635.9927005464
18143,7462.144481469491
30716,10291.247026539235
32044,3548.331067243602
23323,3546.751939287916
83819,1858.9071058892132
81183,8214.544273598414
67316,1880.1281405658262
56868,948.899601160412
34334,1938.7152317952985
10157,2317.3059192444407
52044,1646.4687177179205
20113,3491.039417471368
11538,1970.3758325263577
26432,2662.5497514343574
74420,828.9846225843197
4161,1748.8879812774483
75207,3987.1757421431003
51237,541.1218025501206
79281,13513.790956999273
34738,4719.835174740938
79947,1133.7397754957806
55672,6723.3333706076855
92353,1956.455844247539
43284,2478.2877334136665
82357,1652.0687212598737
18937,957.7405926290828
24367,1201.2051428418483
50848,13084.747556291579
78216,1010.5163918694516
66389,1047.2671639912762
6445,1408.2353536572366
29671,2089.5633749226904
29765,3246.842951518508
34071,3046.443825134831
79196,487.111014756489
47565,1382.7766336946627
11960,11353.444078967526
92156,993.3701649312036
95138,420.6507296275055
3108,5876.086823671669
59803,6727.864840322211
53549,1426.6800673328219
25199,1617.6495529517454
26237,1091.3071654418745
55516,2209.5862572224837
10121,5348.945029820479
36573,2175.3450994236227
5194,1856.182668191211
17802,2259.1698670007336
19919,2523.2450554873462
31568,487.111014756489
57183,500.7360245647538
59701,3971.2273521561633
18303,1522.056922507251
69939,1332.2642839521338
50632,4970.9506446664245
67226,1413.055057524557
23426,1200.3090304245686
21830,1998.6323485281184
92640,2725.372447449635
91730,2976.689858679152
14787,702.0573857288239
42124,3951.4680883734886
72891,2089.5633749226904
3859,1704.4945200549428
74592,5081.2594647638225
54249,2510.1652579432803
16428,1301.250706908069
63657,1824.1022802214125
76872,785.8441130112813
23506,641.2508499122597
47236,441.6639228477289
92429,363.9547021384635
13640,975.2051302142307
9832,1503.8918877902781
6647,1522.056922507251
18341,1381.9844592189552
79095,3428.607530915222
78691,594.28178689978
83623,2813.6744128226087
71727,4381.337649584398
72557,884.4286367304852
8985,9222.145977597598
33227,2038.4455458605603
6102,3375.2825300131385
48827,5246.590305882976
33175,1469.4682165444578
14663,922.5149495355297
48509,1698.4257861286974
13716,831.3895202089034
396,737.8895453054013
34016,1059.6374373880844
68596,277.971704337588
29416,738.6045225621315
66280,1652.0687212598737
4909,847.9632377536761
27075,2356.3370702740926
81683,2597.76258770577
79642,1613.3870984823775
86858,10999.043155740099
71405,879.4572507591653
5591,630.908233299555
40837,2161.720089615358
7357,2795.4218981012596
58385,3600.7556968014096
91587,1595.2506934902062
41645,13631.52735878822
19588,6905.977130376301
7665,2558.031425550406
46265,3622.1944135414838
56541,2188.234597065635
83405,1713.9340850639883
96042,4673.703171771923
91187,5718.843521142915
36069,2081.9305794415277
26692,1169.9529016462766
45809,9672.990499041618
37945,2204.5042042207806
64526,1522.056922507251
25965,5130.658407849627
97609,2393.5837947178798
1258,2124.799634197674
79135,6732.511689158043
57382,2320.6610444161242
78397,3971.2273521561633
14368,2806.0063045818592
92359,1329.419011767252
25260,5320.943166821088
10210,487.111014756489
12582,1608.275967416525
63234,3433.4677227159996
44442,2567.0438633583126
39799,5423.219354205115
76940,1286.7251805560372
72063,2884.913914836918
97096,2090.803832441726
61195,1121.217014902229
83917,971.3656024373477
46780,7320.6933043515855
33907,4038.788364254247
98345,716.3248413541943
85376,6659.939048495221
3023,1261.6079263613262
85190,2137.429542529816
30685,2622.6670760808224
67202,7067.329005611566
73617,1780.9578922344085
27714,1727.5590948722531
27056,1005.5162782199944
75452,10436.853610130991
46147,1192.5515190049034
690,661.4600824972248
8811,1449.078528014956
82783,3449.65819126212
18710,4960.273446474446
73092,996.8913820611867
76964,1740.6796354184596
84791,1797.9090400370387
26831,884.4286367304852
99775,1419.0288457032227
69066,1797.9090400370387
66820,2317.3059192444407
47655,1530.2370792663248
33893,4938.5445643485955
79842,1137.107504858738
2023,1005.5162782199944
34147,2759.672252494432
27068,3916.8541614050996
28819,2269.439751637315
19529,738.6045225621315
63980,3800.2209415792045
60852,3443.1732498642423
84160,996.8913820611867
3812,271.7690438375943
82164,1718.1195298632076
63954,2609.92409957506
99554,1889.037827637946
70817,2756.7433695767127
61083,2241.8218224748375
29339,8503.549925059597
20816,202.11968315686028
48457,1673.2142680723919
62739,815.9188863100794
46496,3343.9768760778093
75734,3738.7297641638143
82826,12998.592247006494
65749,2928.8236910720266
72217,2455.07497213327
94060,975.759399881199
72490,2275.3625692778674
59783,2815.2953721658737
69548,308.53825756790195
3943,971.3656024373477
18999,1856.182668191211
12424,4426.1951515431265
80217,4439.939568657837
69004,5501.259460139593
26874,5698.175171236829
36171,349.45005775132023
50497,2543.9408031856306
89727,1113.0496656152966
57370,161.8672992131543
92374,2759.672252494432
33208,254.6608638159312
42192,6663.524029413447
33069,1413.055057524557
41057,1288.0034320792624
30642,834.3382279454113
86359,3705.3792848903286
66942,1200.3090304245686
38591,5594.627750343193
19662,1604.9937574774492
3283,4813.653296505
83565,1423.9930822241854
15475,6608.397715372351
9655,1899.366792740653
29224,1332.0699708837801
91208,3766.8704623057183
24663,1251.1739067978012
88948,458.7480430067895
81911,3670.0605811486093
66722,2161.720089615358
28590,2990.030763098424
34880,906.1899595036658
44477,10701.000391167408
86806,559.6649968646872
3354,1490.2668779820133
18417,3502.240331715528
21283,403.23162067118375
81200,1364.6401006923227
62323,7136.998881074331
89047,4192.511932789672
23525,2103.188384730955
70443,3073.8979208603237
66993,1372.6374816732323
54269,1811.5340498453036
15204,22006.707597988447
73899,2307.0360346078596
88825,394.3174501537123
34758,1508.4319126989863
85503,2609.042066272558
25203,1490.2668779820133
52737,817.9115293644196
82499,826.3318053385599
27170,1905.3290001836224
88172,2747.555730494134
7140,4309.514130431569
3019,8661.686138142293
26661,9368.650824822347
54778,3988.6922291466876
63831,4970.9506446664245
51809,1811.5340498453036
22847,1880.1281405658262
18642,724.2645354971364
22722,1014.9794617601614
44456,826.3318053385599
63738,2274.17109762217
68254,3982.470120386163
95399,554.7468123583855
66257,5062.163283903498
52663,1316.6958193689263
12176,2409.397689077416
65072,2269.439751637315
5409,1392.1861929813058
49623,2369.9620800823573
74049,1273.5028014075237
43861,5411.120708719803
14292,368.61991939853743
90721,2554.5028027320404
22124,3181.850981367068
11462,2090.803832441726
36659,2439.3172150967116
83755,688.2490802090507
113,3558.862581178935
72814,1005.5162782199944
18855,1372.6374816732323
37449,5135.962599329757
30201,1845.2820960809483
28445,3155.8222924370352
53564,2203.3210693088404
61547,6388.328089923821
49236,2295.3958706979615
80049,1318.639274143869
94529,10821.221685550492
78642,5801.733962733557
81843,1595.2506934902062
50211,2357.3805355565955
45851,663.8507031798365
4482,737.8895453054013
45590,1010.5163918694516
17304,2015.9184396460437
53659,2507.7640244703302
82601,1287.1278112157886
44708,2911.2320600143635
43043,1922.1659645806421
70823,3714.25071891753
70833,2160.7314453205054
79614,3309.8600075070017
43583,1186.6840206163038
31665,394.3174501537123
16064,1709.1614509233227
45272,1676.8364397192843
83891,1283.8822821556173
58560,1200.3090304245686
68973,5911.329157404
6805,1480.9909094889972
83582,5511.068587029346
1527,5718.843521142915
80034,2498.1523428165933
29262,1522.056922507251
11751,2013.2356712409778
73713,1426.9062128292926
68949,847.9632377536761
67434,1182.1439957075956
23663,2507.7640244703302
73150,3580.9930970867763
74591,1508.4319126989863
84414,7953.171800243097
28511,10731.363900111895
11998,2518.0434879919035
14077,314.65201738085733
77242,1970.3758325263577
75765,845.0145300171682
46435,724.2645354971364
27534,1156.3278918380117
19958,1876.2948511321838
23462,1287.1278112157886
34503,953.485044086908
2625,2306.076454832304
64559,2151.167620511701
36856,879.6755052532611
50554,1621.7228367556252
63068,1047.4037318037153
6973,2807.5384201015577
7866,1099.2826929303305
88051,2954.268313885905
40022,1503.2339165110054
85308,12884.661827357955
39095,3924.803514318646
36823,5135.962599329757
67135,2269.439751637315
30638,2140.3684294585096
95982,1795.542481818229
33862,477.74903748388766
67602,3277.8581937493345
23575,2759.672252494432
165,1970.080854055804
74041,1746.2919537358232
69620,2222.2920203459407
8073,10241.06093219906
88739,5876.086823671669
59173,1777.8167287348806
22268,243.40607208789478
2486,3608.569403733219
28987,3108.2793609956075
45834,864.7852651759441
89137,2656.7394331381083
15730,3336.5270894104965
78833,2711.74743764137
27340,1247.5437452278227
93924,876.4947044410683
21921,10230.177576852344
61380,506.6989320889815
96902,435.5702823561587
50682,1503.6018184064646
47928,2527.668110959303
9480,1811.5340498453036
49932,945.8756423302768
69850,1952.240275498142
91202,1899.366792740653
11152,5960.126862879541
40733,2204.5042042207806
9753,2714.9368619908964
14350,1104.9321752501394
11976,9650.94257540909
31877,5837.12190642069
98350,4986.4107319557215
41942,939.8600342786432
35827,1899.366792740653
4388,20997.840689785553
50729,1912.9918025489178
5109,8009.743758148123
22441,2639.6700533286994
63318,6830.219564259715
45015,3608.569403733219
55291,1885.4951953082066
12047,1516.8589263192703
51814,1168.5189858993308
293,5145.085288238332
11111,24256.447260282825
61054,7190.883531978449
8751,2269.439751637315
38705,11396.956601544489
60698,1870.9106057243862
6708,2858.364591163024
42091,1186.6840206163038
88695,1315.858489299593
3557,3224.914406958954
70963,6478.697780447948
996,927.7550681825198
87504,1684.8007763204325
5765,2983.8931731920557
24543,932.250632522012
47712,2258.1107340330996
71551,3854.3349825905443
17039,5839.115813958365
9281,3957.6023423478987
57908,3424.3993465255944
16874,4509.117155877961
74144,4727.354405274795
48034,509.64162812622067
91373,1576.784158085364
68410,1528.8014397347802
85495,1527.7853261441385
77011,5713.663784942561
85364,1078.6304973071685
9560,592.3821662915722
99976,19989.742183168022
47406,1171.3514274851536
11088,1503.2339165110054
49338,9979.89770458332
98681,1905.3290001836224
10893,428.0389130394641
1285,1214.8301526501132
47750,1570.978344105541
83249,2236.4492062515365
48988,1137.107504858738
66539,541.1218025501206
73751,1370.8333216946287
78996,3871.192895029758
63868,490.6725914414243
74365,1019.1412880282593
34369,1490.2668779820133
52162,2749.176689837399
39397,2269.439751637315
39344,2746.031841091924
83131,635.9927005464
80379,898.4755874962051
14112,5474.593014168996
20506,2714.2465322990997
31233,2247.803111308143
24184,4960.273446474446
39621,5924.408296823485
2286,3996.565920528805
30364,1842.9242493351105
68717,8333.197131313596
25028,2850.672757038057
61120,1381.9844592189552
16449,2269.439751637315
92223,1206.1765288131683
51321,2923.912080769949
51584,3143.5915348773738
31346,3857.5678852214933
97956,1713.9340850639883
36385,838.7937570227798
47496,724.2645354971364
40026,1711.2324208336609
7812,403.23162067118375
13387,2409.397689077416
83314,4387.5812820766705
8317,2976.689858679152
12060,4807.098097411537
91191,1405.8112027895706
19776,11150.557822699688
88090,5562.480347161774
71051,1197.175097725811
69300,1125.0861516588357
22482,3258.528019002028
84665,1912.9918025489178
98918,1216.4169148095496
55141,1322.3037521668039
13575,8753.860241868873
28082,5253.834439726582
96971,8294.287965735157
66668,3736.5997351549113
28686,2209.5862572224837
82820,1069.6421375126702
89693,1057.2147330880211
68449,2749.176689837399
54168,1718.1195298632076
49449,694.5649305567916
10992,2711.74743764137
62498,3809.701717614368
13719,2270.009483338094
482,2327.465112389405
85531,11035.267450407528
17894,6668.630236041752
85540,610.5027404393292
58280,2297.919258601749
29809,1104.9321752501394
4789,10626.120574897961
46462,5657.735890218193
41139,724.2645354971364
99589,187.889649752289
25681,5823.496896612424
28655,4978.27518582106
49499,884.4286367304852
55180,1831.9014253945852
40374,8565.162964112707
63598,176.89604303595493
98934,919.8149693119307
27598,1104.724308512481
82523,2081.9305794415277
7129,1192.5515190049034
44907,3339.8829187408055
72295,6112.309011155036
75200,2878.438315383583
67108,12796.619359457702
3200,1104.9321752501394
86342,8489.924915251331
36846,1557.31861317071
20056,3336.8049947563904
49273,1069.9677836261487
99628,1613.3870984823775
22718,2971.1859747577223
16847,813.2062457654242
63711,5547.821083291629
90323,914.130058374255
23549,702.0573857288239
37113,3823.3267274226328
94313,971.3656024373477
56565,719.4545693043972
41021,3682.908563998294
4193,6931.308654747867
90080,2153.993439266774
99559,1536.5591757974128
89403,3556.6762147782824
98020,4539.8155514841355
90407,590.8319269945442
18927,724.2645354971364
30921,8294.287965735157
22856,1125.0861516588357
53973,4592.538143268051
25390,8434.613899046946
24923,2283.0647614455797
97743,644.5332431078199
53290,2622.6670760808224
96716,610.5027404393292
35036,1276.2153379215088
22065,6498.573126471057
71836,1192.5515190049034
50107,435.5702823561587
3652,1315.858489299593
13808,2700.3029702927556
68110,1704.4945200549428
49483,4622.4447801873
46239,1492.6737809798703
92777,1206.1765288131683
43844,1557.31861317071
79205,2970.268163383791
57994,2223.2112670307483
49124,5788.108952925291
54024,7500.484199602413
1857,3171.917030422647
16312,1206.1765288131683
92045,870.8036269222204
83798,2765.92876745308
4595,1656.7418709055967
74938,601.0688747815125
49351,1310.6143409967299
10412,1999.5568609102436
46793,1497.8283854006195
58874,635.9927005464
71868,1297.5072919638822
15134,1845.2820960809483
12291,1197.175097725811
27996,1046.0124275798196
70262,5349.893480138428
53695,2327.465112389405
85455,906.1899595036658
79453,1598.015239306893
72027,6432.518227692742
88333,2858.364591163024
17177,4947.424030723325
35009,3535.2295552402884
22425,1376.677894046015
18578,1908.5409547723773
24963,3863.2199204900235
51307,3534.7060574353372
85772,636.3999094635401
91074,7311.297725480968
28187,3969.7009878332105
75483,2936.02700558493
97638,6253.611944175202
53731,5823.496896612424
79758,879.6755052532611
66964,993.3701649312036
11053,1970.3758325263577
1867,2209.5862572224837
33738,1273.5028014075237
45274,6373.885075682893
58706,1671.0312112107106
95577,2258.210287225178
69193,277.971704337588
52848,5693.71147130222
80974,845.0145300171682
16493,2031.8670099417484
71378,5037.0693269949015
47972,1206.1765288131683
77101,971.3656024373477
12111,1608.0978269473603
10942,1845.2820960809483
47176,5542.337584897261
97930,3112.6409878140926
57171,2000.840202287195
24403,2283.0647614455797
95995,1970.3758325263577
44237,1092.2555071154334
78706,1608.0978269473603
47096,10717.73889030363
82338,5320.943166821088
80635,4095.762294315237
58430,5133.044639704595
40813,4867.6632085474985
12093,870.8036269222204
64994,3277.8581937493345
36792,3722.9747253466467
18615,599.4463719834233
98138,1061.0287416119802
42972,2876.786549581264
74251,3538.3444229633787
52298,1412.2564656567815
42282,709.5164093295684
75397,5404.9511509236245
61319,3770.341967442736
66040,6825.316092317307
89876,2815.2953721658737
8591,2970.268163383791
72893,4593.65039664377
79828,2318.4953324607195
64118,1617.3354089743648
83159,4671.969007133812
90240,2759.6568509001886
66881,1113.0496656152966
57020,1777.8167287348806
3903,2556.683779691393
63101,2588.7439605309014
59861,3028.535668858868
6522,2018.2420001334835
42759,2826.5061121009285
2958,2218.129214029045
14400,4793.473087603272
79629,1038.017004188818
12048,3041.756669992052
30398,780.4959350894724
57386,3591.365518415705
45223,2240.978215562728
28443,1613.3870984823775
54535,3443.1732498642423
93606,9325.038968819772
78887,1516.8589263192703
29772,3032.8188153265664
22832,5705.2185113346495
85707,3436.0331814538554
63633,1885.4951953082066
77620,6234.576233435927
31942,898.9548092689622
46977,1104.724308512481
27222,2265.995381636171
28627,561.4862166610859
16359,5980.269625144052
74298,649.6177103546648
96634,3598.477891254338
53211,3719.004294698593
47667,2319.3721265707854
30074,1764.5694274840682
80737,645.1421054109596
77649,4076.920838326032
16930,21473.831330675424
18013,534.1750367576163
92983,2846.4028423797818
86138,1248.0470330623257
105,737.8895453054013
73298,13894.237180970875
61097,1091.0992987042162
73195,890.275225283015
89425,2017.9470216629286
97004,975.759399881199
32137,4663.246658042385
50322,3491.039417471368
81519,1240.3681156872135
48243,1557.31861317071
17240,2662.5497514343574
50546,2875.165590237999
24681,1795.542481818229
7330,1382.7766336946627
64322,3198.8986967240935
78971,2523.8893865077957
421,5204.64527992322
65873,2089.5633749226904
99347,1016.0631893727644
99145,694.5649305567916
13617,3776.6823489552366
23554,3212.601793719647
5221,2013.2356712409778
97242,4916.908159398659
81293,5597.39525568246
19485,3142.5205187944684
7104,3635.87454891617
40057,2089.5633749226904
53240,4648.68354610937
78972,349.45005775132023
71907,2393.5837947178798
25430,407.9424599619771
63302,2418.9085696728466
59108,3553.03406137481
31383,8111.931183995281
86886,294.91324775963716
50367,2013.2356712409778
13766,3534.7060574353372
38181,457.3301931535615
2828,2013.2356712409778
78925,893.0822605674301
91319,4038.788364254247
57279,658.7671152192245
99182,769.3514066215331
21205,3738.7297641638143
63772,1273.5028014075237
16584,4623.103271228706
54594,3156.145528602733
24277,1492.6737809798703
31112,5348.945029820479
37788,6132.435591061528
28613,4223.5268688935175
15320,3916.8541614050996
1791,4209.901859085252
42387,1784.6492530994674
95823,289.4754382391465
45818,3391.843043684935
41302,416.85663047944854
74127,559.6649968646872
68027,822.4839166474367
34277,1398.6314558485167
48186,487.111014756489
20041,2029.5434494543085
53277,5558.137723341927
53671,3830.7860695398604
29199,1938.7152317952985
36740,6974.950777770522
66298,1412.2564656567815
62721,3764.6673872113856
49031,1704.4945200549428
28090,671.1979498340032
68170,808.8589068391718
77573,4148.840295158365
10370,1748.8879812774483
17811,2295.3958706979615
51493,1426.9062128292926
41867,8397.013519319285
19549,1156.3278918380117
63967,5475.577640786282
33851,554.7468123583855
40922,523.2540542407542
44299,2270.009483338094
58993,3648.6218644085347
26676,3003.6557729066885
17671,3065.4776448861835
34220,884.4286367304852
1180,898.4755874962051
64699,2094.2547222692906
45591,1858.9071058892132
12726,3648.122938897499
55015,661.4600824972248
31274,3357.601885886074
9774,4334.1388461670795
8393,4464.928283524182
30580,709.5164093295684
54095,1902.91046518029
37824,3612.1029010626025
56633,1251.1739067978012
67737,2496.5402481350156
14814,3766.8704623057183
13294,1214.8301526501132
42068,1528.8014397347802
21141,8969.032072011107
518,893.0822605674301
45171,1809.538017723434
47862,1083.5927934344136
44527,10992.193694969705
58401,1046.0124275798196
5865,308.53825756790195
38781,1871.8701854999417
89872,3405.4680534931995
3944,534.1750367576163
32782,1718.1195298632076
7673,2494.1390146620656
97663,2591.803885721574
56546,1110.356316934591
82999,898.9548092689622
20534,4191.649344363901
23402,813.2062457654242
5790,2068.305569633263
10882,6498.636910021219
46875,1257.172971858425
82313,8696.051129221112
18456,1557.31861317071
22144,2089.5633749226904
25312,1345.5896901784893
80717,610.5027404393292
99584,1590.4091678936288
38799,5475.577640786282
63198,2116.138324135645
84221,8638.79478322828
60861,3299.4794425043483
59639,3391.843043684935
19208,6715.555286966175
68307,1638.4437114516088
86150,724.2645354971364
10227,2336.435530658547
71348,2464.7661112049173
82103,1070.839742896286
50277,1933.3613629153326
72679,5977.447839732477
50964,774.3162763995055
12521,898.9548092689622
85266,2702.1760495450703
41790,1556.2087317210764
71559,1005.5162782199944
79552,2871.989600971289
81611,5805.205467870572
79823,1096.8394225497161
22384,2955.1503471884075
78157,2958.44299825196
36274,777.3068801628684
27900,930.8028569967994
70158,737.0139280227551
57643,5168.100476432303
37461,7927.23625461092
91902,6671.365149197254
25489,1171.3514274851536
20112,576.4087558986139
3141,1956.455844247539
63145,4309.514130431569
30930,2418.9085696728466
88191,2151.0545523380806
52153,3934.6039527790376
47161,2541.2931207675674
59432,3921.7502266134748
93908,1557.31861317071
73081,1159.4067304841203
45477,908.005205436195
41817,1970.3758325263577
68862,2407.2088045261444
57781,1286.7251805560372
34365,3857.5678852214933
60760,1519.2302248569304
73562,5144.876382676622
19535,813.2062457654242
3462,3393.1232386244737
57329,2767.6722650343127
11363,3051.521940513814
38724,428.0389130394641
63336,2748.3230936025725
14875,3142.5205187944684
9952,3313.104452312613
72398,2393.5837947178798
14946,8671.533013389804
53639,888.0957812274014
93090,1508.4319126989863
37138,1589.594963332753
88784,6825.885580065924
85671,8754.349084438369
99309,3776.6823489552366
49751,1125.0861516588357
3833,7685.676886497092
70723,3094.654351187343
71798,4994.341742604931
19633,4301.958164461299
94741,1019.1412880282593
42578,1280.0544419447258
45432,18849.506012491547
22877,1322.3037521668039
71040,769.3514066215331
69742,2570.9278363076583
16059,2356.3370702740926
67887,2015.9184396460437
62908,6148.76170347552
23975,1169.9529016462766
79889,790.9318899711333
42706,1870.9106057243862
7946,996.8913820611867
69060,613.1818285536093
67534,3722.9747253466467
76672,3786.59593177094
7712,17113.996922856037
74871,9427.022404027097
18765,3968.3268195890596
39926,3945.3116313950904
90206,2999.705046873121
80990,6543.408258961271
16640,1754.3046452267245
56656,1497.8283854006195
20743,2428.7351858548727
925,1858.9071058892132
85598,9414.525109209892
27822,4560.3430865754335
96094,1200.3090304245686
88528,2153.993439266774
95713,1557.31861317071
41582,671.9454816806908
14859,2146.242977050042
46274,661.4600824972248
80359,24555.21807208471
58732,2204.5042042207806
82337,7341.414398839898
80760,2967.89332369417
55867,10701.000391167408
91345,1440.9665453529185
2889,7471.285518650574
15467,1031.5767404741812
10566,599.7195964202706
42038,1423.9930822241854
94225,7990.411383818529
70619,1632.9691331806537
13388,2037.5153940959851
77270,2756.7433695767127
96846,2807.5384201015577
20761,2736.64166270622
93434,1057.2147330880211
89295,4106.659465015084
17848,1508.4319126989863
16542,2276.2901584022634
90145,20757.142504617226
60883,5457.069322370672
31868,2733.4311072354517
4204,693.0237029398203
48140,611.2233303218293
70613,2063.7846072531684
36774,3561.45433734895
70349,1595.2506934902062
59554,3695.989106504624
14015,6498.99569405298
63407,647.9368318154236
47632,2137.5426107034364
35048,879.4572507591653
42107,2870.0180394094427
79244,2276.062980273699
83515,1233.9187354195578
64640,6415.153810483061
58060,4090.5458481342966
19695,1695.5364411150579
49170,3483.50104958144
94307,4649.62164823412
90991,3745.207081723355
23504,2068.305569633263
99151,1296.4451639305632
22206,1019.1412880282593
84987,1885.4951953082066
86282,2677.5062798425092
38560,1673.2142680723919
46165,2260.546087813905
39824,790.9318899711333
20466,888.0957812274014
66559,6802.217701260323
72445,1604.0245431434805
85992,2764.2018017559676
29712,2807.5384201015577
34652,1412.2564656567815
91517,1668.0559603634283
84421,6699.744693766644
12993,3648.6218644085347
37589,2415.161803553739
81012,2068.305569633263
38364,5801.733962733557
53923,4481.925670144321
58396,619.9299527416364
89495,4346.451459406384
74426,2068.305569633263
83808,884.8505776879402
10169,1275.232936169591
14701,1684.8007763204325
38521,1330.3208291771912
91665,1301.68625654033
1589,2773.2972623026967
14488,971.3656024373477
35851,1364.6401006923227
32276,3456.798259672507
1125,1721.581336355326
90645,7784.817303624915
67619,2094.2547222692906
1875,1283.8822821556173
2409,4608.701473008217
37907,7471.285518650574
88513,2283.0647614455797
35332,306.681444080398
15261,2527.668110959303
77999,1858.9071058892132
43044,294.91324775963716
96977,769.3514066215331
99821,1214.8301526501132
35248,6422.601538000074
17714,2875.165590237999
66206,364.5366285507847
81849,1718.1195298632076
9565,3156.145528602733
59876,6334.130631361361
73032,1200.3090304245686
74400,4106.659465015084
72115,1083.481657462159
39113,1287.1278112157886
50100,1214.8301526501132
3965,337.2857042919495
38140,599.7195964202706
28380,2269.439751637315
21196,1720.3793479311992
89442,8673.370492988448
68174,11458.211468467845
78018,828.9846225843197
84418,1005.5162782199944
93379,3171.917030422647
7768,6408.976528191808
51944,1173.0317402923852
10103,2327.465112389405
56911,1718.1195298632076
11961,1224.555101330897
6415,2330.9309290527053
53703,2542.005182269191
30329,3535.626563327204
39056,1673.2142680723919
76085,5484.499810479593
71286,2802.8618165111257
2052,1363.05288423775
94841,28218.40480478731
93665,4575.966488164133
5995,3951.4680883734886
2138,2591.803885721574
71481,17523.92371704636
28262,1740.6796354184596
53071,1704.4945200549428
2231,1200.3090304245686
5629,1287.1278112157886
84155,2272.794876808998
7230,4527.162846968314
13249,2326.9156084348597
78963,3533.126929479651
74786,3094.654351187343
17559,2889.167050798978
80715,2000.840202287195
20468,6671.365149197254
27523,2871.989600971289
52174,1700.730553749373
40293,2793.8980086990496
81987,884.4286367304852
53365,1240.3681156872135
83959,3905.244055766733
54605,1186.6840206163038
88074,996.8913820611867
19804,6406.292494290867
85164,1709.1614509233227
95808,813.2062457654242
54005,3596.1972348507275
917,1695.5364411150579
66116,1283.8822821556173
26584,802.2938765018146
63794,6422.721232321531
89952,884.4286367304852
85465,1859.4002174524294
93708,2407.2088045261444
9381,1695.5364411150579
56248,939.8600342786432
32952,1695.5364411150579
49140,1197.175097725811
45102,1295.9016608690629
61210,4334.1388461670795
67092,3468.5873751068625
38333,1422.8015106359455
94487,576.4087558986139
38852,8439.558382951831
20738,671.1979498340032
26101,1566.4694598307085
24121,2078.060855935964
53147,714.7395722284641
4002,1608.875703298471
15738,2663.8812700342446
72897,4236.702070558593
80518,932.250632522012
2830,5411.120708719803
91560,1318.639274143869
67289,3003.6557729066885
58461,2555.630192077456
76033,2316.192898388276
42450,2068.305569633263
3588,1673.2142680723919
77790,4095.762294315237
4851,1278.6397979906017
39224,2031.8670099417484
5321,975.759399881199
32249,3292.65739507734
29342,1322.3037521668039
40570,1797.9090400370387
30045,4248.786279301723
38629,599.7195964202706
66806,1413.055057524557
3131,3553.03406137481
73804,996.8913820611867
51672,3982.470120386163
49214,1201.2051428418483
92387,468.0883724791975
66745,1265.5932478325653
72004,4201.198581739532
59161,2827.2994226308733
16676,769.3514066215331
86115,4206.136942597937
3909,1599.8556914423846
82625,1845.2820960809483
84,4550.195280635629
28241,2302.567888580011
40242,4648.68354610937
12705,2393.5837947178798
39177,702.0573857288239
78974,9139.916233384165
12241,5858.289614495008
49316,1797.9090400370387
61217,2357.3805355565955
98484,2802.8618165111257
42407,1721.581336355326
53230,1617.6495529517454
49642,2204.5042042207806
80606,808.8589068391718
14977,2987.870368254054
39417,2218.129214029045
14179,2510.1652579432803
22715,2540.877792923776
72521,1330.3208291771912
81695,5301.024386716076
7007,2190.694178374227
47085,5531.939248776609
92155,1225.4361241448582
76967,4382.0050137742055
59949,828.9846225843197
88273,817.9115293644196
86849,1113.0496656152966
33441,847.9632377536761
5675,5992.736441197686
5507,2013.2356712409778
42597,3339.8829187408055
71965,2524.3385183755063
65499,5545.22766160944
37660,2507.7640244703302
99887,3343.9768760778093
31672,2981.810224735272
17913,4271.393036500644
6088,3029.01369348629
50829,1372.6374816732323
49475,1083.5927934344136
47277,4865.481891832287
30514,16291.09477058228
84633,3156.145528602733
16536,1286.7251805560372
66567,1615.8207069974894
8092,5186.057656967197
40279,2464.709298562226
99465,364.5366285507847
24198,2218.129214029045
1129,1824.1022802214125
1038,3859.0390138279145
62358,2204.5042042207806
17534,2954.268313885905
1567,808.8589068391718
62129,2768.6206587122647
48175,506.6989320889815
53325,1935.6027114663852
28717,3253.4120301215407
56277,5558.137723341927
61557,3028.535668858868
59489,5456.435655203149
18768,2773.2972623026967
64580,2345.25982569778
50990,1197.175097725811
38806,1628.16681637323
10709,3203.688460044161
96385,5930.780028852642
47499,3559.5897836656595
36319,5518.783151937917
39006,5573.48628650385
87012,2185.208721537831
10622,2013.2356712409778
49012,2327.465112389405
3110,5241.735794241269
53959,1508.4319126989863
57208,1922.1659645806421
78499,2554.5028027320404
46264,2674.1504869691043
88816,1530.2370792663248
715,5237.375197995306
13554,1490.2668779820133
16207,4623.103271228706
96869,1615.8207069974894
87606,1519.2302248569304
71369,1516.8589263192703
83142,5926.751668358192
15836,3837.1104692683602
58662,577.2069171862794
22264,3076.4018364659937
21060,3611.2208677601
39341,2116.1717372403887
60535,4223.5268688935175
73530,1104.9321752501394
71179,2781.2972748425773
8156,2369.9620800823573
99855,899.4246301475746
52476,4727.354405274795
75117,1516.8589263192703
42256,1700.730553749373
35792,2700.621522490835
36021,2747.555730494134
92473,2953.629210455193
35253,6900.7435267872115
93008,1811.5340498453036
50455,3969.7009878332105
83452,3383.7028059872787
66068,1811.5340498453036
47571,2677.5062798425092
36763,1591.3687476691844
59578,1628.16681637323
78068,2103.188384730955
37862,826.3318053385599
46106,7472.770479856877
48544,738.6045225621315
36470,1364.6401006923227
50175,3897.4454637879653
43633,1929.1819582451126
59823,2137.429542529816
90693,1947.2329603477788
89140,8023.467510930586
92218,6171.380763474787
58573,1192.5515190049034
36350,6223.821811263963
78467,4148.840295158365
83720,1426.6800673328219
35377,884.4286367304852
86965,2175.3450994236227
71703,1746.3414956508768
1425,343.1452405813803
81727,1437.6180920324502
14060,988.8301400224956
37753,1330.3208291771912
20060,3171.917030422647
66260,879.4572507591653
86355,487.111014756489
94727,5050.694336803167
88921,724.2645354971364
72793,5823.496896612424
87477,1638.4437114516088
90187,1480.9909094889972
55334,3695.989106504624
47946,884.4286367304852
42370,403.23162067118375
98745,1508.4319126989863
92616,2987.870368254054
72279,1871.8701854999417
59054,879.4572507591653
35098,1517.4076022062814
58632,3033.946204671982
96691,906.1899595036658
90134,724.2645354971364
49843,996.8913820611867
87525,2507.7640244703302
44296,2343.755525748331
74647,2193.1120479556025
61503,2091.6858657442285
1247,1970.3758325263577
64339,890.275225283015
20155,1935.6027114663852
25575,2013.2356712409778
65521,1137.6667783927624
29323,3504.6644272796325
50476,1519.2302248569304
17647,5511.068587029346
2147,893.0822605674301
94121,1718.1195298632076
41077,1516.8589263192703
88165,3836.9274845429386
44911,4807.098097411537
86179,5511.068587029346
28013,1423.9930822241854
21696,945.8756423302768
92501,4727.354405274795
81789,3830.7860695398604
64969,6974.62021624324
45045,1413.055057524557
36617,4206.136942597937
5903,1759.9665054591417
3731,957.7405926290828
10340,847.9632377536761
14093,2302.567888580011
70035,4727.354405274795
67343,2704.605600745234
9360,2228.196812666573
19613,1689.5794162250465
54687,1096.8394225497161
92271,7734.059582745531
88399,6731.336345459226
46333,1318.639274143869
5250,808.8589068391718
25287,748.690649635256
46169,1197.175097725811
21316,1216.4169148095496
10143,523.2666379344855
48659,1316.6958193689263
97118,1947.1355077694388
28833,4213.297227224844
5167,1646.4687177179205
70665,2375.3312799965306
31188,1375.4335927383083
20236,2597.76258770577
1594,962.1343900729341
90251,4924.62614319003
64671,436.60819805529735
87051,2507.7640244703302
43038,1845.2820960809483
1554,2034.6632738781652
24946,601.0688747815125
78729,9460.673417327453
20644,5580.004038960098
43465,831.3895202089034
83717,1121.217014902229
17570,6989.971594678072
66391,161.8672992131543
64571,900.214625936312
98754,2940.0042006469284
31261,876.4947044410683
92804,671.1979498340032
45195,4109.387304123502
32170,254.6608638159312
54193,3080.684982933692
95579,6287.830460853482
81609,16675.81995329582
99093,386.74049354629454
72219,2407.2088045261444
93480,3375.2825300131385
41310,187.889649752289
37198,3656.4355713403447
97628,2746.031841091924
46582,1603.419870050225
89155,7457.660508842308
83236,2240.978215562728
53636,506.6989320889815
97326,4970.9506446664245
52197,7435.79936199042
77695,1516.8589263192703
27452,954.991966779276
62657,2276.2901584022634
86816,658.7671152192245
96903,1490.2668779820133
82208,1297.5072919638822
56214,4126.393250461195
26981,2204.5042042207806
9541,3803.5412529312625
30362,4292.084950515097
54425,1201.2051428418483
62484,658.0177937234838
62751,4851.288235180458
90581,1675.9544064167817
63194,1045.197996270626
4259,1889.037827637946
24267,3798.447401607022
22522,1595.2506934902062
37911,11915.966607373537
95757,4464.928283524182
32090,879.4572507591653
42244,13785.303484205522
58338,2175.3450994236227
60201,2396.3327653965803
58574,1917.999117699281
71437,6096.33706315826
84326,914.130058374255
71801,2203.3210693088404
65188,4793.473087603272
8198,5489.465143552959
62998,4334.1388461670795
93263,2863.1615397729993
12596,3201.053743540375
24708,18960.151770776516
87650,1570.9436229789749
79498,4309.02461579134
68836,2000.840202287195
96776,5766.158139536582
3976,980.5150073019073
48559,8933.397883652982
54735,11164.358022160473
8874,3001.4953780623187
92276,1613.3870984823775
83652,20326.70745318186
66640,914.130058374255
89117,414.0775846855659
74191,568.8144017292468
73462,1746.3414956508768
54036,2836.6318077977667
80605,7190.883531978449
37847,782.976416429798
33427,1811.5340498453036
13770,2518.0434879919035
47058,8239.990373019671
43806,1168.5189858993308
58608,2588.7439605309014
59987,8393.181238070012
86318,2269.439751637315
869,693.0237029398203
68238,2089.5633749226904
35077,1372.6374816732323
6746,980.5150073019073
49299,1652.0687212598737
85423,654.3367887089863
21347,953.485044086908
62729,2821.1634299098223
68218,2224.557514742048
59538,1718.1195298632076
11910,1810.8845597425825
49842,1843.408649425355
3057,12400.908389460212
31450,785.8441130112813
71847,1652.0687212598737
11560,962.1343900729341
36499,14800.861940585042
12613,6610.7344639212315
16100,1045.197996270626
89666,769.3514066215331
44011,23316.26212555273
75226,2176.0426681461936
3307,2275.3625692778674
13223,2768.6206587122647
55549,585.8213621751585
78238,2773.2972623026967
33159,1599.8556914423846
70086,2089.5633749226904
92453,2128.176500539068
90533,2445.163113612604
62005,328.2770271891221
76492,1570.9436229789749
87117,1426.6800673328219
91458,2762.363792962019
69516,273.89091923509926
85693,930.8028569967994
70413,5241.3371449093775
47735,4888.991877628274
35071,1570.978344105541
99830,4096.603511831435
54525,1704.4945200549428
26908,2316.192898388276
49862,3871.192895029758
41165,5964.774042772121
76386,2527.668110959303
2799,1579.9295220881775
99403,1709.1614509233227
461,962.1343900729341
15914,1797.9090400370387
34106,939.8600342786432
80545,1812.845509895277
52379,6498.636910021219
75174,3108.2793609956075
96104,599.7195964202706
92053,1405.8112027895706
82177,899.4246301475746
68160,2416.8431309551006
65666,5314.228838354211
8801,2846.4028423797818
81201,7331.567426055162
55257,1675.9544064167817
83490,1168.5189858993308
92945,649.6177103546648
68599,414.0775846855659
44306,6060.761239961285
54655,1113.0496656152966
14009,3291.666330790537
52262,3803.5412529312625
97012,7322.835007545931
38317,4516.800363290165
66,3596.1972348507275
41681,277.971704337588
30273,630.908233299555
66028,4631.812850353236
8755,780.4959350894724
82176,1593.5545318964423
34366,879.6755052532611
10765,1922.1659645806421
80156,828.9846225843197
87872,930.8028569967994
97815,654.3367887089863
57447,8904.419839175462
12493,3456.798259672507
74627,1426.9062128292926
35189,2496.5402481350156
32002,1922.1659645806421
36065,1116.8460822049617
89602,5592.976987127871
63600,435.5702823561587
6716,7324.885657751839
55990,1322.3037521668039
40919,8270.559863688006
10320,2494.1390146620656
66762,993.3701649312036
73117,2343.755525748331
67545,8825.483956509857
45203,14084.11684922624
35043,1516.8589263192703
95730,2407.2088045261444
6680,1432.4952346389964
27683,3254.294063424043
94441,1608.875703298471
68316,1287.1278112157886
36284,4516.800363290165
5614,780.4959350894724
73517,5210.40209998637
13604,2605.4288955298384
15627,545.5891597284981
18085,1405.340685517096
31350,862.8696946328034
69399,3996.095130194428
33830,1704.4945200549428
17903,1194.1425590152585
46645,919.8149693119307
12005,500.7360245647538
35480,1514.2168501509598
89304,1295.9016608690629
13266,490.6725914414243
65541,2986.0800370648562
8814,4143.6284619223625
55917,5281.565335764227
78708,2958.44299825196
99280,1332.2642839521338
67831,5253.834439726582
69309,2269.439751637315
11923,1240.3681156872135
54275,185.17813973481103
34159,1036.777720296486
66792,2813.6744128226087
45282,4467.3724694271605
2845,4309.514130431569
78011,1562.3259283210732
52707,458.7480430067895
72365,3156.145528602733
21292,403.23162067118375
26504,1875.4128178296812
36459,993.1824673315713
81830,1216.4169148095496
49241,2388.793817239712
98876,2245.8875058545045
36524,2523.8893865077957
95557,6982.025144859244
87828,1061.0287416119802
18573,1851.3445253092505
38808,2555.630192077456
9740,1282.276651060798
13379,2081.9305794415277
64531,2542.005182269191
62784,5478.0545978724895
64299,1378.9626251707036
12350,5717.317156819962
76363,7958.6582676314665
4635,3546.751939287916
69581,4038.788364254247
56563,13338.80202827302
61004,870.8036269222204
9118,2693.5535701659574
28008,1632.9691331806537
31399,10492.179681459787
72305,4601.767960925334
14699,1522.056922507251
7082,2175.3450994236227
40890,1019.1412880282593
77792,428.0389130394641
66050,7740.6271658559945
48483,743.6931646305768
1204,822.4839166474367
1512,1857.2855959161213
41342,3546.751939287916
42945,2490.4880662317482
51207,2276.2901584022634
78844,1425.8157048748344
58668,2404.7530413707204
85186,906.1899595036658
85001,1156.3278918380117
27764,3753.2454524974537
144,658.0177937234838
56663,161.8672992131543
32718,2543.9408031856306
86708,2575.5342785664284
83888,889.8401707192218
59004,1970.3758325263577
43480,2947.8554723453044
12395,794.4759232405075
41504,779.0780852362445
21297,1990.7609364572068
72327,2236.4492062515365
72935,769.3514066215331
11883,1899.366792740653
97644,9413.397394218831
60364,1257.172971858425
51675,2987.870368254054
57246,3598.0896120320585
38933,3094.654351187343
36229,2802.8618165111257
40429,2540.877792923776
71321,6543.408258961271
55996,8907.139037981542
8123,1345.5896901784893
91874,1275.232936169591
20807,1069.6421375126702
64128,5004.479238726606
97426,3051.521940513814
92557,1010.5163918694516
44732,1590.4091678936288
4083,4605.749042129083
52888,1092.191282217618
2369,876.4947044410683
70874,803.1295470774525
20585,1857.2855959161213
67937,1593.5545318964423
52167,1704.4945200549428
95458,5586.854534417096
29788,3612.1029010626025
71589,364.5366285507847
63165,884.4286367304852
29357,8600.666156013476
13518,782.976416429798
87278,5185.592995041858
73838,1922.1659645806421
34111,3254.294063424043
48665,3655.345958024888
21563,384.08166741344934
57987,1845.2820960809483
35596,576.4087558986139
68165,2311.8159909239102
93091,843.6226515692617
90964,144.8377641160197
92667,1104.9321752501394
74377,3857.5678852214933
35940,10866.414794589406
33229,15706.186935301323
17516,1437.6180920324502
76876,645.1421054109596
70887,1168.5189858993308
44650,3722.9747253466467
56301,2756.7433695767127
46447,948.899601160412
18137,2029.5434494543085
87136,828.9846225843197
68976,1591.3687476691844
96850,3720.477249442465
89357,4659.633693033203
92020,2688.8769665755253
72086,927.7550681825198
93812,3194.5939578728303
58203,2316.192898388276
83252,1695.5364411150579
2558,1638.4437114516088
66069,1525.183715332589
37320,1412.2564656567815
3698,7608.9093125859035
41813,5210.40209998637
2877,1780.9578922344085
3059,1748.8879812774483
25883,693.0237029398203
77118,1531.0326120145462
75475,1503.2339165110054
34607,971.3656024373477
72496,1019.1412880282593
47165,630.2861496505848
8650,1516.8589263192703
26394,576.4087558986139
98716,1675.9544064167817
95648,1956.455844247539
11250,509.64162812622067
90608,3775.8003156527343
97053,1721.581336355326
39533,3108.2793609956075
45913,1200.3090304245686
16425,767.2184264736255
20110,1091.3071654418745
99956,1092.191282217618
56582,6900.7435267872115
43592,4192.511932789672
74159,1283.8822821556173
7549,9379.307458917006
39406,1247.5437452278227
8191,541.1218025501206
28948,363.075067559585
26996,1871.8701854999417
79360,277.971704337588
72547,779.0780852362445
10238,2089.5633749226904
18625,2596.2990897667955
56580,487.111014756489
31663,3600.7556968014096
64642,2773.2972623026967
69327,658.0177937234838
59438,9183.440546805978
69707,344.1854167073581
86298,435.5702823561587
85263,9423.878197546852
72488,630.2861496505848
76203,7196.172611536814
63686,1332.2642839521338
29727,6492.322790256214
16498,1301.68625654033
47283,4315.583174269565
31908,1811.5340498453036
56072,2711.74743764137
59297,898.9548092689622
52105,862.8696946328034
58945,1322.3037521668039
20037,1386.1381697701727
29972,4394.962659392663
52866,19479.376942362735
3745,1297.5072919638822
10228,782.976416429798
34263,2718.2306105534985
14618,4595.665473176953
85041,693.0237029398203
66400,6788.729707475562
55120,1275.232936169591
86621,1718.1195298632076
49972,2983.8931731920557
29133,395.1607695204347
80027,6267.236953983467
96608,3323.179984948126
61613,1426.9062128292926
53726,403.23162067118375
79152,893.0822605674301
15954,1372.6374816732323
49503,1007.28933971949
32928,2719.806097427187
99703,1182.1439957075956
84020,1113.0496656152966
43084,7147.072697748308
44938,3286.454548627776
7711,1697.8404648358671
17525,344.1854167073581
67795,221.8584527780806
34951,7331.966075387054
18715,416.85663047944854
64185,1107.5920050939642
82431,1732.6669439275583
95283,16008.59932294857
85664,1606.5647829480376
94828,4076.920838326032
6144,939.8600342786432
16066,1206.1765288131683
29518,5527.568396499414
95,2094.2547222692906
26517,2990.030763098424
24806,219.94293645226182
29881,3931.920746159605
26355,1194.1425590152585
69524,1857.2855959161213
85321,1296.4451639305632
87015,1709.1614509233227
11451,802.2938765018146
23579,3786.59593177094
29054,3313.104452312613
67956,5518.783151937917
21629,1169.9529016462766
33077,2269.439751637315
11160,3108.2793609956075
36745,2507.7640244703302
58327,1171.3514274851536
94253,2950.7252751038213
79369,1508.4319126989863
29155,1530.2370792663248
20617,2496.5402481350156
9635,993.6400799444363
383,996.8913820611867
93850,1273.5028014075237
96921,237.76684229631664
91443,1056.5764012384298
10931,1278.6397979906017
55143,1508.4319126989863
54971,1652.0687212598737
27319,908.005205436195
1364,1286.7251805560372
46565,6478.697780447948
17342,6303.565503400706
12078,3142.5205187944684
2757,898.9548092689622
3130,1168.5189858993308
53686,5336.268470330162
78453,885.8066863912213
9728,2884.913914836918
66105,3193.1042857980688
901,5237.375197995306
82664,2094.2547222692906
75388,12834.201023713389
59901,714.7395722284641
27649,3304.658099095693
85108,2072.4413476165087
53316,12909.765777474222
17389,2000.840202287195
10356,8764.834978894147
81687,644.5332431078199
54391,616.6611398423199
66641,4209.901859085252
55177,1638.4437114516088
45085,273.89091923509926
79704,1283.8822821556173
81251,6551.511891301871
15034,1956.455844247539
3270,4319.833356303733
20762,407.9424599619771
4010,2048.7063698943207
69512,2357.3805355565955
63515,2976.689858679152
9548,4481.925670144321
42838,1137.107504858738
2907,1627.7956896953033
21977,1007.28933971949
23808,3375.2825300131385
99230,1647.0612510592168
50259,349.45005775132023
86906,13356.402285738166
73473,1858.9071058892132
41097,1669.4259132478444
30803,3736.5997351549113
70855,2524.729224030609
41443,599.7195964202706
44529,4124.06696306269
30902,898.9548092689622
64998,870.8036269222204
40817,2518.0434879919035
55885,1939.5907359643309
44500,3343.9768760778093
54191,2556.683779691393
20280,8156.121321764202
46803,1704.4945200549428
1465,1754.3046452267245
2582,4087.1463804824516
42570,1984.0008423346226
64934,2930.6140222612244
61592,8646.086749125148
49421,5370.036242402939
63503,3770.341967442736
64184,9427.022404027097
46504,8289.585275311021
97217,1517.4076022062814
27908,957.7405926290828
86266,2420.3149098807326
95527,294.91324775963716
31211,1233.9187354195578
60442,4793.473087603272
34617,273.89091923509926
70766,2970.268163383791
10237,2457.2638566845417
4648,1405.8112027895706
5273,1382.7766336946627
83189,4201.198581739532
1262,1684.8007763204325
60510,1376.677894046015
76155,5463.4789953009695
26032,3862.7552585646845
69093,2971.7782483770748
77921,2837.0477472297925
17541,3267.0370399298054
17413,2922.4019957766654
94848,13077.92362489417
80766,1638.4437114516088
80396,12025.453354667807
31445,4924.91955454033
31301,2326.9156084348597
2438,1301.68625654033
44258,6001.661384653739
58824,487.111014756489
92183,2656.7394331381083
16269,2090.803832441726
56677,2858.364591163024
90627,2345.761631407156
11865,7519.929390362412
62851,737.8895453054013
47497,3720.477249442465
85748,20077.909787451965
98091,4334.1388461670795
45337,2428.020332333591
69700,2693.5535701659574
38323,457.3301931535615
44118,624.127750247594
49898,8940.649605681932
21919,2543.9408031856306
95061,3622.1944135414838
44029,2490.4880662317482
31892,1019.1412880282593
3730,3524.8768320154427
38441,1126.6746754235614
16606,12114.682308923417
77651,2252.370371827906
32798,21113.703808606868
20005,4334.1388461670795
38675,2750.3480490731117
82790,2821.1634299098223
71427,1119.0307218153732
8345,4015.0541177538576
91389,4643.911495838549
46350,21675.164997171327
19488,1171.3514274851536
19595,610.5027404393292
4640,1425.8157048748344
44735,2213.8717443718006
36251,2754.995648904
37688,2116.138324135645
41604,2208.5976129276314
74596,1809.538017723434
3485,1182.1439957075956
55731,1398.6314558485167
61032,8052.032121128041
52806,3537.1578744475983
1152,4807.098097411537
4251,2556.683779691393
70484,457.3301931535615
59753,598.8927745628205
37344,2398.119917988322
29958,2244.5852774169134
29196,4665.797789322703
26684,779.0780852362445
21223,3941.549945160262
14521,1810.8845597425825
37982,3830.7860695398604
91230,3198.9767839113824
29927,6365.335948070518
95013,1332.2642839521338
13034,3260.4679613267726
32831,716.9040966433906
1584,6070.861785903996
30208,3405.4680534931995
37463,1003.5978358806897
51087,1845.2820960809483
98304,3206.399686167338
60033,1005.5162782199944
4538,2218.129214029045
22589,930.8028569967994
34444,1516.8589263192703
66802,1709.1614509233227
30938,534.1750367576163
45479,980.8870294063086
52072,2494.1390146620656
30767,10604.830676185538
47870,5037.0693269949015
95437,1503.2339165110054
92940,2957.5609649494577
54515,2161.720089615358
9523,2068.305569633263
41515,2415.6297612266835
6739,9754.006304949362
53351,4501.613627226021
98002,5880.218159054564
59627,2175.3450994236227
78061,3655.345958024888
65319,2198.8337313460956
13314,6671.365149197254
64550,4407.061304877976
25042,7512.718179627507
87646,6012.879203462197
7465,6820.999834650469
34326,4231.606332668739
63985,414.0775846855659
10158,1322.3037521668039
20623,1764.5694274840682
95559,1595.2506934902062
79277,2316.192898388276
33968,3796.9210372840703
94657,4002.56797738792
66402,5020.065397898509
34848,1718.1195298632076
78828,3168.2259715588034
62158,2218.129214029045
43713,2116.1717372403887
58508,1437.6180920324502
75844,1251.1739067978012
46513,1956.455844247539
25484,957.7405926290828
57925,3668.8302274320467
15853,957.7405926290828
43279,6624.440098272831
86756,3200.3356663716536
21095,414.0775846855659
64704,2540.877792923776
70214,1372.6374816732323
42777,7429.814299848702
79142,3722.7148783361645
44088,515.0596430378243
8385,2357.3805355565955
46893,5566.2307176163995
31774,8895.253175554775
70143,1576.784158085364
4052,5281.565335764227
55912,2188.234597065635
20396,1718.0702908449216
70355,3798.447401607022
28225,2858.364591163024
14873,1046.0124275798196
41898,3535.2295552402884
50138,1206.1765288131683
2779,3145.54904410862
3560,365.9544784040127
59361,2224.557514742048
8221,1156.3278918380117
95878,3156.145528602733
32054,1590.119262749123
40679,410.183748423829
93716,870.8036269222204
66684,2224.557514742048
75456,671.1979498340032
88484,1323.6496949096402
59794,29453.207757430126
50240,2677.5062798425092
95414,3597.4721383641627
79818,3596.1972348507275
16361,1301.68625654033
71141,568.8144017292468
57478,2648.26323590967
46726,2076.4697814639817
72500,1525.183715332589
89187,1508.4319126989863
43574,899.4246301475746
84182,1638.4437114516088
27667,683.7683861373117
96389,3845.3477605170788
42380,962.1343900729341
17339,14180.893815100859
84299,2146.242977050042
54591,3983.325997641475
71926,2765.92876745308
60016,649.6177103546648
3514,1286.2476629470314
94759,980.5150073019073
68446,1492.6737809798703
52279,314.65201738085733
69933,4719.835174740938
10451,2813.6744128226087
67814,4667.136022098203
64017,585.8213621751585
32341,3553.03406137481
68754,2882.747854654099
28156,2404.7530413707204
48681,4397.002486537718
23801,1759.9665054591417
4367,20714.498320740604
16858,1104.724308512481
17310,460.006139244277
11193,11294.432953405409
80364,1811.5340498453036
64360,3105.933734033217
74817,2292.6262841162147
96719,3392.2412053219714
11576,1608.0978269473603
39854,683.7683861373117
69937,1480.9909094889972
30387,1376.677894046015
9463,2922.4019957766654
51708,1970.080854055804
76184,114.62961961671287
46711,2403.218121146836
30095,254.6608638159312
23415,2077.409617061433
59452,328.2770271891221
90360,1019.1412880282593
82760,13135.165472462233
73320,3438.024356333859
94342,930.8028569967994
98580,2813.6744128226087
54739,4578.913133459785
31111,2269.439751637315
67965,730.4593723768099
72675,441.6639228477289
17522,2871.989600971289
57173,6573.482806851665
75424,1606.5647829480376
56589,3485.890523940984
70810,1570.9436229789749
3556,567.0751719768788
82511,2478.2877334136665
41459,2350.434056187137
93389,6589.057692694124
59278,2559.2869112939966
22304,1398.6314558485167
97952,2877.8458284026874
46886,2252.370371827906
40769,5343.57776919844
25026,2102.51331432738
89344,2630.7041085514347
98917,914.130058374255
94099,1613.3870984823775
53722,460.006139244277
88189,4185.807993729632
3175,1413.055057524557
16504,2161.720089615358
46348,2357.3805355565955
68223,2228.196812666573
89150,1287.1278112157886
77659,6805.7807006589
17398,616.6611398423199
88014,4464.928283524182
54946,1857.2855959161213
70552,3424.3993465255944
15147,8415.794080427213
59447,744.687813103894
6354,2609.92409957506
80400,5518.3142389683435
8037,1984.0008423346226
60732,2704.605600745234
39316,2316.192898388276
57234,2976.689858679152
46275,2353.68010167192
58693,1718.1195298632076
86705,7287.398631060096
261,4459.997125584765
57429,4399.679927561983
82495,962.1343900729341
96200,1273.5028014075237
44979,2407.2088045261444
75777,2768.6206587122647
19758,3108.2793609956075
17567,5356.200339832729
54547,1970.3758325263577
8014,2345.25982569778
99308,1984.0008423346226
59211,577.2069171862794
17699,1956.455844247539
5476,2815.2953721658737
84126,1461.047940570318
43063,403.23162067118375
9191,966.8899974936425
17911,1676.0329839803558
8881,780.4959350894724
32445,11858.661895241656
11380,2013.2356712409778
80643,1119.0307218153732
4520,1182.1439957075956
68484,2177.119910070846
25640,1882.6806391712355
66863,385.71461293586634
92266,3343.9768760778093
44827,4213.297227224844
45653,2247.803111308143
83870,3489.3353820450684
51110,4743.7411169291445
12802,3533.126929479651
68326,2677.5062798425092
97607,10733.120951759713
27,1875.4128178296812
96542,2283.0647614455797
82932,1842.9242493351105
11033,1620.1897927563025
15567,2090.803832441726
69433,3533.2217973516326
15257,1186.6840206163038
60237,604.761552579469
44994,1956.455844247539
13113,15664.851545960471
25967,4096.603511831435
46461,1816.110054092123
8465,1216.4169148095496
66350,3003.6557729066885
63879,1240.3681156872135
58642,1398.6314558485167
20240,2452.060191602474
19982,3800.2209415792045
14322,743.6931646305768
62137,272.8707553134727
4292,384.08166741344934
76467,630.2861496505848
43543,946.5716908051357
13755,1628.16681637323
56294,558.6548960027385
73217,2428.020332333591
13280,2686.677960484491
84404,1010.5163918694516
75629,966.8899974936425
53833,2317.3059192444407
21729,813.2062457654242
47320,2402.4188270479767
75046,292.6095249346929
86490,12897.699638905457
56384,1283.8822821556173
57493,3543.49935080858
2338,1586.6715584838296
37992,4578.913133459785
57789,3844.411079348125
51954,2748.7387831537544
27970,5130.658407849627
46949,20311.162372466686
56327,2029.5434494543085
24461,13737.995323581905
64187,2779.791401236963
3949,5727.288794750826
67651,2944.8179884436954
10652,1628.16681637323
14733,1683.7741877164726
46505,912.6378222798264
62051,679.9450908405757
21270,2504.418478183639
87900,3907.308787361401
87197,3094.3099927419566
5895,3343.9768760778093
17520,831.3895202089034
58473,3722.7148783361645
92400,1297.5072919638822
9879,2081.9305794415277
66199,1845.2820960809483
65505,1201.2051428418483
44554,4382.0050137742055
13237,5188.506104572955
53322,4579.454563772069
1487,645.1421054109596
13806,2103.188384730955
41144,6012.879203462197
90904,4990.477003529026
18668,5517.915589636452
73922,4191.649344363901
75903,1908.5409547723773
12476,7372.39224631572
13128,10430.175160419105
85698,4323.139140239835
74734,1516.8589263192703
38605,1386.1381697701727
4239,3313.104452312613
84834,1169.9529016462766
31816,337.2857042919495
54727,946.5716908051357
75591,699.1650172401212
6774,2223.2112670307483
206,3720.477249442465
27696,1956.455844247539
9195,15885.61542858573
4605,1318.639274143869
64772,6228.473745687546
37599,2236.4492062515365
74864,1273.5028014075237
36299,3190.4784207499533
30537,3809.701717614368
91037,1922.1659645806421
28793,862.8696946328034
83231,863.5323305969304
39077,1589.594963332753
61101,3710.699052565806
12499,927.7550681825198
45837,2527.668110959303
77083,7197.17830416862
2863,2726.989508804862
16777,4659.633693033203
9427,761.4437001733836
55466,906.1899595036658
46917,635.9927005464
55116,464.12402767562287
60678,1295.9016608690629
45663,1075.4354688504593
18125,693.0237029398203
35810,7067.329005611566
65397,1811.5340498453036
23209,3800.2209415792045
44037,500.7360245647538
30626,4352.178473974104
67511,6161.272454584074
81905,7953.159298687333
1806,822.4839166474367
46430,683.7683861373117
1854,1091.3071654418745
88284,9015.321955197558
30520,534.1750367576163
50503,2999.705046873121
60521,545.5891597284981
83064,3180.7242691900333
18936,9064.468976991551
9708,1719.9207722246417
21357,554.7468123583855
13077,5922.3901689472805
36987,3194.356928904393
16366,2357.3805355565955
87409,2464.709298562226
12883,4453.747459618895
17433,3037.8969307055495
45893,4444.3572812331895
68476,3982.470120386163
43362,2976.689858679152
92780,9961.490470111064
80630,884.4286367304852
46472,785.8441130112813
68731,737.8096081277426
53072,3957.6023423478987
91177,744.687813103894
45018,468.0883724791975
41243,5256.201329705483
25298,6831.00927896623
29623,2609.042066272558
40684,3721.832845033662
62534,2476.8630564234836
24717,3025.0812180071903
80908,654.3367887089863
7561,1286.7251805560372
52334,2524.3385183755063
37454,325.7798316312261
38396,927.7550681825198
40192,7800.890484685692
94977,826.3318053385599
66991,1970.080854055804
91686,2401.5367937454744
90150,1628.16681637323
87328,1620.1897927563025
96273,2510.1652579432803
85586,15703.202265422713
34950,1107.5920050939642
15686,1121.217014902229
22741,2193.1120479556025
59830,988.8301400224956
5678,2345.761631407156
66158,2759.6568509001886
40541,1003.5978358806897
30403,890.275225283015
49538,1704.4945200549428
661,2103.188384730955
84385,4793.473087603272
82541,1182.1439957075956
25861,8758.581147627407
26446,1591.3687476691844
903,1426.9062128292926
47581,6974.950777770522
86840,616.6611398423199
90118,5037.0693269949015
44740,948.899601160412
96125,4867.6632085474985
59267,1765.9856974703334
38348,1811.5340498453036
31517,1104.9321752501394
80161,2554.5028027320404
28727,3128.6106614834007
60056,1405.340685517096
48296,414.0775846855659
24106,6900.7435267872115
86704,1440.9665453529185
86548,1423.9930822241854
21610,3300.5597644877125
38520,545.5891597284981
39453,4396.491113626063
70466,1628.16681637323
36005,3391.843043684935
46892,5007.966752413196
45752,4067.4124043350225
49476,1318.639274143869
18667,254.6608638159312
10249,884.8505776879402
46590,744.687813103894
55964,1508.4319126989863
93868,1186.6840206163038
53826,616.6611398423199
40056,11378.613386285904
40581,6900.7435267872115
77918,2114.904979537772
32884,4595.200811251614
35261,2050.1550277462147
39723,1938.7152317952985
68864,1332.2642839521338
39548,3405.866215130236
63272,1273.5028014075237
3973,753.0234241992433
221,2209.5862572224837
21636,1620.0577900955057
75373,1145.1839551987061
75403,1608.875703298471
48143,2986.0800370648562
53556,161.8672992131543
7369,554.7468123583855
31541,9004.27923945408
41013,1797.9090400370387
3065,599.7195964202706
23797,2754.995648904
30669,769.3514066215331
12104,828.9846225843197
45792,3996.565920528805
59590,1046.0124275798196
72376,3957.6023423478987
72251,994.8239862274153
36050,2959.2667757750296
18021,1206.1765288131683
62536,884.4286367304852
45831,2302.567888580011
28700,3954.841335609672
11753,971.3656024373477
15262,1426.6800673328219
92505,2836.6318077977667
41933,2401.5367937454744
56928,4002.56797738792
13142,6368.8074532075325
82692,1777.8167287348806
82320,1405.8112027895706
32923,8961.924950136372
38925,3611.2208677601
85766,1113.0496656152966
41999,1757.3082572515887
44943,1382.7766336946627
67855,1192.5515190049034
34998,1257.172971858425
72645,3553.03406137481
7804,8921.397947267036
71572,724.9795127538666
46398,828.9846225843197
85980,1275.232936169591
24176,2391.621693355456
84206,1091.3071654418745
54872,1091.3071654418745
29246,2510.1652579432803
92682,1059.6374373880844
68878,2258.1107340330996
14664,2260.546087813905
16463,6900.7435267872115
42135,5168.100476432303
29025,1297.5072919638822
99792,1875.4128178296812
79876,2490.4880662317482
45191,768.7249166236063
70248,1795.542481818229
41581,1273.5028014075237
866,1698.4257861286974
96377,5196.777090178104
37502,586.5394403097514
60686,363.075067559585
46097,2283.0647614455797
83919,2518.0434879919035
84172,6498.99569405298
27422,2807.5384201015577
16231,1970.3758325263577
20985,4685.594016942077
47879,2307.0360346078596
14130,2506.744140096439
30495,1503.8918877902781
79746,2724.122259867264
13412,817.9115293644196
46365,14365.42111466271
24101,1090.8624169561906
57584,794.1209448977372
9468,11526.478476026858
73382,2836.6318077977667
18348,7499.949163717258
41435,1737.2396244659353
41830,1606.5647829480376
68985,2029.5434494543085
90012,610.5027404393292
82675,5185.099128467585
38612,1091.3071654418745
93791,1233.9187354195578
8736,4807.098097411537
27546,1905.3290001836224
73283,1061.0287416119802
29563,702.0573857288239
81540,884.8505776879402
95499,757.3181744388417
13690,1104.9321752501394
79116,17569.57792612981
85178,2269.439751637315
98198,870.8036269222204
43828,2373.2333036338223
36273,294.91324775963716
13338,3719.004294698593
59404,2373.2333036338223
60014,1698.4257861286974
20736,33717.90703492573
24321,1382.7766336946627
16850,6770.25842153211
65164,1273.5028014075237
50437,2407.2088045261444
37681,2749.176689837399
7871,1845.2820960809483
45179,2928.8236910720266
99387,5320.74445385289
71436,1099.2826929303305
84845,738.6045225621315
46424,1899.366792740653
65293,912.5798190772271
27003,3738.7297641638143
96188,12993.02699608902
33748,12600.059623080058
19175,325.7798316312261
35384,1677.7770290674307
4637,2018.2420001334835
76723,1579.9295220881775
47746,8696.051129221112
94249,3570.5441060592743
26732,5938.033306631751
15767,3142.5205187944684
40545,2970.268163383791
92879,504.17348711535635
91298,2434.3724188030556
54339,1970.080854055804
24408,2711.74743764137
53666,2476.8630564234836
44644,1885.4951953082066
89421,1275.232936169591
80116,3590.31688901187
61325,14914.201408722214
44576,523.2666379344855
61023,724.2645354971364
39819,504.17348711535635
77563,2151.167620511701
53204,3105.933734033217
51955,2990.030763098424
28288,966.8899974936425
57838,1797.9090400370387
41578,690.7447412659809
46555,1608.875703298471
89578,863.5323305969304
30956,1427.4491216773627
23266,2218.129214029045
77173,5823.496896612424
31264,1083.481657462159
46103,834.3382279454113
3271,4765.472596335699
14232,1606.5647829480376
19081,671.1979498340032
83012,2510.1652579432803
35463,1173.0317402923852
78338,3535.2295552402884
87108,3327.1399422350432
98955,2357.3805355565955
97381,2068.305569633263
52310,6896.766935867021
17544,1005.5162782199944
11769,5598.614812950913
30133,1530.2370792663248
28323,3357.601885886074
82110,4002.56797738792
24574,1359.0124718649674
46224,3456.798259672507
97459,724.2645354971364
25021,753.2107365385584
10884,1059.6374373880844
13238,2575.5342785664284
42036,3519.647829763134
4585,14956.445320398383
17635,3033.946204671982
56513,6706.788033864464
92710,1531.0326120145462
90903,1205.9489473790852
7907,3156.145528602733
34017,414.0775846855659
26587,1628.16681637323
82551,2827.6575688440885
80419,1621.7228367556252
15181,1508.4319126989863
27248,1858.9071058892132
64480,1695.5364411150579
79777,3142.5205187944684
36921,2518.072988545711
27731,794.1209448977372
50440,3428.607530915222
20131,1288.0034320792624
85678,1880.1281405658262
12167,862.8696946328034
68421,2507.7640244703302
53751,2688.7754950990943
98263,1516.8589263192703
34924,4916.62982728615
19623,1056.5764012384298
94062,828.9846225843197
59402,1036.777720296486
86897,1721.581336355326
17498,592.3821662915722
34062,4226.92223703311
84743,1283.8822821556173
50600,3242.2230965115186
77313,1606.5647829480376
13432,3260.4679613267726
88585,2185.208721537831
80464,856.6193729713979
58329,3624.2015465479153
91644,1047.4037318037153
49190,1754.3046452267245
96530,2316.192898388276
65699,2064.040725776797
67224,1880.1281405658262
21251,1256.1263710175501
77359,716.9040966433906
27460,1557.31861317071
22183,3194.5939578728303
41388,2116.138324135645
66258,851.2068071158584
24112,988.8301400224956
77267,4301.958164461299
48400,1718.1195298632076
51549,4412.570141734861
95002,2656.7394331381083
72306,5133.044639704595
27540,1449.078528014956
2206,3392.2412053219714
83390,1376.677894046015
15424,1748.8879812774483
16310,7144.211640866997
11057,3800.2209415792045
38776,1889.037827637946
28751,3171.917030422647
75368,1921.9777016581204
82069,3738.7297641638143
48300,1508.4319126989863
1186,2015.9184396460437
3227,1113.0496656152966
32204,1797.9090400370387
48882,1531.0326120145462
87281,2457.2638566845417
64928,1854.5123343120526
67899,683.4555748928256
21219,1093.7605839036075
168,794.1209448977372
45025,1825.6828963420064
66013,361.8649462673849
42796,1301.68625654033
50101,3656.4355713403447
12096,2793.8980086990496
37766,5094.884474572088
9888,724.2645354971364
15829,2316.192898388276
68391,2747.555730494134
32127,1159.4067304841203
7776,3146.432114051331
60790,10304.8720363475
29596,663.8507031798365
38246,2508.068911220361
94864,9004.607498768206
89232,3553.03406137481
30188,2318.4953324607195
10101,254.6608638159312
3437,5421.515768002851
70438,15751.487122418905
84754,24842.419827036607
72638,2275.3625692778674
27027,2274.17109762217
93343,1010.5163918694516
44676,1675.9544064167817
89349,1812.845509895277
3718,6168.97518386797
35295,4645.437860161502
32345,1286.7251805560372
6268,4770.902574654607
91936,2276.2901584022634
93181,1286.7251805560372
12760,254.6608638159312
69515,4368.38000396594
20828,12471.16858052378
71475,2117.7433541917635
97774,779.0780852362445
87382,777.3068801628684
83052,757.3181744388417
81087,3108.2793609956075
31119,504.17348711535635
37473,2094.2547222692906
31139,14655.242330487414
49787,7583.157776377806
44361,509.64162812622067
30026,1589.594963332753
4416,1059.6374373880844
64533,8514.904823878436
53143,8175.762251198685
91796,2490.4880662317482
3543,4038.788364254247
3852,2749.176689837399
94533,3180.9689480645657
78573,12264.846825671375
77390,1508.4319126989863
49361,2405.2467031637207
73038,4308.0636840791685
24737,1256.1263710175501
26728,1501.0940569540103
22013,576.4087558986139
32821,630.908233299555
41622,2813.6744128226087
63617,15667.877871795627
12657,9047.97640635681
72088,978.5470602337518
29408,663.8507031798365
14190,1811.5340498453036
54048,2953.629210455193
26490,2540.877792923776
44468,2204.5042042207806
11586,1595.2506934902062
31041,3780.6897420790315
96182,702.0573857288239
80090,1201.2051428418483
29228,1046.0124275798196
77100,3823.3267274226328
31404,1061.0287416119802
8852,3656.4355713403447
87511,930.8028569967994
75722,6697.349532983768
88907,1503.2339165110054
75952,3341.8962984014624
26393,697.3933959455766
42248,2089.770337821618
38008,3614.3807066096742
89198,2302.567888580011
55582,4938.5445643485955
76933,13842.545331773585
94303,7572.365798098331
43560,828.9846225843197
12411,9933.194698852123
37696,767.2184264736255
61678,1083.481657462159
53138,912.6378222798264
61989,441.6639228477289
59176,645.1421054109596
86876,8960.183429134859
38506,4431.159194517094
49762,847.9632377536761
10017,1137.6667783927624
60353,8211.8301106275
34429,2452.060191602474
26027,576.4087558986139
81805,1615.8207069974894
18482,4711.112825649509
27749,4214.823591547797
52233,1922.1659645806421
99518,6139.6568012504595
49057,2236.4492062515365
13669,2478.2877334136665
66725,5168.100476432303
48584,6957.987822889202
48798,2496.5402481350156
66320,4671.969007133812
23261,3265.2382847054873
12585,2241.8218224748375
92736,834.3382279454113
75727,3720.477249442465
13854,2213.8717443718006
61783,4235.161269493457
66058,3722.9747253466467
92800,1069.8566476538942
34908,1405.340685517096
68658,4714.584330786524
20323,4636.728281036972
28581,737.8895453054013
15377,1010.5163918694516
69508,1721.581336355326
5001,435.5702823561587
68368,1408.2353536572366
34432,407.9424599619771
23032,1984.0008423346226
27234,8790.56904798917
5760,785.8441130112813
79076,6412.579098119471
31530,506.6989320889815
51106,5241.735794241269
40984,1099.2826929303305
42576,2614.910030965438
28306,845.0145300171682
92424,1359.0124718649674
3631,1405.340685517096
15327,2986.0800370648562
37373,2409.397689077416
20080,1533.6039913067289
50531,1698.4257861286974
78819,41164.98311062527
31802,3142.5205187944684
46934,4061.528603081212
66819,1503.2339165110054
29107,724.2645354971364
42169,3357.601885886074
37616,3242.787908663807
5996,585.8213621751585
6159,2677.5062798425092
59541,8051.632270840711
42636,2153.993439266774
64970,3648.122938897499
36097,10523.802534299452
65832,1490.2668779820133
28406,1214.8301526501132
99136,845.0145300171682
65313,2836.6318077977667
22991,3594.618106895041
74577,847.9632377536761
42955,1265.5932478325653
51559,1301.68625654033
46121,2428.020332333591
10829,1363.05288423775
72066,554.7468123583855
39922,1604.0245431434805
57963,1405.8112027895706
31738,5047.138583085568
70162,1003.5978358806897
72912,3105.933734033217
17247,1019.1412880282593
82087,1854.5123343120526
25001,4526.115807913242
62661,2428.7351858548727
53508,6188.96587634847
3350,1797.7342939073853
74024,4223.5268688935175
8623,5528.509068014716
41690,1040.1266377478964
73518,2663.8812700342446
91910,3357.601885886074
48194,1606.5647829480376
23381,2177.119910070846
52353,6439.6888090086295
41088,13574.4208971592
1078,764.7355629317414
25922,2922.4019957766654
75002,3800.3115392286636
92613,14016.39063820391
96925,2385.3554229602155
10095,1606.5647829480376
41313,2228.196812666573
35180,1592.9765543995122
64847,3076.4018364659937
26396,1327.8859677679293
77678,1816.110054092123
54767,3534.7060574353372
48311,2326.9156084348597
83003,1363.05288423775
15658,7727.002156047729
75582,2259.1698670007336
50728,5022.3191841897615
71654,1503.2339165110054
24691,9996.643926114533
15795,4475.609580532352
79512,993.6400799444363
72029,272.5338948170973
25409,2556.683779691393
36167,3957.6023423478987
90897,4274.78345799248
25009,328.2770271891221
83275,5081.2594647638225
62850,4257.768026692378
19940,753.2107365385584
1444,684.8229596422681
49583,1192.5515190049034
48760,2630.7041085514347
8664,1628.16681637323
43962,421.9452725478939
44974,3735.4578548419267
34834,1480.9909094889972
91264,4526.115807913242
95097,4622.326482816483
69110,3752.354773972079
40454,5545.22766160944
46036,4308.0636840791685
58696,4807.098097411537
78981,2357.3805355565955
98205,3622.1944135414838
44514,3121.0612637882327
82349,592.1248117421117
34045,5757.378214283947
67797,2146.242977050042
30625,2407.2088045261444
20219,6188.96587634847
9743,4124.06696306269
77197,2203.3210693088404
87580,1620.0577900955057
49753,1297.5072919638822
55256,1376.677894046015
5623,1748.8879812774483
80844,368.63520068845105
73918,2404.7530413707204
71812,3240.6690536157785
72573,2068.305569633263
57331,5210.40209998637
34821,19732.02335008072
49967,11269.308859037144
66014,1508.4319126989863
50035,4673.238509846584
96994,1698.4257861286974
5271,1186.6840206163038
76953,3143.315077822045
48127,1557.31861317071
13100,962.1343900729341
16903,11754.24744506657
86603,1857.2855959161213
57547,10478.554671651522
15558,4096.603511831435
41433,1769.4475039624517
84944,4078.527082854071
98011,2161.720089615358
48332,2272.794876808998
85421,4465.663223951416
59028,3051.521940513814
54984,4177.904923500628
63687,420.6507296275055
53296,1503.2339165110054
64274,16062.576527887237
27471,2821.1634299098223
67834,1376.677894046015
38851,3168.2259715588034
31913,363.9547021384635
36622,3561.45433734895
24892,5528.509068014716
40805,2405.2467031637207
12258,3046.443825134831
13047,1113.0496656152966
14266,2589.274065792041
29216,16195.495827658551
80935,2457.906090118366
80124,2871.989600971289
25680,757.3181744388417
42005,3732.4641052175925
28243,2161.720089615358
40489,1620.1897927563025
23580,3955.1749549685264
62119,5282.086591783049
2219,2239.570667261792
95811,1125.0861516588357
46323,5518.783151937917
33058,3990.922196647121
72867,5614.918947480784
48299,1638.4437114516088
17268,1216.4169148095496
66781,10148.01585982182
14893,769.3514066215331
45066,1405.8112027895706
61405,927.7550681825198
6903,3722.9747253466467
48043,1240.3681156872135
42668,2284.315373858662
53967,468.0883724791975
96908,3155.8222924370352
78609,1840.897131165781
49462,1283.8822821556173
67160,1265.5932478325653
15804,1014.9794617601614
27779,1921.9777016581204
35886,2494.178256178614
44960,3742.67068783956
61391,953.485044086908
95453,523.2540542407542
77849,658.7671152192245
72743,4144.645765182548
6554,724.2645354971364
30062,2602.368970339166
61596,3941.549945160262
21594,815.3596127760549
30357,5193.772490834442
9031,5926.287006432853
47073,7336.838691947898
79411,1617.6495529517454
88852,799.4691228195461
6896,435.5702823561587
12678,5633.748747556847
14766,2064.040725776797
47957,2795.4218981012596
67250,757.3181744388417
38836,7987.882319401201
56597,3094.654351187343
23726,862.8696946328034
25702,2401.5367937454744
43234,647.9368318154236
8793,3957.6023423478987
77181,5060.763592893833
10025,2556.683779691393
87272,864.7852651759441
40840,808.8589068391718
69999,1525.183715332589
75327,2393.5837947178798
79295,1283.8822821556173
69339,2719.806097427187
63874,1145.1839551987061
13714,966.3970606874044
50249,4334.1388461670795
73721,3558.862581178935
32250,761.4437001733836
44446,798.6986008975254
77084,1947.1355077694388
7049,1530.2370792663248
68272,4016.1929871961847
43956,3810.546047092335
80388,2556.683779691393
39314,862.8696946328034
62823,4257.768026692378
77232,1107.5920050939642
8882,2990.030763098424
4285,6714.239830513946
77003,2958.44299825196
80147,2507.7640244703302
99454,2944.8179884436954
66515,2272.4236823491738
65155,893.0822605674301
3637,1721.581336355326
91604,6190.492240671423
46910,2548.353441953319
47966,1599.8556914423846
92524,744.687813103894
35598,1240.3681156872135
92022,8363.37618817907
96827,1119.9526406684083
1188,2013.2356712409778
66205,1508.4319126989863
90063,11219.113601202966
14866,4518.710142171301
35942,2476.8630564234836
42141,2713.3644989965974
56180,1069.6421375126702
38270,6234.269515063454
81196,2104.428842249991
99605,2392.5405833588197
95626,1965.8652853064068
22774,1684.8007763204325
91250,780.4959350894724
77124,500.7360245647538
35153,1652.0687212598737
59898,920.5636783794733
70498,1023.6339313581484
17766,1316.6958193689263
53332,254.6608638159312
72529,684.8229596422681
73381,5544.512713533662
75660,996.8913820611867
99567,4527.162846968314
53006,8794.821825088457
88615,1426.9062128292926
99732,3546.119604673173
43575,3845.3477605170788
13820,3003.6557729066885
9434,3391.843043684935
58920,13031.262486976439
14116,4201.198581739532
33288,6671.365149197254
83058,962.1343900729341
14299,3546.119604673173
50261,1956.455844247539
4031,5912.992749060943
98014,1880.1281405658262
78304,1927.994308172951
19933,1061.0287416119802
86169,3335.922961453888
53849,2103.188384730955
37531,1871.8701854999417
69131,534.1750367576163
62241,1704.4945200549428
33917,7169.86011907934
95520,1560.3956933350237
98841,3968.3268195890596
60643,1984.0008423346226
9838,1638.4437114516088
7436,2391.621693355456
55834,5624.585296505171
84223,10632.466950442224
7751,2228.196812666573
26949,43482.82217840818
41792,2624.3386166092096
74889,1010.5163918694516
20462,4956.3096558512525
91614,616.6611398423199
49917,356.33899777507185
43553,10558.186684356438
5233,3194.5939578728303
24128,576.4087558986139
3662,2068.305569633263
52427,1970.080854055804
27290,5097.219120631206
49823,3971.2273521561633
35937,10546.52249271602
42544,922.5149495355297
89097,1556.2087317210764
19270,2316.192898388276
78097,5070.8591025187125
52648,908.6349019104523
81268,1843.4396916854487
93677,3844.411079348125
61295,1045.197996270626
34173,3032.8188153265664
92671,1719.9207722246417
7939,7292.648554178977
69063,1845.2820960809483
69415,635.9927005464
1011,3280.6316275833456
46071,2494.1390146620656
17580,1984.0008423346226
26898,635.9927005464
46231,2356.3370702740926
69786,1578.1032468734506
81442,966.8899974936425
6796,2269.439751637315
7158,3094.3099927419566
88964,815.9188863100794
48537,1216.4169148095496
95996,421.379858517925
77988,799.5812359571594
50332,2193.1120479556025
73802,1275.232936169591
76024,996.8913820611867
68506,846.6646910281871
46546,7322.835007545931
33881,8111.931183995281
20067,4907.52962824475
44878,4550.195280635629
16382,1811.5340498453036
26044,6947.381835808644
69090,1352.4076556641778
92449,1845.2820960809483
50323,1192.5515190049034
18755,10177.065920398676
39419,1765.9856974703334
92657,1517.4076022062814
32034,2269.439751637315
21187,2350.434056187137
95888,421.9452725478939
57078,396.5587386155642
55107,1557.31861317071
98160,2663.8812700342446
24854,6478.697780447948
16455,3580.9930970867763
94269,2416.8431309551006
38585,2103.188384730955
10475,879.4572507591653
82716,794.4759232405075
70010,2474.759110595301
57167,744.687813103894
48841,1287.1278112157886
42919,906.1899595036658
5590,3001.4953780623187
469,2306.076454832304
79172,2719.806097427187
33118,3784.8223917987575
53391,2345.25982569778
30199,2971.7782483770748
19226,3745.111799003211
45424,2401.5367937454744
1402,219.94293645226182
55617,2693.5535701659574
6751,1090.8624169561906
51428,1010.5163918694516
69547,3982.470120386163
6675,1046.0124275798196
90675,9315.40300011078
15069,1119.0307218153732
51317,2302.567888580011
81829,4526.19054167587
10275,8070.961405159647
63130,3546.119604673173
40409,1970.3758325263577
56421,5867.687034381345
67107,7894.578108976048
30444,2335.7527538007685
45166,1243.7860409329483
17153,986.6973481746649
17834,1247.5437452278227
70360,1091.3071654418745
68169,9666.424730342114
80740,3169.4473022453
16233,1286.7251805560372
55718,1182.1439957075956
38239,3844.411079348125
12893,1517.4076022062814
12889,2922.4019957766654
47963,313.1436909391201
77739,3800.2209415792045
617,4935.641305945166
91353,2556.683779691393
60656,3108.2990656100933
49328,3798.447401607022
92421,996.8913820611867
78391,2958.44299825196
4715,4201.198581739532
5615,599.7195964202706
35481,4095.762294315237
4347,724.2645354971364
46040,893.0822605674301
51670,8502.767454771974
81016,2112.856745438366
21751,599.7195964202706
81999,644.5332431078199
11331,1599.8556914423846
16755,4274.78345799248
29645,4206.136942597937
45312,2510.1652579432803
9656,2541.2931207675674
31000,8341.441219489101
78358,4575.966488164133
24213,576.4087558986139
29723,1133.7397754957806
3878,4187.295101886331
10883,2922.4019957766654
13441,2063.7846072531684
42623,1683.7741877164726
16587,1050.4823576808924
47606,4026.6602581550846
71219,273.89091923509926
86112,1516.8589263192703
6925,6176.867230863158
92994,1727.5590948722531
21899,22329.592518962265
4586,912.6378222798264
37399,1606.5647829480376
77855,815.3596127760549
36690,647.4009396893032
13826,1595.2506934902062
36930,3028.535668858868
794,2474.759110595301
2248,1970.3758325263577
53862,3155.8222924370352
32346,1970.080854055804
24779,3764.6673872113856
63665,831.3895202089034
20150,1595.2506934902062
18052,349.45005775132023
23937,3428.607530915222
19132,1481.5884623676745
70999,1508.4319126989863
52511,2357.3805355565955
1728,654.3367887089863
76733,10311.538441028491
22160,906.1899595036658
70434,487.111014756489
11179,683.7683861373117
31304,3156.145528602733
24661,8404.106419635833
86301,1905.3290001836224
27069,1576.784158085364
27002,7133.447687940043
49408,4825.260347776676
23341,1426.9062128292926
6250,730.5291064516555
31597,2398.119917988322
2902,1591.3687476691844
42012,1628.16681637323
91320,366.68448383787603
307,898.4755874962051
34242,8641.827485179045
45340,1970.080854055804
41205,3608.569403733219
49211,3892.824537368016
65024,1677.7770290674307
38877,2759.672252494432
8258,3349.5479712621527
30027,3954.701809780795
85981,2597.76258770577
45100,2898.5389246451828
27929,2050.1550277462147
54235,862.8696946328034
18643,1638.4437114516088
13809,19343.38452278941
76061,1083.481657462159
59337,1970.080854055804
65189,1492.6737809798703
40905,10412.615924581494
25411,1165.8519933513312
37779,11537.741511726594
85454,2031.8670099417484
96932,577.2069171862794
69270,694.5649305567916
18362,3738.7297641638143
91372,1579.9295220881775
20882,5439.039459801174
52465,3314.184774295977
64320,8581.985520106426
84100,4404.943818423076
79466,1858.9071058892132
85581,554.7468123583855
19673,6517.684603667693
42600,1810.8845597425825
78632,2827.2994226308733
99226,9379.307458917006
39622,1261.6079263613262
90370,3142.5205187944684
8334,1608.875703298471
31436,327.4075653051558
33249,4073.2732334034067
56461,2588.7439605309014
38914,1047.4037318037153
59888,3428.607530915222
34044,724.9795127538666
74798,2081.9305794415277
86815,777.3068801628684
93106,3996.647843195488
88295,782.976416429798
72710,1889.037827637946
30904,1810.8845597425825
76524,2773.2972623026967
9283,3753.2454524974537
30318,2773.2972623026967
95712,1628.16681637323
21892,1508.4319126989863
26017,6924.768798866413
23054,2081.9305794415277
79894,2269.439751637315
72384,509.64162812622067
79664,2542.005182269191
30478,2957.5609649494577
47807,1322.3037521668039
13273,10372.318990952255
8039,2015.9184396460437
80667,2754.995648904
36195,3945.3116313950904
1517,2185.208721537831
92229,971.3656024373477
83221,1889.037827637946
61182,3608.569403733219
98179,5035.531531813892
92303,2677.5062798425092
54554,3391.843043684935
11083,1412.2564656567815
75390,3811.1903781127844
31226,1695.5364411150579
87171,1858.9071058892132
976,769.3514066215331
92357,1575.950938129338
84894,3766.8704623057183
80138,2337.2023782837778
19730,738.6045225621315
95846,630.2861496505848
65237,1010.5163918694516
37048,3180.9689480645657
80827,1070.839742896286
93003,7336.838691947898
35807,5159.6468116943215
64758,4403.435840693648
40362,1014.9794617601614
27940,8311.904735777893
29442,3391.843043684935
86220,774.3162763995055
57759,1372.6374816732323
59691,10251.911817229122
26483,3811.1903781127844
37216,2970.268163383791
59327,1608.875703298471
96655,1046.0124275798196
52980,1023.6339313581484
17791,1127.4509977895136
35608,2591.803885721574
63051,4081.037414143287
10441,885.8066863912213
20832,1200.3090304245686
72443,255.92921189142356
66016,2793.263328076097
7844,782.976416429798
49567,1531.7701232656475
87883,4206.136942597937
52662,3924.803514318646
39403,1119.9526406684083
13257,5210.40209998637
46428,1159.4067304841203
23947,879.4572507591653
74697,6566.5300412395245
54308,5528.509068014716
1195,6060.761239961285
93645,1318.639274143869
49955,1416.655629631377
49900,962.1343900729341
33655,3811.172846220789
33187,277.971704337588
57799,2757.50849147894
33990,2204.5042042207806
12617,7712.538336614206
57368,879.4572507591653
61847,6051.513083081976
84924,294.91324775963716
23894,4223.5268688935175
90363,3545.964773857395
76048,12072.169979194374
36863,1322.3037521668039
35151,2318.4953324607195
83784,1519.2302248569304
21694,2827.2994226308733
95351,3648.122938897499
623,2700.621522490835
53113,3738.7297641638143
93454,13231.82967589194
70427,1461.047940570318
2368,1311.4972578246359
25560,2006.864325319298
45317,1316.6958193689263
23176,4236.702070558593
20635,5439.039459801174
14253,1632.9691331806537
18318,2078.060855935964
2872,4793.473087603272
84531,2646.5591081080865
3496,1454.8402942718772
36832,2855.685216930957
28796,6201.1900018242495
37024,1797.9090400370387
41775,2970.268163383791
24396,7526.343189435773
91020,1287.1278112157886
2003,6924.768798866413
8807,7846.038190647097
20957,5576.10535697004
5228,1718.1195298632076
3278,1613.3870984823775
28565,1861.6896142784012
87175,2218.129214029045
92949,1297.5072919638822
94654,2103.188384730955
39297,2523.8893865077957
84124,1010.5163918694516
33932,20281.482772688894
25737,1251.1739067978012
20367,799.4691228195461
83103,1492.6737809798703
87618,4132.487239036831
95359,2963.0303970968594
64667,3246.842951518508
14941,363.9547021384635
1726,1759.9665054591417
48870,2103.188384730955
77778,3611.2208677601
38481,1297.5072919638822
54354,1045.197996270626
13198,2013.2356712409778
45959,5930.780028852642
38420,294.91324775963716
77964,2050.1550277462147
69331,5007.966752413196
80565,2821.1634299098223
99479,2871.989600971289
84477,349.45005775132023
48,4191.649344363901
16164,7513.574173525523
78593,1233.9187354195578
17199,1522.056922507251
48763,4767.431069517593
94541,3732.4641052175925
61272,1019.1412880282593
31104,3811.1903781127844
23336,1904.3741078910161
38913,3968.3268195890596
72338,6731.336345459226
89880,2438.6707206469937
84547,11195.98557963483
48666,7117.017175353612
18305,477.74903748388766
8033,3705.3792848903286
96545,1405.8112027895706
28909,4545.221578795708
69928,294.91324775963716
47429,254.6608638159312
64871,153.25804009015994
52549,1449.078528014956
31788,3251.6132748972227
89898,481.2089719819107
85182,15478.936385268942
88001,2089.5633749226904
41876,1824.1022802214125
99405,5378.000799845721
40420,1527.7853261441385
27320,2259.1698670007336
77481,420.6507296275055
35484,1426.9062128292926
94159,3343.9768760778093
83686,2828.9203819741383
53360,2236.4492062515365
55580,1488.3740937370235
32608,327.4075653051558
56269,1885.4951953082066
29514,1595.2506934902062
49834,22600.58044892264
50797,769.3514066215331
98670,2806.0063045818592
39399,7372.39224631572
60606,1851.3445253092505
67371,5442.471772636496
44750,971.3656024373477
81356,577.2069171862794
51449,3323.179984948126
97219,1413.055057524557
35576,2300.1294532818015
66892,3738.7297641638143
78165,3505.4178231936608
1109,3596.37188008102
71110,2297.919258601749
60086,6303.565503400706
30377,2191.704499654666
14295,2700.3029702927556
21534,1490.2668779820133
66661,1283.8822821556173
82907,1503.2339165110054
5080,2622.6670760808224
64751,3180.9689480645657
29673,1842.9242493351105
82874,1675.9544064167817
80044,3775.8003156527343
89147,1912.9918025489178
26485,1652.0687212598737
92574,2161.720089615358
21927,5605.680619950492
70645,1323.6496949096402
75057,1531.0326120145462
97316,4408.397349232057
35467,782.976416429798
79235,6082.712053349995
69873,635.9927005464
55050,3558.218250158485
49219,1861.6896142784012
94808,2990.030763098424
2819,6779.973784669418
54000,3656.4355713403447
62179,4696.549713716496
83100,1754.3046452267245
37797,172.92490596222714
93674,5460.96800436073
20693,10208.919798060166
61869,428.0389130394641
87266,3752.354773972079
47727,414.0775846855659
95491,957.7405926290828
8415,2129.7967470486533
86143,3278.0413209822723
88848,1121.217014902229
56943,1608.0978269473603
46316,1159.4067304841203
14136,3656.4355713403447
6689,993.6400799444363
41561,845.0145300171682
29197,3428.607530915222
85655,3250.387278823831
17527,2236.4492062515365
56693,1332.2642839521338
64566,1046.0124275798196
87256,6536.512928025135
14831,2283.0647614455797
71375,1214.8301526501132
52292,1359.0124718649674
44798,870.8036269222204
12518,1023.6339313581484
99686,3343.9768760778093
87397,1604.9937574774492
6424,1638.4437114516088
95771,3830.7860695398604
8377,6497.011014040752
25519,6654.429747283297
35086,4573.057769961006
32138,1613.3870984823775
15771,2398.119917988322
39744,8753.860241868873
76254,826.3318053385599
78930,5135.272436044563
90329,3336.8049947563904
17944,5487.25636754083
96981,1740.6796354184596
95641,4439.184976221936
13746,1398.6314558485167
45594,1322.3037521668039
22855,1677.7770290674307
56480,3286.454548627776
20242,1628.16681637323
73910,1282.276651060798
28718,1332.0699708837801
82781,4592.538143268051
48452,2428.020332333591
63012,8289.35775066029
64292,716.9040966433906
94884,2260.546087813905
26364,1090.8624169561906
71787,2663.8812700342446
65537,1168.5189858993308
9349,2407.2088045261444
3936,1014.9794617601614
39473,1192.5515190049034
64873,3360.317894925658
77151,4837.663225372193
74195,3722.9747253466467
22644,1332.0699708837801
67021,1700.730553749373
33243,2663.8812700342446
55584,4481.925670144321
15260,4622.4447801873
60241,1345.5896901784893
84963,730.5291064516555
1458,4160.724976867645
65143,1295.9016608690629
52408,1516.8589263192703
91310,5436.633642872467
81834,2953.629210455193
70907,1413.055057524557
75946,2661.0062124154324
16046,7798.911144159498
24613,1501.0940569540103
98212,5611.020265490725
91132,7512.718179627507
23436,870.8036269222204
66292,898.9548092689622
79938,7869.792499960595
7356,899.4246301475746
46929,1256.1263710175501
56791,10190.690930206942
74849,1970.080854055804
13374,2980.6300166830047
101,3309.8600075070017
20315,1173.0317402923852
3371,1720.2547981209232
14737,5047.138583085568
9936,4201.198581739532
14981,1092.191282217618
80291,1240.3681156872135
72,2748.3230936025725
55031,3548.854565048553
88502,1156.3278918380117
70435,1133.7397754957806
21778,4404.943818423076
57061,2291.4969656447756
44573,966.8899974936425
44992,2940.0042006469284
62156,1527.7853261441385
65825,2204.5042042207806
64230,1126.6746754235614
85850,506.6989320889815
4350,3108.2793609956075
10810,879.4572507591653
17437,2233.0748891449566
40798,2409.397689077416
57338,3752.4453716215385
1218,3662.2468742167994
80189,2204.5042042207806
79,2316.192898388276
65949,2140.3684294585096
48552,4223.5268688935175
1111,2928.8236910720266
19712,1091.0992987042162
45570,1332.2642839521338
40895,724.2645354971364
56784,1508.4319126989863
11710,21484.44850335089
4383,2971.7782483770748
83079,1754.3046452267245
80260,1359.0124718649674
69936,1517.4076022062814
55368,1301.250706908069
66111,6497.011014040752
74726,3548.331067243602
83685,2905.202678368292
21976,1059.6374373880844
79296,4777.650322318124
69449,1168.5189858993308
69259,694.5649305567916
56347,1956.455844247539
27301,1919.7363531070678
22665,4705.1639041390345
50305,24374.296451732214
13302,1295.9016608690629
44454,2272.794876808998
66571,1423.9930822241854
93882,1261.6079263613262
99456,11704.201703002183
67639,1704.4945200549428
93170,3291.0330892874285
13274,3260.4679613267726
47139,1045.197996270626
38688,2430.421565806541
82883,2474.759110595301
34006,870.8036269222204
22609,3672.6110818353395
37901,1426.6800673328219
48110,1186.6840206163038
72156,1689.5794162250465
38289,3872.664023636179
3867,1171.3514274851536
63674,939.8600342786432
19822,876.4947044410683
11732,7087.092068761557
67995,1591.3687476691844
36430,10391.958923036509
20567,1845.2820960809483
64076,2318.4953324607195
82813,2260.546087813905
81416,4727.354405274795
47905,1516.8589263192703
14291,1059.6374373880844
24876,1501.0940569540103
9647,6989.57294534618
87205,2015.9184396460437
42620,7564.712891632604
55642,2632.7588925833497
66919,3662.2468742167994
42596,610.5027404393292
45093,263.34876786345416
37732,1311.4972578246359
29077,1061.0287416119802
27617,8210.824456330138
8559,3132.8581015829077
50325,1378.9626251707036
93768,536.6807975959462
35866,2510.264376699531
50387,2682.867186599853
41537,927.7550681825198
99985,1956.455844247539
10971,2204.5042042207806
1424,95.56680028795739
33714,3051.521940513814
7874,1522.056922507251
53879,7880.953099167782
59824,945.8756423302768
38185,1522.056922507251
58810,1617.6495529517454
1628,4915.5293761546245
74624,2686.677960484491
70814,5175.752497851837
89343,1845.2820960809483
87031,1287.1278112157886
36843,2180.4855127601245
94664,2556.683779691393
53444,1947.1355077694388
43840,980.8870294063086
62938,4013.2830341845697
66457,688.432375920559
57147,215.7446929651251
29116,1718.0702908449216
16911,2688.7754950990943
63581,862.8696946328034
81239,1273.5028014075237
66620,1023.6339313581484
99531,6632.138329408807
7734,2357.3805355565955
5358,1182.1439957075956
15066,1990.7609364572068
16649,663.5252057065505
53266,1842.9242493351105
5731,5179.955169218816
46527,2276.2901584022634
14738,2693.5535701659574
67510,1902.91046518029
18382,2556.683779691393
87711,2276.2901584022634
79179,3357.601885886074
82289,1490.2668779820133
77419,2015.9184396460437
17300,808.8589068391718
60745,2629.4216144916613
93894,724.2645354971364
85117,2827.2994226308733
6901,9380.630398827432
34329,13762.246036882223
25391,4513.537837160048
92551,2893.5321932091997
61019,9780.560092915852
700,1516.8589263192703
79812,2081.6432919244885
40082,9035.591655771756
39541,709.5164093295684
50343,1824.1022802214125
72049,3797.56536830452
44842,1603.0211482684501
42761,799.4691228195461
55770,3094.654351187343
87280,2663.8812700342446
8397,3763.057339146972
87464,794.4759232405075
13748,1243.7860409329483
29145,3277.8581937493345
55574,1795.542481818229
51064,2768.6206587122647
21532,379.5794882122775
10004,1845.2820960809483
2861,2054.730492926424
69702,4793.473087603272
23755,1845.2820960809483
48849,3990.922196647121
74594,3489.362029078002
21785,6656.983484521114
59374,1992.2797357354782
98490,9266.336115366516
48313,993.3701649312036
55217,12137.038543537295
87276,5502.6915040293325
38816,3823.3267274226328
8294,8414.517825381025
55232,1104.9321752501394
95361,1740.6796354184596
29456,3766.8704623057183
39494,2112.856745438366
61589,5347.049274335455
50684,1857.2855959161213
21713,2316.192898388276
83551,3520.1124916884737
12739,1121.217014902229
3213,1675.9544064167817
1014,2259.1698670007336
81842,3738.7297641638143
43326,3543.49935080858
29578,2029.5434494543085
37142,1454.8402942718772
19708,3758.801663617451
11287,802.2938765018146
32311,1301.68625654033
15112,2955.1503471884075
42896,3580.9930970867763
94789,7477.214850152009
43796,2375.7566915376096
33732,1265.5932478325653
62894,893.0822605674301
40971,661.1812190985345
52545,1159.4067304841203
43483,724.2645354971364
14122,1296.4451639305632
19183,2808.896989029728
90441,1432.4952346389964
94203,2013.2356712409778
51888,1168.5189858993308
34348,2894.2690099869073
21506,7894.578108976048
15355,647.9368318154236
21634,1295.9016608690629
13118,8210.824456330138
48234,705.8295594961323
68486,650.024919271805
16299,1287.1278112157886
99266,9544.199840061277
34870,6887.118516978946
9437,4404.943818423076
41252,2990.030763098424
4077,2405.283559864582
38429,1557.31861317071
95363,5256.201329705483
20322,4320.513836358814
9771,576.4087558986139
85193,599.7195964202706
47427,1426.9062128292926
43704,4078.527082854071
89881,644.5332431078199
56032,1608.875703298471
78525,2452.060191602474
47416,20574.177079621026
50710,1652.0687212598737
42778,2334.348287922954
31864,1956.455844247539
1600,3324.4888003538567
22555,1069.6421375126702
64715,3732.4336773034242
78504,576.4087558986139
17220,2507.7640244703302
95864,1909.4229880748799
48071,10523.802534299452
82301,6212.357951028075
99090,12249.914218642134
12609,767.2184264736255
58927,3028.1316601837875
79926,2983.8931731920557
6876,879.6755052532611
5106,2726.989508804862
6869,1376.677894046015
71423,3753.2454524974537
29745,3546.6183750708315
89417,1628.16681637323
97075,2764.2018017559676
4291,2524.729224030609
77989,3983.325997641475
45464,4157.253471730628
43899,1604.9937574774492
62793,808.8589068391718
26626,1677.7770290674307
57899,2369.9620800823573
34795,559.6649968646872
10427,1797.9090400370387
61069,1091.3071654418745
50857,2677.5062798425092
94539,9082.940847008349
12085,1454.8402942718772
26463,613.1818285536093
21907,4994.341742604931
72179,6282.639475270177
86008,3270.82169836696
14939,4994.341742604931
61411,3596.1972348507275
80344,2081.9305794415277
67687,962.1343900729341
62747,1522.056922507251
30406,5179.955169218816
1016,2117.7433541917635
44900,541.1218025501206
85145,769.3514066215331
2542,1070.839742896286
73410,2493.7262994104885
17192,1516.8589263192703
58451,1956.455844247539
10206,2518.0434879919035
44459,2795.4218981012596
2494,2418.9085696728466
51215,1318.639274143869
52463,996.8913820611867
75820,826.3318053385599
5598,3809.701717614368
83393,1570.9436229789749
82122,8885.505649277282
35160,2567.0438633583126
4415,7312.854598190419
78144,1918.7767733315122
8921,2813.6744128226087
42850,6412.394982039247
34803,6887.118516978946
70308,4328.979363003231
91276,13463.412652001782
30861,2542.005182269191
19559,1233.9187354195578
10822,1811.5340498453036
82477,4653.716492412461
69601,12105.399794214365
91696,20599.476907511755
11400,504.17348711535635
68356,6729.180296774441
24248,3242.2230965115186
27448,3003.6557729066885
37452,2856.2833134481907
43131,2622.6670760808224
6817,1963.771016325568
78401,1372.6374816732323
92943,1719.9207722246417
33546,7008.842930938649
66663,1530.2370792663248
23404,3905.244055766733
21547,3648.122938897499
81381,416.85663047944854
26030,769.3514066215331
28199,1206.1765288131683
47832,3519.647829763134
95043,3600.7556968014096
70945,822.4839166474367
83939,2000.840202287195
75097,1345.5896901784893
73005,3108.2793609956075
56161,4727.354405274795
69565,1620.1897927563025
93752,2104.428842249991
86627,864.7852651759441
70774,1412.2564656567815
36660,1570.978344105541
55925,2725.372447449635
62435,16697.572107555887
47536,4381.337649584398
76971,1570.9436229789749
303,3705.3792848903286
29071,815.3596127760549
31899,1168.5189858993308
69983,2664.090340163111
46432,4793.473087603272
19966,2244.5852774169134
5518,1684.8007763204325
47356,1595.2506934902062
55339,403.23162067118375
61564,264.2586361991619
78602,1889.037827637946
39957,7757.635214320969
25646,3158.292020614382
45754,11275.411346785526
57549,3357.601885886074
84606,516.0544626098593
14407,3594.618106895041
22938,3656.4355713403447
61740,2393.5837947178798
6040,1905.3290001836224
39309,5664.9588702387955
31641,2343.755525748331
86466,1006.9951747394684
8779,1173.0317402923852
30042,7054.694469907265
23876,2302.567888580011
83094,1984.0008423346226
82224,2283.0647614455797
42695,1899.366792740653
82814,5127.842782474753
33627,161.8672992131543
14000,1721.581336355326
59113,2218.129214029045
54527,2241.8218224748375
74811,993.3701649312036
28733,3971.2273521561633
94486,3037.8969307055495
26303,6436.346242129796
53,957.7405926290828
47933,1899.366792740653
88682,3626.7623628113834
70872,879.4572507591653
80953,1516.8589263192703
67544,1345.5896901784893
68144,1372.6374816732323
43353,3738.7297641638143
60388,5015.1407824353455
60855,1201.2051428418483
74268,2558.031425550406
65968,1200.3090304245686
93121,1083.481657462159
8773,4334.1388461670795
2591,1192.5515190049034
23682,743.6931646305768
28732,1718.1195298632076
29428,946.5716908051357
59716,255.92921189142356
62831,845.0145300171682
66750,4671.969007133812
99270,4657.5365056468145
67836,1273.5028014075237
26472,1121.217014902229
80520,1070.839742896286
73402,2540.877792923776
8554,1200.3090304245686
77994,24551.155326461685
33613,2496.5402481350156
57757,5788.108952925291
35007,3198.9767839113824
95767,3405.4680534931995
49055,1197.1994841377605
86561,2527.668110959303
86570,2154.6632530241823
37286,294.91324775963716
45626,2773.2972623026967
80863,3180.9689480645657
33373,2928.8236910720266
91717,671.1979498340032
67007,2090.803832441726
75113,2405.283559864582
53884,1652.0687212598737
66584,2318.4953324607195
35910,1617.6495529517454
78732,798.6986008975254
56443,1092.191282217618
1948,1437.6180920324502
42635,671.1979498340032
1007,993.3701649312036
36030,2813.6744128226087
65897,590.8319269945442
27151,3468.5873751068625
1841,2953.629210455193
67963,3533.2217973516326
87257,7510.601081763686
91182,2140.3684294585096
11103,1811.5340498453036
99107,12897.699638905457
98165,4727.354405274795
1266,8366.96240656309
478,4444.3572812331895
10136,693.0237029398203
83853,3971.2273521561633
55681,975.759399881199
77777,995.1176241488051
51044,724.2645354971364
88041,808.8589068391718
27351,25733.78717583232
61371,7177.258522170184
67986,5718.843521142915
32067,5652.860224753483
42780,590.8319269945442
15934,649.6711258864
84450,2224.986077677972
44086,1091.0992987042162
1520,1704.4945200549428
95173,1104.9321752501394
7380,1059.6374373880844
31563,1531.0326120145462
82254,1606.5647829480376
15792,630.2861496505848
50566,456.9070356391873
6209,5343.57776919844
59834,5196.777090178104
95091,2524.3385183755063
52258,441.6639228477289
11675,356.33899777507185
5728,1075.4354688504593
11765,1426.6800673328219
16010,863.5323305969304
89695,5636.455125309389
38999,2154.6632530241823
66811,5717.7487932722615
48397,884.4286367304852
64337,1797.9090400370387
15322,2029.5434494543085
91886,1316.6958193689263
37162,7054.694469907265
90095,1908.5409547723773
25455,294.91324775963716
61116,4404.943818423076
36443,8341.441219489101
13449,1091.3071654418745
52537,3405.4680534931995
56174,3722.9747253466467
71124,5007.966752413196
90909,6150.860142422298
55239,945.8756423302768
94874,1956.455844247539
30474,4753.806059709327
45762,2544.4064157421412
64803,1999.5568609102436
74461,1091.0992987042162
2890,4096.603511831435
74202,414.0775846855659
84523,4044.43208813593
23258,1099.2826929303305
12699,3705.3792848903286
71113,443.7051833452967
15994,5852.7408237666305
18930,4143.783176756775
72357,137.85275349937254
24675,10002.179327745263
38358,932.250632522012
42877,277.971704337588
94268,6082.712053349995
76336,1700.730553749373
43738,1530.2370792663248
74759,22458.13015713896
15213,1332.2642839521338
60875,3171.917030422647
70226,3391.843043684935
29975,2714.2465322990997
73396,1273.5028014075237
31427,4090.6807314510124
15628,592.1248117421117
65423,599.4463719834233
42035,2496.5402481350156
53890,487.111014756489
92563,2554.5028027320404
52383,2898.5389246451828
73950,590.8319269945442
54352,879.4572507591653
58784,1557.31861317071
24223,3436.0331814538554
89090,500.7360245647538
4040,1091.0992987042162
11116,1240.3681156872135
24655,1999.5568609102436
95409,3004.966883199336
4798,1608.875703298471
91403,19475.74923711336
60740,1426.9062128292926
40873,7596.841175487089
4225,2914.4692407336283
17819,1214.8301526501132
5719,2859.2466244655266
97895,2957.5609649494577
18267,980.5150073019073
90004,2736.533422220085
85940,2542.005182269191
83637,3470.4180206536075
54584,7117.017175353612
57966,1282.276651060798
81713,1880.1281405658262
60287,4301.958164461299
68681,1426.6800673328219
61559,308.53825756790195
4783,1110.356316934591
36802,1698.4257861286974
29370,1757.3082572515887
8671,2356.3370702740926
9318,4788.817818187338
99983,2496.5402481350156
55591,2072.4413476165087
39213,5436.633642872467
858,4870.723895579843
99257,2452.060191602474
23838,3325.72436135646
65883,2029.5434494543085
81471,4052.4133740625116
34364,1273.5028014075237
47194,7486.395489665142
72440,3608.569403733219
99818,3968.3268195890596
74681,2316.192898388276
47070,1296.4451639305632
77590,3093.190757527455
39333,7660.883473719252
12143,1283.8822821556173
69903,6334.187246463928
55856,4004.5472064553855
8729,2502.598532152754
21574,743.6931646305768
83661,2953.629210455193
35946,799.5812359571594
59170,2656.7394331381083
92942,3558.218250158485
13566,7267.053967337911
24179,306.681444080398
20104,1359.0124718649674
31320,416.7319688465112
78489,2291.235807187165
19242,649.6177103546648
50726,5880.218159054564
75121,1376.677894046015
98650,1617.6495529517454
16695,1237.9613363005772
57565,1845.2820960809483
9839,2504.418478183639
67102,3491.039417471368
43114,6974.950777770522
47046,5920.184518684472
60102,738.6045225621315
5018,1856.182668191211
44008,1652.0687212598737
70866,1061.0287416119802
50432,1516.8589263192703
8308,6113.286010863414
2905,1687.1055439411082
6515,1754.3046452267245
53916,661.4600824972248
22804,1376.677894046015
38512,8673.454804402354
1410,1938.7152317952985
38400,1213.577718893511
63848,2622.6670760808224
18776,5119.41962989633
22726,649.6711258864
91894,1059.6374373880844
98691,576.4087558986139
85759,1718.1195298632076
75150,834.7837155336841
23698,4038.788364254247
84395,817.9115293644196
70387,2343.755525748331
20177,8995.46330223431
45891,2323.228736884993
57558,2430.421565806541
20588,5614.918947480784
51517,2746.031841091924
15460,4132.487239036831
76707,2990.030763098424
58120,737.8895453054013
93400,3155.8222924370352
83690,5219.438149176444
60296,2175.3450994236227
12885,4209.901859085252
791,3387.4573132507244
3280,1970.3758325263577
5481,8011.505118258707
47630,3670.0605811486093
34510,3598.477891254338
77828,7958.6582676314665
97949,4938.5445643485955
61315,2624.3386166092096
24384,870.8036269222204
21025,1392.1861929813058
64197,1718.1195298632076
62325,3194.5939578728303
294,693.0237029398203
86162,743.6931646305768
55007,3844.411079348125
75430,2965.72763231825
63908,906.1899595036658
80735,5647.545102614084
63625,2306.076454832304
59244,3377.0545675357675
50739,1522.056922507251
83,996.8913820611867
65746,2089.5633749226904
64573,2327.465112389405
4220,1704.4945200549428
10476,172.92490596222714
68724,1318.639274143869
13703,2316.192898388276
57689,4539.7408177215075
27038,1970.3758325263577
90952,8940.649605681932
34872,4545.221578795708
62218,2349.1785071643094
31478,1673.2142680723919
42236,2544.4064157421412
26199,1718.1195298632076
90576,5179.490507293477
38876,2870.0180394094427
24136,1999.5568609102436
65087,8868.72929873077
87075,4391.31880861481
60125,908.6349019104523
72923,3827.5983134355656
77098,2222.2920203459407
83047,403.23162067118375
21828,2089.5633749226904
58594,1186.6840206163038
8327,1889.037827637946
49683,3931.920746159605
86921,1713.9340850639883
51853,4602.0087437987595
58778,2857.7202601425747
70757,1687.1055439411082
1913,1361.4257742897812
99507,1620.1897927563025
88715,508.9225645782418
8494,254.6608638159312
43927,5179.490507293477
4723,1870.9106057243862
99735,1889.037827637946
56051,782.976416429798
40048,890.275225283015
37555,1880.1281405658262
67822,3982.470120386163
79021,2291.7091773076613
57540,2204.5042042207806
89472,1046.0124275798196
35519,636.3999094635401
40597,534.1750367576163
40267,879.4572507591653
61361,4889.456539553613
57374,647.4009396893032
47760,3155.8222924370352
74981,14344.772875123299
89203,2494.1390146620656
98961,1200.3090304245686
97254,2759.672252494432
99388,3203.688460044161
1946,975.759399881199
38374,3823.3267274226328
85970,3146.432114051331
55185,697.3933959455766
92911,1159.4067304841203
28025,769.3514066215331
36255,9975.11547991933
42397,6669.2456525529615
71510,870.8036269222204
76685,1214.8301526501132
90321,993.1824673315713
2748,2711.74743764137
92744,3800.2209415792045
69303,2700.3029702927556
77042,1556.2087317210764
27243,22720.42362180447
51167,974.8173366615447
82402,4143.6284619223625
92372,3375.2825300131385
62076,740.2703736611157
13027,1197.175097725811
79175,1311.4972578246359
93007,616.6611398423199
79337,2222.2920203459407
76311,4482.26069552994
14944,1575.950938129338
33520,724.9795127538666
87230,1727.5590948722531
55208,500.7360245647538
24664,1113.0496656152966
29674,215.7446929651251
41416,13118.738527860667
30024,285.8793812331859
62640,2759.672252494432
61841,1503.2339165110054
52115,2128.176500539068
93193,3472.2655141327195
43731,2639.6700533286994
83999,813.2062457654242
42740,7301.023640868361
77793,1984.0008423346226
25694,3202.7838376241657
15198,8439.544044799182
21757,1247.5437452278227
49672,17440.92156674868
67060,1316.6958193689263
74385,8586.634010803324
6623,1557.31861317071
14041,1040.1266377478964
11663,8341.441219489101
31476,2963.0303970968594
85594,898.4755874962051
27768,1091.3071654418745
19306,1899.366792740653
34414,9996.643926114533
98359,1675.9544064167817
32452,2418.9085696728466
26283,980.5150073019073
17679,2091.6858657442285
84430,9996.643926114533
61541,1675.9544064167817
96481,4254.395154030337
83672,1638.4437114516088
21952,18998.063902845683
46670,2510.1652579432803
50040,4912.509122202639
45221,1286.7251805560372
64375,509.64162812622067
993,957.7405926290828
5340,3438.024356333859
24977,808.8589068391718
91269,4439.939568657837
94483,2128.176500539068
37902,702.0573857288239
319,2357.3805355565955
18285,3146.432114051331
99503,4214.4249422159055
75486,1426.9062128292926
49253,1398.6314558485167
99988,743.6931646305768
58709,3491.039417471368
22912,1293.0107472296256
47762,3990.922196647121
85070,845.0145300171682
64224,1875.4128178296812
1544,4257.768026692378
47471,898.9548092689622
20544,3037.8969307055495
26492,254.6608638159312
97784,1126.6746754235614
44605,1010.5163918694516
42552,764.7355629317414
58040,1091.3071654418745
29836,1973.6915566477976
68829,3456.798259672507
17071,1956.455844247539
68552,364.5366285507847
69176,812.6283502617655
22148,4747.292789021594
77726,16192.51858566661
10203,724.2645354971364
36728,4671.969007133812
7340,1332.2642839521338
93533,675.0850923054896
49903,1091.0992987042162
13300,790.9318899711333
22692,3456.798259672507
9970,2597.76258770577
87297,1361.4257742897812
51019,7727.002156047729
72288,2815.2953721658737
60378,6553.340044587154
20683,394.3174501537123
92208,1606.5647829480376
27678,2405.2467031637207
53411,2085.184324122271
74655,1023.6339313581484
78682,541.1218025501206
95152,5034.391597725998
73042,1620.1897927563025
15306,585.8213621751585
92962,379.5794882122775
38109,8215.431094682112
53917,2749.176689837399
8857,6454.446772252298
29458,1323.6496949096402
25145,4439.939568657837
41912,2023.889073399903
62065,3504.6644272796325
29225,5518.3142389683435
63111,6770.25842153211
36080,477.74903748388766
2916,9082.940847008349
9590,1316.6958193689263
13515,1061.0287416119802
40699,4579.454563772069
8347,1083.481657462159
51067,1040.1266377478964
9309,1083.481657462159
18542,1579.9295220881775
8521,2542.005182269191
32688,1137.6667783927624
54146,2258.210287225178
48352,1019.1412880282593
41598,7118.0312673880935
77548,8029.403569890928
79827,3931.920746159605
54442,1970.3758325263577
15162,2663.8812700342446
7152,1296.4451639305632
13032,1200.3090304245686
67045,3155.8222924370352
55426,366.68448383787603
13346,624.127750247594
21215,834.7837155336841
5953,1970.3758325263577
885,2490.4880662317482
78133,1283.8822821556173
53626,1113.5073778011974
59971,677.4757129881013
48806,2175.3450994236227
35276,604.761552579469
61022,3788.7809944405485
82936,888.0957812274014
33253,2637.1402333991664
37518,2068.305569633263
89747,1338.782645855913
14693,10175.089031701937
96379,2924.854644147671
74878,1047.4037318037153
46342,4595.200811251614
70127,870.8036269222204
66906,11920.33375465264
21208,7041.069460098999
75907,3108.2793609956075
56851,843.6226515692617
47481,1811.5340498453036
16240,1574.0207031432885
26829,2138.4246440059387
26375,1824.1022802214125
59407,1880.1281405658262
63438,554.7468123583855
58233,1206.1765288131683
43453,254.6608638159312
38263,3648.122938897499
29761,2175.3450994236227
54478,3260.4679613267726
3571,2403.218121146836
48475,2396.3327653965803
50490,1628.16681637323
23192,3325.72436135646
16384,862.8696946328034
67503,966.8899974936425
2629,616.6611398423199
99990,2208.1878012327397
22580,1797.9090400370387
13166,4038.788364254247
44152,1999.5568609102436
27797,4038.788364254247
45108,2542.005182269191
61091,8623.91009921773
41288,1503.2339165110054
56021,2089.770337821618
17589,294.91324775963716
38694,4397.002486537718
65497,7054.694469907265
13722,716.9040966433906
71263,3830.7860695398604
14988,1416.655629631377
54595,1283.8822821556173
22003,1423.9930822241854
78021,1046.0124275798196
83707,1092.2555071154334
64927,2510.1652579432803
21833,594.28178689978
60152,1378.9626251707036
65028,4719.564901910467
51743,1205.9489473790852
27583,1570.9436229789749
21592,730.5291064516555
99571,3648.122938897499
93468,1777.8167287348806
51408,2343.755525748331
29390,6865.18997241939
31679,1939.5907359643309
91463,888.0957812274014
27089,1045.197996270626
22233,477.74903748388766
8582,23541.17458570065
7443,1531.7701232656475
86331,3504.6644272796325
70267,2343.755525748331
79992,2302.567888580011
91766,2806.0063045818592
50809,3786.59593177094
33767,4518.710142171301
7043,6883.141926058755
89596,1947.1985743290788
60963,1533.6039913067289
62647,1200.3090304245686
96519,1857.2855959161213
75210,3003.6557729066885
71525,4082.9785020231698
92921,2175.3450994236227
29755,1858.9071058892132
25267,308.53825756790195
68678,1359.0124718649674
9553,4767.944657587741
11598,5716.4919873108365
53161,716.9040966433906
49811,1777.8167287348806
57251,277.971704337588
67319,4086.3721159295337
49382,3198.9767839113824
71282,2193.1120479556025
4767,2274.17109762217
87855,675.0850923054896
36356,2264.533026990073
78984,8784.425369829527
9942,1880.1281405658262
9577,3383.7028059872787
85717,1323.6496949096402
16983,599.7195964202706
1830,1811.5340498453036
12762,1091.3071654418745
55593,1059.6374373880844
89107,1104.9321752501394
23722,2871.3452699508393
73675,2542.005182269191
54975,3047.5712144802465
11535,509.64162812622067
51931,1023.6339313581484
50467,1186.6840206163038
89566,5442.810645394883
1845,1503.8918877902781
22163,1159.4067304841203
37145,176.89604303595493
9606,1632.9691331806537
43012,4793.473087603272
89563,4771.840676779356
75141,4439.184976221936
80039,3362.0509419031023
45438,3220.7849749894426
52468,5545.22766160944
30953,2175.3450994236227
30579,8644.578449123817
96684,2137.5426107034364
47016,4802.407114644794
55631,2283.0647614455797
42829,738.8796483509502
89082,1104.9321752501394
52116,1330.3208291771912
25550,4236.702070558593
43545,966.8899974936425
39270,3198.9767839113824
16107,2507.7640244703302
11270,794.1209448977372
39004,1316.6958193689263
74271,1917.999117699281
52870,468.0883724791975
15909,4157.253471730628
10043,1225.4361241448582
10111,836.080252288347
45732,1369.1516238863978
4917,2404.433891456673
16435,4118.784949074041
46175,1704.4945200549428
94053,2154.6632530241823
23922,4687.164615420906
89825,1437.6180920324502
25077,1516.8589263192703
51427,1530.2370792663248
67217,2091.4499840668955
51398,3957.6023423478987
52958,1628.16681637323
51361,6412.579098119471
59797,794.4759232405075
68099,1332.0699708837801
39842,1287.1278112157886
62100,3217.3134698524254
10200,3246.842951518508
40471,1150.7325146670028
8804,2609.042066272558
74106,3041.756669992052
36530,8477.014967449395
1938,2971.7782483770748
43076,487.111014756489
42588,5198.72413827585
12782,980.8870294063086
32062,2302.567888580011
63473,1697.8404648358671
56066,4132.95190096217
20755,2555.630192077456
41678,12114.682308923417
415,2507.7640244703302
1117,460.006139244277
47562,2956.2757483194446
23847,3738.7297641638143
79658,774.3162763995055
43856,3766.8704623057183
16229,568.8144017292468
30369,996.8913820611867
80374,2218.129214029045
58192,1296.4451639305632
6926,2802.8618165111257
60596,13442.442222413425
63140,1251.1739067978012
24536,3389.225646320318
90073,6517.684603667693
93146,23378.90360193025
91783,1754.3046452267245
76069,966.8899974936425
23305,4187.295101886331
85544,2491.6755016778766
36806,1570.9436229789749
93785,5867.687034381345
67476,730.5291064516555
23335,1613.3870984823775
94469,1240.3681156872135
65786,1126.6570834892675
72818,7487.480264643244
11501,8636.044319913808
17790,2923.912080769949
80071,4612.7013731566
7519,3335.922961453888
88942,606.007176099837
77523,280.70027745300524
42331,1652.0687212598737
6722,9509.969095823004
23597,3168.662853680068
61519,2177.119910070846
49605,5210.40209998637
24292,1019.1412880282593
33685,3324.4888003538567
61340,1557.31861317071
42965,2000.840202287195
74766,2416.8431309551006
95339,1638.4437114516088
69240,8045.2403151205945
4506,697.3933959455766
11375,2218.129214029045
38590,2476.8630564234836
65060,4851.288235180458
84010,2316.192898388276
95442,1255.2746086128707
74063,3076.4018364659937
87446,3037.8969307055495
75860,592.3821662915722
39990,4191.649344363901
3684,9794.47367747263
21589,6136.607589767304
68418,1675.9544064167817
57519,3041.756669992052
11868,1811.5340498453036
86370,975.759399881199
89330,1237.0663508159835
65509,414.0775846855659
38847,3554.565372495204
83304,1531.7701232656475
9459,1875.4128178296812
37994,2300.1294532818015
74637,6802.217701260323
50579,2570.9278363076583
15597,1423.9930822241854
15757,536.6807975959462
80544,966.3970606874044
14993,12204.859724689535
17948,1858.9071058892132
35960,6507.423326202527
79309,2718.2306105534985
82917,2990.030763098424
3559,2204.5042042207806
22664,1608.875703298471
76294,6844.634288774496
28555,1970.080854055804
22127,1059.6374373880844
99663,6989.971594678072
27662,1557.31861317071
50708,1608.0978269473603
24335,1276.2153379215088
11139,6402.45877573556
46042,1287.1278112157886
86475,396.5587386155642
28660,460.006139244277
13479,2175.3450994236227
48066,5347.049274335455
96710,2845.621614657262
79873,3028.1316601837875
81965,4444.3572812331895
71041,7002.070240163385
53028,1522.056922507251
75710,939.8600342786432
25229,1427.4491216773627
65117,5050.694336803167
30013,1133.7397754957806
73237,1652.0687212598737
83668,1416.655629631377
35771,2403.218121146836
93278,1316.6958193689263
68158,2391.621693355456
19301,1091.3071654418745
719,884.4286367304852
77961,3545.964773857395
23932,2245.8875058545045
70053,975.759399881199
123,6543.8956167719925
94576,1899.366792740653
93167,568.3409253651507
38394,884.4286367304852
20336,3051.521940513814
63109,15135.064226686665
14261,487.111014756489
213,1889.037827637946
70739,3357.875031965533
30889,1608.875703298471
48022,2260.546087813905
51857,2990.030763098424
93517,3656.731581946735
60530,1287.1278112157886
79044,19663.916468161366
41036,1233.9187354195578
6241,2324.1563260093885
49106,4126.393250461195
34910,2405.8781829348354
58701,3542.4507214047444
14271,630.2861496505848
51026,1045.197996270626
27391,1201.2051428418483
8205,3336.8049947563904
46134,6820.999834650469
55946,3788.7809944405485
49633,5404.9511509236245
74625,3670.0605811486093
52780,4191.649344363901
77895,3314.184774295977
25171,2209.5862572224837
44210,2759.672252494432
96570,6377.7727543840165
32118,1570.9436229789749
42245,1599.8556914423846
20272,1019.1412880282593
31373,9244.536142734452
57745,2316.192898388276
75579,1638.4437114516088
48747,1604.9937574774492
44480,441.6639228477289
45599,1363.05288423775
35469,1023.6339313581484
7982,2112.856745438366
84716,2554.5028027320404
66492,1422.8015106359455
97856,779.0780852362445
63735,5499.202761771708
39774,3082.08706847447
8679,4192.511932789672
78313,7391.263125668394
58326,1857.2855959161213
87836,2664.090340163111
65722,3523.7367510939466
49824,1797.9090400370387
37176,2204.5042042207806
53091,256.6564931485434
43319,21099.19962350885
68277,6498.99569405298
92697,2527.668110959303
76112,1090.8624169561906
90137,988.8301400224956
24477,1283.6471131409648
23156,3028.535668858868
35351,870.8036269222204
1850,2292.6262841162147
88936,1759.9665054591417
38918,912.5798190772271
69880,2983.8931731920557
30002,2747.555730494134
33956,2236.4492062515365
57957,7054.694469907265
34099,1620.1897927563025
77723,718.2125668810772
38397,1398.6314558485167
19726,822.4839166474367
74418,2773.2972623026967
89936,3158.292020614382
1821,5008.667942432419
15833,1426.8287927778292
18719,3159.1740539168845
25819,325.7871485774019
43297,15703.202265422713
32290,2401.5367937454744
72829,1247.5437452278227
6611,3786.59593177094
50764,2558.031425550406
89551,2990.030763098424
75925,7676.822716934689
34331,3897.4454637879653
61682,3763.057339146972
26535,7972.283277439732
28157,2936.02700558493
5639,3095.725367270248
92662,1840.897131165781
62842,5312.597726449377
19077,737.8895453054013
47662,2922.4019957766654
60653,2224.080409985903
45305,3561.45433734895
16307,1970.080854055804
50997,1454.8402942718772
19653,2541.2931207675674
77690,4192.511932789672
7417,7727.002156047729
16678,912.5798190772271
61565,1709.1614509233227
95793,919.8149693119307
45063,2241.8218224748375
81580,2401.5367937454744
23262,1047.2671639912762
64276,1322.3037521668039
35997,2340.1822967776548
28755,2815.2953721658737
55123,1519.2302248569304
62424,757.3181744388417
7444,1919.7363531070678
32809,2663.8812700342446
46870,2670.364442946373
34733,12410.657839030886
73027,2406.1655931670844
70087,730.5291064516555
62668,920.5636783794733
96192,7575.390156279371
68792,4397.688854425335
36879,1522.056922507251
29775,1608.875703298471
24986,623.2197533530209
7989,436.60819805529735
90053,1925.825389040673
8179,782.976416429798
80722,2089.5633749226904
14035,1885.4951953082066
25040,1516.8589263192703
74035,4382.0050137742055
41904,2403.218121146836
96363,1620.1897927563025
68698,3357.601885886074
51011,4526.115807913242
54682,2759.6568509001886
78684,3028.535668858868
72907,1282.276651060798
57187,1057.2147330880211
59682,2923.912080769949
99137,1330.3208291771912
44530,3142.5205187944684
41402,5322.63447822477
99528,2259.1698670007336
84962,1570.9436229789749
16023,1256.1263710175501
21477,4764.025312509859
27839,3548.854565048553
68089,254.6608638159312
30824,1695.5364411150579
89802,1376.677894046015
65898,2269.439751637315
75500,421.9452725478939
7524,407.9424599619771
51103,1922.1659645806421
84439,5281.565335764227
38370,688.432375920559
20282,2507.7640244703302
82304,1677.7770290674307
18156,847.9632377536761
86700,13398.428652072389
32917,1505.356185690995
29361,4397.002486537718
84643,716.9040966433906
83082,1061.0287416119802
14473,1247.5437452278227
38731,3212.601793719647
5756,9032.746965600858
66560,4592.538143268051
29414,20443.60261988899
57586,702.0573857288239
45930,6577.746510309009
83084,1186.6840206163038
88188,1408.2353536572366
77110,4160.938940643678
10083,2933.9440571281466
92598,1899.366792740653
4277,3720.477249442465
76116,1350.967951395463
87401,6347.812256272194
57735,2507.7640244703302
88043,8487.54251958737
73442,1059.6374373880844
52394,7446.59949729903
48063,1382.7766336946627
83874,2283.0647614455797
71386,1876.2948511321838
78436,730.4593723768099
21894,1247.5437452278227
80913,5531.939248776609
5879,1880.1281405658262
34335,2524.729224030609
63096,1257.172971858425
5939,1938.7152317952985
93689,1777.8167287348806
2418,273.89091923509926
74504,3670.0605811486093
48020,5862.461813863403
93821,1201.2051428418483
56849,1201.2051428418483
11937,1121.217014902229
22752,4002.56797738792
77803,2407.2088045261444
8298,1956.455844247539
58087,3079.2547562024165
39840,1620.1897927563025
15744,2151.167620511701
24193,765.4530754279797
71805,1378.9626251707036
74367,436.60819805529735
86735,1812.845509895277
86533,4631.812850353236
66004,3159.1740539168845
7870,2175.3450994236227
25308,2265.995381636171
56595,10014.676622562469
30489,8740.235232060608
62524,592.1248117421117
41126,501.99390676358405
18059,3648.122938897499
94677,1186.6840206163038
43764,1310.6143409967299
84662,5370.036242402939
68056,1508.4319126989863
5742,8123.004395048406
46578,737.8895453054013
5280,2102.51331432738
18069,1297.5072919638822
33406,2081.9305794415277
97476,6211.502712330335
66487,879.6755052532611
54060,1935.6027114663852
37041,993.3701649312036
66181,7932.596236241343
10504,3357.601885886074
6227,255.92921189142356
56915,1811.5340498453036
29486,5215.44665343575
79672,3108.2990656100933
38004,2112.856745438366
20488,737.8895453054013
17206,1126.6746754235614
25561,1188.7792081636205
17255,1501.0940569540103
40942,1363.05288423775
75294,996.8913820611867
86199,1606.5647829480376
52374,4771.544543043716
32505,2326.9156084348597
14542,8052.247251015713
47732,2428.020332333591
75164,5050.694336803167
64909,1503.8918877902781
7817,2415.161803553739
23942,18932.0751413727
47439,5559.861276695585
8284,2987.870368254054
54782,19842.03726839777
13906,1606.5647829480376
24005,335.0444158300976
19230,2404.7530413707204
98645,975.2051302142307
8666,1096.8394225497161
37199,2218.129214029045
69204,3168.2259715588034
10592,3032.8188153265664
21236,1721.581336355326
25336,898.4755874962051
14487,697.3933959455766
78033,13084.747556291579
55483,1947.1985743290788
50784,2970.268163383791
60975,598.8927745628205
34257,2302.567888580011
43936,1169.9529016462766
24736,2923.912080769949
35254,724.2645354971364
22810,930.8028569967994
71784,576.4087558986139
72563,1595.2506934902062
81345,4580.818942479176
11582,6217.168735388321
21566,443.7051833452967
17871,1316.6958193689263
15967,1091.0992987042162
24450,2259.1698670007336
87752,4589.591497972398
23016,2884.913914836918
74161,7969.424005806494
50146,610.5027404393292
43758,920.5636783794733
34732,1426.6800673328219
20252,2793.263328076097
17326,1412.2564656567815
66175,404.8509933520082
59164,1010.5163918694516
49774,3003.6557729066885
41296,43189.038788770384
29536,4396.491113626063
42736,3841.2233232438302
66810,3046.443825134831
47599,2947.8554723453044
74847,1125.0861516588357
72783,616.6611398423199
5797,1233.9187354195578
57797,7816.600249705468
21905,4771.544543043716
14758,780.4959350894724
19280,1737.2396244659353
56920,2476.8630564234836
780,13811.786048604557
15167,2759.672252494432
76629,1278.6397979906017
53256,2813.6744128226087
37329,847.9632377536761
33843,879.4572507591653
67549,3169.4473022453
94132,1150.7325146670028
2853,2316.192898388276
87153,1437.6180920324502
33121,5298.972716641111
90159,2445.163113612604
48040,344.1854167073581
65222,4160.724976867645
58635,5281.565335764227
58900,2990.030763098424
80700,441.6639228477289
46532,1503.2339165110054
11063,2064.040725776797
69345,1007.28933971949
55324,4320.513836358814
52366,693.0237029398203
11082,1006.9951747394684
30966,1503.8918877902781
21680,4201.198581739532
12859,2589.274065792041
31318,2241.8218224748375
62256,1718.1195298632076
99748,559.6649968646872
26796,3391.843043684935
74570,3766.8704623057183
76856,3142.5205187944684
59582,20956.359976470787
7293,4214.823591547797
43500,4053.706655653735
34483,3357.601885886074
61092,2140.3684294585096
72503,1810.4772704131476
49713,380.3094936461408
72080,645.1421054109596
55498,8099.02579386075
77035,1186.6840206163038
73157,1092.2555071154334
48778,2773.2972623026967
77704,2103.188384730955
13865,1684.8007763204325
93498,6156.198880957071
94617,2609.92409957506
32428,3443.1732498642423
85051,1372.6374816732323
56979,1206.1765288131683
84501,1604.0245431434805
87678,2328.7821023096376
339,962.1343900729341
20751,3582.572225042463
87418,1598.015239306893
15929,1984.0008423346226
65224,893.0822605674301
30786,12244.773419640238
17972,975.2051302142307
20195,5037.0693269949015
23397,1970.080854055804
18364,1007.28933971949
70223,1061.0287416119802
24940,4209.901859085252
1108,1485.9982246393604
100000,1216.4169148095496
52527,4439.939568657837
79158,2416.8431309551006
54990,826.3318053385599
48042,702.0573857288239
57182,3094.654351187343
94370,1702.0784159074915
63637,17294.200124375406
40231,599.4463719834233
71017,2538.354233838874
51204,5924.408296823485
72995,2759.672252494432
80843,5228.110784433004
1636,3720.477249442465
3151,1586.6715584838296
20877,1316.6958193689263
20054,5336.268470330162
56149,2137.429542529816
48673,1950.1460065173032
39400,2693.5535701659574
15526,1759.9665054591417
22996,2276.2901584022634
95807,1046.0124275798196
93057,1318.639274143869
89608,3982.470120386163
78599,3367.1430005327647
61757,919.8149693119307
99720,2713.3644989965974
63449,1437.6180920324502
79402,541.1218025501206
74530,13377.906761224385
99325,1963.771016325568
57509,4452.809986030202
54545,5457.069322370672
98590,3719.004294698593
68070,577.2069171862794
94708,7331.966075387054
63922,688.432375920559
22503,3080.684982933692
1334,3622.1944135414838
21560,1005.5162782199944
23988,1216.4169148095496
80243,1126.6746754235614
35895,3622.1944135414838
50215,15193.65664601409
85279,1621.7228367556252
80783,1273.5028014075237
753,1508.4319126989863
43202,568.8144017292468
59885,1938.7152317952985
86875,2953.629210455193
22887,1069.9677836261487
20397,650.024919271805
17658,6128.118131896827
26644,1845.2820960809483
42691,2209.5862572224837
64242,6012.879203462197
42504,4711.112825649509
37651,545.3252128153337
8055,2264.533026990073
33857,5037.0693269949015
70680,3456.798259672507
36026,1137.6667783927624
45971,3546.119604673173
36397,1810.4772704131476
55275,724.9795127538666
43608,2137.429542529816
18309,1324.2503083627635
66970,1059.6374373880844
93755,1925.825389040673
59146,10071.78308419149
82938,738.6045225621315
69688,3736.5997351549113
93044,898.9548092689622
66157,14030.572827630696
44414,4214.823591547797
55791,2686.677960484491
83326,601.2833952454322
4418,1505.356185690995
24192,1675.9544064167817
91139,500.7360245647538
51677,1516.8589263192703
29406,2428.7351858548727
47670,2496.5402481350156
25563,9315.40300011078
87309,3709.0898685279
69197,1519.2302248569304
71043,1912.9918025489178
68457,5474.593014168996
71771,938.0509108739268
78704,1186.6840206163038
1966,2768.6206587122647
12099,1824.1022802214125
26201,799.4691228195461
61238,5237.375197995306
14843,1287.1278112157886
54731,254.6608638159312
39984,1083.481657462159
14310,441.6639228477289
97556,938.0509108739268
8670,1186.6840206163038
61713,4849.675226980312
11808,9768.779810597916
69437,4250.327080366858
93986,1904.3741078910161
59450,2622.6670760808224
68214,1970.3758325263577
61457,613.4151764164139
53095,2327.465112389405
3242,1295.9016608690629
7117,2928.8236910720266
55604,1673.2142680723919
84144,1201.2051428418483
98482,3789.425325460999
78552,8146.194797832219
28351,2175.3450994236227
63949,1922.1659645806421
34516,5920.184518684472
8218,2000.840202287195
41323,4322.649625599605
50742,3784.8223917987575
98278,4713.114309754532
90248,3744.5627507029044
30253,2401.5367937454744
13729,1748.8879812774483
73453,2688.7754950990943
74882,12925.410018438042
81378,4223.5268688935175
69257,3857.5678852214933
24287,1046.0124275798196
98284,1797.9090400370387
95883,2177.119910070846
43787,5460.96800436073
97921,1200.3090304245686
81819,1956.455844247539
45539,838.7937570227798
76804,1382.7766336946627
5475,3714.25071891753
36489,8171.935480340828
4643,769.3514066215331
77743,273.89091923509926
70879,3094.3099927419566
30363,4209.901859085252
73809,2015.9184396460437
69538,2494.1390146620656
31225,2327.465112389405
73335,2272.794876808998
8082,6145.214646842108
89253,11955.081994777867
12008,2554.5028027320404
44065,1257.172971858425
65414,1010.5163918694516
85367,1687.1055439411082
85475,2781.2972748425773
7323,1998.6323485281184
39159,2779.791401236963
31280,1057.2147330880211
32154,534.1750367576163
64657,1871.8701854999417
27876,8199.819829144632
43479,5878.521045808494
32697,4408.397349232057
98292,1169.9529016462766
61254,5784.707762994042
45807,1628.16681637323
85095,1206.1765288131683
51605,3265.2382847054873
35676,1845.2820960809483
88821,3971.2273521561633
80092,834.3382279454113
89362,2494.178256178614
90456,2507.7640244703302
10861,2015.9184396460437
22512,7041.069460098999
10839,737.8895453054013
25936,1912.9918025489178
64502,1398.6314558485167
83230,2244.5852774169134
37579,2004.3220118546637
78098,3033.946204671982
48377,945.8756423302768
44360,2015.9184396460437
44128,5356.4112325946735
1228,4528.760824509427
4564,2858.364591163024
64238,2300.1294532818015
27276,15357.302194348986
69496,395.1607695204347
56131,9482.985479083234
71575,162.07219020257546
77075,1059.6374373880844
90833,5788.108952925291
78688,4539.7408177215075
68763,906.1899595036658
6160,2180.4855127601245
17685,2767.6722650343127
42206,289.4754382391465
22643,10230.146702487136
63426,2137.5426107034364
87021,4522.6583367610465
40174,2947.2437850713286
13876,3844.411079348125
59037,782.976416429798
42658,2518.0434879919035
87172,4391.31880861481
99917,930.8028569967994
36985,1296.4451639305632
88091,60.75222586474213
22901,1797.9090400370387
69941,2357.3805355565955
50360,4656.567640615343
54155,2357.3805355565955
16174,828.9846225843197
78793,2013.2356712409778
27832,2004.1291624843088
98017,779.0780852362445
44255,1970.3758325263577
17881,5852.7408237666305
97500,2540.877792923776
58749,647.9368318154236
34895,3954.701809780795
59320,2265.995381636171
53357,3468.5873751068625
48570,1718.1195298632076
5734,3611.2208677601
47914,1295.9016608690629
64424,1091.3071654418745
10219,2494.1390146620656
93036,9927.94170744373
67847,2986.0800370648562
91559,3800.3115392286636
44790,1508.4319126989863
96074,4663.246658042385
314,1280.6616037808978
90822,3037.8969307055495
6709,1288.0034320792624
40716,1525.183715332589
34984,1273.5028014075237
8467,4589.411716564629
5097,1632.9691331806537
69051,3391.843043684935
90812,2663.8812700342446
27743,3098.5659464442056
23850,2094.2547222692906
46637,403.23162067118375
39131,4191.619739858235
44262,1824.1022802214125
51085,10055.199478912618
98058,7265.5786615531
54359,2975.5624693337368
29396,1531.0326120145462
74440,194.68481675963002
97363,2980.6300166830047
73519,1858.9071058892132
38631,1516.8589263192703
22605,945.8756423302768
92651,2317.3059192444407
97037,9894.324318298284
49870,1104.9321752501394
99024,1091.0992987042162
48150,2104.428842249991
10809,2285.1091008490434
45699,1440.9665453529185
81741,12387.283379651946
91047,688.432375920559
28619,5083.397699421018
44723,2609.042066272558
90106,1811.5340498453036
71862,4770.902574654607
12924,725.9661728201017
94354,802.2938765018146
67119,1889.037827637946
7998,1592.9765543995122
87405,481.2089719819107
20170,1014.9794617601614
36779,2090.803832441726
44301,2013.2356712409778
24751,862.8696946328034
16595,5094.884474572088
94384,4439.939568657837
92809,1893.1482636880742
73205,3648.122938897499
66076,2048.7063698943207
12717,2102.51331432738
83586,2719.806097427187
8724,630.2861496505848
30029,709.5164093295684
21149,5495.87055796337
90610,6931.308654747867
10796,6779.973784669418
83462,3614.3807066096742
52137,654.3367887089863
34613,3500.46220628268
76530,10966.276160348698
72002,1316.6958193689263
91847,604.761552579469
1305,1440.9665453529185
16893,3954.701809780795
8201,1261.6079263613262
1545,1939.5907359643309
36744,3744.532322788737
92746,1121.217014902229
26570,1919.7363531070678
10088,2518.0434879919035
4236,4412.570141734861
74141,1050.4823576808924
89659,6216.019361741834
6251,1889.037827637946
96832,2677.5062798425092
59724,2252.370371827906
54896,2416.8431309551006
81114,8116.88772719889
56929,3903.229151596835
60715,6671.365149197254
80328,4309.02461579134
76611,1764.5694274840682
30900,5295.670362512959
2508,3339.8829187408055
85925,1150.7325146670028
13799,1905.3290001836224
91352,2741.9277730989716
32759,794.4759232405075
946,379.5794882122775
99796,876.4947044410683
35133,2757.50849147894
1116,1905.3290001836224
50071,1851.3445253092505
54100,1257.172971858425
40414,2204.5042042207806
14662,5049.156541622157
52391,9062.188542633325
38710,724.2645354971364
7269,2504.418478183639
51799,2100.0348987863454
70059,2320.6610444161242
85928,2103.3953476298825
90066,1530.4275476030734
98676,1014.9794617601614
60602,9637.100782995009
86472,3414.9825211069574
20724,349.45005775132023
70831,623.2197533530209
28255,1168.5189858993308
66269,1956.455844247539
32870,2357.3805355565955
30814,5047.138583085568
36859,2609.042066272558
96849,2416.8431309551006
34425,4254.395154030337
56164,785.8441130112813
7020,3656.6861439975846
60038,2846.4028423797818
65940,2713.3644989965974
57726,1113.0496656152966
41405,2597.76258770577
35388,1315.858489299593
63121,7512.718179627507
67436,1595.2506934902062
14704,254.6608638159312
46252,11475.815517730229
74105,2357.3805355565955
20068,1938.7152317952985
83316,14361.926983947395
23434,1286.7251805560372
3032,1133.7397754957806
96911,1014.9794617601614
24792,5416.438507065705
82670,2089.5633749226904
1362,3299.4794425043483
4063,4452.809986030202
32694,2645.6287553128955
39688,1233.9187354195578
63839,782.976416429798
83795,2605.4288955298384
59649,1169.9529016462766
98053,1233.9187354195578
80443,993.6400799444363
34148,1121.217014902229
64891,2295.3958706979615
58414,939.8600342786432
40450,3948.2289625873022
51826,1795.542481818229
63516,3098.5659464442056
77485,1201.2051428418483
5349,1293.0107472296256
39503,1206.1765288131683
48912,3309.8600075070017
84629,2081.9305794415277
71558,1713.9340850639883
43517,2236.4492062515365
60951,9280.997164958448
30757,1621.7228367556252
51985,3971.2273521561633
59666,559.6649968646872
74502,716.3248413541943
17350,5463.4789953009695
34184,658.0177937234838
42983,7680.020135980469
47729,893.0822605674301
83125,2320.6610444161242
5778,5191.020270114955
46679,4456.281491167217
42465,879.4572507591653
96384,822.4839166474367
90110,4169.440573305918
69473,2474.759110595301
11358,1426.6800673328219
43745,254.6608638159312
1398,4921.154638053015
81229,11097.170718439078
22306,9025.698999440287
79018,1947.1985743290788
50337,1727.5590948722531
24388,2632.6083731554827
39002,1617.6495529517454
32268,3504.6644272796325
8522,862.8696946328034
3362,2898.5389246451828
36511,2104.428842249991
88864,2813.6744128226087
1325,4439.184976221936
21173,2272.794876808998
49478,1322.3037521668039
55258,1233.9187354195578
73661,1283.8822821556173
82528,6982.928254580252
33195,1287.1278112157886
46998,5295.190345572492
57037,1970.080854055804
76609,5559.861276695585
95556,2068.305569633263
63279,2704.605600745234
14357,6223.821811263963
36833,2556.683779691393
18772,3080.684982933692
60843,2318.4953324607195
51152,1764.5694274840682
63354,2405.2467031637207
80739,1689.5794162250465
19492,4271.393036500644
52305,5593.629048768364
71047,1917.999117699281
54400,1422.8015106359455
39170,3836.9274845429386
14312,621.8354523905542
65643,2218.129214029045
63066,2719.806097427187
29985,5965.172692104013
40790,1261.6079263613262
9317,8279.561249557371
565,8134.579348228572
8744,3391.843043684935
30532,1200.3090304245686
16628,4143.6284619223625
68605,1698.4257861286974
60431,3094.654351187343
71221,2597.76258770577
67032,1330.3208291771912
25566,1970.3758325263577
51147,2990.030763098424
6432,2272.794876808998
62174,780.4959350894724
16395,2081.9305794415277
66702,3656.6861439975846
54218,2116.138324135645
27611,1904.3741078910161
74253,2762.363792962019
92522,2029.5434494543085
57677,4659.633693033203
29556,2507.7640244703302
48315,4412.570141734861
40782,3546.751939287916
18045,2029.5434494543085
29027,2094.2547222692906
60113,1673.2142680723919
61857,1531.0326120145462
43375,5202.132728669453
92733,4439.939568657837
76501,7780.9985900898455
28226,4274.78345799248
37985,834.3382279454113
99638,2967.89332369417
87553,4214.4249422159055
19686,6788.592691452058
15550,2764.2018017559676
67453,1947.1355077694388
10184,368.76587871584945
99275,1561.2777266375263
41170,1412.2564656567815
74986,1069.8566476538942
14824,2029.5434494543085
33487,1858.9071058892132
4554,724.2645354971364
18626,5157.75056035913
44415,1345.5896901784893
38012,943.1020952097509
33675,1621.7228367556252
92848,2103.188384730955
51024,1882.6806391712355
59058,1956.455844247539
24371,1413.055057524557
12474,1970.3758325263577
75276,3304.658099095693
18742,4770.902574654607
99343,879.4572507591653
17535,1137.6667783927624
35472,1059.6374373880844
74045,1490.2668779820133
90956,1251.1739067978012
82710,2725.372447449635
27930,2357.3805355565955
35037,2428.020332333591
59433,5730.942166628228
2202,599.7195964202706
34804,7885.897583072672
99641,1287.1278112157886
79930,1777.8167287348806
83988,11228.488573977871
99445,2434.3724188030556
37079,3325.72436135646
61374,843.6226515692617
7629,663.5252057065505
9518,738.6045225621315
22623,836.080252288347
64402,1531.7701232656475
5486,4201.198581739532
33248,1574.0207031432885
70629,1010.5163918694516
91268,1019.1412880282593
7348,1970.080854055804
3107,4056.358449024126
19820,765.4530754279797
66434,1159.4067304841203
58757,1322.3037521668039
75144,3391.843043684935
3306,1811.3593037156502
2412,7717.909083607634
24516,7784.817303624915
87109,803.1295470774525
97779,8098.306174187015
91172,3695.989106504624
16889,3757.8547755089735
3535,3375.2825300131385
8919,3015.3886836780252
2743,1893.1482636880742
43614,7813.650202109238
87180,1364.6401006923227
84382,1856.182668191211
34592,2228.196812666573
63471,966.8899974936425
39063,2000.840202287195
68923,2827.2994226308733
55769,5056.728386013308
31938,10453.70019318912
57269,1006.9951747394684
85642,363.9547021384635
247,13958.880064130311
59925,508.9225645782418
47685,1620.1897927563025
58448,953.485044086908
82830,24329.90778864846
90448,3710.699052565806
14839,2407.2088045261444
5337,1870.9106057243862
69420,737.8895453054013
66712,4072.2623275512515
26161,1516.8589263192703
28475,1197.175097725811
21114,2639.6700533286994
64262,3753.2454524974537
16316,9961.490470111064
28728,9030.503837715278
61739,1902.91046518029
86191,3721.832845033662
22173,2904.1494810553163
10642,1984.0008423346226
87740,3108.2793609956075
93995,1392.1861929813058
32371,1687.1055439411082
77556,1426.9062128292926
54070,5349.893480138428
85134,3682.908563998294
92885,7412.634367812797
45855,2235.5705983499274
36009,5022.292952240685
2996,4407.061304877976
91782,2828.9203819741383
47442,1273.5028014075237
57854,403.23162067118375
62608,1345.5896901784893
71025,1046.0124275798196
82712,7756.747581894195
38580,1275.232936169591
36413,2292.6262841162147
93280,1069.6421375126702
9632,1318.639274143869
8888,1880.1281405658262
22042,4587.681719091262
7860,1880.1281405658262
77382,7398.064050254686
38530,4078.527082854071
72451,2343.5940937683304
74477,2396.3327653965803
67187,1329.419011767252
24802,5893.84316886283
26946,1324.2503083627635
16543,1490.2668779820133
25610,4010.1909303370694
84639,603.4809837318005
16378,1301.6284418875273
9503,1591.3687476691844
30384,1382.7766336946627
68871,2369.9620800823573
29982,2274.17109762217
80180,3094.654351187343
10082,1233.9187354195578
83421,1363.05288423775
93754,2663.8812700342446
998,10698.596904720494
50202,1345.5896901784893
95391,1721.581336355326
20671,585.8213621751585
76180,757.3181744388417
70764,4767.431069517593
72348,3203.688460044161
4091,7591.1713159281035
67174,4793.473087603272
79843,1323.6496949096402
19196,1557.31861317071
8688,7362.2445278905425
59995,3424.3993465255944
90695,2151.0545523380806
36716,1297.5072919638822
37166,4574.056709282996
97369,730.5291064516555
44850,4393.4362950697105
37647,1503.2339165110054
87569,1261.6079263613262
7165,3047.5712144802465
79260,2244.5852774169134
97496,2302.567888580011
8682,1297.5072919638822
47352,1604.9937574774492
17088,114.62961961671287
39313,1398.6314558485167
30813,630.2861496505848
9243,1423.9930822241854
2196,4257.768026692378
63634,2116.1717372403887
35457,558.9502226235985
14325,957.7405926290828
24626,5581.207314903307
19405,2970.268163383791
48281,585.8213621751585
82680,9610.875141422546
60812,1990.212072553978
66177,277.971704337588
5484,971.3656024373477
2999,1893.1482636880742
7726,671.1979498340032
87250,1382.7766336946627
42555,5544.512713533662
45664,2275.3625692778674
89576,644.5332431078199
32081,22783.25372390899
97253,1316.6958193689263
40336,8772.666517351727
44033,1038.017004188818
74970,13160.962818515613
25358,4191.649344363901
11437,414.0775846855659
95752,2146.242977050042
30336,7572.365798098331
70266,287.51592904336405
31660,2415.161803553739
36095,2068.305569633263
80666,1046.0124275798196
66870,919.8149693119307
13993,1006.9951747394684
46407,1240.3681156872135
75637,12623.986199757031
72418,1282.276651060798
62789,1003.5978358806897
80258,8045.114518384465
79663,176.89604303595493
91794,670.0840454920777
80692,2510.1652579432803
2831,2102.51331432738
55076,3377.0545675357675
76190,607.4406824555989
13176,1845.2820960809483
35782,4948.348592794209
27952,1282.276651060798
14120,1046.0124275798196
91802,3449.65819126212
85033,26917.806739878626
98182,2736.533422220085
21902,3872.664023636179
72468,2733.4311072354517
59035,675.0850923054896
67470,2639.6700533286994
11723,1713.9340850639883
14576,3656.4355713403447
75112,3594.618106895041
55752,1875.4128178296812
58151,1858.9071058892132
97489,2396.3327653965803
41245,1638.4437114516088
61444,9339.97764429155
23228,697.3933959455766
45307,4164.318632927298
72855,1516.8589263192703
6700,1686.5345406129657
91328,996.8913820611867
64141,2151.0545523380806
28115,1010.5163918694516
39199,3811.1903781127844
43346,1522.056922507251
44898,2393.5837947178798
141,1906.773273496339
29086,2161.720089615358
38461,1408.2353536572366
85590,3299.4794425043483
46085,2989.050292657145
36052,3044.156492021753
29283,2856.2833134481907
94377,863.5323305969304
46650,4319.368694378394
86254,13462.334226546607
13184,1628.478066069646
58294,2068.305569633263
31032,1947.1355077694388
3627,993.3701649312036
94774,3357.875031965533
53109,1125.0861516588357
15023,2970.268163383791
66348,3614.3807066096742
91432,8820.407278724331
80786,3766.8704623057183
71412,6974.950777770522
20120,2404.433891456673
92034,559.6649968646872
54263,3047.5712144802465
54021,1557.31861317071
49963,6334.187246463928
73832,1214.8301526501132
57734,2496.5402481350156
77764,7985.513588512234
61642,697.3933959455766
82358,1083.481657462159
85856,2967.89332369417
25192,2116.138324135645
4092,13442.442222413425
73306,366.68448383787603
56714,2837.0477472297925
52592,5171.256515666829
49298,1638.4437114516088
70041,202.11968315686028
54847,630.908233299555
12125,1214.8301526501132
44035,1824.1022802214125
13868,1530.2370792663248
22356,1206.1765288131683
23712,2228.196812666573
76701,7798.911144159498
1288,3042.1470593885133
37376,908.005205436195
3854,5951.547682295747
62115,1010.5163918694516
54338,1503.2339165110054
57633,1201.2051428418483
25414,5121.984479916015
37719,3844.411079348125
62949,1704.4945200549428
64930,3844.411079348125
3582,3792.9203314994397
46603,1702.812144859521
79706,10943.75344866555
49987,2704.605600745234
33735,2725.372447449635
10305,4730.9205015534535
25752,1505.356185690995
58710,1503.2339165110054
38229,879.4572507591653
17705,4191.649344363901
9841,9527.277744834844
86710,5705.2185113346495
45946,1508.4319126989863
25551,1332.2642839521338
42226,635.9927005464
90609,1516.8589263192703
93441,7866.22705087566
63448,2936.02700558493
75723,1811.5340498453036
91846,1247.5437452278227
91931,3504.6644272796325
81931,1091.3071654418745
87399,777.3068801628684
4139,1683.7741877164726
89700,5965.172692104013
23511,2773.2972623026967
56064,19722.702365034696
34680,1811.5340498453036
98675,3533.126929479651
64200,2089.5633749226904
16623,9360.771745864184
21238,2749.176689837399
21862,509.64162812622067
77392,2688.8769665755253
76825,428.0389130394641
57878,4865.481891832287
67077,2590.9523849975335
79447,2269.439751637315
46839,1426.9062128292926
23026,1902.91046518029
96762,2327.465112389405
33944,520.3239418972463
39218,3360.317894925658
48250,2089.5633749226904
82911,13958.880064130311
33704,3924.803514318646
74944,744.687813103894
25425,1283.6471131409648
2139,161.8672992131543
83441,2151.0545523380806
85375,1854.522140974046
52124,2801.9596928031247
87556,9359.593137879698
16715,2878.438315383583
15902,688.2490802090507
9535,5168.1854969942515
89269,294.91324775963716
6942,7177.637825708964
48808,1970.3758325263577
12674,1324.2503083627635
92110,5801.568352052868
18429,3672.6110818353395
29742,1295.9016608690629
94185,847.9632377536761
17160,1091.3071654418745
27521,2507.7640244703302
60567,1734.004357739464
60579,1125.0861516588357
13205,19924.41605012779
39324,1121.217014902229
88180,1652.0687212598737
93683,1372.6374816732323
92538,6465.326317086527
91694,1125.0861516588357
89415,1695.5364411150579
18171,385.71461293586634
63501,1984.0008423346226
84599,803.1295470774525
30496,649.6177103546648
12230,2923.912080769949
78551,3212.601793719647
97803,2999.705046873121
41268,649.6177103546648
4617,270.28150295680825
74327,1137.107504858738
48592,9628.543239988816
96595,2496.5402481350156
50542,3655.345958024888
95191,641.2508499122597
29312,3250.387278823831
48443,1332.2642839521338
80902,1823.0545312485149
34843,1480.9909094889972
21097,2236.4492062515365
26005,6498.636910021219
47863,2318.4953324607195
36932,658.0177937234838
96083,5171.256515666829
86644,4771.544543043716
81108,576.4087558986139
10699,3809.701717614368
55845,4793.473087603272
52496,4882.889389879893
76998,8657.908003581539
41290,3545.964773857395
85700,4626.046065768801
62980,1014.9794617601614
84533,3490.478255356253
48891,1233.9187354195578
3150,4399.679927561983
90224,2781.2972748425773
11491,879.4572507591653
93473,4484.061656793309
54296,3098.5659464442056
60053,939.8600342786432
69406,2269.439751637315
17924,2540.877792923776
86526,1173.0317402923852
95368,879.6755052532611
12907,5364.353043106423
97451,1186.6840206163038
65364,1922.1659645806421
85819,1110.356316934591
64211,1810.4772704131476
40938,1200.3090304245686
16158,3859.0390138279145
70539,906.1899595036658
31693,7869.792499960595
77239,1927.994308172951
73469,2990.030763098424
72289,9894.324318298284
23862,523.2540542407542
90317,4767.431069517593
79945,3722.7148783361645
14649,2990.030763098424
5074,794.1209448977372
22031,5324.907707850438
71546,4214.4249422159055
70150,1240.3681156872135
57516,3763.057339146972
23931,13650.830963575707
30949,1216.4169148095496
81109,201.57784736682865
90114,3766.8704623057183
67730,554.7468123583855
27686,815.3596127760549
11399,1503.2339165110054
55782,1840.897131165781
93427,1092.2555071154334
20872,4404.943818423076
21305,576.4087558986139
74901,1201.2051428418483
44824,2749.176689837399
84673,4330.489551469227
26582,4076.920838326032
62290,287.51592904336405
54809,2103.188384730955
76663,1628.16681637323
29635,1386.1381697701727
52966,862.8696946328034
88676,12027.384021092754
59145,3139.4145982911587
8853,3859.0390138279145
47018,2476.8630564234836
55763,1330.3208291771912
70505,16721.794706912944
81630,2089.5633749226904
48848,15153.785009258796
69482,8588.818187586186
68668,3872.664023636179
10061,826.3318053385599
28052,1316.6958193689263
1023,1286.7251805560372
19394,4593.65039664377
70372,1811.5340498453036
6483,2407.2088045261444
58699,3348.4259320948377
10413,630.908233299555
24208,2103.188384730955
42765,1503.2339165110054
73490,2971.1859747577223
88173,5739.4667973549995
99644,1718.1195298632076
1160,2236.4492062515365
9155,456.9070356391873
8722,932.250632522012
64781,1536.5591757974128
24669,1092.191282217618
54842,2554.5028027320404
39611,993.1824673315713
886,675.0850923054896
24422,2491.6755016778766
61947,19732.02335008072
2450,1757.3082572515887
38107,12234.771772128068
5440,900.214625936312
81234,2882.747854654099
4403,5727.288794750826
1139,2153.993439266774
54162,6412.579098119471
75872,7970.75691311678
5287,647.9368318154236
73700,1984.0008423346226
84302,1125.0861516588357
12990,479.2992767809156
60041,3491.039417471368
44245,5130.658407849627
99210,248.37439644968748
85199,2302.567888580011
72074,1091.0992987042162
92194,3094.654351187343
93387,3558.862581178935
17210,3375.2825300131385
69393,6658.606763983314
83372,1286.7251805560372
42932,2064.040725776797
49389,7838.907893269089
61109,3158.292020614382
18933,862.8696946328034
87219,5186.057656967197
42617,1576.784158085364
96955,2980.6300166830047
61017,5135.962599329757
84917,2334.348287922954
65390,1186.6840206163038
48835,16551.264828433825
71775,2518.0434879919035
9228,4807.098097411537
82564,1057.2147330880211
2216,10302.85511923036
58065,487.111014756489
2298,6334.187246463928
62595,3254.294063424043
6846,11356.950427305015
40910,1882.6806391712355
16534,828.9846225843197
49997,2856.2833134481907
39126,7046.013944003889
94747,2556.683779691393
76634,1078.6304973071685
24962,1201.2051428418483
59656,6176.468581531266
24282,1104.9321752501394
91652,1206.1765288131683
19771,803.1295470774525
45484,889.8401707192218
30245,3015.3886836780252
27641,630.908233299555
24060,1214.8301526501132
76590,8344.912724626114
58157,3800.2209415792045
69459,2556.683779691393
49609,1256.1263710175501
62354,815.9188863100794
85265,3714.25071891753
82718,1747.9099624787434
88561,10855.991513326057
55897,541.1218025501206
91199,1092.191282217618
79550,3640.387372619648
82512,7118.0312673880935
20723,953.485044086908
80574,7372.39224631572
77666,761.4437001733836
40755,1426.9062128292926
69251,993.3701649312036
29171,2038.4455458605603
41109,1746.3414956508768
9917,2283.0647614455797
52456,3872.664023636179
36124,1617.6495529517454
15865,671.1979498340032
46410,4434.059502537195
75213,1575.950938129338
45408,1192.5515190049034
85280,1361.4257742897812
65482,1137.107504858738
80584,8009.743758148123
83396,847.9632377536761
79914,8886.704843532038
67519,1516.8589263192703
93396,5489.465143552959
67004,2930.6140222612244
39217,2975.5624693337368
97417,4148.840295158365
6749,1870.9106057243862
25150,4009.5165178848147
42813,2726.989508804862
44243,3752.354773972079
52405,2161.720089615358
74239,1956.455844247539
52181,4106.643871234789
32617,494.46015123500604
52177,3143.5915348773738
45082,9790.321667392727
72456,1104.724308512481
89204,1687.1055439411082
38291,9004.607498768206
73701,2415.161803553739
77012,1970.3758325263577
86387,7402.957374276375
70000,7372.39224631572
98604,5298.972716641111
52442,1624.538236006704
776,5047.138583085568
48280,919.8149693119307
84939,4889.456539553613
83719,658.7671152192245
71920,1137.6667783927624
7827,3171.917030422647
10815,1240.3681156872135
90883,6388.549728364911
38006,2511.1464100020335
35265,2116.1717372403887
92560,5443.444312562407
10502,2085.184324122271
64504,1854.522140974046
73253,2980.6300166830047
89613,4106.659465015084
64845,761.4437001733836
10284,1843.4396916854487
14061,1283.8822821556173
985,1083.481657462159
83864,1398.6314558485167
16571,1091.0992987042162
90630,1740.6796354184596
68123,5496.361664833297
75378,2757.50849147894
35442,2756.7433695767127
60827,3251.6132748972227
86293,3758.736808811476
81930,2670.364442946373
49375,2821.1634299098223
63315,4986.4107319557215
31105,1287.1278112157886
13285,1856.182668191211
46100,885.8066863912213
82652,1956.455844247539
70462,975.759399881199
51830,2292.4514450240395
67263,1885.4951953082066
65200,4667.600684023542
15667,1984.0008423346226
94105,1036.777720296486
9042,1078.6304973071685
14233,4837.663225372193
84186,4657.5365056468145
78564,5463.4789953009695
58680,4645.6100338930455
80095,337.2857042919495
7409,1133.7397754957806
40925,3033.946204671982
70390,2393.5837947178798
895,2089.5633749226904
63270,1378.9626251707036
82225,5094.884474572088
38152,5254.592237755291
80709,4513.537837160048
61571,4645.437860161502
30230,9569.605450178396
44542,1316.6958193689263
38459,1440.9665453529185
77734,939.8600342786432
8865,2276.2901584022634
77654,724.2645354971364
43971,2160.7314453205054
65766,1182.1439957075956
70675,1171.3514274851536
91749,2941.525337380143
48531,4665.999121058721
29293,541.1218025501206
73068,3093.190757527455
39845,4334.1388461670795
85246,724.2645354971364
84797,2160.7314453205054
94143,1412.2564656567815
39179,1422.8015106359455
33651,2356.3370702740926
89671,1137.107504858738
83023,978.5470602337518
43604,4938.5445643485955
81614,971.3656024373477
24263,2153.993439266774
68246,1423.9930822241854
14764,8098.306174187015
91849,349.45005775132023
99241,1318.639274143869
47949,3931.920746159605
34361,9896.42197373797
83920,2013.1818707185084
87862,2089.5633749226904
56319,3291.666330790537
87093,5241.735794241269
76277,7183.485128887605
91481,14652.457492088957
20730,7104.2318856829315
37845,4144.645765182548
39704,2510.264376699531
9329,1845.2820960809483
5577,3108.2793609956075
26809,2393.5837947178798
68660,1297.5072919638822
25887,3752.354773972079
97101,1061.0287416119802
64477,996.8913820611867
57555,1247.5437452278227
52289,737.8895453054013
73289,1871.8701854999417
25417,2807.523018507314
89482,870.8036269222204
17377,1091.3071654418745
11298,2137.5426107034364
1279,7969.424005806494
25581,1119.0307218153732
55329,1194.1425590152585
40608,5377.32563023393
4939,343.1452405813803
58381,2213.8717443718006
67959,3198.9767839113824
39476,2252.370371827906
93930,3379.498228816209
58812,2700.621522490835
32655,2269.439751637315
57308,4079.5110498203358
69255,11458.961122585175
84346,4544.6719756609245
46620,4132.487239036831
69523,403.23162067118375
20784,2050.1550277462147
4099,988.8301400224956
61763,2773.2972623026967
14685,536.6807975959462
88930,9801.546805989317
45064,7867.597424548325
98333,1687.1055439411082
97706,414.0775846855659
14263,636.3999094635401
65864,1746.3414956508768
75547,9628.3580242826
8047,1684.8007763204325
23908,2591.803885721574
9818,294.91324775963716
8795,1947.1355077694388
95214,5477.682355417669
19451,2474.759110595301
55113,1795.542481818229
50110,2260.546087813905
45884,2990.030763098424
31764,14361.926983947395
84389,5585.06948610196
9605,2967.89332369417
25207,1557.31861317071
11859,1398.6314558485167
65647,1908.5409547723773
6582,1093.7605839036075
6532,3608.569403733219
10106,586.5394403097514
97715,1912.9918025489178
15011,6577.348232309554
41677,5487.634450331328
8057,576.4087558986139
14598,1970.3758325263577
13484,2813.6744128226087
12966,193.83758645800415
86415,11396.108153094401
74750,2116.138324135645
38697,1508.4319126989863
88909,5171.256515666829
40809,1182.1439957075956
67415,3158.292020614382
82984,1014.9794617601614
18544,5880.218159054564
22072,808.8589068391718
74142,3916.3514380576885
42738,363.075067559585
34490,3533.2217973516326
62558,15923.360536427865
19602,8655.759549757266
62551,1593.5545318964423
74181,4639.852278234906
25797,472.3730528150543
85949,1423.9930822241854
89935,2510.264376699531
74075,1398.6314558485167
74550,1251.1739067978012
93297,822.4839166474367
62609,2146.242977050042
65084,3095.725367270248
26989,3323.7841129047342
76094,5324.6963719346895
7566,5188.506104572955
16551,2624.3386166092096
3190,1297.5072919638822
33621,1880.1281405658262
58224,4447.6845123454605
62306,5394.849322032253
93556,2871.989600971289
22335,2726.989508804862
7705,8581.985520106426
1676,2283.0647614455797
42964,416.85663047944854
40096,3766.8704623057183
53850,2947.2437850713286
10778,4785.465686587621
21687,599.4463719834233
45249,2662.5497514343574
93492,764.7355629317414
3491,2068.305569633263
18164,1059.6374373880844
93855,1858.9071058892132
64965,4841.783930455704
46241,879.4572507591653
19796,7976.786374010264
96882,975.759399881199
57839,1324.2503083627635
78466,1233.9187354195578
9057,9609.318268713094
53473,7327.781818467757
40150,1188.7792081636205
8762,1854.5123343120526
51877,4545.221578795708
59412,487.111014756489
90875,5196.777090178104
45176,1508.4319126989863
9658,9686.88838718843
99016,1426.6800673328219
87924,1990.7609364572068
27763,2971.1859747577223
81606,3180.9689480645657
47625,2967.89332369417
52535,2330.9309290527053
63053,4309.514130431569
92787,1740.6796354184596
26961,724.2645354971364
56063,1315.858489299593
57013,599.7195964202706
40209,2507.7640244703302
38261,5443.444312562407
91485,1096.8394225497161
25443,4871.584379580668
87554,1718.1195298632076
87467,12787.888134652088
28960,8950.226297907537
23101,6456.769235888392
60365,5617.237578649473
5770,794.1209448977372
25748,4126.393250461195
2178,4753.806059709327
70328,1069.6421375126702
80731,4592.538143268051
51276,4191.649344363901
92950,17110.484774162785
48622,2161.720089615358
21890,1746.3414956508768
207,6900.7435267872115
77432,1560.3956933350237
19190,584.8336317548989
11672,6273.578838050256
30138,6253.436075785745
88042,1168.5189858993308
91273,1118.8719975020324
89568,1606.5647829480376
55658,2779.791401236963
57703,6340.498844071216
45377,5558.137723341927
81340,953.485044086908
54667,7740.6271658559945
19947,2077.409617061433
55136,2116.138324135645
59048,3548.331067243602
73588,1797.9090400370387
40715,10854.589088777831
91671,1527.7853261441385
8973,4807.098097411537
88550,1038.017004188818
56958,2759.672252494432
16237,2540.877792923776
13771,738.6045225621315
50904,554.7468123583855
10011,436.60819805529735
90127,876.4947044410683
11630,14226.771120724858
94484,1606.5647829480376
23253,7253.428957529645
79328,4859.663460637626
51499,1359.0124718649674
32848,403.23162067118375
16314,1579.9295220881775
34765,2507.7640244703302
66023,8623.91009921773
5750,2350.434056187137
43404,2223.2112670307483
10774,3515.9918941159626
84562,2428.020332333591
89249,697.3933959455766
95305,3362.0509419031023
96714,2218.129214029045
21209,2398.119917988322
60750,3029.01369348629
64031,4595.200811251614
84296,500.7360245647538
58453,6388.328089923821
99451,1437.6180920324502
4713,2827.2994226308733
69082,5047.138583085568
63714,3786.59593177094
82832,876.4947044410683
69006,3600.7556968014096
56814,1047.2671639912762
42027,1137.107504858738
65478,3003.6557729066885
72518,384.08166741344934
53637,13263.956131442574
27144,619.9299527416364
49539,1200.3090304245686
77925,5937.30771069385
55221,1322.3037521668039
75840,2307.0360346078596
89290,6096.33706315826
78043,3033.946204671982
66361,1091.3071654418745
27450,1984.0008423346226
51815,1201.2051428418483
33209,1740.6796354184596
54905,1603.419870050225
96881,13084.747556291579
50824,3738.7297641638143
4571,862.8696946328034
42216,2015.9184396460437
10768,2291.7091773076613
22947,4226.92223703311
82327,441.6639228477289
17260,906.1899595036658
69642,822.2832697535359
90510,3776.6823489552366
3531,3343.9768760778093
13358,2597.76258770577
48136,5253.834439726582
54061,671.1979498340032
96096,1811.5340498453036
3805,1687.1055439411082
77962,6900.7435267872115
35752,11356.950427305015
12776,694.5649305567916
74569,724.2645354971364
87373,822.4839166474367
89021,1257.172971858425
30414,4924.143566577164
8075,645.1421054109596
94218,4512.794451131308
1340,1970.3758325263577
57335,2204.5042042207806
27350,1137.107504858738
23638,2999.705046873121
9630,2748.3230936025725
32159,7955.798995998229
7199,3954.701809780795
65679,576.4087558986139
36731,1069.9677836261487
36133,684.8229596422681
36002,2161.720089615358
8104,2000.840202287195
86218,6082.712053349995
99923,1713.9340850639883
9891,2602.368970339166
79799,1527.7853261441385
65025,1201.2051428418483
14574,1797.9090400370387
81977,3841.2233232438302
78149,1875.4128178296812
27538,3948.2289625873022
78890,3108.2793609956075
75640,8265.882127115336
32415,1508.4319126989863
90828,3310.5295550502856
57554,2091.4499840668955
24490,1019.1412880282593
12019,4981.882489182862
58821,4453.564578466103
17978,1570.9436229789749
16523,8657.80480960019
66522,5080.76570798335
6758,2609.92409957506
52708,2403.218121146836
66462,8754.61709913353
57533,1508.4319126989863
1083,1159.4067304841203
11151,3157.6476895939327
75404,3811.172846220789
7306,4143.6284619223625
13074,4733.460184549203
36472,2948.339618824237
22730,1797.9090400370387
51634,644.5332431078199
77387,4187.295101886331
46474,1522.056922507251
50548,6168.167813259154
3723,828.9846225843197
45667,953.485044086908
98937,779.0780852362445
39518,5950.932720502115
98819,1606.5647829480376
39930,962.1343900729341
17820,9642.085264104495
89207,1057.2147330880211
76091,2674.1504869691043
70940,1046.0124275798196
99752,2541.2931207675674
43640,11694.403423757225
95421,2078.060855935964
73476,599.7195964202706
25036,1297.5072919638822
87185,1345.5896901784893
91613,822.4839166474367
21958,1261.6079263613262
52120,2567.0438633583126
78405,1214.8301526501132
77703,2597.76258770577
95637,724.2645354971364
90154,2556.683779691393
76559,654.3367887089863
44726,765.4530754279797
33335,1363.05288423775
14013,2663.8812700342446
20748,2821.1634299098223
14384,993.1824673315713
27626,1617.3354089743648
57938,1286.7251805560372
89928,1398.6314558485167
19140,1797.9090400370387
29589,1426.9062128292926
25223,2967.89332369417
64641,1137.107504858738
43907,6931.308654747867
91872,1795.542481818229
49263,2081.9305794415277
23659,8680.828123725427
2083,1297.5072919638822
50278,2971.7782483770748
93726,4016.8598196946937
13483,2037.5153940959851
7585,2713.3644989965974
16891,683.7683861373117
69469,688.432375920559
74315,1182.1439957075956
38531,254.6608638159312
58361,1318.639274143869
23369,1083.481657462159
54111,2185.208721537831
44906,1593.5545318964423
66902,1461.047940570318
70901,2015.9184396460437
62112,1517.4076022062814
49996,4201.198581739532
32896,2015.9184396460437
569,1746.3414956508768
19158,1824.1022802214125
76197,2797.0428574445245
249,1282.276651060798
65359,3155.8222924370352
61478,2859.2466244655266
94735,1999.5568609102436
38040,2967.89332369417
40844,2781.2972748425773
94287,586.5394403097514
27494,3545.964773857395
87552,943.1020952097509
58384,1986.8138844044822
71289,1186.6840206163038
509,185.17813973481103
50691,4158.270774990813
16102,2999.705046873121
50518,777.3068801628684
59040,4551.445127015386
52877,1947.1355077694388
20881,3438.024356333859
807,1939.5907359643309
78368,2068.305569633263
86685,594.28178689978
62798,1104.724308512481
93047,7046.135819552515
85670,1854.522140974046
66592,6804.026193604887
76847,6468.071782060563
1226,893.0822605674301
31956,5050.694336803167
3838,3648.2658680234445
78201,1014.9794617601614
93032,3948.2289625873022
85338,1186.6840206163038
77172,4010.1909303370694
75816,3286.454548627776
87306,1628.16681637323
92054,17025.345506503774
49689,5215.44665343575
28344,912.5798190772271
78633,4671.969007133812
95790,2084.935281275396
65271,2510.1652579432803
40201,1405.340685517096
87614,3868.485270450563
63000,554.7468123583855
31813,2605.4288955298384
34252,5149.587609138022
18676,1599.8556914423846
79951,954.991966779276
9563,4970.9506446664245
3416,3408.1840625327836
12415,908.005205436195
13811,6302.745399797151
89244,1925.825389040673
36735,10060.711325005868
83576,2259.1698670007336
87101,688.432375920559
48408,599.7195964202706
54654,7869.792499960595
16519,3766.8704623057183
96013,1159.4067304841203
48572,2364.0590659954014
56080,1398.6314558485167
81952,7234.256440526038
65335,554.7468123583855
72394,4673.703171771923
71837,1562.3259283210732
37335,2875.165590237999
74541,9176.681754436997
647,4788.817818187338
37632,1301.68625654033
60573,1023.6339313581484
14148,1646.4687177179205
97499,1754.3046452267245
98671,2283.0647614455797
89696,1608.875703298471
56389,416.85663047944854
70607,1295.9016608690629
87700,1437.6180920324502
53407,2364.0590659954014
17877,5924.408296823485
22186,661.1812190985345
5213,1201.2051428418483
16217,5628.543957289049
84540,8622.585959658962
51523,2733.4311072354517
36680,1408.2353536572366
98173,3428.607530915222
36570,4309.514130431569
50604,2748.7387831537544
60605,1998.012174124429
26918,1604.0245431434805
46635,1423.9930822241854
69837,1503.2339165110054
69301,5489.465143552959
78583,2297.919258601749
48539,1902.91046518029
15507,11120.219677508176
36758,7856.167490152329
56207,1608.875703298471
66922,1939.5907359643309
39045,843.6226515692617
94458,1273.5028014075237
54446,2292.6262841162147
19149,630.908233299555
21813,2089.5633749226904
6755,2677.5062798425092
48533,2541.2931207675674
35919,1956.455844247539
38671,1057.2147330880211
40945,6019.776426099412
30312,1398.6314558485167
67121,1595.2506934902062
86885,3001.4953780623187
1506,4115.079740989225
96399,2835.3459244148007
92270,3098.5659464442056
72479,4404.943818423076
84585,1845.2820960809483
33016,7798.911144159498
86785,1595.2506934902062
12183,6161.272454584074
19359,594.28178689978
1408,8052.032121128041
49201,40935.11097829814
64079,1939.5907359643309
79266,545.3252128153337
7313,3859.0390138279145
59383,2940.0042006469284
43725,7927.23625461092
72522,3752.354773972079
84772,2762.363792962019
36253,4771.840676779356
52325,5174.848545618548
12694,7446.419801128168
88084,2258.1107340330996
11315,2177.119910070846
76713,1296.4451639305632
77033,420.6507296275055
36961,1047.4037318037153
24410,1628.16681637323
63632,4452.809986030202
771,2259.1698670007336
96770,2208.1878012327397
13665,6176.468581531266
28063,8882.912218767977
70856,2494.178256178614
13708,785.8441130112813
53555,1845.7752076441645
82481,2523.8893865077957
26361,2038.4455458605603
7493,2393.5837947178798
9028,1797.9090400370387
36496,1116.8460822049617
62492,7472.770479856877
66847,1902.91046518029
87167,6714.239830513946
40253,3925.53496497005
56133,988.8301400224956
40770,2955.683261338548
23927,8450.805088106277
3554,1508.4319126989863
1498,5266.730731619187
13923,500.50228860410164
9816,962.1343900729341
78014,5370.036242402939
62002,14840.647547212264
8311,2919.6523359885036
36914,7572.471200862971
72173,1687.1055439411082
41979,487.111014756489
96803,1704.4945200549428
5527,3377.0545675357675
70218,740.2703736611157
19993,2103.188384730955
21945,1970.080854055804
71571,1530.2370792663248
20053,1099.2826929303305
96856,21197.225913308335
14952,1069.8566476538942
76327,5544.512713533662
60473,1345.5896901784893
69793,1329.419011767252
62794,2476.8630564234836
9674,500.7360245647538
39858,2428.7351858548727
93345,1797.9090400370387
64065,1522.056922507251
91623,1206.1765288131683
34290,2364.0590659954014
94989,4341.078008488544
2106,2064.040725776797
40728,914.0946735613894
36670,9473.33298268495
59316,4191.649344363901
97658,2524.729224030609
43772,2967.89332369417
13327,1322.3037521668039
96591,971.0760281220028
79666,4577.793313204008
18941,1704.4945200549428
16651,5487.634450331328
44126,798.6986008975254
81929,2272.794876808998
41280,1608.0978269473603
2652,1687.9875772436108
17862,3469.1108729118137
63094,1297.5072919638822
73649,2953.629210455193
45,2807.5384201015577
75045,1091.3071654418745
64872,3378.877461492521
40855,2565.4229040150476
66174,4837.663225372193
22158,1005.5162782199944
61206,2700.621522490835
11490,1709.1614509233227
63172,1057.2147330880211
27568,1700.730553749373
20932,1318.639274143869
72425,2045.9356700701255
42734,1050.4823576808924
23445,5652.442897920379
37361,2999.705046873121
37625,1608.0978269473603
65333,6128.118131896827
67079,9685.56671592525
55772,2303.39571494977
36043,5608.2527601514585
9324,879.4572507591653
61791,6161.272454584074
441,2153.993439266774
19785,1186.6840206163038
78683,4883.354051805232
46672,482.7579048809293
19791,836.080252288347
17328,586.5394403097514
90733,599.7195964202706
33082,1412.2564656567815
37875,5136.51614484161
63353,4315.583174269565
11988,39478.52061452001
18023,1096.8394225497161
18126,2725.372447449635
54332,9904.248622543002
1222,1721.581336355326
95337,1240.3681156872135
91263,1620.1897927563025
50221,487.111014756489
46483,2807.523018507314
62961,1718.1195298632076
33255,737.8895453054013
63997,5801.568352052868
27599,974.8173366615447
16393,3014.4583011527116
6933,893.0822605674301
94145,2191.704499654666
75302,1201.2051428418483
4321,3343.9768760778093
56272,2218.129214029045
239,1437.6180920324502
41376,7133.447687940043
59842,1889.037827637946
96748,1517.4076022062814
3997,5356.200339832729
94516,1168.5189858993308
75706,1859.4002174524294
1263,2403.218121146836
63497,4907.52962824475
75902,737.0139280227551
66934,3564.6318288270827
86615,8093.514244584201
4847,885.8066863912213
21291,9474.913691843667
15249,2081.9305794415277
62547,3171.917030422647
31471,5187.85114333715
186,10183.352378518564
29822,737.8895453054013
97186,4592.538143268051
19841,1273.5028014075237
3522,1301.68625654033
93361,1107.5920050939642
93676,3142.5205187944684
34047,2327.465112389405
68677,4226.92223703311
18008,845.0145300171682
55381,1023.6339313581484
41391,3648.6218644085347
19269,2711.74743764137
25700,702.0573857288239
83437,3538.3444229633787
76512,1875.4128178296812
17974,2137.429542529816
61281,794.1209448977372
8290,559.6649968646872
84973,2464.7661112049173
56316,885.8066863912213
88404,718.2125668810772
13702,3970.8200691737425
8596,414.0775846855659
95999,8280.662955926891
21732,5633.748747556847
37869,492.9242865891804
71970,611.2233303218293
55595,3500.46220628268
18740,9133.813745635784
44353,3752.354773972079
21985,1261.6079263613262
45540,996.8913820611867
65016,1186.6840206163038
63743,6454.446772252298
30826,1836.9087405449484
33109,327.4075653051558
50456,4509.117155877961
76395,4727.354405274795
97701,1858.9071058892132
79797,616.6611398423199
36436,2201.8596068739
57778,3457.7398989538206
2119,1104.724308512481
2384,592.3821662915722
71247,487.111014756489
95869,11275.411346785526
94102,4926.134132010905
77604,649.6177103546648
47850,2326.9156084348597
1689,2330.9309290527053
13035,17951.262996557674
31095,3770.341967442736
12828,2260.546087813905
71936,658.0177937234838
98418,953.485044086908
12232,898.4755874962051
22125,8617.676456062747
27558,1256.1263710175501
40781,5992.736441197686
71891,1338.782645855913
77408,1721.581336355326
95967,2128.176500539068
79583,490.6725914414243
3275,3871.192895029758
23969,802.2938765018146
19352,3786.59593177094
94113,2474.759110595301
68747,3033.946204671982
65347,4407.061304877976
51973,7619.862344944886
60796,1247.5437452278227
18249,6099.6610010551485
68945,25942.918093465178
18920,3596.1972348507275
7055,10084.26470742687
98161,900.214625936312
71921,4656.567640615343
80515,808.8589068391718
30840,975.2051302142307
93049,3003.6557729066885
20543,23869.031554611163
86367,7472.770479856877
84481,3738.7297641638143
77122,1091.3071654418745
25848,2589.274065792041
26782,10058.158074383224
56239,10925.45594615416
13504,185.17813973481103
40108,1427.4491216773627
96319,1332.2642839521338
271,5660.49244727943
55870,1517.4076022062814
4256,2283.0647614455797
1967,558.9502226235985
64874,3545.964773857395
86518,3391.843043684935
51254,1398.6314558485167
59880,1728.3410481987821
87155,4078.527082854071
24571,2970.268163383791
62997,3203.688460044161
90832,2068.305569633263
22529,2983.8931731920557
69056,2781.2972748425773
81981,2476.8630564234836
87366,831.3895202089034
40953,975.2051302142307
3244,14958.357676432484
83816,980.5150073019073
68956,1826.72541421331
14599,2302.567888580011
36729,802.2938765018146
96937,185.17813973481103
605,2986.0800370648562
67767,2269.439751637315
54233,1257.172971858425
68483,335.0444158300976
93904,1525.183715332589
39303,2651.5576057350686
53765,8116.547875881623
80759,1501.0940569540103
34196,8100.172189169661
88370,879.4572507591653
82986,5974.970042472157
30435,2810.940580017678
86855,765.4530754279797
43852,8393.181238070012
90281,2882.747854654099
63943,1125.0861516588357
63539,8448.238908855212
50436,2260.546087813905
85365,3614.3807066096742
26532,773.5094125850156
46534,2704.605600745234
26046,2632.6083731554827
62706,966.8899974936425
9092,694.5649305567916
58285,2050.1550277462147
79146,1376.677894046015
43102,366.68448383787603
62538,3343.9768760778093
93309,1078.6304973071685
21018,3155.8222924370352
45027,4201.198581739532
60876,1168.5189858993308
26412,7008.842930938649
72571,1133.7397754957806
95232,1369.1516238863978
61239,2510.1652579432803
12693,1809.538017723434
63342,3954.701809780795
32670,458.7480430067895
52518,9907.94932810655
24304,1970.080854055804
77072,3714.25071891753
56909,1405.8112027895706
61392,6529.783249153005
5006,1200.3090304245686
53505,1632.9691331806537
40208,559.6649968646872
30004,765.4530754279797
93503,1503.6018184064646
39349,813.2062457654242
6838,2085.184324122271
96114,2922.4019957766654
94676,3094.654351187343
7378,2316.192898388276
35201,1186.6840206163038
92724,1628.16681637323
31277,1276.2153379215088
38692,3257.616439389377
84416,5278.304366735025
53496,8668.729478240115
77609,697.3933959455766
61960,3548.854565048553
8709,6507.423326202527
70122,2269.439751637315
17847,647.9368318154236
36992,1301.6284418875273
78034,5004.0805893947145
76842,6248.416760574768
66059,3028.535668858868
62973,2507.7640244703302
30990,487.111014756489
32244,753.0234241992433
94151,3375.2825300131385
92957,308.53825756790195
64980,993.6400799444363
12238,1121.217014902229
65484,9894.324318298284
96451,599.7195964202706
53620,737.8895453054013
27136,5240.967227947025
27333,2460.2027436132353
32008,647.9368318154236
68107,1797.9090400370387
45259,1871.8701854999417
10367,1200.3090304245686
27645,769.3514066215331
15947,11458.961122585175
80458,870.8036269222204
26643,3896.394256374985
5511,799.5812359571594
73214,2137.429542529816
58916,4793.473087603272
20770,2000.840202287195
95858,1423.9930822241854
36900,3753.2454524974537
95266,3738.7297641638143
71645,3243.303418494883
49557,3405.4680534931995
10761,975.759399881199
13167,2741.779254290863
39230,3359.1148617778877
42069,2411.7449277965866
76882,2023.889073399903
96717,1536.5591757974128
96362,996.8913820611867
93332,2856.2833134481907
2997,2302.567888580011
79557,2609.042066272558
96907,4185.807993729632
42231,817.9115293644196
75602,1261.6079263613262
13094,724.2645354971364
52574,568.3409253651507
43823,1188.7792081636205
23392,1490.2668779820133
93153,1871.8701854999417
85968,6436.346242129796
98281,2983.8931731920557
80850,8636.044319913808
88777,2583.6708128134205
99381,1721.581336355326
34857,3665.718379353817
61663,3343.9768760778093
93242,1010.5163918694516
86379,624.127750247594
14788,545.5891597284981
79271,2813.6744128226087
70199,287.51592904336405
17191,2306.339534575889
63020,4793.473087603272
90126,2807.5384201015577
50266,743.6931646305768
91512,11164.358022160473
31671,845.0145300171682
47872,3672.6110818353395
39016,1599.8556914423846
42882,4078.527082854071
2096,1669.4259132478444
7941,2682.867186599853
47693,2117.7433541917635
92528,1570.9436229789749
5423,794.1209448977372
1244,2345.761631407156
49224,3037.8969307055495
32864,4257.768026692378
48077,576.4087558986139
34341,1831.9014253945852
79129,1276.2153379215088
77344,558.9502226235985
72616,3180.9689480645657
31955,6128.118131896827
91386,2407.2088045261444
57496,7105.788758392382
17366,2556.683779691393
78282,4970.9506446664245
161,2265.995381636171
56085,9952.044737851913
68771,1318.639274143869
62765,3003.6557729066885
75502,740.2703736611157
2534,3094.654351187343
4998,2289.6879900819636
42119,2726.989508804862
42275,5474.593014168996
86259,2302.567888580011
64172,3265.2382847054873
29648,1557.31861317071
36653,1652.0687212598737
23350,2930.6140222612244
64551,5282.086591783049
37928,11426.538512169416
2078,2334.348287922954
92895,10533.96381880921
2892,3037.8969307055495
73847,1522.056922507251
83074,822.4839166474367
40553,2276.2901584022634
22107,3094.3099927419566
96861,2103.188384730955
46340,1608.275967416525
48631,1570.978344105541
18806,1426.6800673328219
74689,2845.621614657262
29731,2953.629210455193
52382,1437.6180920324502
68145,1257.172971858425
54011,1287.1278112157886
79681,2303.39571494977
33123,1754.3046452267245
51839,1437.6180920324502
23724,1104.9321752501394
27536,834.3382279454113
45257,1628.16681637323
71568,1858.9071058892132
60085,5881.312044189611
18168,3151.7353537961853
8214,11446.287707286781
31565,930.8028569967994
56433,945.8756423302768
88995,1704.4945200549428
79454,1014.9794617601614
43467,2780.9846235442697
53412,1939.5907359643309
69602,4274.78345799248
22750,3931.920746159605
95415,1508.4319126989863
99078,5244.949710207793
67322,1426.6800673328219
89857,2405.283559864582
84985,975.759399881199
98644,2967.89332369417
6103,4690.036443028763
34301,1840.897131165781
95926,3080.684982933692
28912,1620.1897927563025
19542,1652.0687212598737
52173,202.11968315686028
26718,2153.993439266774
16405,487.111014756489
99659,12126.533634115562
16857,1816.0000279518267
73808,658.7671152192245
85371,1139.410134027395
29683,2837.0477472297925
13947,3558.218250158485
97468,1323.6496949096402
55729,1740.6796354184596
55364,17434.498317533395
81866,993.3701649312036
49890,277.971704337588
1981,4209.901859085252
32136,2137.5426107034364
4391,12697.930859771985
22547,2416.8431309551006
35794,5722.30620935756
72196,4271.393036500644
21806,2037.5153940959851
32598,2384.17696751175
22768,3095.7120782827346
86185,2688.8769665755253
76850,2541.2931207675674
56744,1083.5927934344136
36860,2970.268163383791
11828,4431.159194517094
5239,2922.4019957766654
80454,2357.3805355565955
26659,1247.5437452278227
78723,5823.496896612424
85864,1938.7152317952985
94228,4214.823591547797
74588,1197.175097725811
16549,702.0573857288239
16034,4320.513836358814
18572,1066.3337324624329
32112,862.8696946328034
73256,1718.1195298632076
77385,541.1218025501206
34595,1197.175097725811
66633,975.759399881199
74156,567.0751719768788
21578,2572.204685982632
3774,2810.2299605691446
30680,444.13162415457714
81317,2222.2920203459407
40584,3695.989106504624
54487,1200.3090304245686
66699,3845.3477605170788
32359,2318.4953324607195
95119,884.8505776879402
3827,7740.6271658559945
13496,599.7195964202706
25348,1970.3758325263577
61196,1718.1195298632076
20106,1206.1765288131683
91,1939.5907359643309
74857,2393.5837947178798
35135,215.7446929651251
77691,1408.2353536572366
65069,906.1899595036658
66156,2203.3210693088404
60380,3971.2273521561633
26038,2316.192898388276
66984,7426.665037268244
74772,757.3181744388417
75678,1606.5647829480376
7975,1278.6397979906017
8954,2753.437881834183
54152,2596.2990897667955
86891,2781.2972748425773
20161,1200.3090304245686
9081,10773.54759430572
248,6989.971594678072
75038,1145.1839551987061
43897,1871.8701854999417
47290,363.9547021384635
16111,1797.9090400370387
30572,1398.6314558485167
81745,963.9960208668814
44777,831.3895202089034
90402,1225.4361241448582
81346,4714.584330786524
87001,5465.557303055285
9431,2591.803885721574
9332,2632.7588925833497
68002,3095.7120782827346
67832,558.9502226235985
41716,3028.535668858868
85702,5788.108952925291
77424,1104.9321752501394
91718,3786.59593177094
18843,8588.196595410134
92383,1713.9340850639883
56260,1795.542481818229
6924,1516.8589263192703
60117,11574.126771757248
52228,7652.796845067056
56767,1604.9937574774492
45290,716.9040966433906
8324,1917.999117699281
55816,1586.6715584838296
98202,975.2051302142307
95874,2990.030763098424
59955,2494.1390146620656
58163,3094.654351187343
5301,5034.391597725998
78341,277.971704337588
16558,2259.1698670007336
35987,2505.300511486141
32335,1652.0687212598737
15837,2283.0647614455797
38221,957.7405926290828
3654,570.1536122362301
27225,1413.055057524557
53580,1301.6284418875273
88008,3811.1903781127844
34519,7415.940709027172
68676,468.0883724791975
41112,838.7937570227798
21186,2353.68010167192
76292,2094.2547222692906
73666,1620.1897927563025
51474,3546.751939287916
62943,414.0775846855659
79245,930.8028569967994
11322,3094.654351187343
26851,1490.2668779820133
35996,1677.7770290674307
26363,1332.0699708837801
68673,2856.2833134481907
87662,500.7360245647538
52502,630.2861496505848
21056,1376.677894046015
23746,1927.994308172951
5406,2554.5028027320404
56685,1998.012174124429
66468,3738.7297641638143
16195,2662.5497514343574
83113,2540.877792923776
48581,2416.8431309551006
83937,1359.0124718649674
39483,4346.451459406384
15418,5964.774042772121
9390,1110.356316934591
23732,785.8441130112813
26157,1059.6374373880844
63100,3996.095130194428
57840,2967.89332369417
15296,2284.315373858662
70215,962.1343900729341
37226,4322.649625599605
75674,3841.2233232438302
2046,834.7837155336841
82823,1718.1195298632076
17401,2283.0647614455797
30999,2491.6755016778766
88066,3033.946204671982
68988,5646.353259436876
5787,1352.4076556641778
35055,658.0177937234838
71953,6077.7324564955925
69891,394.3174501537123
38626,1091.3071654418745
89040,1426.9062128292926
49561,1205.9489473790852
47904,3857.5678852214933
34794,363.075067559585
73844,1617.3354089743648
41836,1405.8112027895706
29259,3280.6316275833456
29067,3367.1163534998313
35064,4016.1929871961847
44374,1608.275967416525
66704,1014.9794617601614
22454,876.4947044410683
71070,5037.0693269949015
46020,2496.5402481350156
99420,576.4087558986139
76909,3596.1972348507275
13056,1197.175097725811
86813,5037.0693269949015
74595,1090.8624169561906
35284,3254.294063424043
53972,590.8319269945442
31610,3720.477249442465
33264,403.23162067118375
8361,709.5164093295684
11105,4439.184976221936
96065,2674.1504869691043
32792,11458.211468467845
22587,1070.839742896286
6928,3243.303418494883
68604,3745.207081723355
67689,4453.564578466103
43501,1233.9187354195578
71400,920.5636783794733
33342,4468.9341956830385
60771,847.9632377536761
31176,4956.3096558512525
83806,6870.769269233928
33616,594.28178689978
51132,1922.1659645806421
16124,4972.785722147456
71205,6334.130631361361
1418,1046.0124275798196
11943,13104.208624049756
59254,630.2861496505848
9303,4124.531624988029
55460,6684.99015900552
34798,3952.112419393938
82753,782.976416429798
75676,2381.233147885631
67808,4631.812850353236
77288,380.3094936461408
64318,4482.26069552994
42956,6216.019361741834
9865,3201.053743540375
49404,1057.2147330880211
39833,1275.232936169591
30637,2050.1550277462147
50681,13706.007159814604
73551,1398.6314558485167
8964,1845.2820960809483
46778,2687.698658965493
74607,1261.6079263613262
98641,3041.756669992052
81662,1306.6357570378905
84196,1133.7397754957806
70469,3705.3792848903286
90984,2409.397689077416
42191,576.4087558986139
41264,2180.4855127601245
5593,8477.014967449395
3992,948.899601160412
89977,3112.6409878140926
38424,8600.698347971169
46160,2629.4216144916613
60508,13410.588890945555
51227,1426.9062128292926
53914,1950.1460065173032
28342,554.7468123583855
80006,1121.217014902229
22377,3744.7131496713187
80183,4767.431069517593
38915,6289.94049359244
38049,6863.4385882825045
55948,2345.761631407156
67661,13084.747556291579
79139,2538.354233838874
70060,2154.6632530241823
2697,2781.2972748425773
67406,456.9070356391873
70356,6487.381736426611
22301,4657.5365056468145
97625,1490.2668779820133
33688,4587.681719091262
33407,592.3821662915722
84874,9996.643926114533
16610,744.687813103894
17764,4192.511932789672
31677,5392.009231523167
31994,13854.090909686887
69713,3280.6316275833456
64131,32809.77635598581
20286,1885.4951953082066
73258,4970.9506446664245
83500,7417.935236189503
86672,1675.9544064167817
75039,1566.4694598307085
90934,2185.208721537831
58817,9139.916233384165
48050,2957.5609649494577
17598,1930.5468067783613
68882,1704.4945200549428
32882,2258.210287225178
84706,1186.6840206163038
24133,1536.5591757974128
32919,2759.672252494432
55992,1293.0107472296256
7264,1287.1278112157886
8304,1287.1278112157886
43648,738.6045225621315
90424,5988.036374845474
58139,1857.2855959161213
65421,4646.008683224937
40614,6223.821811263963
68185,1485.9982246393604
23082,3142.5205187944684
7725,1530.2370792663248
84799,4791.196251629277
17243,1606.5647829480376
75598,1398.6314558485167
77725,2269.439751637315
53073,738.6045225621315
32165,4301.958164461299
5613,7877.760876802509
13290,2430.421565806541
31707,2971.7782483770748
85911,1007.28933971949
82271,9133.069898434422
25177,2015.9184396460437
61647,3093.190757527455
83587,2004.3220118546637
40924,624.127750247594
43306,4382.0050137742055
10074,2539.048057804566
43113,1912.9918025489178
28580,1504.664625700519
86144,2081.9305794415277
65131,808.8589068391718
63542,3121.0612637882327
66956,2247.803111308143
30772,256.6564931485434
38172,509.64162812622067
9045,920.5636783794733
51963,738.6045225621315
72993,2124.799634197674
72142,2198.8337313460956
54661,1023.6339313581484
66383,606.007176099837
95830,980.5150073019073
66866,3797.56536830452
8277,1740.6796354184596
33958,2407.2088045261444
54464,2693.5535701659574
25633,876.4947044410683
95308,3796.9210372840703
45129,2956.2757483194446
22514,308.53825756790195
36527,1759.9665054591417
62013,1624.538236006704
63630,1423.9930822241854
99138,4257.768026692378
44689,397.70667722171413
47270,1695.5364411150579
29626,2956.9166339290073
23989,1287.1278112157886
94703,2089.5633749226904
29000,11231.524900231881
74150,1604.0245431434805
44513,1992.2797357354782
25337,2151.167620511701
60180,3250.8508874915237
34860,2000.840202287195
32198,1704.4945200549428
84338,1332.2642839521338
48184,3845.3477605170788
37029,5037.0693269949015
57615,8054.835656091829
10769,1675.9544064167817
16667,2693.5535701659574
91461,1905.3290001836224
47683,1318.639274143869
81407,5439.039459801174
25096,2476.8630564234836
4931,4177.904923500628
14252,2068.305569633263
98522,8164.395600385298
85490,185.17813973481103
26685,2146.242977050042
77105,1530.2370792663248
90050,2326.9156084348597
34792,17434.498317533395
52557,3862.7552585646845
60094,3744.532322788737
85254,435.5702823561587
62459,3990.922196647121
86482,429.8001344920652
4217,2343.755525748331
31606,3078.681529178824
66183,1570.9436229789749
78992,1206.1765288131683
82691,1702.812144859521
92641,1070.839742896286
59688,1516.8589263192703
31518,1519.2302248569304
92619,1405.8112027895706
27202,2759.672252494432
17930,737.8895453054013
95804,1759.9665054591417
95511,1137.107504858738
82019,1824.1022802214125
20402,554.7468123583855
57990,6342.857845863331
24558,2836.6318077977667
90586,1570.9436229789749
74675,647.9368318154236
47152,2292.6262841162147
81350,4575.966488164133
10494,1173.0317402923852
88362,3705.4964889278085
58022,2990.030763098424
54199,2554.5028027320404
746,1091.3071654418745
59618,2802.8618165111257
6798,2663.8812700342446
11609,445.5857203170279
34398,1503.2339165110054
57250,9117.67703545336
77822,2940.0042006469284
29667,5008.667942432419
95378,1863.8661955589525
91907,1345.5896901784893
86407,2970.268163383791
19268,1721.581336355326
56158,10626.120574897961
151,980.5150073019073
46539,2420.3149098807326
15474,5965.172692104013
73541,6176.867230863158
18323,277.971704337588
59739,1214.8301526501132
35992,2385.3769414825597
95433,1342.94515180877
69037,1287.1278112157886
74795,1673.2142680723919
51539,3265.2382847054873
75461,509.64162812622067
11482,2605.4288955298384
1956,8368.49521671847
159,2213.8717443718006
19386,576.4087558986139
49595,2919.6523359885036
79578,4382.0050137742055
84286,1201.2051428418483
25468,4322.649625599605
53926,980.5150073019073
63857,2213.8717443718006
74499,4453.747459618895
107,5823.496896612424
42869,845.0145300171682
41857,2922.4019957766654
11798,5237.375197995306
24841,1192.5515190049034
75367,1531.0326120145462
6447,5713.663784942561
17025,2609.042066272558
7723,2151.167620511701
7655,1845.7752076441645
96292,4291.659601851156
46721,3700.6257091092652
15359,815.9188863100794
17951,2507.7640244703302
61398,1046.0124275798196
87338,2068.305569633263
405,1316.6958193689263
69276,14165.037584960566
17320,1604.9937574774492
78162,2702.1760495450703
53462,4291.659601851156
16396,7041.856916929493
1323,3328.497795190471
73001,5880.218159054564
4996,11096.644589532421
17438,1522.056922507251
77781,4346.451459406384
48549,4158.270774990813
59266,1150.7325146670028
69402,782.976416429798
43867,4439.939568657837
94330,2491.6755016778766
82533,635.9927005464
12106,403.23162067118375
10351,3292.65739507734
34441,946.5716908051357
5353,2272.794876808998
97486,3203.688460044161
85656,3157.6476895939327
72700,3128.6106614834007
88751,630.2861496505848
15383,2928.8236910720266
14621,6322.118756379207
95743,2719.806097427187
87184,4236.702070558593
2766,1684.8007763204325
32632,1517.4076022062814
54840,744.687813103894
32702,3670.0605811486093
44229,3037.8969307055495
54109,3405.2218841097856
58731,1019.1412880282593
18349,1278.6397979906017
59837,9139.916233384165
31825,3194.921741056681
35730,1727.5590948722531
7750,4381.337649584398
18604,996.8913820611867
9055,690.7447412659809
41881,765.4530754279797
70944,876.4947044410683
61078,3745.207081723355
76905,1192.5515190049034
92898,2283.0647614455797
44517,1332.2642839521338
85231,5022.292952240685
19650,2527.668110959303
62089,3415.00916813989
89594,2045.9356700701255
48009,3662.2468742167994
94266,6200.842997012639
17745,4235.161269493457
53629,1560.3956933350237
88941,1093.7605839036075
30087,2343.755525748331
6060,2081.9305794415277
78252,1508.4319126989863
48195,3299.4794425043483
68920,6211.06624763994
72824,635.9927005464
47820,2504.418478183639
2084,1531.0326120145462
85637,1092.2555071154334
87476,7282.146246759097
7397,2068.305569633263
79991,2999.705046873121
28326,2645.6287553128955
17237,1516.8589263192703
75293,2837.0477472297925
93607,1273.5028014075237
56266,1621.7228367556252
90910,5474.593014168996
88775,1286.2476629470314
47363,1516.8589263192703
24897,2524.729224030609
3808,1345.5896901784893
3296,3098.5659464442056
92408,607.4406824555989
513,403.23162067118375
17137,2522.6252782024267
70364,743.6931646305768
5782,1727.5590948722531
54055,1273.5028014075237
2168,1871.8701854999417
18790,2117.7433541917635
49818,1405.340685517096
55641,1557.31861317071
42386,2345.25982569778
50638,1316.6958193689263
64406,1104.724308512481
43557,1159.4067304841203
92507,1854.522140974046
44690,993.3701649312036
13070,3029.01369348629
32681,1557.31861317071
73894,884.8019631773013
48880,884.4286367304852
50428,6001.661384653739
25115,1963.771016325568
73228,1797.9090400370387
51780,1845.2820960809483
48655,4837.663225372193
37801,5988.036374845474
40952,975.759399881199
71563,6105.397467085355
38014,870.8036269222204
89947,3611.2208677601
42960,3428.607530915222
85882,2648.26323590967
33266,13130.749396444186
40041,7192.384128326205
75503,8549.319188302967
36750,2103.188384730955
20760,2556.683779691393
39570,2591.803885721574
70441,661.025949497568
41483,1617.3354089743648
97232,161.8672992131543
37486,1704.4945200549428
80621,4391.31880861481
76265,1856.182668191211
69617,2954.268313885905
77081,366.68448383787603
92259,1599.8556914423846
82426,7892.150094952071
11913,3954.701809780795
65802,862.8696946328034
91099,1091.3071654418745
3449,2235.5705983499274
4366,2068.305569633263
32121,4467.3724694271605
42214,1721.581336355326
71581,885.8066863912213
2382,7022.467940746915
80865,671.1979498340032
5105,885.8066863912213
87684,737.8895453054013
522,753.0234241992433
42883,19557.7500520623
59737,1970.080854055804
34479,3491.039417471368
31018,761.4437001733836
57497,1740.6796354184596
86117,10854.589088777831
62473,3314.184774295977
7933,5837.12190642069
94360,4095.762294315237
90223,11901.607179592353
53864,1704.4945200549428
19068,630.2861496505848
71077,8641.827485179045
95944,3624.2015465479153
76430,2272.794876808998
73696,1019.1412880282593
50317,978.5470602337518
70626,1517.4076022062814
99888,1322.3037521668039
28991,2204.5042042207806
35490,3348.9036402417023
26674,5196.777090178104
51816,1413.055057524557
60677,4649.62164823412
74737,2476.8630564234836
69489,2846.4028423797818
10850,684.8229596422681
89299,411.7830119212376
8561,481.2089719819107
97936,1795.542481818229
23567,11378.613386285904
64702,1718.1195298632076
48489,481.2089719819107
57451,2711.74743764137
6511,2802.8618165111257
76843,6706.788033864464
73317,1675.9544064167817
15875,1871.8701854999417
68136,1885.4951953082066
75619,957.7405926290828
9566,2476.8630564234836
52970,4052.4133740625116
16197,2409.397689077416
11427,277.971704337588
93751,822.4839166474367
66759,3695.989106504624
78663,2827.2994226308733
33872,2198.8337313460956
62740,737.0139280227551
86917,5567.299513822047
10425,2061.1018388481034
86372,1797.9090400370387
82729,3753.2454524974537
58957,13016.289624943858
34723,1297.5072919638822
41973,3543.49935080858
4207,1288.0034320792624
38718,8581.985520106426
69199,9977.45540962784
30518,2954.268313885905
47020,3158.292020614382
79840,1417.4526876054035
98066,2464.709298562226
80196,2475.8864999407165
10870,2116.138324135645
38428,2504.418478183639
3846,714.7395722284641
74813,2954.268313885905
44581,2420.3149098807326
91170,2894.2690099869073
34288,5638.180869623144
35847,2944.8179884436954
74778,19343.38452278941
23187,794.1209448977372
78204,554.0094357026384
70093,4325.471182126775
35065,799.4691228195461
27781,5862.461813863403
50026,414.0775846855659
9166,1956.455844247539
57449,4236.702070558593
99435,3800.2209415792045
78697,1797.7342939073853
59457,490.6725914414243
92302,2259.1698670007336
7192,2104.428842249991
93481,4095.762294315237
59071,1503.2339165110054
75714,6986.0117893138
31986,2572.204685982632
26354,822.4839166474367
50772,6671.365149197254
98252,1440.9665453529185
91135,2836.6318077977667
98509,2319.3721265707854
96291,1316.6958193689263
47273,1124.0417685844975
76164,3146.432114051331
59304,5242.974969229109
77365,1570.2917331075294
37187,802.2938765018146
41001,2986.0800370648562
83334,1214.8301526501132
21790,1652.0687212598737
89367,1283.8822821556173
59850,3212.601793719647
89513,716.9040966433906
32692,3709.0898685279
40951,3424.920735142893
9285,8280.662955926891
63612,2015.9184396460437
81190,407.9424599619771
79802,9028.946965005824
54457,1709.1614509233227
21865,2928.8236910720266
53440,1764.5694274840682
46480,1310.6143409967299
70097,980.5150073019073
2113,6190.492240671423
91361,1398.6314558485167
37566,10667.386782038546
71685,6566.965054395419
25072,1059.6374373880844
43671,4685.594016942077
60941,1104.9321752501394
17654,630.2861496505848
79836,739.031909094342
63468,1200.3090304245686
12827,957.7405926290828
69016,500.7360245647538
10923,876.4947044410683
47355,592.1248117421117
30458,890.275225283015
50643,2416.8431309551006
92014,1840.897131165781
98322,6176.867230863158
59947,2407.2088045261444
50637,576.4087558986139
21843,1721.581336355326
53005,294.91324775963716
97063,1449.078528014956
42148,757.3181744388417
25620,5474.593014168996
64558,8246.781377171272
52601,428.0389130394641
55151,1591.3687476691844
51224,4727.354405274795
99854,2496.5402481350156
21415,6517.684603667693
66327,2285.1091008490434
32146,1137.107504858738
62299,11658.285461850342
53707,599.7195964202706
82412,834.3382279454113
41880,523.2666379344855
7996,12469.847434808795
65503,1531.7701232656475
6938,1604.0245431434805
43402,2218.129214029045
65452,1275.232936169591
12843,6589.057692694124
98884,2213.8717443718006
45235,2572.0156891144757
70690,5470.874800671328
27451,2089.5633749226904
71824,1316.6958193689263
18361,5185.592995041858
40815,1845.2820960809483
6622,1214.8301526501132
51065,1809.538017723434
70166,1939.5907359643309
84478,2089.5633749226904
96525,7288.484623566302
29624,898.4755874962051
89094,1908.5409547723773
49162,1423.9930822241854
731,2415.161803553739
69734,2272.794876808998
47098,957.7405926290828
89518,649.6177103546648
57345,7240.823590199758
34382,2522.6252782024267
15675,1113.0496656152966
33218,1398.6314558485167
79388,6492.322790256214
17023,2317.3059192444407
72712,2502.598532152754
64307,2103.188384730955
15463,737.8895453054013
43406,1816.0000279518267
53386,1970.080854055804
36689,893.0822605674301
31043,7802.021326380784
10239,6422.165117210306
34657,2137.5426107034364
38825,10722.423548125684
42963,1413.055057524557
77199,2244.5852774169134
31385,4589.591497972398
85895,799.5812359571594
5513,993.1824673315713
43662,2508.068911220361
30807,3558.862581178935
11887,885.8066863912213
34632,8448.238908855212
47889,2316.192898388276
2010,2632.7588925833497
28456,1921.9777016581204
25196,2416.8431309551006
79621,1069.9677836261487
75267,724.2645354971364
12746,822.4839166474367
18400,5329.952759390175
5256,3014.4583011527116
9288,2000.840202287195
24965,3391.843043684935
49054,2259.1698670007336
64142,661.4600824972248
48080,9609.925202520026
13,1531.0326120145462
28240,2875.165590237999
10653,630.7877652063389
29260,5801.568352052868
88612,1669.6721599766843
5560,957.7405926290828
69552,1449.078528014956
84171,3596.1972348507275
62383,2682.6201008252797
11392,2259.1698670007336
79305,2302.567888580011
34864,920.5636783794733
98464,962.1343900729341
14949,2372.612446454453
71516,377.78460555301075
6332,4217.9813228604735
56584,5992.736441197686
762,2015.9184396460437
49866,6870.769269233928
45057,1212.2865174841284
22761,2956.2757483194446
63754,769.3514066215331
22329,1391.7156757088312
31331,4994.341742604931
55053,5757.378214283947
81383,603.4809837318005
26144,1748.8879812774483
14343,1503.2339165110054
36130,920.5636783794733
88291,769.3514066215331
83009,2504.418478183639
61952,2283.0647614455797
98959,1734.004357739464
78055,1426.6800673328219
70957,4206.136942597937
77225,1197.175097725811
63920,2090.803832441726
15530,2843.766200388941
9863,4393.317119850733
22334,3391.843043684935
86371,19447.076726335607
29946,2415.161803553739
46926,2793.8980086990496
13532,3611.2208677601
98038,1673.2142680723919
23787,635.9927005464
36738,7419.030555337152
68807,2090.803832441726
41121,1422.8015106359455
12636,3504.6644272796325
35878,1604.0245431434805
84125,4452.809986030202
32278,2236.4492062515365
90914,3436.0331814538554
56772,2490.4880662317482
26158,3375.2825300131385
12522,1984.0008423346226
74824,777.3068801628684
43101,3753.2454524974537
32861,2494.1390146620656
32148,757.3181744388417
11156,1709.1614509233227
22992,794.4759232405075
6317,5022.292952240685
97293,1638.4437114516088
41971,487.111014756489
81688,834.3382279454113
83930,8643.875858371386
27126,831.3895202089034
22505,2911.2320600143635
40263,1363.05288423775
19847,2663.8812700342446
28018,6576.883570384215
30064,2928.8236910720266
48794,2507.7640244703302
85444,1652.0687212598737
16554,1014.9794617601614
86326,898.4755874962051
29330,1889.037827637946
76269,1530.4275476030734
28966,5730.942166628228
37839,6022.052743875489
44537,2373.2333036338223
7635,410.183748423829
34014,1382.7766336946627
24697,993.3701649312036
88151,1503.8918877902781
72127,1970.080854055804
41475,1006.9951747394684
55725,2976.689858679152
20432,3588.41626603222
99664,2741.779254290863
59624,1104.724308512481
41012,1674.362567435346
42398,2544.4064157421412
95333,5594.627750343193
79650,3357.601885886074
91466,1843.4396916854487
49500,1686.5345406129657
76798,13883.389408308032
69375,2369.9620800823573
6387,2357.3805355565955
59557,2284.315373858662
96540,906.1899595036658
16756,8600.666156013476
20946,3443.1732498642423
67400,5122.387422244478
99081,1608.875703298471
14920,2241.8218224748375
22494,2140.3684294585096
62678,1214.8301526501132
24054,3343.9768760778093
42390,3142.5205187944684
65754,879.4572507591653
88982,1592.9765543995122
60394,980.5150073019073
51506,3535.2295552402884
24315,5598.614812950913
46510,2029.5434494543085
26978,2343.755525748331
4587,3830.7860695398604
51565,716.9040966433906
28597,2677.5062798425092
49885,4575.966488164133
64258,2393.5837947178798
97690,1546.524009784209
70832,1278.6397979906017
95986,435.5702823561587
3519,1845.2820960809483
43635,1247.5437452278227
99992,3764.6673872113856
24173,975.759399881199
27242,161.8672992131543
40229,3079.2547562024165
13204,802.2938765018146
2277,2307.0360346078596
13182,2372.612446454453
40050,3075.84823900043
30604,1201.2051428418483
4115,2990.030763098424
55287,1214.8301526501132
66580,1746.3414956508768
53477,1727.5590948722531
17261,2201.8596068739
91867,6296.264485078443
17501,5060.763592893833
56818,1785.1057920730602
58954,2356.3370702740926
88425,2335.7527538007685
3930,3493.606487276229
74903,2317.3059192444407
9331,1171.3514274851536
28644,1686.5345406129657
6835,3198.9767839113824
43237,2369.3343985806373
40251,421.9452725478939
42976,1797.9090400370387
36198,1233.9187354195578
3347,1620.1897927563025
28631,630.2861496505848
96899,4403.410788728458
85452,541.1218025501206
50811,1332.2642839521338
58164,1963.771016325568
78406,4439.184976221936
14059,879.4572507591653
83219,724.2645354971364
55913,1593.5545318964423
25333,5823.496896612424
40225,4623.103271228706
28666,1718.1195298632076
26886,1845.2820960809483
82025,3469.1108729118137
10314,3871.192895029758
65144,1150.7325146670028
95825,2068.305569633263
47816,2398.119917988322
7315,11526.478476026858
34266,1652.0687212598737
36830,1503.8918877902781
68473,599.7195964202706
17093,1283.8822821556173
89974,2498.1523428165933
80576,1516.8589263192703
40446,1419.0288457032227
19574,2103.188384730955
52753,2357.3805355565955
18786,2407.2088045261444
32412,6428.114338251883
11113,1323.6496949096402
54245,2540.877792923776
91088,8592.699976535781
6401,2428.020332333591
42097,616.6611398423199
35804,785.8441130112813
42404,2000.840202287195
46738,1212.2865174841284
839,1197.175097725811
12664,13174.589076888189
22215,1925.825389040673
75471,3752.354773972079
57425,4328.979363003231
67126,2236.4492062515365
62108,1754.3046452267245
91789,3472.2655141327195
90030,2773.2972623026967
72945,4961.04904053159
99051,17020.079786388866
4589,6156.198880957071
32941,1061.0287416119802
39551,1023.6339313581484
23606,3023.4286369408624
78975,1608.0978269473603
2531,1392.1861929813058
90722,2428.7351858548727
15993,472.3730528150543
91868,3348.4259320948377
59902,1316.6958193689263
55823,4124.06696306269
66435,2956.2757483194446
66921,3033.946204671982
23326,1083.5927934344136
43874,1359.0124718649674
47269,5149.587609138022
2330,585.8213621751585
99294,3614.3807066096742
88879,7177.637825708964
31997,930.8028569967994
17301,815.9188863100794
35109,306.681444080398
16288,649.6177103546648
70605,599.7195964202706
21098,3357.601885886074
78088,17053.458563671145
69183,11611.62639861091
7813,2496.5402481350156
7728,2274.17109762217
29029,737.8895453054013
16783,3945.54575596787
33840,500.7360245647538
66686,5920.649180609811
6460,1608.875703298471
31204,5592.512325202532
51883,585.8213621751585
30088,3763.057339146972
86166,4648.68354610937
13397,2102.51331432738
78915,1824.1022802214125
90830,5443.444312562407
20354,4697.487815841244
62022,3046.443825134831
58534,2398.119917988322
80751,4261.158448184215
78273,4771.840676779356
77669,3360.317894925658
59003,1392.1861929813058
88064,6544.3602786973315
9311,2901.91002730474
71552,2494.1390146620656
16243,2767.6722650343127
57956,385.71461293586634
23952,1947.1985743290788
2998,1590.119262749123
29823,663.5252057065505
96761,2089.5633749226904
59359,3108.2793609956075
58718,363.9547021384635
75148,1797.9090400370387
95744,7712.538336614206
44103,13876.113986340064
73653,2779.791401236963
33891,1091.0992987042162
1114,2142.120889876416
31859,1812.845509895277
27866,1104.9321752501394
25641,3003.6557729066885
84535,2944.8179884436954
82038,2203.3210693088404
95506,2711.74743764137
14096,4124.531624988029
31093,1856.182668191211
18902,2283.0647614455797
81568,3094.654351187343
78234,1721.581336355326
89716,3300.5597644877125
82668,7355.17288324635
82812,1899.366792740653
40464,2496.5402481350156
94930,1363.05288423775
10988,329.15170794511715
13493,3051.521940513814
31914,769.3514066215331
65540,822.4839166474367
76056,2401.5367937454744
73662,4578.913133459785
35663,1902.91046518029
6640,545.3252128153337
60942,1251.1739067978012
92716,3516.453542713988
48540,1503.8918877902781
3195,1508.4319126989863
90922,4881.305348394848
43831,1704.4945200549428
38271,8008.550669307287
18905,1757.3082572515887
52086,5085.178472097469
31275,3094.654351187343
64660,2045.9356700701255
39472,2575.5342785664284
41981,2177.119910070846
86902,403.23162067118375
84554,2474.759110595301
85208,2490.4880662317482
74544,4334.1388461670795
8877,938.0509108739268
4134,3786.59593177094
65987,1797.9090400370387
2729,1704.4945200549428
3885,2662.5497514343574
38102,1332.0699708837801
51898,2104.428842249991
16031,5573.48628650385
66285,304.91311261893736
46871,1933.3613629153326
86945,953.485044086908
9540,2590.9523849975335
36937,4223.5268688935175
64264,1777.8167287348806
89494,1950.1460065173032
10298,3168.2259715588034
30488,2989.050292657145
43182,2507.7640244703302
90172,2004.3220118546637
34031,464.12402767562287
50840,1704.4945200549428
19015,2861.5405804297343
51356,2542.005182269191
47971,3753.2454524974537
1648,4274.677452467491
40525,1617.6495529517454
77334,834.3382279454113
92515,3456.798259672507
65112,1293.0107472296256
89595,1216.4169148095496
40035,8448.238908855212
27474,996.8913820611867
67364,2494.1390146620656
37991,945.8756423302768
52833,2637.1402333991664
50936,1810.4772704131476
49437,5460.96800436073
63638,1091.3071654418745
31626,1899.366792740653
34376,2252.370371827906
40725,1427.4491216773627
88214,2306.339534575889
15207,20580.559509592113
16562,277.971704337588
89003,645.1421054109596
18871,2430.421565806541
95486,2554.5028027320404
72718,1740.6796354184596
93852,1508.4319126989863
18444,888.0957812274014
50245,885.8066863912213
65051,1845.2820960809483
2654,2555.630192077456
14815,3405.2218841097856
60946,1200.3090304245686
40241,1740.6796354184596
97934,2845.621614657262
56768,2393.5837947178798
63834,1230.4434392952214
36857,569.8199234514998
92542,6303.565503400706
98622,3960.54157582661
47510,5084.502776291281
61636,1727.5590948722531
29738,2204.5042042207806
16710,2259.1698670007336
27937,2936.02700558493
77922,3600.7556968014096
26700,4829.803720353941
88633,1675.9544064167817
53317,2150.9125794654005
86586,774.3162763995055
30359,2930.6140222612244
64833,8023.488129434053
71643,3830.7860695398604
1200,554.7468123583855
7422,777.3068801628684
70169,2688.8769665755253
38304,3216.4088474324303
11089,2031.8670099417484
3677,2990.030763098424
74768,834.7837155336841
95798,884.8505776879402
2205,635.9927005464
49708,1036.777720296486
65122,1608.875703298471
18019,6034.169102174617
15849,1392.1861929813058
63120,645.1421054109596
93793,435.5702823561587
12020,3277.8581937493345
19824,2006.864325319298
7831,1251.1739067978012
29200,1069.6421375126702
83730,8164.395600385298
14111,1752.3606876620686
74985,1186.6840206163038
27280,2510.264376699531
99516,1727.5590948722531
81363,8868.72929873077
19970,1503.2339165110054
68266,975.759399881199
57847,4381.928630229105
29111,1113.0496656152966
30477,1570.9436229789749
17083,2656.7394331381083
76944,1311.4972578246359
62025,1673.2142680723919
16933,2357.3805355565955
22805,1137.107504858738
86374,1816.110054092123
67843,2090.803832441726
63376,4226.92223703311
59644,5936.015178755546
53078,1797.9090400370387
99028,1503.2339165110054
38376,7654.039132178903
40475,1316.6958193689263
37921,2494.1390146620656
55054,1145.1839551987061
9988,1150.7325146670028
88207,1376.677894046015
73761,1261.6079263613262
98136,1757.3082572515887
28932,1517.4076022062814
60191,5867.687034381345
31486,616.6611398423199
6017,8337.577258192223
14489,1311.4972578246359
80847,6477.4249625718385
48639,1595.2506934902062
37479,3212.601793719647
77004,2523.8893865077957
46707,1840.897131165781
24920,724.2645354971364
46360,10466.560686731389
90954,2428.020332333591
34180,3720.477249442465
7044,1159.4067304841203
26480,7932.596236241343
72810,1598.015239306893
67321,8833.081362956067
71648,577.2069171862794
20399,4301.958164461299
4486,1795.542481818229
55741,1408.2353536572366
84653,5089.986679265792
4932,2930.6140222612244
32500,2807.5384201015577
38302,3028.1316601837875
13415,4793.473087603272
83613,4753.806059709327
60879,1845.2820960809483
8472,8864.291485638016
93680,1251.1739067978012
44441,5282.086591783049
55857,2103.188384730955
63056,4391.31880861481
82875,308.53825756790195
41099,8111.931183995281
21143,2411.7449277965866
61055,1301.68625654033
75153,4279.735391917129
76654,4526.115807913242
8243,3359.1148617778877
61971,1412.2564656567815
85428,1590.4091678936288
85240,3253.4120301215407
36209,3270.82169836696
64465,2704.605600745234
41771,3339.8829187408055
20118,1091.0992987042162
60107,738.8796483509502
33271,1516.8589263192703
98187,1059.6374373880844
55075,6646.273733376267
22667,592.3821662915722
19185,6900.7435267872115
56696,1280.6616037808978
4946,3824.7978560290535
72660,1159.4067304841203
96345,5632.191874847396
78,196.68187363636963
57320,1481.5884623676745
57396,1727.5590948722531
47104,140.002772623599
83004,1372.6374816732323
14644,1921.9777016581204
11676,2455.07497213327
47500,1359.0124718649674
81110,4640.316940160245
57581,1286.2476629470314
69169,16046.56544665256
21982,2589.274065792041
64498,248.37439644968748
14817,767.2184264736255
67459,1704.4945200549428
37657,2494.1390146620656
27190,9133.069898434422
65616,577.2069171862794
5064,2555.630192077456
72583,993.3701649312036
81897,1485.9982246393604
94751,3738.7297641638143
90525,1570.978344105541
21889,5561.609228478942
55781,13206.714283874511
23072,1516.8589263192703
30631,3146.432114051331
26274,7869.792499960595
80112,1053.8913871428144
98597,2175.3450994236227
8216,2283.0647614455797
74501,3357.601885886074
17473,1593.5545318964423
69860,3194.921741056681
61003,1171.3514274851536
5021,584.8336317548989
47423,1214.8301526501132
42659,2307.0360346078596
41380,2688.8769665755253
33429,3874.6644001667755
98858,7970.75691311678
92411,6605.246466868777
86243,243.40607208789478
8982,1777.8167287348806
92293,1150.7325146670028
20989,888.0957812274014
9140,4130.038755893501
55099,1702.812144859521
72772,693.0237029398203
25093,2140.3684294585096
96472,724.9795127538666
16465,914.130058374255
99413,1718.1195298632076
9346,2103.188384730955
72991,1963.771016325568
10629,2000.840202287195
25709,724.2645354971364
29933,978.5470602337518
32949,1206.1765288131683
89793,3545.3204428369445
6651,1133.7397754957806
24850,2490.4880662317482
72062,3624.845877568365
6047,599.7195964202706
72057,1570.978344105541
96836,773.5094125850156
31022,3378.877461492521
57989,3775.155984632284
75580,1608.875703298471
41897,4601.767960925334
39994,645.1421054109596
80721,1620.1897927563025
81656,536.6807975959462
69174,403.23162067118375
57156,1345.5896901784893
91483,1201.2051428418483
77332,2693.5535701659574
519,2956.2757483194446
37349,616.6611398423199
64368,1398.6314558485167
42643,3047.5712144802465
28231,2112.856745438366
1723,16355.93992908587
58671,5718.843521142915
59915,993.3701649312036
15555,5171.375570167395
42924,11092.50929797559
39612,6510.641263569872
81699,4793.473087603272
24649,1517.4076022062814
71879,1728.3410481987821
26447,1059.6374373880844
87166,2407.2088045261444
33522,1316.6958193689263
70759,2420.3149098807326
33941,1669.4259132478444
58602,769.3514066215331
20407,4653.716492412461
73643,7177.430664889786
55771,3600.7556968014096
4177,611.2233303218293
46914,1704.4945200549428
57876,1719.9207722246417
25160,1908.5409547723773
84210,1621.7228367556252
55021,1125.0861516588357
20218,1604.9937574774492
80894,1440.9665453529185
65744,5254.592237755291
82052,957.7405926290828
83753,1091.0992987042162
10801,2089.5633749226904
25785,1492.6737809798703
21120,1856.182668191211
6010,1810.8845597425825
55529,957.7405926290828
91479,2976.689858679152
41514,1437.6180920324502
59062,4608.701473008217
56146,1045.197996270626
63669,2583.6708128134205
89543,4235.839482132822
82889,2068.305569633263
38099,1423.9930822241854
38373,2940.0042006469284
31801,1516.8589263192703
20584,1104.9321752501394
88838,235.4834625863454
50583,2337.2023782837778
4602,7996.178733836851
68407,1522.056922507251
2776,1287.1278112157886
17443,5633.698568248152
47249,1606.5647829480376
91912,4271.393036500644
45934,6290.148863631431
34125,980.5150073019073
33971,1696.4184744175604
83961,1556.2087317210764
66675,3424.3993465255944
51440,2523.8893865077957
35359,906.1899595036658
73161,1069.8566476538942
21486,2015.9184396460437
70313,2259.1698670007336
90776,7221.279948731619
6136,1005.5162782199944
69750,3535.2295552402884
31861,5852.7408237666305
36219,598.8927745628205
29202,1083.5927934344136
12444,1318.639274143869
2018,1617.3354089743648
62211,1704.4945200549428
72022,1318.639274143869
79974,5159.6468116943215
62615,4968.408301336565
47137,2858.364591163024
66109,1031.5767404741812
93832,2711.74743764137
19106,8257.201601211957
78483,5444.367518104334
31485,2393.5837947178798
94364,1861.6896142784012
94887,6839.760933650722
32665,1871.8701854999417
87286,1638.4437114516088
96447,2090.803832441726
1166,1908.5409547723773
69068,8072.612323473637
91069,2204.5042042207806
32264,2605.4288955298384
92510,3738.7297641638143
11131,716.9040966433906
18035,5920.184518684472
27562,1811.5340498453036
99834,1405.8112027895706
81823,1956.455844247539
98233,1437.6180920324502
74466,2275.71782250424
75934,3594.618106895041
85472,342.77671775338194
9116,3504.6644272796325
59650,8890.187824585088
24435,416.7319688465112
86053,2029.5434494543085
55354,2371.730413151951
79213,2591.803885721574
75363,3171.917030422647
41892,568.3409253651507
58836,3260.4679613267726
95431,1345.5896901784893
62879,2037.5153940959851
42518,6113.286010863414
88969,2672.510616137251
31609,3752.354773972079
18832,2878.438315383583
67540,1503.8918877902781
95680,2204.5042042207806
47774,5502.6915040293325
86688,621.8354523905542
80795,3534.7060574353372
52470,3800.2209415792045
28725,1276.2153379215088
5812,2064.040725776797
31700,3023.4286369408624
64083,1780.9578922344085
54686,1503.8918877902781
12953,630.2861496505848
23863,324.06306587667177
35496,1104.724308512481
5663,5814.099476726087
66067,1797.3922296052297
3025,1059.6374373880844
97814,9975.11547991933
43220,2870.0180394094427
23992,2928.8236910720266
20906,658.0177937234838
63017,1590.4091678936288
71637,3392.2412053219714
67062,2653.295063136964
34517,1704.4945200549428
27530,945.8756423302768
70334,1615.8207069974894
30200,4004.5472064553855
24491,3076.4018364659937
80498,18238.63784830688
59786,4271.393036500644
95206,23263.418072263827
84781,2153.993439266774
53889,13410.588890945555
86205,2555.630192077456
14268,610.5027404393292
34934,3391.843043684935
69572,2117.7433541917635
71138,2941.525337380143
85065,3819.370521777318
47985,1608.275967416525
97781,1517.4076022062814
49844,3983.325997641475
43398,2954.268313885905
49981,1480.9909094889972
50226,32105.64936962894
42478,1620.1897927563025
95503,7041.069460098999
77805,1121.217014902229
89050,1426.9062128292926
24791,2015.9184396460437
63921,785.8441130112813
20199,684.8229596422681
68664,2507.7640244703302
44921,1592.9765543995122
23676,1576.784158085364
1404,7464.323737341614
22361,1508.4319126989863
97323,2922.4019957766654
93406,277.971704337588
64870,1413.055057524557
39685,554.7468123583855
23918,3028.1316601837875
73640,558.9502226235985
394,3614.3807066096742
98120,2759.672252494432
85923,6154.542803450889
96991,1016.0631893727644
7146,2494.1390146620656
95608,3786.59593177094
11599,14259.53056304065
79645,5015.1407824353455
45517,2316.192898388276
17466,308.53825756790195
93993,845.0145300171682
89449,6334.187246463928
92586,1970.080854055804
23071,2875.165590237999
39222,2710.415919041483
92036,7336.460017354197
70653,4777.571241821011
95099,6517.684603667693
45353,9426.956063041129
22823,5548.800265152307
78873,764.7355629317414
38635,2161.720089615358
91973,5991.072849540743
14242,948.899601160412
5433,624.127750247594
39440,1295.9016608690629
85377,7526.343189435773
85144,3622.1944135414838
60894,2258.210287225178
74285,1156.3278918380117
81963,779.0780852362445
60057,1912.9918025489178
45969,2339.4983440401384
50740,1687.1055439411082
38079,554.7468123583855
78785,4368.38000396594
77206,1014.9794617601614
12373,834.7837155336841
43460,1096.8394225497161
93635,5531.939248776609
8413,256.6564931485434
38936,443.7051833452967
26573,3158.292020614382
16972,2015.9184396460437
29896,4407.061304877976
23296,9894.324318298284
52688,893.0822605674301
46476,1275.232936169591
17560,2677.5062798425092
35088,4106.659465015084
90189,1845.2820960809483
13390,4067.4124043350225
33513,4381.337649584398
578,5652.860224753483
75760,4271.393036500644
83548,2326.9156084348597
82062,11744.132855658378
74216,1423.9930822241854
37353,1718.1195298632076
95140,1590.119262749123
23327,5437.106856971792
87635,4894.095200794069
71320,3169.4473022453
43246,2151.0545523380806
51330,1200.3090304245686
15128,1413.055057524557
7383,3925.7444330799112
63877,2971.7782483770748
21756,914.130058374255
63991,2302.567888580011
71261,2153.993439266774
31143,2656.7394331381083
32827,1301.6284418875273
28576,2283.0647614455797
98887,1508.4319126989863
37070,5404.9511509236245
37100,2588.7439605309014
92718,1121.217014902229
60077,3608.569403733219
80539,5246.614430059944
89698,8215.337838341738
15958,1091.0992987042162
15288,1019.1412880282593
28280,3745.207081723355
1793,5047.138583085568
11813,2191.704499654666
71603,709.4281712343292
54319,2940.0042006469284
32820,1091.0992987042162
371,3810.546047092335
27709,504.17348711535635
5785,6701.301566476094
57869,3800.3115392286636
18973,4381.337649584398
55635,6517.684603667693
56027,500.7360245647538
44821,6289.94049359244
15561,464.12402767562287
82555,1171.3514274851536
15404,1503.2339165110054
7577,2269.439751637315
69332,1533.6039913067289
72757,1613.3870984823775
7376,18235.58135549484
28633,2081.9305794415277
15135,2185.208721537831
27873,529.2171432232581
98084,1880.1281405658262
83292,2094.2547222692906
51572,2161.720089615358
94021,11824.571841318366
13904,744.687813103894
38809,590.8319269945442
17928,683.7683861373117
854,1492.6737809798703
91643,1606.5647829480376
22083,900.214625936312
5111,2317.3059192444407
67853,5893.84316886283
13401,1689.5794162250465
83514,2193.1120479556025
62634,9957.642860760148
68187,5020.766587917732
37729,3811.1903781127844
46321,2741.9277730989716
80216,1171.3514274851536
18215,5037.0693269949015
52145,1124.0417685844975
6653,1912.9918025489178
75524,5548.800265152307
84166,1169.9529016462766
99026,765.4530754279797
23308,4076.920838326032
55751,3719.004294698593
87489,3672.6110818353395
96450,1413.055057524557
87420,2015.9184396460437
27322,1842.9242493351105
27411,3753.2454524974537
77833,592.3821662915722
93272,1889.037827637946
28798,4941.983456023764
3940,1092.191282217618
43007,5992.736441197686
24343,5965.172692104013
25987,1126.6746754235614
14845,2670.364442946373
11585,3108.2793609956075
3372,2013.1818707185084
91109,4640.316940160245
94497,5704.819862002758
4164,2013.2356712409778
50115,1392.1861929813058
46381,344.8047488807291
4357,3903.229151596835
63021,1372.6374816732323
91163,3094.654351187343
15380,876.4947044410683
45892,2318.4953324607195
5328,884.4286367304852
82098,577.2069171862794
64122,2496.5402481350156
98134,1133.7397754957806
55225,3752.354773972079
79105,1880.1281405658262
17374,5026.141353428186
19477,3246.842951518508
23973,610.5027404393292
42151,1010.5163918694516
93824,1437.6180920324502
82159,2609.92409957506
51573,2494.1390146620656
65411,831.3895202089034
81336,13802.105429307798
63587,3775.155984632284
72875,693.0237029398203
4601,1613.3870984823775
19129,1728.3410481987821
57921,6820.999834650469
76307,325.7871485774019
84036,2565.4229040150476
35986,6096.33706315826
24857,920.5636783794733
63907,8098.306174187015
23428,2622.6670760808224
16429,5765.477901096031
41899,2343.755525748331
8439,2767.6722650343127
65137,1392.1861929813058
90902,647.9368318154236
89200,780.4959350894724
57733,2815.2953721658737
72762,3736.5997351549113
21667,1721.581336355326
97160,2151.167620511701
66639,1606.5647829480376
37139,1363.05288423775
81644,1608.0978269473603
22379,1754.3046452267245
94344,5693.521022678047
44954,4995.507498991127
35155,3158.292020614382
8550,1508.4319126989863
28516,9359.814495926763
77117,1528.8014397347802
33241,920.5636783794733
24810,2320.6610444161242
97558,8907.811184988926
5103,1570.9436229789749
9537,779.0780852362445
36057,2151.0545523380806
70353,2090.803832441726
57851,1531.0326120145462
71316,6188.96587634847
81304,1359.0124718649674
95392,2884.913914836918
65997,1010.5163918694516
88473,5558.137723341927
6998,350.9116187425199
13815,554.7468123583855
72690,862.8696946328034
51591,1332.0699708837801
30102,1276.2153379215088
71766,790.9318899711333
35003,1503.2339165110054
81428,1005.5162782199944
74850,4209.901859085252
25245,2409.397689077416
89005,3919.6214006007076
33048,847.9632377536761
30597,4495.5506799525865
35242,3786.59593177094
12174,4143.6284619223625
54764,1812.845509895277
7966,1201.2051428418483
51854,803.1295470774525
93231,1275.232936169591
7387,541.1218025501206
69463,779.0780852362445
74537,1398.6314558485167
66868,410.183748423829
64952,3827.5650952246615
41692,1624.538236006704
55832,1005.5162782199944
8836,1297.5072919638822
29018,2748.169137899881
70969,1718.1195298632076
61007,1398.6314558485167
80951,610.5027404393292
19104,7601.189086266219
97107,3032.8188153265664
71486,5937.30771069385
80506,1295.9016608690629
49625,2416.8431309551006
86069,468.0883724791975
47374,3570.5441060592743
85988,1405.8112027895706
242,3001.4953780623187
21476,14442.16981596223
55212,1488.3740937370235
14631,1721.581336355326
71291,2274.17109762217
85233,1797.9090400370387
71445,4452.809986030202
93743,187.889649752289
17900,1528.8014397347802
89812,817.9115293644196
44216,435.5702823561587
74881,1121.217014902229
90468,223.04778850932954
63655,5049.156541622157
44002,699.1650172401212
30317,1620.0577900955057
23478,11920.33375465264
16901,4837.663225372193
51303,1606.5647829480376
51782,815.9188863100794
93952,10943.75344866555
26794,2940.0042006469284
68603,957.7405926290828
92748,3456.798259672507
5132,1287.1278112157886
20412,414.0775846855659
3738,1531.0326120145462
8119,6436.346242129796
42022,6082.712053349995
4352,3786.59593177094
5525,3800.2209415792045
88183,5912.992749060943
97470,2861.5405804297343
5860,1503.8918877902781
12536,3972.6696819257722
96119,2871.989600971289
62371,3112.6409878140926
44666,1902.91046518029
34892,1503.2339165110054
91221,11587.002127448186
42959,616.6611398423199
63104,541.1218025501206
57404,4916.62982728615
53490,2327.465112389405
91576,845.0145300171682
96680,2161.720089615358
87942,508.9225645782418
38288,737.0139280227551
47153,1276.2959752856668
40751,4501.613627226021
99546,826.3318053385599
19692,1689.5794162250465
68745,6919.893106985323
58162,822.4839166474367
8004,1413.055057524557
15392,1519.2302248569304
19398,1522.056922507251
78752,458.7480430067895
83288,3600.7556968014096
69120,6289.94049359244
65070,2081.9305794415277
96644,1480.9909094889972
97673,2478.2877334136665
6500,16430.145513801923
74397,4883.354051805232
31013,2858.364591163024
94250,616.6611398423199
97691,2045.9356700701255
72565,2884.913914836918
50814,2491.6755016778766
60140,3155.8222924370352
68194,363.075067559585
1396,1984.0008423346226
16221,603.4809837318005
84408,3265.2382847054873
71712,206.60330162899916
58446,3051.0427196172636
53519,870.8036269222204
14075,24193.908348105313
6482,3428.607530915222
32560,1454.8402942718772
55938,2478.2877334136665
18516,3656.4355713403447
13829,6887.118516978946
27533,649.6177103546648
44022,2719.806097427187
61175,7584.569846348285
26721,1704.4945200549428
87078,1592.9765543995122
10644,2987.870368254054
58210,2269.439751637315
89457,1069.9677836261487
44531,996.8913820611867
14453,4201.198581739532
82438,738.8796483509502
4746,2814.3708551559457
13191,2821.1634299098223
94829,2357.3805355565955
93699,2759.672252494432
1874,5166.577560013399
94498,1871.8701854999417
86950,1687.1055439411082
11191,1652.0687212598737
97479,344.1854167073581
62826,1059.6374373880844
86493,2316.192898388276
33741,1620.1897927563025
54485,4383.377476729453
68528,363.075067559585
89024,3534.7060574353372
70189,862.8696946328034
18703,864.7852651759441
51363,2175.3450994236227
88629,1831.9014253945852
63982,2218.129214029045
25277,3790.536855446686
74261,836.080252288347
94494,6190.492240671423
36486,4191.649344363901
34110,599.7195964202706
14942,277.971704337588
60613,1342.94515180877
13445,2318.4953324607195
22339,769.3514066215331
30587,3732.4336773034242
90162,2828.9203819741383
32807,730.4593723768099
50626,592.3821662915722
91270,2203.3210693088404
45927,585.8213621751585
7486,1083.481657462159
12483,2103.188384730955
49108,2116.138324135645
9614,2724.122259867264
94995,2094.2547222692906
14597,2160.7314453205054
80061,1273.5028014075237
62046,2343.755525748331
64407,2102.51331432738
96786,603.4809837318005
67176,1010.5163918694516
11602,2283.0647614455797
30535,2490.4880662317482
64135,4545.221578795708
97448,4439.939568657837
36143,8836.944327612598
26649,2609.042066272558
38413,884.4286367304852
77312,4158.270774990813
26298,1508.4319126989863
4922,2494.1390146620656
11310,3738.7297641638143
44564,4453.165929134211
1235,4382.0050137742055
52221,4404.943818423076
6621,1851.3445253092505
24824,1110.356316934591
4780,3695.989106504624
50345,1704.4945200549428
72937,2161.720089615358
73089,3624.845877568365
88426,919.8149693119307
15889,285.8793812331859
86246,2398.119917988322
30293,898.4755874962051
98056,794.1209448977372
70730,328.2770271891221
53275,1485.9982246393604
50515,702.0573857288239
62761,10902.338253286063
41858,4516.800363290165
53734,1273.5028014075237
51715,8294.287965735157
71450,2349.1785071643094
47541,1983.468879073511
45652,1201.2051428418483
15977,4201.198581739532
62810,2544.4064157421412
92870,1527.7853261441385
14848,3971.2273521561633
12561,1503.8918877902781
74830,1426.9062128292926
36867,6216.096002643205
11735,3862.7552585646845
9969,4924.91955454033
52316,3996.565920528805
91600,4319.368694378394
46854,1950.1460065173032
47205,6289.94049359244
68454,272.8707553134727
37740,1066.3337324624329
18588,1824.1022802214125
25957,4646.008683224937
62460,2213.8717443718006
34501,2518.0434879919035
29951,1715.5017496657722
2169,3519.647829763134
61991,1113.0496656152966
73641,3033.946204671982
11072,1036.777720296486
98297,1104.9321752501394
62554,893.0822605674301
97071,1522.056922507251
6635,1005.5162782199944
15131,4747.292789021594
46201,2609.042066272558
86771,397.70667722171413
83831,988.8301400224956
53577,2944.8179884436954
18461,2316.192898388276
1119,428.0389130394641
10594,1740.6796354184596
55006,3764.6673872113856
72685,2154.6632530241823
31216,523.2666379344855
50187,523.2666379344855
93056,2104.428842249991
47211,1902.91046518029
7385,384.08166741344934
29151,3155.0378438718035
17882,1673.2142680723919
74192,8086.547179361395
25272,1527.7853261441385
42961,6169.823890765337
62230,4889.456539553613
17927,2387.364511647264
20329,2656.7394331381083
55967,930.8028569967994
78516,870.8036269222204
45068,1197.175097725811
5978,4201.198581739532
11861,5554.4465686312105
48431,4391.31880861481
9374,2736.533422220085
17425,3961.650350277688
10182,1620.1897927563025
12194,1575.950938129338
38544,4867.6632085474985
72955,2297.919258601749
79321,2898.5389246451828
8569,1186.6840206163038
97988,294.29965720732605
32309,2922.4019957766654
18412,1391.7156757088312
90550,1810.8845597425825
75754,3722.9747253466467
87605,590.8319269945442
82009,594.28178689978
55894,1508.4319126989863
5324,739.031909094342
35402,6900.7435267872115
8036,3764.6673872113856
77255,737.0139280227551
45598,688.432375920559
71635,1516.8589263192703
81509,1125.0861516588357
14227,14712.050618517978
85277,1398.6314558485167
75930,1754.3046452267245
87254,16303.035797215132
6989,1173.0317402923852
9999,5805.205467870572
99939,1719.9207722246417
25782,2269.439751637315
50782,1426.6800673328219
45110,1201.2051428418483
96527,1935.6027114663852
29198,1286.2476629470314
94505,1005.4932562745769
82822,4539.8155514841355
38251,1811.5340498453036
23488,10683.968356723528
73853,6659.939048495221
79367,1233.9187354195578
4981,2645.6287553128955
74852,2813.6744128226087
68810,2090.803832441726
41521,2713.3644989965974
6142,2428.020332333591
24888,8477.014967449395
18144,1508.4319126989863
19046,828.9846225843197
62261,2759.672252494432
18140,2224.557514742048
65320,1606.5647829480376
53630,1092.2555071154334
82325,3171.917030422647
98311,1233.9187354195578
92910,6210.781595627859
42718,2507.7640244703302
25926,460.006139244277
4717,2334.348287922954
55866,2094.2547222692906
38401,1603.419870050225
23979,2198.8337313460956
7147,1885.4951953082066
87544,2556.683779691393
13850,1503.2339165110054
78761,7336.460017354197
46278,1092.191282217618
96149,654.3367887089863
54142,1811.5340498453036
78479,506.6989320889815
71914,509.64162812622067
7479,1200.3090304245686
71855,394.3174501537123
83865,8565.162964112707
19881,1970.3758325263577
48260,1398.6314558485167
44632,1508.4319126989863
86639,1503.2339165110054
46649,5010.40543911076
40430,3378.877461492521
40098,1737.2396244659353
81564,1608.0978269473603
13333,2467.5005557457516
73154,785.8441130112813
82677,939.8600342786432
72676,743.6931646305768
645,1638.4437114516088
65332,1709.1614509233227
36644,2806.0063045818592
37097,607.4406824555989
23427,6887.118516978946
68760,3198.9767839113824
88651,2415.161803553739
30101,8023.368767956388
72535,2700.3029702927556
7500,1880.1281405658262
86332,2491.6755016778766
62686,350.9116187425199
43779,1104.9321752501394
72966,1522.056922507251
30854,4038.788364254247
55346,2556.683779691393
60966,2870.855265759016
47854,1345.5896901784893
29334,5893.84316886283
31388,8065.257280648976
76052,2306.076454832304
87692,1704.4945200549428
7367,5823.496896612424
29830,782.976416429798
61322,1590.4091678936288
7457,2850.672757038057
54812,1570.9436229789749
57004,6974.950777770522
80622,3142.5205187944684
96819,9759.95861911352
95127,1503.2339165110054
84933,9244.536142734452
78049,1624.2409829716298
7096,3520.1124916884737
22253,2335.7527538007685
45957,2116.138324135645
622,2316.192898388276
37979,3734.8135238214772
77273,8844.388863421893
14720,1922.1659645806421
99975,5054.816259860384
22254,523.2540542407542
23809,12264.846825671375
81951,771.770920011007
79030,2265.995381636171
49591,4169.440573305918
62481,2103.188384730955
22885,2510.1652579432803
59411,1503.8918877902781
48653,1922.1659645806421
8427,769.3514066215331
72781,1200.3090304245686
36093,2085.184324122271
68395,1728.3410481987821
28704,3098.5659464442056
51592,3596.1972348507275
82152,1503.8918877902781
99480,2589.159288374693
69137,1570.9436229789749
79090,1885.4951953082066
61516,1620.1897927563025
93239,254.6608638159312
89915,2622.6670760808224
45962,1938.7152317952985
96838,3957.6023423478987
70905,834.3382279454113
98221,2337.2023782837778
634,4531.046965852659
45237,2345.25982569778
5035,996.8913820611867
2557,5221.280694579334
95567,1939.5907359643309
48466,6432.518227692742
33147,1426.9062128292926
18712,5881.312044189611
8894,4026.6602581550846
19441,1197.1994841377605
31279,1503.8918877902781
78885,5558.137723341927
95317,4407.061304877976
65668,4444.3572812331895
77102,980.5150073019073
10613,3766.8704623057183
33444,1797.9090400370387
94555,1426.6800673328219
62986,284.92153328299514
4498,1119.0307218153732
8548,1125.0861516588357
35809,3391.843043684935
31640,2050.1550277462147
96315,630.2861496505848
56025,1282.276651060798
72126,2094.2547222692906
28050,14794.818668835764
45682,1295.9016608690629
41809,576.4087558986139
67692,4381.337649584398
11783,613.4151764164139
77063,1922.1659645806421
90743,2762.363792962019
52150,1889.037827637946
91288,294.91324775963716
95958,879.4572507591653
68403,966.8899974936425
56329,1273.5028014075237
35973,363.9547021384635
84473,1345.5896901784893
55576,717.5093206404822
13960,1604.9937574774492
53824,822.4839166474367
29062,3546.6183750708315
10721,7158.147044973549
55794,4526.115807913242
34270,744.687813103894
14159,13362.531512265152
34461,1316.6958193689263
52939,2981.810224735272
15581,1315.858489299593
8540,1909.4145479339227
95309,429.8001344920652
78086,1984.0008423346226
9339,7129.540366737711
36508,876.4947044410683
56119,2827.2994226308733
39441,3357.875031965533
95829,1811.5340498453036
53590,6536.512928025135
28679,4334.1388461670795
31523,793.7068858983832
56291,2746.031841091924
68014,4592.365302241288
6699,2259.1698670007336
24949,2554.5028027320404
96274,1099.2826929303305
1958,5632.490584280039
63851,584.8336317548989
88839,4038.788364254247
72732,5624.555859814878
80618,8825.778173805395
47035,569.8199234514998
93614,6454.446772252298
1196,4501.613627226021
53272,4132.95190096217
14418,2554.5028027320404
31313,1811.5340498453036
38365,1880.1281405658262
1210,2882.747854654099
85608,3443.1732498642423
53805,2989.050292657145
67991,1721.581336355326
38078,4685.594016942077
80009,1169.9529016462766
78169,2208.1878012327397
56422,3734.8135238214772
50192,2605.4288955298384
67778,1057.2147330880211
66682,2764.2018017559676
7978,683.4555748928256
77866,5554.4465686312105
76956,3626.7623628113834
46558,520.3239418972463
51292,1423.9930822241854
93138,2117.7433541917635
51581,6454.446772252298
93115,2090.803832441726
2816,3424.3993465255944
97763,854.285645761967
78365,2232.500685960043
44209,1880.1281405658262
12624,403.23162067118375
89000,3217.3134698524254
53455,2391.621693355456
22202,862.8696946328034
45771,585.8213621751585
3989,1412.2564656567815
6916,1110.356316934591
40839,330.5604068990933
77963,1091.3071654418745
37497,1369.1516238863978
85832,697.3933959455766
7819,599.7195964202706
53922,1261.6079263613262
83667,1608.875703298471
1459,6254.539215637647
23334,2504.418478183639
62557,946.5716908051357
68975,2605.4288955298384
46758,730.5291064516555
18091,1194.1425590152585
25915,2609.042066272558
39790,3325.72436135646
51123,1859.4002174524294
64170,10251.911817229122
70708,4779.097606143964
18958,1078.6304973071685
35325,1091.0992987042162
55588,1963.771016325568
45733,1721.581336355326
64462,4086.3721159295337
10678,1695.5364411150579
48202,6887.475910252547
56404,2244.5852774169134
94712,2356.3370702740926
26500,6974.950777770522
95666,1216.4169148095496
25434,834.3382279454113
69122,2759.672252494432
96673,953.485044086908
25812,1769.4475039624517
60067,1574.0207031432885
77773,1091.3071654418745
98085,4257.768026692378
35677,2259.1698670007336
58223,2013.1818707185084
50858,1885.4951953082066
58841,3142.5205187944684
92839,2193.1120479556025
8529,7102.58476805934
80507,939.8600342786432
65988,616.6611398423199
17141,3871.192895029758
41326,5494.063230772693
53517,1023.6339313581484
21276,1247.5437452278227
48517,586.5394403097514
98320,879.4572507591653
96186,577.2069171862794
3292,1083.481657462159
1440,1608.875703298471
88157,2140.3684294585096
82077,1689.5794162250465
84343,3299.4794425043483
80553,9427.022404027097
1001,817.9115293644196
31166,3720.477249442465
27497,1608.0978269473603
9675,3242.787908663807
36715,1091.3071654418745
23829,11725.570023298624
58951,2409.397689077416
39072,945.8756423302768
49435,2863.1615397729993
56469,2318.4953324607195
23941,5085.178472097469
7602,3392.2412053219714
34051,7925.536326563749
70747,2000.840202287195
37914,2558.031425550406
65652,3180.7242691900333
62965,8339.843415545294
19288,3545.964773857395
47172,3405.4680534931995
89573,8961.924950136372
59634,2085.184324122271
95880,6820.999834650469
56115,2474.759110595301
76037,5463.4789953009695
13789,4574.056709282996
40882,1310.6143409967299
13557,1150.7325146670028
18989,1156.3278918380117
62942,1010.5163918694516
60426,1113.0496656152966
83213,3871.192895029758
87538,2029.5434494543085
18680,2967.89332369417
32379,2724.122259867264
95115,1412.2564656567815
85959,6303.565503400706
17571,5232.696242341876
34712,1527.7853261441385
74482,1159.4067304841203
90410,1046.0124275798196
72131,17280.575114567142
63709,2306.339534575889
10586,1503.8918877902781
88110,4124.06696306269
56829,4271.393036500644
45436,520.3239418972463
34744,2177.119910070846
26091,2175.3450994236227
3124,2813.6744128226087
82267,1947.1985743290788
62255,1283.8822821556173
19876,714.7395722284641
95129,1593.5545318964423
1093,1240.3681156872135
70398,1576.784158085364
52340,1516.8589263192703
98758,2827.6575688440885
8710,2430.421565806541
54688,6082.712053349995
27147,3561.45433734895
73075,3916.3514380576885
5457,630.2861496505848
69720,1398.6314558485167
29763,2490.4880662317482
60661,1811.5340498453036
22156,1322.3037521668039
51477,635.9927005464
67482,1173.0317402923852
76828,1490.2668779820133
7523,2494.1390146620656
99342,3491.039417471368
97525,1606.5647829480376
26319,8790.56904798917
39875,599.7195964202706
74954,4368.38000396594
99826,971.3656024373477
41793,1083.5927934344136
90023,404.8509933520082
14152,10319.077969041902
78731,6671.365149197254
11169,939.8600342786432
98300,1840.897131165781
90765,3283.564674872722
3160,647.1494883010668
29310,1156.3278918380117
12110,7827.527148009703
99822,1673.2142680723919
33025,21268.87892879085
55049,912.5798190772271
83139,3080.684982933692
10560,962.1343900729341
30905,1854.522140974046
31200,2128.176500539068
90749,3720.477249442465
69099,693.0237029398203
82876,1947.1355077694388
63799,4961.09829716758
13217,2999.705046873121
45036,1332.2642839521338
54250,1517.4076022062814
67974,3548.331067243602
6915,4727.354405274795
25144,5232.696242341876
64288,1840.897131165781
11344,2510.264376699531
71534,254.6608638159312
27732,1947.2329603477788
20258,3094.654351187343
88253,4320.513836358814
47592,1273.5028014075237
61814,1875.4128178296812
97855,2258.3229456959853
27766,7117.017175353612
7882,4589.591497972398
75217,2320.6610444161242
47501,3357.875031965533
40386,3438.024356333859
8269,1194.1425590152585
20800,1364.6401006923227
28465,2828.9203819741383
85755,4575.966488164133
67790,1045.197996270626
94800,5475.577640786282
75133,1137.6667783927624
54841,1440.9665453529185
69198,2373.2333036338223
24836,1503.8918877902781
44283,7946.221246049608
44139,1096.8394225497161
71963,782.976416429798
52351,5006.440388090244
34759,7015.695249971651
80387,8624.849377087467
2294,1413.055057524557
94254,1970.080854055804
920,3093.190757527455
41233,558.9502226235985
64470,5933.135511325455
9143,702.0573857288239
45334,6202.470992834939
93029,4673.703171771923
52718,1748.8879812774483
57929,971.3656024373477
5493,2497.521400193769
6392,1297.5072919638822
52524,899.4246301475746
88048,3939.309574535975
66901,7315.485090250854
6655,500.7360245647538
92125,1137.107504858738
49110,3094.654351187343
96638,3480.8635107704667
17504,3564.6318288270827
28340,2666.831559030539
95873,5146.021801886056
22459,1840.897131165781
39662,1871.8701854999417
71952,3672.6110818353395
40620,404.8509933520082
99264,863.5323305969304
51939,1069.8566476538942
46450,769.3514066215331
93611,541.1218025501206
94717,1197.175097725811
29324,2719.806097427187
98103,2554.5028027320404
49869,2478.2877334136665
47866,3155.8222924370352
22337,10641.555169050584
96012,294.29965720732605
82487,2398.119917988322
17286,3142.5205187944684
61417,1113.0496656152966
80305,410.183748423829
12749,636.3999094635401
74829,5312.597726449377
12438,1405.340685517096
31252,6379.00875042757
32924,365.9544784040127
62385,1047.4037318037153
21027,920.5636783794733
69218,5781.859467965533
49985,1697.8404648358671
56013,834.3382279454113
68737,953.485044086908
83033,2914.4692407336283
21640,1721.581336355326
56474,1361.4257742897812
74861,3155.8222924370352
74116,5858.289614495008
53554,6811.883188407281
1516,3392.2412053219714
44671,2094.2547222692906
4951,3789.425325460999
31287,5003.181475044049
55508,743.6931646305768
44461,993.3701649312036
29677,5619.069515573579
63255,1194.1425590152585
9524,635.9927005464
52671,4090.5458481342966
88320,2116.1717372403887
36687,3158.292020614382
19412,1173.0317402923852
5279,1595.2506934902062
16222,8649.618001043478
7019,45379.27350795242
4526,962.1343900729341
44610,2928.8236910720266
82970,1083.5927934344136
83245,2975.5624693337368
31779,13275.471942780654
84519,10647.57765129524
37844,1586.6715584838296
68511,4942.246105045829
92732,3996.565920528805
29186,545.5891597284981
62702,828.9846225843197
42656,4733.460184549203
70358,590.8319269945442
46227,4453.564578466103
87393,5474.593014168996
14270,603.4809837318005
38443,3916.8541614050996
9723,683.7683861373117
27975,4972.785722147456
44948,3360.317894925658
67861,975.2051302142307
5864,314.65201738085733
87723,16432.554864592672
18118,4040.2852679633493
24785,6172.271689271507
16320,2260.546087813905
52789,3859.0390138279145
14971,7512.718179627507
6684,624.127750247594
99247,1638.4437114516088
75170,1372.6374816732323
59510,2861.5405804297343
16638,1503.8918877902781
21222,3948.2289625873022
20615,3766.8704623057183
25705,272.8707553134727
79631,3719.004294698593
14481,1194.1425590152585
46794,1182.1439957075956
17130,1426.6800673328219
82635,3405.4680534931995
87645,1040.1266377478964
37813,8670.302104417395
67172,1606.5647829480376
60002,2981.810224735272
35250,2094.2547222692906
93747,879.4572507591653
27406,5187.85114333715
18061,1819.0549604216096
50880,60.75222586474213
29480,1522.056922507251
72872,962.1343900729341
96079,2316.192898388276
39256,3662.2468742167994
36520,1902.388308581172
70297,1297.5072919638822
60081,1695.5364411150579
36289,4649.728524050597
36099,545.5891597284981
4026,1092.191282217618
64325,988.8301400224956
19400,6347.812256272194
21670,2345.761631407156
92465,599.7195964202706
22322,1695.5364411150579
18552,7935.017222795341
27846,3700.6257091092652
35728,1413.055057524557
99785,1075.4354688504593
99149,2407.2088045261444
44660,1754.3046452267245
37299,5394.849322032253
87120,716.9040966433906
65099,1797.9090400370387
37794,1718.1195298632076
96966,2781.2972748425773
12611,2543.9408031856306
50242,1503.2339165110054
96062,2146.242977050042
2478,1091.3071654418745
42274,3076.4018364659937
82371,2813.6744128226087
14955,1970.080854055804
96544,3265.2382847054873
90516,1426.9062128292926
10735,1530.2370792663248
62035,1010.5163918694516
16048,978.5470602337518
13999,1206.1765288131683
77159,654.3367887089863
13239,3383.7028059872787
8328,945.8756423302768
97943,2871.989600971289
77817,3491.039417471368
31240,3335.882758390046
44934,3670.0605811486093
40319,585.8213621751585
81758,4397.688854425335
34497,4235.161269493457
2047,3047.5712144802465
35110,1505.356185690995
19155,927.7550681825198
57312,14179.228558471761
29447,2724.122259867264
67456,834.7837155336841
63965,7431.560245997768
28481,343.1452405813803
60598,3546.8468071598973
85384,2306.629150065023
83220,2999.705046873121
17843,443.7051833452967
9975,2153.993439266774
28057,3582.572225042463
90853,798.6986008975254
4234,1363.05288423775
8749,5168.1854969942515
30041,1593.5545318964423
63564,9455.728933422566
93892,1908.5409547723773
64413,1718.1195298632076
70028,2971.1859747577223
15650,900.214625936312
88752,2498.1523428165933
26184,6887.475910252547
39851,9271.094206669877
17375,490.6725914414243
8723,4936.7634606784595
56132,13877.28692055965
80699,1295.9016608690629
9193,654.3367887089863
55785,1621.7228367556252
37612,1508.4319126989863
9387,349.45005775132023
27705,2244.5852774169134
90374,6778.895234795056
79624,4257.768026692378
42835,1780.9578922344085
56688,2544.4064157421412
63672,3611.2208677601
47102,1908.5409547723773
21489,610.5027404393292
71021,5522.838259253911
40233,330.5604068990933
73329,2656.7394331381083
75818,8612.52826012311
95020,779.0780852362445
8145,3738.7297641638143
86330,799.5812359571594
72735,7372.39224631572
90039,2928.8236910720266
853,6365.335948070518
80211,834.3382279454113
35528,724.2645354971364
17810,1392.5876349789685
38861,1273.5028014075237
12718,2490.4880662317482
54163,2999.705046873121
46530,1875.4128178296812
74837,1119.9526406684083
67575,5494.063230772693
25713,10638.569438190605
47024,2081.9305794415277
71044,349.45005775132023
26919,6656.983484521114
42995,847.9632377536761
94580,2990.030763098424
35333,468.0883724791975
24747,6732.511689158043
40564,1078.6304973071685
64628,10773.54759430572
86322,2318.4953324607195
85673,1842.9242493351105
12622,724.2645354971364
18750,3634.5070267807905
41266,2161.720089615358
70785,8811.858946701592
95237,5295.190345572492
84828,876.4947044410683
59417,1935.6027114663852
36168,3277.8581937493345
81858,1206.1765288131683
89931,5298.972716641111
98570,2597.76258770577
74906,1727.5590948722531
33646,10700.966471728407
46932,1297.5072919638822
16609,876.4947044410683
88036,724.9795127538666
12153,349.45005775132023
70719,1811.5340498453036
58506,716.9040966433906
14002,12137.038543537295
95974,5391.326141115359
51002,1059.6374373880844
65330,2837.0477472297925
16272,1871.8701854999417
35698,1125.0861516588357
69163,2898.5389246451828
22167,2871.989600971289
24864,4705.1639041390345
55692,2957.5609649494577
53447,13400.583415675605
65035,1233.9187354195578
14708,9096.565856816615
23164,4575.966488164133
53573,5007.966752413196
50662,3392.2412053219714
49401,4091.1453933763514
12757,1133.7397754957806
86579,4235.161269493457
29762,10575.955546763042
40439,3672.6110818353395
51987,1836.9087405449484
53252,1490.2668779820133
10911,1858.9071058892132
14588,1224.555101330897
70553,385.71461293586634
96606,9244.536142734452
24342,2161.720089615358
74421,1200.3090304245686
92540,2747.555730494134
99031,2276.2901584022634
80624,1490.2668779820133
90040,1449.078528014956
98152,1713.9340850639883
41764,443.7051833452967
47967,1956.455844247539
35710,2863.1615397729993
59461,1845.2820960809483
80218,6887.475910252547
56522,2441.4499623250053
67630,980.5150073019073
78562,254.6608638159312
2742,1023.6339313581484
35514,2726.989508804862
46945,1261.6079263613262
61844,2358.9874366461886
70924,1091.3071654418745
89731,4257.768026692378
3562,1160.749515843121
52508,1595.2506934902062
51150,1845.2820960809483
6861,14971.98268624075
47296,1516.8589263192703
31391,1718.1195298632076
51760,2457.2638566845417
37984,1186.6840206163038
70662,884.4286367304852
92993,1283.8822821556173
47220,1124.0417685844975
44168,2161.720089615358
87963,3037.8969307055495
91567,3868.485270450563
13550,777.3068801628684
42491,3405.4680534931995
1987,6551.511891301871
63210,5664.9588702387955
45075,1091.0992987042162
59851,1392.1861929813058
84431,1273.5028014075237
91669,9828.85220177981
5656,4662.0345800293735
4612,879.4572507591653
97204,2259.1698670007336
17074,1777.8167287348806
5003,2261.4281211164075
87955,1213.577718893511
2266,1718.1195298632076
17609,3622.1944135414838
46731,4828.158920647438
44445,592.3821662915722
66561,590.8319269945442
39531,2089.5633749226904
78671,2081.6432919244885
28388,2244.5852774169134
98802,3343.9768760778093
28198,1598.015239306893
41834,2228.196812666573
52559,3405.4680534931995
67552,962.1343900729341
70493,1170.1411056563006
50307,1150.7325146670028
91808,10943.75344866555
5322,1297.5072919638822
3953,4118.742516720102
37392,1516.8589263192703
35269,6483.386004232487
49778,506.6989320889815
75855,1398.6314558485167
83803,6033.5423187266715
20972,504.17348711535635
70506,1617.6495529517454
95432,506.6989320889815
82125,893.0822605674301
72731,3343.9768760778093
7188,884.8505776879402
90482,2089.5633749226904
81451,5487.25636754083
9280,828.9846225843197
6877,2986.0800370648562
27113,6025.455707357163
95960,2494.1390146620656
7072,2116.1717372403887
8914,4209.901859085252
49397,1137.107504858738
90087,366.68448383787603
36536,3990.922196647121
31887,4320.513836358814
72881,975.759399881199
84826,435.5702823561587
51500,738.6045225621315
83198,3094.654351187343
30173,1391.7156757088312
84594,5008.667942432419
89339,2883.5982422647785
66893,1159.4067304841203
92774,1859.4002174524294
19045,1939.5907359643309
33977,2013.2356712409778
22024,1628.16681637323
32965,2116.1717372403887
49563,1372.6374816732323
12578,5463.4789953009695
93109,5518.3142389683435
69326,1503.6018184064646
57034,1188.7792081636205
6291,2922.4019957766654
10656,5256.599979037374
65692,3596.1972348507275
35167,23232.04681373758
7382,1840.897131165781
68332,2452.060191602474
27550,3146.432114051331
6051,2407.2088045261444
36373,3996.1030875515858
18337,1278.6397979906017
2970,1856.182668191211
47902,1590.4091678936288
87960,2953.629210455193
79768,3695.989106504624
67312,2283.0647614455797
27910,2191.704499654666
95973,1104.9321752501394
39384,3938.4874095856735
12408,468.42641521841716
23479,3299.4794425043483
96041,4309.514130431569
1451,1858.9071058892132
54081,753.0234241992433
63886,3115.8676849776384
32779,2068.305569633263
44165,879.6755052532611
50911,1031.5767404741812
35025,5797.89819079052
66110,8270.066211857162
79386,1413.055057524557
37833,7473.047170656189
35217,7525.672819010837
15817,1871.8701854999417
95624,794.4759232405075
44061,7987.882319401201
59738,414.0775846855659
3950,675.0850923054896
58518,3996.095130194428
44871,3003.6557729066885
13464,1740.6796354184596
50451,6244.097865642597
9470,134.36838923793306
18582,2391.621693355456
53432,2476.8630564234836
16368,3800.2209415792045
25534,3786.59593177094
64293,3278.0413209822723
86833,3535.626563327204
5202,5465.955952387177
35159,962.1343900729341
14770,1530.2370792663248
96271,368.61991939853743
13562,1283.8822821556173
29855,1133.7397754957806
84256,327.4075653051558
28071,2013.1818707185084
48138,3504.6644272796325
21407,1757.3082572515887
27206,1283.8822821556173
78823,2126.8430153958707
58871,2188.234597065635
42748,500.7360245647538
99271,3456.798259672507
64110,4658.10732871025
39401,506.6989320889815
5685,2494.1390146620656
89260,1704.4945200549428
70333,782.976416429798
10862,4143.783176756775
53732,1888.763298772907
2389,3265.2382847054873
17752,17131.352944536942
217,1150.7325146670028
12471,3158.292020614382
13584,2494.1390146620656
15940,2005.4671145174952
2327,630.908233299555
95678,2094.2547222692906
75595,1719.9207722246417
9977,5705.2185113346495
28484,2796.60495076088
56575,5705.2185113346495
81922,1133.7397754957806
91068,4223.5268688935175
93203,416.4108862793627
94037,2933.9440571281466
97166,1970.080854055804
65362,1732.6669439275583
90547,10928.832394511766
23819,4972.785722147456
50867,932.250632522012
61390,599.7195964202706
40900,3734.218611578602
64240,1247.5437452278227
42638,954.991966779276
65325,2941.525337380143
86464,487.111014756489
73660,1113.0496656152966
33469,412.2304536533653
73423,7740.6271658559945
55773,2806.0063045818592
65549,2686.677960484491
89350,541.1218025501206
26738,3171.917030422647
89328,1632.9691331806537
8517,1556.2087317210764
86667,1061.0287416119802
47462,1522.056922507251
78291,10302.836519355873
6769,17127.208683502875
8969,4107.010748452398
99560,1127.4509977895136
19223,1854.522140974046
25372,5938.033306631751
55991,1417.4526876054035
6124,9074.881289153327
46820,613.1818285536093
5626,2589.274065792041
96927,962.1343900729341
87585,1370.8333216946287
29273,3373.8323034424598
85620,5037.0693269949015
70385,7958.259618299575
58371,8539.515430326735
83839,2476.8630564234836
67243,1197.1994841377605
39659,1069.9677836261487
37893,500.7360245647538
71204,2540.877792923776
6726,8120.954338420306
53857,7267.053967337911
23220,329.15170794511715
64649,1059.6374373880844
40778,3941.549945160262
88636,1748.8879812774483
49485,1287.1278112157886
90958,2386.9286782690565
22118,1010.5163918694516
72936,1811.5340498453036
7838,2116.138324135645
65673,18455.90727569434
63411,558.9502226235985
48833,2816.4868263193903
71354,855.2864634125276
71347,11038.81730957232
10676,1297.5072919638822
23999,8217.342208786382
13658,2261.4281211164075
6087,4038.788364254247
99419,5705.2185113346495
54433,799.5812359571594
41064,1392.1861929813058
10659,1391.7156757088312
93107,1652.0687212598737
26540,1608.275967416525
93092,2244.5852774169134
63133,6143.8511388240695
3568,1709.1614509233227
31220,1330.3208291771912
33946,893.0822605674301
80810,1950.1460065173032
81475,7041.069460098999
44338,3776.6823489552366
41781,2605.4288955298384
49616,5035.531531813892
80160,3158.292020614382
17479,3108.2793609956075
60998,1893.1482636880742
6360,6512.261919829484
49456,2677.5062798425092
91065,472.3730528150543
75137,826.3318053385599
43248,1316.6958193689263
96262,2403.218121146836
45255,5196.777090178104
88962,6113.286010863414
45441,2236.4492062515365
80659,2556.683779691393
84537,2303.978783692927
29355,885.8066863912213
63619,1288.0034320792624
46744,2475.8864999407165
20301,14113.324043142698
80955,6198.554273390005
5971,2677.5062798425092
29611,2971.1859747577223
91685,4038.788364254247
47167,724.2645354971364
40756,2527.668110959303
73113,2580.435965088616
39788,576.4087558986139
47106,1718.1195298632076
19483,1608.875703298471
65265,6566.5300412395245
34181,1950.7766327874158
14044,4793.473087603272
12584,1603.419870050225
76578,6580.942622384957
27981,592.1248117421117
78211,13972.505073938577
32098,1677.7770290674307
57591,1405.340685517096
66844,4437.2616822654745
51426,1047.4037318037153
42510,1363.05288423775
6721,1361.4257742897812
14337,1531.0326120145462
23322,6974.950777770522
33805,2882.747854654099
84190,1497.8283854006195
56015,4143.6284619223625
32547,1378.9626251707036
41967,1990.212072553978
3220,3968.3268195890596
85975,6190.492240671423
4396,2369.9620800823573
79733,599.7195964202706
71256,2990.030763098424
81273,623.2197533530209
67149,5047.138583085568
75748,5168.1854969942515
9354,577.2069171862794
17254,5171.256515666829
89084,8116.1216709216915
68521,1275.232936169591
63736,1963.771016325568
57711,2815.2953721658737
76914,1721.581336355326
11701,414.0775846855659
12936,4301.958164461299
30832,1200.3090304245686
21595,10982.754087211933
2674,3857.5678852214933
78608,3047.5712144802465
1859,2269.439751637315
37874,4417.060850501914
49166,6303.565503400706
12969,4771.544543043716
89569,2208.1878012327397
50912,1621.7228367556252
55560,294.91324775963716
79283,3343.9768760778093
35020,5377.32563023393
43794,2146.242977050042
44802,2151.167620511701
52036,5015.1407824353455
10973,1811.5340498453036
60147,908.005205436195
49059,4837.663225372193
3626,1192.5515190049034
33036,1297.5072919638822
82485,1288.0034320792624
10455,1589.594963332753
57731,4328.979363003231
33162,5048.409160134031
97772,2940.0042006469284
88800,403.23162067118375
73835,7825.895428382585
45081,2326.9156084348597
99001,9133.069898434422
4594,185.17813973481103
26450,1173.0317402923852
90264,3028.535668858868
62067,5210.40209998637
30224,5436.633642872467
99255,6156.198880957071
18943,836.080252288347
54589,3260.4679613267726
93840,457.3301931535615
94513,1206.1765288131683
61047,403.23162067118375
38606,5171.256515666829
59283,737.8895453054013
63089,1378.9626251707036
57577,1516.8589263192703
74495,1957.2807155410487
59719,3591.365518415705
11683,6820.999834650469
37957,7446.59949729903
41660,2726.3451777844125
98803,1273.5028014075237
81566,2081.6432919244885
121,1997.0468385433549
74943,813.2062457654242
3050,696.6751206962016
99709,9301.777990302515
27239,1598.015239306893
53985,3938.4874095856735
32667,4793.473087603272
59394,1390.4153563929049
8428,939.8600342786432
50823,1917.999117699281
83702,1590.4091678936288
19305,568.3409253651507
8955,4009.5165178848147
30326,3722.9747253466467
53337,1754.3046452267245
24702,879.4572507591653
6795,2710.5963255192105
77823,1145.1839551987061
13880,2490.4880662317482
95805,1608.875703298471
3279,2188.234597065635
81431,1066.3337324624329
26797,1673.2142680723919
86080,1795.542481818229
57191,1061.0287416119802
85793,3260.4679613267726
23432,3041.756669992052
96557,779.0780852362445
21836,4989.882237092736
53542,780.4959350894724
98865,3094.654351187343
28158,7357.689730680633
21146,1186.6840206163038
74359,3076.4018364659937
10232,2672.510616137251
93155,2407.2088045261444
80270,885.8066863912213
93305,4811.403463714866
69321,665.933308790041
43251,10549.931449508787
20923,1392.1861929813058
1387,2013.2356712409778
41259,8776.944038180904
79193,1083.481657462159
66521,2759.672252494432
7947,1718.1195298632076
2343,885.8066863912213
52321,2284.315373858662
25742,1687.9875772436108
48646,2089.5633749226904
64882,4727.354405274795
66176,1859.4002174524294
74827,10039.016088800088
14202,4143.783176756775
28133,1316.6958193689263
64514,1517.4076022062814
65785,4191.649344363901
66018,416.85663047944854
61697,1359.0124718649674
67061,1646.4687177179205
51838,1363.05288423775
64115,1628.16681637323
92779,1233.9187354195578
97454,2085.184324122271
8009,1608.0978269473603
53644,2089.5633749226904
97189,1591.3687476691844
21439,6974.950777770522
938,4247.240637262132
39096,2511.420743686871
23649,1875.4128178296812
16719,2953.6239828654557
1837,912.6378222798264
22626,932.250632522012
33374,1673.2142680723919
3877,621.8354523905542
22559,975.759399881199
37384,2303.39571494977
66950,2653.295063136964
20143,1007.28933971949
38201,3738.7297641638143
70231,1956.825840942302
18449,4004.5472064553855
54034,1330.3208291771912
15637,3343.9768760778093
18894,1646.4687177179205
63998,4544.6719756609245
96573,1984.0008423346226
45941,3280.6316275833456
92727,2068.305569633263
94211,2015.9184396460437
95517,5122.387422244478
97472,1283.8822821556173
91359,4052.4133740625116
51366,8013.778658348272
76256,815.9188863100794
47815,4052.4133740625116
34690,1970.3758325263577
77472,520.3239418972463
75798,1579.9295220881775
55214,3246.842951518508
67946,1261.6079263613262
88645,1345.5896901784893
27541,5916.1153929404245
55488,2726.989508804862
30793,6974.950777770522
17000,1104.724308512481
62077,893.0822605674301
29363,12450.144061381527
86082,2089.770337821618
1801,1777.8167287348806
90038,576.4087558986139
8391,613.4151764164139
46629,545.5891597284981
83199,3827.5983134355656
62722,7391.541826513831
40034,2554.5028027320404
48813,1248.0470330623257
25408,3270.82169836696
37080,2609.92409957506
5264,2922.4019957766654
91209,2283.0647614455797
95162,3672.6110818353395
71636,1797.9090400370387
45106,5022.292952240685
25041,7003.596604486337
60368,1676.0329839803558
22466,5404.305620328287
25841,3533.126929479651
13595,647.9368318154236
21451,2345.25982569778
31727,1359.0124718649674
79062,1247.5437452278227
17587,864.7852651759441
92289,799.4691228195461
69686,8489.924915251331
4960,2858.364591163024
93457,4394.962659392663
27188,1214.8301526501132
66498,1856.182668191211
69595,1426.6800673328219
75965,996.8913820611867
16021,1092.191282217618
45366,2068.305569633263
89607,254.6608638159312
10777,4539.7408177215075
77400,4481.925670144321
8276,4767.431069517593
75126,3047.5712144802465
86505,2955.1503471884075
67951,523.2540542407542
64862,554.7468123583855
83331,975.2051302142307
54416,1699.9348888669995
41924,2103.188384730955
77175,3800.2209415792045
78969,1398.6314558485167
2383,2688.8769665755253
44967,799.5812359571594
78517,2085.184324122271
85181,1503.2339165110054
46499,10911.830936345894
92255,6671.087789046963
36666,3080.684982933692
80779,1019.1412880282593
26664,4387.5812820766705
31298,3128.6106614834007
44684,599.7195964202706
65502,3720.477249442465
58873,2116.1717372403887
26186,4177.904923500628
99350,2102.51331432738
62488,2733.4311072354517
84173,3483.50104958144
30025,2356.3370702740926
25470,2103.188384730955
4902,4148.840295158365
57702,21625.50036118719
80538,1316.6958193689263
32975,2632.7588925833497
2304,2544.4064157421412
86134,357.31388536629134
3681,2744.953698194225
56889,1286.7251805560372
61669,1527.7853261441385
53927,658.0177937234838
64376,966.3970606874044
61198,2213.8717443718006
95832,2364.0590659954014
59226,993.6400799444363
99598,1318.639274143869
68108,2175.3450994236227
48771,1727.5590948722531
72555,870.8036269222204
3961,4657.5365056468145
17364,3753.2454524974537
56838,15182.30517629539
84636,799.4691228195461
82681,2284.315373858662
55209,1557.31861317071
29245,5324.6963719346895
6488,8175.01808600011
16420,221.8584527780806
29705,10658.275054929267
20530,4106.643871234789
12519,3001.4953780623187
44766,2217.8614329549077
65132,1620.1897927563025
81628,1721.581336355326
52985,3094.3099927419566
41667,1197.175097725811
79421,6168.167813259154
57931,10025.391078991823
94639,2556.683779691393
53367,1590.4091678936288
50078,1392.5876349789685
27661,1557.31861317071
17518,4231.606332668739
85391,2663.8812700342446
28438,1608.875703298471
55807,2556.683779691393
9212,441.6639228477289
16350,2747.555730494134
27597,1970.080854055804
62062,3357.7261751141277
8504,1508.4319126989863
1784,8102.496661113426
12660,1508.4319126989863
99858,277.971704337588
805,2877.8458284026874
86703,1057.2147330880211
77541,1256.1263710175501
98689,1721.581336355326
63268,1271.663073363211
33598,9527.277744834844
63578,12502.434143615375
59377,4719.180473359918
55010,2303.978783692927
50210,3169.4473022453
74324,1734.004357739464
62717,1332.2642839521338
59496,2175.3450994236227
72211,1137.107504858738
90762,1673.2142680723919
68471,3155.8222924370352
5814,2922.4019957766654
16834,1009.3023846798902
91046,2188.234597065635
28585,13126.918337887942
94332,2151.167620511701
49222,1363.05288423775
51252,2510.264376699531
81179,254.6608638159312
5722,3142.5205187944684
46024,1206.1765288131683
57808,6373.885075682893
65915,3283.564674872722
39438,11940.478807159652
12334,7462.144481469491
77977,799.4691228195461
91266,3155.8222924370352
94934,3971.2273521561633
80746,3803.5412529312625
77369,2508.068911220361
57341,683.7683861373117
72192,1104.9321752501394
40487,1858.9071058892132
54783,2089.5633749226904
22591,1570.9436229789749
68510,978.5470602337518
13964,1200.3090304245686
21971,953.485044086908
17696,1606.5647829480376
97669,1698.4257861286974
45691,4631.812850353236
93521,325.7798316312261
46809,5281.565335764227
69358,1902.91046518029
7557,6156.198880957071
88271,1137.107504858738
60761,870.8036269222204
14679,3028.1316601837875
94525,2326.9156084348597
75914,4960.273446474446
46331,1514.2168501509598
49859,5404.305620328287
63485,1006.9951747394684
40432,4631.812850353236
38477,1516.8589263192703
18406,5445.28760248109
1401,1503.8918877902781
69088,576.4087558986139
30698,3132.8581015829077
98480,2137.429542529816
22235,2104.428842249991
1431,4201.198581739532
72277,912.6378222798264
99035,4209.901859085252
91393,5916.1153929404245
1300,1127.4509977895136
98904,2077.409617061433
69230,794.4759232405075
70910,1192.5515190049034
80013,2357.219103576595
52290,3367.1430005327647
43947,603.4809837318005
3928,1345.5896901784893
76167,4082.9785020231698
90390,1287.1278112157886
58500,1845.2820960809483
69652,1816.110054092123
80442,4368.38000396594
86460,2269.439751637315
26559,1608.875703298471
9325,1104.9321752501394
2911,2773.2972623026967
20493,1956.455844247539
15055,1528.8014397347802
51964,2324.1563260093885
62744,779.0780852362445
36844,1757.3082572515887
21309,4143.783176756775
10654,472.3730528150543
58704,1575.950938129338
48291,1570.9436229789749
72157,4594.443952287442
43871,2317.3059192444407
38563,1673.2142680723919
17536,769.3514066215331
79350,4719.835174740938
19333,3108.2793609956075
14269,2609.042066272558
36107,7234.256440526038
16130,3405.4680534931995
94718,3752.354773972079
9194,8490.63997725766
82108,7006.154551578314
90937,1490.2668779820133
87769,2013.2356712409778
24322,2609.042066272558
47454,5094.884474572088
90211,3648.6218644085347
82195,757.3181744388417
95917,2085.184324122271
64270,1885.4951953082066
26275,1133.7397754957806
41472,2269.439751637315
2042,215.7446929651251
81696,1405.8112027895706
78515,3827.5983134355656
89217,2859.2466244655266
80864,487.111014756489
74008,2235.5705983499274
83164,2662.5497514343574
97595,2222.2920203459407
58561,2653.295063136964
6581,1984.0008423346226
30898,3180.9689480645657
51509,13504.36695898809
89109,13344.423098452871
55563,1480.9909094889972
83432,3267.0370399298054
55848,3800.2209415792045
68464,3771.479785317238
77549,1686.3098790587346
98466,2741.419737773083
49040,2081.9305794415277
75194,2015.9184396460437
6189,2193.1120479556025
46830,5839.115813958365
31440,1503.6018184064646
218,702.0573857288239
52891,3032.8188153265664
26668,1273.5028014075237
60755,1107.5920050939642
42422,6156.198880957071
42334,2827.6575688440885
3126,5566.965639854425
79333,1091.3071654418745
57801,3596.1972348507275
76419,1168.5189858993308
22530,2193.1120479556025
42524,561.4862166610859
81034,3058.4674496188663
91113,3155.0378438718035
77544,5279.861239444475
77208,2773.2972623026967
97773,10911.830936345894
48331,2766.7309723002704
84259,3797.56536830452
2312,2369.9620800823573
345,8811.858946701592
92615,1282.276651060798
95111,7003.596604486337
77342,53415.62977926245
48290,2068.305569633263
99490,1412.2564656567815
69235,1599.8556914423846
63203,885.8066863912213
20739,2452.060191602474
44534,5705.2185113346495
75304,7838.907893269089
73789,11708.02843356549
28530,5394.849322032253
13872,2474.759110595301
24807,4631.812850353236
38699,5377.32563023393
39867,599.7195964202706
77635,1522.056922507251
28200,1422.8015106359455
93933,1133.7397754957806
58613,5476.218902568784
52923,2114.904979537772
13735,1531.0326120145462
3393,4623.103271228706
17652,1857.2855959161213
46378,2409.397689077416
57542,1392.1861929813058
32589,2353.68010167192
12964,2218.129214029045
80166,1045.197996270626
59849,1858.9071058892132
22455,5413.618454678496
22285,1197.175097725811
27017,4157.253471730628
52824,1169.9529016462766
34538,1695.5364411150579
80816,3260.4679613267726
35704,1016.0631893727644
90723,1505.356185690995
24194,324.06306587667177
42058,7456.4677118965055
20921,1970.3758325263577
60840,1711.2324208336609
73646,5295.190345572492
27001,1570.9436229789749
48292,697.3933959455766
51466,1372.6374816732323
39236,1503.2339165110054
33530,753.2107365385584
71751,8741.31891910345
67697,1525.183715332589
33295,1889.037827637946
87724,2845.621614657262
60238,4209.901859085252
4993,4206.136942597937
68643,4038.5059483224077
15477,945.8756423302768
63813,4404.943818423076
57255,2688.8769665755253
89862,3990.922196647121
68414,2151.167620511701
75594,1107.5920050939642
53660,1721.581336355326
64613,4753.806059709327
98097,1278.6397979906017
33481,709.4281712343292
81559,1376.677894046015
92849,7519.929390362412
9234,1956.455844247539
37088,2645.6287553128955
81359,843.6226515692617
78575,2806.0063045818592
16136,688.2490802090507
28195,3028.535668858868
39121,1508.4319126989863
40828,2260.546087813905
73485,1669.4259132478444
79762,416.85663047944854
72567,554.0094357026384
41943,3094.654351187343
97154,957.7405926290828
38636,724.9795127538666
83415,1192.5515190049034
74818,1316.6958193689263
53913,6088.424121122412
61492,2094.2547222692906
92544,3299.4794425043483
24195,3171.917030422647
53782,1698.4257861286974
76324,4645.437860161502
22330,3112.6409878140926
88335,2040.1459033426047
25559,2137.429542529816
42602,4108.40979021967
64446,1078.6304973071685
67918,3405.4680534931995
1322,1845.2820960809483
87502,1449.078528014956
31973,1280.0544419447258
82362,1345.5896901784893
84919,1904.3741078910161
81594,2686.677960484491
24646,3738.7297641638143
63527,3181.850981367068
14420,2490.4880662317482
86691,774.3162763995055
76600,2272.794876808998
90972,1871.8701854999417
41417,592.3821662915722
25662,769.3514066215331
19150,13663.469494534167
38743,8252.25711730707
22534,13817.18878777534
9006,1047.4037318037153
11802,3960.54157582661
30693,693.0237029398203
80144,9767.631314757627
99408,1608.875703298471
12292,2990.030763098424
65781,6051.513083081976
72201,2068.305569633263
21299,7345.5910851953195
93510,1186.6840206163038
29279,1675.9544064167817
64653,1490.2668779820133
96455,1391.7156757088312
52270,3810.546047092335
4870,898.4755874962051
25442,1315.858489299593
61689,2358.9874366461886
31321,932.250632522012
96081,7800.357723863783
55410,2081.9305794415277
88734,8063.807881775681
52542,5342.4570476930085
51301,12041.00903090102
93825,1137.107504858738
13495,4807.098097411537
90856,1137.107504858738
83397,3250.387278823831
48030,884.8505776879402
83261,3544.0468393013443
77727,3719.004294698593
30926,6457.516446520759
57885,1301.68625654033
98479,1066.3337324624329
43906,1192.5515190049034
73455,815.9188863100794
45145,3143.5915348773738
18569,1608.875703298471
83947,3254.294063424043
13946,3905.244055766733
28942,598.8927745628205
73624,6931.308654747867
17855,1871.8701854999417
86731,908.005205436195
97010,7570.921437637619
29633,1019.1412880282593
2565,1687.1055439411082
73705,1069.6421375126702
44567,363.075067559585
12370,6190.0935913395315
59836,724.2645354971364
1547,980.5150073019073
57680,4779.097606143964
13533,3554.565372495204
59328,1192.5515190049034
35956,3456.798259672507
22822,2302.567888580011
83051,2175.3450994236227
10982,3151.7353537961853
28986,8622.419310105543
67838,2609.042066272558
82258,2773.2972623026967
73236,2343.755525748331
59097,1845.2820960809483
72353,8547.740062828516
52392,1858.9071058892132
57047,1206.1765288131683
38610,6529.783249153005
67973,1137.107504858738
93284,2793.8980086990496
23141,4938.5445643485955
28697,4392.918470518842
65918,743.6931646305768
52571,1413.055057524557
51012,1150.7325146670028
21108,803.1295470774525
90415,1921.9777016581204
63230,822.4839166474367
98662,1169.9529016462766
59001,3939.309574535975
95937,3590.31688901187
70251,995.1176241488051
32266,953.485044086908
63297,3744.5627507029044
17207,8434.613899046946
30171,1689.5794162250465
98603,3786.59593177094
35573,870.8036269222204
95077,1638.4437114516088
14687,975.759399881199
79308,464.12402767562287
72603,2664.090340163111
72588,2452.060191602474
31257,645.1421054109596
53421,590.8319269945442
64059,1984.0008423346226
52995,4191.649344363901
40739,576.4087558986139
77180,4334.062462621979
43097,790.9318899711333
64877,10697.66938631024
395,1617.3354089743648
32733,2629.4216144916613
18654,2510.264376699531
60971,1592.9765543995122
54009,3600.7556968014096
34644,5185.592995041858
6288,6277.316889665386
66333,1608.0978269473603
67281,4697.949168059153
36359,3405.4680534931995
275,1046.0124275798196
15196,5237.375197995306
20646,3073.8979208603237
17496,4989.882237092736
49035,3341.8962984014624
12992,2246.6998989532212
2468,5505.158142129651
62795,3366.295307939673
93269,2343.755525748331
66825,1727.5590948722531
79682,1831.9014253945852
16267,5618.8655744717735
97031,1522.056922507251
27174,1454.8402942718772
11904,1405.8112027895706
47903,1330.3208291771912
57624,13386.958405867339
49975,2407.2088045261444
52438,1695.5364411150579
39643,938.0509108739268
45390,3608.569403733219
56052,8214.544273598414
12799,2153.993439266774
5972,993.6400799444363
7614,822.4839166474367
78024,3534.7060574353372
95341,1133.7397754957806
51375,663.8507031798365
53902,2837.0477472297925
52854,2013.2356712409778
80356,3242.2230965115186
67914,1606.5647829480376
85313,2129.7967470486533
88572,3023.4286369408624
32609,16085.414252658404
2649,630.908233299555
19120,4452.809986030202
93965,1332.2642839521338
10484,1023.6339313581484
78590,843.6226515692617
46835,1186.6840206163038
3978,1876.2948511321838
39288,649.6177103546648
78909,761.4437001733836
40283,2954.268313885905
14780,403.23162067118375
84847,1970.080854055804
85938,863.5323305969304
43077,7019.779561386579
42652,1905.3290001836224
86542,3003.6557729066885
38194,3545.964773857395
11860,2068.305569633263
15347,5324.907707850438
64941,3405.4680534931995
57068,2987.870368254054
12123,25882.229746133118
57265,1570.9436229789749
65038,5617.237578649473
73192,2153.993439266774
66120,2544.4064157421412
79218,1620.1897927563025
37995,5504.966099280966
84188,5272.696413397343
53565,1702.812144859521
10415,3108.2793609956075
47531,4464.928283524182
64045,1275.232936169591
46524,2343.755525748331
84285,1925.825389040673
97422,9963.830399819575
61015,15660.785901289853
86287,2037.5153940959851
22964,1687.1055439411082
81069,5573.48628650385
94071,1119.9526406684083
81613,2693.5535701659574
31558,1704.4945200549428
10582,5977.447839732477
75420,2904.1494810553163
32166,2208.1878012327397
5411,1777.8167287348806
82348,2702.1760495450703
9529,2870.0180394094427
43585,1214.8301526501132
20532,1113.0496656152966
96531,1519.2302248569304
180,1598.015239306893
22077,2632.7588925833497
39268,2306.629150065023
35876,1412.2564656567815
88613,661.4600824972248
64069,1939.5907359643309
90662,1417.4526876054035
32039,831.3895202089034
77893,716.3248413541943
22038,1186.6840206163038
91540,3142.5205187944684
66073,3181.850981367068
31055,529.2171432232581
47340,14711.55556126323
51385,2524.3385183755063
26239,3203.688460044161
945,996.8913820611867
73724,3905.244055766733
33412,739.031909094342
7682,1683.7741877164726
36270,4394.962659392663
50143,3639.278645949979
39000,5037.0693269949015
13905,2496.5402481350156
79091,5867.687034381345
51032,1194.1425590152585
42894,3738.7297641638143
97700,12796.619359457702
44342,2956.2757483194446
77244,1251.1739067978012
19767,1673.2142680723919
60536,7357.689730680633
59204,7859.663200455362
42181,2653.295063136964
20854,4645.437860161502
13295,9602.12364166529
52794,993.1824673315713
66867,1938.7152317952985
36698,1538.8853735061796
58115,884.8505776879402
83673,2773.2972623026967
79502,3097.781497878974
42369,2815.2953721658737
35647,1237.9613363005772
69814,6368.8074532075325
8125,365.9544784040127
49016,4727.354405274795
21941,1858.9071058892132
42020,3343.9768760778093
89948,5457.069322370672
93088,1608.875703298471
32195,2326.9156084348597
91444,2596.2990897667955
33204,1501.0940569540103
71315,2812.067969363093
87595,243.40607208789478
55570,4434.059502537195
87861,49086.273378490645
71016,1168.5189858993308
78403,1322.3037521668039
80425,2208.1878012327397
37980,1332.2642839521338
18178,980.5150073019073
78180,9119.444888626156
60037,331.8239252592205
13814,1413.055057524557
50154,1014.9794617601614
61770,2081.9305794415277
56165,329.15170794511715
78471,1925.825389040673
52490,870.8036269222204
93925,414.0775846855659
84002,1525.183715332589
35631,2506.744140096439
30684,6498.99569405298
16077,2733.4311072354517
49735,1912.9918025489178
73621,2679.5745355363015
29548,2013.2356712409778
30288,599.4463719834233
65162,5657.971528116848
82032,5875.493276773569
58367,1517.4076022062814
59930,2556.683779691393
83364,1854.522140974046
71201,702.0573857288239
86309,13187.10263654738
20610,4691.431415602906
38714,5950.932720502115
61743,1905.1517635232474
79374,441.6639228477289
17631,1391.7156757088312
44433,2303.978783692927
41950,4044.428974768357
45349,11195.72157858647
5831,1917.999117699281
24351,335.0444158300976
68803,6267.036510454853
6889,2269.439751637315
45035,996.8913820611867
18363,1233.9187354195578
21192,1527.7853261441385
95813,1990.212072553978
44401,4132.95190096217
40495,4574.056709282996
84255,534.1750367576163
27947,2330.9309290527053
45709,11534.901646470391
62234,2815.2953721658737
85605,1240.3681156872135
52576,1740.6796354184596
55625,2078.060855935964
25755,3960.54157582661
51031,1599.8556914423846
18921,1197.175097725811
28154,1110.356316934591
61677,953.485044086908
8027,3156.145528602733
4450,2947.8554723453044
29900,1186.6840206163038
33365,1369.1516238863978
58839,4994.341742604931
8106,2494.1390146620656
53863,1899.366792740653
30,458.7480430067895
29846,576.4087558986139
19170,3325.72436135646
70715,1718.1195298632076
24182,7541.4250267931375
47634,782.976416429798
41625,953.485044086908
17277,3299.4794425043483
75071,4096.603511831435
5960,5902.777020636866
5065,1288.0034320792624
48952,1885.4951953082066
56058,6232.322045462782
9219,1046.0124275798196
5422,1372.6374816732323
42760,1899.366792740653
30440,2339.4983440401384
95271,663.8507031798365
13933,272.8707553134727
33556,1293.0107472296256
70734,1574.0207031432885
92581,1206.1765288131683
6936,4648.68354610937
51395,1342.94515180877
62714,1576.784158085364
16137,2475.8864999407165
8447,5097.0227092292835
87931,1248.0470330623257
68400,1092.191282217618
49576,2956.9166339290073
48372,6646.314038686955
76082,2191.704499654666
98082,6168.167813259154
88564,1689.5794162250465
32854,1811.5340498453036
79936,1530.2370792663248
70070,4044.43208813593
6077,2970.268163383791
33378,1880.1281405658262
64765,885.8066863912213
62260,1332.2642839521338
69874,899.4246301475746
26212,2856.2833134481907
52679,3128.6106614834007
83016,4755.846012102428
53949,702.0573857288239
25625,7452.636475098739
32336,1503.2339165110054
50283,716.9040966433906
7580,1110.356316934591
12184,2510.264376699531
67966,794.1209448977372
20387,1871.8701854999417
75716,738.6045225621315
98176,613.4151764164139
60124,2103.188384730955
75426,730.5291064516555
74809,4157.253471730628
87154,443.7051833452967
36693,1591.3687476691844
63065,4341.078008488544
7583,1201.2051428418483
50099,4643.911495838549
45242,782.976416429798
53015,6610.7344639212315
65448,2963.0303970968594
54509,1687.1055439411082
60073,1854.5123343120526
54916,1059.6374373880844
58084,879.4572507591653
96572,1145.1839551987061
39693,1405.8112027895706
18599,2391.621693355456
56463,10203.912319869827
70704,2793.8980086990496
55255,1363.05288423775
25711,7267.053967337911
34544,5530.412884453656
27516,4807.098097411537
56886,592.3821662915722
24993,4727.354405274795
94140,2555.630192077456
78884,1780.9578922344085
5938,1695.5364411150579
86571,1812.4355950911943
3633,3969.7009878332105
10967,1327.8859677679293
74047,2990.030763098424
15923,3145.2381181909427
24418,1527.7853261441385
53030,1206.1765288131683
80826,1440.9665453529185
90854,1361.4257742897812
83611,506.6989320889815
34103,893.0822605674301
32976,2185.208721537831
99328,1186.6840206163038
16185,1695.5364411150579
67622,2789.6454218979884
44877,1233.9187354195578
42583,443.7051833452967
18445,3720.477249442465
29713,6217.168735388321
69921,5322.63447822477
1986,962.1343900729341
60103,11650.92197193647
39869,4192.511932789672
73310,1728.3410481987821
62485,899.4246301475746
33375,3820.9487509788682
69960,2068.305569633263
41053,1998.012174124429
88218,2967.89332369417
46966,914.130058374255
94634,1318.639274143869
81051,1620.1897927563025
18725,1416.655629631377
43631,4889.456539553613
97467,7292.648554178977
42044,3203.688460044161
35093,3146.432114051331
45805,2559.2869112939966
73380,364.5366285507847
12797,599.7195964202706
21467,5152.671425355519
44470,2957.5609649494577
9596,1046.0124275798196
21465,2193.1120479556025
72374,4118.784949074041
72930,3534.7060574353372
29597,4367.940820208718
35516,771.770920011007
36271,313.1436909391201
30915,7183.485128887605
40660,2000.840202287195
85632,7324.922735289234
11816,5202.341634231164
10393,2068.305569633263
30611,1261.6079263613262
1183,1950.7766327874158
6450,1871.8701854999417
32409,794.1209448977372
17539,2953.629210455193
21142,699.1650172401212
98851,1091.3071654418745
46132,5544.512713533662
35965,822.4839166474367
97991,1426.6800673328219
65571,644.5332431078199
37705,6443.8914367124935
97359,5531.939248776609
69503,1091.0992987042162
87594,1909.4145479339227
9499,1875.4128178296812
17341,2718.2306105534985
32926,8694.453133533692
214,10492.179681459787
55193,2006.864325319298
54639,1332.0699708837801
57055,265.77158002526073
1620,3094.654351187343
42110,828.9846225843197
9912,4605.749042129083
57139,4889.456539553613
78865,3076.4018364659937
54646,794.4759232405075
93781,1282.276651060798
76448,8644.578449123817
46873,2328.7821023096376
72396,2328.7821023096376
5195,1280.6616037808978
45323,1652.0687212598737
28300,737.8895453054013
7772,1684.8007763204325
18800,996.8913820611867
11843,1503.2339165110054
77287,1104.724308512481
87696,966.8899974936425
43115,1173.0317402923852
50792,2415.161803553739
85908,277.971704337588
18383,2103.188384730955
17778,3253.4120301215407
9829,4052.4133740625116
32282,767.2184264736255
8230,1527.7853261441385
33258,1287.1278112157886
32488,2401.5367937454744
79526,3267.0370399298054
93178,1010.5163918694516
37704,1593.5545318964423
2896,7426.259377621062
60992,1046.0124275798196
23764,1110.356316934591
1441,1091.3071654418745
17063,4261.158448184215
17362,1984.0008423346226
75024,13581.18471109533
26397,7513.574173525523
37552,4659.633693033203
92392,4143.6284619223625
74656,1092.191282217618
11480,294.91324775963716
19746,1613.3870984823775
33456,6671.365149197254
5621,5037.0693269949015
39009,3104.8044504666045
91746,3957.6023423478987
72185,2990.030763098424
74898,898.4755874962051
9272,4206.136942597937
99568,2476.8630564234836
50390,545.3252128153337
49891,396.5587386155642
57751,1182.1439957075956
82870,7372.39224631572
22471,3533.2217973516326
59755,3194.356928904393
9514,1675.9544064167817
95968,1324.2393508049947
84534,1206.1765288131683
85332,2990.030763098424
13795,1069.6421375126702
56442,1276.2153379215088
97875,4574.056709282996
63931,2265.7276005620333
20482,2068.305569633263
86781,3857.5678852214933
94783,2228.196812666573
36482,2140.3684294585096
41616,1689.5794162250465
22338,1201.2051428418483
58184,769.3514066215331
38354,4257.768026692378
174,2318.4953324607195
74153,1405.340685517096
84946,6779.973784669418
44738,4201.198581739532
26128,645.1421054109596
46433,308.53825756790195
44920,677.4757129881013
63549,2416.8431309551006
2906,1083.481657462159
61643,3357.601885886074
13172,6187.317393457268
49658,545.3252128153337
66146,1579.9295220881775
35264,1508.4319126989863
39193,3380.741363308096
71180,4601.303298999995
71958,1546.524009784209
56567,1842.9242493351105
89719,277.971704337588
26445,3079.2547562024165
89955,862.8696946328034
19971,487.111014756489
23948,1392.1861929813058
10378,808.8589068391718
89370,1522.056922507251
82261,1842.9242493351105
32773,1599.8556914423846
8239,3745.207081723355
75103,2524.729224030609
19159,1091.3071654418745
25691,1345.5896901784893
48015,815.3596127760549
26068,1069.8566476538942
45680,3485.890523940984
9380,4436.7970203401355
28543,3639.278645949979
96926,457.3301931535615
4742,2740.6949053284206
94353,1845.2820960809483
28643,2229.724699834035
13127,1096.8394225497161
73365,4697.949168059153
49487,3076.4018364659937
35095,3066.8877255930065
13838,4157.253471730628
36423,5684.550161428563
28389,1488.3740937370235
54615,561.1662996145549
22523,1530.2370792663248
36244,4309.02461579134
85482,808.8589068391718
64114,5287.399376907811
86496,6062.389235783586
27111,1005.5162782199944
43416,2343.755525748331
78817,294.91324775963716
3117,1398.6314558485167
19022,1156.3278918380117
87062,11221.29995695593
79788,11005.0540283361
61440,2858.364591163024
6486,3075.84823900043
95952,1019.1412880282593
67208,5718.843521142915
13026,5654.322775520784
41056,1684.8007763204325
22655,2759.672252494432
18175,4213.297227224844
12435,5256.599979037374
4195,1091.0992987042162
11901,16951.49165076357
43836,1359.0124718649674
29420,2861.5405804297343
31796,4115.079740989225
25599,966.8899974936425
44602,2734.5441280916166
20939,724.2645354971364
10933,1173.0317402923852
41711,2999.705046873121
22771,3670.0605811486093
22552,1419.0288457032227
28446,1812.845509895277
52755,1197.175097725811
79223,2856.2833134481907
63825,2239.570667261792
86835,6171.380763474787
48816,1721.581336355326
62018,8889.416449541532
70183,884.8505776879402
1813,2330.9309290527053
23557,3156.145528602733
11934,7368.797893054615
51914,3656.731581946735
82377,2589.274065792041
85720,9015.321955197558
768,3719.004294698593
16201,2416.8431309551006
53445,1454.8402942718772
74923,1316.6958193689263
54167,2385.3554229602155
77966,599.7195964202706
35688,1137.107504858738
51540,2540.877792923776
42713,1318.639274143869
66779,611.2233303218293
95410,441.6639228477289
33626,254.6608638159312
75853,4322.649625599605
75992,2177.119910070846
94752,1127.4509977895136
78768,3553.49872330015
1575,2540.877792923776
42008,899.4246301475746
59616,254.6608638159312
10418,490.6725914414243
49524,1006.9951747394684
82351,12467.764300659906
82399,1110.356316934591
99565,2153.993439266774
99351,1398.6314558485167
34499,697.3933959455766
30673,5246.614430059944
65654,3309.8600075070017
64246,1133.7397754957806
79510,2821.1634299098223
61510,4646.008683224937
92254,7041.856916929493
14311,6830.219564259715
90311,1332.0699708837801
33697,9494.759553347953
51155,5240.209429918316
17134,774.3162763995055
51039,2175.3450994236227
81014,3180.7242691900333
9447,2269.439751637315
84437,808.8589068391718
19308,2335.7527538007685
35638,2291.235807187165
65141,1247.5437452278227
54653,790.9318899711333
23431,10254.685942007325
57121,2061.1018388481034
85623,876.4947044410683
92925,943.1020952097509
85059,2733.4311072354517
32242,1010.5163918694516
33841,4391.31880861481
95751,6887.118516978946
33400,2333.018654901394
73836,6517.684603667693
4869,11284.529821418148
32000,1970.080854055804
97182,3971.2273521561633
17667,2015.9184396460437
27565,287.51592904336405
19629,2393.5837947178798
10983,1718.1195298632076
73948,8165.144476189227
86847,4771.544543043716
83745,988.8301400224956
9276,2554.5028027320404
17475,6282.639475270177
32424,4723.255467051553
88578,1516.8589263192703
82319,4407.061304877976
83542,740.2703736611157
73781,1110.356316934591
71640,2398.119917988322
46087,8161.393076191845
15041,5196.777090178104
89180,10169.727368710299
30940,3094.654351187343
29472,1283.8822821556173
44817,2391.621693355456
76844,3108.2793609956075
58198,2269.439751637315
92212,3003.6557729066885
84139,1363.05288423775
15633,1740.6796354184596
61168,1392.5876349789685
42559,2094.2547222692906
63108,4807.098097411537
19221,1904.3741078910161
73128,2339.4983440401384
65929,368.63520068845105
81926,1811.5340498453036
40550,3800.3115392286636
68222,1617.6495529517454
72849,2428.020332333591
70878,2209.5862572224837
80825,1517.4076022062814
82294,310.438056068407
13288,4439.184976221936
72414,11981.382827588719
26281,1090.8624169561906
83705,10598.648431129897
25462,826.3318053385599
14328,1998.012174124429
98905,4807.098097411537
85606,1652.0687212598737
62226,2510.264376699531
74940,12766.216833090086
59889,822.2832697535359
49051,1624.2409829716298
57634,3216.770856697039
59963,1186.6840206163038
8892,576.4087558986139
18520,705.8295594961323
94820,172.92490596222714
54832,464.12402767562287
12553,2967.89332369417
75611,2000.840202287195
19282,1845.2820960809483
95298,576.4087558986139
34411,2663.8812700342446
4250,993.1824673315713
61115,2987.870368254054
87560,1261.6079263613262
77911,289.4754382391465
28091,1330.3208291771912
83351,2930.6140222612244
65956,7913.993035285074
17291,831.3895202089034
30161,1090.8624169561906
54698,1721.581336355326
66256,3522.871589954916
2014,2128.176500539068
37140,988.8301400224956
88412,4137.681636589104
12875,2767.6722650343127
85333,864.7852651759441
93666,912.5798190772271
3317,5202.131114381221
21615,1536.5591757974128
19833,1372.6374816732323
83955,885.8066863912213
59276,3432.0790360522387
23717,11426.538512169416
4120,1382.7766336946627
4006,3695.989106504624
5098,487.111014756489
11777,482.7579048809293
96612,3803.5412529312625
52830,529.2171432232581
8940,1046.0124275798196
72788,4577.793313204008
99668,1871.8701854999417
72370,586.5394403097514
81840,996.8913820611867
24937,2759.672252494432
95495,13529.865269463608
49063,6798.419850644989
39574,884.4286367304852
72929,500.7360245647538
22323,1119.9526406684083
58050,559.6649968646872
96551,4391.31880861481
55419,1880.1281405658262
24813,11130.448615598301
68024,993.3701649312036
46684,2284.315373858662
17502,3648.6218644085347
85574,4200.920111694597
49584,7655.2819906213745
37857,1905.3290001836224
25835,1261.6079263613262
5347,1247.5437452278227
79708,4807.098097411537
74471,1006.9951747394684
81000,1182.1439957075956
29434,1265.5932478325653
13433,2269.439751637315
65821,1023.6339313581484
87311,1501.0940569540103
71649,2542.005182269191
80965,2137.5426107034364
5361,624.127750247594
71967,2418.9085696728466
60960,435.5702823561587
46056,5531.939248776609
54289,4426.1951515431265
6602,3323.179984948126
16708,890.275225283015
49851,3859.0390138279145
74618,1159.4067304841203
79865,1091.3071654418745
57820,4623.103271228706
38198,1330.3208291771912
73740,1119.0307218153732
92015,6634.569442013273
64697,2302.567888580011
8549,4408.397349232057
68924,993.1824673315713
90641,2859.2466244655266
89597,407.9424599619771
35567,3180.9689480645657
10842,2218.129214029045
48720,1856.182668191211
25789,2719.806097427187
71647,3082.08706847447
74835,3391.843043684935
89715,3393.1232386244737
34077,9894.324318298284
9651,1104.9321752501394
26339,28175.58159595278
37898,5035.531531813892
23921,6212.357951028075
38174,870.8036269222204
36933,380.3094936461408
49264,2989.050292657145
44553,2719.806097427187
13400,6388.328089923821
31910,1570.978344105541
30634,8083.576467533898
10687,2064.040725776797
74427,1909.4145479339227
86353,2983.8931731920557
13878,1091.3071654418745
29281,1613.3870984823775
44239,2670.364442946373
37410,1200.3090304245686
71769,1754.3046452267245
80274,946.5716908051357
4864,2983.8931731920557
37157,3533.2217973516326
62931,1970.3758325263577
71341,1014.9794617601614
16707,1283.8822821556173
41920,739.031909094342
58249,2693.5535701659574
23858,6223.821811263963
10277,287.51592904336405
48249,11356.950427305015
9666,3392.2412053219714
90026,822.4839166474367
49809,1718.1195298632076
86277,8982.657081819372
69140,7710.1172342887485
12583,2930.6140222612244
56129,8756.801275916392
43909,4214.823591547797
62109,1527.7853261441385
35502,3546.751939287916
88439,6649.436604637698
71402,1398.6314558485167
66412,1503.2339165110054
46257,2955.1503471884075
62274,2540.877792923776
26555,3291.666330790537
20820,5460.96800436073
75805,1905.3290001836224
53711,3543.49935080858
11891,4274.78345799248
2901,845.0145300171682
27263,1608.0978269473603
25427,1413.055057524557
80698,971.0760281220028
40162,803.1295470774525
89038,3931.920746159605
17595,1040.1266377478964
272,2375.7566915376096
47751,2428.020332333591
33028,1593.5545318964423
86164,1899.366792740653
60603,939.8914681166978
98797,995.1176241488051
71055,1091.3071654418745
67044,3375.2825300131385
80676,2018.2420001334835
28414,2356.3370702740926
85222,6172.271689271507
51638,1316.6958193689263
65562,1566.4694598307085
26470,3159.1740539168845
6226,3028.1316601837875
28312,7641.508838607848
71492,5251.000207803571
41951,898.4755874962051
44419,2491.6755016778766
95674,962.1343900729341
94445,590.8319269945442
93828,4393.4362950697105
67589,456.9070356391873
90988,1391.7156757088312
13476,3745.054163892314
76097,2990.030763098424
89356,3169.4473022453
7481,1104.724308512481
54725,3171.917030422647
2878,1369.1516238863978
46594,1606.5647829480376
3999,2930.6140222612244
45940,1604.0245431434805
15482,4725.282961108299
49391,1083.481657462159
70568,5961.345032663891
32478,241.72802282943036
77504,2704.605600745234
36003,1530.2370792663248
24120,3837.1104692683602
83794,930.8028569967994
8206,2955.1503471884075
52546,2497.521400193769
94685,1330.3208291771912
39726,5185.099128467585
61061,2807.523018507314
6897,2764.2018017559676
35741,3309.8600075070017
42714,1031.5767404741812
57333,4301.961196330788
11452,4404.943818423076
40405,4555.164709967704
87386,2260.546087813905
76084,1797.9090400370387
18828,1480.9909094889972
50866,3823.3267274226328
11714,7287.398631060096
6863,3405.4680534931995
74352,1508.4319126989863
47009,2364.0590659954014
63038,939.8600342786432
95243,8477.014967449395
76782,1899.366792740653
13067,4859.663460637626
7739,4807.098097411537
6201,876.4947044410683
10972,1197.175097725811
16995,808.8589068391718
32030,1970.3758325263577
94429,3485.890523940984
99239,3738.7297641638143
65017,1880.1281405658262
7558,1908.5409547723773
55142,6256.044826341463
98869,1282.276651060798
40729,645.1421054109596
9270,3542.4507214047444
18724,472.3730528150543
30112,7583.157776377806
8933,12996.27687581437
88944,780.4959350894724
87107,3523.7367510939466
56777,1412.2564656567815
31849,1902.91046518029
81033,1200.3090304245686
11045,576.4087558986139
19086,1677.7770290674307
1330,1206.1765288131683
56362,2090.803832441726
7237,2677.5062798425092
30454,1752.3606876620686
19443,782.976416429798
57471,5475.577640786282
32425,541.1218025501206
66681,3546.6183750708315
6298,744.687813103894
80114,3548.331067243602
64734,4636.728281036972
53975,1019.1412880282593
20697,635.9927005464
25997,2038.4455458605603
34390,2224.080409985903
92991,219.94293645226182
16318,945.8756423302768
31349,1200.3090304245686
89708,1188.7792081636205
58442,803.1295470774525
93856,2103.188384730955
9522,978.5470602337518
87987,1059.6374373880844
84790,6498.99569405298
7942,1501.0940569540103
50177,554.7468123583855
8672,7519.929390362412
69123,2274.17109762217
53550,831.3895202089034
90229,3251.6132748972227
97038,1145.1839551987061
16734,834.7837155336841
8658,1427.4491216773627
28554,5081.2594647638225
74180,4645.437860161502
98276,1970.080854055804
25770,1454.8402942718772
93508,1372.6374816732323
96120,10058.199565663053
15095,1069.9677836261487
79931,2905.202678368292
47370,6822.414074928909
58596,4767.431069517593
57583,822.2832697535359
14692,436.60819805529735
35536,2894.2690099869073
41915,1620.1897927563025
98499,3630.8583699758387
29302,364.5366285507847
48422,5281.013832380425
2456,658.7671152192245
1381,1970.080854055804
44856,1283.8822821556173
38232,3752.354773972079
37547,3626.7623628113834
60319,3047.5712144802465
62239,2260.546087813905
16154,4257.058464466946
36773,2316.192898388276
49474,1899.366792740653
57095,2894.2690099869073
81590,2191.704499654666
59692,1282.276651060798
86690,1970.080854055804
30935,2724.122259867264
21492,5474.593014168996
19750,6529.783249153005
37310,2605.4288955298384
77308,6141.743141705093
82775,8858.564835585725
56950,2858.364591163024
36706,3705.3792848903286
5069,2247.803111308143
20261,2542.005182269191
60111,3080.684982933692
75708,1301.68625654033
35928,3656.4355713403447
44937,7927.275461296028
97220,5356.200339832729
85084,938.0509108739268
63150,1145.1839551987061
22612,1009.3023846798902
60896,1376.677894046015
89345,2364.0590659954014
30661,1273.5028014075237
92915,679.9450908405757
4096,2111.9068933839226
29218,1110.356316934591
96210,7358.767236507454
38600,808.8589068391718
34601,7713.406367592146
35272,3456.798259672507
40969,996.8913820611867
34840,2283.0647614455797
45764,2316.192898388276
84488,1408.2353536572366
39512,1332.2642839521338
29445,748.690649635256
44323,2228.196812666573
68053,1104.9321752501394
19387,693.0237029398203
49519,8711.828066936125
16017,1010.5163918694516
79984,957.7405926290828
74533,2889.167050798978
47979,4544.6719756609245
44807,1503.8918877902781
88224,7345.5910851953195
8186,1503.2339165110054
5992,1777.8167287348806
79669,3314.184774295977
53571,1628.16681637323
86677,3391.843043684935
15187,716.9040966433906
13162,1061.0287416119802
49886,1718.1195298632076
88929,277.971704337588
30791,13773.576931772765
81769,10903.825279077952
86018,1956.455844247539
93571,4404.943818423076
2923,8285.593101679127
72795,4304.312306366978
51737,4697.487815841244
89274,1516.8589263192703
15646,1628.16681637323
14171,2543.9408031856306
66619,3314.8727853822065
33989,3648.6218644085347
27270,1280.0544419447258
5732,2953.629210455193
37519,2704.605600745234
54826,599.4463719834233
57794,1192.5515190049034
21638,11297.531903128533
63889,1582.4344753858134
23371,879.6755052532611
98303,1286.7251805560372
48295,953.485044086908
99673,2768.6206587122647
61428,4468.9341956830385
27436,4143.783176756775
28328,912.6378222798264
13623,1318.639274143869
7464,3546.119604673173
81883,1297.5072919638822
90871,4526.115807913242
62954,1857.2855959161213
68138,3047.5712144802465
29698,4793.473087603272
20793,1858.9071058892132
38986,1182.1439957075956
54602,592.3821662915722
69648,1503.2339165110054
4394,5008.667942432419
32895,1797.9090400370387
28177,996.8913820611867
11856,3662.2468742167994
45584,3246.842951518508
5148,569.8199234514998
48574,2555.630192077456
33519,1485.9982246393604
57715,1608.875703298471
56671,1047.4037318037153
94799,2259.1698670007336
3646,1652.0687212598737
28820,457.3301931535615
16582,599.7195964202706
26785,2827.2994226308733
85327,2524.729224030609
57127,1286.7251805560372
2883,12717.02127727576
63410,5511.068587029346
78784,10473.073450082486
62248,4158.197499602048
96958,1110.356316934591
17313,1016.0631893727644
12824,10946.41750738545
30706,2542.005182269191
11734,3456.798259672507
74103,843.6226515692617
210,6900.7435267872115
30098,1704.4945200549428
24604,8098.306174187015
78951,7340.424558383546
18587,1998.6323485281184
20709,1426.6800673328219
75847,790.9318899711333
89980,20481.93956107139
82540,635.9927005464
80686,1677.7770290674307
33961,396.5587386155642
12520,416.4108862793627
31444,4132.487239036831
38119,1192.5515190049034
8911,1598.015239306893
5516,5443.444312562407
57421,7191.262835517229
76938,1159.4067304841203
87115,1875.4128178296812
39728,1810.4772704131476
23650,4464.92701810904
77253,3432.0790360522387
29955,545.3252128153337
99158,2140.3684294585096
59584,1503.2339165110054
66688,1608.0978269473603
84884,4090.5458481342966
4502,3905.244055766733
24586,2283.0647614455797
24499,3142.5205187944684
25927,764.7355629317414
67988,1382.7766336946627
17916,3546.6183750708315
53379,3405.4680534931995
27579,3108.2793609956075
44725,1201.2051428418483
47216,194.68481675963002
74022,1485.9982246393604
3073,2151.167620511701
8140,10088.486427994105
73877,1296.4451639305632
8497,6290.148863631431
3021,4257.768026692378
23155,661.4600824972248
61626,5507.688240580958
53961,11711.945013490358
13112,2013.2356712409778
99069,2759.672252494432
15089,9525.946533627322
46138,1092.2555071154334
73728,5497.645889062257
77330,5460.96800436073
81313,1836.9087405449484
56250,8580.428647396975
86601,2734.5441280916166
2899,5085.178472097469
22433,12935.228904983189
59945,585.8213621751585
22367,1296.4451639305632
45835,2188.234597065635
51827,10010.268935922799
34000,13342.515399829264
92292,769.3514066215331
93040,3383.7028059872787
67143,3720.477249442465
95274,1713.9340850639883
73965,1575.950938129338
47295,421.9452725478939
13134,5947.816716108494
7379,1137.107504858738
16944,11270.413153089174
33690,3753.2454524974537
48204,724.9795127538666
7284,1608.875703298471
83042,1516.8589263192703
29024,1668.0559603634283
67573,1316.6958193689263
84879,1206.1765288131683
28374,8969.032072011107
51234,822.4839166474367
11548,2369.9620800823573
6895,6517.684603667693
77435,4106.643871234789
14810,5801.733962733557
65782,1490.2668779820133
69730,2451.0842887539616
86120,879.6755052532611
65778,1603.419870050225
51711,2269.439751637315
89828,1023.6339313581484
74240,5406.201375813311
59346,2609.042066272558
37925,2274.17109762217
16244,599.7195964202706
55671,254.6608638159312
1380,1516.8589263192703
95634,2645.6287553128955
26896,1919.7363531070678
13201,1426.9062128292926
77026,765.4530754279797
17695,945.8756423302768
18026,10058.295103264112
14403,4130.038755893501
88337,966.8899974936425
91860,2807.523018507314
98615,5442.471772636496
73982,724.2645354971364
28664,599.7195964202706
33485,6099.6610010551485
30651,1280.0544419447258
22989,1811.5340498453036
84914,1427.4491216773627
91475,1845.2820960809483
96308,2572.204685982632
48884,1698.4257861286974
34936,940.2459773234671
6778,2748.3230936025725
5467,1528.8014397347802
88622,2983.8931731920557
51956,5541.19340630768
92793,590.8319269945442
94649,3033.946204671982
26641,13281.798231965215
43708,18221.956345686576
94910,2175.3450994236227
6114,1159.4067304841203
59768,1156.3278918380117
85523,831.3895202089034
97626,769.3514066215331
26062,2882.747854654099
48368,2091.6858657442285
99082,658.7671152192245
2908,1695.5364411150579
29481,649.6177103546648
370,1251.1739067978012
89123,3093.190757527455
61660,1251.1739067978012
38463,876.4947044410683
1466,457.3301931535615
94026,2575.5342785664284
94108,4096.603511831435
56664,9330.718008457201
79190,919.8149693119307
30307,1019.1412880282593
26536,1398.6314558485167
21690,1620.1897927563025
31686,277.971704337588
2572,4002.56797738792
61152,2104.428842249991
45768,4447.6845123454605
35405,2726.989508804862
77776,7430.610395002533
90867,1010.5163918694516
33262,3752.4453716215385
53980,3917.3427012520447
72637,1909.4145479339227
10757,2405.283559864582
22345,962.1343900729341
75667,5762.203703271512
97040,3547.224330779477
68451,677.4757129881013
96693,2343.755525748331
97062,3324.4888003538567
10737,6212.17928319827
42841,10854.589088777831
4140,1858.9071058892132
502,2274.17109762217
8295,2524.729224030609
96323,3482.5166661389194
87810,971.0760281220028
20036,17903.25993084786
40875,2624.3386166092096
52038,2677.5062798425092
77688,2494.1390146620656
13177,2953.629210455193
9085,1408.2353536572366
46554,1546.524009784209
39501,702.0573857288239
73967,8938.024607060353
79251,5272.696413397343
30929,962.1343900729341
89396,2870.0180394094427
5375,2405.2467031637207
24610,5016.577884211919
59410,4659.633693033203
41373,630.908233299555
82429,3357.875031965533
96703,457.3301931535615
90284,585.8213621751585
56477,2876.786549581264
39255,675.0850923054896
19095,2013.2356712409778
86540,1677.7770290674307
81686,3300.5597644877125
84103,1530.2370792663248
55404,2050.1550277462147
63551,1186.6840206163038
8806,506.6989320889815
98539,2639.6700533286994
90271,363.9547021384635
65379,310.438056068407
98207,3169.4473022453
39831,1617.6495529517454
66423,2094.2547222692906
52962,3242.2230965115186
46994,4544.6719756609245
57154,2759.672252494432
16873,1933.3613629153326
80284,3656.4355713403447
90760,996.8913820611867
78073,6423.372945260224
71107,5276.694495169276
38658,10925.45594615416
33873,2176.0426681461936
29210,1323.6496949096402
67751,1104.724308512481
86485,3414.9825211069574
68043,1522.056922507251
98370,8971.840503376803
11514,2384.17696751175
72856,13949.198548726834
90899,4938.5445643485955
73902,1638.4437114516088
70165,2898.5389246451828
54229,5443.444312562407
23595,5950.932720502115
44228,5880.218159054564
38156,920.5636783794733
22100,3957.6023423478987
73795,1689.5794162250465
43004,590.8319269945442
84419,4495.5506799525865
52556,3449.65819126212
47460,2081.9305794415277
34668,780.4959350894724
46262,1698.4257861286974
28625,4851.288235180458
48238,2403.218121146836
70219,1999.5568609102436
36076,834.7837155336841
57575,1576.784158085364
96178,2490.4880662317482
71365,2013.1818707185084
79229,876.4947044410683
1299,3493.606487276229
15642,8751.209969085881
56049,2605.4288955298384
40145,4714.584330786524
82121,2071.755241007029
11133,2504.418478183639
20214,416.85663047944854
65216,2922.4019957766654
21702,6347.669408171034
68177,2510.1652579432803
92038,1090.8624169561906
74641,1405.340685517096
85496,799.5812359571594
85816,5938.033306631751
71806,2292.6262841162147
59532,16944.71616371435
97003,716.9040966433906
7067,5207.397500642707
81415,2153.993439266774
24590,1206.1765288131683
98355,876.4947044410683
39445,2029.5434494543085
52799,1182.1439957075956
94894,479.2992767809156
47026,1372.6374816732323
97928,1283.8822821556173
20814,1570.9436229789749
1633,2103.188384730955
21169,9447.645732129928
77761,523.2540542407542
6083,1261.6079263613262
61482,1369.1516238863978
38115,2343.755525748331
1045,1621.7228367556252
40818,3841.2233232438302
56954,541.1218025501206
56284,1740.6796354184596
9115,1604.0245431434805
97613,1426.9062128292926
12502,2081.9305794415277
30770,3561.45433734895
33049,2781.2972748425773
80360,826.3318053385599
72268,1858.9071058892132
54414,2474.759110595301
79693,2222.2920203459407
96251,4516.800363290165
49226,2037.5153940959851
27570,2352.925273283417
27809,6533.598507140498
11657,1137.107504858738
39596,324.06306587667177
51498,3786.59593177094
36181,1695.5364411150579
76942,2494.1390146620656
8618,3127.9663304629503
73266,1508.4319126989863
41765,3543.49935080858
56946,3041.1123389716017
40958,3299.4794425043483
98336,4915.5293761546245
92845,4459.997125584765
81670,2104.428842249991
42951,18651.28346740351
93071,1938.7152317952985
84353,3656.731581946735
22171,1119.9526406684083
63223,1323.6496949096402
71994,1617.6495529517454
85029,1372.6374816732323
38841,594.28178689978
34347,815.3596127760549
49889,962.1343900729341
61347,6432.518227692742
73840,2591.803885721574
21207,2863.1615397729993
31488,1575.950938129338
79031,1295.9016608690629
24017,1503.8918877902781
97924,1133.7397754957806
9482,803.1295470774525
12422,3590.31688901187
82058,3610.5765367396507
71682,4837.663225372193
83896,2269.439751637315
6019,5421.80342273041
6584,1536.5591757974128
61145,1297.5072919638822
39008,5242.974969229109
78336,2677.5062798425092
68282,1517.4076022062814
61479,394.3174501537123
98463,730.5291064516555
75566,500.7360245647538
87701,1322.3037521668039
46237,1721.581336355326
75791,3334.3207162349017
22735,1970.080854055804
39019,1732.6669439275583
84901,8754.61709913353
80838,2998.591442710947
20764,2478.2877334136665
47225,599.7195964202706
74039,3357.601885886074
81512,4956.3096558512525
47292,2750.3480490731117
62917,2328.7821023096376
32584,4235.839482132822
31191,1046.0124275798196
53804,1426.9062128292926
27967,3076.4018364659937
26455,6150.860142422298
62417,4807.098097411537
33484,1295.9016608690629
85712,1069.9677836261487
11993,4058.0570979441945
90180,4334.062462621979
38972,1608.275967416525
68045,1727.5590948722531
46771,939.8600342786432
36553,1233.9187354195578
73581,3242.787908663807
13871,813.2062457654242
19044,978.5470602337518
74015,980.5150073019073
22247,1854.5123343120526
79610,2259.1698670007336
91300,2137.5426107034364
8449,2749.176689837399
74528,2672.510616137251
30751,4841.783930455704
10722,912.5798190772271
40076,1697.8404648358671
1692,1315.858489299593
40461,1056.5764012384298
171,3672.6110818353395
86228,4191.649344363901
30376,1713.9340850639883
28838,724.2645354971364
72407,504.17348711535635
40287,7372.39224631572
27986,1912.9918025489178
55413,1740.6796354184596
16118,2828.9203819741383
83341,7587.564076457954
94980,1104.724308512481
72386,2416.8431309551006
88068,1099.2826929303305
11564,4807.098097411537
32234,1214.8301526501132
91375,3548.854565048553
57050,962.1343900729341
60390,487.111014756489
5946,7045.328422066508
58340,630.908233299555
77343,5606.832419392282
72678,769.3514066215331
83391,1050.4823576808924
49502,1517.4076022062814
78651,3456.798259672507
87929,2605.4288955298384
27511,7477.803271106822
66644,1746.3414956508768
3260,2415.6297612266835
93767,739.031909094342
7685,1700.730553749373
55124,2153.993439266774
87719,2781.2972748425773
27449,4513.537837160048
55984,1721.581336355326
79627,3648.2658680234445
76217,2975.5624693337368
47101,1330.3208291771912
64250,1413.055057524557
52129,2244.5852774169134
75291,2137.429542529816
98801,3786.59593177094
26935,7491.428280915087
4896,2000.840202287195
80394,1461.047940570318
21346,724.2645354971364
8151,1413.055057524557
29842,272.5338948170973
32693,3029.735039588334
5958,10911.830936345894
31167,3357.601885886074
95756,1933.3613629153326
3705,1970.080854055804
71255,2029.5434494543085
14448,1280.0544419447258
70457,1412.2564656567815
10957,1288.0034320792624
62689,1702.812144859521
32003,1137.6667783927624
91896,1159.4067304841203
38967,294.91324775963716
61742,799.4691228195461
85747,709.4281712343292
83296,1876.2948511321838
66390,4859.663460637626
3937,2316.192898388276
37626,436.60819805529735
40053,884.8505776879402
36951,541.1218025501206
28979,3553.03406137481
33445,1069.6421375126702
62288,2405.283559864582
40712,769.3514066215331
51822,2928.8236910720266
71459,2369.9620800823573
9938,11062.977829940113
69475,2193.1120479556025
58099,658.7671152192245
5800,3001.4953780623187
78639,2970.268163383791
68207,2103.3953476298825
51658,545.5891597284981
2258,2302.567888580011
56074,2013.1818707185084
40111,1757.3082572515887
20034,1557.31861317071
83294,1957.2807155410487
58257,1704.4945200549428
39759,1119.0307218153732
27127,1816.110054092123
27237,1206.1765288131683
42871,4200.920111694597
82963,2269.439751637315
2292,2004.1291624843088
8032,2542.005182269191
4328,1530.2370792663248
46113,598.8927745628205
55064,7358.767236507454
77406,1842.9242493351105
63775,725.9661728201017
59620,5007.966752413196
7972,828.9846225843197
7350,2213.8717443718006
45152,737.8895453054013
87959,3328.497795190471
99077,2767.6722650343127
49287,6365.464886328699
74535,1425.8157048748344
62461,3427.6681599444432
75018,1590.4091678936288
40563,920.5636783794733
83265,3857.5678852214933
50092,8173.871690691198
277,6573.482806851665
12848,1871.8701854999417
44674,1046.0124275798196
37317,443.7051833452967
73703,2767.6722650343127
94795,506.6989320889815
9251,975.759399881199
93340,1046.0124275798196
85563,2162.7711471448974
24174,241.72802282943036
83030,5037.0693269949015
1951,616.6611398423199
58324,1603.419870050225
47745,1275.232936169591
30856,1233.9187354195578
60904,4426.1951515431265
63854,12078.272466942755
52090,730.5291064516555
98838,879.4572507591653
60069,920.5636783794733
50915,1810.4772704131476
80526,353.4446702932447
31183,20479.67447182065
81049,6104.201367509018
873,5839.115813958365
51718,2522.6252782024267
51030,1503.2339165110054
32314,3857.5678852214933
26314,1508.4319126989863
59420,4648.68354610937
45303,2402.4188270479767
88832,870.8036269222204
91664,3029.01369348629
5930,179.46937377814876
32954,1405.8112027895706
30709,2103.188384730955
51070,1287.1278112157886
28421,3626.7623628113834
39913,3156.145528602733
54972,815.9188863100794
86471,3705.3792848903286
18425,1110.356316934591
74880,737.8895453054013
59488,4315.583174269565
46610,705.4350509476466
99087,1802.1708128338503
27387,404.8509933520082
3817,743.6931646305768
64482,683.7683861373117
49723,1718.1195298632076
6203,2091.4499840668955
15588,993.3701649312036
1373,1737.2396244659353
11119,854.285645761967
83324,1423.9930822241854
55793,757.3181744388417
2320,1797.9090400370387
24623,928.7976506974045
21903,645.1421054109596
916,554.0094357026384
6484,3841.2233232438302
37978,3738.7297641638143
13723,12269.327638945746
30557,4439.939568657837
50176,1437.6180920324502
70911,2430.421565806541
17120,2191.704499654666
92773,2223.2112670307483
23293,716.9040966433906
83055,6900.7435267872115
44742,3610.5765367396507
97548,730.5291064516555
91383,1009.3023846798902
6816,862.8696946328034
9207,3377.0545675357675
86278,2518.0434879919035
77217,3158.292020614382
31858,4644.114851130564
63903,2416.8431309551006
8930,1408.2353536572366
13227,3156.145528602733
51149,2319.3721265707854
85991,1595.2506934902062
41232,1604.9937574774492
91563,2258.210287225178
20171,1104.9321752501394
22762,6454.446772252298
16027,2748.7387831537544
78051,1858.9071058892132
94589,5558.137723341927
51343,1574.0207031432885
44626,9288.72628050337
2156,1709.1614509233227
99877,3076.4018364659937
52211,1014.9794617601614
99784,1036.777720296486
14857,725.9661728201017
81143,2989.0694929502242
3579,683.7683861373117
15660,1514.2168501509598
87004,1090.8624169561906
26945,996.8913820611867
52645,9473.028214332926
90690,8280.662955926891
4863,1711.2324208336609
46686,635.9927005464
63207,1059.6374373880844
48102,1398.6314558485167
61214,1426.6800673328219
68341,4924.91955454033
8590,2224.080409985903
4764,554.7468123583855
32900,2289.6879900819636
32612,724.9795127538666
55583,782.976416429798
24718,2538.354233838874
52094,559.6649968646872
43377,1283.8822821556173
98147,1845.2820960809483
84231,3612.1029010626025
51819,1956.455844247539
8095,2116.138324135645
75381,1824.1022802214125
28863,3325.72436135646
35609,1921.9777016581204
72502,4381.337649584398
49082,2283.0647614455797
46710,658.7671152192245
81135,4143.783176756775
39093,2759.672252494432
50269,1214.8301526501132
78531,884.4286367304852
67495,2343.755525748331
60270,2161.720089615358
6066,663.8507031798365
24956,1261.6079263613262
71539,1019.1412880282593
50855,1186.6840206163038
45569,12258.492720671604
73890,914.130058374255
4287,1576.784158085364
69665,1125.0861516588357
65896,1713.9340850639883
22458,4158.270774990813
33791,4802.407114644794
74841,534.1750367576163
158,1759.9665054591417
68139,1233.9187354195578
66185,576.4087558986139
58724,2013.1818707185084
48555,986.6973481746649
80187,5938.033306631751
6883,3905.244055766733
48981,3999.365092737447
17393,4203.902102191384
88350,5006.440388090244
24076,975.759399881199
76699,4192.511932789672
12002,4696.549713716496
30723,7894.578108976048
53120,1192.5515190049034
26783,3594.618106895041
95034,6596.734928108851
22314,1576.784158085364
58388,1104.724308512481
20153,1939.5907359643309
64457,4396.491113626063
94034,396.5587386155642
23098,7003.596604486337
63753,1861.6896142784012
24855,8065.257280648976
51701,2670.364442946373
99967,4223.5268688935175
77076,757.3181744388417
32358,1811.5340498453036
82918,1197.175097725811
15761,4052.4133740625116
88107,1069.8566476538942
26287,1854.522140974046
46957,1885.4951953082066
21897,4106.659465015084
41974,5801.733962733557
50647,1503.2339165110054
4848,2765.92876745308
72429,7054.694469907265
77928,1006.9951747394684
75583,3871.192895029758
82792,900.214625936312
83751,487.111014756489
67220,8525.89042051847
41225,799.4691228195461
1124,1192.5515190049034
53166,1858.9071058892132
96391,2813.6744128226087
50732,5544.037894261922
80642,5315.813124777472
16469,1206.1765288131683
28982,4981.882489182862
90513,1621.7228367556252
16007,506.6989320889815
6627,3180.7242691900333
90444,738.8796483509502
57228,2094.2547222692906
92224,4261.158448184215
24297,523.2666379344855
64966,1718.1195298632076
1513,1069.8566476538942
76442,4659.633693033203
57054,2369.9620800823573
39877,5394.849322032253
82556,1620.1897927563025
31481,1880.1281405658262
78354,1904.3741078910161
90878,3803.5412529312625
46506,7469.135660703128
70446,1363.05288423775
57347,635.9927005464
92821,3392.2412053219714
68689,1047.4037318037153
82435,3941.549945160262
60556,1687.1055439411082
26799,1871.8701854999417
25647,5037.0693269949015
27878,3251.6132748972227
43701,3028.535668858868
13037,658.7671152192245
15335,862.8696946328034
87731,4090.5458481342966
15852,658.7671152192245
26130,1330.3208291771912
21312,1273.5028014075237
87707,7587.850855057461
96142,3343.9768760778093
42420,2762.363792962019
95827,975.2051302142307
85054,2340.1822967776548
33113,1677.7770290674307
18627,1490.2668779820133
53288,2670.364442946373
6211,2510.1652579432803
55473,737.8895453054013
80107,1287.1278112157886
94928,5210.40209998637
74553,1171.3514274851536
97704,414.0775846855659
9915,1283.8822821556173
41383,1050.4823576808924
86799,2161.720089615358
7968,1970.3758325263577
41198,957.7405926290828
5183,5196.777090178104
21069,1780.9578922344085
76413,523.615061321706
91272,577.2069171862794
29113,1899.366792740653
76895,978.5470602337518
75398,2317.3059192444407
36452,940.2459773234671
66831,1005.5162782199944
50675,1503.2339165110054
24868,7416.582384084641
50833,1233.9187354195578
73280,3313.104452312613
92318,5382.164053843269
88689,986.6973481746649
8006,3267.0370399298054
45989,1797.9090400370387
8130,7301.023640868361
90725,1503.2339165110054
52085,12539.869555957273
20128,1857.2855959161213
28126,2416.8431309551006
80197,9840.496286135185
23498,5421.515768002851
35518,1797.9090400370387
55387,4391.31880861481
58879,6128.118131896827
86711,4334.1388461670795
35958,20267.425123299177
36898,1092.191282217618
89491,799.4691228195461
86151,1283.8822821556173
99651,1363.05288423775
66967,6822.414074928909
86931,443.7051833452967
81966,737.8895453054013
69211,2068.305569633263
23503,683.7683861373117
89034,1718.1195298632076
45124,3546.119604673173
3858,4250.327080366858
42193,16147.637770656165
34987,1194.1425590152585
63005,808.8589068391718
85025,2188.234597065635
87975,2511.420743686871
38669,4601.303298999995
37094,4257.768026692378
92788,6905.977130376301
5027,2068.305569633263
20630,1186.6840206163038
24938,2510.264376699531
58716,296.70141968157617
71902,2507.7640244703302
40268,1213.577718893511
12989,1214.8301526501132
10554,2244.5852774169134
37872,1595.2506934902062
89951,1727.5590948722531
80065,1038.017004188818
5458,1133.7397754957806
70161,1608.0978269473603
19439,737.8895453054013
47348,328.2770271891221
51391,3811.172846220789
25057,2224.557514742048
23842,5730.85260693246
47794,3745.207081723355
99355,1318.639274143869
12375,2330.9309290527053
69559,7996.178733836851
13564,4391.31880861481
44436,1638.4437114516088
62786,1777.8167287348806
46226,5443.444312562407
926,325.7798316312261
7521,1694.4357761880935
22869,2826.160526538434
9822,4793.473087603272
40838,4544.6719756609245
4773,1126.6746754235614
40698,1530.2370792663248
43851,576.4087558986139
24728,1652.0687212598737
97445,4002.56797738792
36409,2778.9584616833454
93985,4382.842865325618
74005,1104.724308512481
75910,5501.259460139593
54428,899.4246301475746
49743,2094.2547222692906
83989,8565.162964112707
17100,4118.784949074041
94775,645.1421054109596
23437,4593.65039664377
7895,1984.0008423346226
45197,1862.8488323538324
65578,1606.5647829480376
73034,1503.2339165110054
82836,1810.8845597425825
12129,3391.843043684935
48676,906.1899595036658
26769,2850.672757038057
41606,2810.2299605691446
7574,4807.098097411537
53413,460.006139244277
7892,1423.9930822241854
50513,1283.8822821556173
15293,603.4809837318005
60203,14765.801650381818
94386,1570.978344105541
76370,1352.4076556641778
18435,1408.2353536572366
60214,3375.2825300131385
77449,884.4286367304852
64217,953.485044086908
66971,2204.5042042207806
7896,10911.830936345894
30203,1590.4091678936288
52264,738.6045225621315
92002,9907.94932810655
598,5406.201375813311
53380,196.68187363636963
57245,3857.5678852214933
51602,2386.9286782690565
22673,636.3999094635401
85264,1718.1195298632076
48724,17084.839976326293
71950,3961.650350277688
2217,739.031909094342
70946,957.7405926290828
4305,1332.0699708837801
23496,794.4759232405075
95418,3145.2381181909427
45133,1110.356316934591
71454,1638.4437114516088
39889,2094.2547222692906
48892,3094.654351187343
501,6103.840594375904
14653,1721.0804356795177
43317,1715.5017496657722
31336,2204.5042042207806
64231,1205.9489473790852
835,3076.4018364659937
87332,2554.5028027320404
6542,2822.791131130086
41975,1363.05288423775
95940,826.3318053385599
14565,1858.9071058892132
77813,3738.7297641638143
72984,1702.812144859521
7299,4223.5268688935175
94875,1754.3046452267245
58458,4248.786279301723
24819,2428.7351858548727
28845,3556.6762147782824
67124,2114.904979537772
71188,2596.2990897667955
20600,4044.43208813593
33422,1880.1281405658262
69741,1059.6374373880844
84937,4736.880476859818
42104,1318.639274143869
38737,2265.995381636171
68823,8900.544599072264
34275,1248.0470330623257
29652,1956.455844247539
7954,2936.02700558493
72403,3753.2454524974537
34654,1986.8138844044822
38105,3367.1163534998313
61733,2102.51331432738
58107,7265.5786615531
99385,1023.6339313581484
95230,2328.7821023096376
17410,2283.0647614455797
63282,5312.597726449377
78078,5632.490584280039
29421,2140.3684294585096
54521,599.7195964202706
71693,1811.5340498453036
58069,1295.9016608690629
20884,2013.2356712409778
2457,1871.8701854999417
75644,1133.7397754957806
83371,1620.1897927563025
97052,1811.5340498453036
59275,2316.192898388276
48158,1273.5028014075237
44076,4328.979363003231
44018,2554.5028027320404
81562,630.908233299555
33461,1503.2339165110054
62020,1516.8589263192703
29516,1398.6314558485167
13612,2416.8431309551006
25332,2343.755525748331
81377,4206.136942597937
87734,1754.3046452267245
83458,3155.8222924370352
47744,1361.4257742897812
82507,3265.2382847054873
52723,2081.9305794415277
91651,1213.577718893511
85888,798.6986008975254
87715,939.8600342786432
44618,2510.1652579432803
1693,24468.197845170052
65351,1695.5364411150579
89276,2201.8596068739
56348,5608.2527601514585
2956,5246.614430059944
68021,2260.546087813905
22237,5037.0693269949015
20042,9380.630398827432
77877,2693.5535701659574
18334,1570.9436229789749
56901,2653.295063136964
25306,481.2089719819107
43441,4940.667149256192
29446,2746.031841091924
95607,410.183748423829
4019,4381.337649584398
63671,1777.8167287348806
32714,2415.161803553739
32902,2911.2320600143635
41315,3277.8581937493345
16210,4038.788364254247
32257,5999.254193653932
79115,13335.644974307976
51582,730.5291064516555
12154,1069.8566476538942
3336,975.759399881199
70544,1137.6667783927624
86445,4334.1388461670795
93388,1352.4076556641778
95253,1856.182668191211
86252,1382.7766336946627
56932,2094.2547222692906
37303,3251.6132748972227
5526,2218.129214029045
24329,3283.564674872722
21720,2393.5837947178798
5090,737.0139280227551
18955,3251.6132748972227
8537,394.3174501537123
43726,3934.6039527790376
33696,2269.439751637315
79783,996.8913820611867
45975,2726.989508804862
15311,3618.4670508685645
11101,3872.664023636179
85918,1606.5647829480376
51504,4301.961196330788
36849,4807.098097411537
25520,2591.803885721574
13319,3580.9930970867763
54088,2588.7439605309014
27289,1416.655629631377
93722,3452.374200301704
32164,1110.356316934591
68204,4867.361416241235
73888,1171.3514274851536
15305,3156.145528602733
91108,1010.5163918694516
48426,658.7671152192245
60817,794.1209448977372
85185,779.0780852362445
10567,3028.1316601837875
17179,2302.567888580011
8053,558.6548960027385
26557,2068.305569633263
93209,1604.0245431434805
33592,1092.191282217618
5050,862.8696946328034
25764,11782.751836555306
65994,5906.239896587936
36266,1093.7605839036075
93428,1889.037827637946
20514,1718.0702908449216
29664,1889.037827637946
50425,380.3094936461408
97157,3543.49935080858
31044,468.0883724791975
47561,4325.471182126775
95548,847.9632377536761
63725,635.9927005464
18248,5037.0693269949015
58146,5202.131114381221
30008,2209.5862572224837
44497,1133.7397754957806
41127,4052.4133740625116
69922,3830.7860695398604
23600,2004.3220118546637
70298,1359.0124718649674
38820,879.4572507591653
51975,1698.4257861286974
77553,11744.132855658378
25178,1980.7693474635214
26057,1224.555101330897
97762,2217.8614329549077
11639,2204.5042042207806
33384,1889.037827637946
53461,6900.7435267872115
28698,554.7468123583855
25273,647.1494883010668
76523,2677.5062798425092
46234,3032.8188153265664
60337,1412.2564656567815
75773,1858.9071058892132
39106,4038.5059483224077
71530,5801.733962733557
43960,3905.244055766733
79761,6415.153810483061
85156,4191.619739858235
33998,3146.432114051331
89256,4076.920838326032
32349,2975.7733736026216
7588,1777.8167287348806
53730,1909.4145479339227
8687,3635.87454891617
6787,1261.6079263613262
43378,8252.25711730707
14251,6141.743141705093
42395,1795.542481818229
69404,3343.9768760778093
39500,2327.465112389405
61401,1408.2353536572366
98398,2151.0545523380806
99455,613.1818285536093
29297,12161.134145306807
57979,945.8756423302768
31936,898.9548092689622
82662,2970.268163383791
22568,1810.4772704131476
28757,3143.5915348773738
44287,2269.439751637315
62404,5237.375197995306
48233,403.23162067118375
89487,1777.8167287348806
92253,569.0237893174974
55303,7972.283277439732
86583,4459.997125584765
13952,8901.645209414724
82536,1005.5162782199944
91601,576.4087558986139
65580,1323.6496949096402
41397,1675.9544064167817
35062,494.83398179017547
20361,18235.58135549484
73658,4640.231469848412
77942,658.0177937234838
7460,986.6973481746649
10152,410.183748423829
33567,2518.0434879919035
36739,1096.8394225497161
53788,2845.621614657262
93765,971.0760281220028
3813,1369.1516238863978
96631,3377.0545675357675
84371,822.4839166474367
78196,3863.2199204900235
47305,5544.512713533662
20547,1882.6806391712355
59318,3383.7028059872787
72033,7416.582384084641
24273,9235.770987405864
53425,5757.378214283947
22682,3015.3886836780252
74452,2116.1717372403887
35015,592.3821662915722
97301,3844.411079348125
9304,254.6608638159312
99961,1709.1614509233227
19875,1683.7741877164726
57188,1398.6314558485167
99514,2352.925273283417
24029,17442.627049580133
46747,607.4406824555989
82772,1412.2564656567815
74704,4606.280685338546
54090,2524.3385183755063
67141,8744.956137819141
19732,730.5291064516555
58558,794.4759232405075
24706,1091.0992987042162
7427,3323.179984948126
20905,3392.2412053219714
554,1516.8589263192703
13594,2356.3370702740926
29351,1576.784158085364
78272,599.7195964202706
44135,1016.0631893727644
75015,1842.9242493351105
55953,1608.875703298471
29301,9151.571745835823
54913,3094.654351187343
60898,5926.751668358192
17371,1186.6840206163038
52750,993.3701649312036
10890,1628.16681637323
13900,843.6226515692617
71275,8523.084805685658
97534,568.8144017292468
15746,2153.993439266774
51642,2089.5633749226904
25037,15097.761290994225
74319,1889.037827637946
68540,1646.4687177179205
30918,4214.823591547797
98405,2990.030763098424
13336,1845.2820960809483
37333,4271.393036500644
35085,1437.6180920324502
77585,2845.621614657262
86839,1287.1278112157886
61255,273.89091923509926
47171,927.7550681825198
39617,3405.4680534931995
89838,3635.87454891617
56117,403.23162067118375
53750,2306.339534575889
81582,2269.439751637315
49223,785.8441130112813
15376,4148.840295158365
38518,953.485044086908
66443,1419.0288457032227
15505,1104.724308512481
95369,3965.4168665774437
68918,2004.3220118546637
6788,1197.175097725811
54749,2369.9620800823573
10634,2013.2356712409778
13717,1797.9090400370387
92096,912.5798190772271
89401,3443.1732498642423
89704,2670.364442946373
80101,1413.055057524557
93696,7190.883531978449
84670,2591.803885721574
98769,3265.2382847054873
21891,2089.5633749226904
77301,2923.912080769949
49022,1718.1195298632076
86843,1490.2668779820133
48974,17230.148381481195
78015,953.485044086908
54042,1527.7853261441385
73147,2759.672252494432
75616,6177.860025941521
81616,1119.9526406684083
84120,1192.5515190049034
82306,2693.5535701659574
79500,817.9115293644196
37173,2518.0434879919035
30725,6830.219564259715
68005,764.7355629317414
7551,4415.806987815844
68785,1938.7152317952985
73591,4697.487815841244
33337,974.8173366615447
4078,899.4246301475746
63580,1595.2506934902062
73735,2198.8337313460956
32513,1704.4945200549428
10135,1536.5591757974128
2936,1316.6958193689263
17985,2455.07497213327
51695,10058.158074383224
14896,2357.219103576595
3413,1156.3278918380117
90750,1369.1516238863978
95009,3405.4680534931995
30069,1831.9014253945852
36010,2451.0842887539616
26999,3969.7009878332105
94427,737.8895453054013
62676,1686.5345406129657
50762,3033.946204671982
73656,1033.66156113376
31522,520.3239418972463
75329,2567.0438633583126
1505,2302.567888580011
23763,1093.7605839036075
75549,8859.271266659973
2771,975.759399881199
21874,2856.2833134481907
11705,1273.5028014075237
82247,5130.658407849627
95614,2816.4868263193903
71721,3062.2232291921655
75489,3028.535668858868
63405,2023.889073399903
57361,1168.5189858993308
48199,394.3174501537123
47446,1810.8845597425825
40717,4464.928283524182
56676,5938.033306631751
5866,1159.4067304841203
28899,2806.0063045818592
22801,3456.798259672507
12506,9284.540320867782
42495,1492.6737809798703
60693,8696.051129221112
75661,1113.0496656152966
31397,11451.549737037763
58906,1503.2339165110054
42764,1533.6039913067289
68402,3379.498228816209
87698,3738.7297641638143
74741,3786.59593177094
25399,2357.3805355565955
94970,978.5470602337518
44203,2316.192898388276
49315,1845.2820960809483
53115,2393.5837947178798
75175,1516.8589263192703
38614,2871.989600971289
1287,737.0139280227551
48802,9279.961125174781
98658,4771.544543043716
36576,4315.583174269565
78053,1046.0124275798196
84736,1586.6715584838296
64505,2955.683261338548
57244,3538.804054805337
11851,920.5636783794733
98845,2504.418478183639
17027,1695.5364411150579
87369,2193.1120479556025
2035,3156.145528602733
91759,2357.219103576595
12208,3391.843043684935
55086,1069.8566476538942
93664,24959.436610480712
94461,1870.9106057243862
74557,2161.720089615358
19599,5636.455125309389
75627,2352.925273283417
67727,1727.5590948722531
75026,2877.8458284026874
51949,2247.803111308143
92712,2180.4855127601245
95326,3719.004294698593
12325,1871.8701854999417
56155,14597.999196492081
62279,879.4572507591653
59257,2029.5434494543085
23673,649.6177103546648
67117,2976.689858679152
31154,6793.598794477683
11115,2091.4499840668955
82165,2476.8630564234836
42295,1871.8701854999417
78640,1121.217014902229
54172,908.005205436195
35129,576.4087558986139
40416,500.7360245647538
25126,1437.6180920324502
76147,1359.0124718649674
37236,1150.7325146670028
68837,5191.020270114955
96906,1426.6800673328219
91793,1332.0699708837801
97732,1104.9321752501394
6845,3954.701809780795
86679,576.4087558986139
4528,1069.9677836261487
84902,6347.812256272194
54707,3732.4641052175925
1426,1683.7741877164726
6431,1413.055057524557
29720,885.8066863912213
65590,1797.9090400370387
78918,1862.8488323538324
88485,1970.3758325263577
26650,4659.633693033203
4687,1273.5028014075237
55565,3534.7060574353372
80212,914.130058374255
80448,2137.429542529816
15839,2597.76258770577
22894,2463.495928833809
27039,534.1750367576163
44999,1721.581336355326
89515,541.1218025501206
53757,971.3656024373477
16379,5133.044639704595
28499,3766.8704623057183
300,709.5164093295684
974,1713.9340850639883
17659,1624.538236006704
25106,2605.4288955298384
99169,1092.2555071154334
66791,2350.434056187137
47830,5442.471772636496
43354,435.5702823561587
90786,4010.1909303370694
59471,3051.521940513814
28681,9359.593137879698
59777,1795.542481818229
9201,1083.5927934344136
58856,2326.9156084348597
47487,272.8707553134727
7567,577.2069171862794
12456,3640.387372619648
25237,5251.000207803571
55578,1261.6079263613262
90487,2208.1878012327397
77178,3405.4680534931995
85952,2478.2877334136665
66345,2151.167620511701
17488,554.0094357026384
73263,1323.6496949096402
48171,1376.677894046015
56885,1318.639274143869
61381,1398.6314558485167
30056,3738.7297641638143
37881,545.3252128153337
15447,5168.100476432303
93759,516.0544626098593
54135,1777.8167287348806
3497,1780.9578922344085
6274,4201.198581739532
30617,2496.5402481350156
36658,1156.3278918380117
19624,586.5394403097514
3612,3391.843043684935
40104,8120.954338420306
38583,4484.061656793309
23466,1007.28933971949
26675,5377.32563023393
95471,506.6989320889815
36577,2343.755525748331
49286,223.04778850932954
3030,2583.6708128134205
70284,2302.567888580011
26481,1318.639274143869
46497,2714.2465322990997
70751,1297.5072919638822
56783,1858.9071058892132
36326,1332.2642839521338
80829,2203.3210693088404
4517,2858.364591163024
72032,3392.2412053219714
32231,1906.773273496339
35577,13977.194265787819
10819,576.4087558986139
5827,1069.8566476538942
23545,2494.1390146620656
4079,3194.356928904393
66935,1273.5028014075237
39941,5196.777090178104
75362,1332.2642839521338
12599,4038.5059483224077
70014,8270.559863688006
92875,6289.94049359244
82259,5788.108952925291
12311,2815.2953721658737
45278,661.4600824972248
76306,1870.9106057243862
83832,46109.01255028226
85052,1522.056922507251
43634,2507.7640244703302
93234,978.5470602337518
19455,1566.4694598307085
35738,3903.229151596835
20633,864.7852651759441
77714,6128.118131896827
82649,4235.161269493457
32805,3982.470120386163
37184,1956.455844247539
71794,599.7195964202706
30906,14320.23066604126
1764,2303.978783692927
97979,1606.5647829480376
87744,1126.6746754235614
1529,291.28810281067257
81565,3582.572225042463
14225,7479.280813811172
59172,4941.983456023764
46815,5505.158142129651
64881,11720.009877142902
1679,939.8600342786432
80206,1797.9090400370387
83758,1257.172971858425
62392,8073.11199337258
39262,1845.2820960809483
59827,4082.9785020231698
85350,7419.10220981026
30410,2276.2901584022634
66377,2229.724699834035
43140,545.5891597284981
43447,2218.129214029045
19865,7869.807037645176
33935,599.4463719834233
81055,2353.68010167192
85528,3905.244055766733
88858,576.4087558986139
24766,9301.777990302515
17213,2510.1652579432803
11580,1075.4354688504593
28738,1908.5409547723773
62944,1426.9062128292926
35273,1057.2147330880211
22460,7232.340960274899
20559,5730.942166628228
86225,2343.755525748331
49525,2773.2972623026967
68430,289.4754382391465
38402,3028.535668858868
21643,5159.6468116943215
52599,2494.1390146620656
10100,2185.208721537831
77516,9394.255408635698
93600,1323.6496949096402
13148,4453.747459618895
8890,1050.4823576808924
75650,1704.4945200549428
59100,2129.7967470486533
85839,2656.7394331381083
98446,576.4087558986139
2505,1375.4335927383083
5188,624.127750247594
64713,472.3730528150543
98108,2029.5434494543085
92188,957.7405926290828
20250,2779.791401236963
11737,2807.5384201015577
8245,8404.106419635833
5674,2081.9305794415277
58189,4640.231469848412
41755,1889.037827637946
57138,4052.4133740625116
18195,5094.884474572088
39667,1905.3290001836224
93516,2299.917241618916
41676,1280.0544419447258
35854,460.006139244277
69540,1275.232936169591
11800,2085.184324122271
90560,2954.268313885905
30111,994.8239862274153
48729,2218.129214029045
85742,554.7468123583855
82995,1595.2506934902062
74358,5817.629332680381
11531,2439.3172150967116
88168,1425.8157048748344
19544,2393.5837947178798
70773,1748.8879812774483
49322,3145.54904410862
75223,661.025949497568
20583,1090.8624169561906
96072,1061.0287416119802
635,4601.303298999995
64314,1092.2555071154334
96685,2013.1818707185084
51529,3945.3116313950904
21936,2285.1091008490434
96007,5861.233590544684
97255,561.1662996145549
33650,3443.1732498642423
75606,377.0401953726776
33625,1233.9187354195578
67227,1276.2153379215088
20095,6176.867230863158
6139,1858.9071058892132
49199,1880.1281405658262
98218,1247.5437452278227
69272,912.5798190772271
67285,2858.364591163024
66404,4956.3096558512525
85797,1376.677894046015
29706,1173.0317402923852
58130,1127.4509977895136
45620,3283.564674872722
46675,4645.437860161502
78349,3325.72436135646
6311,2773.2972623026967
16091,6303.565503400706
91865,1273.5028014075237
86087,3990.922196647121
6177,2402.4188270479767
89677,1531.0326120145462
9556,487.111014756489
95802,15318.639870084176
17932,3533.126929479651
12683,3846.859250600637
68199,1014.9794617601614
98734,6354.173788257686
71701,2269.439751637315
8379,1620.1897927563025
87231,3075.84823900043
48236,799.4691228195461
85571,607.4406824555989
66272,1192.5515190049034
11079,5026.141353428186
36238,2876.786549581264
54500,3098.5659464442056
53776,2839.61203587018
18593,2343.755525748331
18129,4381.337649584398
56195,1875.4128178296812
64033,996.8913820611867
9567,1075.4354688504593
3982,1426.9062128292926
26522,7940.600717638607
56894,2103.188384730955
13514,2090.803832441726
90535,744.687813103894
851,1713.9340850639883
62308,2693.5535701659574
6590,6580.942622384957
8285,1797.9090400370387
17417,2068.305569633263
92430,4793.473087603272
79184,1608.875703298471
90635,3971.2273521561633
67273,1777.8167287348806
59909,3957.6023423478987
88700,6656.983484521114
56191,2416.8431309551006
62600,1092.191282217618
2136,3738.7297641638143
5437,2302.567888580011
9754,6802.217701260323
19683,1811.5340498453036
11559,2091.4499840668955
41683,1316.6958193689263
72582,1899.366792740653
22628,541.1218025501206
69422,4044.43208813593
27961,5312.597726449377
59710,3108.2793609956075
79575,1698.4257861286974
85037,2103.188384730955
85647,2068.305569633263
56031,3612.1029010626025
57349,1700.730553749373
4881,757.3181744388417
73489,1318.639274143869
52259,435.5702823561587
6193,2114.904979537772
77979,1182.1439957075956
58997,3047.5712144802465
39447,506.6989320889815
6231,694.5649305567916
76246,1363.05288423775
97406,1517.4076022062814
10060,366.68448383787603
60000,1092.191282217618
52415,11675.26143817409
43511,185.17813973481103
33468,862.8696946328034
10535,443.7051833452967
91195,993.6400799444363
63454,4381.337649584398
93132,3443.1732498642423
74044,688.432375920559
7785,2452.060191602474
30425,4109.387304123502
81714,8393.181238070012
94979,1704.4945200549428
4011,4252.257784438738
79697,3535.626563327204
63106,8769.175250215296
41946,428.0389130394641
71,980.8870294063086
20779,1206.1765288131683
55882,2605.4288955298384
56931,702.0573857288239
57019,601.0688747815125
82001,4002.56797738792
26089,2369.9620800823573
17576,1104.724308512481
82264,4685.594016942077
2635,2748.169137899881
4276,5210.40209998637
11523,2828.9203819741383
76950,441.6639228477289
43187,1398.6314558485167
73012,1427.4491216773627
63522,4397.002486537718
81863,5660.49244727943
50888,1557.31861317071
59596,5298.57406730922
7084,813.2062457654242
45611,5295.190345572492
59182,744.687813103894
20810,3456.798259672507
83873,1859.4002174524294
59683,2031.8670099417484
95792,1595.2506934902062
25292,3198.9767839113824
22333,3896.394256374985
47781,3061.2291831042835
32454,2725.372447449635
35504,8709.676139029378
58025,4793.473087603272
83928,4667.600684023542
89912,6157.476148632335
70875,3516.453542713988
89391,1200.3090304245686
50044,1201.2051428418483
67596,11004.868494817318
66194,3490.478255356253
99011,635.9927005464
76687,3169.4473022453
65068,2013.2356712409778
10875,4160.938940643678
65550,4325.935844052114
73026,957.7405926290828
7228,3612.1029010626025
99764,8023.467510930586
17151,2957.5609649494577
15551,1713.9340850639883
51360,2259.1698670007336
32588,2316.192898388276
77552,6989.57294534618
14592,1332.2642839521338
31124,4936.7634606784595
46863,1276.2153379215088
60439,8045.2403151205945
36040,2023.889073399903
60359,945.8756423302768
14950,4206.136942597937
20649,2464.709298562226
57887,3108.2793609956075
93064,1893.1482636880742
7412,2153.993439266774
25152,2765.92876745308
43700,394.3174501537123
88094,1200.3090304245686
40826,2507.7640244703302
5921,5495.089853465275
61959,777.3068801628684
68531,585.8213621751585
32950,4044.43208813593
64831,5495.554515390614
84601,2810.2299605691446
58521,4492.5617095841035
74771,2161.720089615358
28237,1200.3090304245686
87179,5937.30771069385
47267,9570.434222678587
5217,1531.0326120145462
75342,5924.408296823485
23014,1854.522140974046
79573,738.6045225621315
39578,1010.5163918694516
56305,277.971704337588
91815,1168.5189858993308
5793,1902.388308581172
1745,1099.2826929303305
39775,2645.6287553128955
85097,1557.31861317071
808,5757.378214283947
61902,658.7671152192245
83425,500.50228860410164
82068,1297.5072919638822
24187,1205.9489473790852
24000,4403.875450653797
77048,1746.3414956508768
31466,1875.4128178296812
34622,1522.056922507251
76558,1288.0034320792624
39628,1332.2642839521338
98266,4157.253471730628
56877,599.7195964202706
50204,1306.6357570378905
79694,26320.315334225827
87130,1074.761954862718
54328,7959.2617864357135
47006,7485.220892138737
38800,1125.0861516588357
73626,6082.712053349995
78653,815.9188863100794
16803,1019.1412880282593
22422,4271.393036500644
27741,718.2125668810772
76885,1398.6314558485167
43126,739.031909094342
28558,2693.5535701659574
59920,5592.512325202532
10416,2664.090340163111
41709,1902.91046518029
98380,607.4406824555989
3521,1857.2855959161213
10886,2524.3385183755063
11512,932.250632522012
88420,1575.950938129338
57353,885.8066863912213
55546,1273.5028014075237
96489,4404.943818423076
91960,1092.191282217618
70281,21026.24853896737
60169,683.7683861373117
335,8029.403569890928
80493,2990.030763098424
80318,6328.004536332381
10908,1885.4951953082066
69336,3037.8969307055495
56702,2859.2466244655266
80315,1875.4128178296812
89122,1297.5072919638822
16033,2693.5535701659574
72973,1628.16681637323
5603,1905.3290001836224
97864,730.4593723768099
28060,594.28178689978
89263,3948.2289625873022
24363,1093.7605839036075
53085,2244.5852774169134
7546,7825.895428382585
57841,1091.0992987042162
93766,4346.451459406384
41617,862.8696946328034
46556,1689.5794162250465
94162,2327.465112389405
21185,1715.5017496657722
39326,954.991966779276
72005,254.6608638159312
49237,1301.6284418875273
90061,363.075067559585
59677,3823.3267274226328
55244,2343.755525748331
79065,4916.908159398659
31002,1083.481657462159
67927,3766.8704623057183
18656,3570.5441060592743
58606,1718.1195298632076
99464,4391.31880861481
91702,1575.950938129338
34122,5544.037894261922
36691,1261.6079263613262
63350,3686.755422800917
34896,1059.6374373880844
53929,1110.356316934591
40325,6012.879203462197
74439,6150.406355416831
6132,1069.8566476538942
92579,1604.9937574774492
90252,2505.300511486141
92745,5477.682355417669
91612,1330.3208291771912
69623,1050.4823576808924
40039,1273.5028014075237
95039,1711.2324208336609
4810,7355.17288324635
28378,1256.1263710175501
28146,2490.4880662317482
54408,15454.470656141908
33088,1921.9777016581204
84179,1503.2339165110054
2520,7222.951430226813
95095,5336.885822455949
10186,3028.083310960976
278,2609.92409957506
67600,10032.52335293797
28941,2490.4880662317482
83653,3600.7556968014096
92319,559.6649968646872
40463,1698.4257861286974
42082,1083.5927934344136
17996,1046.0124275798196
39492,1186.6840206163038
19736,2845.621614657262
60302,1938.7152317952985
92977,1182.1439957075956
95791,834.3382279454113
14606,2725.372447449635
97494,2283.0647614455797
19619,1413.055057524557
31273,1318.639274143869
96396,559.6649968646872
52602,576.4087558986139
29500,2990.030763098424
94668,2837.0477472297925
79289,3391.843043684935
15989,1508.4319126989863
90477,1426.6800673328219
91200,2958.44299825196
152,2496.5402481350156
70482,2218.129214029045
11619,599.7195964202706
42433,658.7671152192245
78617,1684.8007763204325
40694,1508.4319126989863
52699,683.7683861373117
87670,5592.976987127871
76822,396.5587386155642
22946,2510.1652579432803
87203,1718.1195298632076
52945,1858.9071058892132
86119,2068.305569633263
70565,1684.8007763204325
52972,1939.5907359643309
32449,1019.1412880282593
98942,3546.751939287916
21189,3029.01369348629
28297,4217.9813228604735
4831,2204.5042042207806
62078,1286.7251805560372
62846,1046.0124275798196
92564,458.7480430067895
6943,1169.9529016462766
1886,1124.0417685844975
95181,4888.991877628274
50755,630.2861496505848
70464,1857.2855959161213
35875,1857.2855959161213
51438,3775.155984632284
51080,1413.055057524557
91467,966.8899974936425
53680,1740.6796354184596
18571,4649.62164823412
69264,4320.513836358814
78615,2269.439751637315
37895,3037.8969307055495
520,769.3514066215331
3856,6047.794111982883
44343,2116.138324135645
4657,2883.5982422647785
50827,1531.0326120145462
30065,4513.537837160048
37368,1628.16681637323
44348,1939.5907359643309
49292,2068.305569633263
43556,738.6045225621315
9441,658.7671152192245
19102,10350.046768085815
30239,1119.9526406684083
41076,4426.1951515431265
1904,3948.2289625873022
94983,1628.16681637323
31969,914.130058374255
82106,1899.366792740653
96073,2407.2088045261444
59305,6731.336345459226
57412,2416.8431309551006
7328,1426.9062128292926
52375,1695.5364411150579
14790,1104.9321752501394
2362,457.3301931535615
19937,2297.919258601749
43571,2276.2901584022634
96528,368.63520068845105
34447,3076.4018364659937
24968,2759.6568509001886
9458,954.991966779276
3313,4771.544543043716
11982,509.64162812622067
29636,8098.306174187015
85812,2323.228736884993
16352,1066.3337324624329
94181,1091.3071654418745
70318,864.7852651759441
31714,254.6608638159312
48903,3957.6023423478987
99860,1110.356316934591
90411,3169.4473022453
10209,1047.4037318037153
2841,658.7671152192245
28924,1516.8589263192703
39656,737.8895453054013
88203,1145.1839551987061
49574,3952.112419393938
92363,1046.0124275798196
17612,2957.5609649494577
9843,834.3382279454113
18919,2154.6632530241823
33538,815.3596127760549
17909,3961.650350277688
68640,1247.5437452278227
30584,3784.8223917987575
51143,2275.3625692778674
89042,2505.300511486141
58378,1557.31861317071
11967,366.68448383787603
15930,1126.6746754235614
65090,3714.25071891753
80222,1359.0124718649674
94066,1970.080854055804
53302,3155.8222924370352
25512,2302.567888580011
14475,1046.0124275798196
11962,1301.68625654033
86435,1906.773273496339
4036,2103.188384730955
23484,1186.6840206163038
49118,1740.6796354184596
30660,15936.98554623613
5820,930.8028569967994
67513,3037.8969307055495
46142,761.4437001733836
40363,1449.078528014956
36275,975.759399881199
85100,4076.920838326032
6425,1811.5340498453036
20735,5196.777090178104
46967,2428.020332333591
1640,2693.5535701659574
11503,9598.144602211172
56623,599.7195964202706
68508,2882.747854654099
42310,6497.011014040752
99048,1363.05288423775
99086,254.6608638159312
41235,884.4286367304852
67129,2971.1859747577223
54437,2316.192898388276
95672,7426.665037268244
4227,6113.286010863414
11905,1423.9930822241854
34359,3738.7297641638143
50381,9497.441483802686
50563,739.031909094342
28683,3171.917030422647
25242,5022.292952240685
15868,1351.7190014620444
85774,962.1343900729341
43524,1301.6284418875273
81674,5593.629048768364
76996,1998.6323485281184
15827,3598.477891254338
25218,2425.9277441412314
38565,890.275225283015
34342,716.3248413541943
35335,6808.7890651206435
56407,10105.597213835037
10273,7856.167490152329
16234,5135.962599329757
59491,3648.6218644085347
18356,1316.6958193689263
17625,2837.0477472297925
72198,4938.5445643485955
81003,3610.5765367396507
27758,589.8491884107856
54127,2999.705046873121
7013,2953.629210455193
22865,590.8319269945442
78986,1854.522140974046
39347,4082.9785020231698
35605,1522.056922507251
68840,2316.192898388276
43190,1606.5647829480376
2448,523.2540542407542
12120,534.1750367576163
60336,1811.5340498453036
14556,683.4555748928256
22297,3845.3477605170788
28410,416.85663047944854
52693,1721.581336355326
11925,1201.2051428418483
9439,630.2861496505848
61150,1721.581336355326
88791,3515.9918941159626
84037,272.8707553134727
11137,2269.439751637315
43650,599.4463719834233
36317,2868.250869637161
23699,324.06306587667177
92711,1985.8523094643008
52268,4038.788364254247
19988,3190.4784207499533
61593,831.3895202089034
73143,658.0177937234838
49356,2369.9620800823573
39800,4157.253471730628
6064,6443.8914367124935
47948,4217.9813228604735
16478,4648.409570221108
72014,9632.9410675706
67168,3379.498228816209
38237,876.4947044410683
63204,2328.7821023096376
60251,3156.145528602733
95871,2104.428842249991
40070,1273.5028014075237
14398,1503.8918877902781
9939,4192.511932789672
16683,5329.438134585737
53329,938.0509108739268
15537,1273.5028014075237
2539,1652.9139805851314
88480,2236.4492062515365
47789,576.4087558986139
72858,2409.397689077416
81199,9028.946965005824
11461,6132.435591061528
39973,671.1979498340032
60004,753.0234241992433
23704,3267.0370399298054
60095,2884.913914836918
37750,1405.8112027895706
8972,6166.6338634484655
82899,1922.1659645806421
22138,3954.701809780795
58848,256.6564931485434
95466,1345.5896901784893
14094,3267.006617775081
31752,616.6611398423199
25717,4646.008683224937
52295,2217.8614329549077
58034,2922.4019957766654
55922,802.2938765018146
63382,1885.4951953082066
55088,1608.875703298471
60218,3548.854565048553
37743,1273.5028014075237
99397,1527.7853261441385
74664,5047.138583085568
92351,831.3895202089034
28184,5410.722059387911
49679,3859.0390138279145
14543,6478.697780447948
84830,6166.6338634484655
59785,1748.8879812774483
53597,939.8600342786432
12139,737.8895453054013
38168,3982.470120386163
50085,468.42641521841716
11185,4096.603511831435
32333,1875.4128178296812
84109,2089.5633749226904
56457,1880.1281405658262
69187,2013.2356712409778
6737,3614.3807066096742
64992,3824.7978560290535
76911,2502.598532152754
91510,2102.51331432738
33577,699.1650172401212
56721,2624.3386166092096
68982,3493.606487276229
79950,2204.5042042207806
23379,5443.444312562407
24994,3665.718379353817
25773,3180.9689480645657
26296,744.687813103894
48032,2153.993439266774
75895,1858.9071058892132
43655,2793.8980086990496
85584,8968.344393651892
76086,1275.232936169591
86642,2871.989600971289
33574,1845.2820960809483
73561,4404.943818423076
70859,2936.02700558493
14661,6062.389235783586
24593,8214.544273598414
83192,2540.877792923776
23292,13504.326389193866
16739,1831.9014253945852
37595,576.4087558986139
19668,2128.176500539068
72509,1186.6840206163038
93253,2269.439751637315
23036,394.3174501537123
65674,3405.4680534931995
27053,1283.8822821556173
83218,2177.119910070846
24087,6974.950777770522
4627,2302.567888580011
2419,2999.705046873121
2335,2901.91002730474
55470,1777.8167287348806
44578,6628.790346888632
43205,5413.618454678496
73098,5477.104005109235
88000,2779.791401236963
2071,1695.5364411150579
73574,1604.0245431434805
3848,6157.476148632335
38832,5487.019890674872
64828,8448.238908855212
55170,1986.8138844044822
93931,2746.031841091924
6879,1497.8283854006195
45852,2103.188384730955
14245,2714.2465322990997
61441,1330.3208291771912
86739,2718.2306105534985
76441,3618.4670508685645
54361,744.687813103894
75318,2396.3327653965803
98612,18712.588516491367
53970,724.2645354971364
20183,8668.729478240115
33995,2746.031841091924
14498,1880.1281405658262
59796,206.60330162899916
27204,1595.2506934902062
15937,898.9548092689622
23355,2596.2990897667955
24676,6212.17928319827
3597,725.9661728201017
70489,2441.4499623250053
77148,684.8229596422681
61149,1885.4951953082066
94175,1595.2506934902062
64694,2554.5028027320404
21759,5210.40209998637
73303,1677.7770290674307
97824,2494.1390146620656
52713,2068.305569633263
57464,1704.4945200549428
75621,414.0775846855659
75604,1121.217014902229
78773,4381.928630229105
7801,1909.4145479339227
79817,652.1245960025675
90906,2090.803832441726
81334,7727.002156047729
75599,2430.421565806541
9026,8381.04777628741
33887,3504.6644272796325
23529,5268.618387664888
75311,2300.1294532818015
26619,1922.1659645806421
52225,1704.4945200549428
50879,1278.6397979906017
18634,2160.7314453205054
12314,2858.364591163024
59138,2137.5426107034364
50549,2785.2403513125328
88854,6887.118516978946
85521,7404.108977163194
99501,2103.188384730955
34207,5080.76570798335
69729,871.7362269030609
32826,536.6807975959462
26383,1376.677894046015
23377,384.08166741344934
89324,679.9450908405757
27806,487.111014756489
61013,6944.9336645561325
19426,4526.19054167587
86361,1092.191282217618
26187,993.3701649312036
1462,4170.583388230116
2291,241.72802282943036
53583,14586.429927673482
17506,4592.538143268051
10793,2081.9305794415277
14965,2291.235807187165
3103,650.024919271805
34539,1490.2668779820133
23621,1947.1985743290788
58416,2411.7449277965866
78563,1206.1765288131683
93742,3456.798259672507
66131,1700.730553749373
53237,2663.8812700342446
62625,2081.9305794415277
57891,1282.276651060798
42866,995.1176241488051
19603,2663.8812700342446
14011,1638.4437114516088
30365,2236.4492062515365
25569,1005.5162782199944
24235,4052.4133740625116
39154,3491.039417471368
7375,1332.0699708837801
72128,780.4959350894724
26252,1503.2339165110054
36614,9106.530001772488
18990,2303.978783692927
16802,1857.2855959161213
67612,3720.477249442465
92265,6051.513083081976
57263,2000.840202287195
76229,828.9846225843197
26866,1014.9794617601614
46712,304.91311261893736
1763,1375.4335927383083
40601,2711.74743764137
6036,3800.2209415792045
18577,3214.8199621414783
57740,8222.30490356454
21040,1318.639274143869
6120,3827.5650952246615
45216,3598.477891254338
83778,363.9547021384635
22326,1090.8624169561906
12058,2416.8431309551006
60507,492.9242865891804
2930,468.42641521841716
67719,1746.3414956508768
80758,1704.4945200549428
13362,945.8756423302768
59202,2670.364442946373
49515,1797.9090400370387
99739,1137.107504858738
70348,948.899601160412
27197,4856.070307941935
72961,3798.447401607022
1999,314.65201738085733
28851,957.7405926290828
26452,1811.5340498453036
8259,2494.1390146620656
53133,2204.5042042207806
65412,1620.1897927563025
56187,3546.8468071598973
68495,753.2107365385584
68516,3546.119604673173
72431,11915.966607373537
42428,5956.1579410200575
39569,328.2770271891221
36074,822.4839166474367
7650,2677.5062798425092
41866,1150.7325146670028
9993,1398.6314558485167
41825,1912.9918025489178
20444,1275.232936169591
83250,822.2832697535359
94222,2759.6568509001886
82980,4429.373463741218
40757,780.4959350894724
41051,3823.3267274226328
29806,888.0957812274014
11842,328.2770271891221
20551,7948.109901928056
43302,1490.2668779820133
17542,12269.126287935804
91369,2383.618921407894
26340,599.4463719834233
57714,2037.5153940959851
49620,9373.39253266185
6313,3738.7297641638143
91380,1956.455844247539
26169,2957.5609649494577
8520,2682.6201008252797
43665,3299.4794425043483
73565,6334.187246463928
13391,4201.198581739532
27914,2349.1785071643094
