person_id,predict
46195,1371.844964681748
27086,30648.940739375088
35080,2879.7458087755563
15409,2223.682598784123
97759,786.6952151763994
3822,2046.0983237343733
89124,5402.407662368738
18328,2089.0929812707027
34209,3090.185473033976
99188,2120.49352200477
80157,2119.528545426906
1829,1908.9282521252417
71702,2788.770701378303
38023,1998.8022455909575
37913,11728.946223193168
48017,14887.989752515234
30207,98.68772023758902
19088,11786.771158952492
80837,1228.963498307583
15969,3234.9178806725936
83502,5851.665138619537
29388,2037.0414752514446
9933,1197.724041607748
75690,1097.0002238969578
22498,1566.8443798844428
76557,1388.8561526590497
33865,1555.6410760949525
64383,2188.656917142147
69575,1757.9568810122207
83925,130.7499604201089
89223,5674.76872974065
43819,2512.120766644354
57852,2011.5238451419893
55011,4422.718690353974
52998,548.873082805384
11204,3181.5686831547296
35338,1354.27081054573
52981,1491.0981435946796
80012,1636.2055787442607
38389,1390.9682682344474
97537,208.71694123684847
97303,1256.316616286098
75358,4883.6971830301445
71187,1059.8881583345092
30096,1092.0732973104623
37745,130.58352781678514
9628,950.9057437415936
10146,776.5653048213667
41005,3270.9245741260224
3797,10328.961118090752
55363,2862.75538893636
90339,1187.9293877730815
68830,1551.7946769947603
77698,2632.9829364900797
75451,8123.573590941184
73969,1210.495180083718
80146,889.707641720599
11347,952.9060183571278
47353,2298.87979764957
19283,3068.458803485474
39640,4219.769414703914
77043,301.98831317175336
74801,2083.1923273944767
37678,1572.6375177639816
42405,662.2767120358803
29130,640.0387230063666
50359,2175.11969905417
47188,517.8422938040749
52715,345.45204638492487
25491,3220.9880784399834
12959,6932.175326306153
10860,3057.4423156063262
40275,2367.170919795685
51171,1526.5189659608204
60753,1775.3198620918392
85066,12110.190101829083
5431,1114.6445460730483
42763,1507.1068310348169
23516,1379.9398495488167
56527,842.6073076695084
9040,2269.7505653036833
10606,2317.721137687516
31984,2108.18931163836
58515,1744.5595331888221
85576,1627.3830542383907
18612,3528.7062826045358
27903,908.6841962552699
74884,729.969952752725
14445,3001.9662529557118
27135,11408.938915744204
35924,2285.698029135836
7778,3091.4481522802544
5303,1922.652744617352
76210,1728.2714841787022
7857,978.6128754051292
48293,1286.505503115703
85933,742.5826376796099
91003,1133.2298908572752
63344,2981.748510416104
16520,3717.5730697690137
22841,6948.546562881413
19557,1890.013641334929
87151,3379.642911515136
38464,7860.499706411214
12634,7681.338148130599
10558,3311.166184418482
23652,2377.3687335936193
63004,2788.6370868524737
94174,1191.4809638912693
96924,665.8159321240942
2537,1093.737301734332
70656,12819.106642368839
60618,8849.175368247968
86222,1778.6949500096505
43999,2106.1983262722915
96289,1127.3423977409939
41997,1736.622411898325
57238,1528.6980771106364
38426,2749.979631505551
90552,1787.2019406241423
91549,1959.0083041594667
51981,3573.470355102991
29959,443.8924732259702
37366,1500.449570688358
71832,1183.280048954788
9711,657.503011734605
99450,3177.4693382289943
57052,715.3536483642883
79478,1628.1841721819142
82912,944.8259552135792
57548,4397.463114915337
25318,1216.6173617203858
42567,20345.869044690662
38212,2721.761078757552
99736,2552.530519711387
1053,765.0284776750968
10142,2796.3109932877496
83086,3134.8913741513616
12763,1295.4065454767542
55005,5628.915004668473
60061,9747.819816842568
28990,1913.369585204777
21906,5218.398312449343
94538,10718.001020720361
71198,3351.0887163614348
13022,5079.34315298049
95041,1301.2594796980738
94450,5120.871420098265
44752,1287.750223636538
1164,920.9124325137636
60537,3710.7674942563767
38325,1395.7902665680422
43037,2452.7249746966036
25127,3148.293486281293
74206,2309.0988298905004
58918,5834.6953645474805
68651,982.9780685071837
25193,2742.848967561778
50892,2543.015145616625
2208,6612.409091904849
36228,1082.7352706174302
58380,2523.035692456681
74999,2233.4049833692175
9785,674.119065848754
45674,1114.8662664901708
50161,2722.420259573827
68279,308.27519945960876
33930,2662.5011807234964
92416,1862.7431702687236
21479,3938.2193274815295
41832,1159.9165507210764
35418,1635.869966501712
86953,3839.747233847969
25906,2249.004119500657
60917,4972.752985737447
97745,1599.7100443854115
35588,2381.4695063890294
78076,2943.9155703737033
48056,8593.409473728278
48251,1256.6360521680867
44714,8284.689260147225
24758,395.736006329872
97736,2601.251715964024
98635,2820.2464646557164
7509,884.4614244939658
33093,2673.081599237992
52873,2880.7560978660026
50571,4452.337448707229
72657,5955.266805918893
74354,784.785795755361
11690,153.09210522725834
97430,833.9193818709864
16686,851.6893966397224
99098,1954.520869085062
39153,-28.161055277431387
24515,6152.143472732652
42430,1522.3250772910865
14555,3272.2071143882886
76691,2830.779412805008
69502,380.46935162034697
52326,1341.987772205377
17674,5999.902432959137
85356,3016.5836657990194
61584,9339.398341089018
12494,1872.7096530771687
68551,1582.0019945824265
34169,1360.0745481835315
92647,3792.943743732537
14157,458.2970960245052
44448,1652.9974515862764
8796,646.2624609161971
49821,1921.6631169690897
50252,1511.6926691953677
98332,2079.1050710344625
50306,453.8013824037871
11393,2952.65805489167
99670,1158.7827370580462
19697,647.6906966045954
10280,897.6056285617051
982,1048.6830927988317
86680,6151.90907588618
46136,3895.0714182657157
28285,2696.029562435724
89520,7066.104104367993
17556,11581.720148316645
50287,3785.5172635151403
3915,1115.9908529913382
21923,3828.038072252217
11129,167.541564547485
99478,2464.5692590953804
66044,1949.5394245224263
74283,4635.582999447658
91104,1646.7169770702312
17508,586.0561643364499
78712,2298.4972098155345
84263,2626.705857052012
5327,2502.8042452634863
25347,12336.986260126985
10463,5638.266055199787
45986,2503.104590915063
43411,1025.2821161521974
69109,887.5763623742359
24817,2710.038866038573
64483,234.71947438832285
27618,1452.3055099013436
56611,-39.5786731817052
52664,720.0197422619422
39587,5622.007693522848
68725,3935.596856964715
92974,4186.741402110095
45832,670.5792868331487
60815,-435.86866401830457
58775,1551.588953134229
94629,4218.513818485489
23240,1400.9802173194917
11224,1351.5282261463672
69566,4847.715958306173
35823,2905.3091349166407
36557,1759.2905517505128
56171,2657.0948228758343
63602,1416.8393469173134
33951,1429.486605718163
58901,1067.3078443339364
23451,4336.536666952437
41849,6469.352235795212
67279,3220.3721526669833
63698,3422.3427253559466
63409,2486.1560670194945
84229,1581.6317142363441
31178,1742.7338532004958
27695,857.1142179324452
92187,3106.522394872146
37185,3066.0090956631493
51062,2296.0458330410383
47134,4579.144928048232
37411,1285.0077792203952
40911,2201.3877895432684
62486,5195.204441254219
24113,3591.001517841016
38128,3527.0586916174693
89017,8518.566502374888
49097,8926.82908418653
4873,444.44921208379174
59499,1223.9091926738538
94792,4445.9110755372385
71726,1475.1496618749347
24250,2338.1445679998287
28500,1676.1920522581906
73078,872.171095808144
21067,3684.868321234086
79412,648.3144351762235
75752,7876.548752770156
40085,878.3924958056
99102,1255.4196889595737
40651,7306.263764942667
96480,2973.3321953747345
56352,2696.7385742814818
13995,5252.341576489512
12817,3458.6842250726495
80580,1241.1816759682415
17167,792.8415360284598
28920,2063.0788961385147
45564,1570.0067123051458
52016,2686.0834066080233
68369,778.1765862112647
88050,4003.7254641062223
66038,4322.695801919176
75199,2431.3451626399037
30503,1089.7624333998292
23459,4170.585671846231
73813,1160.2571173123947
56144,2737.9975120590434
65914,3222.7151970388813
82682,4086.154703859248
52339,5735.940061967409
19415,2661.5911731573137
79391,1865.0930715743539
38713,1638.0822124117333
17124,4217.679549609435
87735,1411.2304298802137
49928,10182.023412613744
24481,1556.2084220141642
22312,2396.2603443168273
6607,4466.861209614417
65976,1373.7942159348008
31046,2086.9747447303907
17338,2000.2401426016256
79170,5481.975617085888
68595,1321.5179755298896
40542,944.4697194228652
87728,2662.1023982905513
9959,2561.2827848689285
39811,10838.62324096148
438,17428.982077854394
2957,1792.325595322928
96840,1885.4026112724787
14280,1615.593081429697
9351,4010.514763938804
50111,4876.708847306723
10805,1480.9156231506308
16308,2639.889597753856
62019,402.80087850990185
84507,4364.050922836288
60129,3331.9808326793036
13943,433.5669145571337
3363,5333.438872912288
93208,-559.7867746409647
37713,608.2178427998178
77097,1916.4222282775374
13426,2141.638827052181
20515,1640.6966074541224
70324,3237.661923839735
52710,1983.7984868834587
20474,3435.990438830815
14493,1944.3923599914622
95279,2779.0079886644853
18413,597.5995796641009
67605,-170.11005346041838
3174,2140.3697979223507
28772,2071.8161697729847
86286,3995.1501009593385
26147,865.0530060067604
9355,1214.25113354507
70523,4547.138931252961
80254,4132.309254159331
23215,1906.0476060047931
95042,1138.6664693610255
41216,1895.3219083147872
68534,549.0380568000915
94662,4190.236516053485
41497,4299.455760001121
75270,642.6907887602933
34620,2156.5705523249817
11500,3656.1310046082663
23092,4709.209128134091
99948,3233.1894974029005
23013,1568.7396849571219
76076,2636.713528524568
73720,1239.8716535381168
43768,1563.7113079722808
57096,691.3262283571876
41328,9272.601869770697
49884,1534.6367209908371
98740,841.8970262470116
30614,-344.62881746094354
17769,2541.2665960921204
33191,2669.9954849731594
22272,4280.179477376726
24118,5531.246078875251
95184,2725.002543735599
16069,1819.5837936048613
41964,1697.9341731792172
63734,3671.2701334595
31943,1582.5813257951277
41017,3994.9198191318756
83591,1354.2890638212039
70657,1131.2701684670146
41885,755.733238094208
6776,3268.8650006110456
90809,4671.252408110128
79488,3274.0982169706754
59774,1378.9429439845653
62431,4907.56336014431
48713,1677.7965733975414
35190,603.992916901937
67271,4651.141676723482
19829,1286.0339061251598
23634,4357.634750853535
91725,1821.856476872366
3834,697.9043637128179
74676,1617.70893800786
67756,519.6168462821888
2759,1773.8544094445638
41986,3281.9275515430545
50169,2154.5718548864534
47327,447.7112363850615
94138,1048.0064020636332
98314,4658.13246225911
66531,4822.999947377374
44815,1141.38793413747
16430,1180.4827354393665
93206,2433.3648129454004
62086,1634.1968748165145
32756,2223.170887203989
10096,6090.331011125675
32022,3611.300286219103
57148,9747.613731062516
8534,2452.177207653981
82442,943.4745970136901
72926,5218.874144053628
75632,7615.7007487755955
63035,5920.306100419282
9828,3381.60674002814
92056,1492.5528868018268
98132,3742.6049483239162
74042,3792.200730072324
15572,5524.465864409273
94153,2984.389785232863
18732,3869.89929040491
34933,15689.847158835391
56579,684.3437956697699
30941,628.7226820793362
45078,3308.1414589520086
63961,1383.7155650158388
77265,2767.515502623777
3429,1244.047888197339
25190,1556.2402726975697
53594,5698.480840600862
14987,4726.170557748951
85242,2727.3974305282536
60701,1182.4296053664239
83056,126.74454826055444
59080,4698.489980287845
35105,5140.352448230623
7321,1028.3694977394716
90524,1779.0705423340605
14210,666.4487172274553
13844,1133.7056613806026
11771,880.429588195615
23373,6490.312074168928
67261,1155.9923814381627
51097,729.0278573765527
54511,2239.4518157289062
69997,1316.7803687175801
80551,2013.9321591917455
63085,519.1990421696255
4973,3682.7434958250697
5136,3799.150208988507
24720,729.7181050602444
28330,2289.6036961287173
26977,8719.192676401084
68858,901.2713556370691
62601,1403.1806322700177
17528,257.1290287641091
69909,1260.0972781996225
70691,2773.8639938909073
16376,1275.492592021409
59479,1727.8177155826236
76840,619.4700169221255
44621,3578.100748556535
62009,2396.293500475766
64574,552.6702896564311
12663,1855.6541124335558
6487,4271.330994578989
93787,882.8806827849794
65302,1919.0003786622103
81232,1372.72105427196
97937,2721.568966536517
84407,1428.7996032367255
48602,3812.930402062105
35050,9619.082858867601
16573,3253.611095237525
84959,6159.106024549139
22259,1370.6854818643883
11409,2452.3413807057586
48092,890.2024348356563
840,609.4546194814475
21550,1251.418737858769
95656,2006.9024547753943
2379,8998.706501252078
59730,1293.616634474843
81534,14252.851388598421
35852,1660.108333333322
30812,2203.179585983883
71217,13189.232028810156
44217,1527.0903241528495
42114,2337.517769497826
40978,842.0163415739225
87867,6275.9516272245855
93625,2902.6333911279935
46891,699.8192553226008
36358,12363.775052206967
35962,1647.4279988817052
2397,550.8937784884256
71084,4176.5570821736155
1098,547.2823626354375
59528,5261.735409717287
56340,4008.65508377781
8831,1955.2538004638564
21882,3282.500569461904
56271,703.3926764037465
79310,2032.6552789169634
82614,3957.549394971285
76904,3119.5968573096834
71531,3057.754728865738
34859,320.1848936656552
25619,2023.8211659013075
54565,3825.704471613576
42849,-454.54059392914587
11459,549.1720364370603
74562,1353.0452019402555
44964,1511.1032345715857
53947,1082.2246976195197
69033,2499.604352747598
38603,2900.342953935659
11245,2181.1284495680816
29832,1315.6572624214086
95146,2282.8523454002698
80127,7979.119292482774
15057,2755.511663011035
28172,1439.8226691176765
84951,2502.872550592788
49147,1147.9261096812947
62135,2490.1314273923203
97394,1130.1956775857452
22808,1640.6142914181185
35386,1836.247655343358
71406,2069.781961747589
97852,1424.167702673517
7061,3003.5532944877555
42232,1639.7625811125667
7201,6291.401761875761
64889,2024.9340087990136
11551,3338.535000876643
28813,922.8760110342323
50032,444.49487772260136
87871,4091.5204666673844
82689,3589.608362595018
84925,3178.1311029833305
7501,3137.127266575253
5944,4699.410039313951
27067,14346.93487123572
4972,7240.2972631299
61259,1316.5550761066502
21125,1018.4319138702431
62157,3057.6732155361146
18051,1365.641474642921
65980,2535.2986129524234
46984,3706.3388089105647
49229,2189.5086341411074
12320,2474.5232841664865
55972,873.0891585771019
79121,1323.9020299526283
10464,2070.5887781775064
71980,869.3444222014846
21693,-296.6995820129696
95854,4308.919777724477
15098,4039.462093848543
90961,1634.199854582612
39505,5123.087149929463
31319,1259.4856860337936
59258,1690.1665025272755
67084,4385.061891423576
67754,463.02096975808763
11574,1230.7851556052547
94920,2820.2587761497257
94394,1326.9388348450057
25326,2977.8507742438815
55916,2726.538371905799
8495,4462.907728949627
4888,1458.6024373640453
96477,1372.041095690291
20483,1639.0374175006027
75664,1705.3492363174573
68409,1382.6738786823603
3636,1454.7064443756635
78166,2166.5924447952293
53108,3098.079896202011
10857,764.2244982875613
50768,5541.081041667282
4404,13452.393780630424
78700,1794.5746418365084
22590,2709.742421166108
23028,5591.359134557296
91708,2220.055186975932
19471,1766.0198581509867
87222,1710.0987234415477
96155,2118.1609921910995
85257,1237.6942362044697
1612,480.91466957849525
81697,5453.109861122264
80522,3003.1090559538857
42158,6372.561912540524
91271,1617.2875918676139
55418,2754.5479100215334
35056,4769.121524686725
54314,3788.166477353028
11614,3458.906016320693
31661,6381.49441934197
35205,1288.4419971898756
81968,281.718800087413
64999,1679.6232765834964
16018,13803.453923460038
25392,2669.3117447425957
56240,8869.568585073454
66638,640.0802454309332
88885,300.6986881559951
22917,4660.971127596641
81075,1418.6057481981948
78545,1068.8432450779187
17973,11444.740131631388
27463,4922.693351801032
78810,3860.1901360939314
33828,790.8630496226124
50136,2025.5942970478202
13179,2774.675233223734
36615,5884.300593770215
78426,6778.33772780346
24064,1223.1692661736388
29204,5916.39466281066
8070,1076.9770747636862
57590,283.79292616445855
35661,1240.1529129120686
66951,1916.9217107124284
50659,790.2683895595628
36629,8430.532671604953
52714,1389.3923909621467
21210,5439.688841716853
4188,989.4232342692203
94213,2470.2064156459396
96254,1507.1666437266426
96524,1445.2570243720488
95754,1827.3103126382755
60495,2702.624234130323
25784,816.4645223143543
52840,4365.016072078431
21653,1235.996607974485
63800,6152.23923693362
84867,238.634935201198
92049,3898.697065288601
74389,2746.400775423106
59309,5702.194243885902
86851,2632.791358646661
94686,2509.19860870984
79341,6270.343427158792
63086,1508.1201737384163
63484,8189.571820629367
83050,1220.1562980078838
68288,9650.235670297316
82466,4173.0244197225165
61963,8279.000340302413
4417,2171.765862648187
39254,861.6073824503042
42486,2187.1236519609447
48678,1996.7177792096668
47845,6264.0861619092575
16468,1829.7306810754299
54513,2499.300109167959
29947,1377.9753603631107
60391,1574.2096631595323
85021,3143.3264086691115
55666,11284.656649482156
98660,1288.3884058434624
10825,6059.899315142127
49635,2902.414401205482
92666,6165.003293975762
18048,2788.3125399710607
47754,2720.2669737031542
93096,3909.9135077737556
59434,1243.1319414814488
17324,1055.0604134899604
8891,5620.056929263548
50569,843.3117498202823
78083,1761.6698943598108
55760,969.5631803364331
51603,13969.047425760391
65799,4695.970726370839
7802,11704.408917547438
42918,2218.898705517241
34026,3792.076092193951
25779,3424.2787974049033
21211,963.1918217578827
62066,6998.186564862777
24852,4310.367838532571
41721,3057.748638346318
96989,901.3980842432607
66838,3783.0709801845196
64132,2663.2114723591285
39161,7869.3120910383295
67292,4764.668387239495
5702,6471.3591101954025
70201,1550.9320081513806
49193,4238.746657668089
14431,1302.047425968466
49765,1752.8694948670368
83911,1514.7729852525158
63259,2213.325465958287
11863,2618.9759753432927
53231,2231.3197736799652
44340,1422.7447142778283
43854,1465.4922926549575
75091,2360.2183371290166
4732,-581.2935887522444
94815,2680.9398533986678
52434,1960.897328870936
79890,1211.6614264189425
58511,4567.818141816618
19072,1393.646652444918
69844,629.7941941710446
75956,3410.244026818648
42661,3290.946839017986
16629,3817.868968538752
88586,1908.380584336949
77912,2214.6050541405757
92078,1088.0466527875142
5381,837.1721746723006
53136,3221.7766989568863
6566,1169.4558178311777
1310,2280.4198198656754
87647,1567.2575228130127
43761,1714.1625840572453
81895,3190.111137217443
58641,4096.511706068339
46694,893.3942382271161
34124,2488.8723835344035
66466,6406.00483635198
38775,7625.755434951888
97584,3561.3741493977122
16656,1842.1241131760669
67432,2759.000112524537
12205,1848.4766117174843
65508,3718.6525265019227
68811,4327.30956901524
19864,5933.56567079997
88594,5626.821867878829
5248,4392.431962937942
33027,470.41852709398063
83040,9087.19536311525
76710,1417.9626575910315
95489,2194.3828849350734
47441,5921.8617697550835
74051,4471.815032147739
58655,5998.478959135788
35210,5366.597308207806
37352,2317.4165709986696
65161,1882.6617442819586
30662,2777.276082694159
80485,2830.620652059192
80084,4647.73871096821
54781,6960.9123625482025
85486,2195.551832362986
29752,142.7548600261839
4500,3631.1751752194223
56923,1695.1884753093893
52460,2692.86460187977
75731,882.2014939836713
50585,4296.473230596765
88833,1062.3501325932211
63115,8799.2913573982
40598,3541.93700193309
80098,704.7543786390534
78419,2608.538479005003
18279,4009.237453216724
72524,5017.099736027175
66108,981.4120191043376
93640,1984.149624861902
43085,653.6238661506177
93525,1903.5830247065448
10086,1558.1016769628036
56764,2685.810734781915
14640,2924.42019482267
64055,9212.684517279838
91097,4517.345524079392
9097,2014.8443269087606
33044,9896.67275708059
69483,2458.4890273537494
63688,13084.338546527093
77615,5346.76054748361
23930,2151.734588788886
65904,697.4052778581595
2365,992.1210647505291
79598,1388.8138968185917
28640,1144.0913774763767
57506,1189.5937514853922
56629,12598.196689044971
83561,4422.832910057647
72345,2125.6344347038607
62048,2215.0601090286905
781,6137.6372533747835
83014,1577.1039423401962
8838,914.1987222150501
561,5120.442620831704
4166,3328.2949974914673
27490,1836.1194773112775
90238,1706.1827482580115
45462,549.972050098615
2641,4390.257078456277
74660,2019.8587930948327
74203,949.8249724634807
83577,6348.872173942467
12720,1999.7762734183361
58580,3763.3999087597635
63456,1595.5252425622834
90820,6719.96998315356
71487,1174.374668294353
18174,3542.08940300102
80118,767.2573604421141
51139,3222.1446411734455
66583,3140.8625909148905
94658,4708.633427161386
81640,856.8102258819563
86339,3772.3594585748183
556,940.3568438428083
10539,2474.3217489073527
76790,1165.1849881997641
2732,1493.712254178466
27931,5048.612765975821
6959,1355.2716751530543
87503,4656.932248168898
41234,7169.849534944866
72432,14.88930495216573
82300,46.305297988526945
54657,1200.700833180395
27811,5327.626366940943
14691,2594.4389453416607
60031,1590.1835424628093
33311,837.266048003426
48013,1899.7865269005063
68244,1586.8034020369996
42726,5434.724744403389
80869,481.334750452937
28303,4256.304374202431
33002,1481.0107169167632
4656,1999.158747578306
53706,1701.8213824721854
5465,842.8201998018712
24473,2291.4823900342753
44556,1401.677171959751
25244,4151.204676468269
17491,900.990483786848
87426,4648.52973689814
2887,608.2304559817157
73437,4760.581113986548
10311,920.6464631326435
60500,1012.8518454129417
75393,3138.423747432582
18093,7767.121698294503
25877,2781.08026809579
73868,1134.9778383626312
92244,8103.2320192124835
14303,1520.1110446661405
9981,1982.6220629577488
9019,1374.8098458246354
2017,1920.3482132151291
85739,414.87003788445236
86547,344.9606586730465
52778,2483.769011615397
27229,6536.1579663145085
23011,2179.0806460401936
20373,3105.069747989361
75972,692.5766698441093
94909,1528.864742429581
52949,4765.115511608661
70195,1589.7685445302968
73636,968.7892793282294
30457,3093.490176523571
18064,1964.5201471416583
53459,1234.716733744523
35760,3130.3124496106516
81489,3330.3808355172305
19480,3245.843415404259
23180,1875.0126648951234
49416,1544.3838142440572
8780,204.62921498245214
73400,3579.176032636926
58028,892.9086001279738
1660,26018.691255566966
26347,3094.411639686685
23859,-8.063392632914656
43440,7635.242235414799
60617,993.2957879532278
25837,1731.253162174587
74516,5715.487488484369
26563,2392.6162859105284
33003,712.948939112207
19368,437.3650782399877
21931,850.1558083775772
79525,1249.5584010164007
55210,3832.04408196192
95508,1175.708177187582
28840,1908.5094579181894
26468,-444.00668374069846
23345,8514.21637739623
77473,2880.425774458084
7992,1440.0007310292212
23446,1244.8965202000727
83067,1428.4233819334836
10872,2745.1673226888765
83934,9777.23404697709
72401,2546.2792078574216
82293,2915.473358816212
84203,1826.789973459255
91617,1542.1367002724642
83493,4748.7924711926225
82552,7958.755096198466
79801,433.62064126422865
79520,1396.3105877041858
92376,1185.9942581773203
4692,7713.247396478049
56088,3243.558307678939
95182,2437.8178771992225
18128,740.6497438408342
27920,4901.6649503938015
50220,3207.92981687187
80235,2788.874123710999
7926,1312.3774202325353
14652,5342.456374724316
42958,975.7707610417433
78825,2663.5574144911866
91544,12236.460403312618
22372,3670.6423569965905
94927,3479.967632210776
54315,1854.6884485421926
49342,8346.063867549996
76000,1286.2137277862066
28846,2455.8170089182227
32182,3422.362104651056
38053,1901.627215835457
71736,2684.5392821184746
57814,904.3423792375752
20169,3725.320904665499
11394,4656.19557573269
15501,1665.0609511674847
54213,923.4802655923281
22648,1157.4750332532426
65098,6570.112875328094
39152,1636.0932332030875
76123,4408.032212442197
76183,754.1531678412107
16242,3650.973515482987
16705,3276.574446837992
30431,4166.586373201446
32153,5543.918887765853
85407,3547.477452088645
16776,5244.242618431065
72367,1190.1783704048194
56127,-190.38109637650905
78543,1869.4747777277653
36174,1754.3118748282347
48470,1434.408094142104
85014,4689.555664422874
41251,749.6351661330882
35545,6792.25283967544
67463,3296.9080281382703
84637,795.7048709429382
51522,2342.7002522721605
68986,6665.807958004859
49364,1285.2663266006903
82206,1930.6033269389645
97340,5860.441163482339
84549,2766.113225167591
28519,1120.2032127841262
85000,5191.622429802679
94951,2524.7418755022186
82557,1174.9908328847432
71264,1140.6346731791423
76063,1495.5695744411905
58112,9168.474251248903
45727,10071.098078816163
58697,1067.712172107189
56926,6812.395438035047
86961,6548.797017341001
94546,15692.969132526174
96596,1183.3598429626018
19326,1991.4528453427652
64548,4305.18616094905
56091,7162.2037894019295
64942,3102.074879804036
70110,1944.8864214396988
39050,1434.3234778981596
93089,782.6386277590673
99197,7640.561697826199
47050,4929.765631623712
77787,2775.786788423817
94452,7256.822898086104
20427,2381.5923314670376
70141,536.1339156903832
76955,1015.3231442978208
41330,3205.485954745942
51083,2498.7282581813515
3653,3958.53944860871
45898,1825.868459086109
87787,1622.5895207539966
97337,963.3468897655448
12357,1319.9641274295095
58557,3631.6073098942775
86498,16030.436405727616
87430,1829.5958345396855
37609,3863.90910451874
33762,2099.536046337933
51226,795.3694092265018
73695,2391.87702075176
65794,1577.2308750895436
13675,3128.694217186175
43612,1386.7512479842849
4754,1546.0918092978472
8760,1904.3178441312068
95113,2999.3661844393246
86912,2763.411746196626
23762,1580.8892051095086
2898,3921.9008310218355
79314,2417.9791133251892
39125,1012.0642459845035
39391,629.0639153355628
84542,1828.3332411408385
79633,1033.3297633920383
87460,904.1283856016207
5284,4918.684865146783
99036,4870.150446329207
82437,2891.9381726534457
44138,8781.401086751972
20947,1263.4431132826294
34705,8614.03473771902
66977,1677.7864666857245
27087,2073.4119313268275
95612,7886.263923705486
7810,3220.6525741977675
72210,193.99446327193164
49513,7635.168916953237
49086,349.99013339385147
86808,2584.342907776028
9473,-113.05822107346012
37038,1619.8255234934797
47141,6324.177299925153
38474,4289.256521519944
52111,4794.336766459681
26290,1619.3747316395143
81547,764.511233834738
43637,11773.637003778502
53962,2178.876510488065
86522,1046.736860534605
46477,825.4527732913702
54947,1906.7915460624308
475,2814.053274724806
99023,1099.1692208793029
6952,2882.3024415215873
95542,1595.000671248668
57862,601.3120274787752
52654,3150.9422268274975
60854,2055.9429124872963
43154,2566.407329619396
1615,460.79531972692666
5566,2005.999384656014
82352,1061.935244529297
86633,610.3116590555569
3321,2037.6262139594828
25416,599.5485722550361
26413,3138.4876858363814
98036,1583.824131711121
48941,626.8801836771131
8139,2002.601099190742
74478,2158.3961597854345
66874,335.5300339965438
94267,2703.200223462617
11792,2494.0885052488165
22819,1602.441314629706
6920,3635.95369147657
2580,3147.090942868412
99008,1747.4525662842732
59350,2544.9338204888672
6095,1964.5023354330442
14908,1282.2291343331535
22699,1514.5474246297395
96300,4158.831360751885
13631,151.72945761475194
33389,6402.928434929349
74760,4740.000672451021
54678,1578.3299350054226
65693,671.6553621675075
22736,4596.790393512642
49385,2880.542987882068
27377,2455.11245588155
28971,759.0974457112006
67556,6784.016600372381
94630,1932.2854174058116
87121,1273.7725988168077
67055,2704.110930479996
45929,1151.1710213833212
73604,298.15839760071776
1781,2265.382753847164
7897,4507.272858277805
4638,1476.6936476381811
15859,1974.003740672409
52077,1730.2416888599112
92039,1358.0939124926558
32134,1814.432559468885
52071,2147.4613053776393
16475,538.6200256291559
66087,957.7038907225192
93549,2201.794818401427
95848,5900.686576299653
89981,1818.0913195431128
75770,1171.3548065940809
91588,2782.6759909359544
78007,1327.1743830506334
35547,1452.2943385034669
78129,5517.699441718778
57118,1379.3756699354258
26165,395.07942782049577
93240,1656.0901302050283
88831,1705.723138126811
44256,1412.649854588216
25895,13541.704464823597
94724,576.1657252080149
3006,2050.047882427112
66340,1833.392119694506
27717,2499.883105035943
22208,945.9153552804178
95476,1617.280341615878
28409,8293.871752333522
52311,15158.065738830222
83061,2811.796089199719
80819,1842.6065506662262
60502,8132.19065269692
95393,2624.8241085416485
44202,2258.2851924137426
86559,3430.364554991862
68888,756.635520888156
24987,2822.3270815480914
82403,7734.316268950797
74490,1205.4540055233874
71248,2049.69497608205
74483,2728.623925570405
38523,2061.5033181082617
58299,11018.586686072436
58487,2132.6719483560514
19968,404.18264493362767
55844,3505.0541292736693
87919,1664.4849178494494
26253,3579.3356342524585
18529,907.8822648450482
80,1573.1432461377876
34743,4226.561388433641
81586,2073.5839857597775
37742,935.2265535325123
36214,1655.911062640596
89524,2302.775601649134
71132,2093.890387119346
69324,4097.63072431243
68315,1239.888792267288
20253,1602.159156124505
37190,2216.5499038438234
6559,2947.575577002006
42998,2615.5021205138883
54234,3332.0366431879256
53761,498.41597133155165
38854,1990.8615834695952
58615,1932.0927875806838
85676,6996.306445389464
80636,1586.071792757814
81587,1181.9901646162562
51184,3373.862794309036
60007,3607.598470490332
97972,1064.7708269491177
84152,647.5514616977634
63112,1494.7156550295122
641,2296.9184286326677
86968,1692.626848137392
56523,2334.626571124062
420,700.6094291370141
56167,1996.408771760995
68100,3895.882305592351
809,945.7705222095396
73332,1732.9098022991702
84322,3669.871481326222
64496,5367.002075334182
63816,2063.1356259739428
63153,10145.972435826518
37560,2154.5888623782175
35070,1640.193452998532
70820,719.1358751244561
15647,3257.3866510506246
42032,2089.0038761334426
37465,2458.5746910440785
1611,2831.916666154651
66602,1212.7280512736465
38439,962.1841637923244
18796,2749.4772160828825
18619,2987.299016868793
91377,818.1171474977341
20378,2520.0511192453505
66647,3268.014090929639
29537,2461.6467238372657
5883,1793.7805790471155
3216,4345.0602938591455
92759,2229.836975790301
79851,1792.6788393994543
83716,1098.4840109719157
88926,2777.8460892848207
54784,2153.0229659308343
33269,1999.8325311648139
17870,1668.0154592952335
62983,3553.0635259252913
15232,2172.3579577148103
15935,10231.27468881821
47207,1852.2114224553914
44452,2708.9210236680087
82334,2896.6256878847344
51993,6729.59953991614
98636,1900.0740435073733
37364,1331.800752830667
63078,5261.117517178729
37814,3562.3084061829327
2432,3639.8779045713486
21792,1393.1931120550735
26628,7149.8218695619125
57742,1094.534878261612
52130,3777.7125191911273
28318,3429.977354578939
86042,3968.8137527746912
50394,1466.6262450524841
65714,2279.1860764864023
68639,1382.1928778453916
58333,702.3336343873416
94001,3629.866352142741
18190,10787.6506990444
75401,597.846134432386
14099,526.3503150601664
71335,5195.710135014068
59899,1049.0428479298962
3832,1492.9687064210252
30490,781.7567200837234
21464,1118.9761367057217
2805,1758.0458679429312
85639,1476.8592915813188
29686,1637.8167164041301
59455,1034.3377751615249
67765,777.4863064131614
37999,1622.3491437290666
35368,2048.5965481334133
91566,689.0376189144608
83448,421.6399711215845
10122,170.67376295433587
71433,3865.8015003794103
8815,6558.279183704443
30831,2300.0025506354787
91410,520.20221878246
13606,2225.1456507066387
21326,2996.975114514433
64267,1971.4965207997652
25113,2207.608649375966
32382,8819.556501633673
40894,2077.4687055692843
87966,855.3142384134708
18503,-651.9335125173866
11799,3043.0289870993915
65973,4794.157491983201
96499,15591.973483180129
51241,13269.235749928179
34391,1998.6474677597778
35308,3694.2216267776207
29922,598.6238852247961
96332,3376.1893788108587
71136,2934.2395636968686
55615,6124.9057636359275
223,197.2218816664854
3340,1649.8421140181845
82356,1804.49557115432
86216,1279.8563745099277
93458,1877.391846036735
75189,3430.485246318396
21336,3345.841030552914
86005,548.5106267852498
35154,1993.9368768926506
88112,3979.608990556171
98216,2320.9964697478035
9213,13891.41672685249
99572,1140.9591141692813
30370,10800.125080097136
22575,1628.2790798681456
71024,1638.4303536832456
49738,1105.846098494469
48444,1651.178811957156
99259,2324.575893751331
78692,603.0413285787422
505,3650.1824335086485
50815,2538.6823638403075
94801,496.9901967942387
87331,1216.4935123973064
67214,1988.7325511091915
45301,2142.92693579117
22105,1825.9904041463892
86626,5198.533981048283
80801,3877.4010656346463
34991,2811.2511902811443
17895,4196.282100010047
26395,2057.541864675868
9327,1823.2405858604113
14795,6207.342346789188
68675,2476.075344927346
58988,1953.221275731925
43475,5554.547749616097
50262,1962.423719094474
69790,1520.0038142405192
90873,755.6006596138059
77970,1483.2886718953878
8993,4473.901119396597
16866,10044.098380530913
85722,2925.9839529686737
86009,2892.153481262234
8059,2041.9602661022248
92149,14426.428521794513
59446,622.982353605717
36538,5667.50737796473
41895,2179.368083936875
31314,11175.46604700866
51880,2246.0094981946663
93980,1829.7666034854683
12175,3681.8011428144623
72725,1076.657161536078
70487,2931.9000765447645
26150,2070.851151373088
36571,4312.276818697277
59480,1387.6792453198814
89255,6875.200690796973
17056,3225.9133344145457
26756,2581.4219729007964
74603,2183.035674949517
13472,1044.1232065666827
86193,1616.5541182041438
56152,7898.56867399975
45444,4112.200996457377
15577,1947.3520268776758
40353,3475.0609057983643
95234,2180.596784484358
35311,1887.3826866025584
78748,367.0307224196504
12895,2149.410300169201
79164,2466.675231650038
25753,4441.555206122398
40153,659.0603156287798
69360,1789.5313928126684
9751,1682.8188112288467
37493,1215.9214028890906
55813,2785.811128255137
39026,1410.0015084491906
21257,2422.8266453355263
98195,2325.8414492568427
58590,2007.8670354716448
28114,3160.695548451475
40847,1628.468756810281
68143,3332.9561773190735
31340,6575.966983940987
70485,2285.3485058449155
15873,1643.1114650660727
11645,5089.943272818366
99908,4340.853836919076
76766,2708.3825252299243
5478,1945.6408637033435
82107,1110.0061974747641
91141,3242.934291381636
88088,726.1303528248018
93536,1847.3492951225257
57379,1836.8500342498282
69155,6367.912263687049
44648,1216.4545517154188
63440,1718.3568415607542
39946,1115.0585679196279
31088,115.77647957065528
40753,14937.900505202912
83700,1044.9869420623882
68952,2679.162373320655
24578,-511.89047381689306
27047,475.8786190478854
86478,3478.5268186052112
58734,3060.05071070679
60881,3279.368541624274
16340,1556.8131746051254
79288,1888.298665248786
5295,5696.571695773241
98393,1874.716055460285
18427,3063.284569528455
10355,4755.40714135295
59127,2518.259478909155
13608,2376.5657955406286
85352,2060.1793844365443
95531,6102.407854792229
18211,5398.410185963397
56658,3431.7371782303735
44491,1445.3125825485595
24869,2342.039696227159
87583,1802.3998542313711
2808,1879.5590638988085
82846,148.9161431824191
95693,3281.1347328647703
71439,2575.903787614026
77954,2156.1973725634302
61419,1442.8828403796706
45208,-50.31404010089727
74250,1266.426999528318
81450,837.4305916770313
70002,11134.830932354615
91804,6323.000377656727
10154,986.8124647548425
17992,2850.5414898473678
16483,9755.160813235401
28748,201.7180398349874
4661,1831.5863328427756
53134,4887.848459624686
521,970.1324994879428
98286,31554.97873942174
15943,3609.567143651418
10234,2990.2135775790384
54556,1915.8578550552386
7669,1301.7752893612383
25059,1210.552292095961
44026,2114.752272051969
99346,3853.266510806815
37964,1803.8439998662413
21460,3307.076218202742
22366,4371.655126480934
53024,-729.8882662038213
93975,2350.563262521892
72100,3023.2077695916632
18471,1573.6165128683401
21421,1342.9289839813596
72835,1638.6933461997887
13355,1429.4700255528046
65163,2823.2073030398824
63483,511.40143450668893
19518,4157.128650997525
98467,1714.4621561539473
29909,1957.8634755815817
74673,2446.590613651456
8271,722.4513326671708
57494,1186.9600542149592
8079,2211.7781002749584
39460,2877.221814713043
69003,1290.8305068152404
96888,3254.084175628157
47579,763.124662744654
28398,5156.9226442914105
18756,582.9952787066331
12850,696.4323608900118
20656,530.2717941152237
93131,5931.512240521819
4248,1754.4798336004988
1655,1352.0296590413163
22546,1002.2706172215153
89108,2139.3003635276064
22116,10349.75861816066
68865,4475.302312155338
83921,1393.2304506037317
65804,940.5261114063992
5816,2680.3972471562524
48743,294.1445890319651
81074,4479.657599667132
45632,2720.6996989705876
32679,1751.7568978874651
94144,3868.322747261517
44601,2900.204394860233
29382,455.1678303121339
47173,1449.4697359759384
37001,2776.671714781336
78530,1696.9913409050062
24224,1865.621561007279
26775,4080.7461148060775
74654,3479.074809769291
55154,1444.5814267568908
84466,1442.3596573948125
92631,1404.2819967451846
29229,311.17583264117275
71123,550.9551956651894
20554,13242.884017617322
16615,4590.750227678536
94241,3278.100510881764
45493,642.5438798508385
49925,1613.7222660525565
56141,2395.0686778422482
93936,1713.434816852601
45026,3168.4367343602034
17618,540.0884409000714
62914,896.9286117459396
86439,2283.884983239764
85848,3999.5435779262625
44739,20387.49411166554
52818,1844.0778128485595
80554,1611.5859742447287
87291,253.72426303916927
74380,687.4197318053803
34928,11042.157782145558
78137,9136.64364590389
99978,1692.628737939513
7157,3120.426544441915
43240,1416.1480782000413
13335,5528.948417968184
10020,1838.6193599341004
73213,9275.412902493283
49675,1519.933101238888
20894,2703.1972989446676
61437,45.96389399855343
66937,3180.2924296565093
50258,2852.5040332760827
85784,2214.623407083619
31783,1613.392478769907
55085,1019.1365190437632
41344,228.90288069087183
30994,-473.68186740613965
12259,-63.1328614111294
33129,3059.396283777807
2458,4797.529716730066
75019,2220.9318051216587
20811,1373.656070121076
59059,498.1477656839852
41957,2023.8218224830669
43431,938.7721256600344
1832,13481.084010011944
90665,1591.818217045421
22900,10418.320167869662
66166,3648.6396464032896
4024,5871.024574138083
68749,14058.625794563997
43266,4277.847180739857
40113,2065.660408756717
1606,2077.215234380442
82696,-507.868658555014
74725,1308.0701750035964
97080,2120.967249541214
80145,4463.745402397832
61979,1401.7889741116232
21010,2372.3234340704257
6824,-241.9777438141391
54897,4328.383757740519
6565,6147.055692024619
31940,975.4898932848469
3826,2496.6370961228663
82638,6221.404739972972
61865,1755.6735960106316
47480,15739.139156840522
40804,1060.8060102172121
56910,4627.8051530715275
56396,2525.616473747319
26179,981.4652222204181
18890,1442.2775719641795
82617,2087.5771024233845
69065,4327.897348071234
22720,687.5759062792613
75162,1752.809314413381
24496,2950.104887269448
88070,2651.917896743653
85768,1182.3245623398757
77880,2811.936578662767
89074,614.3033530659382
24856,-120.3633812513026
54968,4399.0653077610805
94164,1915.4346097537632
60679,7982.111591996353
81527,2411.384972977875
2787,1050.7056185515125
61667,2849.770243505552
94362,3428.677110600929
12926,2468.058669171647
60267,2854.557879295245
52640,8602.925861770911
43512,1272.3387142532988
34927,15166.105519247196
37820,1254.1077393466458
108,98.15032282238099
84877,3984.5194615595256
59628,2485.163619976698
85782,1851.929693519803
78836,559.0142509797433
34959,5523.397743300445
3239,1719.832555627588
47530,2117.1801207472718
3977,298.3480844963451
18308,1529.8895981840742
4145,2541.813072730521
26631,4643.977485545743
95605,5091.000112815827
44525,2400.782819464349
80083,4727.000732129184
90280,3197.569551192135
10826,1215.8590600407952
35174,899.8496648115824
3593,2644.2962982225235
10863,256.16069726169553
36695,1659.5483485565678
15785,2754.280828083014
43048,778.6112237632083
7900,1494.084801166155
58319,4557.41665481445
66716,531.9303564786896
43624,1014.5811239916993
5931,3182.237930434346
31757,3175.5123761932505
2903,719.942105129724
69526,1573.8517087937616
46376,1562.1872018777972
99934,3437.003173205599
60937,933.1377530225686
6453,1968.5153975762544
71819,6491.784693946524
60922,-280.9596210000909
54969,7029.991425933622
42646,3859.961287778661
70283,4301.153100777719
21324,1653.7350705204542
34603,5672.514917335474
97341,1617.3192171803134
78147,16643.519985065053
51090,2364.064835674431
83108,1285.356849586119
28563,870.415885210351
86527,2768.158053250064
96944,1119.2798178551902
48530,9744.580301484304
72531,1590.4466845253528
33994,-271.207577677219
97725,5176.472836362933
2172,507.66631793993656
74399,2763.1979210701293
28147,2486.9235805739063
41689,3532.925514021528
5455,4384.509942769837
77479,2141.8861416525165
5532,3366.6018490913184
95362,581.7013203024467
56337,-578.0839987623667
89623,5370.676864062756
68150,2409.755992138569
60947,3823.8368254009315
32009,3248.3591607967837
84026,433.7312594699174
47466,2608.9263603676936
89656,1951.9554108374296
81892,2051.4491055191693
14635,2795.6663487601577
39258,727.3540763511796
464,783.8216318570694
52341,1819.88354407213
69855,3234.9063291357397
35140,2671.113591852895
15287,3299.8528120306028
66238,21.360756647559356
53957,2445.209160420618
54285,6998.718217800266
22683,1280.6987147943978
40331,684.1117863341742
71615,1116.1606806968584
32320,2507.8711525663657
27021,4600.795024467026
51068,1855.148218400818
21315,3501.4710510206105
74542,2781.9627948609427
8378,2379.5927311294304
85760,2593.2357231998303
64830,1309.5780967009414
74066,2162.6895326184062
24207,2593.0432431887675
28865,1815.5978388654776
76360,3294.4826401931005
47422,588.3759646218205
62872,2840.788823198549
26465,6406.074017061406
90250,-464.6827547602343
45565,3662.3106067877266
74640,2621.3668756378306
91215,849.9270736296062
81543,3671.082664326275
86265,3317.729567712896
85368,3695.7153906088074
73039,3360.8377914985363
8747,1512.0144587334821
81247,917.0971546334372
74208,1826.6544179086711
57901,1862.0529931240096
11075,1887.6823619952986
1341,1963.708027651435
654,2214.2261174752725
10235,1532.9979321485757
84007,8640.509264724384
57945,1483.3660504711083
84464,4904.27004388346
75940,1222.7554644197353
79005,1989.864521689565
6454,4264.981867196628
73978,2566.0830182923
57358,1072.399464488566
9685,1126.957229040111
60189,1340.0516298912248
71117,2139.472028723745
79171,8002.865600954987
82059,3490.578578667993
1678,1924.6824078989355
55112,5062.691578079767
50403,4284.040947522926
99399,3825.0579029657943
16082,635.2705798512361
55164,6168.783209024503
51510,2692.6306411555147
89583,665.6112795359331
49568,514.9872642826795
24631,1909.4774427272032
24469,2144.4170358954825
92589,7970.988849915207
99871,1763.3443471297564
53493,1271.3239183130904
59157,1525.378056447405
54091,1016.0865522436488
83531,1790.4255486617913
14071,3712.5152755145173
67318,4293.549579513451
79590,1398.8515464963457
9391,1962.4618843668377
31366,4282.950532233441
1338,1825.3949342600433
36163,1126.577124457594
39916,1968.2312082505218
56983,2959.4626975076244
64426,5314.047750333023
30825,1260.0328275627448
69014,63.139152054660826
14678,3093.441579292017
81059,2815.500301920752
46789,3191.7303912699153
18947,16745.754064286273
53075,1900.9417520955737
20628,994.9423314077944
74468,1294.658314496768
24929,132.04098024381528
42121,1606.0022018286877
17427,3371.8758182434262
48336,2784.038171977386
28807,4442.687982706305
90872,4590.070493427836
86171,2087.707549883701
97671,1471.2437608262153
52500,-568.8734590661297
15631,3508.131745809479
9688,1067.0139167176749
52797,2142.425961527075
21183,1493.6993350275675
97635,8611.213955028652
4531,-537.058047237646
55775,652.7849607516946
52677,479.33065333513514
65474,1188.1497239897126
53783,3216.752116579492
15381,2982.0446480075707
9913,1379.6298994254057
47740,1308.2967026996293
74323,6899.7899346820905
51355,15429.96063809438
7706,760.3037738540697
74612,1128.714132492269
70470,9461.050461634954
93878,3602.911029107502
74540,3247.894191906369
34542,-156.46865771138255
41003,851.5155023892567
63912,916.7953867921606
17032,1915.5123817089022
62203,5613.551667902175
90611,10892.543905161034
92356,2068.6104421440523
46668,2945.525197904387
53111,2641.998159838283
51824,473.09171847221387
9154,1311.159939449712
78795,2302.5793294307573
7956,361.5632574873457
59148,2454.813648260988
31929,2228.296195496899
44312,4820.2391143253135
21587,4059.010373364674
68578,1926.2603108582543
86488,3153.287780249655
93854,9660.053383466615
81810,2961.9623761459297
63453,1811.4397210428515
58887,1781.5393030326177
57175,4186.448620835552
82616,25.380015147044105
64954,1791.3029726644547
30517,1004.785996929144
58905,1185.5377131149198
17989,1548.8566355995144
10030,2486.260145968803
8608,6207.677446082442
73575,3653.9749235737154
96878,4339.187463943853
90071,1782.134585347461
9676,3565.7797358109283
76837,4847.33176442654
61994,2577.8318343726487
73768,3565.174542650278
26601,39751.47162147641
79549,2980.7067235585996
34055,2024.8526020627314
60457,1379.9179724868163
93255,828.7271140787625
57736,3776.956824350422
1835,731.0661756396112
71901,1565.4862020273872
66210,2082.9887417599934
15970,7187.066788252779
67416,1992.904092880131
68706,12882.73575770441
14619,2623.513661279208
38002,2309.8185415132384
86381,-354.1164054576061
29492,2310.9469671774486
9600,4004.748706734607
10296,1492.7470252494886
7123,586.4282326240968
24934,1091.8676026022904
52853,1354.0771805591985
31576,3685.312394126687
54210,895.9038308267086
84428,3062.4415619019746
615,6679.8530096465065
77350,1082.3674303822186
37222,3022.1219732657896
99866,2815.0606599017187
15762,1326.6291200545907
65729,7088.335068983851
41853,1366.5803754846543
718,568.7907718525739
16328,1094.7761205989145
49467,3225.619698883491
99330,4667.589602982831
56114,5444.945203077121
26268,1397.6465684299906
49176,3771.241016857197
5956,2881.1256079043856
47393,3606.251355802637
9660,6532.064878237015
37619,1570.414125972151
67650,1448.1090402659502
69396,1559.2224471194113
52222,3122.036355514672
7335,2044.6810350135459
47075,5876.760938463217
34582,1327.4727182331771
55689,1344.4378648369566
27622,3534.2304147282875
73141,6925.269767016112
43032,5598.1358570765515
48850,597.1296041305554
39433,1829.2587724857558
40046,1644.9795039403534
58403,2513.8523804774522
96427,4298.5247605491795
82310,1313.7238043309226
90648,1095.4046240096432
19128,1881.6827812450847
74046,366.516926202828
13899,6698.728817247726
88053,500.56750026626787
74147,1089.9270882946435
35855,3237.304712989182
61018,4424.871577380511
29184,6331.4751545222025
35524,3947.0604531503814
8502,1781.3685133918095
3426,5718.530855333487
453,2823.1296619241775
36608,8165.540550203041
44352,9732.051435673813
3696,1434.555233112359
85353,2827.8737020260787
87046,3514.7700616158095
95870,1027.306831966635
9670,1897.0647130615364
33184,6052.280901783446
11526,5111.757147558156
733,3005.1835917938915
8791,4808.713719477035
95189,654.3064558674168
68929,2293.707852978998
88230,3656.8193038508425
68834,894.4569388569716
28709,431.42025327690726
24539,1899.3694513339506
87809,8569.257240469744
53148,597.9160626537569
40580,9547.536512277553
23961,2810.5481804959445
13163,1424.3328209022952
44913,2579.3172377064025
22250,2480.839005634934
93405,1791.4522115543937
59335,1747.872818156214
35084,3933.215222064096
77274,1647.036704305924
46613,1040.9073650962678
80395,2947.4553669520446
73404,1387.1287653591403
17602,3168.915560436609
75462,5366.098273998071
98582,2397.363257454881
64931,3062.029619594317
97487,866.4218354505861
98006,3251.722418616204
36203,1177.5579801436425
6779,10033.376720866632
36017,1063.9228460096015
40727,2349.1339093619413
21318,1813.5790761381486
20123,4516.125722215744
48669,770.7910936069848
67745,3541.018360411179
97932,918.027116273629
34972,736.7092325273311
7781,1413.9640479882914
64705,3066.6720559487335
58630,1191.4957281302873
92517,2012.8620375928524
15960,1456.974852543718
60629,1927.8792912235504
54206,4698.311099546598
24397,7616.280016724471
72640,1930.3466269193468
64556,4181.798053097843
28682,5297.462036345241
50750,3674.7288149113715
82759,2384.153519780163
96110,2346.6769063536535
27513,2673.3621095533
93129,5661.208103059924
40133,1236.855816699851
38227,1924.645302506989
98727,2544.0125751707405
53430,4835.057077873225
61717,1768.8954644824614
90234,2317.7982939875346
64773,6096.632119823641
4572,976.42171061709
18304,1144.8655337359041
20384,1214.6454207284528
97733,631.0575820858207
75454,6000.246716007468
94029,2767.4352905443125
60799,8825.070209478221
57036,3235.0739262004677
21955,1678.8846223682183
74388,9011.045990131655
5840,2536.8607753815013
89770,868.37177651599
1006,4912.988451957442
56554,2136.3979382968773
14424,855.5604916036364
94810,503.4254190684014
33139,4557.80590609614
76613,5636.104370343194
48122,17144.150505671183
88532,6716.554676139718
69815,3375.885072625429
36960,3205.4924271699997
72315,1398.1601109008898
42488,1928.1874496132245
35832,5821.667032159596
41732,6565.56210413016
75513,2445.806440309524
59690,3604.512798821241
70187,2842.3316257954557
74136,7686.935815407383
98186,8963.734316242984
90462,1731.5443295222374
17684,1287.5740813139932
75352,2496.0939493789424
6373,5672.828099900839
31201,4010.6103144048893
72983,4109.012855770167
35322,950.2057100947181
70294,543.9842017905967
68000,5294.166082206319
16590,2476.6895878304204
15908,9849.360028958456
93719,10792.961139378607
30656,2136.9069442772516
43970,3040.577841796625
5244,1188.3058201826125
36534,1563.3634025635542
29754,6393.253328825102
72439,1350.2062139382206
84500,3829.6814211659926
92818,3134.2020025064858
67748,2142.597609769769
76698,723.8318275275738
67075,7458.959303843283
65254,2718.930274361527
59065,2104.161831726784
93899,1238.6114867370034
44923,-176.6453944471391
12025,1844.7844833808024
24734,1348.401265723534
16025,1899.148901753319
96876,2340.0163578903316
7446,942.8447394936693
23869,1629.9152132819584
68357,1399.1740581534982
55019,4388.602569211781
87783,3171.942708616408
53176,529.2285215434936
7864,15089.075071849731
40970,1285.9946047034282
33446,1151.3613424406758
49220,-307.2842742438006
37535,7568.480116788998
3628,4419.846857972756
48959,1767.3117625676548
95900,1512.8514017711482
4578,1678.5298834534146
15823,1288.674616648601
68265,1387.2938279899217
87652,719.3582492853907
47364,922.6320344648025
72629,6365.550007760329
34996,2348.521696502119
2142,742.1701560835463
41719,1826.0326429365666
86064,2782.63776342015
16915,6646.321748958124
2991,564.582362964522
75726,2429.5307230683534
31588,1368.3305023848252
27049,863.8627049359934
13630,1091.5758641735165
43649,2563.053034044696
91754,4017.1060241882997
45714,1535.619393446027
177,8371.712725832105
76335,548.1986546968374
64091,4406.31027149149
41696,3675.5056580488013
77952,976.7112210243417
69094,161.63954929082183
79639,841.0211745328438
59706,2972.9119562054852
16892,2352.629486378465
80397,2609.5584431020297
27838,5410.046921177491
98818,8928.392032388121
81279,3476.0229606718376
68767,2074.3404761166053
6770,1512.1723486518986
74653,3007.9197661303288
47651,7069.9039115435835
68933,1139.3410307893655
35541,4317.03600574589
92600,7351.018385519093
59647,1956.9609919241716
30272,1552.7676504175183
45574,436.09051177802303
12719,3701.2615586596107
19869,2227.258562741352
9393,1759.2562959941984
96584,2304.5553844199508
78677,1649.6286631900573
96411,611.0688106796733
62291,1554.5553866902023
20186,5188.129659095529
92207,2284.7789044484543
51587,2704.765157024389
27120,3795.756818939879
14887,5391.023261727463
49540,7218.001456957825
86958,1802.266616477613
63662,2051.5744454057162
85351,2146.368317209865
86348,1636.8785753382124
8096,5129.54528299405
75369,1619.9780841061327
80887,2039.4536700098768
64279,6845.52264264491
62034,1588.2768311722039
16093,1356.114330043652
96866,1892.7371741491952
83329,4308.083765688365
21070,1800.3459816251275
76038,9184.75076315436
19670,4918.212440820752
44941,2930.809743687488
1579,985.1782842751963
87224,5466.524587896658
71505,21052.885377053037
49252,10304.048950757828
85180,1312.3184719000933
43468,1556.7106323614048
86591,1201.9031122032738
9861,956.1347309663101
53860,8407.471894926126
41697,1917.1482905701052
40963,873.9446712301478
31089,2775.7987408983
1879,1815.0852635783585
12207,1577.332557527372
17081,638.5482327276773
1061,1613.073083806532
93688,1989.1637627794364
79656,812.7943546025094
91926,1771.605036488575
73634,1560.6894382017776
83893,6475.791314883289
38082,1905.7316267103552
83762,2688.771641059201
58149,894.5087932743036
94010,3413.464229268536
68377,3720.037494898246
56317,2217.852055224455
8400,1564.353108651646
2470,493.7624183639982
51431,1559.851949605496
1779,1964.2517755865174
13505,3031.0380158310168
83111,861.825644508187
88845,3716.113543225757
43541,5965.694421231486
92776,2929.048084071427
46915,859.905738864682
6671,746.1099048773458
31330,439.65090010626227
3038,15438.911657667017
37135,1464.236368615787
3651,6105.042385301038
73067,15295.008296174163
75511,1336.596815039336
96071,1445.2104531396621
43020,13124.362067110895
64108,1042.1395398395307
2155,3080.3415006850482
65426,4679.250687285079
38423,4325.780801295471
36907,10274.17892655763
8560,2150.160597557944
25370,2758.644841476441
3526,3999.1167431509543
42332,4903.837109048471
42080,2366.397515892473
65690,1867.4574872618055
18904,1185.4222106174407
46007,1213.5824235626887
14616,2318.0272869989285
99414,175.0019379230498
17152,5143.503494664718
54282,1580.7457784725402
53966,6496.886985629635
10729,2896.4079517531736
69467,1384.228507634013
28310,391.79102842440534
17229,992.3656309885387
94017,977.1819102815825
4180,2475.0987175763144
73440,2865.7192388891353
68699,4070.5284365695225
69839,1113.150193358501
84742,2905.490224462921
99850,2402.785348170619
47551,3750.8872918146603
59989,3349.894515569476
23685,3570.297104696802
86428,1159.4978605790202
52196,3165.315335521207
51790,2293.523505494285
20293,2295.604577881685
46176,17228.331285563858
51305,8189.895591380423
78171,5614.313679779875
36421,1636.1486480090782
24091,1551.3553846271193
69206,2694.618779802508
75830,2097.3027897293578
14483,2387.139468497492
34809,2789.567438788543
36435,1613.8627425963045
52297,1787.657521908011
21507,1438.9581374438812
20645,2887.514784061582
45678,4155.738000783719
27747,3247.147197719441
37648,3600.4842000644517
24922,645.9044012296126
1697,74.41634088752517
94896,2624.8835329416256
58562,6668.788855574636
23780,594.8169062942607
38235,1173.5814206104887
36619,511.66248708344665
34133,-50.504820435462534
60962,3860.885888123723
91346,1065.5554544964107
14373,2009.2136763120066
20000,2632.170339259608
42633,1544.328843986416
15370,3651.7505228093737
20601,3142.752873202283
79755,1602.0500014677386
72278,317.0757830083421
73879,4148.7478375707005
41171,1139.9352930069213
43887,2446.4872709879564
52622,3995.0319288900973
5333,2897.581154752341
7703,920.1139276448039
59312,-551.3005425207448
83308,2325.2675719882645
35296,1872.5207597124304
53273,3070.8113818972224
33031,1281.735614062508
87159,832.639179434746
73546,1007.8362732804812
62410,4242.792513981404
11999,3655.4668485975562
38611,1466.3907025352414
61860,3946.2783140316988
83484,4729.085963760609
17256,2914.9207013372456
68884,9875.126380664527
33132,7817.996507022449
43134,1404.4659030393332
74836,2554.271040680997
90043,1917.7978233408387
11678,1967.0461994529162
66586,4458.413243437036
54461,2579.8219049268105
44078,2477.6821239776664
58633,827.9112152599037
73870,1091.7231234554297
80421,693.8305937254868
26519,1721.6442886518898
81276,14336.856758514652
52523,2427.0131639560395
67902,1010.031311467762
63328,-328.64876429236165
53118,2734.683940193667
36393,2290.857938567272
21322,1151.0831064237937
63489,4388.239445350121
2317,3523.961266654368
97797,179.80255678229832
45773,3029.043080431339
92673,3604.279544346752
3483,1542.9093665817995
96826,3574.9565323723373
16685,6520.422351439299
65355,936.3187542963806
19295,934.8520567675641
82644,4475.825870996382
32115,8866.451505061039
37977,2782.137726042708
82414,866.7941108609157
46640,1326.6718386200955
23578,1604.6167063669363
82030,4913.394987654427
67334,2536.849887889778
63346,11428.218459365464
92186,3912.834022003721
93928,3965.139846782686
41718,2418.815432227153
61443,1075.5227069746106
90438,16401.667360661042
92575,1893.6059788844577
28711,2093.5871267598877
45021,397.1276855086062
82071,648.5356370541599
12630,7427.486678236769
73839,2373.36578361458
5632,1401.575316837865
29591,1337.2516665281682
16675,-132.13670508083396
74948,2866.9233503964488
28109,2255.055549605402
21661,2026.5939132625613
90047,1718.7509630185393
42868,2513.436462490765
31067,9117.251223121168
90737,6417.585089997221
51353,4316.865341221926
15974,4037.890238813547
57367,1679.422113176957
91044,4138.3717337656335
78750,2881.460989682429
83439,3649.688667314197
13481,1580.4129179972683
4813,1985.446330768612
42415,1885.0514492423927
18688,1354.5167709773323
94207,1180.377881517763
81498,831.6373329194994
27048,2870.4520855911383
3094,2119.2655614177393
24839,5721.407725180914
89553,3256.3996751705045
22123,2788.3644771838112
739,1713.078247653188
36441,1979.8164172399208
20855,2469.1127281597487
56817,3173.935439589667
42073,1208.1238456931146
82847,1109.1181071729616
97881,5495.466493901096
41343,2252.5133477525283
70211,4197.323248519546
48321,4323.819140015577
55091,1192.6870003708023
44977,7563.570255359882
84295,1264.424328092785
90788,22951.531841865206
53086,1599.7464645065706
83887,1631.0942481194916
16829,4781.152835308796
99000,3452.2126378980497
17146,1349.035152325108
78649,1732.0618077575373
27328,23864.051107312083
1588,1763.1369681304886
80202,24238.21134240747
14216,1492.0298883708042
22556,7434.63138964435
69768,1336.2566674193076
65967,1327.5570737087955
91067,2295.897453091382
56236,3175.1093820838096
14582,1553.6032920010757
14715,1432.3247417578618
23235,4443.609703191981
84625,3411.3631738655067
24896,1572.483027656504
86647,-18.355251478351875
86600,772.41993224425
93909,2024.5921021939482
66731,2590.373993522979
6270,3433.4830969917507
25162,688.6077117547388
89932,2051.097822646566
69011,4536.388226347438
91814,1305.8556047437391
9100,1397.8687269164902
14195,1131.6033302763917
60849,15261.734826544616
79001,831.403168078321
18488,3892.37852760337
14919,2364.7058956985975
57271,5782.642442348779
86927,8335.410518860204
48082,1530.2133437078182
59593,1665.6005378852985
92638,3214.169609177414
15556,17245.445679882752
44645,920.2068700263853
38908,2229.255847606862
80714,572.6079817859518
89988,1271.8538231621378
96076,7479.548708415297
15695,1643.4905155682736
78181,2359.337553988764
32097,2349.2524918083122
42212,4305.57627046543
59285,2778.2946866250813
64789,533.2651531042738
96311,4713.499595684428
79100,2289.0887500474655
44652,3891.2446537069436
3132,14165.974682124757
87512,1223.1798712305417
96027,677.1052658881531
46924,4397.551959798186
48371,1960.2299353476064
35699,1195.3455724850842
76021,1880.4851634137094
31329,1417.8853476686077
52009,2149.24847192752
73083,4619.564911868252
71951,2080.0848787699724
46898,2350.675649776214
98246,1434.7714980345563
2964,7960.245361868585
752,2657.0115822340695
99681,12324.504111992324
87092,1121.3498646246044
7075,2759.8393775890763
25852,1787.486128926163
26077,2050.704460776028
7287,2862.1925568811007
91008,3459.788839418518
90528,254.41620358141517
11248,3316.007121813089
62454,3297.2652136652705
18671,1841.5783739956873
83918,5201.471902264548
36312,8045.25429417086
66237,2947.773898601269
93656,16.741723603760875
73497,1453.4317655825635
79834,1999.9454109517633
33076,5384.157998834606
18562,3427.6733114409376
24600,2020.9549787625576
45405,15444.794027092092
31845,1068.2793448868533
51872,2796.5296338812905
53184,1567.0210826597422
76308,1816.844450860111
99800,1315.4010203295566
37111,1596.3706681287676
51397,1576.0214140648268
88665,1709.0480175978118
4577,3809.464788491425
60076,4040.416763688983
27691,5576.65408713332
86425,3743.555066585675
64527,901.6977505784034
95026,2011.3536782492708
78184,6646.448707610243
12074,2330.7679203314756
44204,6851.751461470969
74436,1346.6515961510936
56121,6299.540311856632
11738,1181.299234183863
46399,1627.9732150147038
61630,772.9976760132981
30142,3574.6584437309584
22309,11878.623350364842
21366,2614.6876000134425
83171,3587.91799463841
49189,121.28151962743732
90461,1191.0148067205337
70556,2615.6039755493807
19071,1658.859735973082
88744,1529.0301329920858
93460,1933.8934069551754
94088,742.9192530732676
77345,1156.8771642307488
81080,4417.2617570298635
67308,3451.4464784630227
41522,2714.6424364207296
47707,5875.507834973674
62918,1642.6508118298989
15933,4894.644830049557
76143,8980.886811398235
99852,3230.5369393599203
61786,1111.6382417582536
68562,4982.516500066379
43146,760.3290362389935
48367,1353.986985315405
56501,1229.0993430653516
21933,3163.312313794085
84012,2060.147526801491
23710,2274.121703936653
66352,11771.839078506388
70572,5540.127963841765
51126,587.0901316955187
95984,818.8823825759328
74076,3418.9468509441167
79353,3244.0738985257326
18644,473.6419458074315
89792,769.2744013863812
32521,1653.940374510882
38122,2351.6709105469754
63892,4291.478942095113
32419,2410.5689265051883
90866,3837.2292907317196
36591,469.5012530457411
9452,16881.35344518672
9315,3311.999885507601
21974,1162.6462503797352
67122,1637.7225814350375
43235,5569.682584755991
28699,749.4088798138305
7700,2785.2178948003693
32915,3183.3955303510097
4016,1220.4765461302322
9369,1701.3051411779004
49204,1102.096821298932
21246,1073.9359202449323
26069,3104.3820978504896
683,2252.640509555549
67694,1619.2044332804085
96476,1929.9903521140243
74684,4731.34433612555
84536,8120.574500469236
36294,2487.9659337746953
50018,3031.7356438413926
82650,3337.598445864362
66091,1275.1101158743058
83233,1336.5380074912182
46953,1112.1965841032961
98232,975.5836855373682
49881,2144.4667355826514
28452,3679.6503933067365
28308,2142.318146158168
94278,6009.923920714151
95742,3662.4171217305657
46685,1401.5318415566471
24500,3451.892236603806
82023,2855.6685805127936
28740,1959.6860286739238
45836,1075.4546423883835
2105,790.7109489504346
51913,781.9488933342577
2955,760.4763557168744
17495,22.82452940268331
53377,1108.5068800553781
92847,4627.201556062679
65228,554.6326817411241
41361,5049.638772843454
4534,6045.696465058456
37168,2902.315885999548
49481,1873.7749683639065
72846,4790.868637730604
12597,6577.156971340981
65732,2436.5182330212674
41004,868.1384798803028
39571,2030.7074937666746
92425,3412.646411347044
28491,1309.1676824238898
22660,2006.8999982662226
97853,752.7686061896029
63428,1222.6939399700586
77870,1194.3906855161977
39091,1821.8403510445803
39174,1680.3103406886105
25579,4864.191487454925
44721,2343.497354408752
74980,-387.4913651619968
16163,2127.75462719176
73212,839.4324651809957
21917,2195.548628989863
55484,2822.1505110634203
16188,2578.5142099273876
58217,4125.146934482791
99980,1622.950192182135
15328,3338.7865233402317
633,730.5630812325376
61903,1943.8089046737932
29381,565.1669789356147
4481,262.5514918336503
12197,12457.941495530891
88573,1740.0740748128258
28099,22836.595399609356
72476,2389.0696086258386
77864,3608.7992134437927
52110,1033.8832420986146
2443,2578.580308993827
13711,2372.7207086609014
18517,2674.89934371509
70491,4064.213106042974
22079,3977.094891170187
40835,5391.535611920322
95761,530.7390730387942
65703,4413.244346358112
66855,7492.216620583234
68252,248.26591925096227
89336,3532.041610218222
74584,3193.761423081506
38314,1010.5130056596768
5851,3653.0400284147245
70996,1633.4121810187526
83053,3450.416515065891
37851,1728.014625176605
67584,2782.8858278600715
60948,1233.5468472778757
62560,2643.7457595047163
50207,2206.4911394370474
8409,1469.8202092480842
4938,1234.0974214317762
87053,1518.5456262373018
56624,1698.3764368693028
83739,646.4900019974971
28713,1307.9581247046044
71740,945.568923415166
29241,1539.4761585912388
29996,2704.255200469617
75081,1707.3929266191356
66439,4536.350320712149
27176,1193.8179529930808
56033,2111.988975071173
23790,7705.948119596149
22585,2965.591402731021
43613,1469.9589326604623
4057,5357.889624785897
57512,1797.9315521504113
56276,9200.877356042773
95694,-26.692322313338536
4300,3910.6049991754026
5104,800.4175056299641
34183,4334.223625654368
52887,2403.1430351479057
94405,2346.002592821231
50222,786.7961762494042
75491,798.1764038647407
15090,1528.9969414910797
90218,1431.9477614924199
92279,4905.394440006907
95840,3303.494456349908
84492,1412.0987569453655
78940,1943.1232535919003
28994,1026.7571456952478
6577,3931.310697421497
88055,3101.33372150351
15334,337.949990431302
9957,1632.7224303730386
30067,802.6417484938329
95631,3580.5243172350924
61399,1632.912190888564
27909,3635.125071440096
7288,2853.146988839412
93275,2172.953689808348
33116,1433.4142771356787
77279,2075.032203703344
6041,3234.1007131191254
39742,5417.219542238703
13548,971.4325647755495
93963,293.23509657051454
76989,2337.627255938851
18469,3214.009646422639
73738,1795.5224287880405
78667,878.9150331665046
18929,643.1148846239967
24281,1703.4668936402081
49267,1856.1164293329095
57224,4336.933358832768
60170,1313.760493175556
73204,5472.5612331017865
3913,236.1277094118509
70179,2781.936438878921
72225,2300.673717924868
18766,2502.519529438464
5083,5154.093256406907
56225,-47.35936038321188
74110,1245.3329837840597
15565,5743.792454770866
95286,1710.1587237620427
80050,1783.0842111086345
98256,2914.4242341768204
2345,188.09820822910115
444,3227.7201526402337
46922,3018.8931495171037
69022,15147.48934089437
18547,5543.605461926461
99553,3461.543808113185
67413,1040.3061487033965
34578,3705.2751712587583
95267,1912.5551080617572
87998,7488.011291097225
19474,2187.1235222400405
45294,2112.856482417912
64475,1260.6819220767456
11338,2858.156882037649
68130,3655.322853023349
64151,2089.1218023242072
37443,1344.1988949516208
67742,2706.4804698706835
92926,1306.4137090936338
10750,1707.181984035204
87948,1198.2790945581178
11244,304.0291687447707
1898,3876.352813891536
86661,1522.929258471011
48858,4094.812648188007
98354,2543.5679636424456
75869,1990.38646650746
60526,2130.8706955894504
39681,1534.3360045066524
29966,834.3965199891982
13416,3224.1492590332964
56881,2923.878602521387
49486,3462.0810519806137
80047,2499.199487189194
85568,1970.0989183442666
76010,6082.210068934657
67054,9883.478042821927
21496,13602.494543149816
31718,1619.3327645782022
20125,2196.606500014635
66562,2394.0345411146186
66923,1067.0367235032782
36913,2266.331525905525
57227,1443.7362931657794
18858,1608.4345093157326
7216,2469.591638007305
93913,99.3776109204955
10881,6089.764381445324
51416,3645.618161561935
66290,11385.355230676683
97688,2884.681194859039
23795,1252.500289018447
53326,1925.7155874441885
15077,2244.0277162493444
71754,1468.3628026776478
92805,120.94245014781472
98783,1711.7069735534978
97771,1314.182908127631
99622,1265.1940777443683
60775,1715.4683402564538
49077,2466.2446929849934
67533,1922.5782564673755
83622,2059.8648977710063
98395,1318.3339548773465
60885,675.4547223857862
34935,1085.5857653877729
90857,3729.139996457626
81379,1346.4582142867193
74470,3032.9557841055657
29039,2924.7298405701167
99492,1434.1130637439578
66910,2586.001949443854
34696,2884.3122658185052
52230,3959.085834689096
28826,3860.209633561487
22537,1362.8860373938405
42798,1593.699350310725
73691,2870.168125161306
36923,1294.1731542718644
82022,2162.8861785156264
3583,3874.3594126635894
61059,3724.081564406096
76979,2107.221911377982
63197,1657.0978959894592
47303,2607.1579376390723
43493,1562.8341476375958
43485,1347.2827141097591
38728,2810.334238563585
20192,688.9885291393675
85215,1069.9374924786375
49857,2445.3948159026077
98410,2405.705386199642
64714,3458.6206746696666
69376,1222.1147741630216
27485,829.3077277848552
43920,3605.7619771238233
42083,1241.7816759018979
75396,610.3219227307541
84145,1518.8531884919648
33110,1951.9415370163906
50553,2307.1422170440246
24658,1605.267396222337
20964,1928.4599876036443
98896,2282.9715258076994
11465,2276.7286011402375
92606,4418.870786182358
41627,1142.7581817390392
24202,1698.3580650021404
57741,1567.9653018381623
57768,1996.4560538722076
55662,2646.1078307562475
52623,7640.748198776504
95779,2638.374108155344
95633,4562.347406448151
23716,33448.782269651216
75168,1118.7109991962202
76478,2458.5970280419074
2225,3016.616900682916
73110,6758.746156374607
47695,3165.0996811726536
72421,468.81133218295554
67734,2378.052507180296
22995,1991.8245057224922
90774,1527.5946640741604
68532,2306.9193919058926
36799,1147.8450570310533
93137,7437.462374581426
88116,1126.0808471088426
47626,2591.1117773669575
93196,8981.218778584303
90227,1613.44005671688
27672,1923.8752733225895
53781,3909.6664987141485
43559,4290.493723230418
61599,1334.632061282291
95957,3148.954626863431
8783,1894.3667990301767
18976,1674.4285145750423
5982,3564.229023621093
48314,2876.77901707492
75282,4375.70948207161
34982,1310.8801346261448
26094,2004.995378704973
35745,1617.6920971842924
11631,1087.0414619786543
36429,1316.1389656397564
46240,856.7772131008896
32948,3549.6982517650467
55,7151.328754084646
20176,1688.4538321723512
75240,419.78930580450833
51749,4128.088267538053
99890,2145.3920707430652
25583,1609.74194331816
56306,6633.409848873858
48966,1888.935420632355
55723,4039.0814072354465
85077,1294.7387700788768
88252,59.78037310385662
22489,40.94516189451315
92995,2734.473512958705
28536,931.8588778046897
86987,2277.3645527428857
5432,856.5698712745921
69042,1497.1796483098142
41596,1171.0192327762534
19537,889.4960311306222
11854,2621.7518753263384
38344,1695.4256797015626
35365,1960.487355385587
22360,2367.322297776537
35306,3229.502905900891
29921,-38.2640293125005
20914,3586.515181853605
47538,1359.3406743205487
63865,3032.746674599286
32974,1239.976675628221
32602,1337.5710157348058
48404,-233.59870942761972
19299,2697.382620575111
61880,1634.5323772116294
27158,3663.10566391972
61242,1422.0760913491235
26299,986.8987427986931
82929,1512.819259404434
30209,322.4087561765564
80557,2975.178959819092
93512,5877.123213558876
19092,3125.387100159093
20216,900.166203526222
68394,1302.5567095722345
30790,483.0639438156636
71207,1593.3529069261367
82311,2736.2542294808522
51640,1303.3549939512695
95201,2919.881280875464
87128,3851.8773459302975
18378,2083.992158140316
31891,1410.1010879512278
6267,12868.853464678155
81940,8593.960161707917
51503,1136.8292662562021
25703,3830.7074605630187
81209,312.3499077623792
7402,2259.361455465496
99698,6149.442139100044
51046,10459.575382083593
9064,1094.0555138848054
97261,1446.5584216776383
78449,1659.657286560254
88614,2090.1208529262412
3184,1798.075793488401
37972,1881.1204330933917
22961,1978.7891963783031
56208,3812.8103405553416
76785,2405.5222514808147
9017,5527.198220278213
6528,4989.739224182278
6900,556.1293452081222
89224,843.6402190164035
50962,2175.4125524477936
3331,1211.2574347311302
43825,805.5513650069761
665,1902.8630052731467
7853,1615.2572595558192
32200,1196.8475025830007
3392,4193.210910832658
75697,1102.8040866508186
80177,1670.9817621928717
431,4509.995754476433
32466,291.15536546574276
45473,249.67188182136715
90188,4077.089536702242
21673,1578.1009571841882
29358,230.92268067265104
63593,1273.9199170807578
82550,3497.3586195831617
36328,231.26654237558841
41843,1594.2173817631133
74138,3002.2093403186964
87047,1252.1312314746133
28868,1239.721537082557
13796,3118.2551019480825
87336,3907.037912100383
28423,1815.4428327942076
966,2771.487788046028
52650,2834.3712215664464
36491,1514.867151243901
63364,913.0012097053504
2518,980.0624805202801
93802,3923.8399091249776
92309,5123.740056718374
80249,3819.385779233893
91795,10166.952709147135
96402,2580.4906798378793
57306,1607.718847972556
65480,7410.835783587747
73064,1645.7180563954857
2810,2221.871006200722
96923,6989.625534310911
20654,2781.4740285473918
72389,3942.9540054714216
98594,2397.724968984208
8204,1363.6577358709246
38771,2884.478078704195
2774,11381.409203143838
30305,927.4973213489075
51861,1511.2658258849879
14978,3105.699446194957
32256,2487.4030019373367
22453,1950.781225527361
91057,1996.2760140102641
85857,874.3512422696349
99746,2448.3623353653998
74447,2163.4540266678605
94567,2751.9097421808833
64380,2446.6708533732194
63864,1463.599748090704
34526,964.1199338705223
55345,3618.8627024737757
40324,40.71707237734927
41837,2494.797737366805
9099,992.6875151351933
3105,1302.6467548976043
77061,1958.4664162236668
68814,1894.6021281563476
50793,5330.106242263547
13663,963.5014839512205
40337,7185.2045371131135
79856,3378.5169857475553
53662,966.1802378482671
14671,4863.193824085465
55543,1328.6121499463338
40135,8089.6475642357855
95386,2544.649607800199
7139,3371.268242731913
26498,5166.862821379334
13916,442.9788568252161
55128,1599.6511736462453
8473,2674.402751669695
14141,739.1299151122444
1848,600.474109123571
41084,1159.7218043659946
43760,1000.4474356155779
11486,1450.9931170282725
47798,1113.7048479664181
85750,3969.1770586452294
87631,2537.399464609149
70490,445.6865029200112
15739,481.0938611879419
58673,-516.9800619575917
76227,656.0514492209973
59253,700.5411171510518
30959,9022.140656031823
26547,3056.2594388871116
89245,1490.919313779817
16951,1754.303309455108
15529,2435.3785968901834
68977,1286.4180671940208
91358,1771.461263360103
53766,1984.1075663064091
8558,2400.528788798859
86934,3291.8999638526
10270,3643.2941771037013
49530,2464.742024891626
37634,2917.163675762742
69679,5298.554705858367
25426,1327.4337424843493
8866,3562.59915998736
41818,2032.943303776371
75157,6853.805774624951
49307,1709.7802299271593
59249,1412.2081440629377
23811,1437.3400256979116
27023,7424.305679373526
66701,2325.6342966112675
54560,1944.0771170640185
13465,5865.89280392363
23935,517.6640613720883
66790,622.374373411843
67892,15250.997752496623
55715,1305.2072185096495
80335,1688.9419533472355
30006,3866.054646554132
53358,8863.311814307952
15002,2224.1129953876207
75537,8764.303303895944
24014,1533.175346101979
87537,3729.905489665846
40845,6760.840862869285
72325,1958.5005880665612
51135,3171.809028680521
21995,2130.4048690667014
19607,1288.7849763631307
17373,145.59264083846028
10385,-7.2939784107293235
76632,2420.579816603634
48433,1485.3562072921454
60959,66.87368155683225
49461,7615.745115503369
37289,297.21678406826686
53103,4425.980931057807
6162,945.6316355186823
40068,1058.1874812798696
79646,1029.8182466664975
85087,3640.128252754059
52053,1384.90282419604
12231,1363.3688006808015
24036,1044.6652580012387
82789,594.7586860717106
40807,1636.78203363181
60157,55.3990866453405
46318,1856.1499427152776
75867,1396.787716970986
25186,2279.1796226795796
86135,1582.492330403531
12954,577.1228586162301
90005,2286.890108155959
6707,1461.8311614073145
97768,2387.863964641261
79784,940.5617793283272
74659,428.2617578270365
67162,1079.5431034375724
95776,1407.0923105867414
35221,3548.9141567397655
45325,4172.548821625877
4179,4167.836683461168
70795,2035.9979705954754
18833,5027.234005382252
91469,891.6096085467698
32254,4103.366838533857
65009,259.1973598964951
86457,1079.5951592899673
72564,2586.134725800797
8402,2185.394296242915
28678,1116.2306985065693
91233,1603.2094888509496
13628,1032.6704015665669
45442,7667.175496777925
26938,1630.7314121096726
50900,630.8865153098718
45750,2485.508885527322
10315,-790.1630247258881
76358,1386.0522537834645
63534,425.81567117549184
48983,1648.5134182172985
33250,718.3475368356294
16000,6161.310736257388
23221,7215.479686927338
26323,6565.332760555122
22095,1086.9994466017874
4750,1796.8035938800763
48323,2785.1411413087517
95702,1182.2680673415198
72183,1625.0288114944085
57155,1278.2301799124807
44771,1014.607749363221
84334,220.25617140905615
83313,1136.1166460482837
60052,2361.028050008501
47114,1898.8429904390734
88897,1911.4023928819802
30998,2744.0786477381544
28101,3965.277566068311
70939,2495.9622348657945
90531,4407.3971201168115
54973,1853.4650137276315
97383,8643.073472893266
95412,2135.5020064923647
25201,3874.1980877753126
99362,1644.133416570888
7364,3139.3171340426306
64101,2940.939957937589
28501,1118.9952185464772
64852,2225.8138376707557
40456,1004.2209299337624
16948,1269.3120872310674
44835,4020.2117104175964
44859,2714.7447449188007
52686,2284.0670295101218
51892,2507.0726046699565
68711,722.1340947960116
83750,869.2816570926434
52544,1129.955516209966
4315,2175.7480398802177
53892,1846.2403964956918
84378,4356.3956957663995
95153,5449.372290980766
79899,4368.972610375148
85133,3050.491418083524
25118,1868.1906656008232
44127,2191.5223299087143
59384,4546.238563052509
66060,5075.493970154546
69834,3368.329079233687
48345,1553.0137179419253
38347,884.7450936400505
87165,2337.3566016792383
43807,2194.2353128434156
40989,3142.361256915032
96567,12953.559684345351
77080,2136.732503788312
52121,1529.268218814017
35310,4359.903631388595
52347,1177.5112184318932
19048,3250.8513443657516
11233,654.1543293442764
68692,2872.9190400071275
2677,4940.977803118319
70843,12287.31597985059
33330,3465.416153973928
51793,1137.4706286558376
73962,1536.004836803982
72226,3046.6632756225067
60424,3255.332082632669
14937,2650.6547961628985
49761,1074.880035780061
49990,1166.7292533288628
99590,1961.1743850929686
11785,3497.5162213836047
38703,3235.5903363243324
51235,1481.0681541606064
31850,1767.9956329812167
57094,1428.2980971841243
81076,1190.9816731126894
25071,3674.280930552797
10814,826.8753038590171
83186,1887.5818008407823
29226,3594.8914703215282
56485,13655.943757654612
53567,796.432644705782
80412,815.1353973268292
61080,1252.9027096943455
85195,2145.972054514706
98679,2807.0120745516388
6732,1153.6831223866193
77039,2708.7167305259304
2143,1087.3411218995961
20362,1166.5067981626107
79134,4930.661384581387
15446,9096.969176074446
15772,1863.6383124391255
91760,807.7202428272003
51414,5408.108486974593
64180,1909.5521174681214
75617,2253.077770603636
51900,3206.561385841781
83990,2878.5288313942024
73197,572.7919734619741
65815,3819.7002706853723
74736,7007.045342739647
35833,3836.5694095481317
63827,5690.517649877676
97765,1397.6525911000858
41365,1099.1893420072265
25843,3605.1545821485383
64007,1196.6113907531117
11786,2069.4353924653046
39807,1653.925768916627
51054,1623.2564535572697
8948,3678.8421473110075
24149,1918.4366380718102
28182,7643.955964785796
35543,1335.969724176584
13352,4502.944623011236
49817,1844.5083630875813
36075,1047.0086474083469
2224,614.675447839274
51333,8296.786621882187
6214,2302.935647827773
29331,4274.01812417679
35499,2979.697415815071
50324,1592.0390925951538
8071,1596.8211178714064
23544,2990.9720652308015
76767,1294.0530735961938
53623,1011.0015877680717
98031,2423.02865006601
95555,4151.418274115947
93320,1039.1422943491589
56857,665.1140559259766
75692,512.785491622351
46718,2351.677977792535
68363,2659.957796389162
28360,4019.3530675223947
50122,2365.809854424338
29582,2702.2781143208103
38993,994.3423775784922
84654,1134.4900903394655
57038,13997.588779573496
75720,821.6856551299193
16458,1601.0290591051084
76958,1011.6025780504342
5763,1489.6656232131427
29634,2119.2503652785717
68443,7509.845804371115
20356,925.1823865144529
79771,6474.577442743918
95613,4974.0475242843195
88556,7048.995805969631
84684,3368.457095338931
47824,4973.86823502873
3623,1605.7537878778012
29277,1037.401379058976
82553,1816.0371149295017
65835,5031.713660201764
57823,2646.39918327868
43838,961.4797225692237
5075,1893.3505794788803
35362,1122.4354183713044
46148,5211.116694684175
12709,2175.703143942309
61572,3371.7286328294654
71088,3392.9050246949523
42419,3168.0955918943564
82885,959.1690378988005
28066,3494.2923202024335
92813,2572.886900290783
12581,6251.052539437763
47212,1743.4736931151356
19371,1004.2636797272849
65783,1506.4288613312106
19638,1019.2010238097473
79508,1973.024459219808
39168,5376.271936949755
16909,1780.0263858703543
26418,-35.04898805783159
61432,663.4172715054146
32583,503.70221456941636
89913,3583.3977880466614
91058,4296.11033859331
76952,1833.4899662487023
94768,1552.36494071555
97315,3039.2069264525617
69397,915.070241852723
39085,648.213170087979
52947,1865.9399396199115
87497,2556.4566898631374
76208,1260.439038383624
64408,1432.0018015074506
78422,4167.752082717354
29483,1443.9007668851682
56666,609.8321126600263
72118,2002.1160773149477
21672,64.29436802424152
72782,2180.995710403102
4208,83.85929406369542
55002,4798.113989005711
98477,477.0826330616528
34115,1084.4349259751652
60498,1782.2696095018669
47476,1529.9153212744868
94575,1325.4683850070378
8394,486.83614609019605
86234,2387.3526344178817
25098,4609.92286340522
64955,2059.2385311241096
65432,1663.6927088115422
7372,2223.9619091094196
97828,2058.16130111906
36445,3875.1067255716707
429,5467.575057958764
75561,1578.5955107208688
49501,584.3364673011924
50660,1672.233774605273
86629,4405.293238096859
13807,1038.7684100175757
56188,5932.157622921659
91853,2096.7603934666945
38061,3493.722460996095
25855,790.776595565967
722,5093.703204518707
80897,392.5276716982571
13091,1204.000670585141
81608,2386.6084908278026
6978,3436.383296018308
81673,-139.56939221371886
23286,3033.2038367178357
52189,2058.505966660274
51205,1803.9325218039523
98282,6300.9280283645185
98826,2960.2059706926257
22363,231.87177423762796
97651,2467.887636638232
96646,1910.3249048517991
73941,3534.6390526338355
40833,1190.448149106368
61655,2433.3162103915074
13345,1968.5213943626002
75905,4222.133858482503
11668,2320.362543976274
56735,4906.526815152139
80263,1826.635329918849
46602,2664.1333424226086
3427,2763.6648226854804
79824,2231.5798389520405
19028,1152.1440874472287
94158,13740.722544748287
16110,6242.032203579274
67568,2930.867150344726
54920,803.9992557522601
46782,3008.766957355976
62930,-387.38424957393227
41908,1557.1436852781544
82425,6386.137213786642
3128,1838.9419820533078
61184,2335.7451182030563
48777,4185.006777346585
21663,507.8782329134733
26554,936.1508330863621
52266,5655.261130870505
75224,1513.1429238502196
84238,9739.081424095759
41114,14194.279297832978
72320,2333.1070354577423
53818,377.6124661605518
59550,1567.2106082393498
51192,10649.237607264866
12910,3841.4561070268455
12591,2281.2173394785414
97801,6845.677476452165
62656,1313.5387351804866
38539,3302.488518983168
31125,977.2896730068996
9874,9503.85024267358
3935,5530.370651120264
5922,2329.9707988120863
62243,1155.9488267034394
55682,1575.5651502392852
36700,1590.8856693618163
82367,1729.5275230931197
61524,2517.6906840193487
68757,4422.133433921783
35289,8003.5157467644285
23590,2023.2836864887029
31390,1332.210576078974
26293,1567.763261933566
86759,5219.6821201595085
30126,2990.8983094521623
93648,2278.195153013655
12818,2878.998555567193
17991,2617.046953416945
32377,4900.007020721325
90344,1215.9094604901838
27156,718.987709471704
51113,4623.283692498636
20717,1332.3093859222831
70354,2923.2601412063273
64549,5874.6800589731065
73333,2140.7932657450147
41822,1152.8735463080202
89314,4152.477636511973
32410,1679.807879046518
87300,2050.6312111534303
27965,3816.9891834789614
3725,1128.1472528924974
79177,1052.5792282988077
65323,4866.038370337292
19430,3702.023925371228
85102,2157.8544944565047
85393,4181.395140209877
31611,2044.7829677032098
2055,3444.1867399143575
19719,3377.859797787869
37181,1340.1145276076022
21373,4063.6995046497614
98763,2024.0646304624474
59492,1865.6870817131826
18487,1027.2780274129564
5975,1912.3505201370886
37188,776.397944596863
51637,3666.600037794419
82840,2136.454818287107
85314,629.7766082903331
84977,2623.4183083780126
7564,2105.9960939989555
94988,3107.8759567483094
30863,2930.0719647212436
87590,1861.3697521346762
17018,14167.091504201313
57480,994.2634664513271
11862,3053.0564439519403
42250,5396.902458029172
80014,1467.30426656807
81574,3879.0981764685316
10223,2507.9571201895124
40943,13860.396155440749
31489,764.1334939579056
11544,1368.9464416642013
15337,1369.5270415156083
77191,4120.986365078535
32477,2482.5235963480704
88717,887.9274240853601
12747,3228.0716273112084
45789,2204.000892271588
62937,3969.5220591163857
44314,1365.4000706348006
93903,1597.520205745196
80609,3444.141824038135
7587,1259.9773110326628
4671,4479.169207640618
22684,2337.722139370241
4198,1657.8917651537865
61488,5354.702690514715
43862,14002.309473394276
515,3022.998700653202
55137,6113.366199304115
87389,3275.0484857313077
9653,1000.8830196725526
66446,1698.8194621085331
46708,9944.836139457493
10102,2216.9017742230817
48212,1646.970030828209
76839,6476.774265462664
65425,2210.208220830934
34944,1018.3011029595373
17086,985.8562766217005
98543,1572.859727534366
66426,2126.251970994601
8872,2351.0759875070503
73040,1681.5110804351896
34078,1374.146015004539
26815,1024.8759685325113
73865,4888.434057237296
24114,1047.0173273681394
12544,1738.260686108277
67598,6965.081095118067
18727,1838.2227369397494
61165,1129.3162645846887
28961,1974.2496510848023
90709,2598.7769692528436
51953,244.49168651190848
65032,3359.574759006229
25888,2702.4965226804215
41059,2751.134511775367
14286,2023.2389363769817
93815,377.24160590941256
32313,1904.9836570750733
22051,1844.3342368960427
88383,1439.2425687496207
52093,1684.5529140745718
38292,612.8699430474553
35659,1063.2770151493633
43035,446.93344990651576
89648,1726.9587066536556
20313,2610.8449489448535
56845,3421.166433917966
11019,1913.6644711335603
70816,1811.2255274518075
98353,5267.341736711207
87826,1515.054794665199
55703,5385.723086491635
46473,3208.478228719401
16735,1720.6185399587441
81978,1004.8309568923887
201,1432.2345477587678
53021,1630.0831534600834
34745,7051.58306003164
65583,29916.653352462523
86730,1168.0135620846668
55278,2019.7373620743142
15251,1706.879606145456
18015,3243.702005347886
95599,1514.124514928737
860,2920.7125828615253
27958,1259.3090407841064
54413,1194.871217749696
16460,2443.101050411513
79365,1164.338063413319
35893,2036.1319259234388
39190,1056.6869239864864
33324,23116.470203702636
52437,2639.089964067614
75850,3015.8633039613314
78753,186.40889494654448
8607,1191.3940903918783
40437,624.0247851198424
21076,2792.7291417816955
37673,3230.4277812038667
88642,1121.565395002588
31918,2084.1787822025926
35707,3699.7763410517614
22759,1903.3674785449755
77478,1274.136233925738
80983,973.983308339768
6089,815.7995654373085
39588,4586.919082603305
58539,1326.5535942998827
43502,1140.2758233415902
27997,1264.9826513131447
35693,2110.6982333898904
91180,2059.663341669565
42175,2875.703370284883
80097,7674.7380824979955
99831,1950.6581863552285
50010,2724.049941446336
25076,1182.667922911629
40317,2310.588715461321
40979,830.1145621454766
2986,2609.8746085015837
74417,3456.8300133790635
78713,1285.1215738399592
34172,1831.0433181010376
83614,5514.577947981022
84758,1996.224415809674
78635,4245.9020329848445
70327,1941.8171825904478
61431,5640.692158189165
51112,10299.343349257832
86284,1908.0318808035897
46330,5075.138703522303
45623,1049.0368841434833
63067,1722.874813618473
84779,3173.350856146654
17977,31877.627074583528
18948,1608.1436645082676
7538,2620.001591244186
85438,1714.9844249051455
81278,2217.7188983636324
5949,2996.821805988913
30577,3685.9696609680755
28393,3834.7224412277455
30381,904.7622889311906
3133,2436.488639138667
91720,2831.403805318763
24957,3957.487672181224
42111,3427.2983782821907
70882,1338.9935569155064
77190,1052.8984038293956
14287,-434.1727337994166
36940,2056.606731355322
50043,1242.3297229071654
7352,865.9909826464836
36826,5089.448457674149
76605,4346.930542763607
57541,2537.96660275601
97290,6232.617560405304
87600,1732.5221309728272
43508,1130.7926275848163
79751,3070.834496278037
81961,5566.3705093978315
92547,1459.2378004736693
17033,5224.988624340269
30556,3323.462673335458
27491,24971.74900371876
39455,4215.801043454065
19084,1303.7177379646491
15848,1712.9582884328179
32649,3071.356618147796
68322,2503.9363953170523
331,981.8308948810864
72437,2725.7476167996647
36684,786.8006402410897
48438,2380.231125271188
69079,5310.115055068614
34581,2674.499220464664
83205,3182.5208186615437
67239,608.7399670228992
92240,1524.3115128064683
27733,1997.0200829415148
85141,813.4454067777078
28227,3371.5466334465436
95096,4266.700295588403
18695,1521.2137175140965
91171,1276.6773710096427
47686,9264.733272547914
50716,3298.338402992445
49526,4626.409470507224
49733,8312.34955668129
15931,1842.4110233091953
84616,1359.7071808294018
30780,2771.0058273123964
1081,1732.555290384115
8189,1170.3520498297557
82252,1627.201312710651
61273,841.9006128783985
97713,2420.665923180257
90698,1323.9726908828993
16327,2864.756083369595
30887,355.3784358851176
18493,1853.9641330471509
70580,1438.483673929617
1602,593.790479218043
36265,4253.634584355901
80555,3240.914021443443
12146,4553.030199175148
97536,2884.496561928623
68271,1811.2509050021943
47544,5793.246067077748
96884,5057.770539404578
35849,977.296735413714
6951,2342.028652894183
71169,2812.224248413791
3611,3792.35605126631
33773,872.0696475509235
58020,3313.6148046323437
43917,1063.2941343552175
6518,5161.247302334948
8908,1481.19808583725
58649,1643.4388208671446
56360,2570.5987002524525
78139,1607.747071103623
18651,1772.8614325710366
37475,1142.8692835532433
92286,3833.847641016784
43057,777.8710371984371
4841,995.4679720296303
80963,4714.60048190873
45520,2037.1055328405898
52186,7135.952526619387
6886,5418.499502209691
35446,811.3494199163579
267,1233.2424723813156
88580,2909.2873245397086
45206,2973.241268423547
1656,1558.183467933084
65709,838.4851656133415
85174,3635.3894217088314
74314,4276.964551751187
67615,879.7608919265836
1430,7349.9396841556
54125,956.7430938515981
64295,2319.3090726610944
7121,2812.419330776327
95426,1293.751795446422
50033,1704.3948417154434
23340,407.2277570709084
40252,7265.428290353055
18268,3555.9033261223926
45922,890.6058215711355
96636,5334.491504170032
61982,7479.278877153701
54216,205.34802852367102
98929,2850.612520454702
83315,10523.380298098484
24049,7989.400997150315
75548,642.8437828849524
37638,5143.880344984283
50694,1495.717291518225
39342,1625.3581642750603
33219,4859.243140205852
28715,989.4287754845718
16392,4476.998240479208
31495,2576.5760005367138
1613,14993.694437701475
73073,1241.4913322361763
74225,1201.9033596541385
77170,1046.347960280244
20380,-259.16402150940894
95403,6337.601198330854
41941,942.3477299810647
17776,6268.99808738111
10090,2109.9355858706967
68111,1574.3652225680162
75663,3620.1199982061667
35789,2806.595638351997
74234,831.0984286843795
34215,1385.840829054142
97929,884.4854174103361
29383,1664.7020133783294
13528,6239.161615224761
23664,9807.909299488623
44702,1373.09844075385
44057,1055.96727042441
15158,1593.4158488731373
46518,1851.0208898622627
29440,2464.864565152025
69630,1039.5594799256996
61203,9037.352800115537
21194,1808.9074882603818
21861,2027.725761921944
192,1408.0927313477114
3090,3048.673405591141
14119,4075.164552925786
59101,1725.637341605868
25650,1624.016305604531
89464,2427.418291075851
65938,1674.5072744263732
47521,5226.96626391405
93967,1103.7597555096736
29175,4028.51814593911
77132,2705.0505044529755
12952,660.337470599623
5154,2642.932346886525
73086,797.6115722994805
67723,2501.4366272574266
50090,1835.0997004786673
91538,4311.947777873315
61685,1043.3081226381237
72355,2631.5709683513414
76489,2257.881088815815
79023,1840.4009774823983
31755,3556.0973079619775
82476,9869.745523429861
18600,1155.5241176433578
34969,8660.917004297418
78221,2260.339125531461
23259,3943.0076227605514
32841,1781.2151690217438
29251,1255.1240058150588
45531,187.04650093424743
7542,3880.627659842213
1397,988.2469689400004
45407,2240.0295053983327
42392,4662.532221901673
38720,2101.197024600729
95927,1854.7041911400709
75244,2926.5072879939717
14933,6302.465301200341
67852,2391.003511660626
36663,2491.632469037063
70287,2623.027412206532
11325,1935.179135997115
22393,1346.105571694608
30174,2067.676476101262
11324,8866.53394451812
15824,2767.059444002383
66860,2611.891121802608
51248,13415.380018541837
74755,4571.870917287111
10318,1384.9029889865487
16602,2409.983189818568
80945,1373.0743536392238
65724,15175.805523562361
20679,2343.979023337586
9929,2957.564293612447
800,3951.8508280325373
87032,1843.7627651241341
91229,1681.826011186878
27374,-24.615940529741238
51280,5669.137954058324
2388,1574.82911474619
29038,1804.352905530987
52451,4027.6297475267547
76490,7066.634377284377
45849,1753.475985436577
75051,3017.229312087362
83354,2717.707255662701
86197,3138.4546916420522
21533,3384.2085084032383
33970,2084.1403788485477
97453,2840.373016815414
88860,2157.572467678295
28645,3054.448122259997
44812,2821.021716472531
40606,2293.005772512796
59711,2080.217511903129
32538,1390.5439722747797
18957,6755.036736004958
50846,734.48213898428
91308,634.6199168548796
54244,1230.146050632045
81093,2007.368017954312
69530,2422.1515416956954
37027,2129.19470880464
8159,2219.579754990368
50392,9048.344304482835
45404,1651.9914326614087
73071,6089.782727614637
88454,785.1326905119554
92330,2977.9806716640305
82322,7793.635351143521
22487,1628.325123898627
86236,3186.8552015398514
12779,1689.7024116654193
15689,1213.8444845311324
40612,7405.543618954786
83679,2370.3133652869183
38791,6141.095101737068
29550,2370.3239511202382
5565,4191.135723429146
65337,4327.919419064131
69753,2067.830083038206
19942,2311.092118362453
18265,1211.0917104367777
49154,2037.9004048057761
91041,6119.518580562975
39590,640.7985811831168
97640,1786.625053220601
41663,3330.005423179987
78188,930.355947938534
5096,1458.2281982685731
93547,2272.1314656314066
99753,596.8605421283755
18938,10590.795782124329
44162,2310.1790470349365
27849,1143.1570260660778
95525,1731.3019442498414
95155,2247.8240809555127
67505,1295.0122373347203
90060,3386.126884401501
99741,2967.3313445339927
13972,434.65284652405353
28861,4935.440574359905
62619,2825.501943852147
44144,2918.3220112028116
11703,2741.748462653148
15936,855.6554583546863
83555,5700.462276326731
47858,2083.3279085252416
96571,3895.0274875778196
276,5636.993287514868
75142,1377.4667342767625
35493,5620.778240501452
53229,1091.9507719481526
49628,917.7287974393716
92979,1201.746543335542
32786,1258.562896952716
80745,1496.3517012730108
13160,1796.32652383464
57530,1202.8749650394861
70763,4978.572122127911
12426,2967.533918114753
83253,2341.3182677379855
46492,2157.167854024402
80687,2239.746445422581
90889,1284.3011634472477
51316,711.542749489287
13057,-265.01368300136346
85382,-350.0827965365861
28572,4742.327880050651
54925,1706.9172516693
5394,2187.7374671007196
61983,-103.93561632537603
47509,5322.9109335276835
7098,710.8826004851876
62519,1921.8952729685006
54258,1583.2881281022246
56495,847.8030395645274
80125,2186.9696300913847
71302,1239.9185115763694
20346,1648.9396532827043
39148,4907.504701904509
89271,6200.436424367494
84786,542.857707029837
8784,3659.4129300434474
13706,578.1212427396204
44349,2009.7605414820227
66467,4454.059812399231
32597,3928.0092913234726
69494,2056.625066896359
83879,3721.2265567103896
31049,2738.866566957885
46192,8343.131684137352
71543,3832.915688266371
24008,3849.334593316441
60828,82.96091887757757
5991,3146.671217143369
45642,4966.416286635355
88834,2226.629669316627
67916,1623.0832270681558
84731,3366.999160827511
72750,911.610805526002
33234,1305.3858101969454
24890,878.3332556073256
22625,915.0391446240119
84851,5041.962761016834
82971,1244.6486072479838
6944,1665.8257052741692
97021,1884.9264885500522
31847,2213.696877937692
48958,1330.5508923554635
39374,2993.204406490445
93891,2244.1430191012196
9755,1605.6579419755717
53328,2253.1518257687853
77583,3528.8657528125286
76356,3207.4298360133894
29049,3785.6034655888097
27512,5153.029166921901
39791,3644.548441464126
89296,5818.907143857165
61690,4263.761461704327
44987,2671.8195747766536
80716,2669.3868254938907
52411,2779.376959054128
11951,3772.0287568139483
9070,1384.1662572427704
99207,3575.8035926536454
54379,2290.931498363693
58767,3272.7289651293713
63592,1937.3183503940525
93775,1249.6194165012366
99724,256.1581503766074
6314,450.3573309516273
50441,1854.5339052628726
28403,7572.308418756107
73785,1235.198153565243
36414,1576.865860636302
67216,1158.3259191831248
22093,2872.3855539160486
61082,2005.962084659398
63751,511.25119348421003
41665,1429.7259242914656
12968,1016.7743663969168
16841,3167.710207517177
43471,4699.999913237196
27942,1177.5801470993656
57366,989.1887508590858
5045,640.028288535435
12918,196.04591829399396
66129,1584.4369616899749
64089,2680.6396296983253
56313,2749.503401722076
3125,981.227913945886
15478,755.629114518113
35779,8726.630429279998
17297,10278.688899500947
28065,1788.7401846577202
38567,8931.110043070097
26724,1959.0135553983046
62788,6418.102611530485
14491,1507.5793476806798
35802,963.9878691251024
12702,2940.7848897140975
27545,1363.9730102706112
61223,924.0450246874798
18467,2437.3537454298585
13917,465.1203373628241
87227,2310.234349783333
32035,748.0476860831945
26321,2143.96822947371
12841,1076.8555686966838
64648,1772.7437354702763
41664,1311.3555381963297
66012,1678.41244792232
86380,884.8935547954147
45587,3721.450662458582
25892,3769.4039874659293
47682,429.05774730915573
79035,4175.915202173072
94221,2562.720830347581
49258,4071.6946711871055
64451,2085.232211727261
63431,1391.2921656961653
76,987.9434934887959
27370,1716.6179197036545
49763,1487.527821864849
69205,1260.8150342100312
46593,3180.328377728581
78302,4547.409677497181
67601,5106.689073442052
18250,3769.6574649392032
94610,1701.5679405753767
20464,2817.1118556670845
24050,881.5553442148075
28843,5786.3809840420545
47867,6144.244156205668
22639,691.319686846774
4027,716.9300788220221
93841,7081.002942461881
48873,1431.9546453375415
14341,2786.684266360592
57578,1999.9483978073508
62542,2218.004276151664
59956,7432.609924259142
94261,1881.5151531804684
33100,5857.923763677316
60265,2190.132403071988
21762,3179.572989485675
35192,4129.255595538832
16766,948.4150630677186
34315,2835.0901384440554
87236,107.75862485388006
23330,2218.2917838165476
37338,3922.3705227670494
31765,3482.699537509726
12067,8038.581202825788
94434,2786.888376194219
61563,3627.510274231648
33471,4512.082663013937
74139,2494.1162900731133
97225,1235.430047498594
8404,1990.9682100724551
43056,4255.2806663625415
80237,785.9594097106092
47975,2203.0278105652465
11595,775.2938159213309
52506,4216.842797175455
91362,1046.8854813572352
33793,1755.7254724939633
66992,2482.574332903092
60475,2836.865661320043
48506,25023.055370581555
94769,989.2621081987745
43408,1515.9172966313918
78195,2425.48925374724
82000,7734.030972469971
97523,1141.685398431836
33676,2295.0674056235907
25652,2565.3525102018084
30830,3935.9762564520383
67894,862.2989181946632
11968,2951.0824580543044
59096,3321.4711256043665
63962,2556.2058258952584
23068,4252.77990597631
89018,5668.506728291168
20023,4030.5612226227104
15363,1772.712424251779
74099,2828.8115763956944
33904,1300.094364319113
92206,7595.447106263075
62766,3444.4920176878986
65350,3160.7540809164047
48125,4035.097248042556
29318,6189.002729615443
69283,948.8849902093698
68498,1967.0906504508494
90821,4980.844203245092
63139,2313.6630939337524
21109,2002.922773034134
9568,1197.2339093281453
77300,3099.8009456450964
99156,937.0041467758574
80003,2957.809010767544
6071,3418.34684418701
84113,2460.6093027973525
76889,7927.599539139277
92835,2102.1039457690435
40649,1504.147143668053
65871,1809.7412543285877
16965,3323.715432132481
6141,-536.7171995718863
24098,2595.4516647358487
30629,4674.763167522117
22793,260.56607016978114
66488,741.2497716901944
54910,2861.782581168616
18340,4530.773438636715
28428,988.0304622653534
14314,3605.555049292141
47360,23464.505536570214
86575,2099.1365598729863
98062,5352.036267440868
35923,4083.559632512384
91618,5980.146070680787
34164,409.6575676010825
31835,6534.933211704752
69857,1021.183643650289
27923,3215.569914053957
99471,1425.7028397255808
78859,7775.523427250642
57687,1426.9767179583205
51507,1361.0725817832854
77348,4114.090464677484
36461,2355.2327862474613
90683,1629.967430845144
57534,4774.477897860105
44577,3001.3655800039733
80530,940.8228148364474
38880,4106.353248669443
15545,1929.762922112622
50227,5475.926296445887
91194,508.96178085913925
4133,5486.036848218591
31141,338.4647022904496
8837,1079.382587144657
25719,2808.2453801975594
19806,876.1850274381077
90266,1478.8222135358574
97504,1427.1276843629062
82136,801.9154223751902
37664,5198.9911477892165
76015,1495.5852159949945
9163,4623.166993548966
26895,2964.012355368297
81774,2469.206026503699
26939,642.2746664143506
876,1530.8510259446157
28257,2611.7745402656733
72408,1522.9636738580703
79343,2436.3033126191
38774,3395.6043417648534
68813,1143.9001498406114
86484,1323.683147574328
61914,3382.124653875055
45533,32927.46541751832
32651,2159.3822770562238
804,1935.2635011710918
22029,2306.9339449157496
79014,2641.7822148303794
34449,1591.886019496857
88225,5401.324942946122
27359,1392.7912881048546
33435,4247.240321759419
53051,1069.2632009584877
38465,1579.4382282401339
73051,1160.336158143144
57765,1395.7380125035647
33007,3666.759927473333
99006,1998.4785977168494
87158,3429.1020686693246
42103,1288.0243950616168
37640,4392.426279841579
47061,1711.968535930408
21372,1211.6446009442784
26346,1371.6473597926747
55862,2062.1576873680187
44876,407.44784681206465
71434,5368.785609054268
79182,1051.403784285415
66096,7902.624423228356
28589,5996.462058293414
79611,1385.5699146255529
87490,10034.613843877376
83760,1018.4701396488558
67912,2943.019422843867
90225,13724.586932776245
25651,2375.5378908756347
59256,4149.9761097208375
9486,476.61593678873123
70440,5151.169738794712
34009,2330.0330647273267
39805,2247.6743561619983
92476,1349.8732360781278
91579,3248.017341844049
24925,1540.2208320004247
14173,2080.7140781593935
86609,3604.9509568491067
61156,1177.5730530083779
523,2027.9988244814906
88849,748.3218652716805
74780,1433.6905416576687
70728,2320.936840196684
48235,7450.452513207927
46014,2041.3463783082577
86477,1195.1700857890414
94096,3665.1780895437064
36920,1920.4218577943316
92750,391.3247855954546
38380,13446.692781955979
57062,1616.6871104448398
24141,7845.847755382781
38927,106.67453250950621
56722,3144.013710669452
48206,13951.722745558352
26392,1109.2400920391428
8824,4501.063469535896
69186,1592.71662647622
90895,1295.9603246590618
87265,3304.174729447774
87687,2147.5869047307046
91596,2168.22497309357
27514,1892.7786809578888
15820,714.3235791339562
96510,11607.924703741815
39605,1392.7758243005383
44073,6935.35935377826
46413,1222.6058093408283
31791,7192.553572066992
77202,16378.362263547464
61823,4718.880795635712
46648,1573.067641270237
26976,1823.0597134763855
81734,2315.434128124592
2005,2431.0174436625302
77292,371.31842772160735
42341,4051.820916920853
92141,2406.1536593444807
9649,737.9931808514893
45111,7418.150830558476
15017,2595.6620495691823
13503,2842.0683475599803
70972,5992.219677384314
57185,4128.097176279826
65854,2353.5598842613354
50062,904.3705303923211
31253,2477.951204709484
73261,2442.953320531429
62651,11782.94007604706
8434,6422.233104579123
91138,817.992903500744
51394,2604.3431119381457
59841,2817.8285225565605
25019,285.6790909708002
47198,1607.636443511733
22001,1068.4409307775072
53557,3796.381285845582
46471,2211.1087405494163
73895,21346.61859030423
3401,1087.7644925900818
49962,512.6663394329571
57495,579.3770934602144
51259,1295.9077871336135
75597,1058.1828287689814
89784,16104.127487435893
18993,2765.9486166442816
8966,1556.0233718405402
79119,1519.663144475433
59295,1332.6413946020339
15027,1714.3986808404004
93151,-459.1125132225243
97375,1251.666129009086
62189,3077.0675162968637
77223,3819.2262265430654
48115,1596.7836102528522
26039,2557.1011410790015
65635,2366.1721546431263
5729,505.4110341993928
12829,4289.236390221858
11940,5586.97516645194
37346,4737.938056004327
65720,17375.489046620212
40444,3837.818045620783
11995,2138.1622627352435
19589,202.9705325103796
96282,1669.2277444376
28385,2070.4709691098606
14969,3017.968361173105
64450,15841.455608548615
3987,804.1679955518093
43544,2192.310869672965
62854,1778.0762005698434
6701,1602.1241156186666
8387,2925.9514476882146
65389,622.7897910203692
66549,4169.217655487103
27727,1070.0643890117822
53416,2009.9939488024625
41169,3667.522038246507
72481,3349.942414241474
29072,908.8137162218759
55685,755.3463637085515
47072,1157.805438282082
13790,8266.782906772245
65797,2346.9401392362333
98462,9035.61003758081
19997,10042.275718351906
1947,5383.929947527802
24070,3043.0180220502666
62581,1108.9517749524093
97970,448.9343594506595
38777,3477.0698686013243
67076,1897.3269418047885
84118,1359.951664704878
44240,513.3414752335766
46354,5224.572480334748
83523,3898.860312497389
82520,2669.844726299902
58368,2047.8041029657215
25573,7452.307417449977
93195,912.645959198288
65764,2557.3776236285394
48807,7087.677340666292
92675,3462.5500273240164
651,1380.0010259588712
96532,10180.35699004632
69718,1395.9327850750515
62658,5648.366211641312
31033,86.60161056815741
75571,3306.8133847254444
96649,2369.6391552659593
78624,6298.632648829765
16957,1424.6358865774037
17392,2036.312762919434
40516,4148.344133702567
86795,4869.207746595006
96284,-680.4027852235649
60733,2678.6702122361353
53099,1812.0578154225925
22030,3404.062263534894
89068,592.8826071385633
18217,1325.7483692009823
27024,1846.6101252922847
35124,1980.1393882587827
26206,16973.564578799498
77576,3739.2482492412214
12094,1165.2799990560052
37764,3397.6654246757444
70241,3966.3971119676885
65238,2099.8968226023044
86725,4597.150902963847
4739,2031.471421967197
80595,743.2894804500538
1118,1080.0880979391031
23121,261.95428843762284
71811,1651.0496534140802
40146,2444.623733869507
38180,1754.220203689888
67040,73.56469981100327
92676,5948.235891341196
31036,9230.8946653241
48896,3716.185348258441
80142,1797.5341178570714
72035,1537.509171941313
38149,580.7942107904528
15629,3750.210040865408
116,2685.6724534882314
80616,3653.164951841376
29879,111.43660825029383
95847,2100.0563987612522
8737,1396.2029842156144
79594,948.9332744816493
21682,2507.8075104075724
86017,972.1404648329681
56951,8314.395646775298
8263,1032.2576910359044
32326,1099.0254586733017
76233,4038.129344574742
98738,919.4480468982902
15008,4299.394955896885
59775,1558.2183927199462
86580,739.034481350936
7150,230.63609948927387
48693,2152.345412594668
92583,391.6877529603071
15919,707.6183737818155
23694,4473.039468649408
79224,2035.6667179582353
91329,1976.3226071282693
95063,3942.477830744252
60046,1674.9649281192346
75004,648.8228163672898
44040,2147.960447699794
53768,3677.601510487475
54114,953.2065138630728
50624,1661.8962546255557
32070,948.8195215249198
94963,4215.846645561893
91392,2053.8044456734174
92570,962.3680114337735
63959,3928.8466350080844
74129,1110.3031281736348
55853,1917.0836181958298
51731,2558.0869741124893
24630,2508.3140987696347
10532,2476.06003432374
99180,737.9832494693437
73328,1250.1182231380112
66588,1012.7431710078235
7718,4222.11311595263
61265,1235.0780515796696
50786,2230.0779696165605
9415,1893.814353800581
30547,3169.2973032909454
50978,10858.448677461254
10855,3445.52619817684
82497,3890.2479174801006
536,1362.7541005044159
28506,1647.59811339834
14186,5687.709055719288
77417,1571.2941292807518
30936,9933.833983480063
44493,2888.036484795641
38695,-79.7541312602566
88210,5974.538324408393
76968,694.8398884987637
65207,-194.55877081169683
91120,13118.797434132483
25768,1617.4114618239632
57508,2491.797837026508
42473,3911.3691357131297
98180,8254.029572790725
68419,2458.964334375234
67010,2206.777394691431
31909,1435.5270436799528
40628,2079.845097425555
21983,3192.252715866457
16744,96.87761432993466
69963,7491.046493919488
75064,1552.526079808621
1838,479.74033650390265
7688,4044.433225051511
34294,2492.6588506007392
67722,2369.5436700121063
22698,4766.345418175048
41258,3171.209297294508
96588,3018.6493484947396
11568,523.3823391197425
51758,5016.552927434185
12912,604.8563833017852
2316,1491.8110644529252
83650,3271.8920552332593
97117,8168.558187416347
64676,583.6953894334474
19882,2157.701078471312
65707,2265.083839335385
1817,1249.7067572906017
89869,2196.993163798961
78852,919.7184286201991
88567,1647.5655103370402
58889,791.8740086509015
36746,8.599172608039225
72466,6952.916782240147
4456,1854.8590387282297
9242,1322.8902763872366
88692,3826.8539990478243
43314,1002.0029652716898
89653,15427.512603963465
77119,4662.755159016287
99656,1083.5248091369976
68286,1694.238164816696
63975,3688.0058352343435
74547,888.3327801211371
44539,2639.312637240071
57380,1258.4556598561344
85691,2927.6193244740525
51349,1464.6687661601063
25487,1990.9454147275655
30816,1453.5572393041157
7980,4386.5649908603045
9423,4499.484455220869
24781,1327.9304553612906
16103,1271.2297000098579
83122,9246.542188062998
27279,5125.892222259476
81558,3569.450796913231
2184,2106.4063756119567
15315,2122.4389364896783
44829,1458.1462518786693
73277,1775.7910745228774
59548,1909.1987199168082
35178,1030.40784625772
2822,2302.280825589633
55567,1421.465304868565
70196,-251.97372376633484
30811,1746.475830596073
73344,3586.8428446520707
29569,4032.3308930771295
43577,8591.412684162653
40065,1171.2445308493084
10161,1083.3471317151525
24487,688.9853271915408
2644,3646.0473395906447
22340,1185.6223109935231
66271,3014.2995808816568
8595,753.6356183208991
16155,1796.0225528862277
85961,1975.2356937861666
49327,4697.017767967289
62723,1504.7546714377759
99968,70.15544045457273
8732,2067.968773949305
88988,2736.761491542642
29206,1664.807703636844
83708,2597.1580348453695
64616,3527.0428717424215
63462,3319.80248229641
11145,8981.936719469442
56785,907.3521958118868
29892,4139.470274729505
86313,1519.61260552164
4150,5670.195627768357
35142,636.2888739169312
24659,1813.0017975123721
2114,438.7896352535731
96949,1828.030250072493
50404,-113.22964015087791
4488,4265.497398130498
23,3021.747930333834
91653,573.8175308416662
90473,2760.3938658012275
4353,1646.0299867028157
24501,861.4200492374457
71674,2852.9137729502477
49297,1917.9579174247021
22760,2576.3825552451917
77099,1559.2069680320737
58079,1586.1995531250568
430,1282.663542757699
98340,1167.0999859931267
2623,2907.2419312604516
22955,3073.2631279405305
57532,169.46213321177947
30076,3739.392345351636
49549,493.7693602522263
75957,5764.108677110022
34198,2851.3597717726498
47856,862.1709166716778
67663,2063.849507775237
22445,8283.892694414462
93972,2881.0484970280527
18450,10278.481851081564
59321,1586.0719625285883
82154,5857.057214605082
50282,1932.679822270907
7885,5817.748059803511
50836,-239.0902312967828
82639,4103.0562424091495
45859,16323.069291351256
51145,1291.0733485671813
42952,8114.432033617004
81982,11938.451335339294
21588,19918.46464474512
14638,888.9308519352849
49020,4738.982842650856
99947,1108.1546494598851
81025,6385.862501910197
14443,3607.347343938999
56189,1266.6540108113554
25645,3308.1629811431885
98358,3474.6515614458317
62853,1959.4097296290674
64404,3393.6853867698933
53130,979.3246464101499
75836,3082.823677330284
51862,6877.748510114961
18868,6902.283097959093
58463,6919.451884510707
67625,5173.360322403292
24180,1248.445750215597
89186,11523.248498540943
13308,7484.970717895743
9216,4617.830328139008
66730,3799.5743034700604
46680,1953.0820036190635
99637,1693.9321188315482
94972,1653.873416736316
98078,3841.3796704013416
37159,5500.912840253404
74496,3651.2231337404473
34397,3366.4948870754324
81002,9378.357195627555
71171,2389.121920791226
67849,15985.88933512193
88537,3607.8889783135346
40706,1364.9518725599155
10342,3160.1158599261203
55596,1977.2418818794458
47017,3433.383738942142
4855,2302.3150754926232
27424,1918.356121914468
26365,828.4131454896064
88610,1003.9900187194376
63823,751.8156985099736
45239,2248.500343098793
85699,1852.6592843569463
93853,940.5877336229914
30707,3373.571022372655
64456,914.2105065615924
84098,2439.7772002897714
62738,4098.616931656809
40492,7337.679269234375
26995,978.7478257927442
1032,882.5301748257534
15754,4122.030681240454
14717,2640.0536334754106
90778,2592.1669680929244
51849,4625.118350592024
81953,1696.7817548964865
13178,3916.2742087843562
18277,1662.2704294896564
11135,2261.446679217809
31812,1262.8537853537155
65661,1038.2101254121312
50341,232.9291542704823
26537,11892.707112582659
64469,17630.78444470362
88318,2015.5735412726303
4867,2005.1941310677169
29448,2340.9718195503438
91316,4277.43344388832
34153,137.40187316699848
41168,1132.4746892467415
39720,7956.845641275198
17954,1698.0672479566117
22526,4032.303847042901
38740,1596.8177595903726
23118,1834.18915154154
11077,1211.16273822709
5155,1003.8170378347686
90811,763.1346632331715
19329,1740.0085253782343
14991,1583.6104528622955
19056,2277.4842477619673
49863,1069.379929533402
21591,2084.495396693427
37646,6037.709612189952
4429,2939.3845249741694
21989,6520.346361313821
44843,2243.105051032391
56383,7016.44578167853
5597,5899.439180926829
55518,112.19451053300418
8662,3719.559166797821
2885,2532.919735285109
17604,2608.0897014924467
27595,8275.431193775461
11011,6321.705214953319
35285,2188.3362926393047
89627,2995.6722173302833
61933,17066.947711740242
70448,1424.856859191113
18820,803.7917916641927
32569,1116.3933017674058
7122,2471.7491748514976
46674,1697.6010209502965
78988,1726.9410658310246
68276,1293.1736236159468
4088,1186.954570662448
34066,824.1554133470636
68697,19431.439381314445
33647,2640.3141588634307
59387,1332.996626764913
50050,1804.6457905168581
76389,552.6542716052445
90696,3377.696978865237
93700,480.1217944427908
37627,1655.7045188449395
40967,785.496473700372
10926,953.1405430369646
15468,1240.5590556736079
16731,2104.483232516823
35787,496.44260736138494
61706,2027.55845120987
30764,10936.473987135241
97953,1213.9923270127315
83554,5550.583392489119
62796,1886.3242507109776
699,1679.9968358827387
98363,4042.151819058754
10962,4910.882063316528
84444,4642.623949928289
97357,1213.5777009686549
76252,2184.968652568733
83938,1905.138038622335
51424,4241.459676158322
39036,2079.8480800410753
73897,1077.3877675280664
15217,472.53888896437184
24899,2581.0963139076816
53816,2843.0262902583854
23080,2784.460459215479
60785,3560.810347105893
91933,2824.96620734282
87488,2031.7357280351052
16302,1344.6774765731302
12641,3683.824011531427
82751,5740.044272590064
94515,2214.339525702737
57784,4921.227205015002
62032,2364.767750930865
93586,968.0698878028238
1489,1796.6371041983855
19522,1317.5131594683598
99194,4230.739386474316
34142,7692.267968716641
79803,7387.763634202897
82548,6144.116727982728
86273,1261.8308261655634
86032,1937.6043936279539
98438,1124.8465939084967
17072,2446.0348200986364
64570,1966.5971120813485
88490,1985.122985968564
43199,1947.00021343474
35072,8154.960549263602
84107,1124.587216949903
12695,6068.524196860614
5441,2335.4365120802686
18316,2865.5109643873348
23840,1902.263412631786
35652,1435.0379921494982
67086,859.6932929198829
80236,12852.814802275327
1175,1369.5824845936504
16986,196.44282645310523
21660,2225.8026221255477
17738,1592.573763491669
3673,5277.509701683219
11377,5430.745806714964
46561,1064.359990681291
6262,2685.768465133511
94965,1177.0556013156574
89159,615.8111495356652
70649,1514.8136371758033
85621,3654.4909350359353
88130,1139.3428206731141
72377,3381.2530030599673
22557,2267.8955127128957
52597,528.7722449256535
46526,1449.719969093619
15564,3834.279182847479
84923,1168.358505178452
74724,5089.055923801349
84906,1426.46177910993
27015,2643.851838187889
27235,3238.764517718886
20370,3359.1667709974463
52868,2932.2599979065644
74815,3667.945410214289
46429,1081.8040410527556
1889,3961.9922945154885
79041,16760.244888391746
49828,1624.323524645773
26859,2609.4746543840993
86325,8766.313659054105
1819,853.1575124500309
81068,3423.0877732986514
71857,2174.7372050001604
71790,1811.6991050046317
57697,381.228689900413
41413,1229.598155507866
49926,797.5479562072678
18234,2140.5046860238826
40376,2828.332385989065
14422,291.5820387071376
53875,5944.117629973212
40051,5030.694101572144
59222,1477.9916660944236
42409,3259.8899059419314
50016,1489.2238033628155
77285,54.28036476058605
4262,4676.886281203256
71395,189.4506757282452
41058,1523.1483142837728
12290,778.4000312448388
64769,1300.9505199261362
1894,1037.3766784228483
45619,3972.1653968660385
98967,2026.5753417284561
50047,1736.2130067741587
48029,1942.1116433776097
99332,4404.444600961499
68969,2835.5779407338096
15764,1214.9130016217832
1215,3700.3031593876813
39770,12283.52884899832
32751,1466.5091872945159
3799,1554.9431617169762
43311,1459.9988296229108
91954,541.949725095787
87419,944.9611917447746
54849,688.6680376103855
44759,4403.06552531506
16345,2816.025215349033
75096,1706.8217799457047
8629,813.4533860566585
42493,1084.1812680440744
6815,696.3290120459469
69925,20111.084616593856
77537,10545.581992694653
12010,1020.0634445586934
53049,2509.525958764723
92664,9553.652541401283
24795,2519.647660637183
27267,3560.1356622308413
11915,357.88874985511393
13997,3426.8305671693397
62555,2465.201093162881
77706,566.0577460851077
47998,1176.796546880329
25859,2915.0532026828414
46841,1607.7757484182807
82739,2748.6586452956662
78105,2023.7091006224737
83044,2143.249681320545
38874,3350.213861429545
17036,8926.932828221332
24412,2336.566083570998
10026,1904.4811152975876
57483,2867.1223029718108
55397,4650.113237807824
73737,5032.407032115618
58797,1441.8805671584614
75568,4018.1320746974548
99488,2827.38698069986
62953,1476.9142304119978
62296,3859.7508793544216
47128,3265.919059252704
93907,946.0221880044019
89331,827.2313053758871
78600,1414.959078114537
52505,4994.083152331796
52245,11453.635208266955
58711,926.2264868835259
73223,1532.2869410258404
47049,800.6647947536303
97858,4979.812345098662
37884,2749.31066104408
22993,777.5257955345523
97490,1900.6227430854242
56933,220.8094016600844
30422,2261.1308236748946
67729,4329.939929511344
25319,4506.551631116285
9238,1950.289908952868
70056,2695.041690331847
63878,998.8965257282193
54885,8666.251415658659
45367,1644.5707261010423
62217,1489.6491727537978
91890,2326.806474494114
50234,1159.4589108322507
8585,1370.0228994843428
89733,1616.9489545149106
64097,1935.0912689992808
57944,1507.260493369397
82227,3138.790303659242
36464,1531.1234276149312
5600,6942.832335563757
58661,4909.083229846824
84581,1680.7911365757745
77320,2308.156783173053
89134,2036.5832773926704
32871,1083.4716434243041
29453,5753.591119591854
48860,1525.8077193309618
67929,1560.1640453710747
59237,3006.750251132723
15484,1917.6439871652383
51195,5532.953257426695
76588,241.9280762232347
39853,3336.5795223927284
29545,3959.734924976895
16626,704.999278381847
25894,4016.081717057223
98870,1095.547738974261
44855,1048.3555631425847
91834,3737.3252517837855
64779,1302.621788720291
12777,612.1096479945809
49256,2768.0958582029943
11014,1102.675056679327
64195,868.554263679323
30345,3192.048534708988
30103,3793.6496948262507
77581,2780.936856915169
38267,472.3544259730543
69574,2761.921764596674
6906,2247.07506016321
27313,2312.606711541149
59348,2448.4868240668534
35060,1859.163029365996
87932,2943.9300779965183
97693,1697.7034200058577
54262,3552.468939695946
96872,6774.302556243586
5514,5757.173160603525
86834,1509.8489023391944
38456,2915.2355252833354
70545,467.5218440632848
2349,4109.016700201449
78980,2439.715509397877
98201,2077.2766143335466
14103,2240.7864148566864
39636,4621.584859234804
54729,2722.13712615223
47765,-322.177514882198
34179,1625.6895589492103
29588,1050.1044581064175
35930,1526.508468659178
90077,1127.1658564263507
86907,12674.215014891639
32988,1577.0504497707675
50999,5941.953505956627
73524,1218.942386935758
54197,51.15596130869881
48114,3547.5684564790213
55949,925.4597718883306
83862,1073.2591219700716
5689,972.3293023083552
87383,1475.2977354727664
27814,2466.589528793711
71671,1258.84784270211
40823,1417.5827934555518
72019,3342.634845404753
4186,184.76060502280507
50943,1810.133614094733
71170,2192.1865467875778
41835,3467.298816440093
89135,1625.0778510278094
20539,1811.4818563843733
67167,3835.5603790751065
13800,1284.1454061171466
95906,5041.146553011813
18480,9707.345275831081
64638,3612.3474944600853
80224,2155.812938426583
26683,3922.861482603082
38482,4871.7020967213275
73942,8922.565013977455
59808,1468.3977568119676
99065,4642.255459730157
10267,1586.5076890017253
44293,4610.796960158755
65083,1672.1740398966365
65208,2318.027141837612
11673,106.32000002329005
84871,953.2716589079605
26020,3225.1947314672857
77616,688.10147347162
37943,1415.2160072926417
2170,1177.7287730915073
96933,1776.045977176534
12665,1831.8969426123258
67027,1365.346779786009
36379,3602.761992800715
19372,2472.211913209023
17976,10889.814914449953
85922,24062.891398535943
96746,3394.311364273074
49200,2407.6959128722583
30609,1035.8719984484815
46521,4739.3413993847425
22275,1830.1038575246744
16579,6084.374236875429
82238,1428.292149097033
17786,2566.654878534362
90463,7328.7110754516925
41484,5011.841792991529
36885,5090.1183358817125
6295,800.6851182748733
97641,4041.4375462552143
95419,1817.757046980467
92489,3656.62072764141
63143,2551.379134841204
12567,1136.7281803597566
56217,750.6619644756884
98251,26.867684008548167
69387,5557.330453460603
72943,1724.4116418169524
40639,1716.94750637042
12681,4533.155930874833
30303,1597.8978256539308
45964,973.8223573311502
51526,10476.492022578925
24382,6687.012166814256
78107,1155.4177590726922
85591,3316.998630078413
7504,3218.795179860988
29790,1480.8575547743512
86489,2168.1280907097466
49039,3243.7623898358274
10900,4931.113058818477
74401,1076.5229276444961
48105,1425.2659892992297
88175,9780.433966548499
94520,1615.7974756885476
95652,1922.8172486920378
48740,4582.125523572406
61687,2353.732288840683
89678,2190.1566663500676
95053,2741.767383245591
13424,2274.642711239447
99635,1499.874690290676
13928,758.4162692221648
76536,1400.6904883480215
3979,1950.7810837441423
98699,3736.892635282333
5339,349.8156487721094
80220,684.4061178194943
22945,4035.2053173142303
64176,2418.8853705751953
55605,1226.5530835032855
25246,2021.1863823835583
14871,1045.4917147037168
41267,6805.176939223019
54895,30602.95016536321
23513,4780.884845202321
42031,1333.9980984784797
66100,255.0366665364868
27060,2714.469635083907
46950,1153.0394800186555
13202,811.4979981428478
67386,58.21809904422571
33183,1529.6017002151593
87216,7263.276353158959
52098,1077.3858016553686
36678,1643.736778188267
39952,5716.962387126385
70908,1273.6860115964378
19375,3675.494022511567
93295,783.0031404495053
74081,5875.184166650051
94129,1417.6652442471513
16092,3664.6191650060227
71087,604.1910382506476
90989,1764.5911919830633
12404,7211.842041353608
76484,1178.9081248496077
13736,1380.533748971398
94593,2763.4632440147866
2942,3327.934648644966
15279,1436.5340043815445
22164,1326.5916515566687
54534,630.0182695133476
72809,1129.6515072581678
48254,3685.9137338379305
83712,2578.2400283244824
12512,2203.8614467659527
58349,4883.425919904147
25771,1429.0879085240422
99811,2032.7440084482769
4625,8233.997112884717
60623,8833.8360052565
70340,1166.288332980227
82390,4338.891495509649
4639,2308.128871381722
61269,2746.234493470629
92878,2218.495878675024
60464,806.7260761485691
26124,1230.4149402879589
79961,1461.5039367493855
39098,2248.1797065012834
33169,2990.3486125406507
65236,1143.1567076152228
75035,3288.953814123575
55827,740.1457968982395
93330,6788.987157689652
59856,696.6232585325929
13693,1611.9838977518532
6690,1377.8224863702217
30948,2547.4123955274854
40357,1181.9319601890666
99768,4475.390931256516
98119,4644.421202654029
36694,141.91429966734995
92312,3275.99843380326
18629,10743.714016381626
93693,6527.5271540312515
30278,1413.9538556972625
69369,4817.37503636839
65150,1620.9993078532577
42543,1526.006155128659
16196,9419.144679378069
11419,1610.4938210176092
36454,3803.827890591469
94608,809.3572974322201
5751,1749.9227183813323
84208,863.3780626031685
99115,855.0222089752697
86660,2312.6662524065796
97243,1695.8444123974286
97321,2464.030304815178
71738,1426.9440305896928
78319,3801.3449404862695
95642,1424.2242438531266
55034,5399.067789722192
25255,1661.3836430227611
68615,2229.8039912561007
88620,3008.23748466384
94090,2157.0981594214745
34789,1645.5984947447585
14413,1252.475081689688
53116,2006.4849254784633
81867,2837.040762205752
48061,11311.405522773439
48245,8587.283589379684
85177,3272.2124857917065
53696,3279.169824256203
71540,551.5550561776195
14004,2571.6262663371153
5896,8948.284151725633
93552,2185.8441412910497
47849,2541.4203084421624
76573,1152.8268258684866
12791,4612.555155875251
76373,2549.957524520428
55453,1363.8349627877028
39319,6811.449143846645
48358,10068.53229452417
91155,1494.7130755993494
94425,2902.909024367034
74699,1496.1040889426
69423,4629.385112330313
92658,2012.65918919649
13270,4901.378860605444
84204,3229.410541825435
82214,2262.2102262882963
85008,1791.1214601867764
63306,891.3689664165363
22918,7722.958069279073
54962,1465.2138181809578
35106,5630.831632519134
82546,367.2403445398445
37106,-88.46300329909309
58569,1258.7511082500118
5355,1321.9448895931496
828,1907.3081888261597
95388,1075.4437399766098
57119,1343.0149221103861
55874,2279.42829311316
24488,2679.293646191159
6984,1220.524917342309
61581,1985.1555654979124
44590,3125.0133694354363
59323,3376.839297007936
31903,3985.424835549442
89877,6628.837579239822
85112,5440.022447397267
69687,12361.807381208871
24645,4543.950956180464
4921,1286.3230150677095
76858,6127.522919460162
87432,2906.7490515369013
40562,5368.675609554979
5848,733.7045289614484
94327,15799.029761810725
33978,6919.820199978563
1435,8106.714365504375
77515,402.53873882743073
15085,283.65740203847827
52267,1664.6364385717904
87710,3149.6351218671466
47982,17348.118675129608
55461,2044.8813091374614
17212,1822.4807137231678
14883,4745.884640408835
51021,3704.804742438332
79652,16681.173031699
26060,1856.5595410937015
94881,1925.423378945525
73736,6405.788010403914
61408,1630.2258982745948
65841,1228.7816584169723
70775,366.88394158236224
61734,2295.1995288753988
8574,979.789706215438
25062,13931.420368415957
34640,4151.89455425107
58947,6724.6116024299745
25637,6981.001824962565
84311,855.2152328032194
36269,11856.556858269365
51997,4852.1406752983
31130,1798.3392149069346
19433,744.338777491183
77984,2860.422271260117
99991,1115.9250418479373
28579,4585.267778592523
49777,3677.652213856651
66444,2342.4320704114734
92441,8959.95074872676
38556,1908.956261196376
84460,1934.204404425433
27847,12013.285823743608
44154,1174.7139491553862
20864,3134.4487063263214
30924,6912.6514414494395
98260,1834.8750232538227
88358,2968.901112794696
72885,4710.970514747455
54069,754.496212177668
51967,1486.4947138463326
76193,1093.2948504903347
31224,2142.2456713373376
8992,2850.931177360356
58684,2050.899516930625
56315,6805.275232439819
56518,4475.105373773987
72785,5582.94060657569
64621,3313.4978117993796
47594,3403.150589698356
45654,1556.7615661647724
17103,2448.662150807454
58809,3060.146582398056
38566,1843.4125704400553
19290,948.7958255574431
78240,2502.7609589968615
37686,1633.4276890419164
47921,619.429289558745
3467,1985.4654747135874
15439,-2.781168084814908
83774,1729.5677835302238
70336,2196.108114276853
34378,1918.7754954981697
42147,8623.712614732212
82457,1308.7370692463328
11499,6857.581487821896
35297,9020.3052218665
94471,1226.062436935943
2714,681.708905115549
97913,3107.8300828967367
78495,1008.959385420605
32474,2083.750119172476
98574,4841.0018505291155
51917,2134.2253394911927
96185,1616.6784036753058
25777,372.03310502786326
41949,4193.189286394295
51982,556.2322481645051
84352,434.16416583292767
88568,1459.4960258572464
30504,2882.406085850889
9261,1127.8244020473007
76697,1412.7762778210927
76565,1500.1772866626907
15459,1571.8626782689175
71954,1203.7303118119921
72301,9704.579044824495
19134,1399.2845890658255
43948,2824.5291261540215
85415,995.8874226345793
77518,5321.041282654269
27736,2287.7630447421516
74549,4444.798385092448
41195,1364.9618124268654
33824,2463.094516365385
93232,1691.1229661110099
15669,5728.760805366701
43290,1845.641006073731
3704,9644.686407790425
71947,1172.469645373405
411,1056.0091228130213
89430,1523.0107821329552
78305,7546.841565695624
18510,1155.7166999021738
35433,524.5171351225772
20813,1303.6727976654315
52935,10536.902653896306
24506,25066.05892240426
49325,2103.3782980094093
95327,-95.67922590865192
97497,2281.90383650863
66329,1669.3134574910089
55499,4306.3875942346995
61789,480.4360856897315
67314,11344.18393367667
86299,-309.7330266544077
79868,1691.3400667372268
53323,841.274365022975
76939,2878.64586181723
88952,12934.209652495694
40677,1571.622524791902
37787,2200.1188231687174
36725,3387.3923134270494
91826,1772.5576724163866
61400,1151.0996399572978
32636,1731.0112507706328
53405,1023.6946136957749
47980,2453.137860583195
10509,1927.75614984275
9119,4646.094415117069
59828,432.89118912078175
87559,4604.565498057826
42681,759.4644584499842
48652,721.6147190275851
81553,1741.614764562462
77551,4271.025109057692
59621,292.98292184587626
96055,4304.398347231809
94936,1253.3893118023307
66032,9694.872327345332
63893,1949.1340563881868
49899,2801.06072301368
23836,3649.9358916545057
57667,10314.595462952177
33508,510.97463585463584
23796,3514.6819433220116
94993,2055.218999979639
97925,5978.538127355894
53715,5085.488639233704
23657,3663.029027869143
66643,1728.5843598511685
2430,6.963035265660892
67720,673.6704295799418
85927,2219.027075951647
47388,13221.648102187726
40551,3666.426628339166
96444,1319.636716034399
69441,2444.7522494174505
12297,-138.70828952117972
22461,4799.855218001924
59860,952.260868795553
42265,757.1027193802029
22597,7449.334457527784
19343,7058.371478153647
10403,2811.921919236882
66841,3391.5553652080202
14589,3595.7792473876852
42603,4419.059756545275
46832,1347.7755448183489
97141,9058.986987873026
93817,4130.14236770829
59891,3638.788035446872
89145,1946.8937831780595
4181,276.8605137996292
79495,2293.1493875826927
11309,0.5282583672515102
70474,2591.5637383666663
12687,6403.671304004961
90365,12225.943580346044
34218,435.8123953540962
81637,1213.7116331525835
21657,1211.2457237605622
40037,2878.1467553488455
5574,4437.133198584411
18775,3099.081738885736
26083,1455.4374371611225
8022,1532.9622108922304
95307,1830.4561051750902
23998,793.9432902703206
89754,959.4704679617944
95819,2305.265956084698
91143,5738.319093334492
89638,2721.5937500057967
28029,1277.1011867052312
93631,1405.6555403137736
95347,3669.46650402701
59536,7705.416390642062
25235,1158.2958999751081
51882,1987.9020526626668
48926,1463.241907102651
87221,2137.452003283145
7242,1034.1678435025187
4135,1539.8459847816553
72388,12298.612618503737
3253,1204.845558156837
51211,1270.2610170187127
80736,637.4132267272598
17901,3190.16801449153
55246,1730.027243292705
26255,2932.0646788355816
66865,1902.1875172325704
86826,893.372497214752
68715,1303.912241932882
67192,2262.4402016425615
77423,4586.54169645791
55998,4656.760794399333
29128,3468.4605953326463
34284,2342.887228620869
49895,939.640334601856
13688,14772.29477596358
50423,1031.9941250558768
10553,5777.862572882554
45917,2608.1322720105973
27745,1053.5978895057979
27603,112.00440997653277
60381,617.7547834511201
73623,-201.4618625855519
85247,3258.464607580101
76122,4310.275155024064
54789,4640.738634199287
13117,2088.5059877259346
15013,5771.940660596994
75061,2417.9441812016767
56821,3239.9200683628833
67548,299.81342473960785
94335,1971.1901090250208
25664,1967.2073959165384
76604,1439.4399565008898
3067,1099.4540735517212
42686,12490.048849629828
66947,3762.4802642440654
27955,1072.4983490475129
1744,15184.347379825438
92366,2018.763643713812
20320,11143.746621427672
21735,5966.0582289137055
79215,6562.499343795553
23000,2316.586524191872
65723,2169.9330443162053
97278,875.6928565288777
23263,2233.0625148236477
62138,3761.8004625326694
21497,1437.123295694595
94011,2136.738083788555
69666,3244.4087392116267
17808,3424.787954600589
42139,2208.247356366642
59922,8657.982135910966
21057,3478.681917234725
43014,1406.4789316568063
26454,1857.6535214573832
80713,7744.701863387334
52005,2439.314868788022
85771,1625.9072025684638
95991,1117.935426831058
71660,5193.957309428427
39182,2537.872664406568
95591,2522.8555297524053
87664,978.66942701364
6811,2606.5351781343948
98541,1373.2056104733965
31317,2102.763934511745
86050,976.1119442197119
34547,3219.063166026791
4107,6728.156664521126
84342,5075.360950833243
64759,785.5272019274171
42344,2734.076007956878
68853,3817.0555825114425
59957,2572.741445651438
89866,2996.665991782422
922,2068.810637465531
85638,1147.6160079707206
26224,9118.1194525487
69020,1109.9703095431096
78350,4468.328941912002
82296,9220.315307595953
81615,7545.518421124529
32076,2810.626785902973
44679,2472.8597032446423
19080,2643.9872623758442
80382,1060.6478132270586
87555,796.000159884702
96928,2873.6056837693445
40848,2526.9360686545383
34948,1701.666862145511
88986,1808.83134331189
14813,-510.08831225596987
87882,7118.0662745373975
19914,648.3773491428246
3259,1255.604262750548
25234,5577.749725983395
45470,3174.8972338990916
12729,3148.758703558935
92037,1738.3470889817463
46912,1345.3148246061132
80707,945.979654786604
78839,2436.2210806035437
3303,2237.1061415143613
80076,27548.818281714637
14745,5120.223925672775
47428,3418.4126817622405
5140,86.33607456177879
38917,4408.806630430053
1478,1252.4515599441206
32429,2344.3777924723113
50785,2370.751991955298
27456,2838.9554802387756
92853,2731.8271966890898
50658,953.0959131558293
23418,9463.745881396226
20277,4521.6288457798055
75569,832.065132213249
68406,1849.7322763811576
31542,10197.490690205144
50004,1194.0976294519319
11699,654.8949709759672
37955,543.5849295216863
91267,5239.709323449313
75787,6214.775172124057
11165,3098.059244897827
46991,1141.2726396993708
69231,2106.1061910588874
83804,2667.3221456447486
73094,3064.808853019583
60892,886.854383327407
18924,2622.2666599724716
43230,6559.18339920718
34636,2464.226850137503
47618,6413.5369530189855
53883,1195.0597784669285
20383,3231.5786984863207
79862,3084.704930504143
47503,2061.182909038374
15851,4925.584829770703
1282,2447.721481121625
32868,1406.9127848748672
54518,2836.039625762029
57488,2973.5376582952754
48388,3080.274869809912
41458,2528.4427237714212
21084,1539.420459453523
42954,5815.75070032045
57298,1551.1977068307833
48258,3362.9337589969937
55299,1272.5110235470765
59863,1316.8394025001826
7754,9030.737711033667
44205,2197.512992908277
55055,3091.643098932563
54645,4120.42346621831
52507,1685.5299730176407
75236,1846.8162444295294
77724,4551.954826955332
52899,3677.716449524629
54918,2365.187033957882
96874,1697.2755186398022
72112,5388.002105153407
5200,1490.8393642195333
86563,1349.4373257216162
46359,1025.5275578326937
35629,1749.7472818341994
51037,509.4631470378936
59558,2373.5147677993436
71876,1146.3372029632178
7731,2118.434486161498
91001,660.6766901773676
36679,2255.261751192179
86521,1137.19030845641
70633,1714.7096061412894
74942,1279.6037114975625
33223,3518.8128770280973
61260,5193.954621363429
95706,690.3509060559782
20734,3755.360894155352
65613,288.21457395201514
35654,3041.430833278048
79567,1251.9161146558322
45955,2090.3737567228845
34232,556.9407873338337
61294,3272.1614883623397
69722,11214.571656347529
33619,3166.9281566917007
16773,3817.1215552414915
32675,2185.2687080033834
13195,814.4871106355276
94000,1113.1473137773273
48468,3293.325234101271
43746,1756.8292323503806
3610,192.05286534854122
31126,5359.725680244566
32748,1594.0512130553034
10864,752.5954971680908
89227,4729.230233948287
46536,1827.8290227163022
35890,1059.8540085490931
81988,2322.131213880403
72044,2938.0220498264002
4049,1452.3780253260038
73719,1749.7611346161598
59976,7705.958148801953
70742,636.9073778429929
94945,6162.459314221032
59699,611.1423170512576
14128,1732.1622297563729
73108,1887.998371356039
25265,875.710355331511
13436,2136.017397385638
6724,170.94153627459946
4795,1782.5873628581874
45001,2620.825762537053
84158,3987.534221000384
618,4150.9543837466945
51785,4448.718137680442
24438,1815.4826916159298
70128,2458.768272965219
39988,2529.1911206146274
1618,3078.0263312804746
86104,3794.5933179086355
17733,2013.4917372084988
30664,1978.8032691831781
89142,1479.627536768694
60531,1592.2399556761666
20359,3021.0144025969644
82547,1506.3651461384106
67670,888.5563448480489
27330,1510.7762282865874
98348,1971.6098027354926
59832,1048.943492516864
75211,3391.300985699966
10303,2435.361095929834
44025,916.3763516866684
52240,1968.2642481938033
96067,1169.946858659282
62616,1999.5501043589948
60694,4346.986543581375
40522,1776.6510268140516
61105,20693.72958247669
79962,3433.211907396294
5585,7764.511028280241
48038,4811.584386419885
84284,2900.9816564808584
85731,1760.2484072007978
29882,2248.1077953971517
91956,708.883645951847
66915,1375.1554207660643
41133,4209.593839218159
63499,2533.6562336379952
60386,2120.234204394058
74998,86.05762156837818
78592,2257.6234588113703
5449,4239.870812102952
17445,2618.0569217913944
43722,1149.6335942963879
25979,2055.625262467739
51764,6044.060857922103
17111,1985.2565367244074
19004,11511.985758571529
23091,869.6586163014349
1968,12179.857732209748
81058,3699.580984501677
73866,604.360907267157
54600,1144.725469712711
60794,1952.3848553097275
91631,-604.9185528635207
42827,4892.725995307976
32971,4003.9417763530096
36967,3755.8871021795553
83900,1170.060716891796
50891,655.2609952439366
85971,1073.0743184179464
17397,5675.760719538472
94807,3813.895713476449
43728,1548.8428967768068
44959,1162.4629615432082
12098,699.0604802384469
20299,176.549921939848
74423,706.986990589452
17405,4025.3090359485122
6205,2901.0192116037742
44221,753.1740452644649
64709,363.591480992563
56843,786.585239169689
74119,210.0232200985065
51100,1892.853832757568
53056,1474.0964469491892
86443,994.1386267802764
78840,3353.7080136954137
88757,81.4467267804589
38475,1732.3691729569057
27010,6380.254931428646
16167,3344.9474713615327
80877,3434.9653963214323
44699,2465.4990354950596
29557,1953.1588644889905
84015,1358.3669570976763
26670,2126.3352578575186
26448,1971.3470096231522
28603,5672.025426059459
25994,509.37457062606154
95259,3315.9985016813343
65089,12225.585737900454
41839,2072.559571874822
42547,4865.97842967896
92554,2755.266507760429
45614,1323.266023392719
22094,2872.5759856366885
46251,2374.241487453092
14775,2973.5408985124277
52300,1907.226578484428
25354,1500.4115009154984
18473,1027.1054244662978
29261,3392.5326365689743
15068,2355.9823764991306
39817,1003.4146444539142
38468,1999.510319064616
49283,4956.571632662691
11540,3233.498360556793
85032,5340.820450450863
33338,3060.1567341011273
30565,3628.9070979232256
24799,2374.6142361106836
83960,3451.131574200654
24204,13834.396014077289
88240,2406.0257119263206
63658,1165.6120170304757
48446,1285.8025991014047
62767,1849.8866936530626
78520,1501.6432834167144
46003,1166.1016355045467
24743,2535.949898228606
71390,1991.2521177634546
78032,2654.075624442346
24078,3221.6487578053
94672,1305.4452785769386
48304,2643.823100380348
46605,2717.1446748323024
83367,2973.9576277512647
1158,3548.7370750116006
31822,2581.660940191669
53533,471.84704921160665
46549,2064.141742669398
15488,1543.5716283371476
99715,5006.4311836084735
31631,6198.89836906412
53259,4037.7050292552785
54401,6041.0702152834965
51378,4114.942629386848
55163,7202.427958174533
19842,4559.287414545349
68773,961.8953449644127
13046,675.5187613035114
65498,2028.215294655177
96190,1220.152630234114
96550,3623.073163262062
97163,2628.375728623979
91198,2702.1606062350897
47308,1383.3653925258209
26402,17298.33186646617
81050,1097.6528858056054
99299,2144.502362099238
54930,1402.6290068736598
79483,95.26942163709373
49471,2571.556010106633
36521,2644.3632833193196
82145,2377.929584969551
83200,4198.788192868374
90927,7247.7583762580125
68489,2062.525938185652
64057,10352.614742306192
89346,1603.3406794751063
96456,7808.453594560231
39815,522.8142373616356
91511,2526.451833906456
77347,4127.489213348446
33309,4200.413953226385
44356,-421.09367277681304
84341,1435.060227088712
66356,10230.090307593313
45862,1441.358947433523
80488,1289.8783396422164
66798,1100.8169651782864
49155,8954.108094175448
98357,1689.2708009166236
50910,2986.459563703622
80866,1339.9966920593006
117,2005.264502680833
45497,196.87453957854132
7630,3567.953725594472
52417,2642.0147440643204
58758,949.2237085527076
69649,2260.2475559014424
11973,25401.536380872403
48755,4338.214298170729
80393,5814.747901763392
4493,300.589464607172
35815,1159.6513558338775
50711,932.8655461585586
92567,2204.0674315551523
24648,1076.9709474952042
3886,5681.962281015016
68482,5021.952180658263
15138,2619.76720634099
85708,6748.696868519594
12873,1647.273369511573
77087,1453.604281757208
77509,863.1275420819093
76507,2153.1557783883673
13679,4302.063872557021
12978,2828.7419515079455
94496,6934.316236861732
20146,6838.119489163093
10641,-55.438275618580064
79034,1814.9599653663913
23572,690.9809040394111
13570,2690.344988968906
17173,1527.2049830265523
16617,1368.6722606737253
65291,555.1229891167377
52747,481.9957952784016
19660,1863.5361301247053
44227,8409.228268859977
9476,619.2257692170001
4130,3345.7789601442396
81233,1211.557605531213
90213,2347.0038730257966
42994,4198.360487506681
7948,3436.240436351299
18152,1185.6652546491082
77661,2649.706493524701
21247,3061.557796792528
60935,1705.2874004779187
26037,711.654473686624
66196,6446.169565223832
99394,2256.5894977071434
65033,2577.060709018384
23124,1848.9048343109384
28095,1407.5497413140033
23196,3394.8473660539153
58078,1864.1611937553082
6608,779.0305630174516
40261,1032.022942628193
87330,694.4193313334954
33701,2042.1479646813293
14759,3110.023541366076
56793,4101.746389534744
9986,1932.5318418613363
13866,1150.561038736957
9438,948.8985492146462
92859,5973.477866476983
91578,1615.9777478413985
41650,1503.8395337040374
49021,1136.3304085492841
92409,834.6936045739812
7639,1414.821619100022
5249,1496.781583408354
46614,2781.9351035357067
63117,977.5879911787952
10506,4997.6249575401835
35672,5206.556928266775
8115,1090.9565566646088
42787,1586.88536242177
81440,2652.987251956306
63797,7029.340323606399
42990,2986.444878612953
7633,7165.335347633181
74507,1191.9017157218518
36473,16695.11523772168
76296,1720.0140986287117
47138,2382.8647078410495
11024,9080.599862329462
42132,2276.2605311199404
85132,5108.143841432461
91864,9004.004098362497
9330,1865.7943859147608
33784,509.4343939788173
95585,684.2965926245961
7621,6342.323971127613
32777,2291.9161794006773
25626,2995.334935678823
92502,2465.5784543681057
78256,3821.242448746956
10470,3035.2497168309824
86964,1626.479044155188
86896,1674.8059765873074
40834,1350.6899276133518
85334,-30.74893931051156
6616,7558.853651718462
62338,1128.9235420054288
90383,1592.4899486731838
35947,3509.8491606250477
20626,1551.336469706382
73176,1453.3576200679372
44039,1807.5935860480809
48994,2003.5476624692944
66564,3090.016729401531
71194,5238.650678340555
68413,773.5977251339514
146,2840.9755579871817
96713,-222.5179557740521
30275,12179.140729309043
92625,1677.0787847805047
82671,2065.1033627260945
53245,3181.5955167332204
86791,3091.172219950164
27943,1612.57717669366
58091,2129.3579859067163
52023,2398.0527520896812
47680,1998.9832802731876
56632,1882.2450807847097
27637,2606.2665546284197
55398,4726.862877363884
23105,5630.608351822413
25506,451.1301579580013
45143,5608.45456177288
85271,5031.464538527343
3506,1987.553846664454
45838,1517.1695401627508
66162,19470.83882394909
29110,1654.116283254712
36006,2566.9759600972807
99817,814.8508989524262
55837,5792.526963695951
89268,3180.611685374154
15195,682.3415903726923
84979,1599.6444804368384
62245,1399.6013883436376
83660,2284.707946217406
57824,1214.6221538736486
1761,1906.0139881190216
45571,3690.7575503595085
7631,5216.514317702757
48169,2435.4008574903964
49294,3470.5661609822278
9306,3055.734959953231
7544,1530.2707510951086
57357,9268.62550094346
76057,4126.729964494837
27033,5242.5975281126
16702,1481.5591916935095
99949,2192.120856822194
54230,2453.8334555625925
93028,1117.0812429604075
20520,5337.534156637848
312,5487.069483154343
75646,1060.9936341744537
19682,2508.411940468534
57218,969.5414296511708
19981,830.8309469979322
3920,270.42798387683933
40075,1873.8400644408316
96383,6547.496401245082
5197,6510.248579674977
11992,4677.962056856315
40171,5537.503285754276
92938,2286.1442088993203
23406,3218.9405467880724
15390,2147.292187881478
28788,2809.2918212433888
69989,1249.3043565327512
84759,1992.3018715921814
69798,688.9211447578646
73526,3123.3197433073583
17293,3843.9587060322588
40107,2187.631467031948
30841,1247.3617027077798
26133,1438.0441445518723
99496,2273.6086704225318
75146,1804.5879313404819
38621,1288.4293794530922
40975,1386.3714849518783
78331,3155.1466698668773
81342,12658.080924779537
80242,1276.3576697103917
58808,2783.3024167912363
45482,2443.0114220371215
83779,2223.7692396667826
56970,1352.75404295119
15176,956.5527250108389
24805,670.967577777858
53307,818.9440501417703
37538,5405.7369435350365
86473,283.35092842547374
79462,1916.550750660412
76096,1185.1379553391594
39630,5251.032879779434
20904,6787.432762460205
84552,1277.600593737373
39332,2056.7183385519666
50061,753.7476684622452
49043,3206.276528161975
61270,2609.6620573446035
13875,2326.853300579205
92210,1535.9005520025376
22630,-467.267139282294
63235,1021.278174185346
34286,5450.715502961183
67153,1303.5415159649847
29577,1768.162988815935
94922,2821.3170954028938
94080,3007.1748063429586
48879,3354.8502051613536
43051,7488.619984650693
44220,2770.3070571909298
11241,1680.0831711517558
35245,3379.3961927855344
89418,1367.7667746294205
3787,3126.877329699819
81648,5109.201523775359
13468,1927.3132246841074
65279,2534.3034933099107
59072,3899.0791188457833
68334,3524.5362057719985
93897,7380.064992201915
67864,2115.1617053863883
41787,5146.410263835284
42054,4512.106335052113
2082,2336.0752726773853
75214,12972.799903472676
15365,1731.5796129810258
91190,920.7017037503333
37679,1259.4574658611327
1070,6709.717512711676
14924,1258.4004650103548
46784,5534.555466238226
92325,984.9727451875465
38484,1803.7936413059122
40341,5316.197701580841
98587,1529.2115873992916
31418,2413.7410224825503
39490,818.836350041679
86508,1568.4103692050767
28835,253.94607506737975
16294,4844.645265449013
26414,4418.353671741446
84795,1914.236064267635
46687,1069.960936628981
42705,931.1742728684876
62433,6520.610359179129
40285,2864.95111369272
55719,2574.344271102614
57995,1051.6618761546606
73,3897.7199758234724
70363,7823.630635155118
94904,1812.0687642348703
92094,3043.1854142388765
87228,3821.687654034598
63420,643.9446279066083
73227,4070.4213969257466
64790,6773.837145069041
84869,6845.0742455803365
51550,1301.3818405422007
10677,2725.598073299223
93984,1688.9921422443563
73822,8774.479327485637
7233,2226.3904068760003
81563,3778.96589214192
68530,2220.7207102118227
23470,1215.1993601090858
53467,848.5884681031189
597,4738.250566963552
56321,4915.1474109480705
40723,2370.1797230000657
26798,3342.0957051453215
6302,1257.613497977221
54980,5958.207757544133
86632,891.6066077409923
55665,1646.429914237588
78578,771.7207950299189
5357,1390.4887669220116
97382,199.41125732357432
71976,1159.3751823466873
62110,3051.1874647834334
99761,2716.3610588391975
25038,4079.3190825920246
26263,2305.4965730806484
32248,574.9457488825296
96782,1362.7401257665324
72395,2711.845965618449
11766,4919.619456991328
53525,2635.4229421997807
36651,1181.6615328460193
94528,6755.187819377136
81197,1106.582290321539
62666,2586.387088803427
34787,4035.423381201223
16956,2528.201198558318
83039,1859.4611198557698
49697,1770.186785588875
33822,2890.77781925606
2229,1659.9150987738697
397,2247.876250307676
20777,2766.100779891124
43763,1755.079573765136
37998,3114.2161420925295
35392,1257.9022786743335
77560,1898.1952101956708
74260,2163.9472295752885
69796,3959.5418916829426
36156,8331.736855819494
9727,1655.394689318904
56683,412.931584307069
80178,2676.6821730193333
95524,2716.456225301743
49326,1275.7805086179524
38898,4007.7767217587193
74219,1184.1793000730604
37910,1712.3180044132926
90007,1981.279656994845
91580,2396.412373186051
32085,8522.90883134196
49215,907.821294670905
32869,14645.003012309828
12545,933.5394463436519
78550,2489.58668774528
76922,3116.2689185103477
12713,1606.8282421829094
85048,741.4326826528495
18884,2201.440312156119
51413,1785.362712162352
10869,2350.3189451022927
83365,3762.693883726337
80123,2786.501663472424
34399,979.3578781312813
48209,4395.9045130746445
58185,4847.2841477737265
33698,2496.880339592952
5808,2821.4265340346
95213,7008.702500184286
4223,2272.7657398575575
54824,2012.0868539038358
176,888.0655113804146
47021,-273.7892336981454
68215,8471.79287322568
10027,227.654458089708
85489,999.7804931250835
15025,1099.654414409937
35727,581.6364247690567
32183,3698.0165312943127
26678,4506.759000699168
6949,445.9333557005489
60908,2587.006225742624
16959,2417.4429164571698
3829,2750.951674148174
17262,2171.774034468278
29356,2214.954699492863
90115,2942.60032901661
6902,1729.0566795193206
53146,4111.537032001491
59166,1100.227488588076
49362,1149.641085148046
82464,504.00597098522894
70889,-637.3503883663989
89966,1650.7644207714352
33489,2129.7225499743886
39139,1197.4289659440483
99265,32946.557912734424
6399,1824.8568851550071
46332,2251.384885556569
25618,2289.1587145169638
1732,4421.81750821191
54495,1966.8156594509803
63923,5175.521776082571
63519,1224.0381152136506
13732,4597.061970439272
74846,2603.0535837355874
35078,3494.5714713277316
89230,863.6636517467996
61729,3621.635758553396
50199,1312.8004397863997
84247,3187.6678834569448
12007,11570.047499987128
82727,1968.6754649558798
67652,579.2132779160761
96987,1929.0225015397357
96064,3736.0938874350077
3291,2411.166868563396
23970,2374.4222436555574
89264,2645.2083163710627
32752,2475.654644818595
19423,5646.447124253727
94397,1532.1104846269777
76257,1817.8859707369056
5841,4925.999858844941
73854,1777.0440393667984
43908,510.4378775408027
6633,952.3328162849962
88600,12117.95133277731
91996,2131.7884133614207
89173,2607.4419453046326
26571,1563.8452970292692
77371,741.2420258802194
74688,776.3965134476334
45779,3526.8445793382357
62610,1316.9678964279624
52446,3544.634533576863
6613,1390.5219447678755
50924,914.5755846386078
79138,1441.5515140397629
18617,575.2440236485982
35203,3794.720742973579
23976,4759.897484411405
80190,1616.6429757858493
72692,3057.362461796505
21029,1492.0628095130014
66972,4710.975588735195
3229,10244.184742836918
97551,801.0330468194156
74662,5711.813892687983
67567,13066.612026678684
19053,1453.0622991593063
26120,2141.0548555716477
94363,2175.9905775315765
91753,1157.6129743358397
75923,4277.985090910166
70015,3442.3503743922824
20352,646.6874558732202
67871,2700.66019582
34297,12731.6000354555
51664,559.1909041817962
37695,1385.7367713912827
16553,501.38674211089483
78607,1149.7440634223885
10745,810.0506617531246
96970,904.1438529165343
75544,8177.4048629627005
40714,2942.7240192368627
14446,564.9750516986496
82134,3507.1747585852313
32065,6435.627051317464
60662,1975.2199063549547
56320,2630.676333211769
61832,3326.202967560501
14520,2277.5184629226073
19466,1652.401298196149
45074,4670.640934357414
6440,2475.4635588581727
69299,1876.0128576961288
21404,915.2374124392463
56299,3333.5432636624073
4763,3333.0038116349747
85985,1834.3191024298208
37453,722.0546274895555
61828,5398.081577655942
60444,2261.913893918592
52118,4251.902706146016
15538,5033.926326760453
47739,6083.176942125639
66338,1207.3432757421774
90700,1146.3093823381778
38417,4435.650023384176
73909,2797.4029421388095
8889,730.9987951903454
87249,1595.3534745946
71621,2628.9530535730564
56439,2155.7288372683033
20100,4528.16916575557
28841,1940.0121102667158
16872,1961.290760647568
39054,1788.0099867702124
65743,2699.7167885277427
70296,6169.503507955729
57923,2259.4010943725384
27465,2638.2023635315654
37180,2576.5651829516673
96790,2335.2510816526255
56795,1044.2435799328705
52131,2061.539097873534
9058,1542.8700931121325
15457,3277.8356586605737
89753,5956.539828660542
96895,1476.7248011953388
44535,3355.1518014989333
29271,878.0935149497059
88923,943.1712004564624
44651,1639.0629975974098
65817,2833.0430388815707
51912,5444.970934974982
37007,1422.887724859224
81667,2254.972967733087
51158,1821.616154743364
91186,1167.994905107446
96370,2877.9927022641164
22908,1447.2177764143626
91633,2872.7455587204167
8456,4241.9315430824945
14366,801.0704410332755
74620,4881.642372630948
53546,1338.0643278721386
15040,1167.4645183412777
13141,3951.0923437188494
98250,718.5846232463391
45265,1538.9143762938288
15781,1400.250338904938
73468,2211.388755330341
6376,4880.860582348714
32842,3082.2021105273393
66679,925.5495116531106
94246,9784.561283822488
58759,1117.5469440336265
99581,4287.023291317883
76089,715.8133203109546
24332,1222.596209473017
82381,2210.9620526287117
46696,3265.6657287169364
46293,882.515780016844
47312,4490.074704245322
35149,1430.987218713382
83956,969.6257194758509
51322,1455.5331240837522
22307,2457.7558146284077
4345,2820.2911774338954
31024,3154.8866500483196
18227,4962.290390709634
13396,4461.854767661428
16645,524.8212519499648
66824,3158.0488427526293
28787,774.5875758124453
24249,13072.122122599865
61972,2592.775449331943
87345,9524.488780985033
32883,1994.9244803545357
72498,14215.13626902062
99994,785.9111073497261
29405,1517.9166376768062
1622,576.0578658521022
43158,1875.2599151960574
2840,3541.2325845903224
40247,3803.803208262497
42758,4814.477322925119
81230,1832.9081318646759
47041,623.9235493733086
30494,1051.1341923052978
18532,3313.2087972494546
330,2701.0360909835426
70891,944.904995531976
66047,5176.580429213069
89587,23506.08028212565
62911,2666.129140307335
34032,1017.2180156979812
86035,2049.092517892595
29599,400.5155224261589
53315,2930.311517747616
31617,819.8418678210192
15323,746.1988507219753
37423,2291.57143508065
17956,3821.0784413024476
53872,1036.774173969788
54926,1521.9752576933543
30713,1583.8092755075872
6386,3220.737858684015
96939,5566.562588026899
14319,9999.534644484087
36018,398.01539094214786
56852,4083.058122163078
45889,261.37859012102035
52681,2395.984822277662
74368,1822.7128453521416
25111,2689.450243084955
74531,2727.343781146091
63712,5548.534748147476
34343,4217.884134378581
23515,1114.6231082280342
91955,4343.230069517243
72391,2212.6875688082896
52831,1587.503000332399
67435,3370.1361733164244
97218,3373.5981442889224
28051,6374.21594065895
95928,6186.556390611474
89008,3554.729120075057
69180,862.7945446098925
82926,2476.420159422735
4323,5771.471302739623
52156,1346.8349772786546
12457,2564.813998038182
3603,3267.5081774999044
32265,1662.4976125235146
7336,1986.2740006827064
2060,2103.507573838766
57201,3619.854733488449
59772,1828.9961507650353
80390,980.0492516765116
35555,1005.3620720530994
54117,1371.427529376646
60687,709.1313660595497
26191,1793.7403359700754
72607,4822.773125453461
7125,2125.3375995115357
18731,1397.5567366758046
53313,600.5408692301103
37229,3307.303647023447
86037,5337.988688717689
12169,1150.0441830268915
20891,1224.214120907206
2961,1023.4332233801365
88657,1975.1378460249116
9803,116.03945259960165
7176,1636.8336793454287
73826,6271.897228822274
7644,608.7688859496584
37906,1047.5063886943944
93171,2847.1264524221065
4628,2190.203019291554
93955,1739.9799167489748
44762,12944.11137178224
32245,1202.466185310198
92655,1777.7467486921234
31169,1244.266085504079
85578,2184.245362353433
879,3197.2156642581285
40645,965.5996667422974
97089,4507.589903166712
34921,1938.4988490037988
72968,1161.9342400091882
68293,155.1688216187731
84116,5660.875034826443
23213,881.328630050542
22228,528.769403978537
41533,2389.3399360177664
68257,1295.3885243569248
32421,770.8359393557776
16514,833.1491092305318
35970,1190.313097737746
76008,-94.39704980980878
24051,3806.438077765346
35087,1450.528036108276
50158,1253.2723994008493
88956,4209.525297029188
64308,3573.15385638371
64760,1017.1881671570427
25180,13543.198985125766
41541,2807.424287569698
47827,1589.6355643316128
78192,1116.8466438448213
8418,1280.4425389371954
7715,4432.782265344714
56628,5107.074777402726
36431,9661.015643991239
43751,5834.447559333101
40861,1673.496765580286
38248,1600.007441284707
59095,4003.4126717204813
85785,3153.4482303897466
8407,1972.0795306957423
81975,2201.858013902266
41735,2217.349483292702
96577,1191.8058859461144
94872,1231.5040487611564
61617,-70.8156463330265
54366,1572.5921722946373
78123,1347.7615675547859
67932,2113.897343789279
43049,2265.353932310967
34729,10295.465876976687
89220,1533.4346709776996
16578,10705.68386459498
13452,1643.804220708008
93264,1195.357692012949
29193,926.9655715970184
14274,1531.5112788608253
64822,931.3682070140717
52561,3088.605597051719
21626,803.6558301029368
76583,3758.6043623769497
91974,3114.989963249065
80876,-326.16439551172516
32223,855.1302367431381
8131,774.7197972233585
43889,2276.728375523941
84664,14686.308655998662
86662,2364.5914592522677
80158,1800.396486276939
33073,1005.660755113804
13385,4339.6088046264695
91986,1939.9935621207474
2049,3976.730340683157
59294,4267.1747845808595
53733,3283.4146591306994
94797,4068.9620664746135
27527,1947.3907466949208
48977,2867.197821652235
53410,1489.5533498195296
56459,-328.2995928203163
86414,876.2207826396966
87911,1178.220785857363
81872,1791.972870063279
84508,5808.492227475106
1914,493.7609790324186
75034,8538.210542995967
2054,5189.557385546876
26988,915.4466930946664
135,-466.9274679903665
61073,1007.4802339222688
26884,2889.673119796552
79881,5720.925556265066
23678,1688.0268108502453
84838,2005.109548602561
20020,2968.558497813616
90796,3784.950906925939
15473,3467.1943625695985
59581,1288.0489797244327
87633,2429.570904860525
99676,1258.4027390685392
64479,20072.745894327298
77314,4953.455059335151
99489,4219.89067550324
55026,581.7644919737318
592,1397.134701430492
94863,4297.9400845475875
63604,3213.4123343023816
52960,2838.50332572737
93865,4514.3420519007195
58576,2137.348146842279
45722,1516.6797038375216
68931,1186.8334176262097
31852,2714.8769844881103
87450,2334.8175938675645
79563,810.5873186436793
98234,943.9067612703329
829,2028.6091715450775
31484,2565.577891675477
36983,858.5670255033856
82123,1182.4162468627037
81311,1895.550258347106
44582,6362.382158958774
98213,14615.385217864237
84846,2162.1335576411657
85500,2014.6791889435576
13437,1886.5519883983932
93789,1174.372154948549
50060,4480.437888139945
58134,2495.4200287693548
44597,-552.139135252587
88862,1606.6189450457255
498,4151.921575329792
81796,1992.9250369551717
90270,3688.3351756631396
5385,2607.0937127211214
81984,3408.779122333394
23328,3111.246725195629
57613,1366.516031833538
89028,3720.511003548925
98426,4591.97795988951
46457,2475.9072143923067
50113,1206.72711048278
82584,1308.4641737937918
9299,2806.042319286992
29073,1173.4819214114573
49013,1473.9364764729498
11104,4120.033533444751
63651,2377.01976949901
97247,3092.9684031775155
72381,1723.8452114514018
18094,5035.2512611243965
33442,9823.325180595217
47430,1078.2510428186752
27400,2365.82580611501
46046,1395.4196297630865
2628,3121.3689684736246
3247,3990.5345324914524
27542,2630.1623079479596
58429,1756.8206062220206
2367,56.87834946407111
980,4633.465933027717
94899,2166.747627369312
99493,1879.5416610832426
19873,1859.8059736392047
22743,2088.550825224539
76731,3407.915172295543
13840,2416.6828373948065
71869,1011.3058681715966
22418,2311.858965201024
76897,2733.6821121110816
53428,2003.2716036868053
10997,2167.1770494778766
24442,1272.8206811736304
74945,3303.538030330864
5512,3406.9582867008894
91530,1612.7019038650833
77650,6022.650832449969
21997,3194.8768227184864
2462,8301.13814538778
67919,1219.0756730073313
14533,4680.959593325386
11444,12289.925765446802
38093,1398.4254887280822
70692,2448.895415813471
28207,2577.312584388257
74488,2555.500663180012
2540,3955.235707591356
74893,3228.5599167707023
5730,4242.04016384576
5847,3501.2988857269484
12441,1005.4195510899949
78293,6244.564165778152
47711,427.29389778559516
54903,-479.64990205164577
68527,306.1476452971074
41409,2117.2835319356727
96422,768.5494471282632
9512,1046.3499305525397
57782,1055.9794153934113
25824,11184.680936976245
33090,2284.906326285076
15342,3412.649433175977
37063,9489.493572360261
19867,1731.7837161026587
49788,3892.423458136369
77933,1399.255447586942
20920,3572.3950641108536
98576,9389.595253895335
97882,1843.3576433862336
19265,1672.8848373887165
87036,2353.512184593483
57910,3645.05720073088
86336,757.798353069029
85979,13909.043346429367
10104,1618.9092815913764
48041,2006.8528485987722
68567,1114.9892477959993
51935,1305.5069082658456
33425,4044.2727898306707
53429,5448.416860749586
4681,2884.695078888395
35435,1282.4363433964195
10091,901.5939758082486
54577,1814.6673129743633
46232,1881.7920775673338
46082,296.4273640365832
74608,1432.212447357881
19330,3894.805567138093
68935,1192.5951603538188
26934,3871.103062579452
63993,1352.145471119341
7622,3221.500853331071
96789,1524.1111196403954
54790,1443.29896693806
17299,2022.8425694043528
11647,2169.5342366039267
70023,4922.318128371657
30601,2041.2409545556886
3209,6285.735268011258
72351,1907.3695989051314
37962,1673.663364755162
93996,3238.1837620040737
47913,2775.0204537632662
414,2786.9110458325404
28222,634.5982431409516
23739,230.58501497124507
33071,1984.9527134731543
6169,2264.6186238214564
40164,1898.9885713482302
51206,1102.9110167684898
62928,1095.8521537566662
15037,1496.9422591951056
40846,1111.5699430027153
42920,1867.2558128824116
27096,1883.1292677630997
75280,23490.018463302586
11824,2493.41011564398
2307,495.7411890934186
96247,4152.9192519079625
91142,3796.878262859107
18848,1231.7188930782008
36546,2084.2956569204534
9607,704.1601578133264
80906,6992.078631829321
38630,1484.6341681384702
87737,1773.5422563491547
50184,5997.528492120974
21573,1155.9975761907494
63663,5862.449091539779
52285,2086.299484205259
66429,1382.7359287149793
1500,1126.4485005434026
17008,1701.9074571889614
84646,2964.4099874938565
26337,1522.0572727862768
24739,426.0725902425879
28719,2129.1794022033664
84024,4608.3539444131675
34799,2931.759277312032
62302,4085.5244864300257
41889,1450.6958853515025
26474,2588.0141982014006
51325,1504.9196138559219
14902,15102.261169953852
5053,1515.8916062256267
35454,1066.833758624658
33708,1724.5587971330715
52989,1508.4920758610788
2781,1349.519977203669
92752,1938.9622899731849
216,1722.7381671657092
7534,1293.4321306067363
11067,2274.099138784413
53104,1929.4213638211638
50935,3940.5545825944823
66371,5733.975547316325
76771,1761.6681231630234
67419,857.0368373036122
27341,2609.250519624968
15374,1213.4092837034523
51256,15164.453158215101
95093,9732.948807002123
25456,2298.6976345620037
98820,2274.9080484191254
76090,5019.361386826587
62506,4017.932873148344
46969,1040.8764327701701
50530,711.014953005782
7000,2837.923171391026
53050,4341.554081354956
53744,4544.500105370072
73018,10812.931734126156
14612,1096.0791999163353
98913,4308.349648860332
65694,990.0457770446296
85197,2546.0298359705585
23214,2820.1535634800093
19315,2019.0885073468608
63585,215.87599794093558
41609,1642.5481520612614
87797,2396.601122923282
84854,3595.760695900456
72199,1692.2033692326838
30014,863.2432471537354
81382,3110.011866143051
46769,54495.191362328405
26309,2405.3321368536626
11713,3773.5965755612556
69372,4963.657868833701
18256,269.5464714448826
75419,80.98339948367038
45309,1089.6617388478116
57668,2868.857064624051
66036,1769.5675411454329
83658,2693.0906888478594
91098,1463.5385327455115
26024,239.31065683735414
67336,3843.6761196986745
92972,2116.730755901109
66107,726.4580758620696
9610,2221.5465302902817
61746,1372.3443219919886
13526,1923.0676223591597
32414,1558.108327304652
68791,2193.56694744534
67357,2202.1299570550677
17565,981.6950131054768
91577,4320.3743724639335
19189,1404.1194271556274
14277,5341.3161583906995
72776,2746.921617876221
23873,4750.160166171329
15971,14298.675782745831
39575,3892.8790467222357
40763,3566.998273425537
5204,3763.6652326832573
16689,3251.231669997963
81918,2865.5212273204343
15108,1431.593990724538
37194,485.3121417732441
39220,1811.723886160358
98957,871.1103558861191
9394,3196.4569385997584
44940,3821.433652393767
78554,2575.321840348148
60167,3915.0870241528883
91870,1051.2737827030523
22915,4054.000117810729
30842,4988.757285797415
86606,10142.776112409869
85937,-498.0532032913952
47069,2413.644250399438
40378,1135.97896538754
78922,65.10546857954341
69596,2509.7527107837946
40003,1046.113523676786
42836,1483.243975540841
88267,2296.366192625023
29859,517.5697221737169
59681,2166.1593834744053
16992,916.7318178763144
4707,6295.249279817981
92927,1816.8832783721202
20706,1128.9760654231004
6593,1402.8853313801674
29115,4886.461600230824
50132,2337.2448576583356
14031,1712.8356794750528
79829,1012.669808920868
6881,896.5741603416336
39158,2437.501215613269
45306,4784.781574599025
37250,5129.150376170607
27035,-85.32830085973819
11730,659.7605840578249
65715,2012.7844299112928
85497,1778.9411479445416
97311,706.3380500201547
39555,2174.6954281533317
63639,3440.9644183171154
68059,4068.184573897496
60461,1736.344827850432
6323,1594.144855260709
90016,2619.8201114586645
94077,1324.4333869321945
27171,2067.2026288373777
22570,1581.1551760116777
70222,-244.94024091740175
57432,480.27599717939665
47851,3389.3087867840272
93094,797.9263303123548
96381,3809.8028486836597
61825,3885.22955229626
87789,3178.1423184343475
48445,4052.467537945916
54481,4927.788508674553
7917,401.2259740566369
86670,1666.26618983254
45717,1699.5885313225967
49,2690.9648966694704
98005,1545.6046777593942
51613,2673.217381633477
67817,2196.610476547124
13485,1140.5097219812274
23280,1019.9556297736153
52775,1554.684568446367
90065,2102.444535731026
27677,3219.1279866354603
65891,1218.3404663506126
59123,1752.51553596433
69673,2486.1419249239775
32011,2802.4903344511486
76870,1633.3316905204983
45384,3484.5704270846954
6150,8394.283217191754
90153,530.4010585995211
91924,4227.690834500021
95195,1158.4989255423075
62903,800.004429100105
80331,1111.8838221501128
60668,1252.458574795347
40114,3511.0735392445295
69440,5233.2286529762005
18751,1942.0027288458134
76589,3521.1809914071955
38930,6096.3406778528515
92532,1608.6324122085987
76328,2340.8009776118392
81508,468.9350683414359
20390,983.4451396918303
27393,3194.850449279609
28249,1684.3216532211868
39950,1060.6945229002913
8667,1433.2706125401755
77658,2081.6185852915046
28151,1206.4561558578216
46308,3070.5038300963743
53286,4850.4706072716735
62808,9521.282670258874
35786,1670.4329263439397
2940,1071.2870033631843
20174,2004.306434242054
84301,2032.384011650357
78335,21163.143658368568
86695,709.7037302907956
82997,1277.5386745587211
32162,1687.3390488383843
94767,3701.593004142454
8306,5616.964725811342
30294,788.2284884378723
94324,1247.0015220884652
16084,460.97934659107113
39073,1160.7533542132005
23414,1725.9216031000522
90265,980.1492577331733
32794,494.2940032449196
9795,2033.1118867107973
49514,1528.7126992673802
96941,2009.3079900938224
65049,1115.589093369556
48746,2114.6855557936046
53301,783.3300868032293
58588,2693.280768239029
79109,1996.4739412486526
58838,5643.551092524891
46501,2636.104975182842
6245,746.5331723762984
34861,1543.4304546898215
96582,1263.0080594383335
99171,1483.5935788065963
50973,2725.39758806912
35806,2366.996582739189
13728,1743.5860524124248
92998,4687.214979185563
14575,6166.338857370308
58402,1338.7450768528493
82455,3160.3826384795525
99588,1015.4526089015858
62541,2474.3067910022364
86819,1017.0811322020431
79609,1875.538215347652
25674,717.1967434975136
20827,2213.971731508096
26475,11123.599055728257
9294,2030.132306237394
20246,3691.075014839003
33410,2334.8462162159603
88061,1386.0534155644445
46877,1147.9923600465727
11752,1392.7832010459888
36173,1518.4292735270292
43095,3563.7447741050855
8726,1924.7553447628204
82039,3977.098406097706
17765,1636.031445337937
16681,6848.173307742691
90393,5670.740354801994
75184,1531.221455215887
68051,1772.201943041686
13685,1100.3081187687349
37280,2595.6923219467362
97272,3851.108258329543
61235,5307.7349501574845
94067,3328.5280609596985
51038,1418.931603898387
53210,271.11903513692005
2044,3469.331162092431
61646,2012.8464111042128
4947,1478.6324758547235
33885,1008.2889712721935
65665,11209.11850816649
59366,7125.5583276333655
95194,620.7628567168331
8619,7298.0560386464
88553,2348.4771203302544
59780,1990.687569211127
3620,2799.7932169828746
56840,1615.7697747270952
10112,1379.3040742263215
48062,3712.6652942940273
44565,2407.615829606794
82100,1736.6954672262611
98291,1428.6530165058157
93299,8905.354553472933
27647,5733.182799656639
41274,2518.310045536071
24575,2057.6950738087257
85914,1812.0968818512636
55852,1444.2932629017196
33539,9570.675106006107
67636,3868.908370078071
80325,698.483435397216
28217,890.9645930530714
12526,1936.0466512314435
77399,3833.4172337055943
31229,12389.278494791937
6730,5552.733511803589
91608,2291.168111126139
77735,2791.4053950420084
10620,270.5675490175395
24161,1084.8370064816768
95324,-25.44769790576447
14854,1676.1537464485184
90455,2554.7333514940083
29164,5273.392321001535
5216,1636.4074367268468
72176,3762.2748182496953
39413,11090.39296088422
15239,3920.1756357138224
50965,7302.101283509495
65415,4449.681869999975
70371,2763.119257676223
99320,1892.1392624090774
44143,1256.7872946790021
29994,134.14609198167273
58208,4925.155055270688
82954,-183.74620911626653
76065,752.1111565849533
38617,3128.4193600480994
6964,1444.31571666953
91217,1099.9051597040038
56357,2998.392716284957
96865,1070.7422790670298
79586,2076.209720657581
16588,991.504023060791
12405,1937.6784354754714
16357,458.43266143288565
16423,1008.2706851578441
58244,4021.538109552327
5970,5986.904820883863
38779,2067.8918041600236
23924,1183.975279915911
70011,2327.3460841398146
81348,969.522804676199
45507,190.03567759010957
69800,1637.1245757377972
33897,987.8620844757784
45359,1722.2877067494503
1284,4585.282579478123
66384,2777.305333024466
9622,3061.719311893392
1623,1708.1922573554973
58011,1113.6424744270203
32671,6116.311594088377
42728,716.8148429509602
81138,1052.1573546852273
30164,1843.6019885010314
91498,12498.584011972114
26523,20729.91546653089
56508,3863.041379324706
40872,6480.09812290369
18591,4652.1772863986735
94078,-429.4784671094899
52370,1272.1860301627848
98840,657.3815618869876
58017,13248.848591534608
95543,1160.7209480072202
67514,16067.877574356784
53646,1328.8378876392062
64902,1770.2018704653703
82941,9597.399276167123
37499,1150.8965225459433
15253,3637.2971095718144
95835,1847.8862500498146
31642,1908.4691951054594
39137,7326.5028454640305
3018,-537.6106935664257
87768,1900.0487377495328
19309,1603.9518940079165
65047,3587.931694167636
10507,972.3921483514737
66071,3121.860345949085
95783,1294.7482845839504
541,5476.900981164616
25721,11761.482342376803
25422,973.8729013628408
12886,2203.7990277654717
37238,429.22235842943337
17984,4077.7589146445657
30839,543.4357212428858
9701,1110.1463449312296
6200,2961.162295106698
68680,3910.717171896897
43367,3737.069873167079
80706,1477.2920260284764
48916,271.93000629743983
14694,1929.823790968261
92541,3110.417357548828
83851,11051.919907685293
35896,2347.3971947962746
12141,1211.805844417795
99629,1162.4496804027958
16576,2167.730007196884
93651,611.9424166360945
38916,1663.803708360238
71270,1684.4509194727884
5054,1320.536289994836
96229,1780.80471427352
78694,1090.636650348736
31069,4736.566349054796
21090,1186.0735542683374
12263,2996.3138581025873
5745,3964.3463190946363
2001,2179.0902204839886
84843,5772.353615646487
44434,1388.750225554445
11128,949.4168668257989
75927,4616.1327990380305
51331,1765.3405660344083
31057,147.83002729104828
22119,2157.1741716079005
32601,1678.3887482459336
16740,2204.2099998373574
40130,13022.110091910998
36073,2463.0315585653066
52786,7083.893021478716
47132,2464.479915116049
57194,8414.442701356693
90449,1154.3674579736276
33310,466.93367228805573
39507,1839.513031109634
91036,1439.5185556830024
6639,-159.48402253469885
74773,2264.95130091032
90072,1228.4731470589136
32822,581.5476493250344
47522,9183.9380193746
44768,2094.76944775938
64210,3749.8531927471245
84487,5004.054671117277
43196,1436.0486563250047
49822,1650.4119546250129
22888,9271.839067784742
95809,662.773683943281
25374,7173.100048862894
61816,3551.6884482969404
19892,1389.494581707474
24220,3686.1506161230664
10435,1954.3083418888525
32338,1746.1851001712605
3308,1063.938841169655
56342,1366.2745500170977
75961,1855.5705008424936
99202,3717.206290054455
86767,4055.5799922559586
93256,1424.5760694122437
81129,3321.65205600975
61886,9668.51537614746
59162,1923.9219803149952
62041,1229.828310509948
38086,4383.076666605192
56030,977.3972125315645
62975,1960.8465335837816
50702,2528.7551080846724
57457,2358.1935153119475
20546,3416.4170133691414
54693,2096.5967500456572
81121,761.8950950470248
54753,2865.9985692531304
67865,2270.865149129966
10791,904.8470953126248
73230,2175.882238173657
81908,2226.825472992631
57030,6692.403479678207
84082,2166.5827531988803
26878,1872.8934956152086
76114,1962.6549973118515
24171,1830.4086013270187
42582,11334.305313881505
20141,5223.760789626027
55370,1380.2109294067668
70389,3813.445374252774
4629,8488.609226470624
10032,2287.037018462925
75693,2716.9402599134733
57833,1435.4060759201861
71033,999.03007618642
62873,1806.0257545230975
1348,2010.6030563838458
26065,748.9179812592038
81145,1675.6771925864646
13474,1890.5520156102957
52987,798.1410900103983
50449,1741.6370283442732
42499,4545.989426716881
5556,5042.46969670433
85261,4543.912089712342
21511,1783.6746894871224
68621,910.7364880360915
54821,3644.946897079499
17866,1740.8902623844397
84423,786.9652444366634
79832,1762.6300157255453
12460,836.1575501698762
26838,3267.6024835036396
22139,856.0080908485534
40008,3854.311914335384
59143,224.032737967691
45909,3027.81237323613
10662,2122.4681576292323
40579,672.088515631342
17651,924.9533347239803
20074,3359.3476692245085
61549,1624.444922181481
42163,1059.269985865274
65054,1398.6462800063
2241,1546.0846705063377
81511,3011.053080110891
32698,3165.350661626923
88527,1555.7065476395887
82355,2381.773599592157
22222,1929.0483330764712
95075,1967.9652358402582
29308,5454.173609960155
49348,4300.368082678904
5583,8768.899867451895
88232,2751.2674541769784
1022,222.80381485429825
73651,1484.7523972542053
51681,8299.480777058052
66396,921.5883434127418
32886,1090.6540935640828
42610,259.59677963672857
5844,1831.9902645572263
39652,-601.6958913202288
29333,6993.12572928814
89961,638.172750569418
71536,2050.764402066635
84763,5126.575856405783
35312,4992.5774161202935
18081,930.8071170110043
4235,942.5918376660497
19227,837.238031704198
92175,524.5549118580211
88310,3772.301374184316
93286,2812.841439016238
15234,4228.359477598311
75394,5303.800403048153
13492,5315.686523417887
12960,2937.440465015702
92861,490.4418129349715
15444,1504.3140155715473
12050,2352.8295653933815
61795,2500.6477432025367
86590,6430.763763246466
65477,1626.214450877847
47275,1093.314869172727
81284,686.038193538132
49688,2582.078853089004
29169,315.16869939559047
8694,1335.9266814251896
61526,2836.178723844717
91569,7496.813597288221
23337,3895.7095905361684
70402,1009.1272635299056
46417,2686.044195328096
83556,751.8593483102732
87317,3362.412955695028
43221,3786.7775423124
22106,1447.4027427599744
18660,2363.2978157544558
95130,15513.25866660944
89615,4357.079906301101
9954,2517.560238226185
37958,2522.335045535825
64988,1707.035499876442
80348,3122.911346513079
11847,1149.2269641224889
24346,2801.609997985326
37062,834.9766380114065
68064,4524.193378643634
61379,4729.635604841567
15591,1788.4393929884823
20991,2909.2018775313513
16219,3694.3977841933056
74201,3381.229180496168
60012,1266.6499945368532
21567,1633.614511258754
50897,2001.2069258547108
19920,606.5939438705191
52867,6471.542392637741
49418,1104.4799096102424
86963,746.7380145221105
20871,3479.984257720747
71586,2470.117259675264
7887,615.8762666581233
79911,2517.8084792967384
56686,6817.162418366998
31999,3300.498352357301
20475,4990.194217496424
74714,1210.9263560688332
97569,1517.442406020783
9897,2591.9617367589462
19945,2692.306253353491
92644,2345.34840825983
57504,2181.94152689566
29098,5629.409052254483
71959,1198.7936301216055
11158,1334.7973715437693
35019,1427.418564869276
82096,1510.7697682731819
89348,-458.92761103078374
96750,4197.77587562306
49705,871.6089811707916
7909,1176.7383217420584
27175,1671.4842440470773
58880,252.0943269261279
64037,1248.0362251907627
3144,5100.44909499956
94491,4817.064014793267
20983,1357.9240540242986
10155,5479.420771382344
15379,2657.767705118441
17019,7491.690146681391
92610,4297.543627124646
49185,581.4395925119416
61360,1467.2183692671938
15983,1604.2271224013934
89278,15433.027751766966
34068,5031.4106285573325
32524,3867.280752145667
48151,2263.366717285604
35271,3172.6979667869073
82120,4822.576652374488
72379,913.6483002696923
63183,967.6413167378869
88265,579.9987395134103
39150,1027.0280680547744
5836,3189.668555606715
73168,1614.236707650878
40488,5594.831764702723
57517,6800.321969589631
80256,1311.2647007520472
14331,1332.0169046752094
18834,3152.5058559408394
88893,1439.502853877751
41571,4947.787670094993
90146,2963.7829821303967
27477,2997.085967490757
48134,8099.605538174941
71388,4401.904137277618
23955,43822.95060666788
33570,1559.117108899488
69875,2676.662192560084
75715,3336.7286448735567
42586,1391.552089596853
26352,5424.891507152464
55153,4281.547350183328
85073,2260.1702337196225
30463,-147.65959297843074
23460,2677.662263024957
350,5589.981829228709
71866,3086.799800596698
21035,2679.5651974576554
85863,749.3602662612789
16811,6268.603313485584
34836,1541.2319988332029
53991,1201.7736812935427
88345,1107.7600722674997
73608,915.3527246603203
1047,3568.838482037507
54383,646.1043807480792
35040,863.3170289100572
2584,1028.8997725618397
74993,886.4722616460895
54084,1367.1959893249677
55175,476.79818128567103
4213,3354.570233949306
55526,1631.807833367209
28471,3464.754369998946
56408,5702.209068958457
43308,3495.4040601262577
62068,21438.038649559647
53478,-275.2047480544006
82415,1601.553552145108
20284,693.7195945481544
98776,1974.816926679737
18717,1440.1388581620695
90921,1594.9008853759706
41060,1724.9173380121783
4955,1321.8148843323702
15893,1006.1778979059991
38840,1581.076199922858
61177,1146.985061214752
49736,2127.274216261506
99880,1484.8816036322605
24055,4691.438405930749
86669,1570.2996783617969
27843,899.8339260354774
14402,105.60126415287687
99164,5774.952642428398
32652,1181.2566906852871
48104,467.2262309173634
89621,394.36724784979424
54993,7862.596937798004
91455,1676.640269985427
99526,888.1388517204578
89426,5.162413659275899
29451,2341.38867946774
91827,1699.7972485585724
14123,4115.952240054967
13919,1472.658198553771
57845,1551.5188768966627
66757,1437.4918968569414
6645,14736.573736482584
69992,1911.383351222523
70237,955.568574897909
95583,846.3679104873236
71351,2443.4828026642645
4880,401.67835249288555
34476,6852.046500797549
61801,516.6404905499967
80901,2900.1546997780174
34325,1951.1002835321501
1077,1346.6892742269224
21100,4319.456691223788
19960,-377.6137170677739
86343,2315.3242646036683
39037,3903.1393493681835
18489,2915.8090855287705
4524,4113.976962070943
77565,3583.066033504065
98521,1098.348275011716
64721,1405.90354181035
28876,932.2575976402954
11332,2683.0738832299407
5708,3563.977710550148
69820,173.70891147587554
64632,1639.7365841657663
55057,4397.631580725743
80267,1583.8951938559799
48538,1104.6416973624655
66249,217.59228096564038
16614,3507.974242026163
98248,2011.509024394058
58932,3266.114429755881
50928,2113.3268605094604
53851,1949.8507773626745
49334,2924.6951337127593
69854,1635.9752331796217
39547,3348.0737843304496
62238,1900.5698201862028
43623,1809.641233863767
17241,-63.401374147267234
58519,2573.763470757075
40391,1826.187292704972
7135,3105.8480491940904
1407,2120.286742028299
86172,3184.6210961933343
17756,6038.718714160781
74710,4794.333454561267
97408,2503.082662916503
75783,1018.3005707701918
95536,2268.15368009122
5974,4780.790389250285
42822,2332.1538069152366
51856,6520.169991118773
22341,682.1928934830144
6000,3282.7122975465077
9148,569.7943698408908
57514,1156.7912507511182
23647,1405.0726868340007
80678,4463.159153554256
43107,3627.197916588958
15455,3364.1576325001447
55399,4823.182750940068
2433,2896.204287632283
86201,3385.5088077155683
78424,961.4976566564769
28702,8102.266094994943
94532,1592.5326303354423
92531,1676.1213430101925
12949,1887.111121733508
16650,6399.80625995429
79632,1619.5972901152643
79445,1120.5269481442929
85948,1646.696935805744
17514,1098.953567879083
72236,2223.3059515403284
85808,1150.6488042489445
35870,1064.1671702285985
12163,2945.904182009842
44337,805.3774399802114
54404,4276.775694877997
38882,1172.0798158739954
44980,6792.922297618667
60257,438.8191262603209
17666,2169.684093779586
81132,1120.6480688698239
21267,2436.6741911863355
76310,-191.84468772737682
34931,737.6532086387856
41421,2330.2230359935083
74567,4050.000859660485
89432,2318.6131749322067
95686,1626.3321287493518
96150,2313.699426912577
61066,2123.4020546720694
13208,1930.2594881038249
11530,1363.1463226534825
43160,2863.259302591873
6780,10287.89818916759
81529,3631.587077833996
91781,1975.0607428970059
56916,6732.140196812332
70369,593.2781739683205
95651,2850.4246576581904
55290,1327.6436887774335
96016,3867.6838352779578
92080,627.6159403340671
84740,1231.530255096745
59787,1074.217016626425
49295,840.5924811615869
76102,128.93132086859805
56270,1796.2306272295934
56226,704.2403868444035
63675,2456.2962405871976
36931,2067.879515703374
52055,3026.7456671480527
8951,1592.558744817965
17782,1176.1370396867542
8996,13987.328420912236
30543,7571.500054470576
84556,4765.388979254729
11745,2973.4511454093513
5524,2327.9722791562835
42112,5442.8012893614805
24314,1664.7920531308891
84453,2943.1518721745992
55581,5843.846701865863
17994,1655.4418076842626
46751,4704.0924365341925
29242,1814.4009166343408
21749,2979.8277805604876
26658,1642.3542337016402
5544,7271.162114791769
82762,2720.899775054956
45513,859.6481424657186
80533,862.3902257556747
72506,1720.851913030638
31437,1459.625212061289
3864,820.2361848669066
4706,4248.21664635193
28692,1011.2196895901548
487,1193.6664682427331
92341,1631.2462325181787
91123,6141.44209662757
74356,851.848381452673
60748,2825.9488300834214
38510,857.71515261062
73486,5850.520837217583
70047,3419.3466785297487
91602,2925.00269876959
4740,1066.199414173875
12507,2649.844253485213
12832,3694.869425672075
34521,4228.485068774132
33973,2888.6267165277077
5993,6983.30671261749
37020,1992.7665078054797
50766,3551.3844396905233
33416,4158.362048758556
34535,1290.2340353439613
41780,1893.237379366861
83492,2612.4756960156674
2695,958.772993607266
90416,3150.8525822322113
56078,1199.1554606730924
82646,561.0674683011403
31605,2450.444057183361
56604,532.2252996395946
70746,579.4330952158057
24727,1499.9110760607196
52457,4331.447708588791
25902,2498.871305816014
80465,1208.4112503346396
25604,12515.820810060988
9343,3161.407094482717
89286,3315.026449060063
18360,6439.412404386883
19809,1354.9611663411056
6030,2892.7019993636936
41829,8771.792833313271
12517,9975.185853303381
17138,769.581234612861
9902,6865.047620957792
75779,1509.5034469955272
13692,4533.902792545636
25053,84.4489410001529
23399,2498.7480213273197
11346,232.63978021738058
1669,1987.29457621427
56190,1868.117319630426
31203,4756.821892117808
14794,4432.08983491268
99884,6373.347055109744
32550,1839.508783750875
69266,6755.460956430854
58504,2074.7916995057676
37581,2325.0405743064775
3274,3411.2568129213773
22977,1558.1513584867698
86076,2443.5026084386946
49496,732.281920271621
11389,1939.1400676024746
50311,6534.973137909243
140,1297.5276638695655
55602,479.7121492420156
10381,2667.1907827196264
61773,1815.77449985604
4956,1381.9129601195773
92475,6600.940400476249
76537,3970.5778358293437
91984,1749.0107602014273
57465,637.0794116719117
90406,2598.892325866073
81473,3408.332751327824
52744,2060.3373030162998
60151,1281.1179060868644
82231,578.2727286113632
20573,1510.3965468382212
6163,900.1675871836796
73598,842.3538090474667
14364,5460.093426686555
19839,1647.6280523924802
12911,1284.2841948419073
24975,4700.34051472585
19338,1632.5580164996534
54479,6968.449481229827
9682,741.0985347746869
64418,1940.4366714017515
99906,1799.2048230717164
95629,1568.811270003027
77014,4768.669339883123
28100,2123.8124314413276
69866,6167.446606377547
11234,2110.6881913043653
49677,2510.861421458073
20108,5144.134603426088
81983,785.5810809469422
71842,1892.7696444019273
36970,3852.817061868141
74997,1371.736871716551
38286,2935.904643060991
47726,2239.5771343146553
67063,690.3754690026899
43298,1333.6457889849812
59918,3583.215244494483
52543,757.6610047259078
95975,1031.341532192695
36082,3482.1904512475553
13458,2292.7331409569006
47221,3237.0879161187154
5802,32593.45288922793
83478,6053.9103703358805
66709,5616.32818367449
54047,4045.7667011279277
2760,926.9490241164858
23827,2815.2354500445163
5278,776.7781682107243
85902,2355.6389682359386
38953,1626.4181365810728
16823,811.7836543307321
82489,2664.3229680390054
14203,1334.2622584004162
95911,7406.948037390691
5834,1263.424765318533
39226,5224.282699914842
89962,1779.706824315894
79695,9067.007215247337
52443,3436.9322745582317
72523,7260.930801842894
84604,1610.8092543473106
49901,1444.0376513168121
48815,2598.622945897374
60684,2990.565281634707
4588,2338.817832462303
94032,12331.849671196991
85921,1417.4846513978723
49052,1665.642428305515
84038,1802.6194731576431
83447,767.1136540160496
14984,6319.2645547432985
62031,6186.80681826862
15707,3134.0887949757544
33281,2999.4639621529313
73657,10075.097545726447
52731,392.06448707574646
17457,974.0460312400369
87013,2257.9256670141876
51146,514.6929180050674
48307,6601.930511950912
95817,1851.4925602957355
34567,850.0636519353138
17024,954.9403894902243
90388,971.7321514590731
57197,2732.808934783442
74872,2148.305271389079
22476,2007.1680773058752
46053,1221.1000235081829
87390,7445.975626146437
73209,3007.4256004638
34475,3731.1148885771445
3001,1184.3625066025243
36813,406.0736504222332
59927,3279.6188472616395
91448,2622.520687178653
31596,9448.720233738788
35390,3376.7544011575233
399,1349.347824930176
24871,3368.7702288265937
43754,4558.015002813909
26084,2168.2001185534473
55206,2793.26845901422
57232,2928.3544204325117
93829,10027.597783730966
81578,2371.5698030197336
35014,2540.4584493383836
83521,3555.969371657833
94502,8072.877406890478
1696,4693.36591513074
136,126.92097393039603
96430,3967.9244608899025
78276,468.01007883809234
9509,7666.3513146503155
55779,1816.0856286418327
84339,1939.6915935765726
51392,4110.7617930979
72360,630.6732163996076
13765,422.8819779220007
94978,2136.078905089469
36083,3117.110008023012
51716,6969.8166906110055
9001,4855.821487481971
5177,1470.9878260740097
58000,4548.887989564809
19148,2611.8301052859197
33758,1932.4676078847851
54644,2388.288386713743
57205,637.3854910160526
32230,4633.430093903988
26338,4302.983468918521
14789,1900.105232008745
83306,1080.4268043147058
78259,7946.176096657225
714,4669.744452721417
16438,2516.468145611935
43694,1839.2085139048586
6636,2756.323807870357
37829,5909.966657735599
7623,1989.3190537760352
2021,1079.9940873640617
71190,1900.195016433589
59853,4046.784795495216
93116,1405.1736826293904
38733,2811.4509806691303
47214,3703.7074296296
93720,3884.309040819871
49678,1775.9698175405488
5610,3821.882636800136
54243,882.2488533800706
33298,1121.67472615011
21764,2887.8446125645205
30947,1766.026605987453
1549,3346.200698475368
2755,10153.038034363024
88604,3791.2070203240037
74566,1184.612916664627
90307,2185.4360839528204
35150,3134.4376620046633
71431,1860.102627261177
37115,2613.6405323527206
98527,1245.2005697745908
46216,7323.796084912823
71634,7218.249803020954
11837,1118.2826219400822
84213,4812.335620650235
78437,3897.967014665461
34100,1599.2940345823517
92405,-320.80471070306703
94319,1369.389747908519
83187,4894.396022093782
54382,2124.6341308318283
67299,1705.995309883302
51208,2656.788260621267
87055,881.2093499732396
33721,1281.5230703630905
3370,1820.800326387257
53475,3971.5734383791682
57716,3610.272740284613
24755,2193.868695871638
17983,550.9123029315379
5867,3334.509702870799
73414,1224.2964527076692
71710,3273.80808418624
56044,4105.632828790005
91513,1581.2592457221372
43552,1036.1267899646082
89016,1266.5385147837487
7092,3638.3773340484695
60293,3131.5161309303485
6898,2314.2188039434222
22632,2829.981247192778
88421,1628.2456985510926
91056,2687.8198972475625
21203,628.4557069265416
5665,1472.87288398166
64782,947.4926514509398
57973,1450.1253297701219
88040,4315.89150671682
56691,596.0961263642503
31447,1508.9129303530435
31417,2918.8252745077625
62293,953.6940111663403
30475,3087.493715039428
39187,494.4254257112352
32973,1202.7999933091787
90509,1140.1863750264347
45318,2185.1692927085987
18002,1598.2362948961945
34141,8351.349467502823
67543,3276.3785225109655
90826,1113.7749618281487
92075,4032.1034403981275
2976,2434.7535553951006
22344,1777.576543790961
17672,2589.9857856651824
1203,1191.1398629774399
28915,1653.8428381792428
20330,1832.1579514441883
17288,3674.7674137622917
2702,5833.582474190325
33005,2290.5374525808475
60890,435.72279742715
25058,3202.8384139838477
79976,4834.362987305138
1245,6203.332171249857
19877,1391.630890788084
57883,3131.3505060166226
93567,571.8357463319253
27773,1559.81029102212
81573,4682.051729926309
64206,2639.4790034342923
62317,348.42110298859916
20950,10887.964065365228
6396,1764.19576554197
44486,1514.05450937172
44767,463.4002633344826
74573,2438.2648598612586
21148,5618.329213466526
37846,2415.753623308661
16473,4052.2476381588694
35828,951.1331685374043
89045,838.0627450753545
34677,868.6291922569985
85837,4117.235472594074
37798,2207.3805392075087
68328,3989.976420935636
52396,2036.6402615281252
18242,5787.258199463149
99231,2531.4948673466274
23526,2253.8400950060636
89882,1277.3645930193002
26015,2394.620691356585
87099,2595.920004570272
45430,2573.271746853291
33859,2592.0747020644417
29444,410.4569396468787
80273,1961.6559624275471
60988,4311.042216004352
79040,2198.175344628801
76348,-841.8099500357412
24253,430.3404779970415
29602,1857.5977695182305
76276,3705.012453721226
53192,3520.348013686087
2271,-9.812036709377026
86536,2155.810601765811
23360,766.5506966894636
71992,3760.770188175285
85256,1139.2827803568744
96694,8150.827818922594
13224,2035.4551126589158
68553,1309.9755335459017
43179,2231.4830668135496
99885,1730.188987862718
62175,1318.308296032464
54033,1254.8504240479197
38601,3854.6057660638844
47162,2222.9764493050134
41184,10441.376556630661
95007,511.17469821682016
41774,2365.1596859423134
57351,6458.095057650558
54880,967.7525420213256
94168,1619.5933238976174
59812,65.20321032236825
97252,2255.062852792863
99763,2363.564605814823
97266,786.3947458823936
94448,2241.8122341227395
86346,1541.5229456976458
83475,848.2375553788197
55092,1643.6726616950577
60049,1111.364680730448
55286,2676.642924068982
20500,1001.2892047582664
97241,1668.285830178847
3380,1340.1671552323232
61900,3937.44013368667
12322,2602.0817425240693
1039,-618.5247838702535
64356,997.7853491578499
6464,1319.6936349612106
14507,691.6009430020358
7662,3131.6985915205796
64887,14425.745760706479
17629,1036.908408645323
19125,1339.3793009788997
59326,1844.3711633460953
15060,4427.957333095534
23126,3263.358440810003
66046,1425.6320602426817
17566,1669.4542662668332
6571,5721.451569467444
10903,693.7597155943058
95965,1785.229554336347
97905,3826.2475388071553
34121,2334.458504747594
23636,1314.7953343493377
62900,739.1149474927333
50494,2208.7520490352103
45921,4098.09220293551
53806,1559.5215529730494
26359,3211.928627500132
21061,2087.3093043664726
69077,1854.8597837056252
15267,1312.1421890292822
10396,2243.049490659143
99249,1099.2714561766552
76726,1455.0040390309482
91823,2295.3174170241255
56192,1439.8972366040261
19778,1722.3139493613478
3324,6827.9161078443485
19486,924.7174353785913
75900,563.3955173210579
55859,420.98647991432017
48608,-673.3991128665402
63046,2694.377761877738
32021,1200.2671785151697
13174,2052.406661805605
19693,701.7464400136514
95604,702.5230670344426
25158,872.5539815054908
49547,5498.704560199738
69698,4507.743324739663
70614,1921.3824664298168
67148,926.8256203019373
80645,7013.150757155605
81281,2733.494003171353
20842,1588.2539356623483
86210,810.3375486886598
47674,1258.6576768302743
98077,1275.4205272887475
53868,1256.9925482913354
2268,2768.9058628588728
69836,2493.465664098987
485,912.0080735239926
9604,3416.224670799545
1674,1561.6733315674137
86116,4753.105850192604
13244,895.7961065445925
27995,1040.129700407148
23245,3131.56060597345
12218,1968.435281701138
66597,583.0654907786311
7878,1263.7587276409513
81583,2199.1302397424597
1467,1589.2890922913912
3333,3478.2836970083467
14191,7949.213531590365
14769,1619.4372894341889
53254,371.9795081484817
61113,1718.9240764156216
4927,1956.4024172487314
33150,9070.016801512209
47060,2943.174074262876
7179,3403.720382964385
27559,2275.08774828367
71800,3617.09888790716
4770,3430.8070926999458
62102,1923.1118320582127
28468,6163.155771970243
16814,1330.3771519088432
59988,1345.1158427864657
97869,3578.6900030871257
53834,1263.8181499173115
74868,1170.4331302427722
31052,2169.739079542365
53327,3008.0323657008325
13521,1930.7622165740254
77595,2387.6622977225543
52580,4642.797557677636
70061,1111.9524300526218
93998,7455.766902024325
62445,-241.94209630752675
55355,2531.130855156852
64303,10831.991167961194
77969,2073.580641508257
14884,3132.67479957028
43343,2086.5891674674026
41411,6755.924361173184
65386,3114.804890817777
26666,3181.5858478585583
53885,2157.8183643135003
49213,719.8103734539727
95671,2002.7796261965964
9049,2781.8779378122904
95667,65.14769209896849
85643,1218.223970085252
20888,1384.8325075230587
23759,1649.254749305208
2736,6755.565159908851
69448,6122.004379735543
73533,4316.662696089893
87238,18553.30481943168
49480,3085.5488827585123
50958,6120.162535173615
90707,7198.47322363915
90184,1354.6906342349412
37119,3934.8686810195145
85388,-390.7262386021803
7308,4216.822224677985
22905,1463.9420468137973
24124,50.49235611269478
60816,1890.162196954323
84607,547.4174191699831
79256,1396.6641702642228
18747,2806.134692474235
92085,2299.652859680371
25934,5052.470071442452
45049,375.3808323103058
91150,1110.483772537816
72382,6623.885816814243
2252,2004.7612001092011
30667,1578.6908745306941
44321,2159.481335071712
13145,1258.4477495843817
70895,3163.066297507135
74330,2630.453024847242
60455,6360.720582096019
97549,-125.36399558716812
2036,4331.964541894818
60847,2305.1951843866395
82199,5861.361682518617
41556,677.7040611677548
11123,1721.4685070918476
88976,1175.6676087002352
10199,4132.403577198696
56830,1021.973047258843
18966,81.08818329754331
78057,5658.10370557518
77487,3471.8173467493325
3917,2886.260392535713
4530,1378.5534623401081
75225,4308.183200819587
33730,1120.0505847829922
30485,2431.2768578010423
57707,1267.677304176338
40540,7314.707906970803
19342,1727.6965982738996
18857,3253.5379261839366
4926,2010.410286913427
28854,7502.264374997185
72352,4858.430968415083
80690,1654.5307814382415
28424,6154.708781476751
73393,11775.001182851476
91891,1610.8076943114686
28775,5660.571469135267
83380,1951.0437451550526
90979,15267.45048526185
1687,829.813460592181
96521,1589.0720094558296
84916,1559.958557851036
13921,1004.830599083059
88626,495.6092866200074
51767,696.2573314016213
47224,3683.544233048493
65129,3503.5246321805917
57311,8111.1563149121075
29834,1283.7199072199387
50124,4558.144081434989
25568,3478.348004797379
71935,1697.4796795572051
92722,7921.014922154543
55714,1145.4812773067952
82326,932.2059566045541
39772,1032.0442507966736
68992,5117.314648555672
72067,4425.857455169289
35381,2523.7078125272606
86733,3546.778043760175
89395,2315.3061542562955
60243,2223.785937717219
75718,3140.916579094314
16574,13396.42638342171
21112,1862.1028039170628
92009,1295.1135779714277
15050,5044.952120620343
17149,1706.4479432089556
94043,1587.7943629324868
91568,2439.9915448713323
63491,1160.0212821147916
327,5482.168087745742
59171,10.45365883845625
29908,1185.7532175779247
54371,440.00179374011714
64617,6044.90046833409
10126,12725.453393300575
51750,1398.284944587319
58387,6273.517390756877
93788,7236.120322814238
42791,6455.812771190961
28885,7425.490043474172
21145,3375.9996989114243
3802,5626.757161376723
4982,4131.911972610309
32510,924.2871129794244
59572,1653.98636195403
23218,4367.099233120801
45070,3657.334878742444
35570,2759.4640467494414
43437,11777.636946387109
80562,2000.5527775765393
228,1915.196793285337
38923,1105.129832705134
16176,3396.685124452632
69098,2511.3534201000034
99534,1589.9919082195443
53065,995.2175880655213
71065,1028.930850092394
7302,2475.7940373261617
87829,4023.1451823955686
30156,2107.6067438242335
35231,2380.4563875710546
41429,2337.083159883556
84504,2190.0454014408633
67611,1575.2600922521883
8656,7667.630724473902
99689,2767.61480574286
90917,2394.9922931983306
39769,5498.3972919031
37205,1674.2592612313954
44318,3162.192369308329
57235,4164.113144488352
73742,1853.6662387344159
87114,4294.650425114005
15809,2438.966725406435
25157,1349.0603430521637
97506,783.6240737165122
69419,5600.685582343303
35287,918.992145390102
83541,2867.563684041491
19807,2074.6207427577788
80288,10632.72355571347
79635,2683.9878439940567
61102,4603.221638428864
22975,5007.284446329159
37285,1451.5652595301794
24261,1651.1566900153975
73355,1690.4092511204685
79276,16182.400196407576
8158,3530.248939559639
83357,1580.2436849736414
39536,1321.707712989236
83790,1747.7546635350936
96432,1013.7368446610544
14623,3741.5670009177775
11528,879.8396281081878
85380,1598.2791368310686
51847,264.7543607446596
83146,1851.571036805285
27417,1263.6155418522703
26325,3118.9224291070063
96098,6840.176897079856
61103,1263.1864336667509
57113,900.2606202306233
38242,971.9714374417777
9860,1937.8496312739783
58973,2606.4853370203828
7514,2386.607040185714
91514,3521.8441370313694
18891,662.1762823737386
62664,1521.8561774728464
18565,1427.0712886754272
34709,5628.944585197308
78932,4087.2397840490703
57076,7971.687181566719
24998,1163.4110950720692
69911,5078.239265303423
1939,1635.772410382293
74842,10844.622618805104
38467,2230.175994413224
14943,5784.693415174923
25941,1297.7374845472286
2386,1361.8355575050487
25594,377.2406845413052
53157,1708.2020376321811
75297,1758.323752327215
25173,4799.040535475468
38618,3023.6890715293575
46409,1792.63826674762
1272,2980.107407727682
2029,1647.8895321174036
54675,1323.2059449042267
4552,1376.972652337255
3679,2777.7407721021827
52804,2128.168674490742
24011,3604.372312672759
79292,2479.7005871378824
46502,4039.338499860411
30198,1172.56956178662
19043,3032.6647345202136
37666,746.6741758663284
55579,993.1350378885536
31265,1602.3140925588036
46739,1223.416926119652
20596,9656.86017253468
58762,2782.162968775791
3420,1567.7524837374485
830,661.3448032919514
31781,1296.52613258468
80569,6030.920505273834
7477,5017.721866123869
41882,1492.9396116544035
27748,4934.257985099548
59603,2671.0698698973797
37668,1721.7415684399807
88755,3133.9989471353088
74770,1938.4042763129003
26885,707.8497382708374
82017,2687.458653218328
8210,3281.535400503366
50229,10976.279869746933
73779,3182.8387412895477
56654,1179.6150426594004
21895,2962.8821547479542
71934,3403.099525564369
88529,3737.2316917187773
43108,4016.1152708026666
60871,12006.310742935559
28245,2380.706141519327
39546,5759.632381229314
23441,2442.342357367591
38081,4742.797836897714
84969,293.9170713074059
99196,1744.7687799412365
73484,700.5542114868986
39731,5903.90377158213
36822,1090.224004052608
510,1653.8860615724325
53909,2585.253187634291
32005,4501.004318399295
24392,292.68265316418547
77997,1812.8971225953128
74111,399.45819236140323
95698,1213.9296148765811
9760,1465.0080718908075
84241,1678.2767551304764
45926,4208.014493531511
29176,9483.758771706674
32518,3145.9580806104914
2399,33416.8072436972
91857,1897.8375808209667
44030,8449.337057465971
71220,2596.504126948541
63650,4213.35207811054
84448,1500.147044654053
29608,756.4625719173346
7172,6371.567658559401
78215,4175.067709481601
25328,1916.2463931675084
45261,3168.1314438862933
80503,5470.967797401384
89835,1803.6149272703453
68514,12922.051621455896
87800,1133.472082130284
4377,723.1021163337336
8567,1053.0219106880186
32963,1294.7473802307604
82483,2873.081684595229
93221,1608.7878767600741
42201,3083.677988868887
33834,817.0925316091016
4375,7831.6963065710925
86975,2339.1324078345815
72921,4399.905258937244
34824,2533.621539350036
50320,7893.747021544725
24935,3484.3713172956495
96052,763.1480118367263
32574,5001.67276726134
60516,-223.2484332128838
74963,3816.92737206758
87234,8240.042378481263
30845,2101.5454841511014
4163,2024.3124228075562
32623,2982.1710916823354
6505,7137.678952002514
8802,298.93533102762103
18624,5977.102163414469
73849,1676.593055372511
39383,3343.434819381031
6027,13112.167127620523
77418,997.3959413143066
63867,2523.974620392951
32305,2898.985482872782
44447,3588.309801902718
78243,2304.138516354959
55695,861.3361329084364
47978,1964.7845013748504
46529,1987.1558657352357
48453,3239.2637684315955
64719,2870.840078773169
49431,3352.3971389522353
1682,389.6531266337979
37559,12952.340582445222
12849,2314.9977304342156
75171,1836.3879408781547
3432,1242.1754482644455
3123,4024.279636867853
45118,1459.2487932071767
51358,725.5369112617036
79268,2537.4782512640654
79786,2973.2546421999778
65213,959.5431956720845
92478,2222.907661178845
42684,1405.4786171763162
44990,1526.578899564934
6513,1945.0445982597962
57419,972.5772617336283
2492,2257.3505687057755
90220,3103.1469478453637
27853,489.23306117417906
22256,1040.4298125970813
38176,7952.277732904374
83057,4134.657942627179
36216,4942.500602106155
29756,2666.908553584845
20179,3655.36818186626
78065,1033.4682623355102
39532,1610.9304190226405
89106,2552.657831747888
87876,718.6909143720904
17409,4937.491569561937
90200,10566.452176063618
54679,1186.6134916450646
65008,2130.2461834380774
44279,600.3942186664599
91787,298.3430058636445
11779,3570.4163913689367
97437,1340.7582586360936
36382,10014.929840168941
22400,1532.5657119269617
2472,3102.2128390021135
37061,2999.9220544252908
72045,1739.1249713240531
44523,1042.6534057624308
89456,1176.866067782791
86924,2087.7124049550544
64880,-565.0922909527726
79473,1019.7130569262299
57239,2151.248060850287
7755,4880.343690931804
22092,1432.8338409155112
90231,3275.94339836965
87182,752.6190725350334
42537,898.4747906041871
87640,2409.3494305216686
66246,3679.2376506388628
31650,1786.945980966778
37099,1607.532457731695
14238,1078.716716994566
35920,2715.8731209236735
94193,1357.0105360959838
99585,714.0651819491222
72532,2340.7367795596747
98307,2516.8363100806837
5378,667.2668268495613
4670,9439.730735511821
21883,15313.864354960355
87943,3572.5748535122057
60724,3740.901337703138
20783,1401.540104887055
85542,1420.926369565484
46897,1668.4607807741513
90256,1827.0311949548925
14601,2015.8371807038936
98149,2839.705089025734
84861,1530.0068192947801
60328,32.71919648110679
93662,1429.3042763589588
45079,3219.9800717313747
61050,5511.896554412147
19284,1365.9438188902059
4540,2454.7259337184955
93580,2512.1894824839073
30016,10841.292480267151
98958,1719.7754738750618
58637,2757.0969676404097
14246,498.97668488060435
66254,4618.509752586061
76022,1434.5746847150658
91136,1091.2260200770515
47498,-93.22220122828185
61412,4242.83399583499
68186,1249.5083799933295
20230,5534.748628652167
73528,7466.685445873434
90170,1701.8792451932406
26056,1489.644346719298
86354,2837.0481912228797
7625,11121.245632349819
27168,4320.53133656211
12649,2134.742794138054
96898,642.3893534963017
83180,2127.2371532587895
2754,3628.029202460805
71483,5570.556094969447
74779,4125.874474467121
30438,9079.196933876552
77126,1077.202513609665
21649,5278.341518888468
48413,2974.194128348367
14332,2780.2194760133516
6800,800.4927051919267
29353,774.8704545900791
45589,1079.7705190847928
16290,2165.4055426463356
95349,5473.999908696277
46980,4817.052186694449
66719,5211.762998309929
22037,1866.7744882772326
48684,6591.224024897574
738,2745.825769475925
91727,5859.429575630128
39111,6907.048913517878
69986,2054.9696925678822
82190,2254.9503559864334
63124,1637.2865862428184
18928,1204.0529340386333
78478,2673.6061826296886
98628,1254.731386520431
29963,4807.208404121158
37167,2615.5279598627676
35318,10629.580770082888
64978,2349.160545643126
93686,3575.8945229198
22299,4249.81735136254
89388,2107.55483522104
11743,2133.7401259165495
10151,984.6126706677328
78242,1447.8333409273355
26451,1777.0260354129573
89501,2060.2744517745764
58536,820.771941922223
27203,1149.133372906519
6794,1309.1590478233252
25995,2291.1821272820753
55385,5241.867016698101
28875,1761.9532043202244
4197,908.3223535498068
97566,1686.6825493182762
93356,2683.3107105242334
24317,1140.6041249902455
64054,2354.1633552709645
11728,1367.250778114354
94111,269.2811879607689
36552,-613.9121243833797
40027,5693.60312850855
80769,1512.1617362074012
75528,11354.045899300176
8268,981.6101152195165
88526,1272.511847245928
45795,684.7076524062445
29462,1165.501805500026
55352,1147.9797418015191
33297,4865.947594766835
15044,4272.1406852767905
49816,5031.690401786198
99640,1206.428795293747
6350,1918.1816684090675
33967,2425.911996196246
36190,3018.342055598438
51393,3765.5905995748517
58043,4245.559194717202
80514,3571.9346080430737
66349,6713.925070950843
72369,5153.003391501227
64490,3843.4843055646315
4833,1554.0306539186613
2167,1812.4510593798475
73432,1690.4963696257378
20018,2161.5338018766593
17116,1969.668540919665
2812,7802.338391714226
42336,7083.39674021603
26784,4762.76658615968
39657,373.31101604405785
59540,3779.658102455645
37510,1460.6737309668638
96049,3023.8023751285614
54082,4744.675612173101
2851,2468.18842547175
37574,9674.722568943453
47322,4003.415715855762
68688,4470.711819350427
51922,8315.84099845228
39695,1094.4317683316303
12062,4044.1350261843936
85119,1200.8267700851566
60672,3897.7356955871473
17439,1300.7140714270809
7316,3139.743173224175
20193,2499.7706444180067
94834,5686.379872092127
62841,1452.1340207801504
51525,4694.602983991073
95714,3915.567841345527
93409,9116.810901847119
15704,2480.653641622069
35069,2788.2395973556545
64316,518.9451274273297
48991,10354.92331706292
52294,567.6571032594802
60443,759.4232432618942
25751,986.4558848549873
35267,-679.501676716045
75763,6853.175766654547
25085,-144.53691728637523
7090,2579.426313750226
74788,2087.517769167692
70695,3994.237049810516
83206,850.298653546708
44475,2100.7577279677316
44195,2937.208664619401
38430,3694.8123035835015
10828,32.56536833467953
88381,5752.198182816209
3351,1043.8498251644237
79102,34.64972225914198
71305,1254.0998267389755
25383,6311.349803478254
63227,1831.234413466855
14594,1441.5557016722623
52001,1519.7492827426554
33054,1900.2414266389633
55487,3996.111022155743
28355,980.4840120780946
90244,5140.500598075068
45803,5982.058843931138
95384,7814.328361790444
93283,1909.859565336737
51461,1160.828180177511
51569,13194.538537147633
86468,580.3452635887302
35251,1887.9182356378767
25428,10346.249555263576
95382,6330.422116988787
49667,1172.2893405024588
44519,1212.1297413834177
42811,4443.93526424779
61052,5435.5538088567955
26973,3018.418847039925
51879,3181.977324119794
26941,1263.4149257282734
22806,2357.932312871623
11219,1166.041410760191
99609,5964.0899262356015
33482,2339.957164045808
9720,469.073795480288
43400,3071.417445244354
39682,4737.3738905777045
26577,3388.9920153198095
42581,9087.50222099034
47909,2089.6718882888817
33386,1181.6537754624878
10897,214.30869893183808
6172,1719.9783720677276
72837,1739.0111952923564
57518,182.60472297107435
49825,1379.9666115421023
94794,1134.9775770320512
84184,-346.80048440931205
27018,1047.7668301704534
78938,826.5300188917004
32660,11671.480280795044
49261,3184.4716959516127
69108,163.51718215769188
8463,358.11798590721537
28618,5009.173671866942
3575,2070.768309152746
4039,741.6347193867337
27162,1688.36344241004
61231,2002.5387423013467
64353,1161.7575567256313
21118,2897.3431669929732
54835,3549.075794285857
15659,1942.977248696969
94215,3216.8767658147535
32107,1702.0970905085956
10073,1616.9916084532201
43372,3333.5189503085194
73371,2695.621115926063
58700,698.5590162597537
63802,1475.9049608123737
122,10932.28919100924
67041,1299.181371996306
9748,1768.2274916402182
55597,7098.318523153267
33606,1895.7159066127886
50669,1618.7258224273369
1504,19395.56977971652
57916,3291.756320562052
32342,1096.3415545320395
33874,1401.8720486411066
11872,4273.057439116495
69832,11170.549508038705
95139,2036.7005258672705
43450,3095.4050920827685
32968,1452.6040696536256
76636,832.8543080583827
71594,1097.1445400474522
8640,1770.28388285875
56483,3960.560443191437
93835,3068.8751156431563
86349,3748.013029409923
76488,649.6417858696645
51741,3854.6869137735825
91833,6098.465567337388
89528,1785.237946826058
41520,3295.2202868034387
38768,1445.7677092330969
94948,1068.0612056063296
47164,1500.9295755126664
48904,3156.1825228929592
47087,3411.5020816254337
1201,1909.978543941675
88886,406.19029523837435
27790,1939.2698185489583
82979,1283.0591613567035
98390,5019.311995244939
39776,1721.6946021987194
84121,1870.6038674221045
63608,1034.7663881570543
25727,4774.342227037107
53195,1531.0157780437698
58243,1828.061800147667
46819,5221.525327328205
93462,6030.507455204719
94350,3153.672076237911
23792,1744.5977536895623
92185,3592.4411845169006
33792,507.1647337849172
19003,1879.1246095139966
71927,1184.09042058576
80482,3117.436729640318
10895,2302.6841040641093
34038,3080.4345131766595
49699,1729.162821809365
71513,1417.0701089625923
65148,1427.0701724421024
85668,1691.2025177001815
52336,1893.368614669984
80809,2663.8215442887586
73330,7652.024346632601
23692,5686.761083773318
18167,1122.6397450446543
42727,645.3405150167246
51076,917.6116280009433
62099,2582.2595635799635
52941,2097.967865272011
12676,1478.0767001560343
23655,1823.5117164708568
25035,742.0443986820328
37058,3850.9064875510485
69965,2817.0614303232223
65225,2286.0056125276556
46586,1775.1154763216393
16239,6305.371405479715
82678,1734.0077717634872
50552,5438.799369467919
8355,3262.406672006925
71827,1010.3674001690151
91348,963.2085627373144
45147,2421.6088936556475
56855,5703.976609220517
98470,2849.408836800717
23342,805.0773928256908
55366,1883.7942267937763
38943,3212.9252576384733
58052,4279.600282889728
36098,2423.0240114815833
69164,1319.851223655453
72031,3372.940721396148
87945,1608.2410425485555
25792,2282.7947485587047
29316,1850.980679678561
29505,1050.5226328084655
37448,67.3652893978392
6686,2448.256368674851
12213,10688.720148820747
58686,1350.8035501995905
97623,1380.8171966715054
82623,248.68244858341268
68269,7834.544498930323
95395,5363.967249670877
36509,1750.8002183701383
54638,2075.815904781961
81134,1964.014106660647
53725,737.2593050509549
2163,1648.2328887460762
74333,5208.604640478531
65752,2063.770435313533
89192,2069.2610197551962
7358,5218.293022556118
13890,2190.3211516443635
9125,1562.252718857253
22903,790.5475082429748
97521,6695.127993303916
61179,2183.677136623095
76508,2162.5813245126246
98949,1513.594149125623
96164,2182.780466056609
51542,1575.351316442595
77001,3548.8204490197927
40090,7867.740930276066
6074,7870.442120716574
88455,1974.3502095408435
60490,19400.67049558321
80808,1152.5095835825682
74167,668.7919771018155
36894,1441.9835585303176
25447,1578.7414958036861
89060,106.89454831833973
62830,1830.4649011168397
50280,2264.7080507439186
67136,11422.831825252717
86694,1583.7571260052387
70634,1852.1557863027954
17780,1074.0466265070627
62258,3419.828863828122
38412,4209.779049475027
98600,2597.065852583776
18062,2876.3142549594286
66595,5118.310181472574
85685,629.580030858941
70608,607.3837251298492
60021,1082.3832937760985
49247,753.5013964831091
57608,7861.432539946988
2076,-259.5469961377853
73979,763.1447441055147
76174,3228.1999875811653
66965,1740.0211872508662
56856,1868.9422130202834
18975,1596.8113398695514
15401,1341.9441485609723
734,1128.2708352666668
71695,1575.6591613366454
18553,3691.8258256483023
60406,4652.569480125694
23438,1327.8554872316313
67442,2627.68958972068
31513,1266.3164903062725
66406,2431.5506719320847
85695,2385.742853715592
43407,1242.588939302179
42592,4203.5290143621805
95737,2523.126812556784
12603,2799.361061403888
2869,4920.843631341709
57114,738.513343135116
8165,1579.9835963338614
62452,3933.9054586415537
95558,412.9801359591129
27590,7309.20250978438
61662,1514.4914412918265
59731,6900.601083498496
48590,1741.185953805773
94620,4194.5524028032305
74700,1491.2243478119003
55541,941.1375402791946
81491,2980.4329090151277
3071,972.5290033444744
32434,1514.1329329984328
89058,2118.2606734335077
93068,1072.8716408828532
23289,1443.4087352163228
84405,1226.6155413536967
93022,1173.1093746822075
73411,556.0324916548248
10134,1992.5032080829942
80338,1734.173637778584
75312,321.74159761251485
40722,755.4177501752256
32850,4783.818248249969
90278,6052.009950936318
24219,253.59967652168825
4835,4395.679619567825
68919,1025.3200523442983
96314,4449.599676095168
62477,3581.8254197508113
99700,2364.0344222256745
93505,5676.737906643752
37698,1514.3763972420825
45409,933.269127120594
82587,164.21308395412052
65933,3020.2238355544646
10407,2703.7839659993488
93838,1466.5426013177757
75813,1980.2838583764124
28296,1199.923455559112
16748,21453.054221031096
19285,5375.945271858763
73903,749.8683457923889
50977,976.5025078764857
3984,5519.309604404592
8678,1786.7385055255954
47627,1094.0607122047209
12737,10341.09275729713
93681,70.42986427429605
30415,819.8659392989894
79866,717.2519975572736
62576,1450.2823427352132
65716,7676.263150896307
62307,16341.9857267076
26800,1011.5596189025446
76222,7685.345178112184
9594,4983.355370411726
86870,6126.450292868682
66502,1350.6685690082973
82458,1187.515196811279
81037,805.435554326888
50511,4514.941940501131
24125,3225.7562450092587
74058,7668.110480250234
16371,3129.5664247686345
44662,6176.290527081177
52012,4973.982403463458
96171,3748.061266499284
59033,1300.8818774068336
75794,6341.494923408977
10759,1793.0269215518017
81890,2262.48788439478
82795,1121.5699666811379
28639,1335.9125498435037
70566,1980.1877062517308
84005,1757.2196348673524
10309,3441.5791259313755
55371,2589.177202283945
20678,4627.224659532599
56377,1170.2990748517423
21831,775.5676469928794
31120,1286.8347671586102
45793,4172.0409010644935
50301,1234.6897689889656
83117,3559.0660289300154
87125,2494.5575626000978
65935,1558.9367273153484
90632,985.9135204268186
52902,865.092941725919
25466,155.61536282791258
53194,4176.553934444092
54242,1954.5988040582092
175,1190.1120838762959
20082,2606.5911263400835
23031,14407.023572201208
1976,5841.717574143681
34363,521.9746346023549
67002,1315.0967890459578
9791,6177.90304259217
1269,2471.0510933806386
71913,996.8133509384406
68710,838.2679975207179
84165,3598.070447442643
4269,1656.1118831818383
70670,1223.6339104382982
85997,2215.374984914945
71908,886.4221894759621
60196,-38.82581279694523
95770,3123.1157647560385
24188,1038.6030222344098
4856,4768.175578401993
59577,1753.9115945815718
59511,3942.8403845622006
4426,2830.417428729435
52022,2216.7558491480627
43922,4798.516699566346
77774,2175.8275750406115
96896,-752.1782177556697
80744,2198.8829299267272
64746,1504.916076094194
56023,1872.1462235474041
55200,4643.734107616656
88996,2509.1235306093513
99938,9271.32212562723
45915,1282.2475851139388
38526,3139.252726852476
62685,2300.4848623033913
17061,5588.30561162409
73074,923.126416300774
8939,3971.8089115911134
38282,903.1827573437945
31769,4297.994741387742
34500,3606.390584377906
43714,2194.1906613362407
87137,2852.76562148361
94621,2462.9941758698046
37231,1187.3315986117477
87603,5054.009529485475
77293,1435.3421058585668
5147,3478.419403107563
55509,1446.6544709425916
66209,3923.3754164809116
81111,2466.024116565097
66556,7049.090756648858
58644,4286.623994663714
79857,3215.3822209796517
76067,3194.5596496418225
59219,4772.78053606589
36406,1611.3306116486242
22060,3867.1165038213026
59659,1270.3217994195093
79900,3187.226486401167
78417,1358.3230330544566
97409,4485.277256637604
86787,1698.147168143279
98807,1408.3123190172855
70648,4089.8415962850913
79960,2948.750381231638
49394,1539.49780438172
1412,1143.3390931128756
12586,8257.683809701373
74511,12485.298841715012
28701,1531.775581039703
33180,9400.430024628136
14023,3119.051673682983
88292,3452.697324371081
10580,707.474331976151
62578,2241.761573038084
1406,2676.4057031455927
26244,3204.9873349932195
99869,2586.421174559182
86316,14614.06703676488
70812,4452.662777250048
61451,1911.6689688625734
38462,4751.755012760712
99626,2595.2224968187675
86568,1569.7665492373221
5034,5606.843845577096
45117,1733.6904840959075
52624,2184.589040413598
71249,2530.908005667286
26703,1013.8385185020538
86640,2084.116501927997
62198,2962.4912112777843
84411,2142.4975456742563
78496,4116.914391774134
92201,1481.7261353838144
7719,1293.8050476687677
67329,3078.200931143066
26828,3291.35869631778
20612,11009.175301671607
40928,946.7797141985684
34105,4050.6482844007323
45498,5997.524752544652
9641,6559.2287193720485
44429,2481.744865028607
26844,922.5009318066996
89306,1616.5340789511524
97249,585.2606934293945
76092,1600.4141297744904
45268,1363.777994199284
94803,2756.0189908693183
42675,1298.3364504071296
79206,1210.8105532069512
67118,2946.2574360976914
91521,402.7256620398912
85721,4284.501463232849
2951,3776.2486640359725
69227,3121.4589699566295
31499,3005.890334443481
15310,2430.304986000511
83558,4953.408540500517
39059,1470.7591006694388
47367,529.2610353770933
47566,2525.566935827393
71782,2998.061897018183
71301,1893.060464276439
85396,4254.351306978297
50083,2337.2078739502913
18815,1296.169038824935
37926,2057.5365169432666
87500,1267.9744370275102
91855,2071.7859607161517
25322,1629.0696330164324
31001,1460.5106896842217
994,2246.517471225169
8196,3101.355988786895
41797,2704.18773724955
48823,2007.1822159357762
455,1497.43950834699
29717,2108.3021515337523
10646,1518.7773914580362
25988,2059.97817193382
44381,1971.044161872002
18784,2071.5948842062026
18540,8117.225544456959
83194,1110.067312357577
26331,2338.4556966326145
63253,2202.464812009776
19715,2918.405268836707
78295,746.7168748293357
26373,5058.0827791749825
25175,9980.750275062866
92735,2174.896875723752
7746,1129.3066945825385
33949,1311.835530425014
3357,1609.7343565279905
94229,4989.780880140636
99457,6685.752989978808
78808,3411.275852861479
47093,1769.1570062164394
34287,-325.18406914303614
35208,1181.3671185056428
30194,1420.6914774083843
27040,2609.8160635722897
86554,3988.099916469998
92545,4210.082870617889
17102,703.3900773008127
85692,3637.7311597950643
89789,2512.9455891033426
7937,2035.4229688048986
26111,3994.564269915225
45134,1839.745249155477
78952,2065.540968361179
79540,7138.209622068309
43888,1093.4166126320479
37225,241.50003313959132
61621,2362.031168281688
66367,1540.011567417867
59867,1958.7888066531418
91447,1015.3200242030416
26550,602.7540365237674
11626,2712.656827454348
5645,4954.0868547329
98672,1676.5780168070733
86903,831.3262099519357
26087,1984.6877407835882
30487,4966.643740581759
14894,-395.74942740551705
72691,1728.1691146758913
48432,1735.4255002213013
8514,133.88750810666215
6763,845.2663784165661
61539,1321.455016808136
48618,3419.4229714611697
35183,3328.841202378312
20220,1181.5770702435257
47493,2089.444797229788
73313,3497.100464388721
40600,733.3207241651462
51255,1564.6990725994328
83777,4349.869219370528
41400,3432.510923239626
58137,2563.810759381139
44914,713.3016455959905
85442,11334.530220011653
62418,1073.412822048947
12431,5905.649143263847
89460,5775.374890197461
50183,1297.7408091969824
25013,17727.13876881831
98907,1151.8666752909153
37858,1930.6345949757779
72175,868.9855143902778
16119,2038.3669884481324
81369,1287.6933624876497
80761,4485.137139062641
84475,4663.49267462878
98451,597.2890682304255
27421,5547.650401914053
6458,2943.485764522909
16193,2618.7806839035875
55340,1949.0504253962486
88565,3315.629362763799
97067,6475.714238716384
22058,5000.322989626142
46690,3099.8277208567442
35941,2855.598516119532
87213,1578.8617839235203
42858,8819.931824929714
40017,1173.2618611430853
64364,4019.0455780888997
92778,1381.0302555603894
62216,2975.000234282027
9989,334.9358869859575
38653,2450.1420872718436
47647,574.8858994252287
18831,1900.9414856669334
26411,3703.226975753321
3906,10755.98839060851
41530,1716.4350634422376
61079,3313.158792836465
50738,4045.7231097100503
98296,2712.3943575168487
76849,2430.6584169493244
244,2496.0496767662444
76614,4074.2079562836107
73349,16924.991543412776
81750,3107.607940758083
89364,1341.33011389476
21461,1180.6996971441276
71607,1433.159834030001
93141,399.44692842976747
35769,1536.718180004897
55074,1933.2306661658217
67300,453.4725543601353
8061,4500.7118599033
32197,1698.7925965118368
77125,2701.9514049840363
31826,4083.1758040109366
53278,875.2216024681325
82914,1919.6976000584662
94969,6145.918049767659
84928,154.37793328797807
10670,4286.0798622719185
33737,10595.663255413678
57535,762.1802954751861
4561,2969.31062142311
89504,4945.303293506557
1301,131.54828252866082
32743,6562.865462918187
19786,2741.95527134428
39898,1361.577884546557
78724,2087.4378141284897
46633,2100.2936041869157
2592,2389.4207759285423
10680,1321.5945829246302
80524,-269.91584307234007
80314,6507.307916949105
32185,3094.7052582399524
26221,6443.357851224372
80734,-702.7254818086385
33215,760.60651834279
45167,3051.386663560743
20332,969.192321637046
31863,1421.7264935960552
38834,3878.4518447495275
40616,10814.866620605737
95282,927.5323922291236
5769,1987.046056179666
98321,1445.1043801358173
14115,768.5101805543891
22714,1293.872054907561
62982,4677.303975930627
78902,3608.2546179064166
89750,2734.919472331413
4894,7400.786021062342
20385,2832.026867576734
65847,873.1730477241517
10190,1693.7141203409228
69551,209.89140999433494
87210,1981.693829414545
27154,1727.4292179926802
55478,1644.0494832246557
89924,2594.107724644059
9579,882.9238881848291
58138,1950.004594459785
45033,4032.6609760626666
52491,4443.778780991053
89228,7710.730791496884
66973,2144.697333218207
67553,1347.9943971860803
74065,1793.57143266028
84697,4183.360408922512
19536,683.8818755133098
96415,2239.5605944931995
46757,577.9071251416444
45400,5645.742615273755
67037,1071.4556269236564
38823,7022.236724066483
32192,3951.506909908542
94202,3727.4665029276825
88855,2570.271702082023
73452,1161.486787333074
96266,1298.3481504031843
40917,1908.9335923264407
39163,2246.1071182495107
25500,50.664960245771454
74950,1447.7675065062385
57010,1087.741313950124
36422,2870.5581999561964
49953,1871.9514424214685
58618,780.0018170743779
62405,1590.163374628416
25419,4696.972140848125
54717,2395.1126386518335
91695,1165.1693036828865
372,2395.0882511994537
14938,1840.5003672951698
10602,438.8453935493021
63160,3048.528945385479
9508,4024.1126653803667
79744,2044.4953127891665
15862,4030.603341312914
82994,1435.6978030008822
87748,3763.6426533272115
23565,2099.186597889796
52900,3878.196700041037
8928,3259.2289382776785
47029,3315.6299005467613
8809,7006.083273860104
53551,535.9701325515998
63151,11553.49843394686
84014,3504.8094872986367
28455,10391.286779309754
8772,1713.2736762650181
98788,1264.5934146491122
91682,1279.4471047678617
38310,3090.4223048372705
82291,1830.5568150226977
51925,1896.7570890193272
64171,1069.2253478869475
79763,3204.2322596110776
47424,3481.996093085406
33515,231.93766507755754
58207,2075.5351491742304
75347,4068.1557236156277
1601,2545.786471672678
48603,3266.3953700752636
6199,432.60553882536215
41496,1336.7493179174853
5779,10428.382477777093
93596,3748.7020525905964
19428,1584.2067123542665
37151,2232.627190735984
87634,887.9922065634637
77176,5955.7004568955945
92437,682.1501545690066
5537,2285.7687683714385
23106,2916.0681338533104
72759,1528.927246777178
82530,2256.507510586711
79854,2224.2670923196506
46095,1936.2090675735035
29549,-750.5966539354413
58691,1110.9239095717153
17584,441.8859016236279
62756,271.6549372204222
45418,927.708188657949
33440,2448.1121991019427
55350,36004.67097566495
36105,1463.8926829206866
52140,1668.3623837042542
26360,5226.092578387525
28707,1311.057750692603
11303,256.8170254260358
96892,4476.643898806631
78286,7267.079651111251
31231,1540.3449969802768
78445,29155.15849805721
88989,2210.3601083911853
58489,2198.039280062247
90090,1544.268447778837
81627,3500.5815536314158
71484,3166.0868407208695
75587,12.000581889325986
62186,2019.6508906178801
84920,1050.5172850293575
64962,1795.6072909554764
55939,645.4360637303503
68647,3466.178513317559
53375,5389.251392335913
9943,1322.4556588858613
46587,7299.992527491405
17084,957.8386366120353
86761,2180.0570717588876
73613,2833.7270134854175
78379,6967.492321570176
28026,1644.358935158456
2985,913.6545007781756
72896,1461.9120912793082
38483,3483.635673520668
89946,2761.49616010326
22315,216.35613571251497
35934,107.50637521153749
87923,816.2156229878192
9177,1121.7041750058347
57215,1845.8917417975626
9712,5259.9155082059615
38922,3940.924044070974
54411,4500.236685072427
54900,983.6439910105755
36582,9188.241149985133
76016,1904.2141073029732
98019,1028.7887199027127
80677,1899.16437739519
47883,3280.1142505044577
21082,2828.1571903784625
36971,1582.2866387244276
72331,1053.6873049418682
75827,1531.8401831021242
58750,1484.6598345018451
93679,1788.0224168613265
67641,2374.0442172650046
5892,3065.058169859539
62806,971.4680553742273
89185,2887.6800093480906
53408,6891.524518006623
12338,2874.596544410753
56193,3092.9450318535064
19634,8300.78091361131
75155,3438.2751352099463
73665,2646.6321353459093
16679,1486.3918851863054
20001,1745.014422576155
59573,2364.7642057659323
6239,4763.853427077764
60932,3752.0342846697376
50409,2584.8456267004485
44453,4882.246589213657
18145,7777.2923437817
26276,2803.7297862665946
38498,2527.5889910732385
56606,6837.438562991976
15333,16139.546756474308
43780,5993.515892753533
47469,1192.30323202814
18332,3298.224683770176
70573,5301.691908117089
24043,1110.6735408697105
30995,5716.499690192468
79479,3073.1806145250885
41158,870.733124161155
95777,2527.857560111749
9621,1042.7704976793348
56502,2584.2900104505184
47400,10283.02872497001
21812,852.4667776787
14414,572.9263073008001
89523,10207.04956895245
61012,3101.195770283932
36256,1763.2865915231237
61634,1997.5468090933573
32126,4953.504514215539
16298,1753.8163708725276
42270,1524.0144374876022
95228,2908.1761572306305
81057,-188.79639269971813
73884,2910.614654896204
35132,2913.00695134851
75231,5303.340198954751
62926,4827.939659966936
67387,1496.545866631795
62421,769.388382738668
26987,98.76851707810965
36717,1383.648114725297
67078,2222.195315579428
61877,1536.0425449449644
66113,1973.8610656205005
6421,2633.2870878120766
74394,3599.9762778492905
42909,77.79056282542115
42563,6050.491148713751
55542,1314.2879670382085
19583,2244.4783759974625
29336,2126.0185079486446
23027,2867.053873439768
92108,1119.5550434987085
18310,1684.273414333342
69394,6535.88511435277
81189,2849.2263545184815
43321,1563.3517967770604
74808,104.43777892463413
40332,997.2190624570403
10041,5921.493914119395
33624,2116.2453623428582
48587,3704.4143953172625
57792,1372.6788070123457
36202,3350.7727535031145
35170,3319.421943886665
53867,855.2257121763023
30592,6464.028688864806
38548,1211.6875442776936
24881,814.1458171791464
58937,10986.782072537691
14808,1495.8880859445148
11187,3339.8177073869624
8938,933.2382187940093
28290,1191.9958750276596
51570,4614.4026284765605
57511,1267.5601786734615
35615,4062.880126058333
87039,844.6313461329992
47358,1215.5357400602047
5231,2234.754580134554
71116,11044.90119301988
20669,3877.8434612256883
28336,2803.304739480918
46098,1539.9997615999036
20411,2166.319513081724
73556,3129.87114423415
48398,9172.411249779487
71716,871.0755009588388
62337,1902.2058652709138
1562,3880.4101748400813
21888,1319.429246787246
72433,1397.3392102358675
15509,4287.32761381286
39493,2079.651607891047
75058,2732.8667421639375
94961,1477.887566271801
66137,2458.9317846721224
2089,1008.5245546671676
43951,3120.715261749136
82909,6534.957697683422
24081,3223.1918954940743
51005,5939.332999023102
71411,530.8031761530965
79785,5785.584198956189
31217,1314.6158401904859
73174,1627.7422997986098
5196,471.61870015063323
98215,1514.6287644825652
9616,3266.0165286215283
69994,3607.631518292572
98469,1344.4353315756202
80367,883.9564089019341
19932,3787.298287507532
6131,1706.218535783863
12950,1495.1218241517208
82080,2661.4571338522196
53203,2529.4366518430497
72559,2669.950717109832
27636,3672.3224741289287
38784,699.9181206473427
62024,1166.7306979540267
65651,1256.5694142621933
61420,2729.440090848153
71867,1119.337806183773
96434,2706.775211756878
20666,2402.0157079306305
81385,3641.028777791309
45995,7230.233883769323
46990,1760.115444497396
74422,3103.226227237228
15963,2609.375407802591
47450,6239.227575899085
2554,4793.900773519571
60810,1309.1840236664898
3639,2049.643658482204
43382,4322.531960265572
94455,2351.396099656402
9770,4117.346853484628
80372,1732.5185250724392
85650,-422.0814386883453
49649,7539.732971279665
92500,1504.9573425037192
24840,2131.160762225959
1993,6872.01612772432
86996,3086.0575944639368
70293,567.3131286449125
60458,8023.693793015718
34195,3992.359180614002
84573,997.3290934501183
93229,2703.201921606027
76833,1725.7646624230856
36974,1894.9352471324198
61136,2392.404825138939
16673,550.0866334136795
56982,5222.758478584093
85554,1819.5137541977176
81404,1760.8237109789939
87058,16871.39955469594
17218,-93.95537004460994
62834,878.4354775731126
60019,1850.9608816738946
65080,1164.3853316407476
72285,5312.761722290286
9681,1582.073897667025
41201,2303.6500653132
11611,1033.8730982349448
99333,1202.166751596752
27342,1248.5408896193153
36106,2628.126342003934
53656,3120.893493468005
55977,1529.7835346428005
77500,5193.080431201917
85488,3755.688092454288
84749,2101.7098440966834
60723,4729.525503610244
42694,983.8669076065357
64536,2616.4871571882277
2240,2346.948646790023
17564,3547.3934132439
14786,4350.535717003
10446,1469.526667676172
67676,8686.368944837977
83983,1792.2598022961079
46400,1114.5801591945988
83212,2491.083611811986
32102,11984.547512915062
31856,3467.905735747792
42429,1473.0821869561737
23817,2008.251543120736
77203,3800.007885073189
41321,963.2953427711323
65357,2521.6830816291986
30408,3222.722761274831
24325,1007.0478778428114
55978,1729.2225460751945
66211,1620.8720431966656
98436,2090.3365734483186
22211,4140.00505311407
10807,4539.848983640133
19369,2165.3142566040983
58913,898.614053104247
57491,3096.1170363315664
11150,2405.041317244035
24639,6335.277169080852
30380,2678.4173934553
21019,2531.056039635726
60594,1234.450807928591
79863,1721.5793824469686
95895,3078.631589887538
2026,3442.367190400093
81721,668.8197425807866
83800,9707.496743775266
12299,1472.6275597082295
94336,3296.5720881207785
99190,1121.028073452535
16696,367.9436695055797
46720,1190.8158103037636
86338,3147.282321124904
69451,2851.842983521062
94526,720.2142124373049
17275,1922.7494590167926
17915,1681.6160891305242
85009,2387.1018269632236
31400,7412.32035787711
53601,2588.823024158063
84349,2563.1327328500706
75750,1238.2259225507332
67634,2835.407465074763
42816,1903.797009778932
65396,4402.931087755209
65958,988.7068340974192
3165,1281.780666839828
33638,387.16890390523804
85516,1290.5280102601773
82202,273.94643031287296
15915,2737.6963841209918
85520,650.877566880959
81038,972.9751366239961
35694,4172.91364190705
90653,111.26214462615735
59583,1789.6206458234087
85304,5521.144667650149
46790,1412.5406217167351
74164,5127.9160902762305
2529,3375.169282464078
46249,-426.2214762401918
48670,1677.2857643951018
37859,1425.5467367072224
11759,714.6326375396966
32075,3719.7774954890974
93026,1365.2902663620407
58505,960.1125117280258
57248,6951.645109752602
73788,8629.874027340473
79724,1414.6943425502072
72484,2059.709138510395
44849,7644.249685459772
79455,23209.01343308139
82139,4034.959417955106
85373,3028.9158488156204
78008,5592.914198937391
96773,1517.2670030196718
69286,8384.319722740143
12864,2148.2970215096702
82708,8552.228104421574
22380,2965.1245478731566
51051,4581.995419794116
47844,309.3505401813454
6820,3827.82075348602
61913,4034.69784325315
67161,1152.5812301576452
95176,4394.7984773571825
62733,3413.986777211382
37039,3031.7772606943267
36248,4587.936092932448
18326,3926.311735611888
58946,1924.5735637724506
62259,3353.1502646804483
63321,1735.735124631731
61585,1822.0317562283535
93843,1312.434959171686
84140,1876.3706570969532
54603,467.6360761040187
21085,3191.5253457784975
53895,1799.6510257326845
89215,695.5122218499728
54684,1160.9447109313396
5918,4765.907078287018
83403,1437.79704617471
38912,2620.040101902004
65900,232.22382327850346
56520,4287.917731765387
44904,3342.698471763745
48799,1061.3760969190566
42911,2814.74026957729
13110,1722.6594201813798
93099,3642.4635165984714
6685,2988.9507068448165
63793,6204.326909933366
83904,2383.149753366026
26142,10722.17733925466
37158,582.7943573943435
41069,1967.7748834815266
87819,1595.495683824991
36902,1108.8450816294371
35147,4974.308870012799
38888,6973.977577416563
3887,656.1606221267334
66632,4444.865831751134
78119,1403.6964625089518
7807,1418.1506791340857
31181,5738.907964371383
51443,1475.9114627771828
80426,4440.706221733487
37777,1586.4805751481845
58205,1113.46469854709
20553,60.97858239365769
1714,2295.782296097083
90052,1191.0649933993132
91784,894.4963854502894
97392,1412.4277911355548
76774,4960.710166616552
93582,3347.1652039744927
62582,1917.6929749861883
15022,3263.6990397668606
48859,1416.9000608843594
2638,1233.3753895541076
81178,1359.9833801812247
4029,3021.5754267058237
35263,2606.4094992059436
98892,2479.1830223446495
47831,6766.964509066234
91035,2937.097286290294
58443,2357.5346356500286
47369,1451.6300946164556
46881,6282.402609128136
46749,11854.220958794716
25141,3212.3888246347956
36667,1045.508271224896
30749,1490.1625368108048
1289,2090.1681117448957
68448,5598.040822989927
43446,2085.9239179568926
25923,2947.0516341573225
70658,1936.073292276428
66052,1267.6701551885517
55755,3174.85982287218
52223,1363.7660317851269
22485,13409.508793648809
61514,1082.9294149414936
88308,2098.929667334031
88122,-86.37035705936069
60853,1407.402162129576
32944,444.4031155609946
78300,2472.7120773461047
50777,1671.5835007999651
66458,5363.649551115612
75127,7458.547507631503
78038,4943.318092417659
44238,804.3986315720604
19551,6703.879708699051
50806,3211.1828165443253
17554,6857.306992011674
60155,6748.520730026813
39428,3094.205688030507
68479,247.28581173060502
82669,4326.279651751067
48329,8359.317390964594
19671,2484.2546242168573
74088,3474.2712395869976
67011,2234.68532648568
33882,3876.798089202448
76671,847.8954589614764
77415,2942.7031737083757
28928,29374.013144514603
7239,2421.771945627217
30450,2259.356840306523
75093,12397.53902133133
37339,1851.4404400559602
84135,1774.4215990191674
12690,1165.8952174628648
10003,1816.430919293709
97387,5535.172957512686
70481,1782.8683738120876
42067,4411.024270186797
60564,1509.553424402482
54805,3592.264413887411
56638,1465.1982851723742
74721,2447.772738287842
92772,3042.392583940936
36113,3765.5476138508975
53135,5073.384732692499
43972,1268.1866834845073
61191,2578.093056080899
76483,770.516898354409
26930,3065.1330735697497
97222,5440.548108339862
65909,2399.8306318939112
28568,1097.0990687657963
8203,2386.741503790631
52886,2679.4923336811776
76686,9578.143690965231
38454,5051.178244418709
45685,3317.061634326221
50011,2388.1604350648076
79339,3687.941551493894
34054,960.390777850816
71676,4214.457884617876
948,1715.3854401447477
7498,3808.012500189967
18166,4104.119346307478
74384,1426.3463528994776
10085,1261.8757431175914
13268,1216.8864457958366
10889,8922.416007140686
99250,1689.8834795920402
92399,2025.8631090734862
9172,3203.6729188532136
98489,1402.0639135496976
97923,2146.8410940592585
66780,8328.280420755587
27026,4961.62437086916
87977,2608.065691400924
59251,993.1617767882012
88123,1891.14596022086
77894,899.2620218011316
8532,1970.1924616870417
18420,1847.3434442386956
52642,4332.314177059157
66591,2054.006199142796
54801,5641.40559382269
58342,1754.1746859276354
41720,2697.6382285366385
73765,997.7607780554022
6185,3344.9068784217143
7638,2644.9120183781356
50380,1537.2036474450565
77166,3018.3510985433586
31039,1339.6761837098302
91236,1003.7317718558543
68695,3645.7990734065424
55101,1107.5089227423973
48865,2798.371036252316
30526,773.1981659556704
32823,7189.637618783643
65584,836.4538243441393
20298,1841.2665918470536
5783,1666.83522429844
90377,4300.126858372238
91154,820.7028714787057
9706,1285.1101733028304
82612,73.69563874818641
69674,3097.019060283992
35721,1620.405677068424
86413,1218.6355392578885
36232,3698.372157681081
73430,4155.458665337536
31664,1902.781339189186
31228,3143.9885173799235
79209,7246.669109024804
14162,1815.6453130920024
96106,189.30814078980666
74003,1862.5363600712049
53705,4431.128748434746
4819,13681.887675351662
63114,3668.3932931398595
99812,1253.0106911778603
5654,1148.726386375954
16940,1130.9625021095098
25699,1712.079012514948
47761,1746.6316987512862
28809,2749.11672951311
18610,2351.823382627742
37000,2728.646763276648
13830,904.611429958818
99977,1764.7544435580835
36767,2451.5589846530065
90613,1557.209167951452
32781,7813.430709931608
64301,5595.935661529897
15579,484.72315738773887
41715,2194.820284266412
24094,1856.8393804950672
17717,2917.0045588135185
11492,1399.4227894003006
3492,1634.3260833027382
70136,1029.8193318897465
16990,2324.7696305732006
93145,2115.2341589954967
39675,8985.428460750256
3181,4112.112518617268
82922,1383.2168084216273
15756,11769.009130202887
51921,1798.3251294545908
28821,1913.043573267129
35976,2050.690654967902
53299,1090.9375546724127
16781,1261.829522909351
7262,1932.2435288949432
57543,1838.1495542451737
39613,3320.2908200360084
4933,3252.8063472188687
64750,4678.5501548722295
76991,4546.785204260965
6828,2040.7364572541492
17825,2486.0772538206434
46880,7792.04134737616
77162,4184.602472604111
10496,1327.0798139004678
48922,2205.041205861561
69774,1686.0154186350514
11433,1730.6517451437758
94811,61.7639180211454
82543,2022.4270294697765
85457,8527.233620004383
19235,839.4299323321247
30619,447.2403935549073
42464,1703.127965714511
93020,25751.15907447492
49396,976.263568687717
43337,737.0516595193549
77383,4403.686357235956
9534,1846.822432258571
83889,2166.2182037849607
2242,895.0452990753497
95052,977.9353915871943
67193,1395.30233387932
79127,1882.4662249136525
84226,1125.7948940986093
48600,1044.935235438123
72182,1359.499481890955
98226,6095.0287895275105
14519,6085.720672978456
46517,1982.2475790371366
19744,28295.609263632556
88511,2033.4333422737905
25890,1747.0348612580494
60664,2634.158150996438
65264,932.4513515272265
73103,3701.9873349523914
79407,3137.0402513609556
26827,3303.3562257932504
90976,3145.7762132017087
87206,1327.392881731539
96847,4990.245229347147
66555,603.3081933220296
31221,3355.7406269218727
5426,2654.978571135039
48739,1472.0778349403813
67301,1190.872409351056
23358,3819.7571342237743
76919,3078.0112377892106
67423,2681.4087734146997
3252,6408.5831461947255
43292,1694.4165602218523
8570,3425.472580283772
28654,1476.7740462804709
88056,7641.770308160958
60417,1034.1692504135594
10279,6471.703694444957
16389,2275.019851601277
38262,854.2566965976735
16706,2291.947659651231
62340,1871.4761952278432
98055,2216.183816960589
37715,7075.451832615869
61611,6480.143146211892
40898,1900.0063186115153
8661,1169.0136420937329
69792,2358.093004846926
68117,4038.4521768908876
68805,831.6685799030265
34590,1161.7942470455291
98200,788.0431620615768
489,6492.979862069205
45534,127.65828733003309
24846,3447.3665408875813
94388,1283.7245966037967
51969,2454.258268714029
29888,2421.3349337962254
9359,7217.250273516556
28989,2402.295332001834
1369,1176.2476565597335
24614,14625.812784923894
27329,3622.9623233250027
45505,153.17570824659515
75742,734.148430313704
90194,6224.739377931652
66772,5384.2555892194705
27836,1727.335026702359
4268,5541.481762549195
36642,1922.5060702792773
59985,1745.733588469519
33001,2154.1234432364154
82647,2891.0735933540927
96353,296.7161489312907
45067,2522.126117976415
7070,983.3046764188412
25762,698.2560012836248
59112,4797.75400920038
82987,1018.8525143312086
91659,3423.709947594377
98495,6760.34815057604
54948,3644.1585223449392
10531,2506.0371646323347
37838,3536.641652814694
86994,2565.219002266018
87706,3733.416883760338
79258,2901.1440662378945
12237,3356.9276522378505
52243,1267.1805897872832
34362,2528.6103617949866
11202,1128.3166698791038
23283,5567.694047806316
41906,3929.945409675316
32295,1862.1565371035765
3657,1683.0943534459766
17089,4587.704949048928
79756,3505.317151389539
45643,4592.336548693645
33462,2830.4946271628683
42707,6284.687273733908
46131,491.8579360995127
21115,162.52792160872468
31581,1969.4333982420585
43492,2258.197722698886
89043,1431.3477129675125
66720,2335.4122895283053
78296,3134.3100760301863
89298,3072.539421090225
95027,2124.7323303163325
50055,1130.3870243943493
10388,649.1564978039605
29515,2320.9459336703344
27799,1550.8844143821962
60133,4264.577548354672
54312,3007.4393299558883
95290,8825.895702579674
29307,4432.291817651861
89480,3210.542923521487
47535,5327.185704634339
95224,5562.91239002222
33662,1980.534920413747
52510,6200.200570103196
60290,2419.8633809622024
48053,1612.8631892925132
82920,4230.628134823431
90767,5672.600252579803
66729,1752.8301026409617
44929,1928.630252405202
22600,2011.7124892196307
72799,9159.359147765397
85958,2453.528863543582
46869,1724.2643201337878
36852,693.0172961667104
28214,6335.236440180999
68321,959.55638737461
44585,1883.3836601453634
35774,665.6823597034045
69031,619.8882441029082
56118,1278.0657954303892
740,1918.8743433040725
54353,1943.9825083648725
77762,2363.0072469845536
9927,1060.5191257446513
2471,433.0115119252673
88531,629.2088854107333
58021,7800.160253852306
80210,1939.770190627025
3700,648.6499989661024
43724,1738.3305518751295
97731,2768.029338520832
49062,3325.6751017328183
64134,4436.37980003233
80619,3768.6723632066255
30885,2001.0782388693847
12475,1563.2179402297515
15990,3063.490751297762
31944,846.4531603366613
29502,3008.2448202075584
81464,1472.0543811368966
91024,2254.4607160157366
23300,4609.4857235774125
74512,7942.42702770598
33999,3371.6360924015025
10705,11309.170808066992
46345,1293.6027461318954
89113,2643.5107725088938
52604,2158.4706943913716
6810,1390.983759430991
84273,999.6204201712176
40119,6113.389434729059
55737,3335.3845460636717
79735,1263.4511560807832
51893,3020.297129829849
94189,20523.66978830867
36177,1871.8370036551196
29280,1321.8518597266548
44840,3628.7132925681954
33350,1507.8850597209216
28183,5076.932695626312
18202,2327.2981879770455
75879,3150.3328596499355
18979,1994.6612231499212
9932,2956.7853830256554
82262,1282.4358396908938
4590,3653.2721558311523
67499,2507.0903615433526
4796,1069.040324178165
42897,1053.2484460908258
23324,3880.126527536533
16317,3319.7661302421025
11706,25971.71645361403
8903,4431.3062642036275
31552,4654.998204490525
90196,2570.062887935106
54995,2643.6515951909946
85274,6099.119639314882
2008,1297.8637322175464
2198,946.403651218277
63628,1156.6498875145103
75601,1090.9956707427955
62153,1306.8480896651758
1374,584.8416704564129
76883,1593.859164150028
36109,1886.8422408218737
98240,8416.403645410019
5662,2080.2872112155023
34375,18013.1972277592
99524,9770.944941136084
96699,17323.25593874633
20276,1009.6947224197388
60691,1571.3648645616754
96466,3176.983741423042
57617,3018.198024840638
96404,1391.7605468482047
54278,5390.265117504751
78342,1765.2066166663867
30771,1903.6685650128256
75771,3016.6759077132747
33327,4027.2335878015992
19431,2529.4432367948802
42697,4743.452310990446
81973,4462.305959939511
81932,6226.034291570451
6255,1957.0957411435668
37728,1049.9605222003593
61222,1712.3693947312286
51533,6302.96879960516
88506,1108.8031527766775
86744,2186.672183471731
76898,2968.041104146796
70881,3234.8649662517646
35485,4275.873246545854
26651,11194.656973156485
10773,7056.125068361904
92521,1685.7353193656784
82504,2725.628000249273
93880,699.5121336648931
12015,888.6315943600262
21752,7913.259838750029
18490,1131.4430786625935
16181,2277.418125086617
13979,2257.6289932110258
36580,1304.2045600356437
31259,2443.311850015993
52882,1545.1235005909416
81668,2426.1711718606857
64741,1829.314409708769
87586,16700.64575824978
21153,3499.8183177324177
33146,583.471453549399
35449,12703.617405444656
67073,1446.6768655931692
23823,1615.0959590415096
20035,4298.204838016187
66264,4909.6210445428405
80135,18688.44025517672
71015,1216.061837779378
70152,3586.668410365374
46867,1849.800666540997
68116,11382.751855645241
21429,11363.463460147064
49274,1834.8334901725486
26824,2443.5171547206082
68098,9680.328963287695
21559,2700.1922406590465
17841,1218.2569272719302
73566,854.775412517939
65338,1882.2377665836657
94793,3171.8473401551123
28205,4946.7518765759505
11978,1497.496765036245
2177,2613.953539183596
29553,5304.787771071533
98364,777.3279968545735
80997,4117.6858553320435
80477,13670.125722451396
72722,1774.9506849698705
71795,1355.5375159285204
37269,2032.8390340528333
11178,1497.5220752945875
13146,2432.9542282914585
73515,3011.711544799451
90615,1878.600142217449
37244,731.6237262050281
60968,4038.068492302323
92310,2483.3045299191463
61070,2772.223079516293
21389,2423.4712412336385
30445,1256.60417201995
90142,1845.8037885022432
16120,1851.7436783294638
45828,209.50585908033827
32645,2644.263575370871
18940,1883.1112122768434
86966,2853.2337122004683
7582,6510.810593965407
36634,5138.030851853544
90176,6884.720048084916
44915,2405.4389854579345
33380,3547.0234257282227
43762,7758.1452799560075
38371,4848.179456563374
28221,1573.3503688182395
1818,2069.5335234870745
39572,2129.997137245228
11556,1422.716985943894
11787,2989.222961518814
36186,5012.983674070875
52636,4236.614563949615
18994,1679.1396201374803
30150,3249.174035865881
48058,1022.2564426817326
93594,2749.457028116278
64331,4018.101080248261
82931,897.6765237605332
63566,1224.418268684925
87751,5180.373534583296
37769,975.4246578692114
99550,2129.6057523359113
38564,703.3868192437831
81429,1843.3304117121615
94746,897.268801080787
72748,392.6193168335694
41543,9183.691706210333
75382,4989.097570458647
10178,3758.164559298586
11893,-206.14023144156135
32564,431.5289783044641
12748,285.53451862880047
66724,1344.3147167010384
4008,2622.1446578555087
30249,2961.5997970256713
4800,985.9761635711284
3098,1178.3669648378577
62989,89.54611991420961
68827,1203.825594619837
78945,3323.633054054406
24905,1163.5694519844128
87201,5686.214015301591
41575,1533.486605178608
65308,2544.452395705167
92380,4696.639436836083
76808,4003.5445663995974
80438,8880.205541712206
57364,1632.8708214206777
63538,922.76361480163
50459,6411.957964396157
85626,1461.2228324117214
22120,1196.597147308018
66593,12072.647244846434
98974,1455.2726354725955
13598,2070.5348689458287
95570,292.22556103697025
91978,2065.69257830924
63185,4963.431098480298
24498,1797.5567204701388
29141,5680.9870250660615
91446,3980.1192600435184
83922,5464.867519339902
68317,4365.5847800538995
13793,5581.902377340098
34191,744.1046351236555
92707,1038.6052802632316
27819,2432.542630782513
25034,954.0474521481638
77842,3486.887605833189
43964,2542.6466009683086
76013,10473.98839843085
85978,3372.677118419826
52052,35.952003577549476
54929,1918.2166239145724
86422,4574.691135472437
95690,4112.858026389585
1868,2974.926951450817
43183,3670.9626857486564
31536,876.6878912495445
56994,1890.7114680736443
88150,687.3254339515343
16187,2313.1754493158787
18647,1358.45848627442
74774,809.3435154076014
37767,1104.1715828640354
14583,3476.6355760539527
90506,1623.6092183395353
64420,2403.0655622923828
74895,1537.439595291054
71129,7398.745941275498
99162,10530.282322080911
97610,1756.9238628958767
59047,6080.958504752483
53070,3079.3026969502957
43074,2593.0136216661526
5166,1995.57684850044
16687,1244.4204638514984
58316,1218.478242573734
51938,992.3767457376721
74661,1777.2130849852254
77121,1821.3582818646178
66851,1159.8698900969566
80588,1933.5417174073082
48108,868.6641070678461
21342,1001.0412972336117
20278,3073.927758294386
52674,1744.0129693658578
96483,8609.982934901804
68290,1836.0338754819913
28731,4334.457933814307
50478,981.3303015936917
51346,3110.5462875689627
90354,3533.179620116064
62984,2582.5262724003987
84393,4899.6620257978675
84084,9280.813174163526
54226,1181.261614291207
76796,2038.1434492679173
37186,6283.109270504254
69126,965.6405331470492
97788,2890.6359648121033
33878,1678.536268320829
94862,1352.4472218296069
99865,7421.200545526528
89470,2562.0525701700444
37730,3535.2835478901943
78772,1275.9573717291041
41638,3620.0836181153936
83740,3986.242975039588
95715,3223.3181931846834
36346,1842.5262602634662
89316,4597.794640673395
22142,1350.859468040137
5998,-104.25939973091226
41868,3810.518245218909
71278,1316.9835572235907
9694,1741.5488728656371
21126,8342.601412074415
22654,4889.833153899384
44658,1072.820297230045
10734,1522.2419140445627
13375,3132.759692520825
63265,1191.162355031228
21343,3604.910122372854
33344,2644.057095316179
2950,3397.5958222626364
38959,1266.7359443042824
24295,2285.2798007417105
38021,929.5773483689645
73763,856.6735954105557
86820,477.9529203978959
70160,1381.854711316581
74429,5142.628613081433
81402,6504.977083528673
33316,9184.662431878332
62583,3212.8933626457015
80239,958.1407667255903
882,1825.4643899907628
42568,5858.8656820074275
83503,2104.3054775916353
98825,2149.6279750139415
90640,1854.1293039599202
79344,2613.109228937364
20401,9222.373882344007
64381,942.1607940102404
86766,3217.9699059640857
57904,357.1441128138258
99073,2581.9900747141924
98881,9689.179757270009
22539,1749.45812776746
33099,1800.7599224676449
691,1267.296786527755
87639,3247.829435951936
37804,2314.8228907923176
19845,5379.189559101213
99935,625.8872242837347
66186,1465.3035882426707
37015,3117.979887701186
98950,1514.2147203578115
84134,1247.1188599877196
17999,1188.791559458581
93717,3797.3889825506335
8563,2956.3883904753166
2293,843.5187945052926
5875,2696.4040605531427
48577,1368.0226296671694
42159,2183.9467776128695
36853,1402.8738445049462
76220,19901.023732903453
52165,1631.656965663704
19383,6295.282049885163
65241,1279.9050231905003
65439,1162.6982419208953
133,4969.3584027892375
42842,5002.490267065422
14304,4938.779092649622
57268,1088.6806861695009
63221,3685.521217368041
66795,1629.629878599051
34863,424.9546098553128
13974,5403.062169355493
33636,4335.2482567391535
49426,1323.7989396514922
54796,1037.203501793515
47931,889.3058364976619
94607,8721.601046261629
14241,4560.798160277263
52227,6259.717613400224
97134,496.66152101611624
83450,1648.9605956482742
20024,1957.8711750413324
16149,1812.216572976208
83112,11419.39108632168
92650,878.628238590908
74238,3541.0491303415506
7451,935.6116600144132
92636,1517.0480959009092
21199,2177.9083644005295
3304,1074.822208625657
17662,227.17085969353639
12542,3130.9800728369246
96358,1502.0474599964245
96048,2319.3464045152036
34715,744.4798086131245
15999,2449.556817642569
30264,1538.0055440547844
54441,1659.6975673962568
71646,10366.767048353957
76333,8974.429028666322
13051,699.1184540918211
61511,3676.3984309690964
36300,1145.864726221494
44986,1061.0022338075041
59268,2721.679648590182
99597,-521.4218505089202
56449,2171.960086184683
35487,3001.41885759126
90500,2999.3825192003205
47233,2426.3837672477603
566,2946.8310172937186
36719,498.2608135725832
94205,3098.33206375886
27643,1447.4728949867808
12302,3193.3798659198746
20949,2161.6565767810025
75028,2129.9927390491903
70716,1038.5538895741952
42456,4893.365586463622
98158,1985.4421827332421
7391,1408.21717633123
96097,1512.635189211569
21328,1605.0033524457076
91677,2483.269597479012
71151,937.9470245447637
76786,1587.0376203937717
56813,10381.984145570013
7694,11995.853543114566
46470,2839.845565615252
45073,1636.9011306564723
44388,1581.2196856825367
80459,4288.124869088309
14509,8094.451580137795
84269,1472.4498562221743
15590,1548.6781962191608
59717,14386.131697615701
48376,1123.6313958926403
19094,1605.2599267799646
57440,4965.636803278538
31925,2434.4701122393353
8827,9507.230854106294
13903,1650.5564625428035
64583,3084.6342770512156
67930,982.3838322868678
74306,3704.680740649711
76827,3903.7940773136975
20163,1359.0584853748624
51733,1823.253342892711
42438,1735.3655649794562
53624,2238.1620163364914
4440,2597.5330066917786
15992,1580.970258524073
59184,4287.900510439567
34175,8440.463387133821
87310,4010.9824504716967
45181,1001.4610465798451
73019,11346.751218874011
60735,4989.900170478171
80297,1276.9843403116752
93511,1941.617193216081
23684,2337.9299063799144
69210,3907.845512617096
88436,2295.2620127673886
3121,1468.4977556341041
32637,1994.620606211958
83099,2874.329308195545
73893,3471.834292370895
51489,3118.5917210188495
45798,3156.7320587281547
89351,1846.0892208267967
73058,787.0368953696025
96837,1599.6259436225628
81307,2214.7068471580606
84546,1960.9617620486038
64599,4260.480730334827
38114,4311.567780470268
71706,8247.187992297444
80881,6687.0939989756425
17289,2198.3975143547586
52918,1092.7038476849652
98995,-94.58010134189544
11282,1371.584294109015
37868,499.1842580274356
25114,1973.1785057296797
12261,2131.7715858803685
62249,8518.07064056185
47037,441.3257235068413
78433,9110.763058311177
47826,404.66401205856437
49646,7899.819412819092
20965,2021.673433726552
63652,3216.538208336507
66008,4111.562971158956
2009,2438.3304757987075
73706,544.1882358218036
15273,4796.40068409533
90678,648.9375602541818
59831,4074.8058284921844
56884,749.6826125024836
12958,1236.8863761519779
96277,4525.506049727222
5911,969.4393888483246
26777,1632.4355379434398
45406,3202.993754304509
85716,805.484291598364
67779,2029.8045559006562
69562,2492.335495514405
28962,2936.854703702617
14647,1234.5484388337431
94506,4149.100080925456
91597,-17.38746197909859
19718,1115.041335802719
85183,3707.2738570300307
85502,797.9879963218991
80307,1759.7576383867709
89321,2623.098647783462
72922,3448.74629012402
96739,-207.95897774456807
74280,616.9891890224944
9964,1654.6372569828495
25230,1393.2446290556645
36200,352.3279741300107
96403,1877.7978740635185
15778,1671.637131954207
53117,1010.1800377147865
69409,953.836198492671
9370,2586.9461486955233
62201,7103.440344665696
29134,2862.8743586599826
99410,2245.848370453292
11253,4026.7003116199267
46861,2093.51469095206
4020,1742.9581229265716
73900,1401.4055115543529
54357,2952.800211060228
18182,3488.3493722219773
99627,361.7141733923945
49839,5437.33908560226
6855,3059.0034723999815
58437,1379.8615436386863
24633,2279.411349639532
63956,1613.7249916222117
94840,4475.56686317562
68195,1015.6969013116295
88792,2162.3397510889495
79850,1539.4037004226325
11621,1730.2456057939596
98075,3987.878041780733
41482,672.9115736690082
25395,1620.2367048324738
37848,16844.03944035947
23885,2631.35085859381
44983,1712.3437654241202
88010,1769.349559179934
81065,4185.731684315372
97048,2345.8347552841774
88087,3497.8147866508966
56059,2143.9909325227154
64225,11105.577468155341
27492,1172.0618286069357
61500,568.8700473115305
96248,3019.734077824498
83654,1380.5429639960748
83115,3256.875830931067
31097,5049.295842762111
75016,1472.3718887343143
11039,4914.912887152405
65114,5318.218093780233
73324,2143.050364028263
31271,209.82427284661935
99837,772.3082869367963
68137,886.6016909589844
48203,-29.993317581206156
38368,1494.066732597761
35270,2442.616232142867
31367,4176.292145568126
58082,490.87090065955135
75968,1367.2378122817445
28077,2496.5545894387346
73990,4333.590936669542
62963,5807.46304415389
97447,4960.135812661118
85202,2051.904105190597
70717,2355.8498964904666
58395,5355.892582833762
86324,1374.7169952500612
93411,1676.7295963376766
86825,7920.036073118857
63664,4644.280281994848
35553,2743.476550435608
28708,923.546369126896
13211,4631.191558625267
4201,6518.814247511914
72346,1245.205473192772
16293,2799.482139150745
62026,892.5006132468143
65374,2340.9970883015803
87969,1139.7889405778274
59483,1442.6133184232176
99933,988.0429732887696
4678,2229.5516824246415
81221,1079.9573302448634
1708,7302.225438387535
1344,1215.3274061525499
70095,1169.2289160639448
98562,4632.809874393509
30468,6753.448019208819
12650,12061.155318064584
53044,644.2635230300989
14107,2138.800033952127
12868,2183.5964127342477
46722,-134.30010819337258
59031,1129.3445090751366
22563,2459.521002943202
27820,1414.0488806245185
69660,14667.975302279367
4423,2094.9566620389787
60068,1282.688838225375
28556,808.0684043788569
10576,2208.4725961722424
28705,1351.4097635161897
54997,2999.826603040459
64725,5026.160742632364
51296,2530.1296959104106
46653,1804.0162256881313
74350,2660.8787358315803
17713,1371.1646281985963
54482,264.1737491383724
55872,1254.2135000798476
91152,2271.6313800838934
92204,1440.3872118339054
2833,6815.070503166633
80475,1006.4544475822868
26466,3452.166499208492
7401,1529.4128373504004
3690,6166.021478724722
54582,1978.1060728895711
69864,138.9221353287503
15061,9919.293634634389
46157,2568.4627768459263
92920,1303.1665370744163
18355,1782.769920796744
20707,1226.944876673258
8628,-76.54058094978336
60683,3735.177781968034
59943,5027.183976760512
67626,3786.3018341660854
94420,5831.1727849637
425,3525.6313943562445
69044,2527.66897542248
38254,1597.6860091537205
52125,2877.266371024492
92492,818.2145631338844
63380,84.46105431328488
64635,2422.5608726145583
26569,7860.004055377424
86871,294.0518828670888
74867,3663.8560286675347
92829,1028.875127552576
98717,1174.1660484558556
8503,4138.132920798276
47306,2627.5126795548285
955,1277.0728752391028
92971,9812.326903621673
11028,1819.497224990377
30512,3908.241592312823
66801,1239.55929325022
62516,2362.9006574814894
5647,3756.5226620859826
17910,1281.3828542127453
38905,775.720810973512
27332,749.9336888669159
91307,2917.449952217129
85741,1746.7352700890722
20479,757.6990920716735
56626,2049.01436784215
38265,3682.913918854796
43829,3298.5957270284753
36058,6710.843151340598
87909,2432.3806216739004
42299,1158.6894663758144
29949,694.1680077594456
76783,1365.9076728327036
51124,354.7971991482009
64857,1315.638823997785
75037,1399.5119928750805
38111,6295.8845494993875
96553,1407.2060854413708
15540,3420.548497272292
75573,1552.145738618794
42917,3142.741903985005
74767,1959.2631174742746
29571,14772.096753767626
16053,913.6655168070306
81148,1011.931986509851
84467,1221.2698946985033
71361,1752.6888881079472
84683,2885.8454357746464
87832,873.9246759739844
1202,9509.28443422429
2051,6297.356874195995
18106,774.7447797804725
81884,1930.5349768710387
99127,2712.315813011608
95620,3473.779685862835
28850,807.8344103714662
31731,912.7106276878221
54159,3192.1261765328
99804,2626.549806633174
30570,4773.182544449197
68092,942.2797529001355
34355,3241.4067363303893
73267,800.3596338157367
54052,3558.123301722355
53598,2326.5271050945676
85663,3437.7078449770115
66452,1222.6181799430947
12439,923.3703508312265
88696,3167.694220690755
54711,3829.1613579594264
9742,4274.178141112634
78929,1389.2957143767858
43122,2292.120472145002
35191,5201.933554872372
67576,1625.2987212780172
36564,3131.8636196212924
75778,1888.7390408405565
30784,3786.5013432762257
23006,3480.420331762353
64166,-705.0112312532701
15616,1606.012550350943
69920,2118.8617276827845
4766,1838.6911531860874
46754,1530.9613446456342
4355,901.5342568152173
5242,4080.821506506798
65048,1860.8024048659497
31138,2107.08958698827
45389,2351.1355472924206
88095,1624.5782906603313
95028,2388.5413653737164
77414,1513.544332987747
77644,403.07228268457857
40009,1738.5195253491997
35348,-551.6718765522328
19661,1936.0079337438217
76403,999.4495070779058
3786,2526.091309802017
3561,2070.614389271471
85661,565.4555547473292
8927,1980.9871121235158
531,2651.2648438194537
19390,4238.790622336508
72193,8343.548305682209
17303,980.9356010426463
53305,3536.812027841306
89443,1883.8797191138403
98070,709.8380177571439
73863,1485.3378866758699
18675,939.0770187787543
27547,5682.21872201472
54271,1959.7756206520223
78134,11191.675013720254
71215,2516.538322797802
19783,3939.2234640966863
1638,2020.3805511480293
28926,1473.199087507544
49968,2306.7650671255133
64903,1328.1042591094729
75190,5223.9158137150835
16157,6346.664607879639
41107,3041.5273006466455
54177,2966.905664546691
16385,9414.254632474473
87613,1391.1730454206709
49578,1864.8633555971217
88735,13884.84226812975
75472,3970.6341246290676
29044,1379.90225741724
76205,7753.448008670905
91726,3859.341339667356
48929,2951.8123795502847
98175,1478.7921027640186
69813,3127.6103593031194
79279,2402.2639164440498
50607,4033.4798455821046
29794,909.7920746580203
91064,976.9905919422235
92874,1371.047559062437
53815,1553.2056100275286
62955,1358.1287101751973
23604,4331.7594482321565
94866,7479.944677356318
83465,2105.3733347352827
7428,546.1404853412678
24476,1788.7021087014462
99165,1965.1695646200571
74441,240.92349517667617
60259,3791.9157138575692
64421,1002.0225170697713
47048,1930.394341873356
63103,6411.749974424292
81947,2254.0920553008314
45371,734.5172945957534
99469,2240.231403006136
3644,3109.1333169777995
63804,1470.3591604224403
32536,1006.7177134661638
93027,3553.0511068467104
10939,3504.3542203460647
95067,1442.4546318736811
41423,2042.94690803509
50517,2150.676753753612
69208,9028.660281493874
32147,2026.244024634857
33764,12895.178059786458
54561,1787.6289672117493
72132,1827.5456638938624
26175,6992.0921222855295
67354,5713.779776247739
62442,2120.451040821151
40083,988.7329520681142
63695,8573.110091066057
74318,1610.372667415511
99669,5319.08340517933
86853,3310.92288175448
12872,18.8847204032636
93318,1475.3190446541848
3043,4759.565352164395
50418,898.4551932396698
77758,2242.6731157415797
37390,597.2875974920371
79522,4294.675743913963
16621,4546.871866113285
99366,1176.577527880379
98285,1649.6476040074358
91607,1377.5987625230923
17962,1814.6882361874978
11716,3522.1671664453384
41576,3699.4250835709195
6765,1026.0936719770361
59722,5257.09797764799
48414,1487.0857076571747
42109,2846.5331075730546
48667,1183.475310726059
15209,3456.798784202863
34107,1455.318753460428
75673,3759.229930716989
81127,3752.1318276348784
87147,2635.5195611552936
41624,1922.1335199934206
76290,2821.6045077712533
50466,1965.2947189129768
59967,3278.8890763155377
85487,2289.8614248146782
21177,4106.821948297954
11711,1975.4539131661
99532,738.9814984935265
16254,1898.5595353099438
65092,468.84618957791145
98863,1900.8488695469832
48931,3427.1833960660047
14536,3269.0950896124546
32174,1541.6211768203966
16043,879.9032432765312
91635,3541.66854889277
86055,4356.080802959443
43332,3168.85493504288
13220,1108.2315792481231
10491,5259.539590525082
9644,3174.0416925061427
23875,630.633932627883
36872,1519.1257779150237
56120,3086.3550656717925
12235,560.19163276792
49813,17491.179077118104
39882,1672.4658279511743
94395,8397.790312196097
24489,630.9592253730848
58623,561.1927361764592
8673,3805.2426857211735
86148,1295.6058079655913
59893,1131.8953529888531
28368,2153.7620074077404
41930,1764.30941328481
94263,1918.3707877662066
65223,1552.219454832175
44888,2702.500993984243
60737,1683.4315186384163
75800,11051.225606295353
16589,7077.808003458207
58952,2346.12682811517
93464,1175.9838915793603
4903,970.7874801073226
23880,308.70658403184734
95315,3476.4756167491328
78834,5201.699139809414
34097,1430.2364522965104
78907,4526.629556750774
93262,6307.484572513885
79072,5389.999291602848
44377,2954.2531495099292
58922,2076.690735713819
91769,1956.9952132163899
46581,1675.621282702995
88135,2761.6844754346735
53197,936.2415514473137
18259,6802.4945397156225
41325,3622.8225544005877
62235,1531.535980559161
56517,677.1636774048698
52769,3097.3630260299215
83457,3171.29999951052
37836,2720.6124655752387
97866,1553.9267502019397
58354,1835.800702757948
60153,4851.510288920427
11945,2501.4397185830035
99965,3797.7683104784433
19173,3098.889419748801
29750,2112.1856677598
24454,2145.473537273013
78638,1860.634891001918
92454,6765.6061040157
77476,326.2353141719577
13303,-96.13273271057824
33450,1333.1306445475107
51156,506.0739536436954
57395,6451.234708089183
29576,4934.681274282726
1592,1438.3006249068922
34854,2846.3375778846444
31728,2864.151833465232
6768,4501.392370986945
92114,1757.9290550381268
40221,1019.842263921098
86797,2733.585850638946
61656,1350.9876972576385
1576,5960.936446931229
60830,1217.6785326381519
98194,4872.723667333585
93313,753.0801998293073
41700,2352.6057189936255
48885,1087.1413675981794
18718,1529.560920646422
96388,2537.404981298827
79354,2554.3494804322854
3769,1246.2079488520912
38650,1364.0044176870424
16875,919.8781672509454
90130,718.7814100340547
58222,690.1635486194778
73932,996.4676223770248
51119,2303.606309191403
38632,712.7711815886933
94888,1015.1895974223762
27771,4704.906723632645
97589,1552.8713920823975
18641,2341.615867116666
56778,2982.7313114223466
70396,2097.093678654767
37542,1073.706420141535
8081,4504.329251708512
61455,11576.22338681556
95019,-721.8402980834117
18233,1335.3442623541446
99987,1927.45348379315
52057,3967.7527550823293
29555,1856.7999836905678
83596,1749.3134878225032
13234,901.5074330121479
89161,1596.473401574146
67396,2247.8636665949102
77680,1809.8990824801072
48176,1609.43603931879
81060,12315.916323428388
27265,2484.5763476649336
20139,1371.6037391439477
81119,2042.9686215682455
13096,495.73273306657484
53801,1909.2614677573774
61696,1124.9332654723084
21841,810.3682135149506
60763,1555.514754683143
74339,3235.4232712401918
94511,3000.2534743684596
12206,2377.784513038305
7474,2547.5569165614243
61077,6961.871748742239
80445,1193.273289935306
48085,393.11256817447156
66236,5456.91217387723
30155,1580.4389016875089
77865,2923.7323329850974
48116,3287.407854253427
6091,3989.3720036806244
44278,1867.551329424388
3182,7001.068374427981
42513,1095.270189690948
88740,4060.396741221126
94217,1233.4828471708647
18451,4309.52201174099
12168,2811.4046216067427
78280,1659.8359338721089
29620,947.8064331177761
71813,5665.142858602475
66896,9704.20166530136
84054,868.9289337923369
19893,1497.6391092471758
57301,729.4218414716706
48256,15048.802928532983
41261,6491.053836951383
83540,2587.378263153829
31144,2213.5800011974666
68652,6175.629396016897
40613,3760.9840661818257
5342,3150.523946796335
47611,2387.8185588620263
23835,1615.5792114427827
64630,241.8560587428001
60245,7577.482916052344
90517,23.710175862571305
9223,859.7082805808277
92601,1366.629264162079
50448,1953.4392308783124
18879,3248.8371544884476
33154,1045.6237459041567
83580,3059.373034601996
84277,1988.6395433818727
5764,150.5476826804811
5040,2794.830567713957
58272,2482.2128878800904
4965,703.9258421488867
73630,3418.5666783395695
9515,967.1121244197266
10643,1192.7232385795014
14710,4504.8387123378925
69578,2166.560277188401
95789,880.474819631524
24695,524.2611473464249
57348,1049.5211804537703
54161,1712.4035204559343
43684,3653.7132261564766
25459,2410.02161638573
30585,2100.4002175204896
35625,1636.0284653324097
14874,2105.0902828219982
3138,1524.7798503024478
52802,1433.4323659861961
31704,5446.453243523964
87513,1357.9437958339927
38136,1566.4126453822214
24966,1292.558128372178
45997,1193.4994048952694
67223,1060.3256433947472
54818,1873.4898398005244
29119,1857.8200304853701
85126,2377.932303051385
13212,1490.4347561525578
79345,6925.89975361416
35461,6743.749738614116
37016,1311.2206215002216
37083,2915.1395099039673
71003,3759.8002259236405
50541,914.7460306805683
65601,3252.8224345823287
92115,1823.994323903997
89262,2175.493993383544
41031,1305.776841732496
15946,1140.9495093207024
85781,1257.1774940989117
54017,1642.1502378178182
37849,1455.4102220124223
17800,1239.5561029133296
20925,2311.4194087869223
98656,2858.552955947243
11418,1818.852575480338
25331,951.6256849911756
86156,6203.438093828023
74307,10236.984748517134
20555,2574.794557110974
35394,834.9112036011456
54166,1222.4211076061774
19257,2291.8804971609984
94643,19184.351576256362
61610,3239.739821709506
92100,1516.4523032539141
10657,1763.9138235448465
64102,-38.57566167532241
89953,475.7988089758728
18825,1212.7584652484256
45229,6089.314427059882
24160,4136.36472986262
11510,2805.0783406043847
92239,6510.866610147806
78855,-123.64604035472757
63636,2303.118823615744
27273,-111.39726932023768
19250,3377.9063966849017
8188,12316.35317714449
14296,892.2182563070819
36827,2637.8809104167226
50987,2899.5844925109277
3455,868.1132808373618
95225,3067.1028741214386
5804,1126.6124431521107
77619,1058.5569097653924
63043,5255.623680336346
49275,1682.7360932968484
44546,2512.5948562609624
33754,1848.0363288129286
80473,1129.419108024928
99472,1494.8651830867038
99911,4437.794189187992
41490,2415.127709750879
46688,1110.098717322237
36417,1473.568105884423
2577,3587.6679546269565
99446,12872.207157096323
54944,1146.7949935364081
2928,11802.567115037911
67671,7720.693049559098
84379,4534.360075791531
26527,2729.355962173826
68297,726.6699678142904
45326,1052.1568179406509
71307,1746.604543274537
52141,2295.836440151476
63463,87.843389414601
89721,3047.380052699933
74387,4093.8563917645342
89080,-293.0201152611121
6277,939.8493160195521
78965,2819.1052929462007
20343,1156.1418107977483
72107,2423.1636838825752
61287,5114.063353028428
22320,1530.1904412284161
40024,2864.7058798531025
50575,5941.881499864781
50029,8683.337306547171
9781,434.94332167417997
37457,2388.7251914338503
54736,2026.6334877699767
71642,457.0897453447442
38891,4570.754485248892
3224,2795.328758139625
31307,1477.1121044888664
36858,1152.382283568717
62116,1338.7495114577814
67170,1901.1945348706422
26663,4510.436253199502
74448,6298.074797419458
3199,687.8116240947065
89969,4629.208831161959
41662,2880.6239284475287
61512,2843.4212645566677
53900,2347.3448409169882
51299,970.8227283802203
30284,1343.7738572255748
8020,2410.0615773911127
69831,391.79200473922356
88071,1563.8137336321515
65274,3399.101907673712
46954,3772.5146445366668
3975,1785.0446737061095
26424,479.2360494949171
40517,531.3690761263997
75736,4205.680400394331
96306,439.31348307650796
79019,5330.647342894992
76596,294.21427589802806
61811,1870.7972337330652
42026,2209.701510897969
31961,924.5309573696559
36477,2123.0625316170817
67331,12762.718655506013
61227,1903.5060991465639
85161,29135.51857394403
69772,2156.899311363044
31952,7093.8985688492485
23702,-26.957264721321735
23951,697.7923252347728
25844,5700.201278015369
16179,1446.2999198306557
56218,2186.6837159346264
69677,628.0799315015151
51541,3620.975723185377
62411,4669.121093761105
65676,3068.8658995280502
90523,268.3067299945933
64947,4127.323938806913
99353,460.2210123552172
8148,6712.1295955890055
28882,13786.221184917604
10636,3110.1537336407523
14818,3737.2443050678717
81004,2496.2946134743415
19808,580.5273464250313
13036,1771.0059769647626
53497,7549.003874570013
53027,1060.3203083980097
47518,3289.7117665281694
92907,1847.2621341833
39894,2974.6662829068728
52088,3398.3262996561734
19031,873.8420609632199
58143,3600.334796051614
59790,2350.463421093555
32151,12016.088800080784
5169,4046.7868683774523
55008,1956.6459052767123
45700,2515.7850626544746
46810,2419.21859658377
25796,9253.432924630819
90957,1633.2870589006334
17353,1600.8475846904048
37630,1291.1596614495752
18655,3213.3434413355862
98632,889.4142096124779
45370,3835.4993792925256
53255,2557.8254164049217
63673,1281.4790268515949
39304,1496.9609660778456
93136,2300.219582227995
15292,8361.963465785619
76259,8925.222233496455
32811,8051.921451137015
41000,219.521113973527
9725,2461.7356366371578
96351,5074.295390369256
29632,852.6706397112225
40372,544.8217343886972
8987,1901.5048453141237
24097,2035.8814761310493
80999,2775.379006700986
24451,3467.6084959497866
80724,1619.0821060075627
75812,3103.508994174512
5857,789.9234556110082
98548,1034.0714283468355
76519,1976.222007669946
64053,1118.6145829893112
16920,1672.1946803253388
73467,1045.7286528563845
17925,1176.6901262296665
41066,2684.537899878089
28004,2082.6418008534797
62962,421.9507361372375
43516,3196.69045682711
98458,1372.1361979485991
54857,7987.884432139013
80079,2018.8016015179674
57137,3582.461948981081
59462,4375.1057518649195
34886,2345.218451911258
42238,1589.4624917938308
37239,8498.19585393718
93030,-148.1736182736331
38036,1341.0619550831716
47613,865.6330596388152
96232,7198.773912486127
15709,1497.56683908171
71159,7475.066773970808
77323,2054.4594288728713
53083,919.953244913997
14187,3978.9041045463937
51221,1528.3347077350145
65893,1513.8610213284728
88003,1033.1964538726374
79300,1299.5119262516646
24497,7144.624324620496
97848,1972.9726115911656
80355,1939.6454785918634
64333,1121.8979087229127
81923,2655.7485800418945
80657,3219.9162980549863
31080,533.9588410313017
81522,2368.75974443634
51105,1423.809748203992
55028,1225.6565627927093
4791,1908.0910623104146
51923,947.5714473923563
83538,1034.1325548609793
17967,2294.520349691536
19303,3074.0945499862646
9344,3913.7853037263
2500,2339.861098851421
89636,2187.4898275521923
32004,3216.980810544126
19436,540.2846358037164
43531,2953.6505221506495
65876,3282.996893600943
38489,1298.9901640564976
18040,510.44902072439936
49766,2554.819310217302
32960,2350.8099372661727
37294,2594.328024569065
81141,3510.202600807826
58211,1300.9517946843325
34061,852.0469068739926
32015,1101.570521041781
88287,19435.248223981223
34435,1159.3846260848368
47126,2419.066461758265
77174,1637.1583720300193
61435,3398.4329112469554
41948,2672.512435035309
47334,3446.011017947158
42300,1108.670879018081
12119,605.2165667093109
64743,293.9355512241159
65966,3558.5179606571155
26505,4854.050380245928
34610,1291.555464501611
97493,370.6289732370178
83970,3504.7750848480296
36621,3825.141728631329
77213,3674.805008845406
22803,2966.3925785990104
58467,7963.462182033328
83552,2705.957327041256
29804,2065.9214470127663
41599,5120.828913907205
38939,8186.0619961849725
40288,1713.7313052697175
92486,1862.9914133932627
792,1028.5117078774479
96497,1280.4861935859963
15469,3920.425551745464
77219,2076.31588452917
3576,2478.964893379516
96401,1949.2881842436484
45392,2204.4258825805227
42626,3378.1786521636795
37792,1738.4850795231637
55396,1944.082298549891
30000,3983.3257081424144
17017,3758.468957569518
7636,5670.311072802599
7267,1207.1927930865668
28730,16428.46999999087
42017,2394.7658424456545
15913,6073.089707885327
7513,1033.795857342473
45233,5835.403531777953
28486,1879.2926920410964
52207,5448.712752869661
67977,1947.099749952742
75055,1404.2757842159517
62309,1061.1490904556472
15985,1079.423820425136
56981,946.321357346927
40931,4242.630887206197
62870,423.0046732823098
76749,4224.4573187442
18754,2122.072096396449
95460,4001.8480547471036
53319,2369.3886365131466
29360,2990.6362510024737
89160,1807.2423965715109
16457,7469.59395195206
55803,3823.9365241171317
9003,987.487452521741
9032,7167.481591393182
98637,2788.4111524462865
96787,2364.1267704055563
8426,1293.9351617336115
61625,6411.285715402677
12069,6745.016493026159
7965,1761.4500297744526
81170,2128.8485492058876
36035,1968.1429581592497
92955,1161.0823209361988
29386,5061.084293087645
10145,3818.681865466598
99636,9328.790339177518
27412,6697.483883558505
21104,1977.9069897905758
36250,-739.456249448217
34993,2219.545399235683
93646,4446.873134865714
50588,5887.055864151589
41250,313.42240918877496
26513,3440.6473498085365
46326,2748.5937785398414
71890,4324.452850288324
64687,7367.689335531872
56481,1489.6926934017074
12215,1849.1026049232487
81593,4072.6781856914945
80878,2154.7382010508663
20685,840.8069981488156
35219,5334.924185052457
45264,1970.5491426194967
35486,2001.9874442534522
15079,1207.9860034868352
20819,2000.7169245139162
21282,999.4452332760729
88098,2154.400893052646
60121,1846.302483884215
78251,1433.0682566671926
86099,2488.8769059110036
79089,1254.6145600793202
774,3113.8078345916624
37533,1714.45876487213
13304,3394.8207984882324
64422,365.8909650070623
51567,4122.712643830888
12452,3429.854682886794
61819,3718.0134623882755
28476,5270.4787895791815
46703,2102.058719934911
60788,2156.5232930865827
8803,4399.0493849642835
57369,2001.339377077181
37785,8366.027038179913
46402,948.236349887286
69319,1557.4095965893193
38233,7261.5194962480655
56123,9105.165256296768
14502,1271.9110427828596
97114,1870.815256487357
27710,3715.165638682198
59441,5222.069467356913
11817,2795.9113376117307
9836,880.9203139021834
15673,2033.2164415334723
87350,1446.9179150836708
42383,6213.514082071095
22593,363.1397675230801
10575,1658.6379237701435
18892,7765.184630758926
79601,4066.855461240874
59763,3442.5735818722665
30548,2280.3610981978672
93183,3042.1245624094627
18402,2772.0555180411084
17772,21088.449670541297
39263,5222.064935331352
21459,932.68297258757
7027,1949.137500826369
73273,257.896961008958
21242,553.1622211837685
20698,1327.3481497073099
63073,3100.7671191954755
2796,2592.2275007818444
75182,1689.3353793423562
23237,913.270831196151
57609,2432.2962142366355
88346,1327.2741892759213
27179,-184.1387031027066
27398,3933.6171532117505
77736,638.8344542840077
55564,2623.6136320168553
13583,1594.7044114762994
29777,567.3717955804459
23353,1366.0462775820138
98275,1263.7229757473392
39340,4159.70137680304
74282,2669.778199630492
58119,1693.396647178428
18320,1417.75544178346
30901,5644.401747834171
27360,1314.000235208644
28119,2333.4753318661387
64804,1540.584940026295
23477,2025.4120814905855
88470,727.8141555087614
65931,1772.6281869586096
85248,5088.718592480111
4152,2034.5689230532673
62526,2939.876407774106
49887,2504.8870023399604
79748,1829.4514797682052
89772,1293.5366725846534
89778,2873.92841992283
17898,2108.7562407064397
60280,4296.821446577371
66666,3418.833673766805
62991,5934.408180871558
89358,6544.533153903023
95296,1051.8189646028877
33678,2220.337468486248
4854,2904.633107452869
72148,1377.527412621414
60730,679.6764465067135
18992,10413.265588182912
70409,1203.5607929140838
15020,3500.0871603383725
39715,7406.2855025394965
27431,2757.185364126031
5599,1644.5044976882125
64728,4000.435578480341
75608,1892.3313689556526
77167,1731.7562554307922
91841,1498.4788711001106
44596,1263.397682636743
35439,852.2913878631134
73619,4151.492549437546
74746,701.7374696241641
79953,1470.4676098399445
76765,1990.3881835074092
35398,6512.421345544697
47582,3943.543827847958
4218,1935.2860567099785
54703,4788.764309318212
22294,4059.4487789232226
37377,1466.3854624047049
51060,3911.473396009552
88520,2274.7376994896927
17562,12227.048475413509
26786,1617.5191683581534
38682,2130.5059393695333
77786,2.1783285748529124
48846,1079.4518538333514
71344,2885.128828571799
77611,4000.0306678873444
79556,1250.6361204520422
56542,1990.7701593468564
20900,828.0727209119286
16831,868.9020456818407
29641,1032.5952069445188
35182,2217.25429917821
26064,3440.836706952048
45451,3111.244841500135
61702,1292.3839072443052
12448,1933.2981256155097
61372,1557.653397009692
17945,8449.91693301092
63159,1219.6267775821252
1484,2196.9592243816105
93969,3743.5309002556633
99417,1700.2047872644616
87073,2747.861820171616
20865,1506.6736947647996
69954,2328.6493089488845
77816,972.9939395851375
75807,4928.441329551191
94603,17381.621699396586
75464,1781.4669920097967
89070,743.7751388815714
34714,3295.2956402261093
54327,4876.578590161678
7983,4200.957633105791
11729,5687.709319541988
28402,1159.5536100129557
9038,2566.1327674424615
74489,1424.5157264599075
87065,641.6528759480111
50254,1362.746405704564
29359,2742.503222776332
67677,5838.129432845866
58038,1114.8928346253178
72430,2188.1833705293834
32722,1702.0490700659625
28934,1166.7891827003418
35959,4698.687161282501
12942,4530.843324772665
33790,2951.3638300757643
94716,1123.8405289823486
71237,2135.918193154157
17228,2341.2584078461555
48079,2310.4377564348224
82286,1282.7296824864256
60719,1531.6085145762527
46951,3679.280012152114
181,2720.2511312735796
12308,4598.040248265237
78547,1037.4203373008868
28338,3119.086014061476
67241,1127.5190647931167
13697,1510.0050724578273
9253,2739.9770857943995
15718,661.3704798623899
57172,651.0603340772632
28827,2372.306703769942
36460,789.8454658818091
30482,2058.5850453125277
70970,4556.971930713755
29517,1288.1315747548206
12533,745.6354180213484
60301,1443.8163163258891
94602,3062.52878601313
94286,3997.8735124682935
96725,2480.2549807771093
72072,7767.648449032612
27041,5593.827954053602
21535,4975.825623098801
50952,3834.3915659948743
96574,4074.9677981383743
22310,7445.658207271654
91337,1156.9606835756076
53363,25345.110332394823
15318,4788.625752788486
23701,5613.084042946439
38272,1178.468172672524
55907,2645.2476045465146
18527,684.4543235125375
39301,1742.582458908373
57802,1649.393072132952
32437,2801.87937001072
8799,2059.165546636712
12806,1253.3964612359587
7735,807.0147592339981
81309,2197.75052204903
63458,9654.214511998689
1363,-503.02249600299547
24283,797.7107992872589
5935,1765.153936554338
45150,1955.5134722849714
37670,3169.4904963974454
57112,3304.863575379939
21017,741.1221978738713
51056,2128.771341332017
42093,2120.1861906329027
79872,1547.0340154880246
91921,645.3867347306568
82391,1248.9416219549553
5222,4537.045981183214
13297,2081.6168572088986
78351,2341.962973126813
86237,1952.4061139668347
87572,2606.3880536092474
65097,2649.5276221035156
23856,10664.697173800003
75493,2715.8222412529303
86281,2226.676103663008
84765,5766.894898630897
94027,4418.235284396224
16161,5848.956214873608
93889,5952.610711031115
51197,1677.8829067935799
73592,1504.3135478491258
30911,830.4473177668633
68227,1267.2798901167625
12552,1025.600181102679
42888,-243.4148201138264
96704,-433.6420276926856
18492,541.2534124785698
13122,1082.5773402103432
69421,16133.130576755895
64237,2724.977883671295
51439,8844.37769046881
91852,5082.725668330622
48024,424.6234167816624
58965,2102.593270287377
68030,5899.711070821104
12288,7894.9850078845175
63317,2415.9760739383278
14954,252.51355280825464
48551,1294.7232351308753
44187,5437.549543784865
93226,729.1874077144157
10362,1889.0630109533133
90157,696.774655561921
54283,1885.680506726628
18203,2760.229022677501
63250,926.021125545125
96851,4685.158515873314
6320,380.78290076525263
7617,2623.5131097164094
63039,8026.151568282283
64173,270.0845528297227
83378,3843.7519808740763
39510,3859.6620778308447
84365,3865.4464199619392
80437,1930.6053806912619
9023,416.8498577451228
39827,2261.9947731853827
7365,4129.159118817001
28400,1037.8294568522037
51362,3449.670977620636
79286,1888.3016455541917
23060,2082.5413914227206
85282,438.0393379681391
64023,572.4352521258211
53584,5644.914468313462
39848,4657.869440055606
68925,3982.321271291874
13656,2192.9187138446696
19849,1186.148525309026
27871,3513.408700989171
78093,743.7344756843281
55080,9582.8259617638
40486,23705.05508443546
28457,9632.001984650768
4853,1754.8208770643073
42123,7132.924708817274
64405,7240.182649121229
3318,6855.5907184690295
47543,2255.748401442809
70286,5893.267300126892
41919,867.5978258861578
40775,2617.4839111121933
72580,3167.455484321283
53779,4984.120183831284
91478,258.4681220247876
24406,1306.5209619701322
50737,722.106318421877
253,3087.662701041818
53847,9704.34402461054
9091,1355.276762008331
92585,2229.380769711973
82219,2353.3737164094473
52407,158.45522056087157
81990,571.745207679729
66288,20097.523825179163
68247,1997.0401718163373
68614,829.1513703671044
95668,883.453019611623
84030,1889.8821875809701
63556,1874.9376781739697
70625,2397.076946654278
26041,1019.9506508911454
642,2864.405116364533
90777,3175.6605518458537
54178,3374.931032916895
23605,2048.0559182321367
83772,1818.3625725775962
62753,682.3960657561574
29513,2268.0506854799337
40467,2642.4565927549825
6426,4418.451614675306
96045,6754.988215146118
19825,1449.9358795866788
49186,1009.4144764398429
56529,4931.489423900027
97139,2271.557624051863
24973,1033.5925206185889
28014,1114.4431957034626
3440,1181.6911258459972
26971,869.2729777965224
17687,1011.5339589044652
49543,3246.9948871844786
83892,9682.934043011777
21873,4589.782147679068
27072,1968.7258068472972
23442,1504.3419049310169
60403,4127.646485224514
2322,1945.0562030274243
2221,3903.1977377384646
8180,2268.3337640002
26028,2440.9550942327905
3139,5234.468174491846
7576,1976.0179124591955
52924,5961.237658700974
33009,5562.220787501862
85262,1375.0026760490218
55804,2449.6574741307777
67163,9660.123212647148
78220,1688.4844251106138
47146,3372.325409936328
61271,1519.6370992651591
46823,1483.7828984545413
73507,3954.53118679781
77800,1490.92918493339
79207,3142.061767762115
37828,2790.3239315201654
9501,2580.4415585688207
71276,4569.3717732332
5633,2586.765190232
90507,1347.323239397363
16306,3160.197079678038
15626,1620.228303101362
30682,972.9979207226866
63798,3459.8170383183806
13165,7877.081697189232
30591,1247.2129242374322
47547,2469.5340523429168
21226,4683.531978390234
58638,240.77375299316964
40641,1760.4893928906533
99434,2659.9030410235855
6756,1439.19122369683
89735,2453.795005554421
30618,8136.082444340249
84704,2223.149835044819
96662,652.0127287445948
18758,1488.7696103331564
22939,2506.484604174337
75670,4052.482090227133
36878,1384.6250747266736
30509,6309.072118221016
2263,1274.1461445326395
62758,170.15100837135788
63563,957.9642207408433
82169,2616.9836945991206
73096,784.0051344534695
86979,3998.8691355108804
75631,1720.2538751253396
26105,1435.1611526307852
11756,2257.2460068768323
86846,5099.3077098733365
47645,1102.3584748564972
12530,4600.991259901686
27196,1296.9712114277118
50413,5129.8269591687595
58013,2144.921479766294
89400,8947.521731029341
9889,1956.295614392203
52619,3923.596709942473
63045,3318.193245474821
63818,4472.45710497628
41558,1612.2601740759899
21310,403.49812856174367
78058,1856.8861012299353
52746,10959.429065598863
89591,2558.49048819881
29475,1417.5508367726338
42174,5785.484878406919
13376,2410.5949624199848
51425,1705.8223237678228
72994,4379.505711013067
84361,1089.4198602507267
61131,2955.316647482458
69818,6350.966954080739
79860,1233.5234283773398
34841,1900.4869598855107
59600,1791.27781077323
44792,705.973771400239
73599,1789.1942960668352
12785,3686.2216811618587
84582,3771.352616950519
45104,2636.026968570871
57988,826.2556527500255
77719,1553.1599557128202
48734,3024.9813342665893
51063,1711.0691984720372
11750,2148.0270437177887
41455,219.65828338066422
48647,3621.4798171300918
25094,5777.685576693625
56070,5888.505958799586
19566,1500.5143589046238
32235,1852.762360234415
54185,6554.343434951867
27124,2083.04663662715
750,8461.385326025105
86101,1757.8730911567905
78373,158.70294719558206
57223,2636.0356551156365
2844,4658.332625910192
67627,925.6828279912515
43316,10797.342509431044
6840,3010.262817256167
42291,2049.1377352896916
28976,2234.056189735241
96022,2142.4012882956413
76368,2619.5119347221726
27252,4958.789281883795
89335,1706.1337298132007
30560,2725.0981933856942
52404,2780.88956987255
16076,4360.477638595212
16191,3147.032067318526
28857,1858.0027938146745
49966,5292.087158334182
46631,9527.350296326902
30241,2271.0450610170174
16431,1245.5739805816352
68078,1445.8188689536832
54012,1127.7158843128018
54526,306.3078824571121
40592,1695.3552937328889
61407,280.09589492766054
7530,1744.350025100157
81287,1482.877410965023
89959,1303.2917649969713
1121,-661.1218700033141
74886,3527.657123881411
22846,13529.830034629616
96014,1557.6436666256554
44968,7430.741122208628
85479,2730.75542298978
99723,2403.1366206088333
60030,5224.814460287783
8578,959.3611065700875
71597,1129.0757942632536
91430,2727.9321536990583
9141,276.05652363081754
66282,1156.7597936236152
15062,1433.2027570787359
29831,1558.4803837165036
71155,2331.8028369824415
3625,2155.0974381998744
45184,1543.9049850927886
37045,1716.4316177150386
15867,1462.6464136300488
47494,996.4279165433895
71013,1356.7972922359882
42326,3283.409111006443
96897,2874.014382126298
3060,3557.0346538889935
79026,7165.739730245952
62783,956.5410753700685
21234,1616.5357263103513
67813,2246.534664748498
11829,2435.505741624534
6887,419.0109221288085
45879,1390.5096215200097
82013,3890.6934041136487
53965,1248.0021006615207
85807,1728.2421674320972
50500,1226.0934688958305
246,208.6091412872288
39012,3253.216857246968
73535,2402.757926207537
55711,3817.1762389751566
72424,6768.238062299157
51597,1656.6392814643345
20885,1780.8118615391081
20059,1909.2994197984199
66957,2616.5288478385464
55380,1945.142567211818
8931,1884.7649435577825
13555,2141.51879887403
17712,9602.798550146781
9618,3973.333781023568
96470,1731.5665769619432
51073,1892.116480406308
98111,1399.3051489863678
41528,2245.126092329906
1756,15552.739475939848
93970,1876.259365289445
33479,2439.369387256611
76378,1021.1744430335289
33151,1350.5157538720482
82773,4913.610168467441
15080,86.88920773026075
13042,2484.4656954704506
70571,194.45131120752194
27939,5090.49748959671
83366,5643.467526524375
40309,2187.379702085937
11479,1273.585374391951
20077,4710.208538820934
38293,2530.4169669011744
93494,782.4422191391159
50297,1014.5805799152595
79432,8072.154420119157
96576,7144.038211903963
75082,680.4896185657299
84497,1546.52297075359
19886,1085.9891322945605
56710,2667.5840949394656
19631,2960.904450092574
52494,1328.542579730798
14530,1358.377700235591
83532,3683.9322847441927
56586,5144.381436083567
81735,6523.391787444078
26725,4886.548230891073
26612,1434.6666543570936
90654,786.5651705147816
69111,6286.548322470388
64766,3544.7229904435217
18574,4908.154857222426
65762,3666.1787891642603
73041,2091.987794939738
34025,2767.9341147279683
3721,1818.1528167251142
32527,2225.9579246668177
91416,1130.1364712507961
69787,1766.9943390194003
8029,2096.826305150361
20071,2639.5024492296466
53529,3331.583715437684
39107,3187.098322997783
63482,1831.4319310793458
35964,7156.95455417198
8702,3615.0814379023936
1449,707.1880278352091
91219,12870.32060912096
12127,1563.4114833226245
55254,1783.3436107477667
49454,5442.72950977555
46363,1615.6130659692074
18005,144.42102586488727
11008,5378.324828839201
29974,4683.8848998185
52808,5147.525851121524
27653,2066.1198560659986
72409,2334.1295620483643
14167,5449.210569701798
3780,2952.202810780751
10292,1585.8063475537856
72378,6112.895585604815
32541,1458.0948306093082
76648,1612.7432372359863
36068,2085.428166695503
47256,1608.76261169435
61345,4716.564864358784
37676,625.2203758501328
96995,-110.01170584096326
53169,837.3600113611133
89194,3581.451306512994
14545,4826.2903967997845
92513,899.4233929427728
81185,2239.1800865110245
92572,4332.945737493218
60835,2851.477232287468
72546,5559.889584738868
50239,1979.4295256229707
33565,1265.1900636429273
14429,2064.671661897766
60289,1100.4964166157301
24674,829.616320230768
43103,2500.5623542631038
51175,1290.5428098581656
50594,2462.6242467279653
8923,2304.6670053809175
12188,-517.4453459550732
69731,3640.681898735286
93593,3774.2917084988653
77832,593.17880475321
40587,4955.971355775039
85325,1862.9870441197236
87105,557.960388300522
23917,1416.0815400966449
3844,3577.8429621196174
91017,2730.862963230783
21957,3204.0327844775193
8572,1805.0867153454828
74527,12948.134812126758
36384,5268.557006510319
79450,805.2699174440345
21218,1455.224623687082
77376,2487.8195584358
83765,1467.7682493733082
94070,4033.748953613481
63668,2166.9445015734036
57439,1364.5612857180045
79986,14296.942040821921
39696,2745.818282192138
10387,197.43683726818472
99801,4971.570491463914
82750,1296.5268190836623
22853,1326.0213937111785
36805,1359.6563606518353
51082,5305.541935453277
50733,7219.550140213321
15521,1083.8803615039706
49998,2750.509310727595
43985,1158.320953913597
48324,19030.63230807621
81106,5641.237431441028
23962,4095.2055811679193
25523,1766.931795451687
91791,1552.1947511079293
25061,2922.75014228846
47055,4041.016016347302
24411,6636.491003469383
19742,2843.138521375481
24215,1992.2337098096125
36789,6058.10524318615
27148,3099.8927286895505
82801,3839.184194735545
13959,9793.50496120077
51590,3024.9508722643363
351,3117.742194150269
45487,3044.804817011621
56397,2337.4127916413954
20028,2301.811951183634
57098,2858.328429591863
66706,2702.6825574565787
23669,3600.630185872873
97835,2226.722768441863
41202,2236.7005929184106
36347,1769.5726925031013
16636,4064.3398938796768
22621,4102.255154427473
30166,2260.7952487843063
95107,861.3359658668528
3185,-53.31521102715624
95428,1374.1123776819172
49893,2573.542380789281
45238,3865.0523228545994
24022,8875.630229892064
73300,4337.072543939675
15395,3207.0470640846124
35128,1157.5727108349229
25164,2228.1416752566283
96807,5238.5813891477355
88560,1709.0249901175
40718,2508.239272421495
92024,1338.9361801754758
13836,3520.7495936145697
3606,943.9669615561693
95204,8322.0046727001
74170,2188.04373208784
74556,1709.4664534716348
53061,1108.4401507471534
85795,3334.9636176508366
20556,760.1096232596674
5898,1758.395751322907
55429,2577.2692738713513
99578,2961.2891388469643
97235,3053.8774558683394
35456,6763.980943207599
67111,2110.9620397465605
89588,4012.3153067709527
33357,6415.06661687082
97539,1714.4565338188604
45668,3022.5443982056313
42319,3187.9550850486075
2780,6936.3051714074145
65680,1911.354207415926
80523,9177.440649522387
23564,1519.256148392306
77990,1946.7905194339478
26811,3056.276027420651
34466,4084.742587086006
37114,4186.432949219789
95856,2993.0344618622066
89088,3799.7139096255614
20109,4710.365187567226
91474,12301.744350354875
74398,7440.2330169559245
69343,7008.186126437505
43318,3940.102709447183
2342,4828.965679269594
44637,977.9587895341256
93921,2048.138822771466
50769,8098.427929623738
66304,3105.60170389652
77394,708.9400694659544
78893,705.7270733186178
83529,3925.5407442354895
21020,2120.8207731091443
78031,6623.892031784209
66733,165.2709562174905
80025,1415.5600857522159
77512,326.8712930764186
18515,2739.728712979292
75811,5258.030633722265
56026,1441.2349660031823
56128,458.1532406279225
18981,2167.562562913023
23725,860.0047825905172
98877,1208.3430709680451
74966,927.3330526598202
71157,668.0692134793344
18468,3723.957407462541
5159,222.83539564944203
45198,11559.005966536844
46484,2126.7648366108406
20874,2181.212124725971
65239,1650.5318475170648
27834,1722.7487089092924
22578,2930.6482454071247
74851,3117.2434226727187
11970,1586.7888139821416
26736,7983.640097612249
35817,1547.343840087076
78621,1773.2852312273335
37591,1341.7584188949895
70486,948.2976894929084
94084,3806.2095712091586
20686,1756.1544519615645
73616,2359.271206405184
11946,706.0626874501736
12260,5063.408111460857
36084,1601.3467340499528
22602,1802.2641805901885
29679,3283.2492138202724
41041,2192.60733633799
7902,612.9189859126391
97944,531.767965287308
39502,567.5392396518027
47261,4873.350454839183
58269,1865.7533105375367
15748,2826.124261946514
54320,3344.9840964270456
64950,2140.707048635577
20017,2823.612972055789
9162,1756.7517246385676
51624,3821.5797690495783
75120,5172.4445533037115
77037,5733.333354846254
68941,1330.4623867327873
7598,2203.8371694449797
28886,1295.5870016310387
30834,4473.562671743522
73772,980.3678203038417
64990,7649.63288513197
41037,3349.494821245184
52951,2627.0041315726303
71392,3146.964833880398
6710,1251.0030578861515
99624,1805.2035896635118
1980,1550.8375275843327
11724,2228.256252144749
74078,2199.353516296539
85929,3149.1719249566913
46698,832.2916352026009
9188,2179.178449841865
24952,1014.8026204270664
64367,1011.3643426854542
16470,2565.945303281434
81213,4112.699050716003
10577,10744.63784353792
80085,1629.4839229424124
89171,316.66831032540676
96943,1948.8567586701204
80891,2201.581554375835
18198,2445.191948502492
97615,1301.9660760032166
23419,4853.437532935794
4830,2687.5709706718544
8289,3028.0887776843165
14017,74.12624416719655
85836,468.59336662441274
34504,1432.6022550390944
57431,1322.2999334828182
90651,4030.287263378011
15898,1273.5822404982132
74642,9143.66960262547
44322,8876.440192871023
97977,1279.331363448402
28539,307.0870769219473
51746,1475.2492120251572
77566,961.992888818123
27361,1948.1081673817862
79257,-113.10670756111267
57783,460.30095393271495
22681,305.2097269978058
50318,1867.1582868526718
3958,4200.820619858533
3717,3960.932029509325
58298,4406.161474389864
4501,908.522950501057
14864,1016.898039332541
48993,1976.712457464591
44122,19585.158074311537
37123,4019.8185114009502
28753,1438.6953357081452
26900,1080.1033979298645
20868,2589.4974455197103
18816,1858.4323726429518
15280,4746.497484548907
83305,5153.37858597557
49999,1957.365791092858
57761,1018.7900074199033
26176,1360.1023175315881
22880,38.08904347478847
20594,3967.957571872178
20526,1285.1793243477696
5630,1097.0141912371118
70384,2247.857710866926
93548,1098.8121073363309
21252,3551.9804670184185
1350,3622.703877404764
27063,2680.022579571982
65955,2348.3563465370366
62467,2236.456929292823
96471,774.5108192352759
64925,1906.8018884014507
96134,1226.5822380106574
75439,2257.6940549762853
39932,2903.895888183065
86462,904.278115990111
53198,1082.8961027896457
92168,-320.09052461238844
2793,2562.380482052813
86012,1461.596464562661
95768,4340.108701459378
21681,1332.1919877180471
62602,5929.694612730556
25668,1815.6209529080688
98428,1115.3011722118777
10521,3613.9231019738045
2072,1520.4970288169475
40452,11541.982197927555
36946,1093.889705569723
40187,2744.5604935135943
15433,631.772359321877
27907,1660.0713256896195
73845,1250.018390914005
97920,521.2177103275644
21441,1486.4639511431196
78434,-939.4881404515554
17661,7910.372949042304
30255,2967.634855090686
25365,2654.187923364337
63986,2877.209648831679
25435,1226.9336294034915
58837,916.7477283116968
53772,3323.7441056982593
87519,3403.6921705861596
40272,1429.5828966972604
59313,-877.0673342808068
14729,4595.9041034874235
36371,6540.270938331194
70437,3118.2771564112386
62114,1459.5710970410564
33142,1524.8698940653212
65625,1556.4309135096155
9048,1956.0012385504488
43405,1595.5247000043078
52771,3620.8581484957003
5575,705.6654257419805
11448,5107.441032719449
43877,1779.701357201528
52975,514.6473460100383
57997,2277.888643695183
17777,6485.493751264536
62092,1297.2393570419936
2151,2093.5859178343762
41639,3624.870842159757
21376,8913.671040071395
45806,7318.6710548312
256,8571.945274491687
9013,2654.5187286371884
92928,12640.628892736442
5091,2991.0000077025793
10963,1387.6647891437374
80980,1011.0026197087222
83559,2271.5421211694947
68376,311.7260376614172
26707,10524.063095743248
28211,4488.414342962391
96174,6504.952451735639
42722,3520.2018762625726
32836,1303.6668048741103
84399,13395.225112356273
98713,16281.619695548608
62805,1245.3547376549454
54407,3953.559612358951
75662,2133.7109430168166
47226,733.7383932204366
95786,1235.049566137347
99123,1718.8101464054012
58214,3050.3451086293258
36170,1197.9298247615652
69439,5751.248763021976
1482,3115.940792636911
2762,931.3753318119088
34069,1271.8473882574308
64846,489.299766250394
97116,3768.661986770644
13417,1862.6177901988485
93745,1504.4085855429762
33418,1348.5429200551653
28970,1650.766194593995
28048,3424.3998559308366
85880,4979.711424918152
45126,6736.47465687709
25056,3016.084389284092
54519,1506.3355795927487
74372,2782.2195529192686
77368,1046.2544152581468
28735,1675.4523200687354
91118,780.7931755107602
96467,1908.377913233473
41925,9577.255145369465
37854,888.7985296632969
68756,1649.6995881550197
12842,778.2421912814925
59403,3553.331073525581
62835,1682.0501373448305
59678,3568.7223533922274
7137,3079.304682256256
77215,6831.986718247439
84046,1331.1180894055415
55320,665.1731881379055
91821,1780.181873045864
53976,1170.1211390582166
21758,2635.679926994076
14650,6230.165396147378
54648,4888.347092043327
39634,7912.55540670654
92480,730.1956566870408
48106,650.3448282967688
27865,2909.59252334129
80362,4643.487679993464
75095,3683.9908904127237
68849,4619.45783395049
36682,7215.30712590636
48327,1029.3959437169706
42368,929.3551223117988
93763,2886.3117972926057
72578,620.6283673990301
23773,4133.6416883265365
13647,2779.855716825909
25946,1149.38085682478
36142,2540.636544272218
41872,2194.1136104004845
2963,4077.406210353438
99711,1694.101751323553
24573,3405.331787865946
42532,1217.520995256189
33103,2273.1726472117825
85871,6848.8150299904155
95546,6533.344768576633
67741,9330.21277309394
13825,1368.8163898716289
79518,3788.278086548998
49948,1346.0954263976996
25896,13304.854255068574
47151,3055.6385065119075
74002,1231.1779740060756
71336,2884.1284575349687
24197,1725.8594241088942
57753,-33.677611208529925
25311,1508.164519994098
24665,1896.1564543041286
7169,4229.498666221679
94126,1283.152701530007
72343,18857.994164979587
45719,4190.77786857069
47136,5525.097005551407
74408,230.85049266927263
2875,3554.8711993868433
34716,2203.455182568653
34618,1015.1220543033487
80287,5413.652225384834
11646,-328.4637341369116
11849,778.8903944530484
53676,4474.4847991515335
12134,-41.732343518391644
95060,1421.1527364570402
92283,2985.242011774429
44133,3027.027167027684
43070,1505.1817193767815
59032,2078.4406537635514
7677,1628.991950802274
6872,3987.2211777473685
46200,1161.186528407717
95320,1247.8751885714046
74873,2781.549314814321
55140,2411.3922566807655
59968,2402.0253387783987
20127,5734.291475970993
1460,2005.3077431793163
8016,2544.9700665458085
22937,2129.4598331204743
61737,4882.320161662109
64690,5660.302153036206
41959,1960.5024632140423
13209,1549.1227011405663
97229,1031.2843101589797
29187,983.7835402677765
65894,681.0536057856875
60921,1829.4147569769793
31246,1951.4111424056157
37832,9012.28080104229
5884,1977.5511674870627
2214,7863.451978204165
37211,3932.4246314592333
25386,1557.1103561114192
12451,5603.535175631344
49518,2980.2298164915
43651,1126.3711561260225
45655,1992.794722785723
56046,3318.459356356234
15696,5103.352885222344
56293,5975.0927409310625
32210,2120.577713347815
28980,3738.051189634598
31056,2460.1673245573443
76393,5490.333251877554
70813,1763.413056149287
52618,1554.915030120097
80132,734.7926301442794
55097,2157.4558721614767
88899,649.4024726774855
59625,4337.954764967573
81274,556.0414161627978
34417,2629.761076987429
50799,4830.832278003093
8860,731.2524382811616
49652,991.6953404071915
70109,7953.945631532692
23251,4327.136192128794
68580,3962.038521856506
23786,8053.015912790101
29438,1776.414887331156
16477,1532.3739004778163
85239,309.0289318047335
23492,3994.733146913918
93249,5766.612602956766
28621,903.7653402324654
67012,4155.440935669396
95135,4520.528291721065
56905,2087.3639865633086
61601,5647.568771307741
27973,1561.095969408224
25849,5699.2749245679115
12419,4381.715353812611
98069,1590.5666666013321
49909,1253.0060594502534
69032,562.7386340112789
62880,3540.4828806489204
88815,986.8008202351266
44543,2248.9875457590742
40690,1480.2158466815267
40465,3848.267122628342
86936,807.8275775597267
26993,8733.442644060224
90202,3691.7004883405216
50348,5643.300274168072
3135,1496.2591462449182
46855,1596.545727871248
54537,10306.85070947055
56308,1259.4216213300087
95939,1195.6810943051282
89805,2304.873269814612
47970,1840.8604697728117
93947,2372.33779945029
19110,1750.2792985494038
17619,2057.7287427004626
13131,5851.549764950943
47208,2879.3016525896314
32060,1414.8315196947497
79410,2245.5275996697587
66244,2240.545036607755
66691,1523.2829380850585
57983,2984.4558235288273
69554,7671.736679131938
28914,899.986865738606
97608,4058.7770791779567
63838,1549.8060480183294
74223,4800.415277554715
94404,4200.3946891304795
20058,2424.883952617484
45116,597.130522307988
67030,1430.2274790306815
42529,4818.402072266486
97309,1583.8159729485305
90094,2674.0181023688783
45511,3687.6701735128013
77311,2719.2733818809556
63897,10142.027681961168
51165,2105.1100464428823
30681,338.0015686951597
54137,-211.44490902137977
25404,1096.8546562700358
21260,3484.282631331262
22744,5179.818812766669
73011,2780.1036125615296
78527,3951.4818185468994
78759,5534.100887987761
2932,3440.6719983150597
45698,211.72931801394589
75109,2689.1705322815087
92340,3067.1938820023884
1852,5637.513647266371
88057,1234.1941195913314
27469,4621.34388601707
70329,1414.721135419295
86230,3138.8798691086035
74792,1230.9956469059616
83333,2925.757050547754
7658,4197.954182344972
20681,1994.4385421703378
56944,2113.980251116533
53452,2140.8925119040964
57150,1541.5503141943555
88387,1380.1552441133595
60945,1753.8429425851741
638,1391.6114353749945
54251,1604.1243567032607
20455,230.8219217586893
54294,2498.146605920043
36268,954.7797880270782
44711,8402.628218296291
98986,4894.409510763477
2897,1109.83955038243
74904,146.94517557948484
74932,4229.477279441407
67901,4107.51782572846
77143,3775.691610604809
71955,4301.467201771567
25105,1351.0030505966251
53472,3241.345145882655
25586,2267.7819143872625
60979,418.1652941300272
5452,1797.62514296496
19147,7205.965082715664
66858,1439.6102076948664
39663,928.9655042316094
6134,5481.560855919162
9170,3931.250505649469
38435,1317.6854936949721
30914,3494.7341240136852
22549,1513.5298631788555
92617,2649.148405034697
855,1741.611785321222
76410,766.49472499286
17524,1654.0520359988109
4278,9970.919986034398
76474,860.1660315760373
18505,1701.4588189024369
65370,2024.757196494861
74095,4059.5329111574247
4916,3194.6443198738275
74629,2384.175034586798
60630,4774.183568012896
90677,2253.59584828027
17660,1911.3594341754456
48586,4376.703040190674
48366,111.02295855891543
20969,4319.753275586053
72284,3317.971714989154
27954,1106.0849098409335
40957,1621.5692094043861
36958,800.0941911295286
34923,1132.9451263002688
52590,2054.195330661054
20070,2352.3417612366293
59333,1493.7097417160517
21738,943.3442668096914
30996,5612.866910512555
99430,6560.357165202489
51483,3131.0052986649252
78528,6701.727053943703
22787,4539.14712152372
48130,6188.750138760857
47537,4884.824564376264
25480,4245.354276218459
71841,381.8784029779008
54236,1358.0247760768916
84789,1408.691309669949
2038,1207.5951749160167
79820,1317.442893011359
8904,1252.9563323762009
40105,7310.556026973479
39691,1472.3712274562804
52183,742.0266648949182
98445,2818.9362491528664
62200,984.5125443053544
85404,5847.705915499187
41969,2534.8740230986277
58967,4103.688142923624
16979,2970.2341462897657
80213,9160.548602331128
19925,2070.681936925276
33379,2515.3261166584643
83597,2281.0240132251292
50385,2487.6004799708758
99085,3478.8676485601877
54113,1178.2861009457033
45385,5619.054501440603
43653,2182.523212365959
13370,3448.0636910685444
89620,4485.255397220255
30851,1499.358902788265
11935,1023.4147619292862
39183,1613.4462519177769
21808,3807.198744076173
55051,950.1775180079303
41819,2349.29022650433
70858,28103.62608297881
4221,2034.9672071652224
82544,3247.9964908421166
5823,1764.9175225673384
81160,2411.7182590767607
29269,1701.955809686755
54211,919.504175537832
12532,2582.954473198547
48738,2071.8784019335044
86789,3378.679838928401
42208,1581.6531905805787
27785,1205.6806189346885
90771,994.6272466675869
71463,1614.778827277517
91355,5105.386694899782
25288,2599.0516403539723
97289,1473.444269057874
78037,12108.976626948956
26223,1205.3745838630298
68903,3621.596822651728
29013,3325.0653591663418
62054,1645.1147724300185
4475,629.4215408575983
54878,5397.60578561383
68382,5518.851395972405
78820,4150.69405152974
15170,2820.4097149801255
23294,4687.7981725988975
24158,1903.541885455294
21380,3079.087776552036
41204,1029.6301024857753
86555,915.7148813566018
39651,2293.0036987719013
27801,2961.576125431762
68263,852.010739613012
40375,4266.412976929725
29135,2065.284563427895
28040,495.8901986347437
81729,4322.324625586738
72050,9067.499057637659
10076,4169.9741038424
95185,1319.7535607281097
56609,3551.894919845565
59081,8008.232679484771
89170,5093.7866267228
11524,6047.479570946672
97686,958.7367922993058
51576,11037.213888209992
48069,550.6357027664644
24169,73.68080003067143
83135,1741.971375955395
19051,9644.976812804409
17170,483.7867462761701
65153,570.973728444284
12998,1280.125905522933
85492,4936.598118707909
38188,6749.650481171083
15769,1449.686178278358
16443,1255.4584644256192
94999,2022.4597788050883
48482,652.1746695221468
48370,4223.709976921652
95325,-510.1434674174707
72372,11969.688488800055
23756,1825.3906240576284
54811,11129.77078122606
6615,5346.7545756390555
55659,1130.4909583263761
19344,8226.625091223752
26717,2423.7387667672465
73242,-140.83346856813932
9979,2383.400448063625
57479,2761.457059775945
93523,342.86762131006935
55532,7520.444834159789
79684,-325.5335122759561
81448,2277.4691752588187
71757,339.22370517052104
49210,3798.118898320664
82568,4409.698055962246
87209,2869.7476367739628
73215,900.9380661274408
7686,3005.2706664242874
79400,3602.945534190925
75335,612.4981363736651
37233,2868.3979569603116
83634,3001.8809130924624
52253,2220.046159498349
4957,2132.265336202702
20235,3370.391490095764
84483,2190.0024265903057
83736,6839.812537210128
48156,1955.414587182948
2040,10084.697733013112
42413,1483.5560686427202
84230,1108.471139111597
77685,1937.4239276674912
35102,2182.812921179854
84745,11453.590831469832
2747,1319.5454238599432
42616,4238.461730860938
27467,7639.42530423318
7893,2339.2036796024613
8956,2607.3557937437236
39727,1669.6547485048736
61466,4709.193123091484
97354,944.3042887875645
44193,2382.9978940195106
54804,2592.3552626563414
55740,7096.837206293267
58005,1545.912674113893
26271,6840.570480202235
66852,2649.375662577704
40927,1593.9570767791888
5521,2152.5396523596987
20066,2276.42342352763
30730,1379.572351976372
49249,3020.5637999927626
80858,2510.341751861778
97372,1394.4454734150954
13757,1463.6080054750064
64515,6814.9098367321985
26588,1191.6495395751845
88571,2061.5970501288257
1609,2606.7596626229424
10999,2246.6647710844577
74962,1143.3437195740903
70098,5663.110935818508
28573,7608.019031456683
8855,900.4050167297892
36192,1515.9196153718667
30708,1814.3589708002944
9790,7907.381446945989
8267,2428.9400678705715
39282,4388.80962653897
67629,2753.7277000273816
67409,757.8968488785449
41371,1663.6703807708839
99056,2177.5474704710314
42142,2329.208088240755
73913,1641.9241830568778
74762,641.1858900504571
14113,3638.9348246546874
89301,1187.8092405309217
44917,3528.581905706365
40018,2345.666469731319
69425,8969.41663473469
27051,1826.7867118741763
71666,2246.071328707959
71506,1141.6774481023872
83797,7684.741801979002
18813,5772.741352791408
2483,2746.7214804615583
31475,4446.150515217411
474,2416.304474688445
80920,2856.3357154149717
96043,4587.833424250888
54785,574.6858985346794
93300,1477.427099973007
82193,1092.5923270750282
96112,1905.9676795167277
88747,817.0268691526526
66554,3486.3316770637152
45980,2687.115782942936
94573,103.52694358926419
46423,1661.292937699167
5874,2137.8030928521166
88937,1714.2019962244203
94876,1267.7168952988168
95689,6154.863727090575
63122,2091.4851442992385
18605,1065.7283020647255
90557,1966.2919806845362
61354,1302.7251077775113
9121,453.82862381482437
21405,952.2755373240593
61490,1332.365878327194
49497,3030.406349743578
82732,1317.081974091368
29161,1557.9876418452532
23497,2160.8527029946936
80815,844.6012425055173
79879,1202.5511352678077
77040,1664.827264855011
91985,967.854966626187
94014,1511.8563195342563
13258,1133.053323957232
43207,4198.929133136211
25069,3401.1431624626625
93603,2712.9259325191106
24823,3554.9260608860736
5584,4948.647381807603
6334,741.4970037135636
19516,1155.323048180042
21031,1242.713382390044
19823,1568.5122559867477
41710,9946.580982256259
20867,399.0052605620772
89212,1928.208600718695
82396,2140.4697284436193
64338,2442.9326984960285
31544,967.5131170133682
55503,2487.5343347158814
64884,2009.3323361445287
44186,2231.303424698842
38112,1251.6061455266754
58321,1424.4405703727944
10666,5072.679049189972
12758,3048.4693063263853
90205,2772.068173297339
74574,1320.6946984897554
79867,2972.7696650202092
9358,1350.4251700732239
45988,811.9060357959897
88818,1779.9133824173646
51347,3385.7167000439954
67255,7121.4527329960165
56350,1594.0176656440626
2175,2327.3130034889236
20781,5915.6795620962075
19733,985.6508964863724
64799,732.1599228493492
78628,1433.2822686420473
25225,1655.7006754868783
47962,2040.7722918676886
71223,6826.12770783885
62791,1228.6927589910974
75283,3338.0688028027466
3288,5922.775102488891
92182,2093.100904172252
315,2840.312810269524
52102,1712.4613887641096
33369,5529.579326706419
84860,2288.9026167180473
33560,371.89414065367737
27227,4895.644392395843
47690,6285.517272155889
42062,5117.185168233723
74115,1476.706342922273
92249,7962.4264122591085
8766,3123.762772224156
99168,2261.115104657296
49285,3338.706364673851
98847,1771.8008771533848
73316,2457.9834872603597
63595,3016.6321655543115
150,2270.76240948116
65816,760.0860561905088
94885,1487.2959424952564
65295,1111.845716624583
4378,5234.628139329361
14040,2194.8221234956827
83735,1946.8465340488442
32339,2090.368142548976
19578,655.558012192796
95719,2440.9674962075005
24762,3331.349669325823
44784,2871.6522662443454
56545,768.0455811319366
67957,1937.0172899963868
14386,1056.4405737133293
15652,4178.36116902839
89631,4726.212359349982
10324,3205.561928300837
41499,203.41229808439675
4680,2705.834564960553
30866,1969.3167260404116
8492,732.5350289291027
54257,6291.72050160529
7145,4049.203541380939
57446,1362.7654759915126
93271,3844.561915035457
49144,3405.4666869064454
36669,1176.4354618913567
42477,1429.6170619683448
62262,2819.4674438687816
68575,1327.0384325329205
97862,1835.8167382813813
18811,1266.6247925966295
96256,4284.40491033846
21131,659.8982932937797
79131,3391.688936259855
23074,6868.121523601653
83124,1640.6957447403543
97532,-537.3808379879902
51825,751.1841030038358
10000,8101.454449387268
52237,2930.545166890554
59546,3881.2828437145636
10444,6647.0084741945775
98475,8181.854664741077
71000,8072.68844432604
59247,1646.7314181248928
87003,-77.27869197319615
34350,399.3062341313798
19255,2994.383881833998
56827,2324.443011937031
98560,471.6036804270666
17383,758.4924619712656
89702,1011.2489602625274
94890,1208.0564105508665
9357,6867.558621614721
15026,1884.5710295905633
85206,2104.6512190546027
27896,1413.151010332931
69650,3037.1447921542212
90338,1009.5394031011883
19773,1695.1493904665344
87778,1310.8020169760366
13407,1094.9494568249625
4603,1034.270901953098
20879,1373.5391340754395
56934,3460.6201528445117
69243,1293.917260142408
66001,1234.3133381419561
51230,1957.7918022503304
53621,1822.8408540893824
31739,513.8405383319509
35354,11698.310199972788
3837,2012.4100145245834
1933,2615.588113191443
57909,6505.97672027269
87623,11575.421752876631
48987,624.5599673739866
49507,1338.4841401518574
3841,1730.0411542641732
10823,1088.8406188759673
14436,3298.0216124259923
48674,2639.5001729469677
22564,909.5188695551988
44844,363.1882076723914
58870,209.88907010686353
27555,5471.387423070886
25609,991.0972262982118
48067,3934.347100504896
18240,781.0164655498847
83547,572.0839722175383
8464,1696.2746847339001
63729,8567.919598963414
50703,2315.692160108325
92328,3553.8085014702806
60985,1484.9642929198744
90003,3501.754860990577
17949,2874.361224484085
55954,1697.5984787917707
62368,5873.20867061931
4664,1389.5480252072234
74124,2882.5326780993432
59388,1370.3152648483542
82522,948.6780989628955
41116,1855.2436217028007
7447,3317.178982768044
53802,544.0841791879297
84649,1672.1568073561602
24656,1094.2830559211584
94368,1062.0331015695801
78702,4006.6876103976288
24582,3273.2046983538257
11312,1567.3775889002618
2881,2092.0569596133637
39284,1249.530650568432
43535,3637.3814105997026
49409,2643.8417319183623
67128,929.1301456256533
10345,12960.520565112767
16397,1384.7912867404889
42475,2453.8146908269737
28997,2288.180772749597
69407,2867.8517986839765
71071,4522.873741131307
66184,4245.148373701193
3226,4806.128529587913
83742,788.6836396706267
82884,1379.2643266482023
27551,1291.413413802979
43504,2140.197034443626
18539,1480.4415762185904
55052,4454.566667248984
92571,3037.8648608512553
87611,1078.004294649409
11051,672.6566041493375
55877,1108.223976024029
16246,1959.0166420713608
87226,9509.289539536712
32465,2040.9050827861774
89849,3863.6930161268974
93615,4346.7298840177455
96870,2811.283621351831
15534,1914.0119933142205
97483,7132.416335756
54450,1103.7315030867148
82726,930.1290140412898
98237,2881.730615846548
97055,1837.6891969588837
20579,2306.50716536558
329,20764.014052613387
20917,1821.1077945509105
35569,4249.564426209328
145,2635.1996418838607
74669,2141.3672470087176
6988,8561.870771258467
38050,3309.199043404926
18114,3210.7281809852775
49112,2742.3221136505035
32218,2871.126191213957
81005,5300.690674029009
67425,1942.1108842168628
9958,1478.808415636804
82659,901.1458666207059
23270,-63.74718177851355
70444,3469.3279045311306
55277,149.68391648051238
95989,1331.271220616998
31381,1294.051723788953
32897,5911.490603429893
59539,3847.222819667925
69898,2668.8295933884638
86174,4794.840497237041
26421,1269.9550019951726
65244,7115.7573303556965
52373,703.3392540598124
20568,7090.058245661372
61043,3124.405359748831
49459,5781.529732618396
99813,2359.3355554264617
23394,2777.950879304444
69576,1570.549787010776
11264,3406.040217671656
29811,1097.300927948293
6059,3047.7522603587922
72841,7698.114667732038
46210,208.32869279443184
97817,191.70554018346502
60479,1947.4758317872338
72773,857.3014285846493
7317,7137.438019615357
67586,585.9300727137415
21684,1879.476898940686
61534,5239.601295217406
22398,722.9892130611406
77558,3969.469684947217
18281,1590.8979879347667
77022,934.0641471547069
90656,594.262199619181
91733,12716.683519516553
46864,2242.898267266617
87149,663.8921074760028
84794,418.298665460381
60791,3288.511291768215
7854,2975.9061412427154
74396,1514.3216820196526
75514,948.1703784743136
5643,1156.2490306924096
88806,363.74688343312846
70952,3462.163005798875
68736,2230.2054418372054
35209,1662.8244097423951
36964,1052.454076870717
69075,2218.159455914304
95197,4666.720708650506
31780,1975.500869415843
95684,1938.061294834651
7310,1076.5068989268316
81147,694.8196556374874
18139,393.8218678350204
95071,3953.972901580123
86178,5469.329984463493
31820,8509.20365549517
73631,13598.89126160719
75542,2315.037720365953
48677,1804.6767579947023
66315,3156.6169163134373
87770,2173.2062825014655
88257,2175.3197593758305
31131,1403.0727489026476
81140,4661.522311828997
23256,7437.170469747619
73504,2328.4615806426423
41213,1355.7367096762164
29317,3034.522805568614
49360,962.6598524367619
92924,874.3919398376297
99144,245.828900575661
19514,1370.8942183544432
36391,4070.275071059853
31134,2698.0713348770046
1909,2301.328183261618
54643,2626.866903928333
27778,2628.2943054932352
81592,1262.431830376216
89687,834.8494656599714
13322,1761.0572291079818
94436,9140.339594045608
29815,1920.2866758693274
41292,8404.324385307245
7922,402.8684025784182
64920,13098.889878230873
89803,957.9871669706581
34667,4529.851959222561
34139,3615.086937080476
27684,1453.3803859543177
86683,1095.2742522212752
41253,3862.046946037044
94689,5842.304585799924
1877,2166.9861548904823
61892,999.2395049745674
77296,3949.5326590500786
55322,2049.8815880834973
47705,1544.168925672669
1281,552.2207465016977
61956,1751.316394340614
85387,1343.6159897252796
58276,3314.225477862129
95405,1891.888111638329
65734,912.9760822857779
78448,8209.057239347549
54176,1744.9445430289948
44745,3454.4796564008066
52327,1775.499822589809
22544,4519.998385133212
17727,1634.8332920410564
52529,5410.990019025507
30650,770.9594845194729
79494,1630.01425111199
58591,2726.748269932139
34370,1968.3471270817313
29230,3309.0781049714633
11763,-104.90874104291561
6670,411.12597956968875
84156,1593.3983354006873
17664,714.7982222787236
24860,1754.5303952694312
11174,1091.6632632655055
88065,1251.8362779502904
30281,4676.189894786153
47577,33843.379939998966
23127,1692.4171000855983
61104,3258.641844348941
39299,1746.9465935972676
92127,1940.399468819757
24765,1094.1178990963099
80730,8707.439577216437
81245,1239.5204761199543
6190,8450.156854848865
26482,2083.8391005935573
4436,1959.0037212596606
27118,5013.894841005309
30868,1138.0477792138126
70019,4868.836427919743
78894,1026.9073775483766
59964,9466.571312296262
47444,3693.8813150143856
80756,2747.6303239251765
60860,3930.517803089781
10562,11727.260075416052
18022,4403.095675981828
45369,2356.2607240260795
90219,550.441640460836
11166,2210.0104455211986
86187,392.38700936512305
1659,-177.28443008748582
2912,4832.728135703272
19163,1548.114022719532
80930,1264.7102556839009
77086,2600.368496258695
61709,293.9730996246626
14081,-444.3659129362477
42792,2094.559071819292
76770,4128.413305298654
32930,1859.3557340444022
39099,2956.127247523961
61633,1867.5125217976106
26636,13353.220840612306
22172,18685.943609794587
81538,503.7852018829476
11108,1212.160509850204
87860,6176.690698897119
74758,1167.5953433156878
24099,1359.850075513761
75104,1223.476779109336
55883,1946.9495081436978
94825,1685.0997725121508
15854,997.135442364613
53284,8159.440612539467
52054,3176.191524220462
29976,1584.7865009722036
39966,774.1555218345511
37241,4571.94876951881
75277,1863.5249281797612
53689,1343.6513157964596
12417,1190.0552248618078
72169,1785.7235955625117
49191,3152.0083051121464
23617,3606.0813185096217
58579,1379.9070257288995
76202,2512.8918210152815
91679,2218.980264280063
12467,1761.8269827038605
75865,3109.7138699003845
98016,3818.502754928677
82228,24228.49869468948
7783,6175.097190746001
81731,3098.6647722953408
96936,3154.5187055576935
70851,3100.327110995782
24003,5831.464605259283
7161,1827.8423103271762
84367,798.3979184171121
21542,3544.224950468657
73322,707.5467119149189
84073,2169.717818254506
50326,1029.2432115357515
73377,2617.4180810136368
60767,2052.54072550247
3881,9480.274943934539
58656,3800.605124442845
94100,2679.9119817090564
14645,3319.2528275798654
47681,2574.1382593598714
18534,961.6599330217941
26603,1203.924407150782
65512,1329.535831787167
74500,2488.9541458641734
43303,2988.763948370074
70138,794.18541890697
33403,13386.009194770493
76896,4092.0051947994584
5107,854.7746256655446
83525,2460.5373183342545
8331,472.4671315372616
9544,3951.30202410751
4311,1469.1400103351384
51745,4932.133501016705
53837,1412.0412673674941
69252,-269.7910129834622
60620,1894.3714658978934
55234,4112.684354278779
97740,3208.901251725494
94328,1694.356612202476
88004,5755.663987535019
58568,29517.46496616333
97049,659.8126028653146
67772,1894.6000932924842
97345,1379.392991540743
75271,1861.0540175698209
85595,4474.609058949725
64523,9689.143709367989
81236,1211.2550176917007
19416,5050.631688642507
19341,1745.9646484345321
70983,2376.385826387289
48768,1413.4856637047296
21081,2949.9301138595038
32103,493.12132690969565
27737,2215.068648088322
43770,1203.7330008577114
27238,4796.347554411004
55227,2562.8959842195354
1969,2345.395927857281
72798,1531.4925272916335
79451,1384.461275503008
3421,2679.262567878598
45965,2025.985721223123
92262,2224.3618758361913
48779,5262.746658162833
14591,-441.91967379511243
15676,2710.664853939546
66862,1093.1770123684478
10365,2624.7335105605234
25172,2126.058019127197
75331,4356.099502043352
54665,11717.356047325924
66746,2748.028771281696
62683,3187.8725277644294
50096,1090.1905700056277
45414,3196.8766918113447
61893,1227.3850994103937
18501,1446.8732524282964
62915,4051.8312512208713
70777,2791.727650571422
44504,2588.6073816141784
36584,2589.4738535527795
13393,1149.1993549600384
25623,3269.117557329136
8821,1456.7188664870596
30286,2422.519721915236
80787,1034.5118629363892
12189,-517.9404628321836
55679,2738.67627956271
10849,2108.6377349434338
1840,8963.391853464665
1778,1778.4932564196752
21725,2727.771187750865
78028,2977.4045506976363
58674,1683.1999283016812
60148,1783.434495204395
8988,1818.93163523844
67420,2486.5428197441443
11757,2477.471856700892
22368,1841.9810668172454
54674,1596.126541624075
76983,1019.2251508786212
59013,1611.9844092393787
1978,5950.53951552635
22371,2523.928782131956
71877,-107.5324542900621
21398,2199.203818562131
46948,8168.686880024512
63387,-136.70093485995267
64869,5447.78983252771
1326,975.9897523489308
35096,1861.59143729726
8375,1186.8063834003324
4271,3063.8005427225507
33654,2885.9762583611673
13881,1100.405086530187
3990,921.6389142781959
73234,2667.6574844872175
23640,2512.064017937225
75085,3364.70554038967
47064,1931.883752014778
46292,5642.610302478945
78794,1836.9210206883263
41068,1752.2809427206034
15388,931.9722120036258
21424,2637.2637342376484
83714,2353.3679528455514
8068,515.5633467782777
1514,1389.6916026291865
83089,-325.9551338602505
83593,1356.1524749107712
42688,1361.463488076724
71317,2434.7642334767925
97809,4444.1616599072
86344,2216.478991627856
92268,1331.3228368225064
53528,2374.1760796528706
63164,2954.1534069940185
72434,3360.863673205114
35443,12989.506033979245
13727,3606.74379662134
69304,4613.6588517077735
2157,2280.503679400682
74572,1991.692160317059
63896,3504.2918310820846
41861,2162.118910322207
25214,5015.586233627281
91930,1620.7212406700298
35945,7471.1782303057735
3591,1606.7400028911802
8484,2073.231422494396
90893,3502.5843624197387
16752,1072.8966989663913
47280,2465.3820754977733
23574,1334.4566561689617
53932,2941.9289050416946
79073,1701.0688408923938
26031,1337.80515923114
36828,375.80896058020153
6382,7408.246959137053
73602,1951.0993545736683
10093,2008.8835196005846
78427,491.746059940524
3716,394.08443575368983
89830,180.2571578909765
58540,4934.886709645725
24767,1615.4934470211795
46764,1261.0607213574785
45341,3121.3732818407157
46288,4243.15908115692
92958,5284.154495927684
73686,1996.9133644305846
93130,3337.5763157733645
28432,811.0782524563242
15657,12787.018593159859
17359,2322.6607718417945
95088,1757.0227376316645
7579,1266.1374033267648
97475,251.26225818913372
3755,672.8462233070582
79913,-359.932463080238
11007,5488.990256951862
84999,3901.974127194654
93532,637.2943694197561
49921,1928.1204212317102
34401,2877.3247221806787
45435,668.4427972245549
40702,760.087036701811
64774,4269.203008972729
31545,3555.138530553499
86818,2582.0935750671965
35640,12787.770047856438
66966,-63.67742473031967
77826,6031.461421626477
45869,840.4833232051833
24538,1028.4265132998999
35593,2841.0129586805333
69603,2920.580048206646
20639,1700.7052629950094
25628,2566.8637835199775
78222,3831.183978948599
76369,2491.8351119339723
48001,15040.642012961429
65245,2292.5229155901116
36869,986.8298125626402
37708,1064.9012783058306
76861,1066.5512117762974
72053,5551.2856722983615
21152,5148.649278898252
21918,5213.780152184416
30802,2351.2041198165834
49992,1598.297755988629
36007,1354.2554364368834
30741,1145.1415101768503
88896,1362.1679471343464
75158,2639.588680363373
38730,9195.064894168512
33796,682.671268019617
35685,224.69161080597632
54618,3480.0603078974755
32050,948.0503055110439
83352,2818.369835623803
1436,486.0933971054128
43664,1292.34788007405
83498,3547.0732592095296
93669,3495.7952674915855
16215,701.1346540605427
44512,2246.805809250018
68633,3751.818763103326
37887,2806.4522333389145
5657,649.8291601798637
38804,1635.0574116009811
86474,7357.626466340969
75384,8087.140437784114
35778,738.8615744513118
48252,8522.786007466882
54130,2136.4519436995197
9516,1721.9950462819288
64126,4969.490210111574
52296,1754.0923388407148
88836,2682.697942106312
55669,8284.251739060473
10021,1892.9393161116295
86094,2098.419686215677
37950,192.24508730361322
83360,3345.039115904642
43211,383.52144352950427
88416,8985.835746561988
42314,993.214368282107
45567,406.22435236061165
38983,2135.5920463773773
40786,4899.282220274683
3379,6254.6471595157345
95413,871.1561385488358
7086,3183.1232654160303
37947,4551.12595120243
22182,2882.5149188361725
54759,3596.9189814475058
13523,4781.67354033518
49882,1309.10166821545
71399,3898.5114510497915
7782,350.4913888330743
98703,781.262633898562
3309,12809.789614460327
21206,6223.125874528498
15619,4131.560895168065
31902,9823.537584646694
94725,2417.0208928268726
69049,766.4757524578245
55847,3562.88260295449
86394,3622.138014511463
80272,9743.759004445023
23100,3597.7213197774513
82026,536.2651042971729
19238,1317.2045224466333
29586,3524.715171218345
72253,1069.2624748156995
14578,3890.5782188326903
99733,1503.277541180515
50135,2367.0885257415357
23362,465.4410662724076
87896,905.9038717402163
65086,2572.4512506337387
56530,325.83166028940923
37781,1716.0623495282173
11679,2139.924146779152
94468,2179.9383728331322
47263,2312.7299150221797
21191,2260.2761368693127
84254,2761.5872610324377
97770,2177.8034811070092
54875,5813.629327228634
42514,3314.6474429157647
37089,4971.241201414949
89984,1617.0884458731327
5171,4681.580081571565
10454,3016.5298504693947
49370,824.1447555932277
48027,1199.2712086671636
31804,3320.075840001516
17897,1701.705795287787
32188,1431.4799914538598
11384,3265.3147836942208
70904,5963.768701114057
29618,6642.209191346252
92154,5269.013873949852
26958,1361.625894462577
91144,13919.81810848474
65095,3408.577412799987
32812,6713.599911016538
25382,3624.7414812740712
54773,-413.6717450834594
8219,3014.333665862062
5372,1364.4586904645957
27429,973.3911416098813
65659,4225.589229900529
95297,3997.6942330908964
11120,3599.4480191749917
94809,6086.857231367505
51310,4313.983514111227
36419,4311.579565596445
33880,2546.637177347353
95820,4376.973711886323
66505,1403.1445420419109
34565,2161.2255660853716
62396,16033.957659603062
2678,7986.020841816871
50898,1605.2047620581006
63441,187.59516732924203
31623,1899.4801505367136
90350,2450.360037260969
72281,947.0882435354492
76874,444.5250941322561
677,7754.086415716251
45172,2537.6301102634193
26680,2542.20426342704
47389,3875.314781531521
77247,960.4122427281304
66328,4316.04743427927
34637,2267.4773616182883
36953,3089.632031722395
73346,958.469100012002
71060,7897.236223458014
9408,-390.8605580445501
62749,2680.0551458419077
92131,4496.949565640344
60589,3846.7484139351154
81137,3304.9972161485057
6305,3178.266389997533
98167,3361.2465723195146
69368,2705.966764361254
52948,3013.60242076251
26384,1735.70837508807
62813,2370.8129667494113
66518,1448.9729644123095
17550,1216.905767362557
71203,630.582172660429
59859,3461.237704342213
61657,5639.513485274668
6240,4402.743832621182
58239,4456.52254571931
44498,521.8570570705297
59585,4116.50045954835
50590,5253.8994610640375
596,1853.7832122934205
17821,915.8701014107119
12837,3004.263158878125
90076,-150.7773809984883
55328,3550.341959697463
97150,989.6040725535636
54044,1538.2348370032682
60195,1917.4103034572906
43489,6524.181693634118
40808,5346.819045659463
33222,3542.877683477055
19928,1102.9995649046864
9555,1304.4391160786686
40118,5539.493632722846
2265,1352.7517579983933
67338,5463.428828137323
28779,862.8636739905792
14526,787.947734126441
24683,2355.6118098434235
58062,2204.112057940799
81124,1036.3013218464112
97211,2721.4343133027223
28561,755.5469267206222
14669,2275.5596001696513
44731,3093.4136493445253
96207,1558.1470824921898
92503,381.7732796548253
11885,5630.704370513466
90948,2579.3876100605685
11812,2281.779477743367
27651,1418.7756492745834
21821,451.8367776589389
79348,1471.0294351245911
84602,2073.7080496565954
23388,370.18209254409885
79168,1813.178431054719
52051,2073.016277979771
32834,3575.9636114803975
81365,3404.6861307950367
78128,8075.694276940032
39623,702.6175739026949
98382,8360.163477503698
1595,7085.086741071663
44184,1444.9959186102487
67146,4564.829335340893
12385,4162.548068694099
10655,283.4718022740308
97044,2235.5267443824996
2553,3511.2235392963003
53458,2097.5317294355973
44105,2735.174600224476
27011,7426.368967377989
23778,5670.215323811306
64791,1462.5253642869575
44598,1842.49616341702
69541,2120.044575699185
49564,5966.408621907125
84648,948.572954195185
32528,3142.267897618901
57860,4130.2334028441865
30493,10009.818570064004
72888,4950.397840469475
84913,1574.5101734953814
11283,802.0700507598012
22263,2966.5023154994524
65440,1063.0263282221094
97538,1949.5947858198508
25571,3735.794780630243
41331,4437.479867490701
70395,6043.594950252589
52485,1960.8437023931672
14684,5450.464751123178
49460,1675.1129215634644
15043,5109.970245502398
84849,1674.71595709215
22428,1025.266986511488
45675,2347.2078427549613
19705,1634.1891116892953
7606,2609.228027261437
78637,1815.9472491256295
2992,1390.8820477112768
23158,1639.6544404251138
63933,1515.4818721383085
93574,2464.3399720047637
36295,5137.604043009043
73493,966.8213312517264
23272,649.0601393775269
61476,1149.6541989076695
473,1117.0760550314412
93675,4493.155159759088
59273,4602.109831015378
57606,2532.560596135764
69002,4308.219443810598
60583,2246.4937217088236
25205,8798.309812273219
74381,2666.9839926336454
7312,1611.3574675403609
66287,1699.3684871280461
15064,2410.7543820364376
71789,1664.2663138826708
77664,2903.6459912215205
95074,-433.806480017367
39065,2683.3407517261116
50807,35762.805293541605
51213,13287.444980629649
93826,1184.2749810100486
29704,1218.5901935669126
50556,1303.262813600817
41046,10017.381433461152
51274,16979.143962126793
9971,2338.1455508567965
85298,3429.1272228551416
9972,3145.964599528688
90858,3211.928330027528
70975,2677.352624295323
40390,1383.94829152693
43536,950.2017195197363
68645,2056.079870955387
17107,1447.5780372321187
67525,124.02050255163567
12303,2083.4283909640594
23656,2676.2144338800185
62971,642.6704905742176
66286,2073.037598543702
38097,2676.908581974411
27362,9532.74509496674
68274,3518.0499797974826
85753,1292.90036359144
75036,2102.2136143060798
38269,4680.349462808251
27066,2057.0369762225473
1843,1567.5772966298591
89990,1420.7717766397714
23727,41.51644896085327
62133,3641.687051689314
46652,4330.532660553883
58171,3963.556813096274
51755,3059.7208114154428
64416,2044.081807300975
70320,840.298547205598
99268,1737.951800850501
92134,1662.217141924278
34302,1619.7758830873915
65400,3697.051748107769
89503,1610.960392218082
88459,229.87656160329925
91062,1496.1146660105624
73047,2358.718055174095
14925,1063.6391818025622
32024,4709.535351443599
90966,1612.6934186265557
90232,2253.780187879076
85010,1850.9314841846965
26807,1547.6943887720108
82521,1550.517041947804
2074,2061.2709146185252
59965,689.7512526768132
54239,1959.014540925883
87641,2072.157499959496
40126,1988.5445084390929
59260,4077.94597160579
12643,805.1787416422753
12029,2300.354678670432
10728,348.4260239826549
71002,10601.905621917518
70393,6798.012670443665
2162,2312.1728026411065
14471,1995.8226560819567
49083,3700.3495287301225
96986,1953.6002499430015
51991,1840.1905586568598
7256,13171.775545271157
73858,2461.37963187564
88557,10284.208006966841
97789,1773.3774419762228
71384,4366.506011502663
64048,7024.977756122663
59821,3256.8494495632817
13524,4144.989312095931
16433,1371.2462979858196
50947,3234.347932398138
48648,2758.4411474529443
91765,848.4891327041705
16464,1094.931916872718
29237,1676.7398671860274
27948,2067.236771827194
46719,1468.614132344369
88194,2293.8082385988337
26985,1612.4789059229397
61527,1075.5150731729755
70609,4259.235873231711
76464,785.5507692545543
86308,2086.2637202664387
41304,1282.624375048434
46627,5426.474159323438
45552,2904.1123015349895
62592,1586.4443978413306
16406,2797.832908036342
84889,8085.023930627244
18025,1295.65164821209
34524,4951.688796343592
73100,1534.9570526859734
86894,841.106462317252
89453,354.70711777885936
93369,1400.9689270837193
68558,2486.1583798430215
85890,2551.5513944861023
576,439.54962082645625
91423,7713.186786444327
33498,1847.6024301105829
7973,922.274584767345
83664,1707.0089212675962
61775,4303.00576763507
21388,7695.270727016754
70654,2703.724618707733
24632,2578.9258466528663
38958,7033.609266950386
82962,1726.123173712158
32847,1787.3897713116062
33064,2935.7136335333225
40964,-443.72907556006066
6827,1195.0887072199994
91313,6155.944884027144
11442,843.8978921680373
96051,1726.7005246565172
87202,3021.245836539166
68210,2001.4684597578466
11337,2319.7004453855534
68249,5766.3266517784505
89120,1938.9125895716793
90285,1597.9741503875425
27556,2390.4063370814893
62479,2583.845798827024
31613,2558.2196487979754
88170,4454.194097359095
52639,399.362716067516
79989,2155.0357514962416
42800,2688.7471058577207
62631,4636.497039453586
89254,4742.385678956263
61887,2820.252405446885
60307,1677.1533860701634
14869,2615.3576282412128
14230,1095.7037229059279
173,7291.162180615471
84792,2874.070684347646
23991,3755.4001130484903
86049,13135.917779728132
66519,1470.2407588739206
49639,5108.928221113043
95193,2572.471555824476
25514,1851.9140647708964
75600,2816.9733133343657
23551,2303.2732843830095
1582,4243.8660761620295
25403,3403.808288389677
59158,1151.9987242917432
35026,1227.6805319882128
67578,1089.4228799275556
88719,2543.2393832290577
9948,1434.2806582110002
30848,4700.488032986276
60759,5615.482937656896
4508,1784.02029392624
76758,5789.078574947695
77986,1561.421138958673
26604,1760.7538050136527
64892,1121.038007150606
82324,1216.4846099305482
36337,-364.4394111131578
12590,5375.292227044887
17308,10465.417683163614
7163,887.2328628410405
9218,2052.5835942508693
56789,3655.202223854881
61765,1175.225706112396
35432,10915.491239771003
94860,1306.9964384470227
98951,4220.892896220583
47861,1291.637039192111
27005,6267.452673507408
80587,1226.7362462755736
62121,-6.381588156248654
12756,2476.442927179627
10892,3423.3887751664092
43991,8802.287145954142
51335,643.5020575317126
28321,2041.0121422422435
28895,1130.076720412323
75480,1311.4524294222879
19955,1789.4044187023194
460,3905.9939114733425
30060,2616.2843336378037
86183,2855.649912887921
47323,2625.322661360704
72469,1270.2627694111657
72447,2863.172597571268
72303,2775.7630196957034
4215,1021.5286113416159
96327,3946.961986632662
59674,1550.9977491641284
62126,3943.8589125032463
84747,888.9098499729007
71118,2493.069446226513
87518,2442.6023858851377
19019,1768.3376667351686
94764,3664.9254589404954
16798,2810.083138852631
1768,5934.642693643826
55126,795.4455721432928
36984,6357.128897563194
64144,2358.8266703112413
78079,3640.0364910976527
67739,1473.9149771739985
38299,2117.9282669400736
10326,850.871587822352
14457,1870.889856316599
30913,2262.9806899402247
76831,4001.69241696671
33722,4773.897822097727
23260,7488.594736801395
36408,1476.4601898648339
58755,1715.155672225321
36037,6245.6924420461955
46255,7535.706244476111
59284,10413.163409105648
25798,3811.933015081924
40016,1222.8969267416737
77389,4241.623776967651
8500,2176.7113065833582
78324,2605.985867774998
63870,3932.453125907782
18108,2478.722940627803
69315,8781.877134989476
72247,5521.326899380487
88206,1556.1497778711773
95198,1161.5842008659383
34018,1358.0588371560675
84688,788.3751685155748
68921,930.4415958291156
38911,1473.8370239283659
87308,1734.7921103800818
25666,4098.998719003225
9220,6649.632850477066
80725,2698.3678226164147
1438,2547.219145953899
29838,2220.423980809471
51338,1915.0584253705624
48719,9816.223774563974
3974,1094.4541134583042
8886,1291.5857982883108
96235,6665.041940148689
28855,1210.8145053446524
67204,872.6053215579168
7787,1495.4927359221651
92113,482.08425733606646
71472,1772.3366572861373
11832,3527.816822330088
61855,798.7199679780538
26063,2079.176494608545
29021,4985.482822319701
7276,9916.292832113439
57453,5249.304644537265
71529,7227.144631523278
22836,1720.3402605508109
97233,7998.438976416531
74375,2039.166197676379
63362,813.6249834426353
78308,2329.247318388848
64593,3745.902718141854
87112,5078.771133120625
63745,2176.2608341890564
63554,4412.570863779128
70888,1986.478953568343
40766,1248.3891362599793
62956,1873.990913641366
81787,901.8272021823618
81070,3615.263544572908
35978,500.4996908833382
40747,1096.0243706548445
60571,4739.471053963201
13558,3480.012218200888
3529,1030.0562662096427
16386,1369.9890798005486
14823,7215.147357143731
14504,2599.5908446799576
8489,981.4054630007363
83241,1676.5441337057323
18099,1508.8504773765258
59599,359.89464935802334
4845,947.9110093946219
11162,1040.6979600743812
92273,3487.0345916302304
26917,3192.391386985129
92068,2325.168201398891
7849,1639.776013282913
86206,4521.681644227133
24591,2342.3467653721395
92434,5682.319376792185
60410,4092.458700918042
40156,684.3479336232613
77740,7740.415539230204
78023,4701.937526865458
1149,1164.8585652108773
48047,783.4287271299454
68445,4159.790230540748
26975,2396.5920354940704
33817,1322.3173277362516
24581,3624.936541828777
82242,1613.731312984431
32061,1104.9843348627091
50361,2155.635791903793
82674,2855.0560674729963
6691,1135.9273849611895
34404,1375.6204452543375
81157,2380.3838808068467
38326,3659.2235136309446
62737,1318.324393861521
72914,721.5416259796307
83881,3050.232498054617
41984,2327.995006179656
42211,1439.4372041015358
1650,3137.1773963527735
51869,1170.0937669600971
15429,4145.9589908234475
32814,5233.691592833688
77772,2283.495001185889
37131,5080.390294058924
53289,1970.1385376553237
84809,4213.50660785331
62681,7168.991269320398
54434,1646.2848874403776
13277,1077.940360650261
98601,2460.7351897779618
16280,2229.9089865963056
75797,8492.290598218708
57895,5061.920149627992
38473,4967.829032126727
77600,2188.7642194443733
53773,1470.2004756083265
12365,2298.8684559493877
14927,2769.062628808449
44060,819.8890173801947
62979,8903.52813450402
89275,1733.7000636905273
61123,733.494320082953
18357,1710.3464663551595
32840,2171.7397364134795
90430,854.4043776423637
60877,1381.4857831678855
50674,2286.6860460997277
60418,1237.1345059185278
95540,2303.8817826026934
61192,3004.9823567446756
91302,2330.6909603181366
43487,904.5702719538313
73609,774.2194451718119
22421,1190.0839624164264
14370,1298.7418566515216
10840,3616.8630782447603
30530,1771.5824707302393
48887,1576.4129771435332
11118,2311.955779306987
17510,828.4970978765796
82194,3070.0645702462452
86715,5630.954817284035
48515,3005.1063527257156
23163,4604.046036260824
77316,3633.7418465513742
54611,5498.9145196650925
47955,4534.691930391364
74723,2723.4450445462016
6874,1071.4857071239753
13846,910.3978892527944
91716,1612.0713017613693
19461,976.7229376635751
77182,2343.5842709032167
24796,4896.763793282528
24209,2159.827232833242
84496,2015.952925973716
32217,806.5115801432498
62017,1439.53363316764
21932,3270.8067482489437
25250,7703.04322028698
38398,9626.354433679491
91294,15903.449042440501
62236,7199.71212774757
75003,1957.8107619760137
52466,4244.572567702375
81642,2671.412977469484
27200,2669.5861300254937
42106,5464.242997990152
80873,8419.226011113593
33495,3532.062433626402
75132,3505.407946234404
5403,3025.5703794667147
20271,1043.8121080040123
5240,3688.7118358859016
17709,1547.9498397821408
50349,1605.1650196732426
3345,700.5391970597548
94109,999.0619537968219
38747,2430.0236317568797
63901,2730.214995416656
75922,1175.9453427250837
72462,3027.372047620108
6573,2072.1552459511568
79814,1283.4759981954971
7938,1420.0580619168186
43276,1142.1979279697239
91128,1662.052320176644
55698,4607.103015308886
99716,3828.040106443326
54112,2391.285071885507
10150,2917.174818564585
36712,166.7799832745568
60331,11889.24811248471
10978,1135.593497612429
42115,5498.629218813801
3866,879.1307973095909
59064,6613.988598250109
15714,1850.8412042017192
52364,3835.425346570716
63859,1912.207241463678
4736,6606.656496687767
53219,-104.68080052558389
16309,1312.7245936590402
32599,3806.502160605911
74720,4094.9073629093796
75072,2306.5260811159833
22893,1148.7923895563454
83109,1632.6194224117112
12248,-189.2400676759703
13965,429.78762981712043
51654,2504.3782223725325
71428,1660.2081365235802
98640,2035.648429958778
86024,495.34168662535103
24800,1731.1518386178363
28442,3860.2986099755335
49747,4468.130495261952
37610,19100.19510458025
78544,1868.9941402848503
71127,1457.6086189537018
55849,2517.9882472446666
33670,1223.062709602299
50486,4472.400209791621
79086,5573.502628003751
79564,1673.543075215815
72323,20565.038434537684
6822,1692.536415075736
88385,865.5933788765024
56268,1220.537938865612
49279,2186.665980965323
1470,3034.850021138753
78857,2296.6679468639786
73331,2501.715600310613
93210,1476.40896899872
93918,8524.977029913083
15539,2061.504688518741
71915,3123.8623170360843
77355,1777.8147530782173
17934,2099.9655903052985
86377,5848.126724287048
28642,1352.461570616906
26328,3216.875594348729
74392,2557.4199981977526
52352,2960.273898348146
915,2442.198999445936
302,2464.349843739684
28275,8963.564899143794
30342,2226.363321115192
59862,3249.863028714083
18343,3328.3808475782703
71049,1776.9131539529315
77113,4607.299164407395
93222,1245.7710058232528
14336,7129.9706873183495
73760,2567.7671833901686
20477,6063.3951667087895
16517,3666.435676090919
92985,3898.4979747153093
29808,556.8778591085602
96785,2137.7302464733048
92642,6214.884925857079
37882,905.7004152453615
81159,2444.5801831529334
94165,3108.4863042408947
39124,1941.967123550382
78521,4026.632568477853
93009,2196.4345996065895
52,3334.6603555378406
50414,1456.4451981929228
81351,1067.229246487921
47927,318.69734683298066
69823,988.0085917048136
90622,5628.46717675246
317,1782.707946883078
6971,908.8120152035676
63276,1548.409579082242
64194,1854.8389717967684
99427,1012.0590011421455
49045,3151.985262134096
40767,1896.8285163882415
20689,2242.0393662167835
4028,944.4977962184939
74503,2428.981768027794
65633,4957.529638687511
44267,930.5157074026129
70802,1972.4455048136101
47375,2275.5908071394524
38536,2147.6387263512725
34211,1951.7916069045018
94183,1001.0249048244477
72448,1400.0915923778375
74844,7975.573230026401
95263,1464.7696948199664
80285,1858.3757591348763
90985,1218.9700978235978
88033,4098.864718827122
567,1485.0553830663189
48824,269.6995748385161
88179,2388.379031431204
94572,1028.79994074982
42859,2225.100325560549
62552,1458.3610873220046
64896,1372.5361035348287
4693,2684.151292137228
65183,16093.946753496735
90846,1354.8760268765927
67582,5063.449552412356
37282,4152.155454901054
21845,2070.6124224009905
9650,7205.401135774127
81665,1224.6046058009474
41072,4506.673667130959
88101,477.39886483587134
90372,1216.0235715613144
61487,855.7034859070254
60242,3598.9853509723034
87189,3981.9928294715983
96313,1810.2035142051034
4017,2008.8980622988897
91014,765.6054946575932
20164,2593.090626100981
86909,2615.414618876523
11876,-5.839880582418118
61329,5248.553126861418
5072,3717.2032649277853
57798,8257.947652307686
89322,1343.6597010315681
54501,3241.0314267820945
97513,8754.911250152085
41634,1051.8562179540813
38837,6445.01162550494
78801,2085.7187830956354
11203,2384.234267914134
5318,3726.9568895270168
7164,1081.731181518684
24147,1234.303669723854
39468,692.3839519191365
70309,-414.9287438702313
2480,1698.0935049147433
9322,11012.000815082281
23405,1102.2390321235325
97376,1266.3357386467342
74508,7939.445749059374
99576,1111.894633631793
29585,5194.929855583644
72083,5029.903020263831
44225,3056.6155881949076
35188,1307.4003421844818
68970,945.1922254374372
24572,1724.383958149299
31210,2278.7219528299383
17623,1379.124328898546
16672,2217.22396765519
78140,1628.6487439385335
96446,522.2253131493862
66474,996.1999084840713
21028,3080.5033717687425
8676,2101.7738475072374
553,850.1825581571989
44675,2203.7777973430957
70380,3301.076792827717
63983,7007.267712664959
16568,2767.0914965996694
74491,1954.0554362245155
1168,2996.2108531254135
76377,4470.66716131055
34473,1747.082488631848
64582,2209.0877691348014
37988,1774.1122250108015
19575,465.94422491533805
38418,1162.9205840089558
39661,1598.3571776644976
54866,775.4609098812707
45170,872.2546122066487
53448,1928.978002396537
70270,4815.119267231532
74274,1461.8757140179782
89717,1797.2675473037048
76768,3378.8018112378045
94,73.66857802898039
35822,1907.6488979521955
19899,2056.6573222215006
11190,1736.635477490635
91971,593.4176802412385
19912,733.1278923683858
63200,2418.0290715584074
16375,2995.7912469582943
52238,2232.2064329881696
9536,35.156286626334804
40707,1663.5894542450396
74220,3167.8114778886666
86481,6491.31838719573
46592,3735.849385012679
73904,1773.0683080792362
2953,1203.4587234592032
68894,1839.6905440907585
72399,6056.355944287473
6378,-674.8807864365417
60636,3301.52170630792
89001,2286.0576302368236
43882,3319.8032640195015
13497,1487.9127767478149
64497,2906.896967738325
7448,3937.6325198321356
16057,4208.270788730809
37460,1137.7072696348755
37345,3146.1822117938855
49726,2691.788575801147
49819,1602.4706041498866
79825,2686.4440540333812
31789,7815.8838852034405
63074,522.9586353766645
76975,1644.6791231230316
81855,1325.3359657664596
11682,2237.4013939404913
89919,3386.621555092991
86092,4056.011015926949
41045,1734.5710832354607
69217,1845.648242916212
70885,1572.5483504745916
55135,4525.162461240304
70326,3754.4880254860072
64063,1258.3359388890644
92,3297.478612265053
68592,3097.9573473864702
9451,2270.2685785997983
39888,1069.5442848243142
29561,3196.7187793662956
94851,2023.3451099544295
92468,7400.644861215692
59910,343.53261936687977
57660,1444.5062413501223
47589,3143.5133785099424
52942,897.6134208430872
52539,2865.4201604595964
34881,3900.036365750467
32994,4711.814511477957
34219,1569.7051215305023
98646,8952.664484753746
77810,1827.1035601704154
44150,2589.1812556115087
90459,2284.483746323446
28824,5725.510297230939
41159,3173.4930554465745
94082,1797.2838745384565
33012,13809.051425741096
44518,275.90657017904687
31187,1073.7278968402302
66490,613.2038220434883
28404,11371.36375223443
64181,946.7686033849568
98626,2664.289299183622
61901,1297.4767526297046
68625,5496.020416297256
34701,1435.1944820934104
94754,695.4919000085642
43228,2924.1156553772444
94258,2835.496649694168
96863,817.2637912996029
74334,3389.8812864620104
15364,2645.2843351872334
37680,4107.072285588988
4597,1123.5240721207983
33385,772.7082966837634
11090,2707.2496039345074
68822,993.6385488063515
37067,2926.6372929980203
76236,1586.7570273836545
41095,2307.908269337625
857,3490.4965504161737
89692,449.90429229686333
14529,685.0944436581867
35407,966.278223236427
7743,2056.0779783940197
17904,1090.5181702755735
27594,3819.2702495066014
33434,859.4420391535427
60782,3656.3729695402635
41952,1759.7590566373124
50967,1257.1915819008827
17009,574.2198898388506
22357,1337.8558293633255
35367,463.41033598312015
90868,5267.309738690754
92980,1906.145118048857
75263,682.1003667525501
29850,2685.413495184427
19894,1477.1809551597698
80857,2820.7426056605314
80680,1347.2985325996015
62604,1343.7660384217033
22532,3280.7040164993155
12701,81.82501213215073
22925,2562.848732700547
14397,2399.8475436844883
20722,958.2546487662325
49587,6951.70762511903
99781,3540.2677086963413
72734,1319.7265459620348
28758,-241.7727576063594
31189,10819.09640226046
52915,1584.9836720320682
89901,322.6046996606756
63332,14066.891351108763
96820,2390.776369183097
87485,1430.1010129352935
30228,466.74464476645153
22812,4781.357079231756
28084,1423.831412134723
8681,1626.9989398320336
20145,1172.4192662993437
13941,1841.428553598993
32530,4795.947651711046
88204,2264.161749965134
32907,1130.4986534540917
80805,527.7211641426384
17706,21334.438010774385
47605,3196.405430545354
85498,3265.3143231677514
78392,3408.2245280194716
30973,1303.4724369835922
63928,1770.4470842096478
10177,14222.586918273082
99050,1149.475806614148
80916,1846.8482349957562
33256,3347.635324914696
97440,2509.9609242748406
55306,1587.2464934068266
64824,2975.8187148413017
35346,5149.018748243333
36290,2100.740820210374
99962,934.8708964451707
57605,2048.18270289299
46114,2550.9382377447428
27882,2691.0504960508288
7702,3002.5926511988337
2773,4594.440840816139
41187,567.1689993094246
95301,7719.223864416051
78413,4922.466801918805
64794,832.5940489907916
85450,1388.5406727398044
53645,2895.767068879786
82315,2128.4009006574634
69711,2203.111302612434
97727,4802.303884581233
69320,1616.138573664266
1290,96.71213347997627
23382,915.4562089279948
47999,786.763475861409
65618,1091.7618435794298
64834,1114.7643594731144
58556,3640.5025705937383
94601,3478.626293389371
28246,3016.3655252379426
26334,-599.1687882457245
21912,4337.9593282372425
37290,3258.7790865946226
44081,1145.0316045574182
88842,2407.1239232282796
71272,5840.71597609635
84191,2017.1172800072939
36236,2835.684361366959
45037,4736.515312017161
76077,2084.2891968881904
82090,2163.0564733433653
97633,4765.390030742415
98447,2023.586768042178
86838,5846.190215197046
46797,1906.876882761292
34234,1605.8066283047146
64677,976.679908096798
54381,887.805144515637
52593,2950.582136776998
20767,3052.5277753013925
70959,4496.847992594464
31732,1026.3083183997805
23137,12870.544718208994
6216,2717.2322424614304
95005,654.7566023548352
8108,4455.203061291754
26730,1026.8027132198972
88466,3916.844990112182
35616,2643.358338435037
56989,7506.3115440386655
53710,650.4510740039786
51194,184.28723271029003
1067,4868.17287654173
21705,4211.362809504357
34185,2040.4075559858932
37856,845.4989266921075
7414,1364.2753660430435
59960,3145.5764987630905
584,3960.6214938165517
98331,705.8061341313473
32707,1797.0563432320173
86654,915.8037400226895
63731,5406.885443016417
65346,3062.8807820706884
78622,2294.0853760903474
6958,2630.073156346326
21287,1960.7104853624794
87853,2559.740687560309
13833,960.1481133353318
42184,2003.6093406666
67139,2606.4038922544405
99494,7509.418418768161
61676,2351.314565821006
37050,3736.4626368919908
87786,2405.7316384965616
32387,2581.2438757348687
62058,2056.9602321004622
77331,2432.1306239379373
38883,3330.8645885279634
92765,1711.6960292265967
52615,2651.71390804528
59806,2542.970554801974
11987,2084.240120498598
26229,5835.723395422321
62213,7161.782067627049
31497,2579.372792346836
13646,1436.3079504014322
25928,2554.4904204417667
19314,687.1878484678396
75645,2042.2402659693307
30396,4174.155403069148
24445,5552.972223853615
33430,1204.7602936527255
42801,3435.881743848637
44548,632.0768403717216
38633,1161.7181248498991
31026,1962.0636798626615
42818,1736.6045053816363
37398,7876.277118048696
3499,5118.057452088225
6673,6387.942182616629
19800,815.2676036348216
86655,4514.248353527708
91661,1607.7093873054878
25334,4704.81028012244
92028,1216.449136591169
28815,4973.980315314328
67182,481.6634213773418
80248,3491.7911636834056
88548,7264.008892398439
43675,7243.587384755145
94826,1364.6408069487725
11062,1678.488705902523
44776,3390.9795399761533
87356,993.5141618698558
94321,1969.5651295852883
47349,790.520291867751
1651,3332.685146046919
47664,1727.4521609769017
81098,2283.2088942879436
85241,10510.757461834255
95812,1660.7083378754128
17568,606.3082889342104
33267,2941.6774051029406
6698,5161.845655651414
10681,555.4514510602171
82042,1851.6443551811697
32866,1369.1342757088582
57287,2095.28845829049
49293,1871.9028908219511
68704,1164.0887061047092
85060,382.3378935446076
8496,2655.8337580497164
34531,2044.803740274159
87313,1826.758145612845
64849,1181.7456173487662
57946,1820.3198963533014
30248,2123.1554480768195
25981,5887.4834821876175
53414,3488.1002986556555
19627,1106.9070841287094
18978,1935.1644266363253
44627,2211.302313925462
1420,2566.2619409667122
29668,900.736079127154
74732,2053.0566443458097
99543,294.22313069343363
69759,1096.2539558288458
67215,1405.9949098604247
60005,4626.550677011678
70338,1281.6955067522026
66150,1199.3528455935257
88621,1160.7765337705514
56100,1656.5867873316422
20154,368.6506969663242
38284,519.743384195529
96343,1785.8742836913539
54538,1112.4589394106047
36908,5735.523427879338
16128,4764.909788455974
14079,1082.9541796589942
75122,9621.691803134825
5952,2381.8060828847883
44946,413.38319141118427
45945,1367.3230458555563
59882,5193.71997706963
50725,1926.8491048754545
95258,6920.017516621163
33910,1175.5740391736535
13309,2710.4611802417203
25112,2972.1267524623613
65874,3158.1467193446474
47302,1995.9578001312245
14573,1992.4202196139254
84528,3280.993928883813
7033,749.7016203877056
41090,3989.780084008928
18684,2657.455294312954
54754,1661.5435951035104
4320,661.1036163761723
82985,1960.9996955077363
71774,8733.405327236047
34471,1839.6747922740174
601,692.179971808855
47227,2240.419977736307
15097,1015.1290837001052
92695,3704.643508715776
41035,1193.4690082513553
65430,1073.3463695144314
38965,2077.613064755714
95816,1010.3089095834266
58634,7218.728352196502
11181,364.90017502887486
96500,574.490795910102
79667,1249.9106274622573
68175,2090.5948782935056
30894,1911.1002839305852
83957,1558.6702251487504
58174,1317.4706447715303
99046,365.06040571847916
92178,2116.1393769731776
88673,1395.5427889499992
56017,1336.8868639419325
35985,2094.010673852824
67760,3144.5105703110257
90384,1875.3603303574153
41240,1484.3684821804527
94019,1206.7525077171567
62267,1465.1085200632197
17980,15711.978616609156
15171,361.7183124128469
29901,3519.514122011564
45753,737.991803908224
87878,1625.0620062889213
74672,2509.7412169971026
41002,8784.747442909014
5595,2864.2789846991163
95477,4484.324573797483
37543,835.0939644490709
85045,1219.0393678620794
56844,848.1103791677697
46156,2067.666469213571
25663,11789.297918214024
1665,1383.0275848756219
20363,1895.5141469208522
62095,1398.7488932609804
86848,1974.9213714046655
90352,5916.731494831836
79394,606.285268065928
88533,3999.7474047741584
75702,2149.5315526020613
92828,826.3462937114518
81270,3320.710985626016
75526,4795.814033610116
12131,5121.704433804853
77315,2028.2078749455022
70171,2922.547768869862
78947,1802.5932796573366
38090,1871.7523724361379
81115,1314.7716185405725
35630,1631.6652844856073
91770,364.5020652924741
34747,2183.8022422124036
21572,5114.626582365526
9576,1631.9208925550934
42542,2368.0152891199014
47384,2328.812677977122
13053,1572.1790126662245
56455,5878.896218570084
34407,6426.664750632102
28279,6380.065124882331
36110,5212.25370165881
69474,6618.828308415967
58049,1191.1550287565765
88314,1707.3883606127397
64832,2621.3923926690595
99909,1258.3936176952752
12392,2098.573579665152
80586,1048.5232595806347
8326,10380.692983742456
30510,3978.19468291599
91282,233.71726692839775
1357,4455.058521852372
9862,482.3004531690458
82161,2107.9739569634653
84278,6167.685730356317
88475,1544.4708773289667
13398,2020.2508735188103
39863,2477.302736135962
59934,2094.6871367026656
10527,344.55256909975105
81554,3627.345590279571
90840,3606.9960701999044
61845,569.5996672652509
12130,492.4533728652914
58972,1552.0721761536547
83602,1277.878981917901
74587,2313.6115593878644
23775,-454.0568035539827
37009,1454.6904479136824
7133,1896.438401257153
91122,4912.585391153358
67150,4627.796329741933
26757,1951.1481279281545
80541,7388.746650254738
46996,2385.682391660909
76146,3662.6615517370033
27191,1559.4198073386801
7528,1208.050079702396
79120,7022.443912615377
29192,3561.6531892292833
15272,8004.590480991612
49756,3229.884241906166
90999,5320.549914098923
25621,1531.4175401063153
77150,1231.9771526492286
2607,757.9754124454944
58197,5337.805748646513
74936,2377.2536992165697
90273,1122.7053204580216
35735,2909.8259067681847
65985,2752.9674136446793
95219,133.34479017066678
73203,1600.6235308693663
20335,3013.1769676501526
84180,174.601800639025
12558,4237.999166282796
89713,2492.0647533185856
38620,4056.688880142065
57912,264.7270156611812
92602,1389.1566355409877
9526,714.4577336534512
2664,1697.199916461629
80851,2732.192049407776
82027,4092.131580064014
55733,4999.998857049828
21440,2732.5648916877
9884,1189.6002675475024
43273,999.7107494928059
1327,1092.253861470444
36220,2141.4097704833393
1664,1628.1051342136811
74987,6531.7317155086
86307,1697.8232707533618
38098,1621.497183910785
9138,2813.489519319463
11731,1943.6249117277075
97714,1611.3727285698353
7788,1787.2212634971997
29771,3727.302333019626
66375,3612.218290379477
8763,1179.2685913501346
30690,411.5234671708872
67064,824.4614146708973
2006,995.5233264811977
73595,1491.5692025849062
28902,2438.3810270802887
80540,3856.265746568142
74357,11765.973441979771
1392,2519.193865117396
13704,1128.424335779564
94507,5554.530776598665
91565,1167.6110402794006
89326,2625.9936626892604
84018,1251.6261930295054
88134,1551.9651901571456
93982,9751.475583610016
29643,4153.739396314395
80856,984.5740503435609
30873,821.7988980556929
99336,4865.356628797608
84771,3119.8861874639033
88817,2098.0572801547455
17995,5040.003763470114
51217,420.98011272491385
40548,4292.577739811496
23630,14587.83466512308
55742,5544.6824277467185
93879,1275.081685134915
97149,3883.060712967862
55358,3454.5519555802134
69353,774.2992793959174
39250,-10.317013653723734
22756,1173.8804996487934
16810,-135.2593060372178
39866,4415.353697726928
96020,1814.1851872979194
39481,952.47065887599
39944,1263.659503780043
25089,5656.47642338052
60585,2048.2909348804606
9510,1396.1360976944948
72158,3900.5312789094733
63113,2432.9084820854378
52472,1781.3994924335723
10541,2598.3086499571327
42113,1666.268891612903
37129,1875.4655239834563
76140,1437.3874419118665
23814,1899.7635052022067
4555,684.0559117987204
11618,2532.3688788073614
60487,3626.126487635072
66493,3306.4680754858578
47014,1212.2595910369
40077,3465.4855801676636
60377,404.52412946385675
90367,2377.168647078596
73339,1993.4468578365156
60658,1867.7954026960472
79551,1126.6485683787905
55814,1200.2615149855
40658,3885.347082978595
63323,1800.2523420365617
5979,1793.4833355231974
76238,1426.7451650111725
8011,3496.495078619107
67382,1440.145288108558
75143,3877.0422171845717
5746,5420.252362368689
58831,362.70264976461067
57656,3523.5590003773846
44336,1731.8917083149092
56338,1906.6985522820921
5076,3417.277501761313
88992,2170.7568784461337
33383,1557.1242165988565
17264,2967.5526181853243
10156,7306.87665399223
66204,7282.0342416880485
49957,1566.4181969227147
80423,2291.4685444962856
3667,2052.767981011364
35233,5794.75497986673
18408,507.8921104088995
61605,2802.2912340642124
98262,3790.550413639089
96227,2774.324925176893
48969,2719.711343603688
31725,985.2610971259605
53969,1255.3185141327708
11304,1823.861993973432
11977,1062.1445015612726
30190,4632.877081469424
98761,3249.3466309623805
37056,848.5779611382918
32436,5489.830739308363
52739,1774.6329841858437
38886,2120.658513137255
93156,6907.23321951391
48146,1923.4501585493097
80067,1383.7318375471996
49440,382.09825402379056
90947,1384.3816145667033
76149,3561.7019971401014
91564,1983.323400473395
10489,1491.8261522073826
16961,4001.269476533437
59043,-313.36349378684054
76422,1494.5182214520528
1861,12149.239464929833
22742,2358.370646498005
2134,2466.9309186955443
40923,1359.62858030199
62353,4190.421802436919
43029,1967.382629871427
79731,1555.6050554935637
54505,2835.81711261731
39231,355.4979699406863
29730,2437.434526044789
73285,934.1336244755535
10221,4674.407624332392
69625,2057.799039631081
73102,557.3894775766871
31289,2756.670319515158
62864,1910.3815108872514
83747,2028.3896463618967
46005,19561.79729807063
51383,1452.3780609216383
31917,1276.9294697982314
85779,10926.82992386285
69984,2305.3234699269956
69795,1872.4868683639193
25335,8586.441033593343
29907,1839.4570291067291
13271,2910.5895226730354
32238,285.7415261706942
63946,2384.1972615307627
55926,4329.858880782369
57809,1124.7863214596323
83572,2513.3717221956067
67307,4891.31325981172
50356,2204.798948324388
34001,4478.490707433743
45919,3801.9663151772525
48789,933.7131547962326
22468,1600.975782967365
31014,5776.314532915397
16713,1554.7915494831286
68809,392.0974468689724
16094,2975.214853913327
9340,2193.104029663669
76708,13243.294774898934
3893,-50.57068871720821
87322,3142.3917664721557
37770,7639.805939771207
14904,467.6970959758928
53925,2026.9947424244076
40321,347.22013742866966
15440,1721.773141219328
30090,2048.9230980889383
37946,4654.40210838047
16953,2605.878118301422
79378,2426.6890557769066
4004,1263.534962021361
11782,4601.069686862466
27964,2046.4869985054704
82697,2321.6174597562685
41786,2069.0307639340426
93111,-31.700054306490983
44116,3257.895793906011
64348,2212.5214486839354
76674,1410.1382004793422
72549,1255.502572674433
3666,1169.3271513054433
70803,1269.4307114371645
24478,5259.897318557387
16227,748.4187655190917
21426,5391.068748822118
45824,3511.1456929196142
41510,4183.969801122712
73275,2010.0430957683932
96781,3256.44367374784
64182,2526.9713182388496
61060,219.97346159850986
9980,1928.2024061028085
46741,1488.4099221201318
81073,4115.866244684064
3407,1909.0004863004942
11171,1743.1781428851252
13609,7836.107361278458
17952,2614.242904549412
27277,1873.3240443492707
95595,2169.5504980998803
47533,2651.695773780158
269,811.0436588307366
82401,4547.976768245513
19432,3661.617976667802
98565,4158.856682390055
74633,6234.341504754771
27434,1568.0963267611864
8782,4996.966916147192
96057,5571.5114672730715
15830,2608.402541770518
77073,6178.192853761525
34165,1734.8384041290185
1705,2426.070655804894
49779,5452.004480355585
56551,2710.5684747353826
10607,1620.9884644007432
8952,1152.3830741798297
30389,2501.6115050127883
15532,1976.6052846041885
54601,1495.7947997657907
43742,1981.929872514647
7193,3170.3618680528893
84656,2164.436604659467
10447,2097.8856852467675
20484,946.6711572205663
79636,4693.471991566077
44327,1183.987259073892
7403,3758.3726706664697
97617,1770.935616444477
11624,1304.1350430356097
87415,4937.09809307491
16268,1523.128380527955
34222,2501.775415888709
69050,1430.691571146931
39389,4977.300098846179
30981,4506.401235257342
69485,4501.1682774104775
27236,8098.983163253666
76678,4119.627145023273
60789,1511.3498603096623
38502,6555.844029192098
5530,3565.3994367905243
84835,9037.882452416568
62166,7540.672210205918
39680,1138.8373494447833
11778,3055.4223487352283
36597,317.2019440074773
46802,1051.629401248968
40862,2875.086578729752
52388,1586.950347497679
30957,1487.0978309970415
74597,1553.7615358166095
40392,577.3548795569923
96777,1259.042244942591
19041,10580.671674894525
60171,854.6095804499746
46609,4961.685029159154
26909,1706.046489048566
78565,2592.1703166313837
56770,1471.8869320601075
19868,6226.913678288962
74125,1264.3038977198707
7453,2577.6002205432196
13133,4674.92307452164
5747,1955.4895634484164
98057,3344.7171979671443
59694,935.7650771790154
63661,6402.120786254606
41769,1024.672939109409
72160,2602.2913321265532
48736,2311.7541860277042
74151,1117.7208941678045
27215,4160.011489052704
84148,4305.358649092176
79749,2263.0576060934245
16407,614.0728502828897
83246,2902.378875444054
92041,1642.7067030199191
40896,1104.1120945396192
69838,2925.335034895875
59894,3872.2559918092456
92536,762.5771590874638
6600,1810.7362059154761
19232,858.778182412354
17923,3207.514855005391
32717,5537.932355890683
36178,3364.2850888231346
97356,3450.3287019397644
97696,2739.162719862411
89817,1848.6286825449781
89732,6834.273188886713
33913,2614.093911107787
84992,1835.2457991392369
58587,25968.799605069464
14554,6231.490221512568
73692,1526.820315850906
85559,7695.580564229649
23693,3648.28140647077
64631,1317.6423415880822
3152,10026.208938790785
8069,1504.961618616573
65429,3086.7795683171043
73085,277.9635933196896
28829,3086.885775022677
27131,5421.339196192077
8001,3486.2528665935183
42678,2233.917342525326
81478,1546.9250309742047
89742,2342.4417295120884
15358,1662.4804843271218
19038,2675.242749539232
32761,2534.482006819145
45281,9031.260040057077
21284,1809.2745927322012
5941,3621.70135055204
17381,8701.95164601344
54666,2292.372084678619
80988,1556.7284161264975
34039,915.6730336254045
69241,1996.1520263371615
88960,2769.2444266777557
23916,684.9262619934962
71793,1133.941586612319
71074,1391.2936004639037
70976,2883.088248474933
14532,2088.456858798309
97871,5329.981944388889
5020,2277.1006335207985
4769,3375.44729835663
39429,967.4855841888325
85004,2731.1791920098294
26225,1982.382149476188
20372,1395.8381713454064
83078,2128.1471145021032
76954,1334.710645995076
68842,1948.8723732522235
36404,848.3829693076905
78567,2469.4008996845423
91371,4180.865960213592
87989,6092.226573076712
30152,454.7620945072699
88391,592.8091179474013
39712,2994.059354250892
84713,838.0211287726643
84078,1962.6694488207845
72778,3748.1555301472317
25740,2325.2883802195784
63845,3324.3385063218707
70927,258.22791599000266
49242,1949.851570191468
54658,7064.408626509113
55407,4269.290268126841
97888,2077.6964096310376
21988,2691.7084174725824
2288,962.2270697963859
10066,1866.6877034817653
13147,4013.416499286527
13740,1178.6813330456562
67970,5942.302727525943
83489,1603.7238494392518
60582,3462.3813394882823
92226,1936.096252380033
50248,2401.376135272738
53359,1498.3445930446187
41758,2066.3092701085097
69738,3133.6452273324217
77751,12018.21308361783
2016,3542.8209745086783
86714,1192.88445685939
93485,1195.3133274302486
72626,1402.331538593352
14129,955.1000930989394
48843,1370.9869606920774
70854,1263.8103073542675
32308,4644.785900432274
37109,536.9376185608562
85827,4679.6084173592835
21942,1377.6115128153278
16906,38.3401952549284
99004,1458.4849352395763
97630,15743.973022145397
44799,3641.2183075439207
75105,5929.723678192556
75371,1432.5370060430973
8706,2477.8522560737365
67762,80.64531710304436
21447,5924.961045156988
74312,1599.354000017629
20607,2610.4533285585685
82475,1849.3583461272356
28685,2016.3264070397745
69878,3436.2953421677075
55293,4857.830579774269
48259,1704.033258326686
28789,818.7421331771493
2599,1429.792357952796
5127,712.598585837939
23012,1348.2807642355865
33011,2156.1988259469545
40005,1746.8797698077317
54668,1431.3467052995466
78850,1449.1691550601913
52503,10368.861771762262
67532,2125.5711236241386
55243,2891.387274662391
2573,1849.2912756696212
27867,5804.399430357656
54486,3880.5170241723963
81403,1514.7965671890138
1455,7134.195825199955
34661,2937.737385271643
55060,1031.343437233394
54101,5346.126043179469
96526,1164.2264221237729
7144,8916.349772912763
9905,1991.4490025102932
95596,1669.5781419167986
57564,2403.124290228481
60614,2003.8974433882047
15430,4249.474641140229
70705,8087.091479298601
37572,3867.091004454408
80559,3817.6659339212665
88746,3663.243627635596
65773,1442.4601797716991
53697,1116.096350737952
41279,1378.0533023789562
24583,41908.987767193714
95980,1339.1534832984307
24826,1406.7606484909347
74593,2175.3249987257796
37944,2265.4253320286293
52401,2579.675003279856
38929,7231.570759746783
84679,3381.082289482236
27115,553.4985650739541
78380,13616.937712701509
28570,3615.8758875176018
18088,526.420625016041
82810,4911.311283912776
85328,3953.95599409498
58041,1590.918636507754
29719,2537.2514494522093
16004,2265.447852737111
29172,2690.7699986543535
741,3644.504761274043
47056,2798.198861406023
5541,2231.489402290257
64213,3762.766015740807
97412,1003.1069863358307
43236,1034.4559088434594
77466,4061.0315388953168
56732,2150.916950952295
44483,1389.3974139264765
76158,1576.965432276058
32732,2095.267254989525
63059,1187.6195493662276
56450,2836.5729191788178
6032,1773.0256976180253
26795,832.8454986609877
17315,4949.770989902104
23654,1097.1307338557463
26698,2113.5258055230443
4349,1122.001469564224
85448,4031.245889764429
19720,1904.5202027901823
81657,3260.033301350538
17459,1575.9743705703804
28234,1383.8835889234915
56441,1532.9673015528556
56865,1512.8785111150428
69436,6663.100260137248
30668,9035.704326344534
98688,1956.4933838701895
32668,3832.9931408913826
5238,2057.725320949653
72116,257.72595278747485
56451,2494.442342466962
22298,4583.433839062691
70420,2829.8195767233856
98254,1437.045380296584
4168,1093.126711737029
13378,4360.77101463046
76936,7852.243781099541
30991,1226.2836757146033
62699,4403.950653208447
24790,2154.1319748091437
15103,1101.252395909827
27338,1734.4956910081978
12698,6760.611378423506
45627,4054.271754171213
87672,509.7247591986493
73352,898.1680293040431
61659,1547.5826283458864
8466,1239.178514452943
7905,8302.648999321706
92891,3662.038691449729
56038,418.6027966196061
13003,4840.09000158634
86596,1348.7092187845456
4433,2559.84779098072
65795,1780.8650161907449
87515,1082.6576395438697
7258,760.5905295121329
9966,954.7607246234084
66569,4127.363800729679
682,1708.9805815715033
8778,1296.8491118656984
33863,1825.0230435728056
70937,2791.01856202554
22680,9021.58898936317
3804,1028.5674543680466
33275,2830.3025486657834
99281,6251.681972932082
16935,4313.843107842612
39233,1094.93262687288
80369,5635.854321864967
23343,1495.4039161371275
83107,948.9996880471213
67885,786.3965177611976
44533,1695.2321709807823
77746,2422.9105758337078
11275,1519.4960682224391
8257,1860.9354423379646
14189,2095.106320777606
34188,1602.7212918355572
99499,4810.06144949673
41329,3740.351126488673
81720,1938.1719486916973
73233,3825.545793352529
35955,2740.7614965310167
70943,2674.478831316309
29610,3870.1735461943344
84975,8350.873124149639
27610,2436.965477157712
93482,1336.9637115495989
16846,1371.443627040263
18743,1770.362071961366
32522,1085.5105375266862
66911,1557.372659986016
46178,1657.192452053556
1450,2791.7883732409346
55710,2381.3530097104885
96688,5477.382039211463
18079,3267.717795600926
61477,1120.270537149977
59829,1274.043297372712
83641,910.7851333430935
69590,959.152140662417
19555,1929.6389880904499
85276,1401.6873118772137
65750,6327.395314570712
36323,1969.5138455311417
96145,2244.0565440845185
97205,2425.3923430918903
35146,789.5241244905551
10859,1984.429249478812
90177,882.6501957450118
2069,777.6791222622064
24918,737.2474088196968
60372,1668.8344600967685
22479,14063.96833672888
85930,8771.327659400564
91691,1664.9458198405073
83196,2846.4205700463153
84595,1886.8861957472902
14236,2850.0795556670214
29207,3642.2795613545877
80986,1311.6715133261641
36645,1516.3548900611313
59673,2102.6835862317753
71083,1459.9431916355866
29296,2460.2868250997926
21024,870.7875596886006
15981,445.3943664459125
43285,1498.4602956031936
41659,1544.1501283034868
9033,1081.4335856793446
41935,2357.6495931611053
27956,619.7704216181214
88718,5549.356490972418
27515,896.422978487049
69382,3767.803762321243
93626,510.18188110658093
46081,921.8140300928362
13731,2800.5173944480316
22349,1589.2751939776554
97206,5306.319292508511
11966,952.9893733466333
30236,8399.214394349876
69196,1626.162829365999
13138,1292.8098269260581
43950,1062.420752434598
89861,4178.081265278869
94561,1627.0138775125733
7260,1342.910171728352
81063,2254.836845598117
22573,-158.85066344944016
55130,1535.6146345719026
27740,3803.663884883794
18685,4447.649221498571
94061,4362.7933740490325
22569,11856.92445089148
58995,1118.9346121516496
36790,948.2438668675964
87041,10888.966952076398
85945,2221.851592627703
36797,799.2120554031753
81899,2413.0470335595996
81792,2133.9369476127713
34244,2042.1636369588591
2192,1616.1338318764565
42744,212.63146954775857
30386,8511.098614277249
23368,840.7181497649372
86152,1653.485538668779
13851,2406.2219278952216
61257,3872.929171860574
83916,3391.0016821382064
36402,5540.247859579986
51908,1765.9611249387751
34625,1926.950603554837
25068,2343.620996369932
39427,1509.8652134519393
6206,1592.1318818120094
34939,3452.018016710191
26542,2486.504579372241
58713,3528.4134857468607
64344,4804.496211031307
80548,1152.42148485919
66557,2893.020413511407
33091,-170.41953982596442
81312,606.874148781852
39456,482.3564302519785
50225,3238.1912039065123
23020,1097.0598755273222
71732,1932.6754216846039
53291,1764.1122866814794
56138,3113.8302530433875
33457,1944.74840422479
18903,1716.9233412072376
54780,4006.7599997532297
41702,8395.99341548537
4441,1417.7396995618014
90403,1360.0129355749164
50179,1674.7103221599498
24419,1145.3346889564468
47804,569.7368083243532
81639,3257.810969522696
12496,2645.323848110608
9232,1922.7005022821631
99999,2274.992157378943
29690,1947.0298787018146
94877,4389.719867521928
31580,1418.874869379526
30671,-369.0307817345338
5317,2021.1177585483758
37615,6968.627975832427
26501,2338.142598891852
31456,601.5431808457956
60562,2624.884779727232
98122,4435.7332455751275
4211,930.8431461407968
60459,870.3604467816876
68220,2844.7529531450796
34694,3528.053761739917
62874,4673.10518196353
53977,2126.4427688529277
39178,3273.778624550159
5363,703.5250875350771
48855,1315.0355892941916
33502,830.8230751755086
5505,1177.3207282202366
86652,3197.134608406205
95319,7554.6895445921
86202,1184.2904498759958
54619,1315.057441082325
75556,1613.7011936223125
30009,943.248376386241
34594,2109.0769922698773
15857,1244.2637165354017
87305,3530.1433875085854
27455,1839.8053655527135
88542,2196.2818968074203
32053,276.8799480373018
2698,1324.8669159253823
8743,2679.522190394769
75857,-425.68083371909916
54467,5815.224184081608
43835,1951.4417128080859
88396,1648.0119954361144
51719,5462.771959545316
24135,4775.151166363794
20545,1322.4304862520248
40132,6727.711212231778
74957,5525.387584392298
83460,2470.9637551323467
97364,546.2687335172677
72070,1381.065629344167
88940,1908.553962483756
98343,2890.27207640069
42403,6859.930943354912
15004,991.7457503384035
15100,1648.8921460413644
32991,3343.7296896116904
68584,4913.94603203366
87329,1079.8006326877685
59916,2672.9725986811936
87233,7768.805188362347
71023,803.0293968614305
21940,736.3342385948067
61604,3016.030318677226
48989,1088.1009300242608
43860,213.87214266374303
69357,5733.5328988258025
41341,407.96758866025357
36070,52.959634528621336
9961,451.75106132143037
22603,3826.5312691271206
39286,19463.478693236153
7371,2480.2376437281755
70652,3640.3990458189287
39017,548.1551437040553
85865,782.4219237615489
91010,1289.7124397730477
42987,1961.7810517015512
83663,623.2690165608938
45998,398.49084374049335
4515,1124.0907908409808
18631,9283.35091591388
14294,2029.622013762044
32476,679.7068726773828
41177,36.88293378320304
60225,2016.488228528366
45712,7679.454994480635
52142,6635.732040691781
64611,3646.6561296081063
85984,1530.9004364009156
74432,3038.613770785058
32486,1156.6147320710133
79831,2504.1633918087705
43858,24952.040975874956
18107,3309.2750436234587
55379,1058.7687615451591
80594,1816.0502613477133
91603,932.1968705537388
91381,1856.5449764761734
29708,1502.2282491362766
72947,685.3678666232886
57602,4080.6800798801964
15962,869.7883630381493
21804,3219.3290492580736
83497,1435.799054342941
88754,1415.9629393268397
90492,1760.6082023979125
9780,1920.3923536400441
8845,4895.766094977289
62807,4031.1031549618424
7273,2905.6109573228096
5366,3056.829707203533
16277,1011.217217812125
54606,1661.063396980522
18757,3396.3152765039645
45615,2341.2035703903903
4950,2764.2436071747643
92770,1831.2968799685864
36887,4303.743324853244
73762,1421.520276299671
1019,3246.2240207056752
56410,3717.980716953736
73810,1504.7725621979152
7,-447.69737421892114
19177,1797.031840582171
3183,881.4497641581684
43422,6721.405700026704
71537,1133.3239248278628
69853,1461.4925107572735
6221,2144.3723460070287
16927,3282.1297342770586
32837,3228.582546940141
52525,5048.526746501445
74072,3052.8070742099026
78428,4795.454210630537
22633,4156.807268930207
17464,2918.83868667004
71804,983.9931303771818
13155,1661.9379241006498
54751,1175.7783425999014
86519,2069.2287443229034
56417,633.0249361958527
26390,4060.47281987592
21258,987.6615261919223
9586,845.0308471356511
97501,1740.496903839405
81956,2919.522535677276
11884,5723.25709640097
30878,2871.9833585025403
48867,2341.9360877725203
53535,1372.8842292649038
82819,468.9672808405712
6579,2632.514432122195
59864,1394.5061531752917
21319,2724.4107044298275
54794,5864.705052592942
82406,3199.2991157574734
83022,1425.6239393323276
91704,2119.464359452213
15188,2198.7121927781454
99228,2381.6498283193578
18134,4129.153669494378
89447,1422.96003508904
93469,11500.737770936365
1911,3814.963274891012
74121,1735.0185694071042
23465,4556.961643478854
34665,1051.0894012054332
98968,12154.8093033723
8211,3136.1772120270475
44092,5065.2786322436295
91103,-5.684040305572125
56836,1146.6903397783353
16192,2175.052263539704
50001,1843.501021442701
50426,3066.335614104642
7396,1168.8525834896031
73357,15507.524533035636
67177,15710.827320034765
35510,2128.9613802007334
9174,30.725338011862732
79509,4880.239793713134
57982,2819.642922730304
76194,886.3182883033287
67939,6051.650686547442
51784,998.2275884984701
78253,454.88271370828215
23444,968.0587671569419
88607,4128.320464729012
88461,330.8117488374992
45109,4137.700639446166
82586,3028.1763042374746
47809,1875.4502139057117
96593,2911.540017860139
23906,1187.8279232445202
52735,1723.770641755464
60462,1844.0445730444444
16790,2184.4152636577282
50507,868.5147146355175
94226,3117.3957005473635
65567,2595.639969240814
64003,4089.2877592140203
73201,361.85755462011275
2482,15484.062185621933
79334,1246.9176139854726
75774,1677.6170066924328
83195,1222.033553664377
86063,4404.611146080273
63226,4613.909254394129
20580,10704.42780286283
46075,5483.396086892404
25722,1098.4435012727222
1645,964.5583037779197
31976,770.2010045553529
29695,1229.8924811727602
19978,3477.025613452223
41081,2260.6010132029
29791,1935.7597050669463
2671,783.8024283821037
87992,728.646469035416
70180,7417.936539375885
9991,4713.722763757967
17863,513.8457271410839
2131,2574.359405607428
15382,2034.8377469967277
76168,3834.5319849986595
52381,7386.315041682245
7850,849.1240410454034
21007,2262.198027537362
51881,2142.5442072283445
50618,1175.8795850084148
70842,280.35422907837165
13349,-87.95832917122743
94868,460.0987270630849
73527,869.8727764643108
53665,1696.730512294507
91376,1860.5616379111707
58570,8126.537579248321
6347,2843.172163411741
25808,2555.0881584348153
95116,1249.0905832176368
15855,2814.022598280969
59648,1764.8742799988531
11651,2973.6708618370353
30243,1086.2207136334432
83974,1699.941841378631
6297,1698.436360564231
40851,2901.638745147764
46900,1174.6171261919808
83147,295.2728150463936
14465,8355.626893277045
52540,1650.341422168621
29784,1163.572654007794
75656,2961.853002143454
79615,1484.528301738395
18558,1334.889283279942
58654,3510.3277410582364
46838,3558.7364462056594
73775,1849.2766011334243
22102,1884.0511726287984
32285,2617.961805081817
58428,3038.983921881346
54966,1993.3357517303107
10163,21192.291482357392
78298,1663.2050557399932
32713,1902.9727161421406
6539,1591.1812538162949
45055,1318.90304186517
29891,2355.6060779174386
69380,5270.225032909787
29125,1199.1573182929014
7594,2073.759485116615
27500,3109.884056827783
73296,3622.883111453643
23065,3727.054940945867
47337,1177.4217058332938
56726,587.3249074130686
32570,1377.8299602111656
18494,1293.8142455061807
13508,631.1329456660669
98925,1187.9657037107954
95069,2860.797182483466
90501,810.7810092043919
96089,1671.3572385826867
75703,1321.3584660575953
23747,1727.5404723268493
96419,3856.408105179171
81249,1751.5643466456327
78159,2236.712234020415
49056,1380.6019102208352
2070,811.7426310850601
36772,1366.1051358211494
30028,1134.7709105685703
39766,2722.788261657691
81865,790.8766932258382
18143,6637.383870996392
30716,9309.469172002871
32044,3429.11502719661
23323,3379.7290644272143
83819,2117.375163045341
81183,7671.782662767211
67316,1949.6307026634497
56868,1301.2516009026758
34334,1475.0744975073867
10157,2361.8110152877007
52044,1912.0471251046336
20113,3347.2719208708445
11538,2235.2568467721903
26432,2779.276786377464
74420,959.5888113423034
4161,1331.3720068314428
75207,3759.1812154518584
51237,641.0427357177541
79281,11930.345634534693
34738,4524.067505301858
79947,1526.0412882617616
55672,6296.655815968117
92353,1925.805778269421
43284,2368.972453173201
82357,2025.45794275084
18937,1366.6415602761135
24367,1518.0943438831919
50848,14076.350976624153
78216,1131.0125710261505
66389,357.21477775676203
6445,748.5435688557145
29671,2071.265345014811
29765,3204.63473952522
34071,3171.3358010519637
79196,694.6194110401943
47565,1688.151411123983
11960,10693.971029880966
92156,703.4608201213887
95138,-338.79171633826536
3108,5662.0412243626215
59803,5927.550258655502
53549,1738.2209640154763
25199,1957.198241927698
26237,1222.0035346433433
55516,2382.8072367208806
10121,5202.893742893661
36573,2425.9773878162696
5194,1750.0634062499403
17802,2500.3933277432843
19919,2397.163072496056
31568,672.4269782292813
57183,682.0653256698511
59701,4274.976209246366
18303,1793.407875914014
69939,1600.6172334293856
50632,4564.1625926398465
67226,1820.632728606754
23426,1226.2926961481326
21830,1558.8884533802188
92640,2680.4579931442545
91730,3068.4006796155245
14787,1206.6296580880394
42124,4057.7005192428664
72891,2018.5507849008823
3859,1813.8119004384653
74592,4862.707367028475
54249,2403.9355235694306
16428,1278.1892535807601
63657,1623.900498681016
76872,971.9170810019914
23506,-149.85275227741477
47236,282.7553918035851
92429,544.4815552693958
13640,706.0186973218165
9832,1759.7819075383222
6647,1960.9655215831203
18341,1097.3553024580415
79095,3491.05891107989
78691,1057.7743331533543
83623,2792.4496103776955
71727,4445.237664831855
72557,1089.2498240552736
8985,8472.836701225435
33227,1777.4994984187565
6102,3376.2738886252014
48827,5065.32801210215
33175,1022.4810025746915
14663,271.443130621863
48509,2152.071340245896
13716,1143.2771780070943
396,925.1819016394352
34016,1398.9771490183766
68596,427.1134888348506
29416,1240.5043823591277
66280,2042.8434948789345
4909,634.764872756471
27075,2036.0905786298583
81683,2509.877756665646
79642,1422.4315848013403
86858,11053.816099206015
71405,1036.889837886019
5591,388.06107736144077
40837,2354.239999866678
7357,2697.976263699944
58385,3525.1887137524277
91587,1920.8094907338718
41645,15270.15968200148
19588,6286.611877592612
7665,2553.2689574214546
46265,3509.2153715740105
56541,2185.902777993828
83405,2045.856186738317
96042,5313.546012878255
91187,5690.61483927888
36069,2279.53419111765
26692,995.0411147297691
45809,9430.735966794877
37945,2275.340134348042
64526,1993.8289922481104
25965,4686.3886024179665
97609,2382.5528608119166
1258,2122.339618980228
79135,7106.671072519746
57382,2614.610286010152
78397,4017.1385351009167
14368,2744.9074989473474
92359,1358.1156542339859
25260,5104.338942246757
10210,595.7140022748954
12582,1132.6812152530192
63234,3315.567157496957
44442,2456.286727412098
39799,5638.363004761857
76940,1418.2643226166288
72063,2780.3742684053605
97096,2023.8750127953545
61195,1425.7031883602567
83917,1395.4166130715448
46780,8236.762853577582
33907,3962.835380326376
98345,1158.5455407393074
85376,6248.840883751405
3023,1599.4096848496451
85190,2111.1839244746393
30685,2493.798294674868
67202,6431.269862648573
73617,1816.8842270853047
27714,2067.9107975891166
27056,1434.374755890181
75452,12630.066398577972
46147,1614.0278564754942
690,454.1502606074805
8811,985.1840357352407
82783,3568.0855962470223
18710,5358.8821698992715
73092,1148.1914337046296
76964,2074.888094220201
84791,1760.1463742202982
26831,1147.2538668356524
99775,782.996368918205
69066,1882.5317936523566
66820,2290.823087694029
47655,1612.3996291746985
33893,4640.681837682096
79842,1455.0439667344976
2023,1225.1439949840296
34147,2686.6616650322935
27068,3942.5299576006905
28819,2274.1330691396925
19529,1136.8527089407435
63980,3784.8352453814805
60852,3405.2429883877644
84160,1224.8997579752522
3812,-437.23336807891155
82164,1704.1764066805663
63954,2669.2141619525173
99554,1794.4662308422508
70817,2606.747124472182
61083,2574.526371196274
29339,7809.5233185138595
20816,-116.08568708204439
48457,1900.022451923023
62739,1004.1857156727351
46496,3116.2955903127704
75734,3507.7798298927564
82826,11555.238550899232
65749,2952.608453921285
72217,2427.908517958982
94060,1117.821667411551
72490,2389.9547827780007
59783,2803.0920023402696
69548,551.7281624829229
3943,1325.7834587042648
18999,1772.1237170065665
12424,4328.838373978992
80217,4501.718054272623
69004,5468.096783739054
26874,6154.813301789853
36171,536.4816480869727
50497,2709.922590443817
89727,890.6978392242445
57370,-110.20319588627262
92374,2593.0785707312825
33208,354.2029815126757
42192,7926.662253997658
33069,1761.1488129130023
41057,1157.2452117486823
30642,569.9517425252334
86359,3471.6431048891504
66942,1437.1734029753857
38591,5507.366679131613
19662,1529.1716965392052
3283,4363.486348674241
83565,1195.5976126149717
15475,6411.469780043546
9655,2127.839354727067
29224,885.2355185511383
91208,3846.3564816408475
24663,1616.8472430776203
88948,724.518501716484
81911,3628.993329283809
66722,2314.660380854796
28590,2942.0263802189997
34880,830.4877424226479
44477,9245.917919539452
86806,792.2312810812277
3354,1825.9760734429408
18417,3677.3403569040197
21283,661.6721134411005
81200,692.1634706508225
62323,7427.388440282672
89047,3998.480153753099
23525,2086.9036390824085
70443,3224.404019947161
66993,1247.4943995355793
54269,1903.5509504727613
15204,26084.24476681409
73899,2402.7026433966053
88825,218.20889297572467
34758,1874.8384684117036
85503,2543.6310964999075
25203,1966.0661299088624
52737,113.1539768733137
82499,202.4289939714845
27170,1415.946693511392
88172,2710.956444828673
7140,4316.801490697497
3019,8864.8230213855
26661,8400.335832979254
54778,4319.5407637505205
63831,4576.823417812701
51809,1797.1655537537495
22847,1918.5663122923615
18642,756.3558891647158
22722,1121.643552750471
44456,160.2216005533951
63738,2014.8992065136438
68254,3860.405237087869
95399,778.8332487270718
66257,4930.846199040504
52663,1412.2762934277193
12176,2474.4175025931354
65072,2271.7845742971863
5409,1440.7053246222304
49623,2161.9989177419516
74049,1378.9492989445926
43861,5301.819988033701
14292,-399.60480110095386
90721,2674.190661709053
22124,3348.054091122144
11462,1869.0554589717049
36659,2463.6069328493923
83755,433.18448046147887
113,3419.2791020986824
72814,1201.0599577189178
18855,1169.9751884068837
37449,5101.724513332324
30201,2118.4234091632507
28445,3176.453652196944
53564,2151.743922096013
61547,5857.2136750106565
49236,2031.2068113408343
80049,1685.9111585015978
94529,11543.344852090038
78642,5073.921271541258
81843,1954.4954376973253
50211,2684.43925973066
45851,446.8053374596525
4482,1071.072998446894
45590,1165.0589444336124
17304,2010.7847257934793
53659,2660.213484198736
82601,1468.6118359359648
44708,2589.885185215126
43043,1738.2832064039656
70823,3798.632439231013
70833,2271.3194196807913
79614,3317.3270351899573
43583,1307.2749732243428
31665,54.12332608159522
16064,1650.2461455658286
45272,1536.7468021337322
83891,1696.9996832559318
58560,1324.3919953397249
68973,5749.394278971071
6805,1491.524822044381
83582,6115.667772411419
1527,5850.955095070707
80034,2498.292986490548
29262,1816.491965219254
11751,2076.555990607975
73713,1384.266380214507
68949,620.780953337051
67434,1257.8905657727369
23663,2842.5896855202136
73150,3620.0814740291917
74591,1834.4228418852792
84414,8423.960169897995
28511,10676.59225349553
11998,2461.302034902549
14077,555.1419663309989
77242,2198.770184388096
75765,1306.3290259728865
46435,984.5895907020235
27534,834.1996632108485
19958,1793.4180627920764
23462,1442.9705142710586
34503,1077.3432408603435
2625,2566.2344607562018
64559,2002.478639869523
36856,215.90859223753887
50554,1770.7723439370943
63068,1185.7947785185315
6973,2866.6786891345255
7866,380.4129383403033
88051,2848.7727844508577
40022,1590.0594766887625
85308,14017.115247472966
39095,3650.795647227032
36823,5111.19677259744
67135,2283.2453445776837
30638,2154.7677930574964
95982,1972.4067669702995
33862,309.30649619215956
67602,3130.8569974755214
23575,2679.953007118662
165,2068.1385772111944
74041,2062.1810207327753
69620,1785.5562604341885
8073,9386.236871738358
88739,5673.160674022007
59173,1967.7045926221701
22268,-497.65069264224076
2486,3521.8075172444956
28987,3080.471100216899
45834,1282.397285221729
89137,2751.911163484916
15730,3131.3993728434325
78833,2725.9700770713043
27340,1074.5738878905513
93924,1296.7986854280325
21921,9754.490037192945
61380,288.72441002341975
96902,669.6484915493966
50682,1592.4506806935497
47928,2711.565653097236
9480,1827.742876370123
49932,1234.6910288469498
69850,2291.3540964581566
91202,2251.847686496636
11152,5690.619250524853
40733,2146.664467703909
9753,2563.631682659279
14350,1270.052425389592
11976,8228.00487647004
31877,5610.15394195858
98350,4641.725281670377
41942,1071.2994718757445
35827,2137.72275182061
4388,18811.346084391014
50729,2158.2536150922024
5109,7725.976455256323
22441,2757.227761474397
63318,6266.458315080409
45015,3506.179027804662
55291,1979.0673133897888
12047,1615.6172391060318
51814,1252.9646387951484
293,4818.177001994541
11111,21850.08928469665
61054,7137.701995528443
8751,2286.4430991587474
38705,10036.846923150228
60698,1890.999110896773
6708,2722.0452806811527
42091,1256.6014480794265
88695,1507.4273207471292
3557,3258.639684499373
70963,5945.1063416691195
996,1310.3958054272034
87504,1956.528467194764
5765,2979.997038145317
24543,1332.4875506160006
47712,1920.7024395785293
71551,4025.991186036189
17039,5484.411473825505
9281,4038.901172469882
57908,3390.32106708699
16874,4252.53010906653
74144,4491.5220564577085
48034,697.7741628658337
91373,1371.00465354267
68410,1355.180724705839
85495,1787.2769699367868
77011,5660.605322133059
85364,885.6021284673889
9560,799.2505805287415
99976,18695.652423961605
47406,1000.1250679648274
11088,1532.2424101925671
49338,10899.479417074424
98681,1538.7833443612117
10893,197.32046650409575
1285,1520.729742672499
47750,1856.4594374961619
83249,2236.2354871707666
48988,1463.9642653293008
66539,693.6190673417982
73751,1162.4577254148362
78996,3799.600321001688
63868,583.0313100952362
74365,1482.0678764254012
34369,1803.5546647926917
52162,2704.0151822837224
39397,2196.855714129091
39344,2761.4370566946914
83131,809.8351712892668
80379,677.2496485579422
14112,5225.842358722481
20506,2712.7165720631274
31233,2313.6017178696134
24184,5358.233156932454
39621,5962.982508225153
2286,3998.2972067457026
30364,1320.2435220700272
68717,7578.696355841039
25028,3070.501276058961
61120,1247.2066928769095
16449,2196.331766760044
92223,1675.8379673843076
51321,2843.8977764636875
51584,3170.1992364716707
31346,3773.186526126316
97956,2057.85491912458
36385,996.4634542580684
47496,953.1474907239699
40026,1321.8199068423073
7812,699.4406025351482
13387,2506.4607746623033
83314,4286.564931525001
8317,3041.2179903183796
12060,4655.681144142829
91191,1473.949295675524
19776,13740.505899864893
88090,5442.775481985105
71051,1333.7236158382193
69300,1495.3736036952605
22482,3308.6598738212206
84665,2162.3228697178583
98918,1599.081924537175
55141,1355.1531184517744
13575,8130.713394936917
28082,5178.108600862941
96971,8049.60220039459
66668,3644.283861912258
28686,2454.660155256646
82820,1419.4862058659915
89693,1180.5721364110186
68449,2704.6806835219068
54168,1806.7233426884295
49449,1044.1752464879323
10992,2671.7948020166623
62498,3654.1941026829295
13719,1917.810780595599
482,2301.0633515892187
85531,10601.097465938914
17894,6387.475992231193
85540,798.6883781979323
58280,2003.3699365249015
29809,1290.1638771424168
4789,10111.37413036224
46462,5201.648627892302
41139,908.7265031881225
99589,-517.068490109401
25681,5304.074371797532
28655,4498.830501017863
49499,1044.142042893291
55180,2015.7475128192018
40374,7764.0486604695625
63598,-257.47827780325497
98934,691.1958500159508
27598,1496.023915164797
82523,2243.7722181662702
7129,1645.099380573685
44907,3343.954205166158
72295,5217.792342053029
75200,2927.5932490212226
67108,11413.381399632108
3200,1297.555287850896
86342,7732.869383654812
36846,1697.6515843244756
20056,3497.4584003824157
49273,1261.1441916669519
99628,1343.4706489781342
22718,2882.25493984429
16847,618.3010304934214
63711,6115.4668014113795
90323,1314.448127134864
23549,1148.374831279044
37113,3689.214719091082
94313,1373.8459815274691
56565,1182.950555887695
41021,3676.92111866276
4193,6632.805180179512
90080,2187.2273070426854
99559,1906.9200954006053
89403,3546.944257884992
98020,4328.945886508182
90407,809.4286764087515
18927,828.2935625625732
30921,7876.498754999469
22856,1429.6801526701415
53973,4381.029192179535
25390,8030.410266863683
24923,2267.267212167676
97743,406.7214392914302
53290,2752.785991272229
96716,729.0819760204104
35036,1134.2342933697214
22065,6970.512422518761
71836,1613.3288236593578
50107,674.411846626198
3652,1295.4604533003667
13808,2964.2625431219963
68110,1738.1797195753193
49483,5076.120455627605
46239,781.7508782463915
92777,1704.9128660540805
43844,1603.3428511830562
79205,3104.983753593295
57994,2494.4807458461264
49124,5148.456403169402
54024,6734.8634480880955
1857,3066.6231845005973
16312,1523.2425700623025
92045,1045.1043039978408
83798,2639.6603253651947
4595,1877.6693992953044
74938,343.1677485182313
49351,1064.5805513827436
10412,1865.541534866854
46793,1266.7281258478124
58874,772.4190543610748
71868,1673.1191105951523
15134,2231.0753243926956
12291,1296.1079454703922
27996,1391.3862383571495
70262,4866.2165400436415
53695,2310.2658563766636
85455,683.380927674666
79453,1145.724139228059
72027,6204.326454938811
88333,2661.2884395778465
17177,4753.967927625466
35009,3312.352429427255
22425,1464.8127279722748
18578,1708.996539773471
24963,4177.91457249857
51307,3323.2124685039694
85772,1023.574243194144
91074,7714.454470908349
28187,4179.199330939634
75483,2856.9660588996967
97638,6108.315289406324
53731,5594.43501285192
79758,163.5834152057555
66964,730.6033167873884
11053,2156.7781351311305
1867,2458.053752602944
33738,1328.0720390754782
45274,7144.768632754053
58706,1545.4307796119715
95577,2384.3107703946453
69193,456.0791062833814
52848,5340.340163533805
80974,1318.6658538238894
16493,2240.1882388141166
71378,4887.336009980892
47972,1569.791333242793
77101,1399.3641164995329
12111,1708.3782938060754
10942,2122.7339848909637
47176,5401.7123694337115
97930,3047.830880408769
57171,2310.441713412157
24403,2296.635008955948
95995,2294.6202562905746
44237,862.7735002576819
78706,1725.3394000725648
47096,11047.283218747387
82338,4906.065420146794
80635,3849.9946735701014
58430,4938.836595243709
40813,4480.0276692791695
12093,967.9098206952817
64994,3201.6564975613933
36792,3680.0219526500505
18615,442.7313940115678
98138,1152.7722481082192
42972,2999.8981787598805
74251,3512.5162392388042
52298,1554.0768561093028
42282,915.0979545925907
75397,5232.180335647934
61319,3699.312661277191
66040,6707.631470903312
89876,2865.4782534422584
8591,3132.3082401066586
72893,4464.296579233366
79828,1822.8721232513305
64118,1892.3876892629426
83159,4375.9354033584395
90240,2992.2870377490653
66881,806.3060967252154
57020,1972.4741705479985
3903,2474.308217936592
63101,2676.183205158762
59861,2946.455234873476
6522,2374.0599839904103
42759,2496.3748235809917
2958,2211.196489790027
14400,4428.198640721964
79629,1088.8227394822416
12048,2931.428681322146
30398,1239.9807308137883
57386,3651.4186222323415
45223,2285.3590708361107
28443,1404.003963631098
54535,3370.737212343842
93606,8437.963149698753
78887,1494.9352584683038
29772,3077.148169599952
22832,5721.0169659969815
85707,3400.954313886994
63633,1910.5268340717812
77620,7046.243520036471
31942,1254.8743113135629
46977,1490.1178252571099
27222,2266.6954514516747
28627,864.2235493000976
16359,5761.057900924661
74298,892.918398149734
96634,3662.18852985343
53211,3593.0561663473563
47667,2147.7837754013403
30074,1857.0611603877471
80737,770.805720971769
77649,3826.9457133180535
16930,19625.402050314573
18013,750.8913828413929
92983,2690.3588170816806
86138,1004.4462409614434
105,977.7611026983323
73298,15297.134298365534
61097,1457.5389208095762
73195,1293.532743268404
89425,2123.4219943765092
97004,1178.590296551075
32137,4496.960115808179
50322,3462.484690752041
81519,1285.9019044186925
48243,1673.8956741354057
17240,2904.5358445434786
50546,2985.5388383872355
24681,1817.1166750729767
7330,1720.7312517482162
64322,3274.7807690715226
78971,2335.953740827205
421,4970.761216592939
65873,2168.9451622792494
99347,761.6958213956732
99145,1063.4948945328956
13617,3918.9709307808703
23554,3128.085154396089
5221,2166.3493754182227
97242,4746.742685494604
81293,5386.023699715963
19485,3252.140915317052
7104,3823.750704077506
40057,2148.0929111861506
53240,4280.985828028241
78972,579.8189433798957
71907,2441.7801292351824
25430,138.0429453509969
63302,2183.4935680335248
59108,3575.4864903390085
31383,7490.9830491849025
86886,528.805421591047
50367,2159.792671858565
13766,3506.573652027478
38181,667.8958743720209
2828,1969.9007419657135
78925,1137.111101965515
91319,4310.816741589906
57279,873.7320583718583
99182,882.1772148031278
21205,3536.4366060465604
63772,1314.785812057778
16584,4535.136059032434
54594,3174.27087572651
24277,806.7639978431425
31112,5177.3850016045
37788,6092.878441958525
28613,4086.3163304728955
15320,3916.082547045044
1791,3975.24043471634
42387,1738.2147285765827
95823,512.895478855778
45818,3465.3803861602805
41302,638.4941055988224
74127,636.9568305821381
68027,1205.3556175228655
34277,1504.3100041902876
48186,672.3136399514647
20041,2104.0628777411157
53277,4944.008074411306
53671,3892.20626733679
29199,1397.7373394671722
36740,6953.956123804373
66298,1597.6425295023932
62721,3676.8013453596404
49031,1776.8838115485228
28090,1115.015762267587
68170,1228.1599152254412
77573,4206.0404335963585
10370,1387.4343580663058
17811,2134.461936586282
51493,1469.9573751360394
41867,7357.734312127663
19549,951.2406383513135
63967,5630.6965135834525
33851,757.6690984303177
40922,263.9029604084949
44299,1935.9562067798001
58993,3739.2197529201785
26676,3013.224301266932
17671,3050.583176969685
34220,1092.368563911301
1180,609.7015813448224
64699,2244.839307928728
45591,2160.41159034492
12726,3401.6501142961147
55015,454.07678066471453
31274,3174.62021029069
9774,4289.0176438869385
8393,4251.761762550797
30580,844.0689702403347
54095,2244.540970984351
37824,3701.731816950092
56633,1654.0311510879774
67737,2425.1720589690367
14814,3893.2997594592534
13294,1643.0670684081085
42068,1254.7419690457682
21141,8959.861862186166
518,900.7497926062797
45171,1353.4455388812112
47862,1269.7365561247948
44527,13352.277700926188
58401,1510.6349280410668
5865,537.3527883133952
38781,2028.159001252513
89872,3340.126649643464
3944,699.9699108853288
32782,1772.7384093641265
7673,2505.3135795136704
97663,2772.3665771554743
56546,1068.85727794064
82999,1314.7233141342822
20534,4077.3858701165636
23402,577.095160966911
5790,2258.877049272154
10882,6173.124295602951
46875,752.5904903263586
82313,7474.525534947046
18456,1584.3614081857277
22144,2079.4657000543502
25312,1763.4622008042736
80717,779.7410478075763
99584,1341.7064939720813
38799,5576.713205548141
63198,1993.7764938656246
84221,7465.572316872023
60861,3295.8352156425553
59639,3395.5397619396745
19208,6397.877739986823
68307,1867.0892696132832
86150,973.7659415740918
10227,2120.3954955616546
71348,2281.1860243158762
82103,1262.9762302733552
50277,2028.0903692332631
72679,5868.332118001482
50964,76.98864553290787
12521,1295.5733715854426
85266,2353.890584690645
41790,1009.6179290341884
71559,1242.8896012433624
79552,2856.5144347541345
81611,5261.374544868482
79823,879.6544206972503
22384,3017.055469404263
78157,3040.026816898546
36274,462.7844556572809
27900,700.9149380033464
70158,557.1557340437039
57643,4696.120863337572
37461,9610.075878428239
91902,6114.555409616805
25489,933.9601030921258
20112,1015.7848041979396
3141,1968.2037993012618
63145,4162.819860188127
30930,2180.5804618084567
88191,2365.4588290971697
52153,3798.765604424042
47161,2656.2800983082643
59432,3920.4445551130907
93908,1552.4106782975805
73081,1077.681013385983
45477,1034.9290342627228
41817,2184.972029277379
68862,2377.7048474129633
57781,1360.1081774131058
34365,4073.071722619559
60760,1541.362961559083
73562,4691.154278031342
19535,710.5816724164029
3462,3310.3594345202787
57329,2991.174208951863
11363,3111.4076634440107
38724,180.28160749706785
63336,2475.267925144769
14875,3271.1006484431264
9952,3410.407121195756
72398,2381.6940676979457
14946,7982.289577898807
53639,179.78704252336138
93090,1835.4951733421478
37138,1193.5327120559914
88784,6238.8545633462145
85671,7750.651192480056
99309,3700.336457494654
49751,1519.2710602085085
3833,8000.094756801729
70723,3012.0737168054366
71798,4691.739365668547
19633,4430.252021434901
94741,1417.314914305177
42578,599.872555026122
45432,17765.14383964264
22877,1441.3946743837319
71040,904.0198163652694
69742,2336.2645823040475
16059,2207.9073265667885
67887,2115.244092524436
62908,6924.365777454244
23975,972.1323514255478
79889,638.8333771236262
42706,1979.742476486601
7946,1075.4583635140934
69060,-92.29768655854878
67534,3881.9576406896053
76672,3542.4044245838886
7712,18787.838024574314
74871,9637.712786533537
18765,3888.1515235165175
39926,3812.3719383372354
90206,2991.524914298903
80990,6832.890788652154
16640,2010.8204848751225
56656,1256.220219102417
20743,2289.9552449862917
925,2066.399750073328
85598,9839.242298950532
27822,4933.85088409363
96094,1385.5846533353288
88528,2187.942966777993
95713,1555.2629152289592
41582,-67.31862935905792
14859,1773.738901537992
46274,426.50122109696986
80359,21523.00996837844
58732,2136.641527408281
82337,7952.998281483014
80760,2812.9941634213446
55867,9395.388368659498
91345,1812.305316897717
2889,7031.006111098937
15467,1371.3204788804032
10566,960.3280010461108
42038,1266.294552114542
94225,7674.979104038792
70619,1416.1450004390344
13388,1694.2826437707595
77270,2678.6444100289204
96846,2873.82984212105
20761,2817.0508389884135
93434,1206.5899592917349
89295,4409.829490470877
17848,1817.1188077133756
16542,2464.6972934782125
90145,20012.934644375455
60883,5292.172873190203
31868,2847.5880430503785
4204,632.6477801996575
48140,1165.9385801242106
70613,2159.98314863255
36774,3571.7882155834673
70349,2059.4428928904144
59554,3695.5302317757573
14015,6084.91234972405
63407,791.3347370043602
47632,2164.7885810944717
35048,1004.5795487538462
42107,2741.8168906094
79244,2548.2065752528088
83515,1070.129418856557
64640,7175.094828274703
58060,4000.324973407352
19695,1721.1224953922897
49170,3376.519210835134
94307,4234.551113766803
90991,3725.798363499656
23504,2252.486934632225
99151,1096.24857623569
22206,1464.6553862160572
84987,1942.617334349357
86282,2715.451926522492
38560,2054.324430872426
46165,2009.976981227403
39824,535.1186193803273
20466,156.74202932223488
66559,6200.616956021552
72445,1936.4251394666762
85992,2632.8999064734953
29712,2812.3487059968134
34652,1468.8518537204181
91517,1848.8567153785107
84421,7424.219893078314
12993,3511.7948424771794
37589,2240.735108695286
81012,2445.8652975043633
38364,5500.598825457961
53923,4404.299006590857
58396,-230.7682799912991
89495,4258.130681107646
74426,2528.346932288185
83808,577.1234170327602
10169,1664.5334258414393
14701,2010.1707168045973
38521,1337.3619643105158
91665,1619.0606804179467
1589,2642.549168717232
14488,1439.010307198187
35851,743.5887907970464
32276,3638.4193142177364
1125,1873.1941076052763
90645,7222.913520309792
67619,2342.3478972267385
1875,1654.7096966485942
2409,4224.732427914187
37907,6984.95032597934
88513,2260.741554185962
35332,68.1150894444263
15261,2696.748948815492
77999,2059.4537900250275
43044,501.16522607905154
96977,963.2681811840484
99821,1646.2130632027206
35248,6320.064164853445
17714,2911.9730977225367
66206,256.13112356840065
81849,1892.6025998199848
9565,3096.4158475135728
59876,5938.122671979238
73032,1247.5164032667894
74400,4535.581080756343
72115,798.9868086401657
39113,1433.955180879936
50100,1658.9382158759283
3965,88.52219804043489
38140,989.3249920624453
28380,2324.604378309281
21196,2010.6332990078947
89442,10533.56243824007
68174,10810.284407446961
78018,1074.6434156032146
84418,1398.0571276443325
93379,3034.8540574580093
7768,6212.355177340771
51944,931.642490495904
10103,2208.7310588369287
56911,1811.5022889127017
11961,1252.4521416964144
6415,2315.861088628602
53703,2516.9924027899547
30329,3734.375402736142
39056,2066.9848080013885
76085,5183.173851086325
71286,2968.530942017281
2052,1473.58543218765
94841,31394.573774840774
93665,4445.944656558497
5995,4013.8931239424014
2138,2890.5603222633035
71481,17083.175160240477
28262,1975.6934994686071
53071,1846.107831220493
2231,1425.9706635504645
5629,1405.6600535815046
84155,2504.8679401302697
7230,4246.518312302574
13249,2019.117868291086
78963,3571.224175005662
74786,2977.8389832616213
17559,2960.2573302858236
80715,2311.982594076152
20468,6138.390413561154
27523,2730.7755775589058
52174,1689.3739688665971
40293,2862.2523785944454
81987,1054.0605694249657
53365,1333.5690237591953
83959,4002.231089774224
54605,1373.860202525174
88074,1202.5570561616191
19804,7245.230244826601
85164,1630.3375761061936
95808,623.7777822691214
54005,3347.422166107724
917,1513.5494524097721
66116,1735.3260701364763
26584,867.2188438795952
63794,6016.508587425034
89952,1026.3222736785092
85465,1858.0653709525
93708,2426.981110845346
9381,1544.6925970364741
56248,1064.3439614981717
32952,1583.6118871828867
49140,1368.601860752001
45102,1406.6809128710174
61210,4163.83024682984
67092,3308.817224578856
38333,1710.8207673121692
94487,949.9795946947465
38852,8089.768817185421
20738,932.9761098343861
26101,993.035426369232
24121,2014.5920221218464
53147,420.14250208866906
4002,2061.7889634810194
15738,2807.41853409595
72897,4216.608907140564
80518,1341.0423050154573
2830,5544.536471581852
91560,1629.3247751557278
67289,3039.862073119584
58461,2691.740047204362
76033,2248.0253498238103
42450,2430.237062759944
3588,2017.6705521604265
77790,3814.6435545849163
4851,1344.431907493934
39224,2306.6705903246957
5321,1090.3150626432703
32249,3311.7112074456472
29342,1453.4778136520913
40570,1782.3039207239976
30045,4186.461261652626
38629,917.6046645622532
66806,1764.2122297738629
3131,3430.4399883560714
73804,1147.587132776409
51672,3871.4797368155487
49214,1596.9013257454062
92387,677.0100240277743
66745,679.3418568566594
72004,4031.3282340988735
59161,2946.6978752664586
16676,919.5543583410358
86115,4000.3139138523065
3909,1175.2401514023613
82625,2098.5866019181713
84,4447.883807887611
28241,2301.5802779944706
40242,4271.040132499508
12705,2310.1691661703553
39177,1128.887990642148
78974,10354.99547210765
12241,5704.423459931487
49316,1802.30111656102
61217,2607.5214036115376
98484,2900.145327372998
42407,1879.92313248293
53230,1897.1586523027597
49642,2188.912802323797
80606,1186.728751380428
14977,2815.680637657435
39417,2246.1072980163626
14179,2542.0233408027075
22715,2569.276519857904
72521,1547.2624904059257
81695,5103.2645676312495
7007,1629.4458768674888
47085,5588.381773229014
92155,1086.4469436158042
76967,4234.764073005559
59949,990.3991581992636
88273,91.96371004569755
86849,873.3656767180091
33441,636.7033775322043
5675,6011.05867323018
5507,2007.561481772102
42597,3211.910853700514
71965,2668.7608312651128
65499,5068.865300383504
37660,2449.8580431969203
99887,3229.1221929945896
31672,2934.1715726423868
17913,4239.058229806727
6088,2989.809411741355
50829,1131.0925010584751
49475,1383.2779170875187
47277,5608.185855240588
30514,15315.605165111509
84633,3289.4396710504484
16536,1380.5428359182379
66567,1120.1438765654352
8092,5737.49462079134
40279,2681.383866331348
99465,124.94659531014258
24198,2185.220590210067
1129,1755.915378977731
1038,3830.9842422026572
62358,2296.3322960738337
17534,2824.7506330468154
1567,1203.6101397620655
62129,2711.9509481118475
48175,292.3923836925087
53325,2396.616215379964
28717,3397.618557643618
56277,4994.915581998449
61557,2935.6065232388723
59489,5838.7862744840395
18768,2760.1494814586486
64580,2133.4680906210424
50990,1439.7947759688268
38806,1738.5380631618314
10709,3423.4038436422993
96385,5158.064738151422
47499,3555.085832319385
36319,5519.58058007392
39006,5386.794239243997
87012,2495.51675953861
10622,1992.3150555516645
49012,2320.794896131444
3110,5133.236499194686
53959,1905.9533998374163
57208,1824.3397359661865
78499,2488.798254523674
46264,2627.4650458582314
88816,1516.1947174446768
715,4977.963525838797
13554,1803.156303707522
16207,4612.751648006048
96869,1083.0301293713742
87606,1482.2371201242395
71369,1588.6664985066168
83142,6778.731876544093
15836,3958.70253225451
58662,725.9550799628714
22264,3051.027365379461
21060,3582.9191281729222
39341,2466.8685534424103
60535,4117.457208139333
73530,1270.2566649596738
71179,2920.098130400447
8156,2175.395938571478
99855,1345.6583599335695
52476,4300.691314231986
75117,1627.8216027671742
42256,1475.2836513816592
35792,2740.0557568118065
36021,2769.08783412927
92473,2964.4944075167505
35253,6415.23914085993
93008,1850.2006024591897
50455,4292.082357778566
83452,3345.8647891005576
66068,1941.3199265293458
47571,2597.849597926694
36763,1328.9614470653842
59578,1620.318828511125
78068,2169.230979252896
37862,-23.950986240004113
46106,6513.350533995095
48544,1264.4513840039563
36470,680.3039019128132
50175,3606.1477334024007
43633,1463.4346110630036
59823,2029.008478972201
90693,2152.617541507383
89140,9469.723853425476
92218,6591.68076631093
58573,1475.1381438920685
36350,5750.409042838292
78467,4074.0647906401246
83720,1783.3989911773392
35377,1096.965510603478
86965,2450.5305858503652
71703,1503.8172329919907
1425,-339.9182494317597
81727,1289.4506196233779
14060,801.1391877026426
37753,1465.294420693935
20060,2922.4263215352553
66260,900.0982391131624
86355,823.6891790186241
94727,5158.067823920069
88921,902.6104316924461
72793,5325.269736102469
87477,1929.1100700937086
90187,1375.2882822460228
55334,3678.948460650862
47946,1044.1988882835458
42370,561.4532932314114
98745,1887.8521049213068
92616,3037.7400726275614
72279,2056.954739990412
59054,1048.1069341324114
35098,1342.3989188055357
58632,2925.844048077238
96691,668.4689357644388
90134,899.5826147920507
49843,1189.022239949777
87525,2632.988082092668
44296,2452.735081031058
74647,2190.4287668989487
61503,2119.9381450086003
1247,2261.230238350713
64339,1303.6261790998456
20155,2387.306891147001
25575,1911.9313290363377
65521,1507.9623920769131
29323,3547.712991918929
50476,1564.571336595096
17647,6022.482416566647
2147,1075.2200253901028
94121,1911.1395898596345
41077,1552.7054332726052
88165,4224.7773401728045
44911,4574.757832116864
86179,6041.484950518649
28013,1129.4724416531571
21696,1449.8705740186201
92501,4287.040035858414
81789,3520.95449785675
64969,6374.985704507257
45045,1733.6758588909474
36617,4158.369003767398
5903,1654.788354909755
3731,1414.5518906930251
10340,601.611978266586
14093,2305.9028557873025
70035,4576.248831385632
67343,2923.09116962056
9360,2620.275939670268
19613,1589.3289075971352
54687,869.6058829196381
92271,7137.855907975857
88399,6217.483775018862
46333,1723.9735890777697
5250,1192.5370141691133
25287,-15.085667636075868
46169,1320.2174554189469
21316,1585.9633397664766
10143,743.5830580231341
48659,1440.8852717450673
97118,1543.1726450035972
28833,4270.110261670292
5167,1851.011956708815
70665,2392.0276246615085
31188,703.6440363636361
20236,2496.4761848953617
1594,1116.2883631594932
90251,4729.978733985348
64671,715.60896898706
87051,2439.7186946849233
43038,2068.856923449476
1554,1377.7559065275686
24946,205.56434124692805
78729,9322.952409215242
20644,5670.738145337273
43465,1288.8082920681836
83717,1481.2003204751572
17570,7116.217883313788
66391,-2.9607074145278602
64571,202.61929718307556
98754,2896.2625473963603
31261,1286.0595233119798
92804,1105.8346381021443
45195,3829.2418784993524
32170,399.0242624384673
54193,3216.9997578153425
95579,7276.84202983335
81609,21305.54781293943
99093,-390.20711309951685
72219,2546.6300519438305
93480,3237.230939962953
41310,-540.4047650220846
37198,3797.3192179381745
97628,2865.0434071984064
46582,1478.6639273926335
89155,7071.1919501874145
83236,2274.7312113941975
53636,243.63583034795238
97326,4714.721141619183
52197,7524.694571091778
77695,1638.3919632527723
27452,197.69524486605678
62657,2486.4975688913914
86816,933.6531366781128
96903,1734.908837653218
82208,1714.7532119147702
56214,4036.0467100223264
26981,2301.756098840041
9541,3931.774318981653
30362,4450.734904777065
54425,1646.006395988231
62484,1020.8643859294539
62751,4971.740513134529
90581,1456.7248709631945
63194,366.3050214510604
4259,1779.2360339303727
24267,3929.519448285612
22522,1869.4616768335313
37911,15670.9636060965
95757,4179.769534796097
32090,1081.2328078137912
42244,13155.797289860699
58338,2403.370982328096
60201,1909.6620973145712
58574,2360.399178383801
71437,5709.1003521612565
84326,1322.89563487533
71801,2129.55296320865
65188,4439.305156349606
8198,5643.28351201988
62998,4135.220493164614
93263,2838.1880925245996
12596,3028.558607757853
24708,20619.468776161662
87650,1597.8462821857684
79498,4153.094310864085
68836,2359.8534581978083
96776,5371.784544960094
3976,1461.8077579463784
48559,7881.25337273639
54735,9673.004862314076
8874,3125.68756016361
92276,1380.7908937806292
83652,18357.50541549211
66640,1243.5112141615814
89117,610.0124543417264
74191,726.382934472736
73462,1629.3646860100744
54036,2710.491310605614
80605,7482.626515694723
37847,942.1485859359377
33427,1880.329712486878
13770,2452.710558601725
47058,7854.588174603406
43806,1376.9243338043625
58608,2661.171994989618
59987,8122.072430397013
86318,2172.5084256184323
869,847.992543697655
68238,2205.277259485101
35077,1209.8169946043545
6746,1362.4588418081753
49299,2136.5801356857046
85423,449.61173731893996
21347,1067.0347146235222
62729,2727.725233225111
68218,2322.3289498909517
59538,1922.3603158754543
11910,1729.7097008136425
49842,1920.5189172030953
3057,11111.304555102619
31450,966.41365469835
71847,1922.4377215787272
11560,1083.637625955168
36499,18535.72619288852
12613,7786.250662405058
16100,347.05592910319956
89666,1026.5391459284829
44011,21105.630034798905
75226,2159.8550055812193
3307,2392.468522249845
13223,2847.096832153825
55549,352.034166592829
78238,2790.033860433177
33159,1179.0570385878932
70086,2078.9396416121817
92453,2136.337062001127
90533,2353.411620789438
62005,570.1614651383675
76492,1640.2768278446733
87117,1772.4870501556502
91458,2789.934010852774
69516,57.37346228550268
85693,690.4843216982081
70413,5409.163985511293
47735,5076.533961420349
35071,1930.5434804020201
99830,4196.854907249302
54525,1713.4907272177775
26908,2289.7291714746893
49862,3883.9849113352175
41165,6419.547994243732
76386,2603.970046038511
2799,1640.1458845601082
99403,1727.763815540638
461,1119.6815540877028
15914,1801.7640843214551
34106,1099.406920023785
80545,1568.8690630177643
52379,6120.17725656551
75174,3055.92417335859
96104,920.6850680300886
92053,1540.5674727475161
82177,1198.9808480748025
68160,2651.815370790221
65666,5183.051895356418
8801,2654.83151449073
81201,7732.95158957812
55257,1386.3555357444802
83490,1280.3030210245133
92945,951.7337284216765
68599,642.0961728539269
44306,5636.4697408964
54655,879.0983566519235
14009,3313.0507790497186
52262,4111.158441442774
97012,6691.662544049871
38317,4363.60091564057
66,3466.80584484408
41681,463.25704531296014
30273,353.2855824387061
66028,4685.096549659471
8755,1216.810676857629
82176,1790.1597458268682
34366,180.20339907991274
10765,1801.787280098551
80156,1021.4907310264057
87872,696.9856115436273
97815,393.3403329866119
57447,9298.819434106748
12493,3196.475130499568
74627,1471.6844141519177
35189,2468.949519565034
32002,1814.7717710184588
36065,1453.4847110629407
89602,6364.975543098654
63600,661.712482822491
6716,7235.098967007284
55990,1500.163273897404
40919,7122.586807571577
10320,2549.0984191324424
66762,590.644494487974
73117,2481.3804584451427
67545,8453.375381989368
45203,11880.234980620698
35043,1561.5205032816011
95730,2427.315347907658
6680,1673.1830419291623
27683,3228.436868495727
94441,2065.7571266053073
68316,1584.1338768532673
36284,4467.163789881983
5614,1190.4467437715653
73517,4787.900845134907
13604,2791.836140424703
15627,-233.03791513678607
18085,1824.9518552505633
31350,1269.8319782807612
69399,3967.808726592188
33830,1684.3167229692845
17903,1505.1411984650135
46645,742.508280496641
12005,735.6479778747434
35480,1359.1490399263803
89304,1538.0277503187554
13266,668.7927044758503
65541,2984.9334705931055
8814,4157.0741424858215
55917,5116.409208885251
78708,2914.3071613993516
99280,1731.7856339690063
67831,5364.314586924947
69309,2422.264588631657
11923,1325.8140910291072
54275,-222.00474661654698
34159,385.33185279709414
66792,2832.2951202863305
45282,4120.145650669069
2845,4268.057609861402
78011,1669.0864009733505
52707,720.8874240237897
72365,3245.2081304065814
21292,580.7011142329038
26504,1690.9112093628166
36459,183.00679004412632
81830,1594.0265514194452
49241,2357.6975339239802
98876,2309.7580013094016
36524,2380.7961608591927
95557,6309.180940063323
87828,1156.753238065437
18573,1399.0494187040003
38808,2699.429070418034
9740,1433.446658336211
13379,2462.737846290641
64531,2564.4193963089406
62784,5709.781388612798
64299,1756.031092834201
12350,5948.71367760682
76363,7846.7995972709095
4635,3383.5897225196295
69581,3852.153354309074
56563,12472.310204620197
61004,940.7973115141658
9118,2574.8414604397694
28008,1534.7171590668836
31399,9019.018162319526
72305,5042.064405986459
14699,1867.8677723012188
7082,2444.5473090202486
40890,1420.3408906256095
77792,155.2809602195225
66050,7146.77988367461
48483,1180.8716141321183
1204,1210.2259616941737
1512,1837.2759694479546
41342,3358.422527640177
42945,2667.5698565934117
51207,2371.661623904588
78844,1555.1497500265423
58668,1768.464072140217
85186,678.6825075975485
85001,755.6691079076336
27764,3818.328417749398
144,1044.6554413889562
56663,33.48846282200293
32718,2536.993908029385
86708,2791.947164814967
83888,980.900599654381
59004,2235.407575759933
43480,2911.7486011158353
12395,808.9328868864509
41504,1111.6553049194245
21297,1946.5804148498712
72327,2307.1732674365658
72935,994.6887098157868
11883,2179.580367110501
97644,9413.521080085418
60364,598.3451122304846
51675,3126.9241712235475
57246,3468.440574366465
38933,3078.104312865951
36229,2758.3075236072573
40429,2513.3969660497087
71321,6846.2547441281395
55996,8654.003925141704
8123,1687.427417155183
91874,1624.7594689159353
20807,1476.21678200496
64128,5175.340489237591
97426,3089.633675673699
92557,1227.4067582182688
44732,1384.097880810812
4083,4730.829954333678
52888,1226.9511241502673
2369,1292.1476619078248
70874,994.7686188906564
20585,1786.0083432912604
67937,1654.1058741071142
52167,1730.648790296729
95458,5282.331610603992
29788,3457.837142776178
71589,127.72141453143013
63165,1023.5681456320717
29357,7909.548189367617
13518,925.6266604753278
87278,5609.685857803668
73838,1786.0438319438144
34111,3255.0044094135815
48665,3610.759448341535
21563,595.8002505294371
57987,2167.752548945269
35596,960.3832368244211
68165,2080.480426373878
93091,601.914255950358
90964,-661.9853997890041
92667,1290.6969604155497
74377,3579.6445484997653
35940,9854.665536436903
33229,14800.162251069236
17516,1260.9925385280085
76876,773.7056308336946
70887,1213.4650570375297
44650,3543.355524356503
56301,2658.183916651847
46447,1350.2029622391974
18137,1988.6017711722252
87136,1089.077323449566
68976,1320.850101345548
96850,3600.652835533294
89357,4515.039903205057
92020,2652.908546007626
72086,1326.081144423455
93812,3320.009265933698
58203,2294.603120205853
83252,1486.9752851822414
2558,1912.841908871498
66069,844.7851978858339
37320,1617.1934431145673
3698,8104.834368329027
41813,5073.853297478881
2877,1897.3008237638276
3059,1392.181371720329
25883,836.3163447684701
77118,1328.158571180492
75475,1573.5549275411563
34607,1403.7393505150126
72496,1363.0588653168843
47165,1064.9637822649547
8650,1541.6347006268406
26394,975.9438844954998
98716,1413.2124854161839
95648,1912.788532308587
11250,773.3043170147648
90608,3893.287446827654
97053,1684.0153363444451
39533,3040.134838391466
45913,1392.9858561420328
16425,1112.0162030295496
20110,1179.0523468658103
99956,1215.5608760885088
56582,6356.475909075622
43592,4083.0060627589305
74159,1587.9810564965865
7549,9136.166940505382
39406,1107.9738803741475
8191,801.1166066008855
28948,602.0627455892154
26996,1928.1783549861352
79360,492.4557007163703
72547,1103.6921070022354
10238,2155.285804353887
18625,2736.7320416079197
56580,698.2627668970108
31663,3584.8573280253195
64642,2676.196280919594
69327,995.041004057713
59438,10887.223876820506
69707,570.405920078636
86298,609.1263468284769
85263,8539.093525823217
72488,1109.5094586434961
76203,6214.233466372294
63686,1726.27490121828
29727,6112.437602037569
16498,1636.6919559369503
47283,4246.659832273449
31908,1972.4012072265662
56072,2698.4926782756806
59297,1367.5315785032417
52105,1269.1373030287587
58945,1475.778165841979
20037,1794.6438767478742
29972,4487.695258112403
52866,18559.747771650582
3745,1739.824430155467
10228,939.1820929960172
34263,2702.2003557545427
14618,5064.818044716941
85041,893.4212436610451
66400,6335.4457014746
55120,1686.9125805371036
86621,1834.9456671577075
49972,3137.830643559052
29133,-363.92946068495394
80027,5980.917647679387
96608,3415.3885848324103
61613,1516.733644869791
53726,617.3722991259056
79152,1078.3679463425988
15954,1210.193273592422
49503,747.1856165946097
32928,2797.6021028167006
99703,1320.3431969259855
84020,841.1056518938412
43084,6543.277937061881
44938,3166.585183054798
7711,1921.5344791656444
17525,532.6737099034613
67795,2.517599812712433
34951,7217.847271700795
18715,633.7126252074695
64185,1481.443548034963
82431,2006.3143025902464
95283,14933.739378402877
85664,1685.5059831222645
94828,3955.6732326372726
6144,1067.3969685240995
16066,1656.1182824117475
29518,5179.8023201682845
95,2210.2489372569844
26517,2894.5653193627113
24806,-569.2875058238224
29881,3990.657032784069
26355,1468.1201217785524
69524,1844.8308498058443
85321,1067.074344942479
87015,1651.7185976741616
11451,950.3866729996571
23579,3681.4451134206824
29054,3495.427117679747
67956,5311.080619501081
21629,961.1280578876226
33077,2322.0452075356425
11160,3175.876066516917
36745,2514.858365805059
58327,872.1728495486977
94253,2821.291114567301
79369,1760.9749698742974
29155,1584.4105070694768
20617,2440.6783193377682
9635,1295.663995381076
383,1103.0917593143859
93850,1212.8572331689456
96921,-91.33544198286017
91443,1298.6329966753888
10931,1348.8342592839713
55143,1892.3533396299397
54971,2096.1506187897967
27319,1046.6477189403395
1364,1424.5054262757526
46565,6169.2270482211115
17342,5943.524421336369
12078,3226.111525510583
2757,1358.4455183025793
3130,1194.1352556374918
53686,5321.120534553194
78453,1006.4337702708372
9728,3043.544880321891
66105,3145.6492490942246
901,5186.658090762306
82664,2282.5344563361255
75388,16262.179596452108
59901,516.0988925025713
27649,3206.919221707608
85108,2016.560955545577
53316,11459.657341281065
17389,2427.2372363811387
10356,8009.043525204247
81687,385.68618182528235
54391,1043.626121350881
66641,4063.1184206530916
55177,1984.388614676299
45085,35.43830892883125
79704,1646.7969069519654
81251,5886.25192585967
15034,1959.5239666076586
3270,4732.131398989381
20762,183.44544649852787
4010,2182.2697636694434
69512,2553.9627176027698
63515,2943.144961688222
9548,4128.077952995041
42838,1524.8346780551024
2907,1406.6046668552158
21977,827.0158936549415
23808,3321.124371602846
99230,1830.8651851822292
50259,521.7666557398825
86906,13372.218633824981
73473,2083.528483565792
41097,1114.8062572273693
30803,3748.6881105028206
70855,2869.0726435643655
41443,1039.3783449611692
44529,4281.305267596711
30902,1304.0555235330635
64998,1076.1571732760553
40817,2475.529192267325
55885,1905.3489355075626
44500,3367.3396960267164
54191,2486.7020091068753
20280,7646.390789519332
46803,1769.127914986199
1465,2063.203480505231
2582,3795.127426593104
42570,2281.680137848643
64934,3048.1941933933376
61592,10310.880425447911
49421,5259.9043365749185
63503,3912.804893635448
64184,9612.41095837781
46504,7423.920987853935
97217,1354.6437543888997
27908,1145.2644956489203
86266,2261.886942092
95527,513.7148548941223
31211,945.6370900500638
60442,4649.831311059214
34617,40.605770043498524
70766,3043.969511858838
10237,2724.4230220043173
4648,1457.462723611211
5273,1736.3182970467328
83189,4202.539666899764
1262,1947.202859972476
60510,1462.9805356243364
76155,5401.901932092014
26032,3959.2090179199267
69093,3067.8921041250233
77921,2892.50426123479
17541,3350.7696330550075
17413,3015.770184105704
94848,12181.567540985607
80766,1921.0065656704276
80396,11394.917977041445
31445,4627.60476327293
31301,1779.3570970451863
2438,1717.2087902171263
44258,5577.218151349108
58824,600.6085091462728
92183,2842.7161482143524
16269,1870.3736605615643
56677,2804.3422769689932
90627,2124.0655750176506
11865,8330.275886913207
62851,1023.0860204377404
47497,3804.4914101892223
85748,19248.492288949008
98091,4031.7785661197054
45337,2381.7243357454504
69700,2522.6378097437846
38323,693.8448085879259
44118,914.2108185787251
49898,8573.65591268927
21919,2530.3014495488296
95061,3704.74052741317
44029,2763.98142813108
31892,1512.906591273591
3730,3740.54231229369
38441,828.28163066052
16606,10890.002571496792
77651,2281.8122389095997
32798,20608.19451333715
20005,4130.576729457104
38675,2573.8875206092785
82790,2854.5821334980074
71427,489.32581659787365
8345,3853.7925192543335
91389,4954.39954590478
46350,19942.833203975202
19488,936.4079093312821
19595,784.2045980783114
4640,1330.9979942992522
44735,1733.236342404859
36251,2708.8639290122183
37688,1979.910302564805
41604,2443.5110158053603
74596,1286.8525028850531
3485,1352.4795994490764
55731,1371.5107735859883
61032,8459.944238480066
52806,3730.563111392708
1152,4472.243357726266
4251,2210.001573333483
70484,625.4221418588886
59753,431.39695952664033
37344,2277.4493830228275
29958,2446.8922574182143
29196,4586.958794737943
26684,1135.8926024129555
21223,3963.1304940614036
14521,1828.2402379721507
37982,3823.3856235767753
91230,3104.5132896538826
29927,5625.050865974017
95013,1716.1658443785288
13034,3384.468332558683
32831,455.41107703104944
1584,5609.665817011626
30208,3505.741407324825
37463,1075.6112706862177
51087,2208.9059722955985
98304,3144.7904113036675
60033,1436.2463096894835
4538,2227.8270356357893
22589,670.3158737117128
34444,1623.9681692448037
66802,1568.0839131516177
30938,760.1868251173887
45479,1084.418978035898
52072,2439.4085494071624
30767,10234.67527533552
47870,4918.945354862909
95437,1640.7227225911229
92940,2754.5135871763746
54515,2286.1666261521195
9523,2325.9850997108724
41515,2335.8877913793876
6739,8530.589430926944
53351,4292.79267812624
98002,5473.542110820604
59627,2301.8389924241496
78061,3654.827035124953
65319,2493.6626215783363
13314,6157.450083937506
64550,4613.335568525903
25042,7231.798357924667
87646,6018.333449325793
7465,6311.596259506448
34326,4278.05590148706
63985,555.5021575000737
10158,1399.5008043083053
20623,1876.2701599806874
95559,1834.7491495633235
79277,2326.5902318457884
33968,4030.690186851637
94657,4085.7587796934954
66402,5248.0312142119255
34848,1746.6176927106137
78828,3284.851701318562
62158,2299.8831843889866
43713,2259.151328692077
58508,1311.4077797871068
75844,1619.7016638570694
46513,2086.7992692217776
25484,1437.1258641354393
57925,3731.635690535042
15853,1325.003861965146
43279,6502.049634310337
86756,3257.485172570316
21095,635.0180107902352
64704,2569.280750538399
70214,1119.82134450288
42777,7052.320968064816
79142,3738.5376718744815
44088,-151.0650450442722
8385,2679.0327192188033
46893,4970.440377582784
31774,8173.6254858953525
70143,1330.3135670288198
4052,5191.016307987144
55912,2145.483041629078
20396,2128.1416981850793
70355,4003.8991609691125
28225,2696.8377325851784
14873,1363.7872068212846
41898,3583.9196089855
50138,1577.8815711910743
2779,3155.1890793613134
3560,111.59213124249209
59361,2305.7436889843984
8221,903.4494823100549
95878,3309.906244388216
32054,950.5017396908252
40679,156.47915458850412
93716,1010.3440892640838
66684,2301.5908561168017
75456,1065.2655292963286
88484,630.1974768952946
59794,35201.38259756565
50240,2577.732875836233
95414,3948.9814106002823
79818,3555.1098661200367
16361,1611.9133694760183
71141,772.2849574014508
57478,2704.262149652639
46726,1617.5046723906569
72500,877.753842103456
89187,1916.964917772981
43574,1385.3552080463105
84182,1906.0391040974923
27667,818.8247723621816
96389,4146.221404559648
42380,1101.4763882494058
17339,13991.163988664914
84299,1578.3937998547221
54591,4096.106987185597
71926,2633.1827431896895
60016,846.8682418894005
3514,1005.8749747233246
94759,1362.4948547638191
68446,936.3924140019071
52279,537.8985986921498
69933,4552.299418123741
10451,2822.2583511433113
67814,4965.644433831116
64017,353.8111174314681
32341,3373.806525031463
68754,2941.9163403720645
28156,1980.223169145225
48681,4290.780448970747
23801,1580.1138777122615
4367,20302.750291348617
16858,1536.1270453842335
17310,-314.91916800780564
11193,9692.162773596021
80364,1975.1852814110753
64360,2948.5177890034197
74817,2228.2906438382997
96719,3243.175963715899
11576,1709.1274355334388
39854,827.393149209528
69937,1454.0365802247325
30387,1451.877941063196
9463,2953.6737166066064
51708,1977.1118907266987
76184,-691.808404559888
46711,2495.5471603744527
30095,387.3298734984328
23415,2169.006550141902
59452,568.6189523247958
90360,1443.217933059278
82760,12260.316816310073
73320,3508.868227319209
94342,703.9463462864751
98580,2917.6209318195797
54739,4520.1916253562185
31111,2293.1668497253913
67965,-74.96920260265733
72675,337.36905154685155
17522,2746.0222398274227
57173,6374.5818320109465
75424,1650.8733184197445
56589,3574.9287216083176
70810,1614.028024146119
3556,-145.70649975336664
82511,2435.4491530834266
41459,2434.4429393185437
93389,5930.615825090796
59278,2446.6118162268767
22304,1618.7931452789007
97952,2698.572974377462
46886,2380.6915810415944
40769,5121.773254646448
25026,1892.1254203305118
89344,2375.9705631681654
98917,1305.7575626197977
94099,1336.4405452696774
53722,-340.81309504684305
88189,3909.7232026920205
3175,1717.6423411615717
16504,2338.0705818572137
46348,2584.2424822343137
68223,2388.666415858499
89150,1462.3648064092235
77659,7966.087166333422
17398,995.1197186045201
88014,4141.18800694743
54946,1852.2169223611995
70552,3403.7398994904684
15147,7721.931714303823
59447,1142.5344289564205
6354,2659.747577604889
80400,5767.589487075668
8037,2344.833948039109
60732,2866.387796506063
39316,2235.6910561352024
57234,3082.5650065275513
46275,2186.4840588051743
58693,1793.452959000422
86705,7020.092576104844
261,4404.873139491893
57429,4552.7528539697305
82495,1135.5773630317972
96200,1337.1875581406775
44979,2526.045865131807
75777,2737.8188653176135
19758,3203.776107714041
17567,4889.279220601307
54547,2181.4884333792565
8014,2077.664936726487
99308,2227.5753196532123
59211,698.7408670502346
17699,2031.6434012941006
5476,2784.2477561187943
84126,957.8824702306761
43063,575.9203696252307
9191,1266.6569633581666
17911,1671.2748840264467
8881,1183.079692241702
32445,10281.146249783504
11380,2066.483572199642
80643,520.3402842162714
4520,1315.3420451595998
68484,2453.0976530238936
25640,2091.8292548463987
66863,560.8726379709333
92266,3184.3678791529146
44827,4354.525685514478
45653,2034.3517689044108
83870,3604.8865707889654
51110,5076.246015091542
12802,3403.28402004678
68326,2632.163513100084
97607,10376.46886988086
27,1723.7353499756528
96542,2235.9567436753678
82932,1518.592544968967
11033,1770.6401649405655
15567,1859.7707191477457
69433,3399.749759519488
15257,1318.2671571544174
60237,-200.59140747426773
44994,1990.7779000445205
13113,14987.388778526287
25967,4172.670406295628
46461,1668.4067673435718
8465,1630.1846286685934
66350,3030.5244978409523
63879,1227.0404927623085
58642,1464.1496657696707
20240,2356.8428966185793
19982,3839.035129643215
14322,1201.1085978978144
62137,431.56673166624614
4292,533.8729250032015
76467,1070.410862374884
43543,221.4421836477586
13755,1733.9120439712951
56294,-179.9483754786097
73217,2577.065106032438
13280,2829.126962298921
84404,1190.6928304588464
75629,1403.938137395724
53833,2502.287368527399
21729,626.9002147011502
47320,2544.9718922105085
75046,451.8543506027918
86490,12074.782421771104
56384,1660.7144189128348
57493,3329.7428136404455
2338,947.385128655621
37992,4631.878606194492
57789,3864.7950462984254
51954,2750.0342194740306
27970,4919.505622000634
46949,23324.589113650887
56327,1996.9460181499921
24461,15150.327107361803
64187,2795.925544346631
3949,5773.304268141281
67651,3035.062446115503
10652,1647.7884294682717
14733,1549.2378309163932
46505,617.1423512952788
62051,969.9465342919989
21270,2521.2169990543434
87900,3721.1467746563135
87197,3325.7330984895734
5895,3205.57819491962
17520,1272.0749316533288
58473,3725.4111520122437
92400,1709.002508906752
9879,2419.4268971701986
66199,2073.692807471216
65505,1529.4160421437691
44554,4286.723633496426
13237,4762.070982175503
53322,4448.9076107750825
1487,781.6386309925756
13806,2062.075064588003
41144,6155.906784177891
90904,5357.47492353961
18668,5845.096766326895
73922,4027.210820069021
75903,1733.9685861759258
12476,6681.496037856668
13128,8786.760396226524
85698,4194.311892526363
74734,1685.1417226214708
38605,1521.6527604982743
4239,3528.8907770902874
84834,1081.91272736183
31816,192.78285493561998
54727,226.16184185315433
75591,25.953011624254486
6774,2517.4430282228523
206,3757.671017700839
27696,1975.1998332004316
9195,17214.44878579166
4605,1604.8878072421612
64772,6938.352878169357
37599,2183.4438468954477
74864,1391.1129928671412
36299,2949.8835620225145
30537,3745.0556946295064
91037,1691.7774432345773
28793,1273.5354590288484
83231,988.2115102122189
39077,1105.166423068018
61101,3745.1072745156816
12499,1372.311392977782
45837,2640.682093511547
77083,8033.83576943652
2863,2831.3358495122784
16777,4497.010375161836
9427,16.720663257592605
55466,863.5194167544305
46917,747.9902667264323
55116,365.4964231297804
60678,1583.216563592654
45663,461.46964920720666
18125,891.9901444000352
35810,6385.897718620567
65397,1816.1733691036998
23209,3772.250233130745
44037,671.159549840761
30626,3997.091804311669
67511,5921.7698006639
81905,9413.590937206387
1806,1233.9039115922592
46430,816.3854369856676
1854,1308.0580720980765
88284,9752.726331683936
30520,702.6205800092494
50503,3145.5386706391996
60521,-237.34149384356624
83064,3170.2620980302886
18936,8363.490827362812
9708,1386.1999622916273
21357,762.5494211274795
13077,5775.613862123772
36987,3207.4220410735484
16366,2518.6933676640247
87409,2588.5212592705557
12883,4037.378014216082
17433,3128.7070695768207
45893,4246.545102609785
68476,3993.7264254997967
43362,3067.1338563586396
92780,9328.477617746157
80630,1131.5941940877474
46472,918.9556539611722
68731,-9.218122847327322
53072,3940.222628260432
91177,1066.5149325414195
45018,723.5007110753713
41243,5550.03062244902
25298,6307.486547512319
29623,2509.277318503653
40684,3568.35470675467
62534,2664.426627403066
24717,2884.0762280429726
80908,383.6916360187761
7561,1317.532659301
52334,2574.829275935649
37454,-407.2600457803501
38396,1328.861595411116
40192,7454.396104475403
94977,103.69482159044219
66991,2039.463799191951
91686,2367.3641427259045
90150,1626.7484120915692
87328,1702.1973079409731
96273,2426.270477742857
85586,14250.698857830967
34950,1521.5456352597307
15686,1610.3120351151392
22741,2155.219470867738
59830,785.4969625509893
5678,2227.6578834322845
66158,2868.685920084231
40541,1105.2694584787787
30403,1287.4973459111961
49538,1764.4604277555393
661,2195.856818118871
84385,4523.211312255889
82541,1386.2123856718
25861,8503.824882520372
26446,1378.8300498842782
903,1512.5206880233172
47581,6422.151706063658
86840,1039.350829423092
90118,4783.914007435862
44740,1297.7884429072624
96125,4447.804482797931
59267,1830.897943964452
38348,1796.2725720776102
31517,1199.0746752981222
80161,2528.89373260705
28727,3062.0415150744475
60056,1864.9459966514755
48296,552.1970759726446
24106,6388.042785564659
86704,1779.850277977206
86548,1244.7354225977597
21610,3425.2790614017185
38520,-219.55064003442203
39453,4126.172957690832
70466,1625.3932856083425
36005,3264.3562114870497
46892,5088.045478028299
45752,4126.128974497005
49476,1728.9264265828365
18667,447.83091997173506
10249,695.5908502605998
46590,1131.955026692537
55964,1831.7764772608443
93868,1296.4031512116035
53826,1094.5710321577903
40056,10425.599430082726
40581,6489.728079548702
77918,2040.7268108180701
32884,4728.9474732610815
35261,1747.4542502792237
39723,1484.7756239420673
68864,1708.6231232206078
39548,3309.307148452116
63272,1281.7073073026786
3973,21.37322966212605
221,2315.9983284851432
21636,1104.013069418119
75373,421.9177281037214
75403,1908.0491137017204
48143,2942.1175161241804
53556,-169.22610487606562
7369,727.3334418692812
31541,7974.448805042947
41013,1789.7465284319833
3065,965.8485561485104
23797,2679.8542605120088
30669,873.2939854680799
12104,1104.1036831403658
45792,3648.2036717557867
59590,1410.7047226351806
72376,4117.483284037835
72251,1094.9255899399086
36050,2933.1352270731213
18021,1567.9940791422318
62536,1027.5007023798807
45831,2284.400868971441
28700,4089.1115585762136
11753,1447.9386320866088
15262,1766.6644426460737
92505,2795.7255913975287
41933,2181.8210086989907
56928,3874.0883271177745
13142,5893.037212149102
82692,1976.198191483543
82320,1603.5319106901948
32923,8869.078643660912
38925,3514.756185129913
85766,894.0176172068973
41999,1409.3738788406763
44943,1844.4219489045233
67855,1508.2499866424873
34998,578.3846983147128
72645,3501.207583861451
7804,9661.719423439798
71572,1080.4925648912636
46398,964.6473060314975
85980,1654.9933084861839
24176,2578.1548723267983
84206,1157.667454358204
54872,1248.271225731196
29246,2387.2120962293466
92682,1504.010148307715
68878,1935.8700095771183
14664,2132.145607380101
16463,6358.602154177966
42135,4785.783457744412
29025,1705.1136669964214
99792,1714.4265384941864
79876,2702.991108339501
45191,831.0904277031163
70248,1995.1186015719372
41581,1332.872835217916
866,2027.4798923994815
96377,4798.749818446392
37502,893.678968574015
60686,656.6315196655769
46097,2198.2659014638703
83919,2403.005097528795
84172,5959.9306294288
27422,2748.5469502985607
16231,2145.087783569623
20985,4321.040140806304
47879,2532.1050887684705
14130,2329.826437237859
30495,1933.9956752760177
79746,2615.3149954426026
13412,85.42155625029454
46365,12285.010464753968
24101,418.7931752803429
57584,1202.9723939369746
9468,10252.55062971678
73382,2760.4072571318306
18348,7882.783629041359
41435,1735.3439903265917
41830,1775.1223495809872
68985,2014.669587669891
90012,779.6002455252228
82675,4693.724154340945
38612,1225.2049863266352
93791,1048.3855267009012
8736,4762.023383048366
27546,1477.9139084841026
73283,1102.027551068818
29563,1140.45342970636
81540,618.7615170345562
95499,1151.3264307362087
13690,1414.6595345864184
79116,16668.455920984343
85178,2428.566696159761
98198,1028.3312757286049
43828,2123.7083205894264
36273,581.6673351186005
13338,3474.626989830047
59404,2226.42818357925
60014,2098.9816131164316
20736,32750.6378455852
24321,1692.5771527360516
16850,6490.381033460018
65164,1351.0937452184617
50437,2408.4746014196753
37681,2734.002332392559
7871,2036.7667166508218
45179,3084.681017998132
99387,4996.733494863
71436,427.08764152072945
84845,1169.2109072016465
46424,2234.409631918438
65293,1081.7135182569054
27003,3495.1171606478015
96188,11611.539794097
33748,12013.121044202944
19175,-394.6745704455666
35384,1705.6939702824395
4637,1927.4815132511224
76723,1686.176538528325
47746,7685.125117887819
94249,3797.732609971107
26732,5807.807860172365
15767,2935.046692321762
40545,2960.41296184628
92879,692.0912997325149
91298,2442.004767265496
54339,2114.5076015735067
24408,2754.972415137629
53666,2679.866103895147
44644,2044.8967976044369
89421,1715.8135737320729
80116,3521.4352733253877
61325,14333.757649516387
44576,809.4353361435969
61023,873.2107684652437
39819,722.0522676148307
77563,2035.6498250421912
53204,2832.883736645226
51955,2918.3834091031745
28288,1355.1728772867355
57838,1836.1850615694382
41578,11.788612435278083
46555,1910.061406790496
89578,984.746828343456
30956,793.5279921310362
23266,2186.5616973329265
77173,5275.091101538548
31264,851.4603368910662
46103,618.0276933467985
3271,4686.590930758142
14232,1679.3609447761833
19081,1088.8359235991607
83012,2416.2182287519927
35463,901.2102698440376
78338,3577.5238109209668
87108,3336.8702898879374
98955,2588.2588252624564
97381,2356.6480193450093
52310,6396.363236855794
17544,1350.9962128128277
11769,5906.079987170506
30133,1632.4601099963595
28323,3169.1142165393358
82110,3868.728895288258
24574,1147.8766064604579
46224,3292.5075835494877
97459,845.9508704670557
25021,1048.7481291172116
10884,1471.0465262120424
13238,2738.2116813068324
42036,3327.0264028298907
4585,14230.979140566957
17635,3243.0601008895055
56513,6808.711330505619
92710,1335.497099299453
90903,1303.000877931784
7907,3192.560251429088
34017,628.4341559956238
26587,1724.7930759928472
82551,2873.3691560056436
80419,1671.5491445485463
15181,1847.6436161937336
27248,2194.8104031350013
64480,1537.359880935252
79777,3024.5830260476564
36921,2224.73352329507
27731,1312.2737492652586
50440,3603.845987480721
20131,1224.071088701775
85678,2039.773679642839
12167,1278.2041694076283
68421,2510.667300796489
53751,2853.6600010934326
98263,1861.9240802530067
34924,4765.288579804066
19623,1445.6037804927496
94062,988.7329722887339
59402,508.17637734303435
86897,1830.1311588241629
17498,811.6275293167109
34062,4506.162065904828
84743,1607.4307529106773
50600,3321.9680988944824
77313,1660.8551404019554
13432,3381.115800419046
88585,2328.4673647591403
80464,110.67554412629715
58329,3829.936823528145
91644,1143.7098746511097
49190,2062.6171711408097
96530,2293.5612916591826
65699,1995.9444377821283
67224,1824.9665949341206
21251,1602.4947006051143
77359,538.9701473707473
27460,1606.14713477755
22183,3186.7193273359667
41388,1916.2825483905958
66258,681.4419094556911
24112,781.6979008597018
77267,4414.88232901472
48400,1865.9030502762616
51549,4269.217153860653
95002,2808.4431346889323
72306,4793.671693538393
27540,801.8251191734239
2206,3332.834507632118
83390,1497.3691237904573
15424,1298.2461446219454
16310,6480.28731627451
11057,3592.178060240075
38776,1663.4686850189364
28751,3035.2035402965175
75368,2270.80014553904
82069,3525.9446972446117
48300,1852.1149397254924
1186,2076.900879519688
3227,818.7918146260699
32204,1837.6337430914364
48882,1264.1783324785747
87281,2593.8056802616393
64928,2164.21490668987
67899,778.9042910794838
21219,807.8943085508786
168,1326.6118215810848
45025,2177.780023113347
66013,-479.20755560235193
42796,1658.1647530557498
50101,3481.566652134285
12096,3035.413579330315
37766,5182.059449322648
9888,910.7934476722357
15829,2350.6407835710042
68391,2729.979551673397
32127,895.9272288580605
7776,3096.9428682969274
60790,9047.936022975038
29596,389.84883287223465
38246,2784.9336898500187
94864,9145.00070621627
89232,3514.3144604861386
30188,1790.0703802985413
10101,536.7049199883031
3437,5274.713375202611
70438,13873.750428737272
84754,19716.010183112194
72638,2332.331033505552
27027,2165.073422494882
93343,1141.0550611418494
44676,1496.3790772095326
89349,1627.1041743480419
3718,5867.725641578834
35295,4599.060876442883
32345,1465.8097134431373
6268,4531.459909584902
91936,2373.5568277617363
93181,1339.8390162707028
12760,340.60714122724266
69515,4208.686731263299
20828,11652.665011048452
71475,2280.742438989632
97774,1135.5641738204645
87382,493.3690227892321
83052,1191.4779715362265
81087,3223.4882514615633
31119,689.556588167326
37473,2353.6299468532306
31139,18383.06438371724
49787,6933.9794787700575
44361,738.2076125505969
30026,1116.5278373086135
4416,1457.133195119151
64533,7830.551340557449
53143,10352.232877061622
91796,2650.433762218863
3543,3881.2490095742924
3852,2622.2540293460843
94533,3131.8019525891677
78573,12569.729646228605
77390,1552.452042170119
49361,2682.1879789673494
73038,4683.953024309509
24737,1546.2960910195434
26728,971.1076918123708
22013,1001.4540659933182
32821,392.040526683129
41622,2771.745153955452
63617,14911.279818953708
12657,8319.570027823114
72088,1379.6618480919365
29408,427.29363064628706
14190,1739.213991169753
54048,2992.578302117183
26490,2499.7219191787776
44468,2245.4108394100904
11586,1885.0452737050073
31041,3476.2879280685997
96182,1148.9896869426457
80090,1592.1518227238557
29228,1343.4991172977661
77100,3652.3979024033065
31404,1165.3817475376545
8852,3589.6583090961685
87511,705.6215243846473
75722,6186.30075505157
88907,1594.5499765139334
75952,3273.3775897089104
26393,928.6676026755531
42248,1983.711612959667
38008,3529.5190681216786
89198,2298.3690874940758
55582,4575.325008322255
76933,13126.90354286845
94303,7311.6273432914895
43560,1043.137462009052
12411,8930.12582399358
37696,1184.8383108152166
61678,826.6731462700272
53138,626.9834331920301
61989,185.36917999067327
59176,888.5105125013306
86876,10666.172392748122
38506,4907.596618987305
49762,633.3103670688643
10017,1505.6910803261767
60353,7206.2965903978375
34429,2381.9979258201424
26027,1056.533005964784
81805,1063.2824503488928
18482,4648.5108824923545
27749,4269.913421118065
52233,1830.7236047018228
99518,5660.448845035084
49057,2306.620852102884
13669,2571.129512085733
66725,4946.99994183301
48584,6648.580444475072
48798,2455.1664784558243
66320,4337.687236252346
23261,3267.992572651969
12585,2416.379692654553
92736,618.4536809576812
75727,3759.509491784984
13854,1735.0130825420056
61783,4118.486386852848
66058,3724.347091225898
92800,898.152130664042
34908,1805.3822565742257
68658,4308.185869915072
20323,4492.082901233598
28581,926.2659992456533
15377,1107.1936171857596
69508,1792.9279510120814
5001,642.7180369566645
68368,747.089948420245
34432,156.51755652192423
23032,2226.740074094172
27234,8363.535189417946
5760,1020.4087652879043
79076,6170.157757887579
31530,317.80123034737926
51106,5442.509914158645
40984,480.6765809315971
42576,2578.486980533725
28306,1258.1223233501887
92424,1137.4511378266416
3631,1851.1433148461722
15327,3057.1426581783408
37373,2549.1353991631668
20080,972.7069086167794
50531,2015.3773467544438
78819,39501.03927029057
31802,3196.863242722719
46934,4017.2224730447374
66819,1628.2795110992588
29107,853.015578664154
42169,3222.2847391043497
37616,3171.367980653906
5996,354.78937906880356
6159,2563.9405064065986
59541,7561.034079100791
42636,2124.931896179569
64970,3404.2711862638907
36097,10118.544096862273
65832,1778.5040540240716
28406,1681.8550542350258
99136,1277.1680017488143
65313,2727.9581066490546
22991,3679.92207354639
74577,591.969726723215
42955,669.7136446318236
51559,1620.376395078356
46121,2447.220529005931
10829,1437.6825597007155
72066,884.2913943266808
39922,1904.076394339978
57963,1575.9678628200004
31738,4946.836453422136
70162,1182.0430223640687
72912,2992.2251233900333
17247,1393.0373861453868
82087,2057.7029173631386
25001,4411.343213943372
62661,2250.261433381077
53508,6561.367670479589
3350,1670.1949574052144
74024,4006.1322099738263
8623,5082.645003668912
41690,1440.967845921925
73518,2667.2633789798465
91910,3189.324927905924
48194,1874.0422165229854
23381,2345.72441549284
52353,6058.14856806254
41088,14840.243776529214
1078,492.6617376907816
25922,2828.4668816928934
75002,3782.1296421871725
92613,15115.706894068753
96925,2206.5274396748628
10095,1698.2693846439527
41313,2420.569011782115
35180,1787.7227006351443
64847,3093.5034356839633
26396,1474.2464683889611
77678,1465.0381889545652
54767,3302.4712456180487
48311,1810.361660709326
83003,1484.5438595236237
15658,7097.136267392427
75582,2491.568919141816
50728,4953.531727342744
71654,1571.9377173032617
24691,8797.165377344048
15795,4263.255738229471
79512,1197.2460125736802
72029,628.9039226254199
25409,2494.4546634438884
36167,4140.564594243492
90897,4229.8075701467305
25009,538.6858964044641
83275,5068.378941775072
62850,4172.80406901255
19940,1121.2682050354588
1444,1191.1515906405552
49583,1551.9688406903856
48760,2494.041564222207
8664,1685.7450278085848
43962,591.0950624443767
44974,3667.726973634547
34834,1468.7097850724276
91264,4884.655344473378
95097,4280.578807843691
69110,3476.77375942967
40454,4857.642937897666
46036,4604.70720815312
58696,4535.775144295997
78981,2533.7935272392506
98205,3466.129111266377
44514,3093.3091153775995
82349,669.080463217264
34045,5377.002904428826
67797,1639.2872832201115
30625,2549.968078852025
20219,6280.037952116944
9743,4039.223949800238
77197,2183.598789075003
87580,1100.2711055588466
49753,1715.070673633477
55256,1433.611455502285
5623,1235.5778747759118
80844,-644.7260836642054
73918,1853.4634514318448
71812,3365.3148079247826
72573,2223.656874591139
57331,5114.224664316641
34821,17651.523024334376
49967,12672.082898332832
66014,1883.7732177869661
50035,4941.614437359505
96994,1937.0608373637706
5271,1330.7039870418857
76953,3167.9859222017544
48127,1625.8431183571831
13100,1148.238136381422
16903,10219.373107354531
86603,1940.656891814888
57547,9036.658074692648
15558,4095.6991310859403
41433,1043.6482855645054
84944,3808.307680210167
98011,2403.469841694212
48332,2454.5763418786237
85421,4673.708103740046
59028,3111.7057148703234
54984,4066.2721354297746
63687,-408.0894550845778
53296,1521.550767713462
64274,17079.000054519216
27471,2871.283720218271
67834,1389.713546567712
38851,3191.440414457028
31913,530.8895332089119
36622,3704.161832311546
24892,5165.340762777143
40805,2641.8711620396475
12258,3077.4995397968946
13047,923.5618900582162
14266,2660.792294781427
29216,15067.25963270352
80935,2344.8743047016214
80124,2723.168822642025
25680,913.4377195721231
42005,3955.0688241082594
28243,2432.0168934505964
40489,1692.045671968354
23580,4020.4985066443405
62119,4909.689158638646
2219,2250.0661380838524
95811,1517.5061775604913
46323,5356.884411488731
33058,3787.204866416653
72867,5532.800366182364
48299,2087.2714564775843
17268,1567.573957245997
66781,11139.772586568248
14893,903.9839866503462
45066,1484.5215684684222
61405,1329.2889840139228
6903,3644.356408759836
48043,1321.784558520711
42668,2278.15861653741
53967,645.8555137303256
96908,3078.9655509461045
78609,1817.6391345187849
49462,1570.722168712883
67160,721.7235631511207
15804,1074.8804917865236
27779,2191.728154579423
35886,2283.0625269375178
44960,3621.8350261512905
61391,1089.8852292211445
95453,211.56258897623457
77849,911.5147561450376
72743,3887.719838448589
6554,813.6277829753408
30062,2752.7586015827987
61596,3871.451422846044
21594,984.3195313159767
30357,4894.221258318062
9031,6371.864997481169
47073,6784.871109013833
79411,1913.3083315566944
88852,954.8332649709564
6896,531.6496698163519
12678,6204.43777763012
14766,2060.0932101336566
47957,2702.1737882243688
67250,1066.0011911819902
38836,8482.740355270083
56597,3109.3345000075947
23726,1324.5572718463145
25702,2230.565467646149
43234,859.3997958146861
8793,3903.570588385761
77181,4938.694461809126
10025,2493.6770894509964
87272,1251.675638559855
40840,1160.3688652583141
69999,961.4559151528515
75327,2366.240529312177
79295,1611.4335053069265
69339,2756.2789728544794
63874,472.09995891227663
13714,234.7667346401504
50249,4239.646655248342
73721,3373.5278337535306
32250,85.40390318491609
44446,1199.6735721770228
77084,1632.3585279368783
7049,1583.5363095130833
68272,3886.581620767298
43956,4084.5322563780555
80388,2317.561946020269
39314,1330.4397137242377
62823,4224.370392449501
77232,1434.3568553132282
8882,3097.9234063937415
4285,6119.92097459352
77003,2936.9627816194743
80147,2711.2093838330593
99454,2958.493317928459
66515,2356.732415235143
65155,1085.7128997278624
3637,1802.7935206601414
91604,6550.23915840743
46910,2546.1994363007816
47966,1176.7369861957827
92524,1129.2505722015298
35598,1301.075883561853
92022,8138.745395211804
96827,1055.363232980836
1188,2124.9226000874773
66205,1775.929152684548
90063,14204.497090284598
14866,4440.697135821337
35942,2681.2567481645865
42141,2541.835028974084
56180,1399.4259752164357
38270,6855.996255266007
81196,2024.5756462497334
99605,2046.3269703446404
95626,2284.6715777395357
22774,1962.1454350609529
91250,1164.772624013095
77124,714.1856800618853
35153,1936.6793042303814
59898,1086.680831639218
70498,1359.1712183001655
17766,1522.0523540105537
53332,425.928142419295
72529,1144.723160567275
73381,5146.061724021867
75660,1133.934494023385
99567,4496.140130379139
53006,7964.248902403473
88615,1432.492340167758
99732,3573.0465478503593
43575,4236.214822516172
13820,2913.849981487416
9434,3364.4604958463096
58920,10937.329559784503
14116,3970.65952506979
33288,6170.300872646929
83058,1072.3898682623967
14299,3627.3344292902534
50261,1948.5097173654576
4031,5947.393624581877
98014,2019.8979760988054
78304,1989.6428959305758
19933,1270.4366651603732
86169,3104.5947753038936
53849,2032.7967104981599
37531,1957.065072773963
69131,671.9638712254009
62241,1743.4269724742794
33917,7067.28773993333
95520,1286.6507561671215
98841,3758.636729444088
60643,2309.470555262738
9838,1975.030300846559
7436,2609.3893515431737
55834,6592.766136091945
84223,12597.563214160675
7751,2507.194837362579
26949,41316.48654914036
41792,2321.246673464627
74889,1122.940766787352
20462,4829.355086745343
91614,1020.0603147075176
49917,237.11510479572235
43553,9207.085734853166
5233,3107.5891238560293
24128,944.8768463458428
3662,2359.089815374032
52427,1981.5516962201668
27290,4635.677754706479
49823,3943.1915762448616
35937,9691.51806687072
42544,284.1579790768119
89097,1094.0562483368585
19270,2279.5788444707523
78097,5013.103516474234
52648,196.45771265192525
81268,1720.2986298790852
93677,3925.812286991069
61295,396.1486347587256
34173,3248.5194641988764
92671,1273.9004637665148
7939,6492.442952493151
69063,2051.796921163191
69415,723.6021807370244
1011,3250.057036275307
46071,2501.3252771260395
17580,2168.3327899475453
26898,765.5273440581541
46231,2181.2263483221213
69786,1444.0482150096864
81442,1411.8427366957112
6796,2286.517511829467
7158,3236.506908408195
88964,1043.2552773510693
48537,1557.55102033618
95996,-374.83321119017955
77988,581.7003496728985
50332,2344.619071770655
73802,1731.6958117118288
76024,1198.581146612341
68506,1270.2034342441657
46546,6714.599175680026
33881,7408.45768957763
20067,4729.484875724663
44878,4562.5396140484045
16382,1855.1478526634273
26044,6649.489257417386
69090,1178.8105959496452
92449,2030.4050565716707
50323,1566.0424740265662
18755,9674.663902132797
39419,1858.4925632896393
92657,1230.9796506224934
32034,2347.369743231453
21187,2473.623027047218
95888,618.1935567304872
57078,182.7607421401326
55107,1598.007078778458
98160,2691.21850620769
24854,6065.917434287874
16455,3554.430838739603
94269,2626.7300708258063
38585,2058.724624989962
10475,1014.7958305950351
82716,775.6520219097893
70010,2441.411222338911
57167,1047.0070569556237
48841,1351.1612472064862
42919,704.178112988106
5590,3198.967809706002
469,2553.794729965888
79172,3015.680262515293
33118,4027.4311743360854
53391,2100.704311820925
30199,2946.549955512377
19226,3743.7555285342087
45424,2306.9048820707862
1402,-535.7377166014876
55617,2680.6249412091356
6751,412.0595292848925
51428,1168.840962349143
69547,3981.409294947164
6675,1451.4798609550871
90675,8836.355635254615
15069,434.07898692151684
51317,2340.155740788201
81829,4174.245996485894
10275,8558.605661277292
63130,3445.586953128403
40409,2293.1649109357495
56421,5646.598403825862
67107,7854.449135161669
30444,2533.0688908454654
45166,612.6777055164644
17153,220.5322078821423
17834,1000.7629509800336
70360,1315.4381413180363
68169,10476.815402787692
80740,3379.0078495394855
16233,1389.9146803179542
55718,1278.1580856449254
38239,3695.6590551899667
12893,1214.6926041265046
12889,2921.521355111644
47963,-506.17896175063106
77739,3746.187302839803
617,5457.271800255893
91353,2583.986097389774
60656,3273.6935984406014
49328,3913.532324652433
92421,1123.492625779525
78391,2887.712437810878
4715,4327.795000871574
5615,775.8952250778539
35481,3957.446828712155
4347,922.3114768832993
46040,1104.345873631606
51670,8126.0600697697855
81016,1548.4771977739847
21751,971.7447559621519
81999,417.6883802289358
11331,1197.453433866027
16755,4009.692351614525
29645,3938.0656991102983
45312,2418.756137907253
9656,2701.1884911295374
31000,7613.03944575326
78358,4357.615611947066
24213,993.109748093319
29723,1449.3252715605895
3878,3840.8489117473796
10883,2804.2018329516563
13441,2202.3184234779646
42623,1600.3162157497623
16587,780.9780566708487
47606,3933.0855544889205
71219,50.72763958283713
86112,1731.1311780296942
6925,6114.320120170951
92994,2229.7276828500244
21899,21213.25234764384
4586,705.6860307220641
37399,1782.7137998591088
77855,1106.8200599482707
36690,317.46228354046116
13826,1866.018672634493
36930,2975.1652532255594
794,2374.049217852057
2248,2203.9551821193754
53862,3151.5450553029314
32346,1949.8145711367013
24779,3823.8517695118844
63665,1215.867508771607
20150,1957.2696242490754
18052,458.7808038235912
23937,3500.980104345401
19132,875.9791031419568
70999,1782.2732252668154
52511,2648.6243479263703
1728,585.3282299739826
76733,9957.344974962278
22160,664.8705651410783
70434,625.5989995242389
11179,894.9506274085229
31304,3153.9011407120456
24661,7904.6326269543015
86301,1476.21382141081
27069,1320.6803555184097
27002,6492.120590058391
49408,4522.316375240605
23341,1253.189701818003
6250,447.90306241621647
31597,2286.670366095087
2902,1332.0802491348918
42012,1608.2439818276152
91320,501.7500067049232
307,687.1777147690759
34242,9594.020840888583
45340,2044.9943626281615
41205,3460.471170662784
49211,4166.598021280198
65024,1724.4733944314216
38877,2959.9813222550547
8258,3340.055335746729
30027,3692.408780926745
85981,2595.919082582921
45100,3043.2607308085812
27929,1789.005959181938
54235,1276.431274785868
18643,1969.7591567069992
13809,17647.523009315606
76061,862.2510453878658
59337,2083.31830474272
65189,875.0956791561662
40905,10150.421259960454
25411,907.8780028687752
37779,10799.021146188665
85454,2101.538235065226
96932,769.8805817272332
69270,1090.650711964351
18362,3609.251155679868
91372,1618.1711129728399
20882,5479.962424887315
52465,3353.4263554530826
64320,8780.283602059362
84100,4031.493013015598
79466,2113.9859650222284
85581,786.1877733094079
19673,6590.947691080253
42600,1828.2035322295512
78632,2876.8176005276473
99226,9127.364952952146
39622,1612.9967956089686
90370,3263.11386134426
8334,1951.0865923516167
31436,551.8920417508521
33249,4520.80688081591
56461,2669.250202221021
38914,1119.295839917755
59888,3638.0443190687165
34044,1179.6956225985928
74798,2306.782662161407
86815,552.8526167802329
93106,4153.221469698769
88295,961.1314069206514
72710,1716.369085225408
30904,1891.2118038670528
76524,2673.6159613536083
9283,3796.1924376650263
30318,2639.219502980408
95712,1780.781220047874
21892,1964.1151083614182
26017,6231.0177147027825
23054,2026.9288383857236
79894,2201.014994104541
72384,688.7090860750545
79664,2578.9484589193994
30478,2693.763161299438
47807,1447.6748038065111
13273,9756.306942597432
8039,2090.9845958618553
80667,2723.632945544946
36195,4024.9568540633013
1517,2374.393115021725
92229,1373.5980144837786
83221,1646.1719312641835
61182,3583.345290554194
98179,4832.118907383295
92303,2723.387953123871
54554,3278.0170742359865
11083,1572.0611428205088
75390,3754.534477400723
31226,1597.866930490431
87171,2128.5858443130282
976,855.916933150384
92357,1583.4259172889624
84894,3748.6990847144225
80138,2151.848564535916
19730,1205.1611376745996
95846,1129.92041652719
65237,1249.972108079598
37048,3162.3936915105805
80827,1191.3290675029584
93003,7071.816809086869
35807,4813.381904319034
64758,4161.009414390832
40362,1122.3127152039742
27940,7931.751431259736
29442,3296.2748035746117
86220,1.194930157321778
57759,1171.0777965012767
59691,9735.521740589758
26483,3703.2718925356194
37216,2911.205470233584
59327,1907.2962094600525
96655,1448.4345922381754
52980,1392.775361518522
17791,492.88318733977485
35608,2717.4057270090498
63051,4218.641746531452
10441,1010.589441281697
20832,1269.619211330541
72443,324.2268615068506
66016,2799.4266837310806
7844,1132.78204946784
49567,1643.9295237297388
87883,3980.5210340086987
52662,3812.7930324555196
39403,1118.186142714249
13257,5052.043738679762
46428,888.4999155478731
23947,1121.653764959981
74697,6487.331336613381
54308,5075.28303165037
1195,5295.543038856961
93645,1641.297514313073
49955,857.6552627848369
49900,1139.1986864893256
33655,3762.297097742122
33187,357.0803935940635
57799,2526.065530003737
33990,2300.327230367302
12617,7041.625912126827
57368,1058.3405778960387
61847,5501.2784847323
84924,440.17483692684846
23894,4032.2600542150794
90363,3288.4750673904764
76048,15411.832346204588
36863,1380.969943277371
35151,1776.6837129232542
83784,1503.7331065861522
21694,2838.715470294772
95351,3437.185940257183
623,2712.0949951624207
53113,3419.188011758328
93454,12406.314343391974
70427,935.1996373856455
2368,1642.0338075604366
25560,2220.124217414149
45317,1375.2602173400019
23176,4314.44385844289
20635,5369.452366819032
14253,1348.4067226542857
18318,1981.983818166448
2872,4549.021698321154
84531,2587.7030892988987
3496,1334.865465771164
36832,2787.4247363686018
28796,6965.418589531173
37024,1930.6897529645544
41775,3003.149313672232
24396,6996.093646713734
91020,1429.1865452691586
2003,6520.162884879603
8807,7362.423042949113
20957,5390.213675754463
5228,1787.6880382963868
3278,1377.360884305297
28565,1866.1585307466373
87175,2276.573509415828
92949,1835.226054229805
94654,2163.3671924720265
39297,2490.6675243755685
84124,1180.6609703776448
33932,18270.61365758928
25737,1528.5094997269484
20367,965.0026610902632
83103,950.3124629695103
87618,4347.474334101073
95359,3019.7066465436415
64667,3437.940557018049
14941,611.4976873141995
1726,1653.8345290270622
48870,2109.8994610749714
77778,3485.747814741204
38481,1667.1671835286452
54354,428.2883668235486
13198,1952.483884211504
45959,5154.154281264742
38420,429.5277677215713
77964,1791.87199145491
69331,4711.855386966259
80565,2718.5832254586285
99479,2835.9484857253883
84477,529.8036575549772
48,4063.6546235598794
16164,7782.594458601147
78593,1027.82679983671
17199,1967.1661879987155
48763,4511.2270605413805
94541,3931.6845257799405
61272,1372.7313466567634
31104,3837.699979528703
23336,2188.7823734745925
38913,3753.4134508379584
72338,6058.823100914975
89880,2335.7991423352523
84547,10875.942333697241
48666,6350.142501073604
18305,250.64887674433612
8033,3528.5361575748525
96545,1470.8994475385994
28909,4481.779423560543
69928,496.8595615463232
47429,495.32310503179997
64871,-594.3399094919514
52549,829.0645468770931
31788,3295.1384811843027
89898,244.4559999099447
85182,16067.778518138855
88001,2135.9279503108673
41876,1733.3785753075613
99405,5101.788618860978
40420,1840.5039783273824
27320,2364.362423679165
77481,-343.47756757600746
35484,1488.407078186035
94159,3163.123763179693
83686,2763.975448216075
53360,2233.4902321563864
55580,1762.0749022947332
32608,517.7882015248911
56269,2036.2458153503844
29514,1888.6140035442781
49834,23150.434994718733
50797,926.1811384217654
98670,2626.0010266141617
39399,6969.068038704974
60606,1488.2305995665756
67371,5693.949062543106
44750,1426.3105145702038
81356,761.0055102494493
51449,3135.518664009939
97219,1834.9304324386928
35576,1845.9888551637573
66892,3748.941122586388
78165,3654.0365594114282
1109,3735.564509256829
71110,1953.0072604918985
60086,5998.30198788929
30377,2378.9365940233233
14295,2895.862713760426
21534,1731.6579673154638
66661,1766.4594716964625
82907,1561.8386211653378
5080,2560.4874359626265
64751,3161.167634580417
29673,1437.8036899146123
82874,1362.458312591235
80044,3648.5197199914633
89147,2333.670353614294
26485,2008.145976641769
92574,2404.3501383287776
21927,5334.882455828308
70645,638.373929867922
75057,1369.5385684398261
97316,4292.631062802344
35467,921.1641979989772
79235,5800.712035463707
69873,844.4718462350666
55050,3570.711707036384
49219,1784.5393476365189
94808,2926.4730033867213
2819,6326.567162740964
54000,3464.3883071025534
62179,4462.0550102820725
83100,2054.85447161657
37797,-707.558932216798
93674,5427.824414997782
20693,9112.630788366569
61869,213.54698925775256
87266,3570.141412993622
47727,636.0362699649581
95491,1352.600415018589
8415,2492.7922674992255
86143,3453.4390295851513
88848,1480.881008215034
56943,1759.3077053925774
46316,886.508444776633
14136,3750.811923123617
6689,1134.1830695067256
41561,1311.2968015573701
29197,3701.904945843637
85655,3251.54595056107
17527,2205.314932621211
56693,1649.8645464327312
64566,1500.8399071507629
87256,6499.930385642612
14831,2231.624231353127
71375,1657.3193944521654
52292,1139.533880152761
44798,1061.0758957745975
12518,1405.6903438075315
99686,3127.4404630466797
87397,1378.923002608116
6424,1857.137751233042
95771,3806.8628854938343
8377,6017.737470319116
25519,6576.098021596307
35086,4537.587950836654
32138,1323.9141685161999
15771,2223.275112205735
39744,8464.355340399377
76254,212.3086632781492
78930,5712.849297804258
90329,3275.692360685608
17944,5067.2487943925735
96981,2120.5894205216277
95641,4256.762755375899
13746,1609.142604594342
45594,1448.8465749532033
22855,1716.4106484945783
56480,3083.531163546539
20242,1668.6748309736947
73910,1324.6121499914166
28718,774.3299618162982
82781,4542.569874890409
48452,2394.5428662936647
63012,7555.375600580492
64292,521.093999190417
94884,1971.8485144228123
26364,397.86404567955424
71787,2567.860077718917
65537,1067.3096821549298
9349,2341.506793132182
3936,1158.9682591736669
39473,1533.832353403688
64873,3103.4961479726617
77151,4684.708134624423
74195,3621.1216690181477
22644,688.3069906074575
67021,1484.1431067273047
33243,2611.7298341786436
55584,4413.183913363983
15260,4900.19562925981
60241,1726.8077132758806
84963,524.4732760395864
1458,3881.492347869127
65143,1456.0749185504728
52408,1459.6672688502063
91310,4944.602312535887
81834,2917.6703379740406
70907,1798.2586894598173
75946,2522.5498858696155
16046,6793.936234585067
24613,984.5252352882258
98212,5426.333237102335
91132,7273.638460094776
23436,1015.504276932802
66292,1258.2202441510713
79938,6776.945859166936
7356,1311.4524124805616
46929,1466.3985102882752
56791,9777.363799452962
74849,2013.501834771203
13374,3057.901221201274
101,3296.048149879234
20315,961.5104657070451
3371,1266.4676695156218
14737,4784.364620706225
9936,4107.3157696871585
14981,1230.5367346266648
80291,1336.5901855805214
72,2549.3121477694576
55031,3640.7419272077586
88502,933.8281082935537
70435,1446.3980239634789
21778,4023.424165099991
57061,2007.477146003027
44573,1341.8607734140573
44992,3010.982166830806
62156,1816.7668765188882
65825,2156.3692381996207
64230,931.060437957487
85850,333.295687342013
4350,2981.8622888021055
10810,1126.249529032816
17437,2558.076662180546
40798,2567.9393576731245
57338,3655.947266198151
1218,3509.7373399940498
80189,2119.718175929516
79,2266.5897910603585
65949,2144.3946933640404
48552,4028.175244134846
1111,2857.611468918507
19712,1528.6417219818086
45570,1784.2075191407857
40895,903.0735693165507
56784,1683.3066621201785
11710,20387.24294125868
4383,2974.3061031271936
83079,2142.5690528909313
80260,1174.9781947333095
69936,1271.9468576093586
55368,1337.8833518666625
66111,5915.355529761329
74726,3532.767464298736
83685,2789.788354118823
21976,1420.3122792543008
79296,4741.652864712565
69449,1224.7266992792033
69259,1041.98032561012
56347,1964.5449480777647
27301,1983.6375561415982
22665,4399.052651195035
50305,23214.254083859007
13302,1522.3423714204773
44454,2488.1772267311107
66571,1244.6851711740283
93882,1652.4846671017126
99456,10663.992443612593
67639,1803.165359759238
93170,3311.2366666659327
13274,3577.3209904528685
47139,441.5774275354006
38688,2290.0490437397348
82883,2454.8217143378615
34006,963.5956569254095
22609,3492.427765007282
37901,1797.271988260489
48110,1298.8847536446924
72156,1578.1707021418001
38289,3993.172510443996
3867,921.0456591232296
63674,1108.0301182765802
19822,1288.3128073338853
11732,6971.302756443127
67995,1366.7771382614246
36430,12112.934244802174
20567,2199.120242389799
64076,1744.932786957685
82813,2049.016897423572
81416,4293.189732333687
47905,1730.326143874245
14291,1420.9126610486965
24876,920.6452354249332
9647,7100.856042470068
87205,2131.289770180625
42620,6915.340939383864
55642,2406.1142229100533
66919,3701.1091126494093
42596,709.8091623137907
45093,-506.4239221774169
37732,1644.9218403534007
29077,1224.6252633680706
27617,7918.014927199995
8559,3072.1422291117738
50325,1728.152651204251
93768,756.0584840242891
35866,2456.197552569648
50387,2629.3940594908568
41537,1291.1748651579778
99985,1996.0385621128776
10971,2250.6843178345325
1424,-699.9975975183206
33714,3177.016875907501
7874,1922.547021034296
53879,7445.607459905134
59824,1452.2284212897275
38185,1717.4166935148169
58810,1979.6976259250384
1628,4710.335105555268
74624,2762.9889737556796
70814,5318.180269560495
89343,2103.8843253466885
87031,1354.7375167970777
36843,1664.0333249042994
94664,2340.4103287597163
53444,1414.9305547690597
43840,1126.6006896387462
62938,3776.9966286495587
66457,1069.1041680489948
57147,-19.653925655243256
29116,1900.4637107813028
16911,2892.118817038044
63581,1252.5135920865796
81239,1312.7318026720754
66620,1420.5305569530233
99531,6967.636511597509
7734,2545.766167759468
5358,1268.0939741870175
15066,1893.7019940724763
16649,-94.08920499718306
53266,1541.8765392666887
5731,5947.902798177244
46527,2535.1793673577795
14738,2526.951200902061
67510,2256.382897959697
18382,2479.6726494743375
87711,2346.283527093957
79179,3294.185163283214
82289,1796.8251961771575
77419,2078.296622316948
17300,1201.1238915835356
60745,2779.061430544638
93894,897.3605506164263
85117,2952.2072060642313
6901,9670.87250625755
34329,13516.011529005473
25391,4453.227355353405
92551,2782.065724174292
61019,12052.758372426715
700,1541.2867171828993
79812,1919.9085696460784
40082,9335.070152647275
39541,870.9010393052085
50343,1711.4002818500676
72049,3742.5717700009573
44842,1016.4153553635106
42761,1110.520526845326
55770,3057.165560030968
87280,2727.3308298462653
8397,3728.253292989048
87464,897.512283082448
13748,591.539166332243
29145,3281.9770414225773
55574,1849.3413910926001
51064,2682.6965194945997
21532,87.77973164007471
10004,2016.8209761489989
2861,2137.1708577662885
69702,4473.98597236798
23755,2097.493421218067
48849,3803.253396168222
74594,3384.5093797354166
21785,5792.5954843890095
59374,2192.934497442696
98490,8878.960671186847
48313,863.6894515890763
55217,11448.372944482942
87276,6230.226085898796
38816,3766.051286857711
8294,8153.384990272638
55232,1192.8218304332486
95361,1957.213395615117
29456,3615.810810733729
39494,1591.9469537610075
61589,4853.618085275269
50684,1830.4405055445936
21713,2340.2805117731214
83551,3690.2140768172508
12739,1550.4997109624333
3213,1537.503919568152
1014,2400.4337904740123
81842,3654.4732424766944
43326,3490.2909151219383
29578,2129.6022384352837
37142,1327.5628303070716
19708,3627.0085390113463
11287,857.1440102559859
32311,1471.4436125689995
15112,3077.686084399991
42896,3460.022882607606
94789,8436.259363237252
43796,2065.697080498987
33732,640.620280763037
62894,1167.200487946373
40971,750.203044018288
52545,969.662919161
43483,897.623793575121
14122,1097.289570702389
19183,2822.6713424616546
90441,1647.435318724932
94203,1975.463032726749
51888,1233.79803522357
34348,2882.610176422419
21506,7733.253891121472
15355,845.8452194297274
21634,1530.417671518413
13118,7981.251200438522
48234,1094.38653488226
68486,1136.0665977574722
16299,1391.0236414996302
99266,9591.21619412737
34870,6484.981430010187
9437,4133.012136600924
41252,2823.174722711786
4077,2211.63626451026
38429,1630.8490834414706
95363,5699.779971855167
20322,4073.459732505946
9771,901.3407758841258
85193,865.9053370977604
47427,1441.329637687244
43704,4040.6287341750945
89881,419.6180224796399
56032,2057.4455019669185
78525,2271.236780913602
47416,18525.115575622316
50710,1956.937827800889
42778,2256.1123923976215
31864,2115.0199127507276
1600,3394.3275442315617
22555,1418.004423942752
64715,3738.1370901690793
78504,893.2563091628417
17220,2459.3148765030146
95864,1899.252306030579
48071,9963.53511038447
82301,6052.954888803306
99090,11478.288969152578
12609,1157.7982336217488
58927,2984.154101436608
79926,2883.769433903596
6876,216.49020727266998
5106,2631.3808775408506
6869,1452.4270722990977
71423,3834.9833362722156
29745,3597.187961253137
89417,1606.9035824805724
97075,2750.209041023324
4291,2523.6920931166114
77989,4328.930286774365
45464,4263.488075239618
43899,1433.1201277874143
62793,1149.0371223073944
26626,1619.427973830882
57899,2153.3523710325962
34795,734.3222551529498
10427,1879.0147453562997
61069,1196.2970996867944
50857,2569.6353833855082
94539,8298.816809437842
12085,1233.5322250410927
26463,-200.84079960055078
21907,4940.870894841162
72179,5784.593548628251
86008,3201.543462927945
14939,4843.196960837512
61411,3603.529768555512
80344,2223.962128373584
67687,1087.4530190092732
62747,1990.1091044048437
30406,5739.450377305459
1016,2367.6863638789746
44900,823.5014234182759
85145,870.7543555469069
2542,1212.276282185393
73410,2695.9461221007796
17192,1732.5567150400968
58451,2066.585551740706
10206,2380.821251244159
44459,2909.1342238372836
2494,2267.8238213744785
51215,1700.9865297004746
52463,1186.0446736897766
75820,137.63194058231466
5598,3723.022965495761
83393,1591.6067661862926
82122,8610.91939429635
35160,2571.470409384343
4415,7776.564677742369
78144,1996.55609652654
8921,2974.197939521406
42850,7379.647045240658
34803,6503.336129025967
70308,4411.361756638464
91276,12902.97269918147
30861,2687.928229705038
19559,1016.0821710064047
10822,1815.6850934408424
82477,4406.778737081628
69601,10493.77822932108
91696,19795.93095317375
11400,544.1383395428784
68356,6487.830370804901
24248,3280.489813649797
27448,2999.6494927524964
37452,2868.0973213348307
43131,2433.3605577042626
6817,2319.8506987062547
78401,1148.8041167640158
92943,1279.5019553902216
33546,6739.473432243123
66663,1764.5428806617426
23404,4004.680186946287
21547,3748.1511585942667
81381,624.2812843272663
26030,920.2862125914307
28199,1562.217759379224
47832,3401.340933141416
95043,3391.4907748650858
70945,1280.3676382631697
83939,2164.077068289079
75097,1633.046457416398
73005,3165.203506307666
56161,4267.986347284917
69565,1655.90772528636
93752,1857.3178792222623
86627,1320.2542600417155
70774,1621.5305778809416
36660,1932.1725529102184
55925,2815.822527794001
62435,15969.204164288314
47536,4390.6251214863805
76971,1759.1699095727613
303,3501.031209234908
29071,855.2540786474751
31899,1187.3474411657116
69983,2369.181433973058
46432,4434.756119751409
19966,2473.5499680299245
5518,1927.6704286670474
47356,1878.13776332208
55339,584.553910100653
61564,447.71553618881035
78602,1712.3740473287794
39957,8239.98344091853
25646,2978.1311609242357
45754,12784.508349442742
57549,3263.543805251311
84606,600.4157006674741
14407,3675.033304914353
22938,3404.1176346748925
61740,2384.5512527815827
6040,1489.555915239364
39309,5966.864823340474
31641,2514.9966889584075
86466,875.0641668496578
8779,1046.9975747223525
30042,7084.946412191157
23876,2291.9140926728887
83094,2359.488488048066
82224,2344.986443153718
42695,2171.4203170271835
82814,4574.640714533174
33627,-16.565209565218993
14000,1818.4841399514444
59113,2309.843902358639
54527,2464.0804371148915
74811,575.6768333640998
28733,4330.725198106026
94486,2866.103144924706
26303,6078.015813609769
53,1346.5718601421922
47933,2198.9244311434204
88682,3690.0883956075827
70872,1091.2825363293036
80953,1539.8749943941084
67544,1691.2220147398639
68144,1175.0285376972283
43353,3518.2142289335848
60388,4895.521666923711
60855,1808.6399566789719
74268,2622.383925265236
65968,1380.705740695851
93121,864.3431574632896
8773,4145.5028124890805
2591,1565.5041338902302
23682,1073.5731684146458
28732,1806.1462259876369
29428,331.64131059888723
59716,374.39356049681237
62831,1283.34572822594
66750,4417.934726657969
99270,5066.304329015586
67836,1383.6769050121147
26472,1578.712270497842
80520,1223.357330549693
73402,2650.9206631308334
8554,1289.1609463147824
77994,22783.64889179723
33613,2359.8345705747915
57757,5083.505814460307
35007,3225.2006792190978
95767,3385.424358778824
49055,586.7666917491265
86561,2627.906661376238
86570,1662.240040677433
37286,446.3122455213597
45626,2788.49355551351
80863,3120.949302869001
33373,3104.632619183296
91717,1059.4352414277646
67007,1935.3186646127833
75113,2162.482149872611
53884,1985.5567304688275
66584,2057.9280407132815
35910,2067.611987933909
78732,1156.6856886974683
56443,1293.5675195091144
1948,1307.1788747318597
42635,1146.0633999271413
1007,804.5288367131607
36030,2835.303540823527
65897,863.1817477112527
27151,3402.602473575501
1841,3152.1630746894916
67963,3621.993228162658
87257,8340.355772800069
91182,2208.2736218553787
11103,1965.943320999414
99107,12057.510479128452
98165,4363.798214230797
1266,8123.077685029202
478,4453.714386167433
10136,843.408003820799
83853,4048.200472237937
55681,1201.140345597466
77777,252.47541820118659
51044,895.5231348679126
88041,1183.0649858325246
27351,23013.39371108484
61371,7207.568950595584
67986,6074.656432734654
32067,5840.37927075911
42780,881.110635122347
15934,-57.5925706663852
84450,2454.9854766919925
44086,1477.8743047137696
1520,1787.0572812922305
95173,1251.2919417650105
7380,1481.4016846476466
31563,1229.9280288614214
82254,1711.1162429602734
15792,1085.944929729294
50566,-403.20693123440196
6209,5040.826534833523
59834,4840.408093999698
95091,2674.559550637634
52258,228.62792451339192
11675,76.6841442489731
5728,436.2103915652906
11765,1808.6490483965883
16010,990.1199586653538
89695,5267.478312115143
38999,1659.6447924086422
66811,5590.650863664148
48397,1040.25590838881
64337,1749.1322344764285
15322,2089.0705608787357
91886,1381.0871955602574
37162,7063.782305619703
90095,1750.6376280869113
25455,503.3946243524224
61116,4026.068372232746
36443,7235.096326454504
13449,1326.9391339163312
52537,3474.872434777544
56174,3739.978230654576
71124,5060.8410683296115
90909,5826.760383558552
55239,1378.6718797409667
94874,2118.555714926195
30474,4430.801978664619
45762,2439.6851320067217
64803,1860.0846718166754
74461,1524.837117241806
2890,4161.592344752071
74202,592.0142212534392
84523,4017.908454262658
23258,411.9740385006339
12699,3583.3700418801486
71113,669.5424856901245
15994,5463.451076295682
18930,4119.627001272786
72357,-695.1057582039666
24675,10600.105027838144
38358,1344.0888489902286
42877,416.596611941658
94268,5759.066306484429
76336,1609.846838021578
43738,1667.7501107130965
74759,19987.944362250175
15213,1803.3515819836637
60875,3106.8089479242853
70226,3374.423172680554
29975,2759.06706469248
73396,1330.693029881686
31427,4381.737137872481
15628,726.2459004621487
65423,354.0299892413768
42035,2345.0402548057946
53890,831.3607382090263
92563,2559.9925160959
52383,2902.4798943642504
73950,663.9719822518318
54352,883.5903349175924
58784,1562.0068480355403
24223,3369.310031909207
89090,733.5835481573185
4040,1487.3962073238927
11116,1346.4543407011224
24655,1763.7780207401152
95409,2975.359517961925
4798,2041.6213374715928
91403,18178.40243115308
60740,1455.6564930337436
40873,8088.4638590073755
4225,2795.425975692746
17819,1673.26425064688
5719,2918.098567745198
97895,2905.1630135993796
18267,1386.9147194642146
90004,2545.561955484817
85940,2340.4470116772072
83637,3541.6806510915308
54584,6666.6130719372995
57966,1333.9516179691668
81713,1881.137220587243
60287,4350.271938052228
68681,1726.5387009281276
61559,513.2333148473249
4783,1129.9490552630405
36802,2126.512826489035
29370,1389.480994182613
8671,2089.273631571994
9318,4478.486867068152
99983,2395.8146015018974
55591,1945.3862195895495
39213,4936.244023424358
858,4561.941294660781
99257,2327.8108837291616
23838,3503.9116547120652
65883,2116.5004937535778
81471,3770.118870167077
34364,1362.1372063910867
47194,6661.662480520653
72440,3407.330023135177
99818,3730.8800563157665
74681,2306.6358771532177
47070,1029.0509567502813
77590,3057.539503612778
39333,6824.693425955139
12143,1645.1840780346176
69903,5613.121840489965
55856,3799.8880481634505
8729,2354.399880799887
21574,1186.8962681627336
83661,3016.560760149846
35946,458.9199967516324
59170,2689.655153305858
92942,3333.5923248903296
13566,6401.508342387933
24179,37.79232350670509
20104,1228.0528061980322
31320,146.66642386757576
78489,2146.4276516799778
19242,804.034301087428
50726,5538.412136910927
75121,1515.1724776569213
98650,1982.330988176427
16695,1621.9743177616594
57565,2017.7484818685602
9839,2373.8362467548277
67102,3450.783671725181
43114,6879.076909357464
47046,6595.049866011299
60102,1259.7160135306785
5018,1790.6547280750176
44008,1950.7277120676683
70866,1218.9490961750807
50432,1596.5770273599483
8308,5861.0220959438975
2905,1433.4609496428411
6515,2069.3617572374787
53916,431.5096891686562
22804,1420.3379317569402
38512,7598.633869394558
1410,1498.4917175516312
38400,548.4750623643877
63848,2659.9058714524554
18776,4829.407929121965
22726,-79.18507797978145
91894,1486.9135742166022
98691,1053.557499950633
85759,1817.0018938258065
75150,1245.6993124602877
23698,3807.903473056716
84395,150.17985391197772
70387,2487.040288004854
20177,9855.250079116788
45891,2521.1825766584343
57558,2364.171460403636
20588,5547.797260781037
51517,2788.624741600946
15460,4325.357071579964
76707,3159.961168218851
58120,892.8568256610524
93400,3120.605601467358
83690,4854.956057898805
60296,2360.107609596409
12885,3957.95425527769
791,3603.3415700523783
3280,2311.5449463459936
5481,9141.185234141318
47630,3601.6166320300977
34510,3610.611969224868
77828,7852.955670921673
97949,4665.90938169252
61315,2371.1772839497125
24384,956.4313680967261
21025,1358.09519495528
64197,1756.3146589246276
62325,3079.6338927934025
294,884.3417767498108
86162,1188.334558011075
55007,3845.2933068386483
75430,2544.8668108365573
63908,677.5162776673724
80735,5561.364223942408
63625,2511.1142279163687
59244,3144.72755365583
50739,1858.1059431228164
83,1113.6281604475585
65746,2159.313218756417
64573,2368.750487231931
4220,1692.2693266137549
10476,-662.4016134099984
68724,1678.599009586615
13703,2540.130110188911
57689,4562.221159571085
27038,2326.8367098835015
90952,8552.665051485179
34872,4295.102836495114
62218,2137.989614868744
31478,1953.9889145017216
42236,2602.4500914604246
26199,1712.2034144536337
90576,5659.214003424686
38876,2752.2147039149904
24136,1930.3645999933376
65087,10866.61772446091
87075,4135.766277672628
60125,314.48347280255393
72923,3885.1700561321113
77098,1783.53109173578
83047,674.6036720809907
21828,1990.194147986501
58594,1344.5946524439541
8327,1698.0751641769696
49683,3889.90942774382
86921,2063.6506159896016
51853,4418.6806042684675
58778,2751.770934719913
70757,1556.2959574944784
1913,1079.4103243474392
99507,1630.192277156975
88715,-250.5625794655566
8494,464.6730912233829
43927,5605.140803643474
4723,1892.815158063485
99735,1757.7805197204425
56051,978.6116302077753
40048,1332.943640376499
37555,2017.346727980602
67822,3931.318628708729
79021,1822.6596052219595
57540,2137.4990196178505
89472,1434.0008291376093
35519,1074.3962202826506
40597,717.0115672102193
40267,1053.0674562788458
61361,5268.950306852361
57374,391.09317627570726
47760,3197.4327567693545
74981,16031.060080456977
89203,2427.939140098996
98961,1323.8410589179225
97254,2647.2757051581443
99388,3280.794413644133
1946,1171.4198060329481
38374,3697.5101684554884
85970,3211.0679314087383
55185,873.4294539722882
92911,909.2108780346871
28025,978.1818214598079
36255,9306.135870537331
42397,7545.233413131797
71510,1049.2833140806256
76685,1657.595314741963
90321,211.7068277025328
2748,2753.2493528213595
92744,3838.499562423479
69303,2769.126805959941
77042,1045.2107597860058
27243,21594.300127314393
51167,336.52048108640656
82402,4175.095850280127
92372,3271.637956979911
62076,-21.668492348724612
13027,1275.6395142776832
79175,1614.9989351960294
93007,1104.5379226627801
79337,1775.5054126252685
76311,4398.575521025609
14944,1638.4362548784256
33520,1128.0870589169413
87230,2034.6210624043688
55208,786.6059265010153
24664,824.5346720481466
29674,28.020248660721336
41416,14530.906144165028
30024,-458.7171215185799
62640,2698.580344181992
61841,1437.1465293745946
52115,2230.1150319431486
93193,3611.208170190798
43731,2843.1928829425337
83999,571.0690552246006
42740,7067.7093748160205
77793,2282.390456636611
25694,3171.182722544746
15198,8039.944848913223
21757,1092.4670197346163
49672,16181.427250878342
67060,1423.6933549999435
74385,8427.384189864428
6623,1614.8869545243058
14041,1387.2880132155183
11663,7349.593810970959
31476,2958.3283547996584
85594,699.8527807156934
27768,1206.5587135116298
19306,2167.9400786276015
34414,8723.281914968386
98359,1507.0189740589421
32452,2294.918282905225
26283,1394.7934543312513
17679,2055.596756419541
84430,8648.248344974128
61541,1485.092868041641
96481,3971.5666986235365
83672,1899.5510485590858
21952,17618.187781417677
46670,2419.0129774104403
50040,4891.633370864888
45221,1342.1242219851124
64375,731.636791654018
993,1356.238016774576
5340,3584.978305262773
24977,1213.8989129955653
91269,4440.209861816278
94483,2101.3331199313843
37902,1069.2152968145251
319,2616.1727864232225
18285,2962.450547926414
99503,4403.101427859499
75486,1549.4633028213489
49253,1470.0967710663535
99988,1100.8096123760738
58709,3323.9187018394773
22912,1098.101016660965
47762,3869.7083573578184
85070,1442.2055950281228
64224,1730.3753897230483
1544,4062.944053978169
47471,1218.5131471267696
20544,2990.7792242360865
26492,459.61366058192743
97784,926.6589892311863
44605,1129.8901341821079
42552,559.5270113999131
58040,1251.0076164151174
29836,1893.5688415219226
68829,3423.6606578237374
17071,2066.318108417312
68552,199.07314686349537
69176,922.8452174276681
22148,4573.807494474816
77726,14332.70937020548
10203,895.7748189842591
36728,4302.306733866473
7340,1775.0261240703956
93533,602.352872591091
49903,1464.0362508320818
13300,602.5715760944049
22692,3470.334272779698
9970,2548.9759030532296
87297,1118.840150116699
51019,7429.212226728551
72288,2842.2242450976405
60378,6347.810127963589
20683,155.73972199431773
92208,1821.142293125151
27678,2794.3801531706354
53411,1949.6125609534686
74655,1396.8762879948636
78682,862.8791814607166
95152,5249.39763210745
73042,1783.6523132054801
15306,324.30558821504155
92962,118.9012758297722
38109,7538.552843080324
53917,2856.02488605374
8857,6003.576064074612
29458,711.7481193916797
25145,4427.753901745022
41912,2105.386259860558
62065,3492.2808132405276
29225,5513.1558031300665
63111,6405.165133209066
36080,273.42130762980105
2916,8232.206439883352
9590,1378.0514433079352
13515,1229.2194450821871
40699,4543.55522989279
8347,879.659566820375
51067,1401.6518499524618
9309,892.9066073898466
18542,1706.0787300162576
8521,2636.3606699446677
32688,1539.6993467719112
54146,2404.042339189298
48352,1439.3672791418585
41598,6180.506469992004
77548,7377.097036131554
79827,3990.500493385758
54442,2414.62421784181
15162,2514.7439375542162
7152,1152.951983793599
13032,1531.6336750340174
67045,3121.679960124733
55426,530.4687577479294
13346,894.7227971224661
21215,1274.6230792849296
5953,2140.8700761238415
885,2599.9628187059407
78133,1650.58386110224
53626,1235.7376842550716
59971,580.1169174606111
48806,2375.8605188325428
35276,-245.82933794557584
61022,3900.9574692040746
82936,122.99043953416867
33253,2562.335803567348
37518,2396.6111863667184
89747,1173.0258932513352
14693,9798.74570953436
96379,3002.214735704883
74878,1130.1862540162338
46342,4780.40371743707
70127,1059.2814312314413
66906,11144.578077301872
21208,6785.4349593808265
75907,3195.446330672372
56851,596.7485311903952
47481,1816.8452113125645
16240,1379.1019906403171
26829,2146.653547034655
26375,1878.898401484933
59407,1913.6967128313916
63438,712.3824715455585
58233,1509.783276092156
43453,454.4982413466869
38263,3557.640819127723
29761,2342.539869033184
54478,3245.1029926454844
3571,2702.593604561192
48475,1791.91672776294
50490,1846.7006293747522
23192,3380.0196862756475
16384,1245.2711638883438
67503,1315.0047445186733
2629,1142.189411224298
99990,2020.4782269842667
22580,1954.8657181647106
13166,3874.2741607690523
44152,1817.8663080143933
27797,4217.562928698329
45108,2768.3626323629346
61091,8788.392275037346
41288,1544.2110434944843
56021,1926.7663388321516
17589,467.46623307385653
38694,4288.621578647948
65497,7028.2276380682615
13722,458.70025205929596
71263,3891.876855201643
14988,741.3423140167033
54595,1594.8615264566547
22003,1184.9662021818704
78021,1571.2418238377772
83707,780.2652851102262
64927,2554.502254264675
21833,971.3295163399848
60152,1627.0754060654097
65028,4498.466752501884
51743,1315.1462401013287
27583,1663.6412860684795
21592,522.6842277096248
99571,3564.8951647382573
93468,1995.2714407889328
51408,2458.5404123486205
29390,6578.560737853043
31679,1889.4082041786135
91463,381.3425296198966
27089,437.9230691239177
22233,266.7357701882147
8582,22573.509983269287
7443,1629.4505699054737
86331,3561.0201315552313
70267,2552.7375744647734
79992,2352.4039797308233
91766,2567.2217939683787
50809,3727.9744838100314
33767,4514.762276125936
7043,6354.521299190316
89596,1739.8327712442303
60963,1047.8373915342195
62647,1296.2958555008217
96519,1829.9612586484818
75210,2929.6614554168127
71525,4124.737688022507
92921,2440.236033479332
29755,2287.343682714575
25267,491.0615352243599
68678,1147.3010188678063
9553,4929.103928055001
11598,6526.964701447894
53161,567.3796430332213
49811,1974.2691396600226
57251,395.86577772832925
67319,3892.6195467644634
49382,3215.9467423142855
71282,2197.943375971394
4767,2120.700729906962
87855,524.1469090111568
36356,1825.2657415408344
78984,8447.610498065225
9942,2037.5657594980576
9577,3297.1486610427337
85717,719.129882187025
16983,791.4887422618444
1830,1987.3841328977683
12762,1231.8401328595892
55593,1488.969039549991
89107,1302.323690288033
23722,2970.2378175681424
73675,2599.3484700968056
54975,3236.1965549705697
11535,746.4661284161657
51931,1356.039972484717
50467,1265.9230850558274
89566,5856.304719168504
1845,1689.7653828437742
22163,925.8328075764657
37145,-143.01042106071418
9606,1429.2267963455733
43012,4339.392084651525
89563,4591.177364135088
75141,4204.913788101103
80039,3556.565022478988
45438,3233.393232722174
52468,5097.41656410187
30953,2475.022727506709
30579,8587.549322862564
96684,1997.3530519482465
47016,4318.28580599458
55631,2230.320800311096
42829,0.900606893582335
89082,1255.424529921715
52116,1386.6456680847677
25550,4181.599188712327
43545,1423.7757635288622
39270,3093.2228578034155
16107,2484.535401050153
11270,1236.3518014622273
39004,1439.7109828178804
74271,2119.51016801661
52870,683.3186520183804
15909,4072.873861179955
10043,983.5133882323998
10111,98.24390580873842
45732,1746.8347401421518
4917,2508.6821962260765
16435,4111.501572429798
46175,1810.8403632769944
94053,1768.3854520879254
23922,5041.535384669229
89825,1219.2077996469461
25077,1674.9230647001527
51427,1884.3694677039712
67217,2241.6934605579836
51398,3925.582734848366
52958,1727.5734886964642
51361,5989.019424395168
59797,991.6172575485357
68099,660.2123067334196
39842,1431.0976667762143
62100,3052.668699363666
10200,3306.4742712002185
40471,1524.9096732755656
8804,2457.194032140629
74106,2892.4920485371345
36530,7492.921153842016
1938,2973.8124431176543
43076,777.9889331545878
42588,4868.218194408021
12782,1108.454744862258
32062,2302.888973163337
63473,1909.1174409124185
56066,4422.166337571623
20755,2626.0939715007307
41678,10796.918103574193
415,2546.7083708136515
1117,-312.0171451021861
47562,3092.617101134031
23847,3448.059844418276
79658,8.895908419427997
43856,3631.9360205104977
16229,812.1708895637507
30369,1080.464721906958
80374,2196.5700268117575
58192,1103.7373430235175
6926,2808.3701346947173
60596,12391.50584389748
63140,1668.374444469536
24536,3408.7336204093613
90073,6708.623000077935
93146,25997.21057948892
91783,1961.7264657692926
76069,1322.2392395570164
23305,3851.3151571036396
85544,2395.116221277045
36806,1663.6789707260891
93785,5654.292925428635
67476,546.9467296642779
23335,1371.5632813503257
94469,1376.871922702749
65786,1405.317339600123
72818,6808.490269959488
11501,7810.24447833128
17790,2745.021986049812
80071,4978.110847738339
7519,3308.774949823379
88942,873.7921880070635
77523,52.97240099970986
42331,2055.3228282788805
6722,11882.012230022921
23597,3189.821324158568
61519,2349.55159089035
49605,5032.437707330793
24292,1529.5371425602007
33685,3460.048643766003
61340,1569.9036938730214
42965,2282.113636480134
74766,2709.036609328823
95339,1924.5836140213555
69240,7023.654844095447
4506,886.6311928688738
11375,2214.45826639922
38590,2664.5522554096347
65060,4748.117033613126
84010,2423.9769885519017
95442,1122.9297772672812
74063,3122.6081786834834
87446,3150.23262117368
75860,751.4634774822848
39990,4263.010073428824
3684,9239.824700060093
21589,6555.846170717219
68418,1360.767381567733
57519,2885.9083775268814
11868,1805.3518859446408
86370,1126.9875263844488
89330,592.8469171150905
65509,739.0213635831196
38847,3559.3505753158643
83304,1526.578389201979
9459,1846.8515762412683
37994,1856.8433803899927
74637,6100.551060708714
50579,2449.3326423785493
15597,1231.1614797102266
15757,714.0772499383061
80544,249.61044743849698
14993,13529.121563208562
17948,2050.5161667724688
35960,6102.5002142607955
79309,2938.9290623631478
82917,3133.7047544911925
3559,2346.0141241934334
22664,2029.3096370821709
76294,6294.390748869625
28555,1961.5221867229866
22127,1442.6781792189477
99663,6849.242478278629
27662,1629.3224795853823
50708,1669.0980760432055
24335,1076.769618547603
11139,6243.644494720023
46042,1425.0838746629156
86475,248.19833199870436
28660,-392.7325581493142
13479,2553.0981012735647
48066,5105.467166279934
96710,2818.178769502325
79873,2850.5387688014603
81965,4210.207029778457
71041,7212.845561701497
53028,1839.0021040546012
75710,1053.548724848053
25229,844.550590361815
65117,4878.638187722532
30013,1509.6758208203282
73237,1980.1869167257278
83668,791.4406763542152
35771,2521.3664179137345
93278,1449.4415459568618
68158,2583.129187800121
19301,1242.0169313538122
719,1022.7292415141237
77961,3330.8021837629894
23932,2190.4151177933936
70053,1175.7594096024832
123,7135.983423181755
94576,2304.774029079838
93167,310.21971759720054
38394,1040.1249447077903
20336,3104.1581474944987
63109,13742.428996022045
14261,683.1485893005565
213,1771.9674660888536
70739,3437.2619565538707
30889,2100.854225413097
48022,2091.856304223423
51857,2822.1679277259213
93517,3765.9105374730557
60530,1429.755619787321
79044,22152.075994975774
41036,912.962467378502
6241,2569.05558885957
49106,4066.868052213253
34910,2053.1094395864097
58701,3321.3379147219093
14271,1044.4395002845863
51026,332.2115899288392
27391,1591.413461190265
8205,3452.2623150974887
46134,6529.5328965321605
55946,3841.394740416982
49633,5358.223100773161
74625,3722.1122644177767
52780,4074.57140966955
77895,3276.7686379311067
25171,2335.161267446295
44210,2633.3412869917843
96570,6272.8022150617435
32118,1710.682674461431
42245,1249.21313739368
20272,1362.1354884464931
31373,8669.524699618087
57745,2428.4389243201713
75579,1936.6859957631073
48747,1379.6451774147154
44480,260.7396605053041
45599,1376.069628310689
35469,1450.1181782004865
7982,1564.7771763910864
84716,2615.7463679294656
66492,1726.572429383776
97856,1269.4966702666134
63735,5848.701007981741
39774,3178.525485747463
8679,3958.5056003493737
78313,6450.650361823013
58326,1937.9280816200367
87836,2526.87135354388
65722,3621.2555506368267
49824,1808.47568049945
37176,2178.8995379678545
53091,-1.9975493950505552
43319,22551.307091338906
68277,5865.276386521148
92697,2645.840739210111
76112,392.677898918178
90137,802.6798571594759
24477,1408.3759089062396
23156,3124.01643437456
35351,935.7589736946056
1850,2344.1472187389354
88936,1713.1161665835182
38918,1319.596078731077
69880,2922.672836624613
30002,2673.111696779577
33956,2200.257296349261
57957,6979.986772529081
34099,1669.988092917321
77723,872.6019979262956
38397,1540.3482960320284
19726,1221.7195051974013
74418,2951.80546730674
89936,2972.8412391361076
1821,5080.108997703662
15833,1700.4998523669906
18719,3175.177491040959
25819,26.376470737441196
43297,14128.61749376272
32290,2378.522395755871
72829,968.2762913223442
6611,3710.4393385459066
50764,2599.5935953307053
89551,2981.4024398708834
75925,7151.062542138777
34331,3701.518737705256
61682,3790.938483523797
26535,7860.673498034824
28157,2838.8374676477088
5639,2882.1190168933813
92662,1935.2255224335497
62842,5273.4733157198925
19077,968.3084524165824
47662,3104.9015190614637
60653,1707.1708432136
45305,3519.2648682008635
16307,2030.9586666600526
50997,1259.027597477706
19653,2794.718136823307
77690,4288.501066504346
7417,7158.907874642231
16678,1308.8745527680112
61565,1569.9951211604061
95793,718.9744855115941
45063,2474.519745873802
81580,2372.0917134108086
23262,336.30947603203276
64276,1444.0396825935995
35997,2264.127216575903
28755,2842.096566125169
55123,1503.8550205183265
62424,1224.1456925388516
7444,2005.7002381367838
32809,2622.1270205397677
46870,2939.8861082220037
34733,13727.412979648532
73027,2322.119583671957
70087,572.7038806754017
62668,1015.9301949550991
96192,7248.883644821091
68792,4320.519165407714
36879,1955.3692903763256
29775,1880.433368029026
24986,1038.803812682353
7989,664.2734545259545
90053,1919.2054215793946
8179,1063.8116341974173
80722,2083.669994527566
14035,1877.9888971799917
25040,1543.8246047055727
74035,4438.710901071753
41904,2617.483217514956
96363,1780.7228476150333
68698,3258.079867637351
51011,4508.096428956079
54682,2879.6912865010645
78684,2925.286044342756
72907,1312.849818009452
57187,1273.3083325257671
59682,2894.402310644331
99137,1475.2762001929273
44530,3137.6036542057027
41402,4669.2066236073115
99528,2459.003459655012
84962,1618.4750600796585
16023,1529.92602982174
21477,4613.351639278566
27839,3544.76976775764
68089,365.64092423253396
30824,1581.1072210927246
89802,1562.1802232548816
65898,2180.5575732390585
75500,636.8827667661158
7524,190.202449295306
51103,1859.1136884392304
84439,5141.267642849418
38370,1120.317304497596
20282,2408.4056315484013
82304,1613.3452749657881
18156,489.98910853725283
86700,12711.255736040132
32917,1270.645137165256
29361,4301.956887010759
84643,589.2196477470634
83082,1238.462083567184
14473,1016.9838954767147
38731,3236.058575442485
5756,7828.862957066378
66560,4480.839062056866
29414,19532.799733677308
57586,1125.7496449682762
45930,7131.388593344249
83084,1289.015837632051
88188,869.8594228230977
77110,4238.639450656843
10083,2840.877664003936
92598,2263.9891367638893
4277,3603.772456969082
76116,947.1763010303052
87401,5647.5116817807675
57735,2548.6936377594
88043,9932.820985586652
73442,1466.6418821012976
52394,6976.248934629116
48063,1857.3797069068578
83874,2204.805604856849
71386,1872.9362047760007
78436,19.72503021305829
21894,1029.2958143302021
80913,5620.359867028756
5879,1912.5728479958698
34335,2752.7815872663714
63096,688.7970563059648
5939,1550.669259753755
93689,2010.9612300719195
2418,90.62370143707085
74504,3810.6012755248207
48020,5440.3691783204185
93821,1661.6162989323127
56849,1532.5127898310466
11937,1480.3661404572763
22752,3823.800466665229
77803,2533.506936889178
8298,1999.1341532389886
58087,2988.2262449301898
39840,1783.28113329873
15744,2023.577761316306
24193,1091.2733416343526
71805,1778.5687194889438
74367,665.3731594723354
86735,1589.564329049792
86533,4758.3977333083485
66004,3142.168314709244
7870,2364.694871495585
25308,2348.744982920552
56595,10545.768827225758
30489,8108.417788435235
62524,701.7690144570788
41126,-360.0401363072883
18059,3583.30342131593
94677,1299.4066305054553
43764,1162.5518140670347
84662,5344.013690137401
68056,1890.7858966323672
5742,8626.284208238023
46578,917.624270420979
5280,1819.122969725233
18069,1710.7260422019128
33406,2310.2423116308837
97476,5760.2603524442275
66487,129.07824862878533
54060,2194.2856961454204
37041,775.8896188255212
66181,7343.733083508362
10504,3488.6831271695264
6227,344.539464008451
56915,1908.0976657790738
29486,5150.749069331043
79672,3161.219393947623
38004,1827.7201755998603
20488,919.274486502919
17206,902.3834047059931
25561,499.2263915163626
17255,948.725135720244
40942,1415.3557972544068
75294,1218.7739548426266
86199,1770.8979239822786
52374,4588.0434513898235
32505,1987.9161959467306
14542,10121.837063270912
47732,2438.087530997598
75164,4909.633681653573
64909,1803.969677569989
7817,2261.5743799794377
23942,16381.95981500792
47439,5658.766976209986
8284,3204.9575214821516
54782,17336.389073343
13906,1701.5700511690436
24005,74.98636250569507
19230,1852.3276774581498
98645,768.9964023272973
8666,789.6975553365091
37199,2199.0659171760044
69204,3369.7006810834014
10592,3137.2749976332934
21236,1874.4537149263538
25336,676.3041663521481
14487,853.4430346057216
78033,14616.25566165355
55483,1825.2450783242084
50784,2970.3372712184505
60975,362.2881507258289
34257,2322.656864903751
43936,939.4238319270789
24736,2911.155086126475
35254,863.5901363153757
22810,709.6853290220042
71784,948.8269645684536
72563,1976.1596721701653
81345,4579.493879984171
11582,7497.456528535175
21566,632.2616975460351
17871,1446.6508416858187
15967,1383.9051917985967
24450,2459.496133641088
87752,4485.4328202689
23016,2893.1686625394286
74161,7646.286036967442
50146,778.1692830669099
43758,1027.4041580340427
34732,1787.94029619089
20252,2582.558673921465
17326,1567.0804930878185
66175,197.42413240136239
59164,1229.8391604115686
49774,2974.9907631266415
41296,67042.44950310176
29536,4018.1636347355297
42736,3889.228607891306
66810,3089.261772894753
47599,2919.3149141639637
74847,1478.624075458697
72783,1012.4543439451609
5797,1087.3542184413823
57797,9146.024506739735
21905,4674.670686208031
14758,1167.741121629177
19280,1733.196925292956
56920,2547.951275730159
780,16231.15441799018
15167,2757.0002434571907
76629,1313.7462397893955
53256,2753.872624520915
37329,703.5796628792104
33843,1078.5333701298396
67549,3191.9853210520846
94132,1503.7755179229239
2853,2194.288419488035
87153,1273.7649433034226
33121,5465.64460415813
90159,2360.4373764317716
48040,593.3039825490114
65222,4036.6367210976146
58635,5106.959908883646
58900,3242.8832509555496
80700,93.83103663772545
46532,1522.9924482586493
11063,2075.428422828025
69345,696.9249869997075
55324,4077.3576082909467
52366,857.273711423366
11082,793.9051952254149
30966,1852.3346212073889
21680,4078.7346367963974
12859,2794.362786293632
31318,2446.916240805794
62256,1747.7408949823202
99748,773.6997573250237
26796,3040.4332083171075
74570,3643.7165737876753
76856,3209.811154645807
59582,26177.09070486732
7293,4121.396148343684
43500,3844.0601294463595
34483,3463.5852964560636
61092,2229.928401573855
72503,1671.8957210368367
49713,615.1458217588033
72080,851.6663256618058
55498,7633.7796580654685
77035,1355.7023480920698
73157,891.942164810027
48778,2713.966632776543
77704,2090.6414328186497
13865,2013.2346116687754
93498,6666.080824811308
94617,2647.9939102836083
32428,3247.924610996526
85051,1170.4544039354896
56979,1524.6822557391197
84501,1851.2840728447065
87678,2046.4480592983252
339,1166.972089771556
20751,3402.015129964269
87418,1073.4356738732695
15929,2349.2479349233754
65224,1068.4096110230648
30786,10434.49811468893
17972,565.3064400055346
20195,5035.995147681997
23397,1974.1294093091465
18364,714.9838469041424
70223,1370.1976038387975
24940,3992.4386339155244
1108,1535.9700740001254
100000,1660.8606067276337
52527,4468.141875901975
79158,2607.8893724474383
54990,139.32067234427632
48042,1003.3454214496242
57182,3081.1171248463643
94370,1105.9639203330216
63637,18434.26952859258
40231,408.64432700887573
71017,2707.912494272398
51204,5789.993532742621
72995,2677.755287960497
80843,5320.2093606854705
1636,3683.689228696887
3151,1015.5023659419435
20877,1473.3263431494042
20054,5335.955960744386
56149,2113.7402337069643
48673,2232.002950793861
39400,2816.135277840276
15526,1667.1000494171735
22996,2574.894634427814
95807,1359.2599365818987
93057,1740.0102583004157
89608,4078.603416955846
78599,3251.5196526010764
61757,742.8555545752424
99720,2605.5927211711405
63449,1225.004435814958
79402,748.4252559267288
74530,14508.122907601226
99325,2208.60384593885
57509,4286.151455858723
54545,5127.453987703815
98590,3540.3422115440208
68070,833.187676814201
94708,7320.849876813636
63922,1104.8787990402275
22503,2890.192007384789
1334,3544.9256320098243
21560,1414.4695126037846
23988,1528.587892329895
80243,978.6532272788645
35895,3543.5125707884886
50215,16967.313056811698
85279,1775.0827046421232
80783,1166.7992128767437
753,1821.1462273702252
43202,717.8121672589791
59885,1567.0450573309545
86875,2941.436017122286
22887,1217.798477227458
20397,1183.3986835002593
17658,5740.904380981225
26644,2064.483944272882
42691,2461.5447802999333
64242,5881.043427512619
42504,4735.9203765754855
37651,342.9094197096074
8055,1889.00095135702
33857,5060.872833176963
70680,3442.3198019854235
36026,1594.0120327722475
45971,3595.267180100618
36397,1627.9582182834065
55275,1220.510861377361
43608,2135.545466972668
18309,1734.5876822980335
66970,1522.8176927443128
93755,1908.8810398859787
59146,10689.899987641165
82938,1177.938238579382
69688,3770.365058483041
93044,1318.8111952250815
66157,16684.13215282911
44414,4383.683284676328
55791,2947.401804849752
83326,276.3654459735708
4418,1306.6918875832725
24192,1482.8857719650432
91139,579.3979108002968
51677,1412.6130256939396
29406,2262.1187750319286
47670,2372.653288187985
25563,8722.065450128346
87309,3795.8152995011396
69197,1385.436081023965
71043,2231.019054690223
68457,5198.494233503566
71771,1309.9323008322244
78704,1310.09318415707
1966,2826.7748078816417
12099,1555.80365748221
26201,1059.7463977584116
61238,4931.22291909671
14843,1481.5327144964226
54731,488.1883880315154
39984,805.6326188534276
14310,216.62036612890734
97556,1240.4694961857517
8670,1305.7575578003625
61713,4379.644513654829
11808,10413.513968184792
69437,4144.6032198120965
93986,2185.228247351486
59450,2469.0696236028034
68214,2207.00179058075
61457,-175.0163372266593
53095,2253.4053687560763
3242,1530.2631846412073
7117,2917.0110188812414
55604,1869.5223834971723
84144,1576.8688512722088
98482,3695.318404172202
78552,8002.173988262059
28351,2422.6379758749076
63949,1809.2671873125396
34516,6422.958255065905
8218,2323.668652366368
41323,4167.360506087534
50742,3870.095051211069
98278,4574.846133239228
90248,3840.8861556980473
30253,2295.474202998415
13729,1316.835233514611
73453,2831.39117789559
74882,12245.57663740693
81378,4044.4762441422668
69257,3887.925168735713
24287,1243.4167499082696
98284,1834.2558338973738
95883,2393.479285196428
43787,5197.962756176383
97921,1302.045262477469
81819,1912.383841342824
45539,1153.658693647545
76804,1732.9300723709143
5475,3675.241576352655
36489,7678.523858113967
4643,946.0141700255163
77743,118.47555924766039
70879,3201.84082045888
30363,4162.097169548226
73809,1977.083686112652
69538,2453.394299936872
31225,2382.9453762011135
73335,2495.344682435799
8082,5703.462903577591
89253,13568.545377466302
12008,2661.998571743009
44065,682.1513688541318
65414,1132.092589110457
85367,1472.6553180779042
85475,2982.373743445411
7323,1663.5587053470142
39159,2745.0232844698435
31280,1130.331873459344
32154,805.4610134208428
64657,1879.281331681088
27876,8749.91850284108
43479,6385.321141360244
32697,4191.710830763546
98292,1001.6598734402942
61254,6512.414622860437
45807,1773.7082992089913
85095,1561.4580963775775
51605,3385.7387880919323
35676,2073.937631784782
88821,3939.165257793718
80092,652.6795315129748
89362,2225.6895494725354
90456,2644.204302023435
10861,2003.3854444776862
22512,6840.807236914981
10839,805.4200756253354
25936,2196.5414174565567
64502,1339.8164827816213
83230,2376.4187382969303
37579,2094.092332294892
78098,3072.766920369628
48377,1367.368010636254
44360,1998.10147353485
44128,5279.182369589265
1228,4929.140275195401
4564,2805.694907767204
64238,1905.4701204289265
27276,16792.39346376945
69496,-412.6230204525041
56131,10321.545444489704
71575,-662.0308402774463
77075,1601.0101849887533
90833,5027.14063540949
78688,4190.6319723855595
68763,716.8485175638543
6160,1665.4513692934038
17685,3173.4534354308835
42206,489.1364977963167
22643,9893.427638441568
63426,2046.5153627370144
87021,4958.029054946217
40174,2831.851376910263
13876,3893.6158700732913
59037,968.1669387746138
42658,2569.1945896112193
87172,4209.718121074349
99917,686.4839780796055
36985,1121.5854528947875
88091,-791.0089577656572
22901,1929.6246597225859
69941,2602.603340146743
50360,4727.169153450563
54155,2510.7531360661087
16174,1089.0519127704988
78793,2014.1929903756263
27832,1440.1765531630385
98017,1230.8416179272808
44255,2181.861234103426
17881,5561.442117810551
97500,2564.719794029891
58749,823.5011612986132
34895,3744.3639009886238
59320,2336.13170284054
53357,3307.026115550245
48570,1891.7569109803837
5734,3512.7303698650767
47914,1552.8710556338729
64424,1248.057788027133
10219,2465.226651046667
93036,8592.613129771384
67847,2998.3102605917475
91559,3872.7843776410054
44790,1889.5717216456503
96074,4272.447711405712
314,603.4707576001979
90822,3075.1309528044612
6709,1031.1006809716837
40716,938.6027752410446
34984,1313.2190834173202
8467,4582.966254437506
5097,1529.911720172824
69051,3452.680999702519
90812,2407.1785360141
27743,3012.298405439839
23850,2398.937192803881
46637,695.9879905008165
39131,4205.296729846851
44262,1714.9984318256386
51085,9239.830689077506
98058,6829.291309039916
54359,3095.3381958600235
29396,1320.577570290061
74440,-645.6036810680043
97363,2976.004486312172
73519,2256.873128688634
38631,1663.0190453970854
22605,1360.1871192867993
92651,2274.284683100279
97037,8930.032410184696
49870,1236.4603932092955
99024,1549.1270205487726
48150,1958.1029180052612
10809,1811.8322076264114
45699,1725.426691129711
81741,11148.32808318729
91047,1133.6706811316722
28619,4921.292877727026
44723,2406.9390331594223
90106,1875.2144700465894
71862,4585.355297487379
12924,881.3881334150606
94354,996.0396856881857
67119,1643.020683151815
7998,1822.483503039543
87405,143.23167475797254
20170,1257.1022893976233
36779,1991.2142599968997
44301,1946.689194464397
24751,1275.6604982908316
16595,5006.813402468096
94384,4481.215891191366
92809,1972.108434652598
73205,3437.2279831181895
66076,2326.5244737895046
12717,1826.902817996462
83586,2779.734245773326
8724,1043.3404501323548
30029,866.0559200607863
21149,5200.879937447688
90610,6650.264714581726
10796,6211.507159039325
83462,3551.5200768315026
52137,397.6622952715211
34613,3597.774586456612
76530,11918.289303855468
72002,1377.9623241290906
91847,-208.69477799818105
1305,1841.9204232064662
16893,3676.398144536523
8201,1668.963016015377
1545,1911.6865118950595
36744,3865.314533778489
92746,1479.7754998912014
26570,1924.7472881933572
10088,2319.992079052467
4236,4300.152697003612
74141,832.8140686664751
89659,5712.729874495645
6251,1745.5995839690877
96832,2769.962402516128
59724,2232.427033653483
54896,2607.8508447786257
81114,9990.761209384968
56929,3920.6835570278417
60715,6049.565002219325
80328,4097.5534548897
76611,1991.9337656566213
30900,5031.515124865329
2508,3314.8041014931996
85925,1514.0494475730725
13799,1518.9428832579724
91352,2642.429537792319
32759,936.5999848786837
946,211.86124773163783
99796,1187.792729169355
35133,2607.611011954897
1116,1355.0837237269866
50071,1451.3240436369924
54100,616.4209241921358
40414,2221.2793691419406
14662,4696.194922364979
52391,8055.524844790173
38710,882.7275686277362
7269,2491.3642038926373
51799,1639.390126623867
70059,2655.0036943313544
85928,1931.3424912453652
90066,877.405356469013
98676,1088.605314088415
60602,11518.477962591787
86472,3411.1583016007935
20724,525.9154009862373
70831,898.333697301764
28255,1342.3468650655486
66269,2028.2538239830928
32870,2490.485824467525
30814,4813.57073919404
36859,2470.4766094196757
96849,2557.767159421044
34425,4040.243069493268
56164,960.6964737498233
7020,3803.128695172414
60038,2678.521310349628
65940,2817.839696039212
57726,877.585759713581
41405,2448.0292246929607
35388,1449.6759052172388
63121,7096.703849777425
67436,2040.6686817623292
14704,389.2102506884912
46252,10727.082359551528
74105,2668.9133369916467
20068,1577.0897057498646
83316,14504.74480598778
23434,1356.3338313029108
3032,1559.184193211151
96911,1186.1809802918915
24792,6012.378067399493
82670,2100.2760953919346
1362,3323.4624052679465
4063,4336.799966564251
32694,2552.953750197883
39688,1058.7257249428249
63839,1064.5985277495465
83795,2935.8785442049234
59649,990.8355324766426
98053,1040.9995797618567
80443,1059.579980355957
34148,1536.0524741702893
64891,2150.3523288252773
58414,1131.5879028779773
40450,3812.2652065830885
51826,1877.5617143834497
63516,3063.8113493355368
77485,1513.416012040262
5349,1104.2449250745203
39503,1562.006076754677
48912,3248.447231028733
84629,2414.8409341850465
71558,1952.7973240787232
43517,2324.13980236907
60951,11508.23730372969
30757,1620.2066371412466
51985,4039.3717291323183
59666,760.906280223307
74502,1063.8177125478005
17350,5298.889307438464
34184,1017.0696427475123
42983,9040.0097742191
47729,904.6093359021497
83125,2448.1531803782527
5778,4940.287526590371
46679,4177.154698209143
42465,1023.3833166925215
96384,1308.062754175016
90110,3745.3395070642937
69473,2525.6787376453312
11358,1866.7292435571662
43745,430.08920402720287
1398,4749.483578942203
81229,10420.063167760196
22306,8251.917725402745
79018,1681.8011284823283
50337,1986.1941800269867
24388,2854.5675051333437
39002,2024.0491552259323
32268,3354.5065711793013
8522,1313.8118831185498
3362,3038.4029066990724
36511,1987.6465949128499
88864,2750.078087511364
1325,4178.917312615674
21173,2611.47922311418
49478,1452.9926754084381
55258,1034.255667348359
73661,1697.3256069087638
82528,7577.733771441217
33195,1328.078972980541
46998,5170.687139791976
57037,2115.0693855345435
76609,5489.216506418084
95556,2322.434698476907
63279,2871.5567235975454
14357,5777.985944092627
36833,2451.9439031354714
18772,3177.1431772597084
60843,1846.7195774494546
51152,1854.1365073192414
63354,2590.6567657718506
80739,1395.446213963994
19492,4045.88360170601
52305,5589.028479681403
71047,2277.793681643766
54400,1836.2064826408205
39170,4109.5474845280505
14312,-114.14558001852765
65643,2185.807928891992
63066,2892.110603119171
29985,6035.690434506074
40790,1593.1182838538189
9317,7477.470083855764
565,7376.919403132878
8744,3409.590552595191
30532,1432.8806500915125
16628,3937.519441064113
68605,2029.7963591441098
60431,3034.1939575187694
71221,2434.138754249596
67032,1465.8789523600808
25566,2358.5945869709917
51147,3176.1091551130216
6432,2471.3956119042887
62174,1204.9184232257467
16395,2249.401006170772
66702,3863.3156130278117
54218,1860.0138315380873
27611,2104.467230240088
74253,2982.0403326892556
92522,2086.305214456025
57677,4759.471310664241
29556,2521.2525226748953
48315,4495.544273214863
40782,3528.7924227622707
18045,2102.2663385899286
29027,2371.8979394462003
60113,1931.8136046962027
61857,1353.8165380032733
43375,4885.2687409867485
92733,4640.565357572067
76501,7155.424147968759
28226,4049.473367213626
37985,632.375669256844
99638,2804.3084247976512
87553,4188.508977525519
19686,6185.39712827775
15550,2658.780502925226
67453,1450.7154291269476
10184,141.51228153132797
99275,1281.980878026085
41170,1501.1095295343848
74986,792.6991142683046
14824,2174.40787220939
33487,2069.1926108601574
4554,968.944585063392
18626,4743.328299804002
44415,1761.7002797280622
38012,219.74678554738784
33675,1651.1250693434636
92848,2061.569377789473
51024,2248.2325040771657
59058,2017.4065541126656
24371,1878.4743232094731
12474,2253.7309883311373
75276,3274.9220393496703
18742,4526.309074495638
99343,1142.9088179343144
17535,1590.1389589774026
35472,1478.3769140345435
74045,1855.1211729818617
90956,1617.2114026796892
82710,2406.795744484169
27930,2717.413453516591
35037,2483.48326883217
59433,6338.345548227504
2202,1014.4328668246912
34804,7672.006977381823
99641,1400.4564681531947
79930,1992.4965335475126
83988,11985.040302965139
99445,2665.7344927847284
37079,3197.743777288374
61374,605.6659220852162
7629,-96.55550467736975
9518,1133.6530058780704
22623,56.85418297501337
64402,1589.080724297728
5486,4448.616345098192
33248,1381.104534791566
70629,1128.7900971396466
91268,1448.141376509201
7348,2168.1009519824893
3107,3914.7994540786253
19820,1137.9651142435846
66434,994.0413205854456
58757,1481.068594321589
75144,3536.284917798806
3306,1792.8886621654278
2412,8188.234988201249
24516,7407.97726569366
87109,941.9689311841935
97779,7775.08973865957
91172,3589.4969507550145
16889,3609.0486140844196
3535,3200.283946658902
8919,2970.37190663447
2743,2105.337571950627
43614,6937.617502512463
87180,680.3856956719733
84382,1650.567396042805
34592,2324.5633478073687
63471,1360.592541978121
39063,2291.825181013238
68923,2745.6046519676283
55769,4706.761778627593
31938,12861.718872826237
57269,907.7487930786892
85642,568.4041162139906
247,12763.066269928167
59925,-248.57711022881858
47685,1688.29963727217
58448,1148.4162188288292
82830,27656.968272740098
90448,3773.9981373386063
14839,2348.498203041816
5337,1978.7361029804192
69420,884.0621785039248
66712,3775.9776767158537
26161,1608.6166569269633
28475,1371.1320958519213
21114,2794.1937985516925
64262,3556.144811890428
16316,9258.172181353253
28728,9377.638744385546
61739,2210.7501607517365
86191,3646.93527652872
22173,2894.270163773511
10642,2356.98836280347
87740,3160.114232913645
93995,1553.8617650972328
32371,1512.5199826633584
77556,1439.497237539732
54070,5412.030781188749
85134,3680.2989450274904
92885,6800.81783918851
45855,2121.7043368039426
36009,4904.106568827774
2996,4466.124052159542
91782,2949.5826524590975
47442,1428.899221973044
57854,607.2261560956549
62608,1609.2079912414308
71025,1409.0342181648866
82712,6952.835235754167
38580,1586.7330510393062
36413,2340.20119576436
93280,1516.6848374361252
9632,1644.818553530275
8888,1988.3237466803434
22042,4555.383079332554
7860,1958.0764365489617
77382,8553.007881235952
38530,3975.3587258230777
72451,2271.6773222061747
74477,1857.0808715744372
67187,1334.0406748501714
24802,5566.341856410916
26946,1678.1207562626591
16543,1848.855983585136
25610,3814.443790454366
84639,1005.8135155551154
16378,1058.5347758787457
9503,1402.1662752557013
30384,1782.472085803169
68871,2149.1067399280982
29982,2218.441553301604
80180,3114.1097484683546
10082,1040.5200587547888
83421,1362.1877351454577
93754,2604.1786830723986
998,11123.497591268539
50202,1648.7942383579098
95391,1719.5280977088082
20671,400.86475830255404
76180,1207.352986662022
70764,4587.180997827334
72348,3214.0066658591118
4091,6829.451764703979
67174,4588.015398344994
79843,736.4657884183489
19196,1564.458507354786
8688,7095.954260296301
59995,3428.382543120267
90695,2203.7204689196587
36716,1707.9658713904805
37166,4395.048107245239
97369,503.81393428630463
44850,4520.898581458511
37647,1445.939419064348
87569,1592.3107300281117
7165,3223.422284156593
79260,2532.4522082466565
97496,2297.6659679607437
8682,1788.6670452785966
47352,1507.8714874515854
17088,-696.4158365437688
39313,1416.315194458934
30813,1080.4608611915542
9243,1249.0867026295969
2196,4195.92817756801
63634,2336.324749569013
35457,328.35489933453664
14325,1287.2911781272574
24626,6204.322234838001
19405,2880.6795220808467
48281,334.444430936961
82680,10159.0055679535
60812,1591.2376159621294
66177,451.89483576126713
5484,1532.9182702102999
2999,2160.4990620841018
7726,1070.2089580849615
87250,1742.4869972489125
42555,4968.788879587828
45664,2292.065072960748
89576,138.70404370127562
32081,30561.858152957593
97253,1421.7900322168302
40336,8513.685349100497
44033,1187.525854325363
74970,12165.186079166551
25358,3950.6506871591737
11437,624.1563945655075
95752,1680.2771008744342
30336,7207.923905031361
70266,193.79596378738233
31660,2343.49039535035
36095,2299.977049410212
80666,1474.8273705757379
66870,659.0646770550425
13993,768.236354161404
46407,1170.3077242841332
75637,11817.241466322728
72418,1334.6439976721526
62789,1041.8753501811761
80258,7814.035200436207
79663,-138.11663575147668
91794,362.03692592013476
80692,2526.587518203158
2831,1840.583225173941
55076,3518.898557706823
76190,842.9927736443342
13176,2118.008034245737
35782,5252.602776460022
27952,1336.9439771116536
14120,1407.5542706315264
91802,3329.2298740528513
85033,34001.700431308156
98182,2494.3187696507734
21902,3878.934154598179
72468,2920.115532926077
59035,488.3106128010486
67470,2812.8569318273835
11723,2034.4514224937777
14576,3530.7951542780215
75112,3709.6904494990495
55752,1680.85299437318
58151,2178.1197960931327
97489,1981.0425191669208
41245,2037.9181578398197
61444,10110.759153404477
23228,920.6545984571085
45307,3965.302953419059
72855,1566.7725015470296
6700,1296.842070230699
91328,1087.864749308726
64141,2171.893235063226
28115,1153.019114267668
39199,3785.6619867413892
43346,1899.5398458243167
44898,2467.4919787884296
141,2232.405966851096
29086,2422.643769863813
38461,751.8622827404329
85590,3005.2104926437355
46085,2994.891008615182
36052,3097.5962521626243
29283,2739.202090128532
94377,987.2086976068804
46650,4560.780466072164
86254,12012.112129156372
13184,1125.1307195963586
58294,2313.478806114686
31032,1497.5866909446509
3627,714.9798026535764
94774,3620.184994593081
53109,1483.6068418879017
15023,2845.473386413713
66348,3426.9945396814896
91432,8291.535007972936
80786,3875.214010291127
71412,6761.772520879131
20120,2400.284249067678
92034,727.430124683437
54263,3124.645383111724
54021,1627.6278438294064
49963,5450.490322910462
73832,1597.9567830744213
57734,2429.076421673226
77764,7480.279899558811
61642,914.5915857547939
82358,874.2380942557311
85856,2905.3630615390994
25192,1879.738192940677
4092,12189.50325247951
73306,573.4496468439102
56714,3055.991438106717
52592,5200.305905770225
49298,1891.932279786279
70041,-95.98176118176252
54847,392.6386162195372
12125,1626.9516372634985
44035,1689.2791612901601
13868,1600.9467414004257
22356,1550.4025110587922
23712,2584.937433074574
76701,6760.280442465917
1288,3098.317454558467
37376,1109.8821329888765
3854,5896.042266611465
62115,1205.271424279486
54338,1654.8234644713398
57633,1605.801881170701
25414,4939.682586098303
37719,3890.173416721054
62949,1801.3662849704479
64930,3863.4139038665617
3582,3778.4259603194855
46603,1312.5732627240977
79706,12292.393300232094
49987,2905.767790362118
33735,2797.596260896555
10305,4621.818998854311
25752,1338.1964355204673
58710,1508.7110588766336
38229,1071.451928717774
17705,4130.5333731706
9841,9415.444142198132
86710,5917.540181823257
45946,1896.6943747286173
25551,1708.9471936153843
42226,748.3711632207824
90609,1645.935311415503
93441,9501.796612354068
63448,2938.028748090751
75723,1976.6036927544194
91846,940.5169094380658
91931,3523.977526108302
81931,1086.618379747023
87399,545.7435511992489
4139,1463.7618483108959
89700,6535.9255704371535
23511,2637.819676486246
56064,17892.102881458144
34680,1845.7577083883762
98675,3501.22387738854
64200,2133.3668500568633
16623,9972.664991608663
21238,2692.4339683941535
21862,700.2474022185115
77392,2765.78795842338
76825,233.8162662658151
57878,5349.348717261542
67077,2225.810032156683
79447,2351.4443112304534
46839,1394.5880653343165
23026,2098.905829467715
96762,2417.6656498978823
33944,230.24860092685822
39218,3096.991999536349
48250,2253.008607035577
82911,12640.512440088516
33704,3962.692422718057
74944,1204.963888994624
25425,1306.0072706231244
2139,-203.08300285318546
83441,2249.6834417005302
85375,2088.4144448383186
52124,2735.5363452398283
87556,8970.554305570384
16715,2846.891378432968
15902,463.5228377437693
9535,5641.592439769355
89269,417.94289078416205
6942,6895.705332679535
48808,2228.381260148619
12674,1752.5041195113215
92110,5313.534788844155
18429,3609.0141001150373
29742,1393.833273670105
94185,609.5482537667249
17160,1186.3242356402338
27521,2482.0631332148787
60567,2174.6265272734527
60579,1416.0370340263516
13205,23166.038607706436
39324,1508.3710720816816
88180,2030.5062338241464
93683,1194.3612400254997
92538,6685.880996402997
91694,1457.634168605824
89415,1436.4391200126283
18171,603.2329353832333
63501,2468.5001583582552
84599,934.7173774454345
30496,889.3579425691582
12230,2918.027124034589
78551,3106.7901515147328
97803,3009.348424657153
41268,839.4287391101279
4617,102.51574308181807
74327,1489.6797496512909
48592,8667.761986385645
96595,2361.4989621135273
50542,3619.4355277360396
95191,-130.60317032998591
29312,2998.8480002201923
48443,1574.1431593780912
80902,1752.6829703478259
34843,1491.7526191001457
21097,2352.3170031683517
26005,6331.776441772865
47863,1740.329689857977
36932,996.9851051253981
96083,5201.1755943465305
86644,4757.665585658495
81108,1063.4502318274444
10699,3625.4233754284514
55845,4777.474716813246
52496,5044.836540706275
76998,7934.434334253028
41290,3390.908640475289
85700,4435.228530992278
62980,1166.6729723635472
84533,3319.9359530464562
48891,1170.2770008261446
3150,4627.384595904743
90224,3070.073953682306
11491,998.1370256401929
93473,3970.5099667697796
54296,3168.4860388434336
60053,1149.4223036406538
69406,2247.896528112795
17924,2502.982308747466
86526,899.9500492703646
95368,136.88837265559505
12907,5207.64319756466
97451,1274.7558877778356
65364,1965.1315898105127
85819,1227.49292612506
64211,1652.569939020706
40938,1321.8417045042897
16158,3800.645509898106
70539,645.6040084375873
31693,6947.545699595771
77239,1987.8266392407597
73469,2967.4419908970676
72289,8986.170383746476
23862,312.71651283056053
90317,4696.65177494532
79945,3677.9500092547237
14649,2901.0918148478104
5074,1188.7598882453563
22031,4952.239351542285
71546,4297.937477623579
70150,1380.5053156911754
57516,3929.5377515698383
23931,12868.861361591164
30949,1566.111728907012
81109,-19.71602736890236
90114,3770.7967826651757
67730,798.0658992681028
27686,977.535225629601
11399,1532.620465658511
55782,1865.6461091980427
93427,941.4569792181919
20872,4228.252219701825
21305,944.1192361965914
74901,1571.257952726362
44824,2691.867447354527
84673,4250.281924651305
26582,3832.666724262137
62290,-89.37846161109928
54809,2179.6007676547024
76663,1711.8915797515874
29635,1709.082503562143
52966,1309.0629970919645
88676,10685.66382965303
59145,3223.13710040446
8853,3718.832754164627
47018,2645.325614592604
55763,1521.8989178962474
70505,17449.867022448605
81630,2068.140096242735
48848,13208.46391006706
69482,8291.261824173907
68668,3931.269938884123
10061,149.95262744160118
28052,1178.9967999993305
1023,1400.8049672542074
19394,4445.979864738318
70372,1879.1339996685278
6483,2342.019309363981
58699,3401.9065300040884
10413,378.11097582710636
24208,2072.5739666016684
42765,1552.4195802352224
73490,2887.4058871674647
88173,5434.473102307375
99644,1859.3451004638853
1160,2285.4640390842433
9155,-482.60815251018084
8722,1287.80789259522
64781,1805.2577944519787
24669,1263.0519612620315
54842,2700.874457764594
39611,255.8063717934906
886,540.180240188618
24422,2523.3605015498624
61947,17413.896399670783
2450,1359.1935170278111
38107,11732.567481932425
5440,313.49998079191164
81234,2854.2404280299334
4403,5713.473120583504
1139,2217.877757831542
54162,6088.713610745536
75872,8062.109266885263
5287,818.6322442539058
73700,2345.5963078450995
84302,1432.7895845006406
12990,240.71245721505602
60041,3454.3979859834535
44245,4825.769456911209
99210,-81.15160412975911
85199,2219.9562164828158
72074,1487.716097289348
92194,3037.4407821761743
93387,3515.8112819284643
17210,3408.954490372581
69393,6161.1239753243935
83372,1280.6795601799586
42932,2106.2395233104944
49389,7199.999614876986
61109,2962.821986593528
18933,1239.529517717513
87219,5959.832003458188
42617,1353.9126800053737
96955,2934.831615619229
61017,4974.298814318861
84917,2269.758483365311
65390,1273.3631357709105
48835,16986.86521873746
71775,2404.0735236660767
9228,4524.71218795765
82564,1221.1997852824215
2216,9798.018717996767
58065,669.6843967315663
2298,5593.6891284575295
62595,3289.6494059177276
6846,11910.006947412709
40910,2152.4308968638943
16534,1029.8083655077594
49997,2819.422978890804
39126,6731.253576721199
94747,2435.846646895326
76634,997.411885523587
24962,1519.1356359078222
59656,6498.756873725857
24282,1260.7427191148722
91652,1548.7018189035512
19771,944.3508552529702
45484,961.552230881246
30245,3010.8444266827582
27641,369.91995701233145
24060,1674.7605574837048
76590,7517.4433082798205
58157,3588.4402700753635
69459,2599.2709555214456
49609,1399.2113323952453
62354,1093.021721480352
85265,3759.5337641681813
82718,1514.469929240231
88561,10689.961324888778
55897,702.5053880914293
91199,1161.7399013770992
79550,3805.198633910592
82512,6410.530107537281
20723,1112.2637821689532
80574,6740.569280147169
77666,145.1690239869672
40755,1547.1407306475812
69251,868.6214438794241
29171,1931.2273997932512
41109,1595.542185162063
9917,2289.7108675087634
52456,3909.3530916560567
36124,2000.4316391716159
15865,1067.4389832232264
46410,4084.906617979731
75213,1733.0604460625116
45408,1532.3813156931792
85280,1165.088801729884
65482,1490.0421636556994
80584,7844.798648398932
83396,703.6157089894587
79914,8589.129392954816
67519,1653.1271027992516
93396,5902.081415977904
67004,2903.8690978166032
39217,2956.3333531173
97417,4071.0653589053045
6749,1946.6335638078526
25150,3852.2405315553524
42813,2553.924901369858
44243,3889.9030250665705
52405,2329.452277053536
74239,1972.7724305199188
52181,3863.2845428507057
32617,354.4193468994472
52177,3124.991072671491
45082,12249.278348594804
72456,1475.0502437068517
89204,1604.8314185862823
38291,9149.538641028477
73701,2324.8468098727953
77012,2332.558709404736
86387,6915.695928769861
70000,6996.464271121914
98604,5368.710906704772
52442,1503.0702734954089
776,4977.329724097311
48280,761.2527201711055
84939,5420.593023451505
83719,894.9649420174542
71920,1511.5891685649394
7827,3176.781498151693
10815,1390.7732777590522
90883,6920.925325835882
38006,2345.8909007082793
35265,2386.019340922902
92560,4971.037767014853
10502,1775.5287088286066
64504,2015.331936819191
73253,2998.911682966047
89613,4380.921179183351
64845,81.98697210297496
10284,1855.1557327610294
14061,1641.8873119737668
985,852.9724252329797
83864,1492.2965527300676
16571,1484.248848134141
90630,2002.2515833788104
68123,5441.687096211136
75378,2630.5525406017937
35442,2504.752577321916
60827,3176.908862154492
86293,3739.019114555159
81930,2765.6018790452795
49375,2828.4859559751503
63315,4851.305576060009
31105,1447.7135770548093
13285,1716.121941449715
46100,1054.7042673258766
82652,1864.4891351763654
70462,1177.3027917974628
51830,2543.473125663113
67263,2081.424910078568
65200,5150.044197020436
15667,2364.4132485490204
94105,325.0463835846408
9042,924.2940014229662
14233,4948.715256914607
84186,4974.162869844592
78564,5433.620540807504
58680,4713.146137999882
80095,119.82536031886048
7409,1496.0789568078749
40925,3170.732273832248
70390,2291.637332653112
895,2085.167457137042
63270,1739.0397308605982
82225,4954.605398245261
38152,5200.170864722148
80709,4458.864306584615
61571,4702.7264620382875
30230,8637.547717903355
44542,1405.335862328886
38459,1784.1754198674748
77734,1036.2543461179134
8865,2521.044283418755
77654,923.6768651698148
43971,2415.107905804148
65766,1309.4768479203299
70675,985.0273934660136
91749,3028.1070544865247
48531,4640.833854569164
29293,770.4717799149589
73068,3087.0639425414865
39845,4206.9714880510555
85246,864.2213329727247
84797,2275.231692481883
94143,1525.5433654133235
39179,1652.7909312587276
33651,2153.725882310333
89671,1571.5220724728633
83023,1420.9811099608783
43604,4441.008334520493
81614,1367.5539435675228
24263,2115.8584841805296
68246,1113.5225633633918
14764,7324.220661394672
91849,553.4417051486366
99241,1740.8980840577221
47949,3922.9310944957665
34361,8737.232021963673
83920,1892.051077621657
87862,2076.671154799988
56319,3275.592903777733
87093,5220.7244768429955
76277,7015.134750198033
91481,12803.706373887015
20730,7545.562039228455
37845,3808.104358540275
39704,2385.2090351284023
9329,2081.7042945650555
5577,2957.229499252009
26809,2451.582892683453
68660,1723.1700858530344
25887,3533.947025057209
97101,1273.0900042747226
64477,1151.5727835742964
57555,1013.6182685214603
52289,936.2559777168835
73289,1941.9755373442922
25417,3005.9308908941643
89482,1011.1848668682605
17377,1221.7932155263697
11298,2108.3920703212125
1279,7793.165008733645
25581,454.7334025000855
55329,1508.1584875969347
40608,5046.571656626791
4939,-426.53171257317763
58381,1581.499605580897
67959,3107.7431817811807
39476,2169.334799217647
93930,3401.9982555059196
58812,2807.8239556472136
32655,2239.1672925176035
57308,4388.7763106716575
69255,10153.985478876217
84346,4315.882050521006
46620,4379.264895377525
69523,666.8860224870423
20784,1915.7601537589362
4099,764.9433270682716
61763,2761.9917745101
14685,667.7640041680797
88930,10476.61547059584
45064,9382.03854215105
98333,1444.278838078299
97706,613.4391588665567
14263,1027.894058887659
65864,1721.3756694534923
75547,9502.806320044241
8047,1957.1134548032253
23908,2764.1597861478144
9818,510.46072633954645
8795,1502.9402441183402
95214,5986.474123172897
19451,2516.7882461410263
55113,1961.3126572659266
50110,2132.3332111001578
45884,2978.587539004281
31764,14530.205850003193
84389,5200.0597624058355
9605,3074.870026004425
25207,1584.5986379887086
11859,1523.3413211879824
65647,1825.886450987616
6582,914.4909497722751
6532,3442.3121772693676
10106,920.5303646494103
97715,2284.444795201048
15011,7725.338078206594
41677,5339.674305572051
8057,1025.7009032773453
14598,2202.3709884504397
13484,2923.8098551734747
12966,-53.63276870533355
86415,10396.268486541681
74750,1987.2047108784925
38697,1781.620549633846
88909,4697.54241255315
40809,1255.4380657553415
67415,3170.3382861931786
82984,1115.0914858820197
18544,5732.822316530228
22072,1192.9404206223103
74142,3771.30499315105
42738,649.5463654081132
34490,3703.9445737999877
62558,13698.013523030677
19602,10141.578372075795
62551,1712.9616573028634
74181,4863.5057594162145
25797,707.2321578247852
85949,1236.1177970988929
89935,2429.4331413842324
74075,1529.8441547752882
74550,1638.0486781610155
93297,1244.027842848242
62609,1662.271112454993
65084,2809.4666461586266
26989,3346.216960932462
76094,5490.650992216894
7566,4820.243619499754
16551,2431.720100874829
3190,1488.3086180859545
33621,1863.6817786619733
58224,4410.674238245398
62306,5209.696538001599
93556,2807.6397305990736
22335,2751.4400511648796
7705,8763.102321498129
1676,2312.745044565165
42964,600.7431423384478
40096,3474.3066192215474
53850,2782.672648638345
10778,4643.2685782508315
21687,418.4044808593494
45249,2649.0233170713045
93492,523.7605651081353
3491,2313.8232499408514
18164,1501.9685537499968
93855,2247.8996607676636
64965,4768.430873873913
46241,1045.2150920208633
19796,7749.414644817475
96882,1247.6552848389492
57839,1600.7154429592847
78466,1020.4897918369998
9057,10268.291727101467
53473,6859.680728547224
40150,483.45747721930866
8762,2191.419514982199
51877,4159.905013834241
59412,724.1119107699851
90875,4993.162791719266
45176,1834.6500386789094
9658,8417.418865734357
99016,1831.731544207433
87924,1933.57762027327
27763,2902.238145277531
81606,3130.5292267728887
47625,2911.681688114977
52535,2208.6678380113467
63053,4116.412537526523
92787,1974.1339276238757
26961,843.6738773443567
56063,1343.2446143395255
57013,894.7074619089622
40209,2339.721876228297
38261,5258.3812598735185
91485,864.6716267315533
25443,5610.351830807027
87554,1814.7142420466869
87467,11357.31080057133
28960,7614.882229294998
23101,6289.896177698515
60365,5189.7620436338275
5770,1226.258467413138
25748,3972.7339714818804
2178,4550.695419002713
70328,1437.6770196715056
80731,4572.459824780723
51276,4032.821513287849
92950,16302.498403436839
48622,2376.6132925864613
21890,1612.9693376931991
207,6663.209374916981
77432,1328.1636748573555
19190,352.2059325301411
11672,6131.812768105571
30138,6278.852469467936
88042,1184.3214662701512
91273,924.0734746111116
89568,1656.5326495702682
55658,2873.2997230334486
57703,6956.612155964898
45377,5038.817950524985
81340,1049.7987705276737
54667,7102.284834211487
19947,2229.234210432187
55136,1930.866958223208
59048,3439.825256110059
73588,1763.8392556398446
40715,9732.237121186863
91671,1857.10644813973
8973,4752.627343127219
88550,1145.499432775956
56958,2653.107300729511
16237,2606.7865280746455
13771,1156.1914497476278
50904,781.998410986007
10011,552.8735679161673
90127,1322.6240138925614
11630,12321.628637648662
94484,1731.3630720821834
23253,6365.431523595222
79328,4386.212908814063
51499,1109.6252372240624
32848,601.9338679237189
16314,1693.931880691553
34765,2535.3893336946508
66023,8851.63407538276
5750,2251.7726172136754
43404,2440.057015970887
10774,3724.7782075964838
84562,2356.2973686653427
89249,898.6147522628517
95305,3481.369457643532
96714,2175.9083292743103
21209,2387.5268655314912
60750,2936.468880181721
64031,4659.139075723328
84296,739.0349862990497
58453,5755.359753032786
99451,1293.7048522168889
4713,2888.9592090460396
69082,4486.399380949801
63714,3960.9134542688685
82832,1305.33780282536
69006,3464.156524401039
56814,329.359852217121
42027,1389.7606610985808
65478,3057.3542169587636
72518,562.9912954220558
53637,12704.79667795393
27144,-110.67776726312877
49539,1403.631379775295
77925,5476.258612378005
55221,1407.6857136553176
75840,2513.5994111978735
89290,5694.781660855528
78043,3172.8072938960263
66361,1218.6931601844117
27450,2215.6926386649793
51815,1474.726849047876
33209,2161.289412540602
54905,1487.356594795011
96881,14018.708310778517
50824,3621.775228023949
4571,1254.751850034374
42216,1950.0869858303472
10768,1819.4157770272377
22947,4091.8662520701155
82327,187.25367928297828
17260,706.1471140259528
69642,625.0749187369884
90510,3949.2907985374645
3531,3188.1080099015526
13358,2508.640583017899
48136,5389.0754114012025
54061,1104.1789621687763
96096,1935.399578894056
3805,1448.1243953602134
77962,6390.60283286666
35752,12137.18574186566
12776,1055.9169008090626
74569,895.2683455303886
87373,1258.3141182739018
89021,659.526819154124
30414,4449.832065510709
8075,800.5788037664383
94218,4478.151272328147
1340,2378.902753095937
57335,2115.213477180335
27350,1504.6146908311375
23638,3017.963781344935
9630,2640.974677185267
32159,7721.575186926842
7199,3780.836721195305
65679,1016.0633405962653
36731,1201.0476412746575
36133,1163.629625067013
36002,2362.7928752405373
8104,2319.899324586695
86218,5631.796077088614
99923,2041.4183051628893
9891,2687.0268910190084
79799,1642.1189122713508
65025,1646.5944241456032
14574,1864.6054821001933
81977,3947.689727934312
78149,1761.912673379798
27538,3791.977583295169
78890,3033.276341003185
75640,8003.989503110394
32415,1720.0586815429142
90828,3241.62287073913
57554,2214.1238844254667
24490,1433.8799628434358
12019,4762.017595039116
58821,4518.503674648255
17978,1575.5949826311462
16523,8857.887975749833
66522,4540.76724662984
6758,2726.8776319184863
52708,2510.5359071984512
66462,8511.313677929988
57533,1835.7506063016851
1083,993.0431731575368
11151,3180.059701249972
75404,3855.9668658483997
7306,3938.947715381118
13074,4717.913413837566
36472,2851.4509947265174
22730,1856.566560532246
51634,378.68502351533425
77387,3916.875964161973
46474,1841.210457917461
50548,5932.43078820038
3723,966.6512477806727
45667,1198.9337032077474
98937,1245.9558747608107
39518,5809.489721476804
98819,1629.6317371744776
39930,1067.9662738829657
17820,10154.585934180928
89207,1160.6739234298725
76091,2497.096326369804
70940,1393.9531743083476
99752,2916.1134934724655
43640,12522.816958307838
95421,1871.772969905056
73476,934.6351747940334
25036,1699.1764435059006
87185,1693.5574266321582
91613,1293.4099654289175
21958,1544.9167820583066
52120,2426.5327404031937
78405,1576.3050851678267
77703,2536.6045809001744
95637,884.4559937650683
90154,2595.156812959079
76559,401.30689563516034
44726,950.0584578152798
33335,1406.5037704365072
14013,2648.9196975533823
20748,2568.368798208801
14384,255.1808943835772
27626,1900.6209310880633
57938,1342.462380151871
89928,1528.8587197904403
19140,1885.3322325479296
29589,1474.6911696156922
25223,2884.784601075518
64641,1607.6308536543384
43907,6439.2991112292175
91872,1888.5163972752555
49263,2290.3841927196772
23659,9218.02208977762
2083,1618.6997068632759
50278,2956.2224008979733
93726,3956.336627009196
13483,1640.1647551457806
7585,2563.3428053875423
16891,825.7292985193126
69469,1128.618903305617
74315,1213.6803648763425
38531,358.82638523418336
58361,1701.283839654061
23369,865.5691529125716
54111,2504.569953907482
44906,1727.1199448543603
66902,993.7702523080266
70901,2151.917008075121
62112,1368.5619314766
49996,4184.595117657368
32896,2033.9454694242788
569,1518.6401109659023
19158,1622.7744266744003
76197,2739.2600553768852
249,1374.3793351179838
65359,3111.0853937033376
61478,2686.5078314218727
94735,1728.1129022861928
38040,2893.3529129248777
40844,3102.0987224905066
94287,903.28726542492
27494,3360.5656268830735
87552,216.28775374961833
58384,1898.350714450486
71289,1267.0816671718308
509,-120.0325761961949
50691,3940.04822103699
16102,3003.992823615854
50518,451.7345501986747
59040,4126.136274341197
52877,1616.2850214005641
20881,3436.72391551877
807,1901.3887421857346
78368,2360.086419545196
86685,1016.6515560761713
62798,1393.9819623108533
93047,6394.351961734948
85670,1941.501002427229
66592,6562.4775230886535
76847,6006.875229787808
1226,1097.416477632296
31956,4724.807872403384
3838,3718.095057417068
78201,1172.6350367728028
93032,3854.690304954512
85338,1348.4912683612092
77172,3893.208761824702
75816,3177.17816245869
87306,1598.1011302253964
92054,16087.477461880282
49689,5278.209654682154
28344,1291.263862918168
78633,4269.3377020453645
95790,1751.2839725632814
65271,2414.8018655972883
40201,1725.058582876254
87614,3601.0767323332343
63000,747.1840637570217
31813,2775.692979444572
34252,4981.019697989423
18676,1147.1295948263923
79951,346.6374946813339
9563,4524.599313391987
3416,3348.7032151978856
12415,1067.8801564875125
13811,6936.742319466881
89244,2051.6285815562765
36735,8891.299962899331
83576,2639.5001967916132
87101,1053.9888431069617
48408,1037.4263588161634
54654,7032.6061724290585
16519,3691.3019885972362
96013,964.3803263181003
48572,2421.2713600812767
56080,1489.4093273737594
81952,8090.49209132781
65335,773.9139831446037
72394,5369.336482215365
71837,1622.455631044254
37335,3142.274149964588
74541,8205.493706868125
647,4510.09664545522
37632,1693.862263026761
60573,1393.7191952983098
14148,1967.687283646005
97499,2072.6365735389486
98671,2193.1130985962563
89696,1983.7563718495528
56389,649.4281561892471
70607,1445.4617500422814
87700,1242.6940131861138
53407,2442.7789729901892
17877,5842.543064313703
22186,851.4986752037175
5213,1623.2565359418968
16217,5635.92464249305
84540,8457.278885845573
51523,2868.4253773018704
36680,876.7923079307584
98173,3446.0622546373097
36570,4216.101972623936
50604,2881.4122517500477
60605,2225.386768969308
26918,1878.6306484013649
46635,1303.820991865321
69837,1539.2401096488725
69301,5574.872675614522
78583,1849.083544848591
48539,2102.547382370263
15507,10624.121333152392
36758,6809.366486388672
56207,1936.728355621854
66922,2065.2476366100564
39045,571.2380381152543
94458,1296.6803730000247
54446,2337.748795337094
19149,361.0005196465145
21813,2164.4653596568223
6755,2516.8294619895673
48533,2679.900976720729
35919,2110.397004178247
38671,1178.105418171374
40945,5432.073984069744
30312,1662.3248936485627
67121,1865.6455504373512
86885,3162.699696753264
1506,4466.012151302131
96399,2757.0171695473655
92270,3176.555682747799
72479,4098.445041501189
84585,2244.3809013794616
33016,6818.735729864942
86785,1872.4323062907056
12183,5866.313787012549
19359,1056.7274435535383
1408,8642.799801153971
49201,39412.408769173664
64079,2007.6425190058478
79266,454.6821236487549
7313,3940.4082666712943
59383,2945.9828451955586
43725,9533.861976432072
72522,3515.6371700658137
84772,2722.658549875289
36253,4471.835938474389
52325,4990.988605610727
12694,7769.5034287604685
88084,1892.2645377416031
11315,2369.8888971782517
76713,1072.7720496746833
77033,-354.4779925002358
36961,1137.4235670698208
24410,1582.117874966158
63632,4236.6910518245495
771,2393.984282785824
96770,2000.3895962459728
13665,6464.939674867168
28063,8010.174526086232
70856,2250.7109868650195
13708,944.553761716767
53555,1924.1156899552707
82481,2472.5459977698674
26361,1807.3305947324607
7493,2372.174567077277
9028,1930.6170651917996
36496,1461.4227937887094
62492,6513.038610719965
66847,2151.890059185554
87167,5940.176440042525
40253,4193.578692785422
56133,749.3678992701871
40770,2834.7890759758943
23927,7434.768702298851
3554,1822.9575397704375
1498,5150.10247069831
13923,-382.75014443933696
9816,1179.2012243047275
78014,5351.639006995388
62002,14247.499717949371
8311,2929.2055982824413
36914,7540.965518980303
72173,1463.5657806681684
41979,683.0983132671931
96803,1698.0864072397203
5527,3226.0391730570427
70218,-2.7775738808213646
19993,2095.5271780524363
21945,2009.7639096306239
71571,1565.7566825581907
20053,415.1448480695926
96856,19370.52372296239
14952,820.987795334866
76327,4993.869663222067
60473,1794.0222409239843
69793,1395.9835604088466
62794,2623.112581393336
9674,711.1575203248235
39858,2356.48386244828
93345,1910.150559989519
64065,1951.2353895868046
91623,1691.2562872838075
34290,2339.491048036958
94989,4515.09739054449
2106,2023.8570569161702
40728,192.35404984733395
36670,9627.91590859389
59316,4254.5235867843485
97658,2629.4595545289476
43772,2936.352993450193
13327,1413.4056302314166
96591,1100.6750529620494
79666,5176.70439409756
18941,1764.6365382818067
16651,5413.38819592245
44126,1225.3213672388652
81929,2450.6208665508757
41280,1585.970081170312
2652,1690.4264456150586
17862,3336.386938072817
63094,1818.2548220266083
73649,3079.829482831379
45,2666.0708903972495
75045,1196.363317621453
64872,3305.106296108095
40855,2508.1573668120636
66174,4850.789936149298
22158,1392.038416333427
61206,2814.0957642482244
11490,1765.2436810929835
63172,1192.6239871435664
27568,1412.0000985484544
20932,1737.982814201455
72425,1679.0685297585987
42734,791.6416402256932
23445,5545.638361833538
37361,3015.7599808406985
37625,1742.7613661932423
65333,5566.470989118955
67079,9712.85120855681
55772,1957.6247100464238
36043,5445.236823611149
9324,1047.9964827400545
61791,5775.888982731498
441,2186.5735272991533
19785,1454.3099403819206
78683,5605.202291972626
46672,187.13553713180954
19791,124.06480894293236
17328,865.9689137227697
90733,954.769886776402
33082,1645.374837370834
37875,4937.681709813482
63353,4164.13589725931
11988,42914.161671290545
18023,762.3059837439973
18126,2872.3846588866286
54332,9166.31829007724
1222,1767.3226949578
95337,1333.42510237212
91263,1731.1389170164045
50221,704.0924927536903
46483,3015.191995080034
62961,1784.5092535765086
33255,936.3038636906695
63997,5664.926147182741
27599,286.1324924034179
16393,2899.8811987837403
6933,1161.0071149102678
94145,2505.44026218408
75302,1575.425500235276
4321,3192.412016379579
56272,2241.012061113894
239,1151.260241059084
41376,6482.432140750748
59842,1700.4900395390903
96748,1362.051366481664
3997,4940.083502545764
94516,1225.0321382308357
75706,1615.2963417932096
1263,2658.4896237266294
63497,4619.578210555734
75902,490.74910834875755
66934,3583.67011033853
86615,7524.185138071717
4847,977.4514307451727
21291,8532.28527805932
15249,2309.2540161252127
62547,3046.59675129001
31471,5191.976971559108
186,9126.879346433743
29822,909.2970304413911
97186,4364.7564609469155
19841,1372.1118312435815
3522,1540.2022668869226
93361,1487.516590405029
93676,3266.972433105576
34047,2331.203871524273
68677,4386.259259955963
18008,1215.476969202502
55381,1399.1770276185075
41391,3446.072836175447
19269,2547.6390565445963
25700,1116.148317290414
83437,3442.12858045809
76512,1691.2396643837433
17974,2225.6628959414925
61281,1273.6046138945626
8290,752.0232214232492
84973,2067.0049732055872
56316,1013.1343686307687
88404,839.1515018758046
13702,4178.149486751749
8596,672.4585320127821
95999,7816.541712127009
21732,5908.449797509125
37869,309.3220656703079
71970,1038.4210451742174
55595,3686.5012327095906
18740,10880.584004049426
44353,3489.982207649401
21985,1694.5444522620523
45540,1251.633524686888
65016,1300.5629274261837
63743,5857.710835249447
30826,2004.2408047674953
33109,491.76775716044995
50456,4426.918030300077
76395,4407.1060123271445
97701,2155.7628418123813
79797,1025.4473993545448
36436,2219.131330992345
57778,3628.486255701577
2119,1522.6999779259722
2384,807.3114083224614
71247,658.7569283054481
95869,12892.834266069995
94102,4906.981911417712
77604,940.3029438570288
47850,1810.0550554136419
1689,2388.1592989885266
13035,15958.407735278144
31095,3641.760881355597
12828,2006.1801454537792
71936,1098.6363393845709
98418,1161.3924669011112
12232,680.6128782060446
22125,9060.865214917982
27558,1512.2341760989852
40781,6013.914339555459
71891,1126.3573496437812
77408,1793.5320110177677
95967,2130.2746883607283
79583,613.6115335519717
3275,3919.946149283793
23969,931.2574315472748
19352,3840.2500482542678
94113,2574.9317402112856
68747,3246.3551725717252
65347,4493.997453211945
51973,6469.347948040938
60796,1047.297736278028
18249,5663.741070216671
68945,23651.996124717163
18920,3522.688937744093
7055,11054.39710658278
98161,202.19655699704526
71921,4385.054401995043
80515,1227.5082964442263
30840,761.3401857148742
93049,3063.608866770198
20543,31540.167913734593
86367,6735.538016597793
84481,3834.249073063107
77122,1287.213212643126
25848,2708.7840727035828
26782,10206.298025922177
56239,9878.21318238355
13504,-42.58708083821148
40108,843.0899340364426
96319,1764.0851139052231
271,5361.114246936633
55870,1305.064002227306
4256,2242.714849779836
1967,337.7514194728574
64874,3362.006064084765
86518,3379.0729532571722
51254,1425.650365367877
59880,1413.8523357046993
87155,3783.3995860097248
24571,2965.767191641185
62997,3157.594825728351
90832,2359.273382379516
22529,3044.032135549288
69056,2861.7986848940327
81981,2605.262812100813
87366,1212.162047380123
40953,730.233341781719
3244,12956.257433822768
83816,1398.3395499937192
68956,1016.3222213297481
14599,2273.752122390732
36729,984.0353366702598
96937,-116.5345503969229
605,3173.737022291435
67767,2243.550368014422
54233,568.0375279880673
68483,43.544684912792036
93904,1037.632180270115
39303,2522.113274780644
53765,7434.525839510718
80759,954.4252696481813
34196,7995.501668282191
88370,1092.9910930321917
82986,5661.784570529064
30435,2809.0187411333695
86855,1275.378422216765
43852,8053.3928997717985
90281,2907.2404126204647
63943,1461.1073619347571
63539,8233.655382355024
50436,2037.5237061666276
85365,3626.825563066028
26532,586.8899128778512
46534,2885.5722710182467
26046,2872.0093247523314
62706,1366.9529463187891
9092,1066.609716257868
58285,1805.7773074163733
79146,1308.233151525224
43102,567.7470579903184
62538,3219.6636977789385
93309,842.9638902118118
21018,3199.4124119682924
45027,4233.167480965882
60876,1301.3129023639362
26412,6421.426529968643
72571,1540.003683389611
95232,1822.8481788374925
61239,2428.7486584330595
12693,1352.845779150617
63342,3760.8094666081743
32670,553.4903718940086
52518,9072.963005852384
24304,2045.477884823942
77072,3643.4437767974377
56909,1511.9773811324822
61392,6741.462946202986
5006,1308.7512462808745
53505,1522.8761028686163
40208,739.0455108718661
30004,1319.7664988327656
93503,1669.2620434937376
39349,627.2523165420357
6838,1822.993191415393
96114,3039.681454434508
94676,3033.4754904258043
7378,2432.005177629665
35201,1342.0719269493688
92724,1697.6667346230179
31277,1133.2595680951604
38692,3263.1988870105165
84416,5740.712954404582
53496,8650.152543619253
77609,1090.3050163795538
61960,3498.420368478427
8709,6080.785773293399
70122,2182.5813143771547
17847,850.1433382966043
36992,1060.8176069453352
78034,5309.923213188462
76842,5831.6699188942675
66059,2974.074906772733
62973,2599.5522121089025
30990,667.2308083536623
32244,22.64552628413594
94151,3290.418488510525
92957,457.59098122642354
64980,1091.137570930387
12238,1491.785197755361
65484,8887.07545376504
96451,956.3174578404833
53620,978.4872143245343
27136,5121.770363800692
27333,2656.7246808667774
32008,877.3980431450486
68107,1854.3043706405717
45259,1894.2113547704416
10367,1300.7239180050037
27645,918.4731425840564
15947,10190.772044482192
80458,1009.3652661543783
26643,3658.547027343109
5511,623.5854807128999
73214,2113.2763349760294
58916,4673.444323227622
20770,2222.8402337319217
95858,1165.9469773812075
36900,3747.7867282898824
95266,3499.40626181402
71645,3277.83866517601
49557,3514.238461826127
10761,1153.5754790373726
13167,2805.786157798797
39230,3273.709720681507
42069,2291.919961251323
76882,2159.846478144361
96717,1813.5106146824148
96362,1121.2799392330226
93332,2742.4497685054894
2997,2204.4599370872093
79557,2577.5075762176584
96907,3842.7158087865055
42231,100.45912681443451
75602,1574.8744219919522
13094,884.9677166527149
52574,334.5429853654259
43823,527.0154708902719
23392,1821.8520734551207
93153,1918.7473849705164
85968,6066.301132303637
98281,2911.6293321498188
80850,7958.072452687777
88777,2519.5648279895204
99381,1770.3799540140653
34857,3632.5064893148337
61663,3177.859609508441
93242,1220.0868357652926
86379,866.5076367179704
14788,-248.75045273185287
79271,2903.9193909562473
70199,56.24555147235151
17191,1886.5056015259706
63020,4319.124474466082
90126,2826.0781808495303
50266,1150.2092526859337
91512,9461.979821224457
31671,1255.5612229914423
47872,3428.5343118552664
39016,1157.0009908773154
42882,3797.99542673261
2096,1144.2062250297927
7941,2392.815511500752
47693,2383.0930965444118
92528,1756.233561497823
5423,1326.9650568811094
1244,2104.240025697613
49224,3130.6783210826807
32864,4144.17821039625
48077,961.3711055420504
34341,2157.232300336126
79129,1001.1037724225371
77344,407.5514354597085
72616,3158.036479171649
31955,5428.933104448872
91386,2545.678070005691
57496,7382.371109980638
17366,2404.1424247970895
78282,4494.080778610584
161,2230.2720853593155
56085,10093.456659305028
68771,1740.9660065316484
62765,3033.886971592152
75502,14.90150713459343
2534,3062.9220706621654
4998,2500.233589469917
42119,2600.5967249640407
42275,5257.214942546087
86259,2392.1809537812737
64172,3285.916615275916
29648,1680.500333432521
36653,1805.7741782153294
23350,2727.575190397241
64551,4897.450500990496
37928,12726.320249809194
2078,2231.1099555997585
92895,9956.327601828987
2892,2998.697041401701
73847,1960.0602828857047
83074,1282.102035481722
40553,2513.5653629959543
22107,3199.3791476701076
96861,2028.7329505890582
46340,1224.4813784688758
48631,1946.1008321532797
18806,1599.9400318529192
74689,2747.9412558955078
29731,2980.0361493230084
52382,1159.9852296262493
68145,652.3176378428611
54011,1420.1426501361816
79681,2005.8025275539812
33123,2136.7790022051613
51839,1178.414787473309
23724,1233.1096619428608
27536,546.3921658267118
45257,1740.192926296892
71568,2338.0912780833996
60085,5560.9782271033255
18168,3187.0648931012315
8214,14280.995195910737
31565,748.3739168643974
56433,1350.1753832248046
88995,1847.536986749406
79454,1189.9159483416597
43467,2387.8057066748634
53412,1969.1345230086217
69602,4018.953795187304
22750,3929.8797265495787
95415,1806.9216407928682
99078,5769.441474144009
67322,1789.5119803331681
89857,2203.196634981322
84985,1136.3996665546983
98644,2926.3653953166972
6103,4574.680621443492
34301,1898.3898952078107
95926,3229.078512187127
28912,1857.687835659705
19542,2066.915321178861
52173,-20.073810664028315
26718,2112.4455018994263
16405,730.187187308687
99659,11690.615532537693
16857,1967.6310273388244
73808,862.5635225800402
85371,1486.5378251070001
29683,2980.2038479089742
13947,3636.9391739148646
97468,731.0860955435228
55729,2042.6679312401388
55364,17202.649453563776
81866,767.9957602350887
49890,337.08058105094005
1981,3979.057621979815
32136,1971.7881548788878
4391,10788.274054479149
22547,2619.931942481572
35794,6649.67257793481
72196,4181.050015638291
21806,1621.4024922635126
32598,2025.3972441215221
22768,3106.32050386858
86185,2646.4479043874503
76850,2726.411974223937
56744,1220.5406877881674
36860,2878.547236994635
11828,4903.375904267921
5239,2945.6325194272295
80454,2499.480796455736
26659,1010.4421944210621
78723,5278.40374210565
85864,1510.5165110277767
94228,4154.784367597251
74588,1267.9311101261756
16549,1160.502306969538
16034,4083.576263388696
18572,1432.4606565331624
32112,1256.543224731612
73256,1767.9223022639626
77385,751.6108494916543
34595,1410.4404077380418
66633,1223.6619101694505
74156,-78.97867602709312
21578,2800.3592412024536
3774,2920.675275084629
30680,308.73088280079037
81317,1897.6606434688363
40584,3490.10199297594
54487,1355.6207751925658
66699,4121.694031021567
32359,1847.7646891486509
95119,652.6612835087749
3827,7111.683960241933
13496,894.5015806091569
25348,2243.588734224781
61196,1718.1884119364904
20106,1616.5869538259965
91,1905.8168205078991
74857,2462.8297322912267
35135,-36.18570906166042
77691,776.1184397601569
65069,671.6690008277183
66156,2183.951214135869
60380,4132.958070055433
26038,2374.0445552605784
66984,6905.871778406364
74772,1184.7870930768245
75678,1747.5667352850128
7975,1293.2258011892554
8954,2753.4137713649325
54152,2596.5897195709767
86891,2917.0239811379142
20161,1309.6517569858656
9081,9407.074902831693
248,6993.626004328805
75038,478.962269632892
43897,1891.218977006036
47290,574.8232935127849
16111,1794.9184750581444
30572,1544.108535648811
81745,417.0192937888701
44777,1268.3785198849628
90402,939.4521914667148
81346,4356.844748461451
87001,5809.450976633834
9431,2901.200806327988
9332,2347.1070345678504
68002,3158.169625070661
67832,345.1844782605049
41716,2994.2857010460784
85702,5045.832404212262
77424,1337.1933858666757
91718,3728.660082013223
18843,7849.818517223052
92383,2170.8238774070114
56260,1779.23639502875
6924,1432.4691034936677
60117,10151.37819693863
52228,7576.306076059629
56767,1549.182340345616
45290,522.4312377920337
8324,2170.5107817566677
55816,879.214633984484
98202,734.3843792681178
95874,2955.2345798071365
59955,2441.6465556560033
58163,2857.7245669287913
5301,5257.014650884654
78341,489.1465826203553
16558,2397.843584919456
35987,2588.1924196125783
32335,1964.2560596876745
15837,2181.396766258781
38221,1271.3999660158433
3654,829.4263747133809
27225,1625.5183201578523
53580,1045.6103062060647
88008,3763.4941234289095
34519,8005.706775448494
68676,549.3374617609061
41112,1095.5227937875597
21186,2233.792908880125
76292,2273.2944984795113
73666,1741.7525878144509
51474,3409.8698592589335
62943,519.5759452333423
79245,665.4018629875327
11322,3023.754223897919
26851,1804.385715139677
35996,1792.085417119758
26363,695.9454596589167
68673,2757.893598783734
87662,689.1292935004585
52502,964.3301141546067
21056,1502.0414532091586
23746,1995.5143048538084
5406,2575.683933074136
56685,2314.3046800410993
66468,3412.8483077988512
16195,2817.3175939294197
83113,2632.8138564333835
48581,2590.3136418688755
83937,1104.0785167981185
39483,4209.776005486374
15418,6336.821759693437
9390,1186.5567843685822
23732,998.4888564939292
26157,1521.268913715464
63100,3991.5411019304247
57840,2840.631824989639
15296,2237.9640207467246
70215,1184.7528235036748
37226,4216.226579629689
75674,3862.9119636378405
2046,1207.4736261816156
82823,1906.1343077534218
17401,2393.5692036607365
30999,2342.047766375849
88066,2998.775515285015
68988,6134.1984641631525
5787,1266.1028154813916
35055,1046.810002626893
71953,5750.871239202724
69891,138.00155619442194
38626,1188.2826134383713
89040,1507.3216882904521
49561,1245.2175702577624
47904,3688.6640972735077
34794,603.1758317164868
73844,1877.3048219264333
41836,1447.9495106960485
29259,3242.2481695950787
29067,3273.3761345623216
35064,3800.689043747638
44374,1325.9105378428594
66704,1115.2696914631497
22454,1279.1319492046587
71070,4733.206547667411
46020,2415.2555253148666
99420,861.2909746957448
76909,3568.938506007813
13056,1234.1995100582485
86813,4629.733246827914
74595,463.01505940705056
35284,3305.028087882587
53972,788.8139701974087
31610,3785.737882206855
33264,657.6661608096038
8361,896.0340107538641
11105,4269.941838045174
96065,2645.219498683673
32792,10976.990580336464
22587,1271.054369716404
6928,3209.6575891717416
68604,3748.6225339470034
67689,4787.199587412269
43501,1024.39510660306
71400,1048.7807743765197
33342,4258.572824735767
60771,731.4620968156014
31176,5034.023278141514
83806,6454.3448987548945
33616,1050.1738478642737
51132,1827.1604075969587
16124,4793.930682165249
71205,6086.798578950281
1418,1523.1305983522398
11943,11803.257391266514
59254,1011.6081910552325
9303,4383.176072196416
55460,6127.173792044934
34798,3799.8880304044324
82753,944.5420422532711
75676,2239.5550749054514
67808,4798.2250694513305
77288,603.4405376701347
64318,4358.622563846954
42956,5894.040353401063
9865,3016.9111845527173
49404,1155.0315303037296
39833,1669.8602192165752
30637,1861.284252372157
50681,12317.610707672253
73551,1646.876745249337
8964,2086.760951398172
46778,2657.5954945527983
74607,1583.5946700186378
98641,3059.1933513768295
81662,1168.7083269529562
84196,1389.3871913722878
70469,3496.240818762972
90984,2487.719514918058
42191,1002.9831745901465
41264,1766.6269950259423
5593,7717.79435676116
3992,1269.7088993863722
89977,2999.506865097709
38424,8828.345300117111
46160,2670.352076397967
60508,12622.891682694597
51227,1564.741876751968
53914,2170.796422966433
28342,809.283744822757
80006,1522.1494749676776
22377,3742.4675242297735
80183,4566.758009164807
38915,5784.194535860611
38049,6191.491609197108
55948,2222.167112970679
67661,14150.198741828002
79139,2781.350642906199
70060,1735.2410671158411
2697,3033.380535322588
67406,-370.34933757431736
70356,6025.272838002769
22301,4955.232783009048
97625,1786.6169220138145
33688,4498.843603156445
33407,785.5489434000442
84874,8626.109065597986
16610,1166.6212474048834
17764,4016.4030201213004
31677,5771.887152883966
31994,17333.66298318576
69713,3194.5201601785575
64131,43367.30008781416
20286,2076.2880642185874
73258,4514.233036954855
83500,6367.701937667453
86672,1444.4960533377025
75039,1063.778164689712
90934,2563.2968008409575
58817,10749.700439603806
48050,2717.684302031048
17598,2138.3682371333625
68882,1696.53849088791
32882,2525.7257897220625
84706,1245.0033705261594
24133,1826.0988319849002
32919,2588.862956621085
55992,1117.159112748851
7264,1452.1541074781744
8304,1400.7969146417418
43648,1194.6309580686307
90424,5341.4098312597125
58139,1964.677882523941
65421,4626.191433891414
40614,5716.848837573038
68185,1535.9557576775642
23082,3248.8046530114666
7725,1758.950267795603
84799,5049.122957114083
17243,1751.7360591078311
75598,1432.3060901402755
77725,2200.2849846811837
53073,1204.4920280683396
32165,4357.487648488348
5613,7145.392711037807
13290,2281.374244944926
31707,3047.4577182334197
85911,799.7509951878092
82271,8317.840229891017
25177,1976.6575872429353
61647,3003.2985702839355
83587,2085.983668539855
40924,860.9069460620285
43306,4308.561316431748
10074,2391.121389596943
43113,2143.684460423874
28580,1137.6035799035612
86144,2274.38500823952
65131,1193.4576476234029
63542,3129.610274965216
66956,2063.018759216736
30772,11.31325996112082
38172,671.1175708614778
9045,1130.7864247213129
51963,1163.873350392767
72993,2153.6748900332514
72142,2370.71074621972
54661,1378.9009523643313
66383,831.9518599004837
95830,1385.7274062970546
66866,3725.620694492122
8277,2130.8094594414847
33958,2403.982830882715
54464,2553.9353505093136
25633,1277.2147544684321
95308,4086.5629801905143
45129,3118.154821022495
22514,604.9306063721742
36527,1697.8537497933823
62013,1379.1012404707194
63630,1233.705836796681
99138,4275.094789450288
44689,621.9988745772935
47270,1478.0537700541518
29626,2911.5717574524533
23989,1474.3798407916806
94703,2123.0413613739065
29000,9930.693531372091
74150,1908.0925520969388
44513,2224.3793133350173
25337,2104.0140594060936
60180,3301.7591154683405
34860,2263.99519566297
32198,1874.7779865244352
84338,1699.055542409492
48184,4232.157699781852
37029,4693.154631432757
57615,7258.095531945502
10769,1589.9442876241865
16667,2628.879357707325
91461,1464.0850143787743
47683,1628.9392014823563
81407,5299.421682114939
25096,2698.5909573783156
4931,4067.989221164392
14252,2317.396304365929
98522,7302.176506657447
85490,-206.75642423292902
26685,1755.3751901260964
77105,1552.861400735596
90050,1801.1841180295155
34792,16992.958197469794
52557,4136.46510811351
60094,3860.5037331575586
85254,763.0256168714236
62459,3866.106918980441
86482,-346.2427615974575
4217,2531.0789822585857
31606,2895.564241187362
66183,1630.0128024211658
78992,1701.238228801919
82691,1264.4866427043576
92641,1087.3234496736668
59688,1612.1610895696126
31518,1504.5912803988053
92619,1606.1806124725267
27202,2639.076399203862
17930,925.5496292854787
95804,1575.801987730084
95511,1420.3731996821307
82019,1732.200440835408
20402,688.7522517942334
57990,6164.969377118508
24558,2730.9050722379548
90586,1695.047518134838
74675,859.1885568136172
47152,2534.7455928357695
81350,4351.251929390404
10494,976.3511060949245
88362,3479.26150208002
58022,2858.280873323729
54199,2514.258066886623
746,1339.0536161727055
59618,2755.278205079188
6798,2578.610420188773
11609,569.2564631082541
34398,1622.5181129435396
57250,9980.174825946979
77822,2902.093265879011
29667,4933.172353151051
95378,2005.164706083073
91907,1638.2129777454004
86407,3056.5973812382363
19268,1764.952544504339
56158,9989.272325215788
151,1408.3023221991607
46539,2149.3279699059567
15474,6045.055914253873
73541,6112.491103029601
18323,439.03331086586377
59739,1628.0020953160054
35992,2341.6018165282812
95433,1584.3274672233033
69037,1449.1730518975228
74795,1985.3899669919747
51539,3226.7083959745237
75461,678.5880246099255
11482,2883.8997307293635
1956,7921.944887722059
159,1776.5912986261137
19386,949.0219705773061
49595,2802.5695582233975
79578,4400.967699031908
84286,1586.8251107552105
25468,4359.538049211237
53926,1360.4338633965008
63857,1720.9060886797406
74499,4106.129289174791
107,5392.945352885026
42869,1276.3735131175795
41857,2814.0213224680174
11798,5064.101196291145
24841,1521.9571454352686
75367,1243.1403211978359
6447,5695.308196758472
17025,2439.679845229202
7723,2116.657281555549
7655,1893.6790362812383
96292,3968.344804993096
46721,3654.170681348165
15359,940.1637398273369
17951,2495.1045566983107
61398,1509.9898434302295
87338,2316.5446175085253
405,1419.3071388463668
69276,13601.0841243035
17320,1392.6463201927154
78162,2535.6300223815106
53462,3999.0391261125296
16396,6353.3080230506985
1323,3407.0220456196403
73001,5860.216063905673
4996,13637.417726568478
17438,1803.433168005002
77781,4261.745929767881
48549,3983.5120734120387
59266,1548.9331347542125
69402,972.3070453843566
43867,4511.6215853377535
94330,2411.9632745458757
82533,792.9375661513382
12106,676.2609986779903
10351,3212.0072759039194
34441,203.33166768121055
5353,2504.4645652973777
97486,3221.815537953806
85656,3142.4645856831903
72700,3087.959594758144
88751,977.1038814476265
15383,3014.045453323355
14621,6356.805847271252
95743,2909.351779368224
87184,4110.541105825131
2766,1925.6536070140457
32632,1312.1414386872102
54840,1143.1379606807168
32702,3699.788807411294
44229,3099.6763584888
54109,3544.561580860751
58731,1394.876835783903
18349,1337.1960942538171
59837,10613.596987774044
31825,3106.428048533091
35730,2020.944764386662
7750,4213.414241356578
18604,1111.8674134177195
9055,-64.57430872336772
41881,1173.5785100147477
70944,1292.243153668925
61078,3676.0995189663586
76905,1571.9939177685733
92898,2288.0510834760457
44517,1762.0075485599004
85231,5390.077176369499
19650,2705.790849284741
62089,3377.7946866370594
89594,1593.0217278228474
48009,3649.7553832132635
94266,5607.445729902036
17745,3952.5080034947823
53629,1300.532053093632
88941,912.2769536318087
30087,2403.6613145908887
6060,2375.625342737133
78252,1857.6838647542654
48195,3373.4798972518006
68920,7296.61366355612
72824,833.0774031037558
47820,2363.274125185747
2084,1266.8960785092995
85637,830.3077129806497
87476,7718.808944867193
7397,2284.520683697656
79991,3064.5595848640496
28326,2655.00114438983
17237,1481.192284309056
75293,2935.482825694608
93607,1330.6472513410513
56266,1666.6367399889793
90910,5197.028023257453
88775,1109.0459418608916
47363,1693.170782766637
24897,2771.4678900552854
3808,1615.5942798442857
3296,2930.09221627619
92408,762.3510193508741
513,631.9553903864226
17137,2510.5155676744703
70364,989.2294154599276
5782,2105.5281010432864
54055,1371.0384812441862
2168,1853.931246138326
18790,2270.1080150487387
49818,1775.359525689367
55641,1613.1982854918417
42386,2159.370107390774
50638,1492.4437612476931
64406,1426.2427051594864
43557,905.127581444805
92507,2035.2340978938978
44690,857.1066006995429
13070,3069.5134215668813
32681,1692.5924453143355
73894,1275.1225542206976
48880,1025.896147196965
50428,5297.824529820447
25115,2269.542302062039
73228,1934.8210556778824
51780,2016.6527150095258
48655,4738.786708302332
37801,5295.199558993371
40952,1134.0660107004742
71563,6720.293230651876
38014,981.0199840478185
89947,3335.7697906926423
42960,3613.3915486775677
85882,2684.6782750732
33266,12131.893489971257
40041,6550.115220348158
75503,8417.281652099315
36750,2111.819607457972
20760,2484.3892012482866
39570,2889.034286050768
70441,407.9353939339162
41483,2022.2030396931777
97232,-146.16421967041788
37486,1659.7790335601114
80621,4053.7156285724495
76265,1648.18515865887
69617,2934.18344825327
77081,597.7362974649013
92259,1192.3890905167582
82426,9196.026092857583
11913,3787.4868316544857
65802,1261.7688122336722
91099,1304.5721595354494
3449,1984.6666455394495
4366,2343.5874750211533
32121,4127.492149501908
42214,1774.5060571802499
71581,1038.725935294226
2382,6421.724365571903
80865,1104.4513723141176
5105,1049.0336375099137
87684,687.734267773103
522,62.74040397753606
42883,17501.949441701647
59737,2155.9847037978516
34479,3423.235158489126
31018,-16.952783943432223
57497,2036.921327893858
86117,9993.402161167203
62473,3294.4814702879216
7933,5455.865031352367
94360,3830.3470080997613
90223,11108.861469368898
53864,1784.3693134435161
19068,1011.040731268693
71077,9361.187478004833
95944,3712.0292725880295
76430,2414.352004846507
73696,1359.8839542476335
50317,1395.158501113951
70626,1213.9907029937394
99888,1402.2283997094387
28991,2119.0406408373774
35490,3473.0214495201826
26674,5066.503372020594
51816,1892.5567449156158
60677,4320.616337174788
74737,2718.672877318642
69489,2840.7160023216975
10850,1122.4005688279353
89299,171.19785263557333
8561,133.5515903766991
97936,1967.185077937936
23567,10278.42424664654
64702,1819.474848854048
48489,261.9373469879192
57451,2702.803864774367
6511,2708.906623907453
76843,6782.677738620267
73317,1452.9255838497984
15875,1978.2863134821603
68136,2061.048688567967
75619,1407.7315455919347
9566,2538.7906377618083
52970,4160.562790211635
16197,2578.7414952148893
11427,320.2470344787216
93751,1188.3940513015696
66759,3644.3902926233773
78663,2950.7400616637465
33872,2395.52171302205
62740,453.5684314744367
86917,5104.028731226921
10425,1987.0771350266214
86372,1863.537946144034
82729,3810.732705316746
58957,14229.968151212579
34723,1691.8509202491957
41973,3330.5461069027606
4207,1067.2478830431537
38718,8745.137760671005
69199,10562.429737978895
30518,2926.189183950537
47020,3005.7413730594835
79840,818.4025406941528
98066,2715.87539327148
80196,2515.092667337635
10870,1901.6741239553653
38428,2438.1430942908682
3846,447.19017881183845
74813,2845.757321634276
44581,2122.2462071939535
91170,2856.4042396612076
34288,5280.15635606599
35847,2814.467292249792
74778,17685.475889720827
23187,1247.3193302034683
78204,-200.02492730449558
70093,4580.747902340162
35065,987.003162613059
27781,5363.569869872223
50026,692.8918233814024
9166,1924.4028218377234
57449,4181.155727697646
99435,3790.260814961219
78697,1669.383021380746
59457,622.4832816844355
92302,2592.701354920049
7192,1906.291919070973
93481,3814.4214493991203
59071,1642.3715551660355
75714,6546.4024514339835
31986,2705.774916133656
26354,1332.3052919024735
50772,6071.623001538557
98252,1870.7496681740522
91135,2602.2708559352327
98509,2221.214819732862
96291,1450.2696569278537
47273,1574.483522149655
76164,3305.8790219221646
59304,5230.5655668164345
77365,1350.253273626061
37187,963.6237996153177
41001,2966.8670073880144
83334,1688.494936425389
21790,2021.0541714398144
89367,1584.9079597200048
59850,3099.5165609569704
89513,433.4841217858889
32692,3770.6697599745985
40951,3344.2774921686187
9285,7610.14657299885
63612,1928.8791553845867
81190,208.7398980803373
79802,9667.552546791128
54457,1578.7893375613094
21865,2891.8202169569454
53440,1882.7706491338697
46480,1092.2476056771852
70097,1427.555167981941
2113,6663.835817244368
91361,1437.6336850244265
37566,11411.289235826229
71685,6255.305061868427
25072,1450.3655075081897
43671,4315.007892240108
60941,1238.2304244041716
17654,1058.0432459765639
79836,888.1741071051192
63468,1235.9002713637074
12827,1364.401669054424
69016,730.6332701661286
10923,1308.4256724807883
47355,707.8481027062367
30458,1314.3744255438728
50643,2702.791808573738
92014,1811.9881716638777
98322,6176.963742656334
59947,2443.3672410851186
50637,1045.0727005723106
21843,1715.6315962592985
53005,391.76768447590075
97063,846.2082186004536
42148,1204.4057777535736
25620,5166.353170230997
64558,7949.467610691689
52601,140.36030182163313
55151,1376.1878526364108
51224,4473.939543947561
99854,2473.0289374192052
21415,6416.319953640597
66327,1761.4409540546114
32146,1457.2079354808388
62299,14766.283693140174
53707,988.7387598971604
82412,570.2459698706703
41880,887.851210374612
7996,11222.27331574754
65503,1637.6037092577117
6938,1920.7091652027477
43402,2231.875060223218
65452,1564.499526404008
12843,5941.135757247792
98884,1761.4303438220084
45235,2389.3546429800626
70690,5241.638595976684
27451,2161.2346959378583
71824,1368.1965576805019
18361,5508.586227412119
40815,2076.425130180091
6622,1607.2236517433516
51065,1478.5400100744528
70166,1910.1361097122758
84478,2159.008868339679
96525,7136.5791295185645
29624,654.8795019218
89094,1835.6051306075121
49162,1197.3859199564035
731,2293.726847085994
69734,2648.233719263123
47098,1410.7351611036588
89518,865.3805958461321
57345,8333.53240738359
34382,2667.836855748291
15675,905.5607866624846
33218,1571.463687390447
79388,6103.687489719068
17023,2284.361732908474
72712,2412.3082363748845
64307,2214.5431749196205
15463,969.0194961872412
43406,1933.6116496818925
53386,2086.8717404298186
36689,1076.7514909029915
31043,9281.333168053017
10239,5918.348981510384
34657,2047.8142691470873
38825,9609.720530080047
42963,1742.7542450712801
77199,2649.62805711929
31385,4507.856339106487
85895,632.8074984970035
5513,179.33864832795553
43662,2670.6650017522716
30807,3403.613692100762
11887,1020.7781266342645
34632,8119.083766048519
47889,2297.1051898907335
2010,2435.9100438896285
28456,2281.26371590578
25196,2663.484728996069
79621,1250.0019209732786
75267,896.9036958776564
12746,1277.4827945640736
18400,4996.005017573563
5256,2903.7700957782995
9288,2320.8448288887575
24965,3338.36710777031
49054,2387.071747280538
64142,421.0034625979679
48080,8760.323087754427
13,1292.9135189798117
28240,3056.031393143905
10653,-149.9108732933073
29260,5596.575940968407
88612,1939.8663509424964
5560,1347.0225640394901
69552,783.1233900272432
84171,3680.0366771584404
62383,2678.3087055786714
11392,2620.9089803483744
79305,2326.1564665183946
34864,1090.9755977933355
98464,1055.9554946379612
14949,2359.2678161605922
71516,-433.1097739658685
6332,4023.152601179388
56584,5764.19127192474
762,2159.6146797078704
49866,6179.921724289539
45057,1053.473419205175
22761,2952.8671300836586
63754,874.1020364413262
22329,1710.9566918791804
31331,4812.774537406095
55053,5247.896245410899
81383,949.0940211318352
26144,1381.701113929324
14343,1684.3962102696792
36130,1115.8560249561328
88291,909.2025027497061
83009,2435.65341598969
61952,2306.3329810340742
98959,2075.6887252485767
78055,1814.287055150411
70957,4193.367585614444
77225,1232.6559026007862
63920,1922.944613123406
15530,2822.1221229637745
9863,4500.882102875773
22334,3368.7180679341127
86371,18307.840045162142
29946,2326.5078186248556
46926,3122.133029320911
13532,3476.3214823862804
98038,1934.9302793244972
23787,739.284829977993
36738,7035.820496334854
68807,1959.4883569695912
41121,1803.801600137517
12636,3565.2368376240124
35878,1910.0771005302083
84125,4415.22906534755
32278,2270.4335367901863
90914,3077.3066486793236
56772,2650.2348752371377
26158,3198.2310222138594
12522,2292.431322266226
74824,505.4448477053461
43101,3804.5680874168406
32861,2671.1250113129563
32148,1220.719032474478
11156,1679.1380032505913
22992,928.3230309548712
6317,5102.061581980079
97293,2020.3834980335405
41971,674.2425340756863
81688,619.2843949992621
83930,8352.087655151703
27126,1217.8279405539774
22505,2781.8343906834934
40263,1223.9828900441753
19847,2744.1647398193572
28018,7082.3972146701035
30064,3030.9286107553617
48794,2539.433884722909
85444,2009.1877041204318
16554,1109.5012602604515
86326,584.406123379079
29330,1757.1099622856814
76269,1020.2396278766932
28966,6132.363454142069
37839,6815.8137085327835
44537,2073.3320445083846
7635,265.21418305152747
34014,1699.1194347603916
24697,877.3721488381871
88151,1824.9688273885558
72127,2076.5924304698983
41475,750.7758432432556
55725,3039.3472790915844
20432,3861.919736925754
99664,2763.797831475331
59624,1501.9815348751622
41012,1579.4031717556568
42398,2570.9738458293045
95333,5170.124910937989
79650,3178.7492796798624
91466,1792.438102002992
49500,1241.4944720382928
76798,16932.63796921843
69375,2144.6331232200055
6387,2557.037628484596
59557,2130.344011885144
96540,630.6120214023308
16756,7887.919825744035
20946,3310.1124052978175
67400,4931.530924701086
99081,1965.9825810655252
14920,2480.9360796595806
22494,2059.9485492841345
62678,1773.0766371276436
24054,3308.7589416603264
42390,3258.470353794638
65754,1152.0458564807723
88982,1903.3366728169294
60394,1349.8088328414924
51506,3556.833668775412
24315,6074.661467023705
46510,2086.8465627342894
26978,2616.5693331701523
4587,3726.713666215981
51565,506.2878875120259
28597,2654.329794508813
49885,4533.670370055758
64258,2382.598386258048
97690,945.2870817950752
70832,1331.5451712370354
95986,669.0228241390191
3519,2191.0172482163625
43635,1139.5761252170423
99992,3712.599869963751
24173,1074.8676537303227
27242,-161.3580092475554
40229,2921.3408932192233
13204,1027.642771139274
2277,2480.6899691966714
13182,2411.164898806812
40050,3213.183239510421
30604,1503.7335583784125
4115,3004.2881543063095
55287,1601.5392060304048
66580,1576.424902464742
53477,1975.0387816826342
17261,2090.7008028226237
91867,5765.12091015083
17501,4800.359103478967
56818,1524.591710634813
58954,2128.99303365447
88425,2586.132417097661
3930,3435.9370786802265
74903,2343.323498704759
9331,881.8473967754258
28644,1296.2483713620181
6835,3140.4140181605308
43237,2013.6157627050857
40251,604.630923330642
42976,1922.9517996932536
36198,1067.565420252502
3347,1861.7988920325927
28631,1137.1691652676463
96899,4690.777895954416
85452,729.0701792646
50811,1606.5715445494397
58164,2292.7375758811672
78406,4168.962320155479
14059,1074.1160466477813
83219,874.2095774017848
55913,1722.3890000900583
25333,5544.770717999312
40225,4634.333422286685
28666,1762.0874436931906
26886,2101.86886266203
82025,3440.350806983097
10314,3990.4285332008913
65144,1563.3966974884665
95825,2419.746364716207
47816,2226.1430807983897
7315,10089.689240060065
34266,2001.9525664357657
36830,1868.8521642751853
68473,925.8115852603923
17093,1668.9386722431993
89974,2347.2240372729943
80576,1604.6109843437398
40446,852.6124583203105
19574,2090.4273300932955
52753,2604.28989827623
18786,2375.586311554004
32412,5993.734366674673
11113,807.937584926081
54245,2629.1671148895202
91088,9073.33953236169
6401,2364.915042243001
42097,1050.9469769547973
35804,924.7690877084815
42404,2335.192716112484
46738,954.4321157798877
839,1294.9047151964128
12664,16599.98028001916
22215,1976.7953566610322
75471,3483.997439211074
57425,4468.942714578506
67126,2267.069194511526
62108,2075.2018568808826
91789,3603.1100830421974
90030,2733.3379725850873
72945,4849.977975980017
99051,14353.111683386393
4589,6313.050945880921
32941,1228.7009671793535
39551,1406.0616912592423
23606,2992.109991589768
78975,1592.777463115919
2531,1424.7158538052354
90722,2189.9478133180737
15993,711.7350875260108
91868,3518.430398108581
59902,1526.424526861354
55823,4181.048912571055
66435,2970.54065621015
66921,3278.8258584266523
23326,1277.5302493553295
43874,1083.3840967861856
47269,5088.832189712169
2330,373.5663272321508
99294,3461.7729452998205
88879,6753.427894675713
31997,702.9832089617312
17301,750.0549855212166
35109,14.78995436940113
16288,796.4837966542473
70605,1020.0237162272688
21098,3277.00930523352
78088,16194.140877331338
69183,15015.377814277359
7813,2426.6572239345
7728,2120.989998644778
29029,887.0954269954636
16783,4030.979822742607
33840,673.7949683590705
66686,6728.232637047487
6460,2039.3649630983327
31204,6009.925507868433
51883,229.05951864588224
30088,3771.0667778536235
86166,4242.1305045577465
13397,1909.5785694746633
78915,1644.8766568833207
90830,4959.834373570824
20354,4400.1845485310605
62022,3034.7768688431293
58534,2271.1577122571234
80751,4059.0218650227316
78273,4550.4261492501555
77669,3188.2662532975974
59003,1550.9204513680293
88064,7274.552003036644
9311,2829.2778578954617
71552,2423.7118119165025
16243,3050.605812681523
57956,590.9698646930333
23952,1857.4410684102836
2998,981.4128846142908
29823,-60.781013312542655
96761,2130.498005644483
59359,3244.555835859426
58718,520.5306412202981
75148,1793.5411295885758
95744,6811.703964985237
44103,13080.070494090012
73653,2813.144939638735
33891,1384.371552793063
1114,2352.901788860316
31859,1699.5713569424677
27866,1323.418702114237
25641,3009.409405840936
84535,2964.527799979977
82038,2128.5019990248593
95506,2501.026458018393
14096,4450.492573691766
31093,1620.1450502880875
18902,2272.9619213522665
81568,2978.7710422948285
78234,1821.4167116198325
89716,3260.849181914333
82668,7176.72271531654
82812,2281.3585822872838
40464,2493.874158030935
94930,1411.5099099154786
10988,98.64440989082323
13493,3152.3805678097065
31914,820.7948270111815
65540,1279.7057780346508
76056,2287.5936599203787
73662,4443.65982299618
35663,2048.251264965302
6640,322.7117504789021
60942,1548.1476790196061
92716,3430.6702924993915
48540,1887.1990129481508
3195,1927.2868212866795
90922,4517.591829087192
43831,1741.0316693430086
38271,8290.255494379788
18905,1353.6665091148343
52086,4626.996643100555
31275,3246.215147239459
64660,1607.663511860328
39472,2840.282933444346
41981,2406.5148229000893
86902,545.6774620414594
84554,2474.4517107467373
85208,2626.673854844594
74544,4139.650037846495
8877,1321.4904175386455
4134,3648.8374898901684
65987,1837.4350297210585
2729,1896.2065435428058
3885,2659.9669639574877
38102,767.7487297836674
51898,1981.7384824674177
16031,5605.6331263592065
66285,6.803244209133027
46871,2036.865573853027
86945,1078.5763181754228
9540,2202.9842613094293
36937,4061.5223577669026
64264,2128.432453239111
89494,2137.150288829561
10298,3250.3480957753645
30488,3195.2891603067405
43182,2481.2672768553775
90172,2073.1552855511027
34031,168.4829457655478
50840,1765.1288156245973
19015,3018.059283164047
51356,2676.6448500392253
47971,3680.401729532427
1648,4718.482003998713
40525,1929.2431971962974
77334,592.3798206029287
92515,3371.597390335386
65112,1064.326740747052
89595,1644.3044063821928
40035,8274.447081302169
27474,1097.5765509607681
67364,2488.400196032113
37991,1443.7443087713123
52833,2707.463491388896
50936,1687.1031679129158
49437,5418.9419244692035
63638,1259.458111422971
31626,2153.6953932336187
34376,2121.6422153431904
40725,704.1521720270102
88214,1968.9833403650803
15207,18626.413141907262
16562,441.28934609932685
89003,844.693417605235
18871,2440.907823473379
95486,2758.140205135578
72718,2147.8030667583657
93852,1783.7522978519776
18444,221.27357757836398
50245,1041.4245458564965
65051,2157.8367794756196
2654,2641.712936146613
14815,3455.6838317351658
60946,1336.808383976443
40241,1980.8918546282794
97934,2634.280573728759
56768,2331.021033783695
63834,1051.5678689777492
36857,-209.80076896286027
92542,6114.424083923648
98622,3963.9253443610755
47510,5368.780374983348
61636,2045.3904328726262
29738,2168.485332246437
16710,2488.3198434643364
27937,2860.7059507950717
77922,3407.030260600215
26700,4599.304354449553
88633,1335.5817731240859
53317,2114.7052608966133
86586,68.1692983957264
30359,2853.252974423066
64833,7382.47583686199
71643,3657.5387187317883
1200,774.1402396289873
7422,537.9950246369526
70169,2767.5468181724455
38304,3247.3295208635604
11089,2525.1447934877233
3677,2888.420116632812
74768,1231.8834093173737
95798,730.802075796405
2205,816.8925996110174
49708,376.869892706407
65122,1940.2380497242439
18019,5987.576705300338
15849,1316.8097753781763
63120,849.1757779896643
93793,518.3452042605581
12020,3221.163055600147
19824,2207.781557268523
7831,1602.6935210395318
29200,1462.3342369090237
83730,7328.412432680631
14111,1628.9576212983732
74985,1376.2814785594396
27280,2333.1282990470013
99516,2098.091589892012
81363,11079.139342622953
19970,1568.4797502703518
68266,1121.0827112672268
57847,4246.694479370353
29111,817.442894771893
30477,1720.9666790041856
17083,2771.9344759843584
76944,1693.600714002781
62025,1946.075450577351
16933,2612.816817491191
22805,1519.140766724051
86374,1613.712861184846
67843,1954.500596721542
63376,4319.704238458946
59644,5911.901994337486
53078,1768.1498070227565
99028,1529.6926141580666
38376,6715.9502660131875
40475,1404.8818571630068
37921,2609.2535650048085
55054,510.30539811536573
9988,1534.2909322526361
88207,1510.6094604128025
73761,1578.7443154898501
98136,1389.9159429841957
28932,1276.235112285004
60191,5572.294693623205
31486,1098.4001637469255
6017,7775.207099331122
14489,1628.3653348085297
80847,6821.896517570149
48639,1876.5650627169482
37479,3092.357315860175
77004,2358.878120516011
46707,1986.0273224872144
24920,944.2020319854996
46360,10205.499405562157
90954,2430.6675723242292
34180,3778.4849049231334
7044,940.9983883783862
26480,7163.937193868877
72810,1273.3277140582345
67321,9698.701034663154
71648,710.8153974836696
20399,4234.490018174753
4486,1806.0729023314561
55741,745.6841195684856
84653,4949.912531437655
4932,2890.659214824691
32500,2851.940952631523
38302,3011.6870546415716
13415,4513.853264954109
83613,4433.523624551766
60879,2143.2297733200794
8472,9826.287921043273
93680,1694.4739672900946
44441,4962.679890490214
55857,2034.3543021861497
63056,4180.097403327813
82875,485.4454384850701
41099,7491.270552140719
21143,2197.8375874339204
61055,1645.4650950757589
75153,4116.304443902254
76654,4602.814445345757
8243,3282.393215010155
61971,1656.3710009701247
85428,1367.0041465800214
85240,3229.2901200850565
36209,3317.906001582584
64465,2909.757032935603
41771,3422.587726327014
20118,1353.6952733969797
60107,23.490460656692903
33271,1650.9285160720644
98187,1522.549979310183
55075,6239.957155784823
22667,806.1864480919535
19185,6348.261792448688
56696,702.6847309906857
4946,3760.106327504131
72660,897.6495731116865
96345,6323.975772910949
78,-3.111137313391737
57320,851.2578882440348
57396,2027.5797751607251
47104,-75.3975881164879
83004,1218.4238895779326
14644,2220.8159675506517
11676,2382.204047068092
47500,1207.4521857983163
81110,5258.061524363376
57581,1130.8213704256764
69169,14070.043776643533
21982,2638.6478324959826
64498,-133.55959037526736
14817,1132.2355954823593
67459,1654.3623827230042
37657,2540.132511792156
27190,8221.655717431617
65616,793.7062034878631
5064,2659.715744455062
72583,763.530210655746
81897,1640.4883068242573
94751,3518.6874632628605
90525,1754.9836793464494
21889,5083.264858779579
55781,12675.561318235075
23072,1510.678540570846
30631,3282.2802422031195
26274,6784.858103326014
80112,847.7522557325747
98597,2349.400808346332
8216,2299.504857146247
74501,3211.3252716221036
17473,1737.1801802235998
69860,2985.932894098033
61003,994.0604463512823
5021,381.60461493883304
47423,1605.1072191814983
42659,2637.9487285871874
41380,2743.7763183284915
33429,3857.6279288684177
98858,8112.61978846736
92411,6047.319883873468
86243,-467.00830057723124
8982,2090.411455165595
92293,1613.1586923069892
20989,166.07080291463353
9140,3877.1838326564252
55099,1165.1429748174287
72772,847.967965090977
25093,2360.722267069277
96472,1107.4860932385318
16465,1297.3668708843725
99413,1806.2057751926945
9346,2040.4440428797923
72991,2286.481634644461
10629,2255.8871066855027
25709,894.5129797063905
29933,1341.1213331964368
32949,1605.5328281770103
89793,3647.199400336409
6651,1492.885062267214
24850,2569.9742419666945
72062,3641.9468574550992
6047,1013.0721009256686
72057,1930.6525751079166
96836,555.0877431226172
31022,3221.3885479490486
57989,3822.240825595086
75580,1913.4334010327532
41897,5223.099144708132
39994,774.7080648257879
80721,1780.6903332602583
81656,626.7945546873766
69174,638.0699528023479
57156,1867.3342302106535
91483,1566.9714549712262
77332,2654.3330112012773
519,2964.05385325115
37349,989.7003800044081
64368,1488.5952805737334
42643,3223.1648055917235
28231,1663.2283644799647
1723,19627.45148760779
58671,5955.841920286983
59915,751.0073841704416
15555,4627.951393527248
42924,10726.982547679961
39612,7142.967557380412
81699,4393.93038872544
24649,1348.129158827398
71879,1477.103768320119
26447,1384.3844277717158
87166,2416.0634990528597
33522,1423.295621571192
70759,2147.336235347087
33941,1146.875878894377
58602,876.6961558253915
20407,4692.358584482677
73643,6480.648651360221
55771,3468.0686939598204
4177,985.7282229214784
46914,1884.1128574078673
57876,1423.1995035981781
25160,1883.7288919511452
84210,1629.8871707539804
55021,1460.3349106504925
20218,1437.5014601688572
80894,1733.9565711504542
65744,5146.477286679194
82052,1278.0049124991283
83753,1457.3605392085715
10801,2128.5383682644515
25785,866.1797653843028
21120,1664.3606705676211
6010,1734.3121264459714
55529,1236.6026775007763
91479,3044.417424580325
41514,1289.1679773531632
59062,4249.30361118691
56146,392.05545082244043
63669,2610.2584439053885
89543,4111.301303118151
82889,2242.275840126822
38099,1194.3036797111763
38373,3128.350783991182
31801,1628.15499451584
20584,1259.6274682365715
88838,60.1624864332216
50583,2245.3719141129095
4602,9909.675646163181
68407,1970.2404890100454
2776,1396.6814127587704
17443,5260.279192916465
47249,1619.9563988024308
91912,4163.615741007325
45934,6909.138879318512
34125,1378.4325491387149
33971,1395.336471273628
83961,969.5530219764482
66675,3395.8228786596223
51440,2315.0197594248534
35359,848.1634393550912
73161,863.4663286312998
21486,1955.5756302267503
70313,2340.384103921711
90776,6837.098982228126
6136,1413.125979340677
69750,3475.899597049237
31861,5551.333266041942
36219,370.56967781531966
29202,1275.740099890993
12444,1668.3929107336494
2018,1803.8469777697503
62211,1695.7348499236875
72022,1752.9815332915566
79974,4582.104648949844
62615,5219.66195104658
47137,2655.116914604439
66109,1390.2504878957525
93832,2596.923288505306
19106,7922.939915335888
78483,5720.081510638669
31485,2439.2618360119877
94364,1828.9696452827482
94887,7838.037556858427
32665,1891.1222834101768
87286,1942.5696877733258
96447,1951.1400080276512
1166,1857.725377677822
69068,9507.845194474921
91069,2178.5013592852747
32264,2695.931740322493
92510,3597.9650936407966
11131,506.2189559198705
18035,6500.333982164116
27562,1845.1081321468164
99834,1483.3525991776655
81823,1907.7515431233776
98233,1259.4857362110824
74466,1950.9372685298147
75934,3516.7068424899544
85472,178.75715810941892
9116,3594.5215759689668
59650,9777.26168194244
24435,194.85667771767658
86053,2023.2271184923352
55354,2180.891973481146
79213,2774.090935028221
75363,3192.071887906745
41892,332.43966213191834
58836,3171.494449840699
95431,1654.4018929004326
62879,1545.8000536529858
42518,5701.128489463615
88969,2426.0008979983522
31609,3590.6590330670933
18832,2712.4364705892167
67540,1938.376757471185
95680,2124.3052899114464
47774,6195.115735944235
86688,-41.1725533324111
80795,3457.683834321666
52470,3980.710334571036
28725,1055.8365792319082
5812,2016.8674922732912
31700,3163.9495910317655
64083,1752.4584448764485
54686,1913.0946433019928
12953,1041.5428029941877
23863,110.1859158986017
35496,1541.4075691851808
5663,5798.881211486658
66067,1588.3323170785347
3025,1401.1484037401424
97814,9170.384329126846
43220,2937.5894479240287
23992,3056.8440972357976
20906,1016.1581969182421
63017,1417.5420864097596
71637,3248.0877833793047
67062,2906.7499726170063
34517,1831.7197150531163
27530,1396.4676034602307
70334,1128.3425130058172
30200,3878.033026715266
24491,3228.772203495261
80498,17826.340961089743
59786,4161.246102884657
95206,22943.112116194196
84781,2123.3107273282194
53889,13029.223228075787
86205,2637.381086378211
14268,803.8040015352394
34934,3369.9734691905737
69572,2262.6212729365648
71138,3069.473478720609
85065,3625.06780871994
47985,1202.425313412245
97781,1337.6354286135065
49844,4286.460747191962
43398,2811.8469080903615
49981,1495.7443284719143
50226,26297.943626539207
42478,1707.688071502234
95503,6934.434383190632
77805,1481.0670641598467
89050,1469.3140793662883
24791,1981.5860638385443
63921,939.8093679754984
20199,1092.4553122329717
68664,2622.109825716627
44921,1825.2616533971286
23676,1495.479047955926
1404,6753.754798299304
22361,1782.385037480109
97323,2835.4367828389895
93406,270.23404256661524
64870,1732.9654382080423
39685,981.7545317213585
23918,3013.5524245611828
73640,351.26912852902115
394,3443.760862914733
98120,2751.1213052130115
85923,5734.122537310723
96991,818.9425832219968
7146,2517.9077935395967
95608,3737.50643584773
11599,13587.054502304254
79645,4909.450188678363
45517,2308.450025439087
17466,522.9861682107321
93993,1272.7015713570622
89449,5925.342350901643
92586,2013.2649002192124
23071,3010.09094852565
39222,2895.321086386737
92036,6554.546954485126
70653,5268.105211336505
95099,6524.893818339031
45353,11134.088869391926
22823,5450.965023942663
78873,539.6847071951033
38635,2345.5897811376226
91973,5968.859107480942
14242,1316.331056928876
5433,853.159011197672
39440,1377.1228356771685
85377,7138.248451589789
85144,3377.432759550984
60894,2517.2115814595913
74285,1024.0911932780377
81963,1236.7744471932851
60057,2129.1262026017534
45969,2475.8251942885
50740,1494.4315508268405
38079,747.3822811152295
78785,4186.978430490936
77206,1145.3488322600688
12373,1187.404890577467
43460,812.4127622898732
93635,5812.103470185351
8413,10.84058120465943
38936,640.5262994404502
26573,3196.4642853885907
16972,2030.1760148744227
29896,4664.521455151891
23296,9034.162385469559
52688,1079.2290944830565
46476,1687.6936254171158
17560,2681.1734049296356
35088,4334.20906575259
90189,2081.685426554246
13390,4021.030532790944
33513,4225.288069776268
578,5613.719483475335
75760,4079.499023671427
83548,1752.910186781519
82062,13173.677023901113
74216,1184.8128886815775
37353,1897.8657416305575
95140,1106.869806417615
23327,5546.289867711667
87635,5390.148027307108
71320,3434.884309962954
43246,2163.4293469519816
51330,1496.9792520926171
15128,1738.5546606625649
7383,4058.2317671206697
63877,2918.03862340014
21756,1337.3782021719144
63991,2400.4658220752744
71261,2089.944684836379
31143,2850.244622539789
32827,1103.3052690106433
28576,2258.1934499163717
98887,1841.88157412802
37070,5502.065610601161
37100,2677.613502826285
92718,1559.8128995542738
60077,3515.953772660323
80539,5546.13104385393
89698,8005.887647748855
15958,1491.8130742603653
15288,1566.3200414465623
28280,3823.7719232166864
1793,4722.5344023509
11813,2315.3578320525817
71603,-86.18490397467349
54319,2841.705188418498
32820,1562.372790223732
371,3780.8267856980524
27709,709.0173107693545
5785,7101.317630253833
57869,3757.0618778707612
18973,4479.319822219644
55635,6499.430963841517
56027,864.198585266025
44821,6193.015046570128
15561,234.5528996408857
82555,999.651271952619
15404,1575.348602392135
7577,2183.547330369398
69332,944.9566984427388
72757,1421.9327388089469
7376,16194.811034626558
28633,2333.8001907824
15135,2419.9480907211473
27873,322.0853811138427
98084,1947.728375384394
83292,2188.7806807712777
51572,2485.2738747151675
94021,15762.428036795
13904,1208.3095706069898
38809,761.5064107687913
17928,776.4760881392194
854,909.3953187935999
91643,1689.1643326296867
22083,227.5849943689159
5111,2344.7658068023784
67853,5848.0871328347
13401,1436.3202134759458
83514,2183.548783004867
62634,8918.01998923886
68187,5227.792728875122
37729,3733.208765942999
46321,2472.214701473582
80216,944.4168169362838
18215,4725.0895961814085
52145,1454.126904541392
6653,2196.9668469495705
75524,5551.939313279388
84166,947.0647303881983
99026,1252.9852508116815
23308,4038.6188758896487
55751,3573.3999561621395
87489,3747.6912960467685
96450,1826.5561049923474
87420,2035.9736860155335
27322,1418.7973300988892
27411,3732.657077784275
77833,764.5709738593132
93272,1720.7585480569364
28798,4764.594848755717
3940,1159.1099183594965
43007,5952.822894759684
24343,6062.066513316557
25987,944.2792535203885
14845,2767.7040671505883
11585,3001.7556933006817
3372,1878.7456226714748
91109,4842.55169262881
94497,6254.6681793334965
4164,1970.018354512763
50115,1492.5762495437084
46381,521.5562176889612
4357,4161.27426869191
63021,1191.2578871576702
91163,2979.0387387736464
15380,1222.217864104267
45892,1882.9002250301692
5328,1036.8990698084026
82098,739.8997219239973
64122,2327.761686750789
98134,1543.0190484014615
55225,3699.6217989087604
79105,1951.1175099667657
17374,4857.845267166038
19477,3362.4740023086833
23973,672.5254360116287
42151,1167.3229136403684
93824,1361.4014795861303
82159,2760.2954371592923
51573,2468.99760723144
65411,1218.445990988244
81336,13344.505856433134
63587,3776.5369418399227
72875,890.9822938286675
4601,1453.3599434798725
19129,1298.9266046495122
57921,6366.727842099499
76307,130.5316921693784
84036,2628.53592266181
35986,5439.403093398217
24857,1108.9751881298466
63907,7439.675217491296
23428,2584.603290512459
16429,5360.141110103862
41899,2562.862138502737
8439,2630.6306869248283
65137,1433.4559843133666
90902,805.469232921122
89200,1174.6672234266175
57733,2929.0390340025815
72762,3796.894685429347
21667,1716.681129671654
97160,2036.0058251720939
66639,1718.468472679281
37139,1482.3147930588575
81644,1712.4931014409506
22379,2006.837032774983
94344,5710.574327939459
44954,4688.811627380703
35155,3136.7659104904524
8550,1776.4007159466846
28516,11298.97807759239
77117,1400.6856504634334
33241,1059.460724974016
24810,2607.77951826965
97558,8853.968145985826
5103,1577.2282381976047
9537,1269.889897524924
36057,2111.560460270378
70353,2052.8799818421257
57851,1399.3606600080311
71316,6398.597101759868
81304,1173.3393255949077
95392,2882.738544433751
65997,1133.8228618489775
88473,5015.705833387438
6998,12.035310930254127
13815,779.4915558468133
72690,1315.322353218247
51591,707.8116810674319
30102,1038.5212998851166
71766,610.075162938143
35003,1617.8072064626251
81428,1460.9739038864163
74850,3863.860741629867
25245,2683.9308052692736
89005,3927.5173334057345
33048,596.5262903342887
30597,4324.725165534417
35242,3843.469362243477
12174,4028.2022355921467
54764,1622.885628950551
7966,1621.8341443040476
51854,800.9112586179454
93231,1674.8480602564346
7387,658.935997688538
69463,1175.062541256896
74537,1449.2346195197206
66868,276.7838073404637
64952,3634.9533025366336
41692,1454.9983359549783
55832,1342.5555719858098
8836,1747.428044923484
29018,2917.6110033927484
70969,1803.5824304987304
61007,1302.2299447460823
80951,869.1327785338053
19104,7341.971322418289
97107,3146.8130874944804
71486,5504.0420085072265
80506,1441.749688183631
49625,2595.1867405669354
86069,629.6842051165372
47374,3654.2114372102083
85988,1573.2564195901055
242,3072.312978451736
21476,17295.78026617559
55212,1812.0181493613902
14631,1737.3297969840905
71291,2241.4199412223807
85233,1886.7380021485656
71445,4362.817727047086
93743,-590.9311113544527
17900,1280.1991467391072
89812,-19.946537239166446
44216,702.1045771345998
74881,1521.6424367606537
90468,-498.9003121839678
63655,4714.832543400028
44002,47.53449144197748
30317,1042.3165920455344
23478,11361.658553389145
16901,4648.941576369325
51303,1638.4039856078389
51782,985.1232076184087
93952,12164.83157233246
26794,2925.519327275041
68603,1377.5162337888132
92748,3469.7052585583715
5132,1406.3320019262728
20412,618.0767891445621
3738,1250.644539299652
8119,5935.857022502603
42022,5871.706505994705
4352,3893.8672304734623
5525,3631.710016969097
88183,5942.417925841926
97470,3026.0300163293214
5860,1855.9639414253036
12536,3866.932761585647
96119,2768.6805629414735
62371,2877.9634955501515
44666,2088.483288449782
34892,1502.6148649492916
91221,11235.218416931228
42959,1042.445195840182
63104,746.3664574988034
57404,4653.414953796376
53490,2295.7972805111513
91576,1278.8448058060621
96680,2335.3033714710605
87942,-308.99666564549443
38288,537.3578123384473
47153,699.2348423065873
40751,4513.460927631993
99546,121.28206237939003
19692,1468.7794156054824
68745,6586.408727053963
58162,1288.8767197445477
8004,1786.201934069392
15392,1560.4085484403604
19398,1902.856554123796
78752,616.8052798290546
83288,3603.0932154237494
69120,5855.569461709433
65070,2624.6359032140344
96644,1532.4131323171137
97673,2427.93695036314
6500,15791.78153144902
74397,5530.56095647437
31013,2761.4656379349385
94250,1020.7044279506958
97691,1591.1864054471985
72565,2994.3151987738975
50814,2549.089850454635
60140,3172.533292571015
68194,599.7848780202221
1396,2357.9183607619443
16221,930.695276325207
84408,3285.1923447466347
71712,-484.13642444938614
58446,3152.5048718434427
53519,1021.5018734343994
14075,23801.418131950544
6482,3556.990529174038
32560,1293.0778828107532
55938,2516.2730554200166
18516,3714.128365720953
13829,6755.769294232265
27533,847.8578357968709
44022,2873.3975741578224
61175,7668.5619703485245
26721,1831.8732940469229
87078,1905.6340689264866
10644,3143.2703450887966
58210,2313.000002671526
89457,1222.6357373084352
44531,1111.550953796022
14453,4531.624941103001
82438,-8.51535008476776
4746,2598.834439356336
13191,2795.4941944025923
94829,2665.086010966517
93699,2674.2336850842385
1874,4943.80323294202
94498,1857.8330212154037
86950,1605.4766196131168
11191,1950.6190606609985
97479,607.5656785301617
62826,1388.879254571476
86493,2279.4646279838266
33741,1697.1726009851227
54485,4319.01346518229
68528,587.8121167927052
89024,3374.552209063794
70189,1284.3172238909724
18703,1272.0609643653702
51363,2396.696238555995
88629,2195.0697391854237
63982,2200.3370944984026
25277,3707.1666202695683
74261,86.1096672314693
94494,6706.057976091103
36486,3952.851706433366
34110,972.1028878379593
14942,305.4344836014593
60613,1655.548973015919
13445,1958.4802552203898
22339,865.8964691498595
30587,3879.6126540992773
90162,2754.517028226214
32807,-30.001745532090354
50626,839.7049743366297
91270,2111.82748207496
45927,478.91768067694466
7486,834.3608578637927
12483,2186.9244647865075
49108,1853.205572063593
9614,2509.6108862229903
94995,2314.5178180906396
14597,2367.523323835106
80061,1379.0213759123585
62046,2530.1511374145534
64407,1827.0169752121983
96786,924.5079990229128
67176,1297.764512321131
11602,2338.419458276897
30535,2638.791946453441
64135,4237.308136963213
97448,4477.172731159897
36143,8524.102147020258
26649,2467.018203637791
38413,1090.3688278728878
77312,3923.27659004873
26298,1827.3179744233505
4922,2463.8277833651673
11310,3681.614312522539
44564,4824.91911125458
1235,4249.573425004869
52221,4150.325767234799
6621,1453.360540499074
24824,1283.941003775004
4780,3470.027500085113
50345,1691.023925032037
72937,2275.0682782068498
73089,3507.627159421825
88426,619.0605137336493
15889,-450.11887238445615
86246,2107.500292011208
30293,705.1385687068378
98056,1232.80326114851
70730,593.1353744960834
53275,1596.1313229941748
50515,1217.1184159192276
62761,9787.995613167548
41858,4508.045610360099
53734,1244.7069810653406
51715,7699.277915485931
71450,2246.3291341397307
47541,2315.174148750018
45652,1654.3070714360051
15977,4173.221862138645
62810,2501.3904505576133
92870,1790.0826168598135
14848,4010.2295957937013
12561,1901.2035139543948
74830,1537.8317384016736
36867,5776.734248022269
11735,3899.99935856962
9969,4601.739636613565
52316,4035.2251813510265
91600,4578.253108945701
46854,2190.718941711752
47205,5820.772514851899
68454,366.89490421211485
37740,1447.1877300137535
18588,1667.5154419219393
25957,4558.649128943576
62460,1742.9234709192158
34501,2514.656990671361
29951,1244.5930090856896
2169,3434.2775616617523
61991,627.4220308105355
73641,3119.8166215156953
11072,285.6947491400788
98297,1269.8335958301877
62554,1045.7213629239964
97071,1859.1722006683406
6635,1363.6214192726416
15131,4620.269054470006
46201,2470.374966902999
86771,758.7880771699411
83831,766.5330451944101
53577,2941.2578382150414
18461,2324.7912796093324
1119,137.9288680228383
10594,2068.7647124465257
55006,3771.7302510760937
72685,1788.481271960532
31216,739.6024691953926
50187,772.9480005377186
93056,2037.0491842559368
47211,2249.1588925834776
7385,611.0472299946991
29151,3265.2543234537948
17882,1962.340699182432
74192,7767.712238446833
25272,1806.4108203496805
42961,6694.968200601163
62230,5522.184210286983
17927,2383.641765062521
20329,2878.542188535357
55967,669.6361293726413
78516,997.3900813047303
45068,1371.7132670273713
5978,4126.15552068043
11861,6367.944326153069
48431,4161.821369797658
9374,2493.3520828019964
17425,3781.1589123479816
10182,1824.633311287197
12194,1700.5257469589285
38544,4393.146502300563
72955,2018.4242471438065
79321,3203.360608539376
8569,1312.919621553643
97988,-381.4572419286528
32309,2909.264986526969
18412,1681.2734239287183
90550,1739.7862246565624
75754,3648.6373912159693
87605,705.5344425640324
82009,991.4633830354273
55894,1831.5307529903007
5324,869.6087003307143
35402,6400.770531045452
8036,3557.8572914895276
77255,479.2958348937673
45598,1107.6205022447584
71635,1633.5536760196028
81509,1513.5666210285322
14227,13831.87512619551
85277,1466.2651388612394
75930,2152.795971234851
87254,15612.63936083311
6989,922.6893517629137
9999,5512.491218518348
99939,1318.1906424955732
25782,2274.499520859303
50782,1814.9883248921533
45110,1591.4913035771197
96527,2277.4920053156766
29198,1033.9188045587525
94505,773.8403813854943
82822,4304.352778680568
38251,1743.5800171469618
23488,9385.97265201891
73853,6288.789539723341
79367,1047.8786867400736
4981,2773.824057717542
74852,2894.5639955143342
68810,1970.8948408329059
41521,2549.092495707877
6142,2479.624971923433
24888,7999.753430204241
18144,1802.2220486450212
19046,1081.475875966783
62261,2718.496518563971
18140,2435.3843302889545
65320,1736.9350597054342
53630,943.7439313053419
82325,3021.41098733964
98311,1059.0381453529717
92910,6817.148670938338
42718,2519.059299088621
25926,-255.70805083843334
4717,2446.2941610247767
55866,2315.5483674012803
38401,1381.8310129000738
23979,2553.981419509572
7147,2009.5585502404324
87544,2342.9724509274747
13850,1524.5396552926213
78761,6650.7314787344085
46278,1154.5098330054066
96149,374.7357858394189
54142,1791.7756385230089
78479,345.5571364791672
71914,680.982111948128
7479,1366.362561802297
71855,175.76145044008672
83865,7843.614939330374
19881,2160.106549604622
48260,1481.4051290396155
44632,1782.5969750943163
86639,1730.7951083914393
46649,5635.548529203322
40430,3065.6319888460416
40098,1803.2732988969976
81564,1647.4258255505592
13333,2593.3057522872423
73154,883.869614032249
82677,1062.430236430524
72676,1129.2514409877726
645,1992.055791230289
65332,1486.0461531298215
36644,2685.256474385982
37097,766.2760686035203
23427,6361.324110483037
68760,3179.242395245509
88651,2398.282423096874
30101,7759.873252946954
72535,2828.2170011920925
7500,2098.074081395116
86332,2246.585892494887
62686,119.93374104320856
43779,1321.5837173679874
72966,1675.8710133747693
30854,3709.7223441937763
55346,2494.326237426588
60966,2921.000970684314
47854,1625.2199650328
29334,5555.243605821963
31388,7565.563174014411
76052,2538.1447380338736
87692,1748.5098247770084
7367,5359.297288869601
29830,1013.9585666120956
61322,1411.3048682767812
7457,2874.4589541978035
54812,1580.33519239508
57004,6955.073304008065
80622,3283.084924413264
96819,8384.185715273221
95127,1592.4792509751446
84933,8735.466227026116
78049,1099.7021839222084
7096,3404.7200460387176
22253,2555.8172294992805
45957,1857.1659694775258
622,2381.813928695975
37979,3487.77399722319
77273,7736.55374623535
14720,1882.0365104845184
99975,4728.518984404091
22254,285.6881080216385
23809,12380.372503363793
81951,503.6262580768871
79030,2218.3273307342934
49591,3820.344118335315
62481,2064.207260272362
22885,2457.3113690730584
59411,1832.5773372887095
48653,1838.691039383391
8427,923.9420613470634
72781,1277.0996440285967
36093,1922.272121562552
68395,1365.4158119657004
28704,3131.070142688087
51592,3637.8771825186304
82152,1868.6703848781597
99480,2863.64761049824
69137,1614.9747678869826
79090,2005.9990596619868
61516,1835.3522427988955
93239,444.225292803505
89915,2588.617465293847
45962,1502.6248383333768
96838,3997.734003881432
70905,642.6160855482235
98221,2172.616116542543
634,4305.447054099579
45237,2066.181125408988
5035,1220.8638939167054
2557,5268.006176253701
95567,1904.5193385648472
48466,6155.414249507319
33147,1596.1671657438496
18712,5599.149951308133
8894,3723.2106957848487
19441,621.2905466612438
31279,1799.426124046614
78885,5126.597819641428
95317,4571.990859546608
65668,4187.149873717906
77102,1381.0085441696992
10613,3762.0939081796596
33444,1756.9112442030807
94555,1723.0895022885934
62986,1.0329174125813552
4498,443.1015343492909
8548,1568.9474022644517
35809,3279.702899281354
31640,1709.4553447056765
96315,1034.4726612569198
56025,1326.766776365062
72126,2255.508363698911
28050,13771.18146684988
45682,1338.884323723194
41809,1012.6353456266593
67692,4143.649156169024
11783,-218.50460716478574
77063,1821.9762094608805
90743,2816.2731075631673
52150,1740.1478717651805
91288,499.8297499080345
95958,1006.10795806835
68403,1366.1096917554196
56329,1432.835583920436
35973,529.8125438391371
84473,1664.1849634004388
55576,28.796288625333545
13960,1456.9660338393373
53824,1323.6918724147781
29062,3460.3433487179423
10721,7399.854682658957
55794,4532.248695859524
34270,1102.6347047490794
14159,11374.926539209479
34461,1443.1131874985917
52939,2911.65017807801
15581,1462.41361754848
8540,2026.8115996950555
95309,-274.8667709731435
78086,2193.4304569698897
9339,7154.075096867149
36508,1357.8127129546601
56119,2760.9165483294373
39441,3379.8339644531175
95829,1918.1290716190347
53590,6465.0836615189455
28679,4161.4607833262135
31523,1068.3863948587373
56291,2882.481988296035
68014,4331.254447380007
6699,2476.5524000798405
24949,2697.928485286784
96274,466.15070784897716
1958,5264.401989673307
63851,436.82874585585614
88839,3936.1659167693088
72732,5423.452861822381
80618,8272.902982801465
47035,-264.66594923518096
93614,5978.648648567911
1196,4641.299604957219
53272,4281.828748386293
14418,2718.161183279314
31313,1911.3954478160267
38365,1998.7510747510764
1210,2985.1500157937835
85608,3254.9935800614426
53805,3105.5668792356582
67991,1824.7828887316648
38078,4586.66404207685
80009,998.5231040851904
78169,2080.21385483975
56422,3825.3933015619405
50192,2845.5417468345404
67778,1130.3522536081941
66682,2770.4747358172312
7978,859.5603941163017
77866,6195.212726782513
76956,3663.2698130231206
46558,265.9335632349557
51292,1258.688689293132
93138,2349.611720479601
51581,5892.579113631066
93115,2036.4675081062844
2816,3444.9997210948004
97763,569.1789646196662
78365,1663.0097447916382
44209,1982.2243518768692
12624,633.2372156250317
89000,3499.9830118134832
53455,2725.467563560399
22202,1271.7625278088863
45771,311.75186097070673
3989,1588.6120949930387
6916,1187.4045543672655
40839,584.4712690295228
77963,1259.980484476509
37497,1759.706011998295
85832,798.5532568081917
7819,975.3390675748851
53922,1627.0447539081172
83667,1806.2919891667289
1459,6458.728243483569
23334,2408.22082661442
62557,227.97803377609216
68975,2749.047273413603
46758,508.7178415554099
18091,1693.2620435275853
25915,2511.8994346527643
39790,3296.0774056179557
51123,1802.9510943032703
64170,9948.588645647646
70708,4686.605410163369
18958,809.5271110339431
35325,1471.2714904953418
55588,2255.569168736736
45733,1852.3016350536868
64462,4131.715003876749
10678,1539.3257709335494
48202,6351.747958768522
56404,2398.1563617063903
94712,2224.0734155958326
26500,6884.007296909631
95666,1567.3997323728645
25434,582.1669014712679
69122,2687.7748037668116
96673,1098.4046052708118
25812,1727.487990938071
60067,1443.415968511887
77773,1211.2786100534795
98085,4398.868976941121
35677,2625.2035669842994
58223,1883.8632058104686
50858,2101.524464854561
58841,3087.6766204307214
92839,2157.539820315316
8529,6467.950963390613
80507,1060.5481781436256
65988,991.1583620648794
17141,4115.5659143162575
41326,5606.800072181909
53517,1460.5576266776734
21276,1044.3707955372765
48517,889.4218471562745
98320,1004.8527033461269
96186,840.6113766551107
3292,716.3185879183375
1440,1922.8087187580093
88157,2108.999444275057
82077,1615.8275427711412
84343,3415.6232941131916
80553,9581.659254813836
1001,46.830532488253084
31166,3514.3552061868954
27497,1694.5617955793748
9675,3034.2893773040514
36715,1154.376017559944
23829,10591.366095140615
58951,2584.000352690573
39072,1322.9145247490228
49435,3111.755792499929
56469,1816.4803271439666
23941,4671.875548299244
7602,3277.0972220184703
34051,9089.40780706707
70747,2201.1180460080673
37914,2572.6375776688465
65652,3285.4030244945675
62965,7414.004617804358
19288,3373.3734793668914
47172,3489.2648832344753
89573,9058.937250597048
59634,1872.5568833238578
95880,6207.797694898849
56115,2577.655203702367
76037,5446.538219714454
13789,4433.559732115448
40882,1133.5614767361208
13557,1511.626542107685
18989,995.9362570506528
62942,1058.6299629579166
60426,813.9640452297026
83213,3803.5795980388298
87538,2228.17470578719
18680,2850.5950300342743
32379,2691.0037090369797
95115,1475.7928413173427
85959,5805.617885904198
17571,5289.840779751994
34712,1854.6608833851305
74482,883.3740489712513
90410,1406.5021990678692
72131,17903.45553477538
63709,1935.2661533920057
10586,1776.3659706193403
88110,4490.457149371172
56829,4139.4778181688425
45436,344.0010258805014
34744,2380.48990550046
26091,2389.905769707722
3124,2724.312653401102
82267,1689.8615640806129
62255,1621.4295023186983
19876,467.1495380532124
95129,1698.5478361847818
1093,1328.7102602735235
70398,1387.6843776422957
52340,1602.4337833269497
98758,2855.8926026960576
8710,2394.2049290146174
54688,5703.262161087521
27147,3517.6964694841695
73075,3767.5624420223476
5457,1088.5510086617378
69720,1433.7088254418213
29763,2869.1537309592727
60661,1773.900212715202
22156,1398.8392505811707
51477,774.7595426036096
67482,923.7627877580976
76828,1848.1268025364973
7523,2642.7194050545245
99342,3450.813440867669
97525,1696.504420657108
26319,8372.928902347147
39875,923.450094552772
74954,4261.167276935744
99826,1308.3847052110023
41793,1359.5601885171518
90023,158.62500304131572
14152,10063.314831029456
78731,6086.459891390372
11169,1073.0469425998017
98300,1901.446009351249
90765,3201.467030401207
3160,-60.854987728716424
29310,963.2299934516841
12110,9196.790779475084
99822,2031.6640745498587
33025,23436.020822562874
55049,1399.516549447631
83139,3273.347975207753
10560,1123.6696749109883
30905,2005.40237746983
31200,2062.009445051535
90749,3600.315010289303
69099,836.3761619474417
82876,1546.98168816317
63799,4837.381158679076
13217,3152.1250782478814
45036,1719.9521621716688
54250,1225.97041581958
67974,3476.14560988394
6915,4392.565939843109
25144,5030.768358920255
64288,1759.3877182393887
11344,2425.508564935256
71534,439.3561144011737
27732,2062.7784059312066
20258,3158.68425967342
88253,4072.201692480795
47592,1398.7693130380244
61814,1677.566027888572
97855,1796.779490082123
27766,6455.468181217886
7882,4463.078694932995
75217,2560.860162766825
47501,3495.9073708111277
40386,3353.830823506336
8269,1522.4231277430954
20800,654.8841817231919
28465,2726.4656099510357
85755,4424.239303310311
67790,334.6073066944509
94800,5809.445124393989
75133,1518.8740500196132
54841,1657.6451567962422
69198,2123.494110751552
24836,1802.1490855004768
44283,7182.816586744682
44139,851.4023960756685
71963,910.733183098946
52351,5200.274571887703
34759,7390.672834958176
80387,9252.439663253286
2294,1775.5212210382435
94254,2059.365817737498
920,2984.1865739456307
41233,384.7163004470499
64470,5847.16944468833
9143,1094.9950690185933
45334,5771.319879407723
93029,5328.22052388175
52718,1248.6745182167201
57929,1375.6326458657154
5493,2414.1712407047235
6392,1690.810717227265
52524,1233.6457692779027
88048,3591.6125463238236
66901,8130.535080376661
6655,719.8447014813391
92125,1387.8369867183956
49110,3061.719401725627
96638,3334.070145118304
17504,3720.9386679752756
28340,2665.4423822036597
95873,5018.488703556066
22459,1809.0643435749898
39662,1958.0487805807816
71952,3503.950240978887
40620,174.30065494055088
99264,1050.9170357862422
51939,789.8477581814259
46450,924.9811989542218
93611,701.0337849461885
94717,1258.0614671131566
29324,2881.8667674638878
98103,2610.001587736231
49869,2356.056186359113
47866,3086.1561642098613
22337,9178.447658746973
96012,-450.7799879396007
82487,2350.6742767011838
17286,3341.134425903067
61417,814.6747453300786
80305,204.88943948172982
12749,1090.8960819023714
74829,5270.306751317975
12438,1753.5852373450084
31252,7195.109942527897
32924,75.22021811454397
62385,901.3874554262065
21027,1131.8734455393997
69218,5479.296451134796
49985,1878.57315974288
56013,645.162930945597
68737,969.5015362979884
83033,2827.5018343748256
21640,1736.1624172358113
56474,1087.25165667278
74861,3213.2399767651837
74116,5448.7580760040155
53554,8118.342609579407
1516,3282.120650910461
44671,2245.404598953818
4951,3786.738807868018
31287,5398.75729487263
55508,1135.0807607467577
44461,770.4049018172846
29677,6123.199792417326
63255,1512.3703989371438
9524,849.4397685668541
52671,3983.0455078388027
88320,2338.5169276294264
36687,2965.6707709255934
19412,890.0446388683349
5279,1961.087944066861
16222,9143.263537087507
7019,45930.94056427966
4526,1095.2999666847163
44610,2961.466077034477
82970,1205.0744144962468
83245,3031.555745132805
31779,11945.033845169964
84519,9586.61059504933
37844,988.4745550077992
68511,5458.115980060337
92732,3753.295880452343
29186,-330.12407850452337
62702,984.5441802855084
42656,4465.456941400328
70358,790.4239378389339
46227,4663.937719112706
87393,5168.025780591583
14270,949.0981323484052
38443,3625.3942614077046
9723,862.8252663874991
27975,4785.813391122269
44948,3152.175304425444
67861,851.1663666818063
5864,517.197574929502
87723,17936.726719828086
18118,4104.896968111534
24785,6534.810451895323
16320,2097.245076044509
52789,3939.1733782954934
14971,7353.9364746556075
6684,838.8899720911477
99247,2008.5189040110936
75170,1169.899060241919
59510,3032.7383729976746
16638,1826.0340014611418
21222,3730.7527288694646
20615,3683.188934874135
25705,434.5601834993595
79631,3744.815126335619
14481,1490.0553756889353
46794,1300.6522053941803
17130,1739.408120085617
82635,3508.5801005159556
87645,1440.3696020019424
37813,8778.95451187621
67172,1654.3682970695324
60002,2962.4112477567073
35250,2230.7874795709577
93747,1133.9657850271574
27406,5095.293806469746
18061,1455.6519855449574
50880,-742.4918838542826
29480,1861.5424661471702
72872,971.1369883436801
96079,2359.5069222593984
39256,3567.76430126341
36520,1983.954794958521
70297,1683.9646598483123
60081,1560.7182924279023
36289,5209.581616381803
36099,-328.2277128466376
4026,1185.87134695463
64325,809.703110422306
19400,5811.342878865146
21670,2152.5586229603805
92465,802.6051869095945
22322,1593.1459624836916
18552,7394.813015870732
27846,3727.6825319191944
35728,1784.2913297267362
99785,377.50735415531926
99149,2549.6468956721374
44660,2079.9516998009112
37299,5286.432371821554
87120,526.3835691549266
65099,1862.0052502504461
37794,1922.6344485043023
96966,2932.304816768006
12611,2531.4773178838686
50242,1551.4466377140188
96062,1668.9388943785968
2478,1203.323969345865
42274,3130.532735806337
82371,2795.715330780349
14955,1916.0268054017847
96544,3186.613381341973
90516,1492.6748206805892
10735,1698.9406359045176
62035,1122.7377082589574
16048,1331.7837774769055
13999,1527.616929416541
77159,452.6680893112016
13239,3553.4215365984433
8328,1343.1968191039136
97943,2684.5279428029476
77817,3392.142665455359
31240,3213.5285916607254
44934,3582.3717957128188
40319,382.08687370337975
81758,4172.929097455226
34497,3962.4494000920013
2047,3130.7009271270626
35110,1389.0878822560544
19155,1355.6077306938655
57312,15644.463719786896
29447,2503.0614466503425
67456,1229.2377639582432
63965,6601.074164207972
28481,-478.0879935613666
60598,3673.2294401140903
85384,2244.6594196267524
83220,3207.738450599718
17843,671.1636268862921
9975,2174.7701784933915
28057,3618.57467861748
90853,1207.282111398024
4234,1354.988134982505
8749,5759.996579925564
30041,1642.2430326783865
63564,9404.649488018431
93892,1766.4554784723243
64413,1951.394319278084
70028,2870.217536994045
15650,185.70844782645554
88752,2347.447540835693
26184,6322.658304941307
39851,8497.836907770394
17375,613.9735620349393
8723,5565.109355518421
56132,16866.819326843226
80699,1375.8089250180092
9193,401.4426835980903
55785,1781.7211560858093
37612,1842.6005124483215
9387,541.0146557881098
27705,2392.837044233196
90374,7635.509353830057
79624,4162.586466191579
42835,1895.9212932975709
56688,2432.767970474083
63672,3469.7491770064394
47102,1782.6268162083024
21489,849.8270809389214
71021,6398.952213273049
40233,438.1032349164175
73329,2739.498548655041
75818,8247.870566606623
95020,1282.3784723576923
8145,3504.6800588882984
86330,512.8379192787588
72735,6847.998231385256
90039,2990.6128352104956
853,5966.445476426587
80211,668.5257126435608
35528,931.9306338594488
17810,1768.5579429350323
38861,1359.6357221271387
12718,2650.211226956149
54163,3322.576852579473
46530,1667.2848994418127
74837,1200.5937178057725
67575,5439.617072461344
25713,12557.146043468341
47024,2406.74337850154
71044,578.5663739779015
26919,5909.387044398316
42995,711.7683404429376
94580,2885.426543086679
35333,701.9084763037672
24747,7134.726875134024
40564,803.1163026840591
64628,9428.095317493058
86322,1724.3167621392238
85673,1368.8520796249977
12622,914.1686453544198
18750,3419.030467192752
41266,2300.291704042327
70785,8510.05119935212
95237,5147.331067524257
84828,1364.1523745346208
59417,2140.300680237043
36168,3163.1684857338814
81858,1639.0117004720314
89931,5258.848742255456
98570,2783.1086252050927
74906,2070.6955632926274
33646,10389.232412554276
46932,1649.9635770438126
16609,1300.854071852932
88036,1185.125811999489
12153,580.8492566786877
70719,1865.7383602733985
58506,555.3084643824513
14002,11545.684263567744
95974,5408.870573116796
51002,1406.9817456377555
65330,2919.316488890798
16272,1891.5910157223132
35698,1472.1238631555561
69163,3064.597054870502
22167,2799.3833717064053
24864,4385.2017173951035
55692,2718.673774332793
53447,14907.030899573507
65035,929.9829721285141
14708,8341.998224377981
23164,4503.787272715141
53573,4824.977959609037
50662,3248.088672173625
49401,4470.435464446539
12757,1490.8624275065035
86579,4212.540976656346
29762,10127.684410295631
40439,3452.577906553168
51987,2045.9129629222396
53252,1860.0681930391072
10911,2166.6460930928242
14588,1306.7688207823467
70553,575.0026705366627
96606,8664.916722339833
24342,2576.5334314467095
74421,1336.936931856585
92540,2663.7702809673974
99031,2429.7631598715866
80624,2017.546063271075
90040,847.1994571037853
98152,2024.8652282502524
41764,486.72671112761736
47967,2034.1054043849326
35710,2931.5346163738013
59461,2176.7765755733844
80218,6238.397742465407
56522,2540.2012646021076
67630,1406.1323355862046
78562,424.0565003874681
2742,1420.6699416993883
35514,2697.00776852751
46945,1614.8038162120547
61844,2250.0083543295154
70924,1168.304392238907
89731,3776.312324414909
3562,1435.5021132690126
52508,1972.1971975865706
51150,2086.0767913852505
6861,13176.561238694509
47296,1540.2654452762013
31391,1853.5194076432488
51760,2725.0762062086806
37984,1199.2114908560561
70662,1049.8388158671005
92993,1535.0440276147256
47220,1590.7565922643203
44168,2461.857891565198
87963,3007.2197800759277
91567,3759.674495532068
13550,598.5147297551912
42491,3701.760621551049
1987,5906.5834151295385
63210,6056.397184976098
45075,1460.9962228720601
59851,1460.1974640652384
84431,1350.9243164994755
91669,8844.080814507204
5656,4378.077940872216
4612,1000.3051875362908
97204,2587.053984881597
17074,2040.5864917773747
5003,2145.2445320874494
87955,564.6295501780014
2266,1899.7018193744932
17609,3430.004896101321
46731,4617.495585577413
44445,794.944349682462
66561,764.101862214693
39531,2079.4227160818496
78671,1809.64326915073
28388,2601.037333627086
98802,3206.290566845604
28198,1138.7336918197902
41834,2358.1385585203225
52559,3238.367404027844
67552,1177.2915118416931
70493,572.3799977193212
50307,1531.4732937707176
91808,12200.42233932617
5322,1592.102904430727
3953,4321.590157197175
37392,1587.676580587418
35269,5967.786780398263
49778,185.89075304370908
75855,1518.339087542095
83803,5692.332377009793
20972,598.9650166125234
70506,1913.4863597239855
95432,326.2601051740785
82125,1089.2550543305078
72731,3151.0534314214588
7188,608.66639588821
90482,2133.9953418788286
81451,5081.94487155434
9280,981.6107437900027
6877,2956.6062150305697
27113,5588.8502058843715
95960,2630.4407895773197
7072,2351.7529888791632
8914,3989.375742230653
49397,1528.8546110237853
90087,624.3544505854725
36536,3960.037737434734
31887,4197.307173930882
72881,1144.9011009514788
84826,668.5118827925544
51500,1207.1931591864422
83198,3106.4531814889538
30173,1747.8710793500036
84594,5117.929550304674
89339,2688.2443068906446
66893,903.0514564626365
92774,2028.558726233548
19045,1986.7640469282278
33977,2023.691565874861
22024,1740.7708121342228
32965,2354.7291181778937
49563,1162.57066503831
12578,5392.764413662288
93109,5480.364172297452
69326,1573.9112614449723
57034,488.5803609521845
6291,2950.2055608335563
10656,5273.733164800778
65692,3565.033066713519
35167,30451.283786282103
7382,1739.8441042257773
68332,2406.67915998205
27550,3232.6952603134164
6051,2525.081297238398
36373,3684.6693706601623
18337,1438.645919150803
2970,1680.0802426162036
47902,1505.6985620207906
87960,2915.7081513052326
79768,3736.1692440736647
67312,2260.6448406426034
27910,2482.6945612834897
95973,1246.5541303395748
39384,3764.6621027537967
12408,-243.09712010083922
23479,3337.0037592110743
96041,3895.995285624669
1451,2149.7229878145768
54081,-47.33716945506012
63886,2961.8074934824854
32779,2410.562285908294
44165,132.75167434984996
50911,1252.108964580424
35025,5374.033099947651
66110,10142.697423662597
79386,1690.613869872029
37833,8349.765495258114
35217,7742.037389599018
15817,1918.1118189692404
95624,905.6325572432879
44061,8701.421618434928
59738,643.9338411801373
3950,496.40857046268957
58518,3955.4477837256586
44871,2927.7693431356274
13464,1976.9370680119794
50451,5717.49616502483
9470,-623.871057332326
18582,2726.9939411932055
53432,2529.3434856512276
16368,3609.531722718261
25534,3730.881832317066
64293,3365.5973926467063
86833,3777.2708508215305
5202,5545.415014703638
35159,1071.2276890851786
14770,1611.957086942836
96271,-410.6905467456345
13562,1663.384008903611
29855,1514.391437293335
84256,424.58037467690065
28071,1872.6001199891575
48138,3527.8973369003043
21407,1284.2414481540982
27206,1695.307631861604
78823,2064.239768169494
58871,2139.422209175321
42748,628.2834749741323
99271,3381.36799886382
64110,4780.584078964856
39401,301.27742781280267
5685,2506.6078173577457
89260,1660.1247970125874
70333,1041.6369201862726
10862,3800.4151275931745
53732,1919.1324730470542
2389,3192.7422980979895
17752,16238.241833997243
217,1566.2198623460731
12471,2996.300010126041
13584,2515.6421796798213
15940,1580.305371084054
2327,370.11138146734174
95678,2209.114128231756
75595,1310.248507159767
9977,6024.50045179414
28484,2907.4847066486764
56575,5858.995869273622
81922,1486.6487327958407
91068,4013.9459850105363
93203,-419.25444518756876
94037,2804.162617780469
97166,2116.6664911526414
65362,1997.635891999329
90547,11943.555037309774
23819,4609.479985359051
50867,1325.8631918580277
61390,852.6618215714448
40900,3729.9288166826245
64240,1053.6847118354522
42638,231.97175695860415
65325,2884.3504693436166
86464,688.1722684837964
73660,910.7795711916947
33469,-368.3933735047531
73423,7415.173783116075
55773,2770.8650982130002
65549,2788.524062678983
89350,724.1747530206885
26738,3119.659828749386
89328,1518.9596237899068
8517,947.1178930554347
86667,1341.0467818454945
47462,1874.9577818703315
78291,8936.139657794549
6769,15903.510932065916
8969,4141.828124673002
99560,563.3684932750793
19223,1951.636876839707
25372,5881.801651909942
55991,856.2854863705193
6124,8141.4282753746675
46820,-148.42203190672763
5626,2727.9975024214586
96927,1081.7399728789806
87585,1166.1462588699314
29273,3447.6912487074483
85620,4771.950142156498
70385,8164.47762421799
58371,7899.890248436052
83839,2610.5935775847324
67243,549.4723078400334
39659,1324.3603560205183
37893,599.2431878938273
71204,2564.767510423155
6726,7319.314575547474
53857,6491.451767254515
23220,85.64468604291233
64649,1524.364840956172
40778,3894.131439705565
88636,1224.4547358265968
49485,1417.2888783464437
90958,2078.3592745634573
22118,1173.4084575045113
72936,1821.375729259627
7838,1964.1263016394473
65673,20227.153836226462
63411,371.50304296154263
48833,2804.0821526269883
71354,1214.7422722019
71347,9964.776888318473
10676,1617.0655192155414
23999,7899.507067606287
13658,2223.4282818668735
6087,3922.9029058216756
99419,5651.780322495514
54433,463.3467172473538
41064,1403.7749784039647
10659,1705.335772778552
93107,2083.459689442856
26540,1212.7558796910325
93092,2502.7828697517753
63133,5824.674356000746
3568,1626.153864591879
31220,1521.4586614047548
33946,997.2521154063716
80810,2173.33260095084
81475,6975.111132369302
44338,3928.0654533413103
41781,2827.746904279642
49616,4655.842289657495
80160,3010.009294062221
17479,2944.426521889781
60998,2072.841081194389
6360,6262.980695050335
49456,2774.9381775685356
91065,680.7409990990159
75137,155.38913909071698
43248,1397.0689762003449
96262,2739.567251092764
45255,4699.256613198845
88962,5665.753802653693
45441,2345.94330436113
80659,2484.212274887694
84537,2108.507995957319
29355,1038.8089284398188
63619,1069.3366778572945
46744,2550.7259653969913
20301,13547.818255723469
80955,5948.013001930769
5971,2837.2341134623052
29611,2719.631950134371
91685,4099.6742771430545
47167,882.7282142053009
40756,2671.110388706051
73113,2483.865052733226
39788,1051.0608628306354
47106,1738.154925821975
19483,1883.145915906878
65265,6264.79442784469
34181,2172.7276920613176
14044,4419.416585680888
12584,1644.32308677902
76578,6107.919338825719
27981,713.4940257872545
78211,13168.634590455793
32098,1696.4844550028579
57591,1690.1143822432723
66844,4898.355461844981
51426,1116.797736900266
42510,1444.4018561069402
6721,1150.4228612904385
14337,1327.2710675827266
23322,6911.907271330573
33805,2875.5776503850557
84190,1272.5224987715678
56015,4174.998253672519
32547,1801.1746781646295
41967,1704.0298090345589
3220,3718.976469695692
85975,6242.399283429109
4396,2173.928560403788
79733,909.7313611007994
71256,2881.3614682721523
81273,954.2508689161141
67149,4988.853180857806
75748,5976.962374972767
9354,780.2506483594229
17254,4850.980720291287
89084,7180.37967504669
68521,1683.800294677943
63736,2277.2865581219244
57711,2715.0894028439943
76914,1817.1140406639202
11701,631.8663894070551
12936,4276.226719095901
30832,1306.7728972788636
21595,11670.037428060585
2674,3870.1129535986693
78608,3171.1481278019346
1859,2270.1247584776343
37874,4148.26664539198
49166,5825.454444505679
12969,4860.95878554881
89569,1963.0593536583922
50912,1718.9697344131885
55560,477.1632855149319
79283,3354.584026589033
35020,4878.57378248357
43794,1677.455368489563
44802,2102.201041742036
52036,4973.186403617154
10973,1898.9678889231177
60147,1013.2915973746794
49059,4831.042423059742
3626,1500.6500519895144
33036,1686.9378575713006
82485,1051.9030021001595
10455,1108.4475944735482
57731,4404.600979535987
33162,4747.745556623446
97772,2948.4644758417166
88800,608.3132656756266
73835,7530.921448628362
45081,1981.3568968796699
99001,8236.422188663739
4594,-150.8416301545535
26450,905.4554762358234
90264,2982.9995702574342
62067,4802.816211656767
30224,4795.663904323807
99255,6484.402330102379
18943,145.8769802752645
54589,3256.214376753692
93840,641.8681400334581
94513,1613.4975999810279
61047,599.4464459535739
38606,4816.837450438937
59283,1029.162359594564
63089,1710.6166243182959
57577,1573.7770091866255
74495,2061.8109319805317
59719,3494.5693071911232
11683,6351.018823686776
37957,7637.8465822038315
41660,2697.8690537899624
98803,1319.913202763349
81566,1857.4739207763425
121,1648.3738568638998
74943,601.1111403707414
3050,-103.31435245297507
99709,8615.900324555687
27239,1099.4548181343384
53985,3914.782691841469
32667,4636.3423874716445
59394,1299.6955329271714
8428,1037.7477923332422
50823,2311.8665661918812
83702,1351.7546968296947
19305,336.35846614346883
8955,3908.120338063423
30326,3700.396224852745
53337,2045.5938378329986
24702,964.2395889465238
6795,2615.807333394887
77823,401.45906796309464
13880,2815.985862197278
95805,2025.1275878845267
3279,2218.4786989116437
81431,1368.7308657160097
26797,1951.388672902554
86080,1829.2095109663505
57191,1325.7428808056047
85793,3519.654888903476
23432,3043.2194939332985
96557,1193.5385132927709
21836,4679.637617176102
53542,1203.921437653893
98865,3028.901376140164
28158,7614.735375760135
21146,1259.195105641394
74359,3079.7262684484685
10232,2394.247253692608
93155,2348.178667325482
80270,1098.9481801486809
93305,4219.206755170128
69321,1114.111452637726
43251,13212.288535591751
20923,1471.8614621975362
1387,2141.0739532224957
41259,8300.549844398427
79193,860.6946186512414
66521,2758.368306093468
7947,1949.6811344337575
2343,1053.2883036414705
52321,2228.2494796304964
25742,1527.1211644175264
48646,2167.1391678101045
64882,4639.668888781102
66176,1841.3166198295096
74827,11301.881354646197
14202,3802.934483677428
28133,1413.5707747467777
64514,1268.9868522087263
65785,4087.8166022209975
66018,614.4943438476716
61697,1094.4009186485891
67061,1914.762677051652
51838,1369.9315988332328
64115,1710.3902216621568
92779,1000.2136783777578
97454,1951.420903570519
8009,1629.9805586269138
53644,2023.280547408899
97189,1434.9236743977654
21439,6946.800345881695
938,4159.7214909024015
39096,2381.890145731796
23649,1700.525656363175
16719,3198.8460125238666
1837,671.9580576710146
22626,1310.6772638505972
33374,1993.924176579074
3877,-99.0088043139699
22559,1247.6981469465354
37384,2128.681730013317
66950,2848.4055840269543
20143,702.6537693790742
38201,3500.3733608784173
70231,1540.7367172458312
18449,3831.3927059418397
54034,1473.436315640367
15637,3193.1133604378933
18894,1957.8690964097661
63998,4354.808291788284
96573,2226.3372629077776
45941,3264.343729559484
92727,2378.614026847776
94211,2057.783877545735
95517,4813.93771599108
97472,1662.435133473634
91359,4040.889988766556
51366,8828.336078750679
76256,1042.7158481931046
47815,4073.3283108843543
34690,2110.576062834301
77472,319.1901907897659
75798,1613.1336680676795
55214,3363.231285258028
67946,1644.398986162235
88645,1662.0306074892196
27541,5705.4463767763555
55488,2528.8154314616886
30793,6760.347498159077
17000,1520.310461426462
62077,1077.5478150629142
29363,10778.973408978112
86082,1919.0051063121389
1801,1978.4482093659578
90038,992.6080465743398
8391,-105.65409489289414
46629,-234.74812413457767
83199,3772.9282423442137
62722,6996.255691609453
40034,2615.7043182677544
48813,1004.8536845237827
25408,3301.1943719371284
37080,2630.796143214576
5264,2826.906997809906
91209,2361.5481613728107
95162,3507.014127294707
71636,1961.0692890338023
45106,5288.759354704653
25041,6939.655650436081
60368,1742.195166645246
22466,5080.99591438937
25841,3332.604007743259
13595,836.170292657092
21451,2079.6493303905513
31727,1237.911454991986
79062,1118.780127660341
17587,1223.8928732856843
92289,842.8956113097829
69686,7803.527624682232
4960,2652.2720400641892
93457,4344.089876235879
27188,1658.2315975079443
66498,1616.1291719515043
69595,1732.5037353155096
75965,1135.3588266705865
16021,1258.0565258855477
45366,2207.3535047070136
89607,258.55282857091106
10777,4544.466431457384
77400,4478.035803448633
8276,4695.627633294438
75126,3307.616981753115
86505,3131.3313638482186
67951,292.6082731704928
64862,756.8142834708465
83331,759.9147842826806
54416,2070.1134919138403
41924,2144.4432989533448
77175,3773.491778741047
78969,1540.8764651005376
2383,2637.1873571652304
44967,542.4037971477333
78517,2064.655373491767
85181,1391.244948575099
46499,9988.788335414793
92255,6077.474587341821
36666,3234.5622641015298
80779,1427.396009935488
26664,4355.060877796691
31298,3095.440759570341
44684,1015.4082164801653
65502,3638.026861077715
58873,2294.8934516924082
26186,4077.4568189143683
99350,1934.7463492366562
62488,2988.4735295429555
84173,3308.1085884962567
30025,2203.779392516303
25470,2119.8458978651424
4902,4134.657735495542
57702,20903.971371483505
80538,1463.576450003352
32975,2338.0422446925877
2304,2559.995020783162
86134,522.6521306545292
3681,2515.9754436144603
56889,1386.6398756219128
61669,1918.4582206096925
53927,1043.7582295201155
64376,339.3237534956311
61198,1830.8776450374817
95832,2529.1235535473106
59226,1187.9064293946722
99598,1744.1233808483587
68108,2428.635514183193
48771,2036.6723737174361
72555,1027.0730580285408
3961,5018.744269545909
17364,3765.823041415828
56838,16554.075822972965
84636,974.0750123656103
82681,2328.5100912399926
55209,1568.8606916521858
29245,5377.021934050841
6488,8086.327628524382
16420,-49.28831079929023
29705,10294.173817252427
20530,3997.0480590057055
12519,3086.245517741615
44766,2155.5641231389827
65132,1822.207260400206
81628,1720.7950314453387
52985,3175.955011042874
41667,1197.3806703705673
79421,5987.942125790603
57931,10883.367026043245
94639,2441.9136163776607
53367,1402.099312548059
50078,1698.6655867937402
27661,1647.6720313328838
17518,4217.461418680514
85391,2604.0898515943086
28438,2006.0143867791596
55807,2451.1243654756945
9212,316.1301771780627
16350,2717.5737128297897
27597,2108.121663404724
62062,3251.314431474463
8504,1792.6117348111181
1784,7046.635435277605
12660,1783.281954097755
99858,291.20069683345355
805,2579.3776502608494
86703,1154.2344582658534
77541,1530.3690149380527
98689,1693.0983372769301
63268,1083.985116079266
33598,9122.001260339712
63578,11235.611622687808
59377,5251.856618684756
55010,2080.1105605541134
50210,3088.0226068105258
74324,2078.4067942538986
62717,1715.0378976977372
59496,2495.5063883029043
72211,1516.044308640127
90762,2036.4618632963818
68471,3083.523719357478
5814,2894.2808037388127
16834,1314.2893605695117
91046,2164.831755287344
28585,11251.784822064008
94332,2125.7572275062685
49222,1357.980529233715
51252,2280.225869315387
81179,441.6986455698502
5722,3243.887878660032
46024,1602.5122294185035
57808,7113.952645011261
65915,3229.286771087579
39438,10949.886971906104
12334,6532.522695366946
77977,1078.9911906200923
91266,3022.214123346854
94934,4170.414042205744
80746,4036.3646365585405
77369,2771.355097545097
57341,808.7067828993386
72192,1290.7726886300843
40487,2092.168977775118
54783,2122.555064180247
22591,1707.6805463684439
68510,1288.9810809761098
13964,1360.8536849139036
21971,1134.7807974093826
17696,1625.0307531889603
97669,1996.4616835389766
45691,4483.281405776528
93521,-415.8193862121775
46809,5203.776536944477
69358,2278.912858878428
7557,6856.440227373155
88271,1497.0127590221496
60761,986.606822878357
14679,2879.706381500448
94525,1731.4492848151274
75914,5444.31918161708
46331,1256.6471757892577
49859,4980.013168014483
63485,795.0813148493653
40432,4640.67878354912
38477,1699.8626801864702
18406,5706.926975657632
1401,1816.5808165826127
69088,817.0191192131228
30698,3101.254047859683
98480,1996.6832256732544
22235,1883.1097657536557
1431,4442.84514898763
72277,610.0256852130756
99035,4008.0971417179894
91393,5609.488133561263
1300,545.4139236963097
98904,2158.5161299554084
69230,842.5793920196038
70910,1525.295557087653
80013,2210.0941935546953
52290,3268.142519982644
43947,847.0156615527721
3928,1659.2352842389582
76167,4051.639574221649
90390,1343.6846727546454
58500,2186.7773392576337
69652,1640.4540644836238
80442,4225.321040634166
86460,2350.7234071780467
26559,2011.6907496177498
9325,1285.686582116592
2911,2826.5077386867583
20493,2055.0945974462447
15055,1225.9711880665836
51964,2377.812976984555
62744,1191.1052463153756
36844,1406.132406162386
21309,3945.3068563414445
10654,646.757428737767
58704,1759.9627465641113
48291,1658.0127991363197
72157,4572.96418372291
43871,2518.1123103595223
38563,2085.17119309171
17536,959.1959468068362
79350,4521.448958209057
19333,3245.610898225011
14269,2460.106207450868
36107,8031.774723730562
16130,3408.393280265879
94718,3742.3861624240913
9194,7819.421521482892
82108,6706.281983724118
90937,1898.852225822984
87769,1977.3049228264904
24322,2440.2447472283125
47454,4966.759563159108
90211,3589.639454903113
82195,1248.386913086617
95917,1974.7413763617305
64270,1936.8879438575304
26275,1490.0928577881596
41472,2204.0651343369955
2042,-7.376139573971614
81696,1593.9651600614657
78515,3846.579024845348
89217,2828.4169915989896
80864,752.7875961311197
74008,2060.3784604766106
83164,2769.560858608329
97595,1756.6783519862256
58561,2922.727478792592
6581,2190.687754866345
30898,3128.588513319674
51509,14719.637483727538
89109,14350.272866878451
55563,1643.8950366581512
83432,3342.976493021669
55848,3839.469318333905
68464,3542.0201690889025
77549,1878.0761269473462
98466,2359.4700354484967
49040,2246.268942728845
75194,2088.0477033568222
6189,2108.3124333857395
46830,5109.006074555904
31440,1525.488595353086
218,1143.4861006956276
52891,3043.8068851453827
26668,1388.483784303351
60755,1413.3639143611358
42422,6664.892321588266
42334,2866.2279683527895
3126,6320.445006473246
79333,1236.2804214069743
57801,3546.39251518898
76419,1243.332815297279
22530,2117.706411093704
42524,876.7208500626507
81034,2960.984875038646
91113,3003.8359486920267
77544,5585.756990818602
77208,2682.086501598762
97773,10116.266780089367
48331,2559.382241440743
84259,3697.6495253282637
2312,2124.808538532077
345,8395.854043320367
92615,1370.1831334987537
95111,7320.768421353463
77342,50414.92117538292
48290,2285.421215163159
99490,1575.9709547120551
69235,1135.9704707711226
63203,1088.624824526189
20739,2343.1308199100586
44534,5834.3589971970505
75304,7243.034920332771
73789,12428.81854992625
28530,5276.919763440634
13872,2461.844035478348
24807,4577.4140477379115
38699,4952.123034326917
39867,969.0501542352763
77635,1866.066802616686
28200,1698.1350758451754
93933,1469.5488141331198
58613,5109.953318169945
52923,2025.6964219937922
13735,1389.2833854277678
3393,4648.914549306967
17652,1868.346258703113
46378,2496.0466864342234
57542,1473.6734626575503
32589,2020.902622801214
12964,2268.550237433159
80166,374.71407455425106
59849,2085.282079974545
22455,5073.870101333084
22285,1227.5072494873566
27017,4185.155819228243
52824,941.6997919812252
34538,1518.490603387339
80816,3335.7832931075445
35704,756.0350567419141
90723,1424.1958319529717
24194,160.31189958370533
42058,7289.736226494101
20921,2173.8487097642155
60840,952.4105018348305
73646,5212.705992454699
27001,1714.5446414686407
48292,927.5092873294798
51466,1208.570240637769
39236,1504.5374017778872
33530,989.3658665725138
71751,8400.518727784049
67697,1072.3731925741595
33295,1792.3690510342872
87724,2760.026956832849
60238,4009.3215573829452
4993,4079.13678605432
68643,3903.9733465059226
15477,1386.4902184099378
63813,4031.4876617078808
57255,2546.8279164266355
89862,3816.8951705298896
68414,2089.726708460378
75594,1507.2962187497028
53660,1695.5607510742514
64613,4749.251489004233
98097,1313.2939108455953
33481,-49.40561872385979
81559,1507.0451194508191
92849,8203.208122283426
9234,1994.7229128604238
37088,2671.3241161257483
81359,662.2189035599281
78575,2617.4797176899374
16136,505.9703372197955
28195,3035.1255010483374
39121,1808.9323973253677
40828,1971.9780104256763
73485,1136.6395551203418
79762,584.8647070440165
72567,-144.84087481721008
41943,3135.702369736024
97154,1336.2651205327788
38636,1188.0373610330857
83415,1631.2893258950198
74818,1393.8542442961334
53913,5650.5415276256235
61492,2356.4393433178875
92544,3354.430230420907
24195,3082.364401890169
53782,1972.9173738802197
76324,4651.505791883207
22330,2880.9099104905317
88335,2247.2658721840576
25559,2113.957519269773
42602,3795.1438422192
64446,946.7811249907072
67918,3225.940462539814
1322,2105.9559350266854
87502,802.9699076780571
31973,618.3694441689063
82362,1697.050158085188
84919,2091.0570304313537
81594,2708.421675170542
24646,3661.127494789189
63527,3035.1567692807985
14420,2644.721759847457
86691,92.98704737252638
76600,2596.4449812990865
90972,1964.1919234414327
41417,715.7551030314471
25662,953.8883582934864
19150,13362.753289200831
38743,8069.034318796077
22534,12032.119879010526
9006,1125.297817287364
11802,3952.1412478211164
30693,854.4126581987011
80144,8787.159968764408
99408,2119.2994179616635
12292,2922.280371971532
65781,5509.583376995928
72201,2410.9477068896404
21299,7237.372355548665
93510,1247.9947873120313
29279,1380.1715390157042
64653,1792.1507226908025
96455,1706.208683926873
52270,3940.122484849938
4870,703.0729393407319
25442,1384.0212740612706
61689,1977.231436132356
31321,1337.1691874493258
96081,8893.423463214102
55410,2359.502971806316
88734,7425.724377653527
52542,5099.14956913198
51301,10687.777878445559
93825,1634.0970673879701
13495,4574.368494284304
90856,1515.2086525088366
83397,3202.7580969862424
48030,671.8975349695979
83261,3501.8714431808094
77727,3504.031961214311
30926,6428.180911020814
57885,1708.405038864621
98479,1410.702265991642
43906,1505.2865278695326
73455,1086.0113635779953
45145,2883.6763500013144
18569,2050.623173883685
83947,3299.4116683681277
13946,3978.8054665042264
28942,328.43849490285265
73624,6474.517175681729
17855,1981.2520261098505
86731,1014.2995635525658
97010,7836.15770984343
29633,1404.31653432653
2565,1507.2984829858892
73705,1399.3392227215131
44567,611.7477132856161
12370,6642.911894547473
59836,851.1216218314257
1547,1378.8569802537831
57680,4848.86907282833
13533,3565.4211170829503
59328,1556.2173079939898
35956,3281.7741033916955
22822,2325.2977916073905
83051,2584.237737448798
10982,3389.2809882695774
28986,7546.1309139957575
67838,2471.313393135856
82258,2689.854494421924
73236,2680.6964145217653
59097,2111.4374580201065
72353,8438.613416255179
52392,2195.6426542984186
57047,1524.8185816379396
38610,6862.453888809738
67973,1513.3024979869047
93284,2801.0417875386656
23141,4495.846857491055
28697,4506.733061531214
65918,1144.7211017110635
52571,1750.8425434519768
51012,1574.2469242446055
21108,912.5061877128333
90415,2255.602550320715
63230,1239.1360364442821
98662,1090.8507462237276
59001,3700.6656556538665
95937,3568.011718011867
70251,364.3901609122604
32266,1224.0596486367695
63297,3988.3959147324176
17207,8233.028747693184
30171,1421.763357896546
98603,3699.6910791119562
35573,1020.8404488675433
95077,2041.020846837509
14687,1150.5101050112562
79308,336.62238374881235
72603,2490.1973373501314
72588,2270.876063669716
31257,862.4300222576107
53421,878.7356362532346
64059,2211.721218683434
52995,4110.313655022453
40739,1027.0766238061105
77180,3982.1452717592992
43097,620.4708742854582
64877,10420.8509126412
395,1963.1748325373503
32733,2751.401797110514
18654,2310.897034343325
60971,1838.9037481131497
54009,3575.778882007948
34644,5851.591273610277
6288,5894.262829813705
66333,1717.9123362898977
67281,4674.73515645935
36359,3453.0960783506453
275,1410.7551924720115
15196,5024.803728482953
20646,3273.079436204181
17496,4733.005713616825
49035,3335.721492000929
12992,2522.2378238706688
2468,5493.324177251119
62795,3454.8665933696993
93269,2621.6639671385374
66825,1988.6931669272842
79682,2146.8176698579614
16267,5340.802058717587
97031,1874.5408922987424
27174,1191.408580921252
11904,1475.8996766157543
47903,1447.1926034243606
57624,14916.220412816469
49975,2388.1171139916896
52438,1544.3416327159734
39643,1312.8385125654027
45390,3480.1853837949443
56052,7629.184749000215
12799,2174.6026017445506
5972,1072.6180715038727
7614,1242.118877192367
78024,3341.388646551434
95341,1655.994858490232
51375,436.7462986645378
53902,3143.3909030944837
52854,2077.3434919254646
80356,3503.589166183965
67914,1700.5382306012066
85313,2379.9123298763684
88572,3218.1282505811387
32609,15624.938124135195
2649,447.54864646962506
19120,4332.756806130548
93965,1705.0413723164834
10484,1422.9917397731124
78590,736.1866769588542
46835,1366.0364446030844
3978,1822.9555109269654
39288,838.7957567990397
78909,74.60933550898426
40283,2856.411885630709
14780,613.1090599241206
84847,2056.3436685272836
85938,999.5764189296733
43077,6781.251057343927
42652,1484.7904290545534
86542,2912.092902746059
38194,3393.5651725523007
11860,2232.483036271492
15347,4944.646951367698
64941,3345.748758959271
57068,3213.033597611653
12123,23357.470334294758
57265,1698.9178923598909
65038,5102.474927289003
73192,2254.7869632551365
66120,2467.133852017467
79218,1806.444210220191
37995,5953.933957829782
84188,4963.847440205664
53565,1189.415390645453
10415,3217.2036364640526
47531,4115.5352139739
64045,1683.7890792483038
46524,2514.090805692337
84285,2017.1347774354915
97422,10621.533940235262
61015,13779.80741863516
86287,1612.8563273843934
22964,1421.4332496560774
81069,5540.05356507779
94071,1223.729822738881
81613,2552.689392050573
31558,1764.1323920695677
10582,5685.743871292096
75420,2901.8314907405666
32166,1937.8950591543316
5411,2094.174200011741
82348,2421.819894453426
9529,2818.3271197955655
43585,1602.3955697217839
20532,845.9677753680635
96531,1499.927622296851
180,1175.0701488350596
22077,2358.7865541919655
39268,2180.467828327829
35876,1505.7528610313898
88613,253.21165149409535
64069,2024.4020496208648
90662,968.9609322627593
32039,1278.7877229843325
77893,1067.3517155665668
22038,1375.2513255983313
91540,2882.556249866904
66073,2999.3362954145673
31055,349.93948228679983
47340,16243.881504310366
51385,2571.5227122473925
26239,3196.744375791352
945,1235.2676193146513
73724,3917.7309106953735
33412,807.280167710217
7682,1582.2537744235988
36270,4535.316613180577
50143,3867.2830201415436
39000,4533.2755589442895
13905,2444.751948773346
79091,5463.497215371401
51032,1536.5644644740405
42894,3460.8440347830538
97700,11939.639455427343
44342,3042.58576644341
77244,1614.7267647958947
19767,2072.241351391025
60536,7662.173984047601
59204,7561.307292121489
42181,2863.9100964038935
20854,4611.87301087697
13295,9519.294451537913
52794,203.03890491371794
66867,1566.4560283046985
36698,523.2668174528953
58115,657.0591606895341
83673,2817.6649663983935
79502,3147.104610332594
42369,2793.1135185025187
35647,1524.4789793439586
69814,5928.833433630992
8125,129.79882159697536
49016,4506.431079145051
21941,2067.8059090317984
42020,3264.785371399895
89948,5388.705974167944
93088,1990.8017096894273
32195,1896.1783543064141
91444,2555.9429657371447
33204,877.4942897289097
71315,2708.5971231267654
87595,-569.2661943853464
55570,4166.02958605747
87861,47214.39660982071
71016,1300.232212314666
78403,1429.8296982205175
80425,1931.6384434042388
37980,1690.3215139978117
18178,1417.2623542761248
78180,8016.168840046021
60037,477.9627739301486
13814,1813.1184494027511
50154,1190.279453218759
61770,2243.362896636091
56165,68.64061653070803
78471,1913.9675610346665
52490,974.3327485061891
93925,627.6549783922137
84002,1079.6020448220966
35631,2471.814036368045
30684,5865.691148844635
16077,2909.2580795564645
49735,2327.6088275454795
73621,2702.2177221380193
29548,1946.1193048954647
30288,372.76519477061174
65162,6318.56417441632
82032,6567.982763055108
58367,1309.2947487811011
59930,2435.7910465761556
83364,1879.1140022367176
71201,1181.6182567542105
86309,14400.514299706303
20610,4630.988178702504
38714,5542.3679029730665
61743,1984.694915150171
79374,227.2094720826226
17631,1714.357711084173
44433,2153.9722307879383
41950,3775.719275822055
45349,12521.347377338196
5831,2234.459816921924
24351,95.19242581316303
68803,6557.719726385028
6889,2172.7403555550895
45035,1127.4058608882324
18363,994.4886464768733
21192,1805.4027793268883
95813,1526.260364162933
44401,4633.854141887268
40495,4362.733213245701
84255,640.1697522886316
27947,2295.344926524208
45709,12712.13530432443
62234,2874.311386603243
85605,1286.3883692065524
52576,2020.9764772919534
55625,2047.6604784268998
25755,3884.436499810428
51031,1264.9339881331948
18921,1373.071617046361
28154,1144.968312515859
61677,1091.83658660953
8027,3189.235453957308
4450,2976.2502955594887
29900,1288.0453166677344
33365,1725.90077480989
58839,5096.468318038358
8106,2806.046957181412
53863,2305.3876655563163
30,636.4014823160783
29846,999.505089110799
19170,3335.3433565674654
70715,1764.3215413916287
24182,6890.412738700908
47634,865.4394192239147
41625,1140.6650081342063
17277,3360.3024737634805
75071,4044.05411677001
5960,6645.657839906407
5065,1115.2822339011627
48952,1989.1342386425558
56058,6052.709321573462
9219,1400.8486697717403
5422,1144.137071071892
42760,2178.291028142767
30440,2446.338387963442
95271,429.1221665483463
13933,522.040664709913
33556,1141.702755972337
70734,1331.0700354864894
92581,1652.2114203461329
6936,4285.396123595838
51395,1549.1574291597608
62714,1304.2463694575017
16137,2339.0420271064304
8447,4925.998361034988
87931,1033.107703903453
68400,1125.457279222362
49576,2953.898563957071
48372,5859.3727838407285
76082,2469.990268336294
98082,5798.448189675839
88564,1538.7375145910742
32854,1782.846862736038
79936,1611.3108440806968
70070,4129.409814536236
6077,2893.885693086843
33378,1927.6714422106884
64765,1027.6952333093463
62260,1681.3724299460118
69874,1259.536038106136
26212,2798.056105959112
52679,2996.656278298079
83016,4518.159249886519
53949,1212.8246255083332
25625,6677.952440988115
32336,1620.8469743358032
50283,497.8065458093479
7580,1236.005101079455
12184,2270.418843499718
67966,1317.1036980167569
20387,1866.2936714535972
75716,1238.6065798364743
98176,-331.8349788297937
60124,2180.06317095736
75426,445.7477961760583
74809,4015.9676728965737
87154,621.4351042335848
36693,1330.9324624096562
63065,4521.881857146164
7583,1544.092403432719
50099,4859.362056698543
45242,997.1425559536101
53015,7801.151398199266
65448,2886.096793425301
54509,1446.8275920400429
60073,2071.4619857418893
54916,1463.1198456286838
58084,1027.7596182784237
96572,407.094870294462
39693,1442.3815505365692
18599,2603.1471773488665
56463,9847.697464644029
70704,3108.9952761334653
55255,1441.8003400486823
25711,6316.1347463978345
34544,5810.914667257709
27516,4518.764923969911
56886,709.8087229690454
24993,4614.309708412262
94140,2716.7453196705424
78884,1792.2207845918917
5938,1086.0342913910035
86571,1901.7516749854096
3633,4312.087299760613
10967,1398.6758393090718
74047,2871.250727083874
15923,3036.099724361993
24418,1781.7870403786449
53030,1633.45680416501
80826,1817.164873505933
90854,1214.4788727612158
83611,247.58655501716476
34103,1089.048194111694
32976,2544.9328127470512
99328,1431.651528920986
16185,1551.6020861820998
67622,2804.7375710729466
44877,1153.6334904335718
42583,606.1051574516391
18445,3531.2996081569877
29713,7213.705661209035
69921,4761.929321638134
1986,1204.681604606411
60103,12505.489819317943
39869,4237.070367637325
73310,1394.2627492764145
62485,1279.7198685971475
33375,3897.1982564307546
69960,2306.1110989591098
41053,2211.3740613833406
88218,2867.571271813108
46966,1356.4953242355
94634,1691.5095090198895
81051,1955.4503065854499
18725,833.2176248521064
43631,5282.892099271728
97467,6866.774112448358
42044,3366.6569314341073
35093,3319.2774695887756
45805,2534.30051174924
73380,48.81873845396785
12797,946.5486151999521
21467,5502.251303802381
44470,2668.3736908851756
9596,1415.9228770515706
21465,2254.7401081429075
72374,4072.224119816041
72930,3343.629431075365
29597,4300.355887157293
35516,565.1793688952421
36271,-478.6769946765862
30915,6881.175675603054
40660,2160.441355016964
85632,7923.066991675891
11816,4784.1117378568415
10393,2408.7825208328936
30611,1567.3400505462055
1183,2378.235918333862
6450,2017.0414423565933
32409,1265.0351832767633
17539,3062.073314588716
21142,13.214179822374263
98851,1313.0860821054648
46132,4999.415676513561
35965,1094.7642710595105
97991,1798.7673554858836
65571,412.05611203577473
37705,6230.54375634573
97359,5833.6184737823605
69503,1444.8576828047944
87594,2138.546119997517
9499,1667.1767911731313
17341,2878.560629053752
32926,8986.595102539066
214,8930.443900691462
55193,2234.6162549440896
54639,636.2459699912047
57055,-81.74049894690779
1620,3169.224852672537
42110,980.8974376420288
9912,4715.449536724027
57139,5514.412387217853
78865,3241.8380164061637
54646,885.5991717345546
93781,1442.635920300866
76448,8568.819925542595
46873,2175.7183534829924
72396,2120.8872185253877
5195,628.1702047748763
45323,1961.0582004151856
28300,919.0260943215685
7772,1891.5923973712233
18800,1136.7645046822527
11843,1604.702795307871
77287,1445.024424932551
87696,1459.5318437604064
43115,912.8828886681713
50792,2325.307636302007
85908,358.2602847156172
18383,2109.0988889997734
17778,3069.660084149965
9829,3854.9741611397226
32282,1138.2641581938747
8230,2054.6158243099917
33258,1479.311132565721
32488,2364.1086199148513
79526,3302.171805799475
93178,1215.44065382389
37704,1651.2518015993173
2896,6545.975729547484
60992,1347.2775237613114
23764,1313.0118103659602
1441,1274.350311129917
17063,4052.2441744255057
17362,2440.4710169501163
75024,12702.915826762119
26397,7591.363219597304
37552,4539.09671183196
92392,4034.257747780418
74656,1180.708811127069
11480,500.2275796810036
19746,1375.8916002661917
33456,6147.969621275577
5621,4626.265024248115
39009,3367.54855001849
91746,4060.190864652429
72185,2951.444721692319
74898,658.7433071830083
9272,4045.6745962755786
99568,2553.7417147493625
50390,332.2222544195174
49891,137.59002535226227
57751,1202.4263888417177
82870,6986.266614138251
22471,3501.912873607349
59755,3059.9816421510213
9514,1411.840280750232
95968,1224.435005738259
84534,1577.7532963511449
85332,2911.1732038484274
13795,1436.8625794986333
56442,997.0850744495183
97875,4401.311383041492
63931,2213.5142410997914
20482,2355.0118883385558
86781,3974.4948710555677
94783,2435.4951216433574
36482,2114.5544768836
41616,1497.1412068969248
22338,1627.8452083340487
58184,936.0609072022417
38354,4081.2096594258533
174,1905.6950039369472
74153,1862.347634583824
84946,6385.041518821239
44738,4401.121727265451
26128,820.5014991350263
46433,495.55224469022005
44920,458.5281403011277
63549,2666.416594838186
2906,918.2170516728611
61643,3153.590613047547
13172,6088.413930767433
49658,319.08920914075316
66146,1655.1718745751855
35264,1887.5238569815394
39193,3306.4646718876875
71180,4843.14611254569
71958,1035.7277850542673
56567,1498.359200650943
89719,394.5757056626999
26445,3070.6179567433182
89955,1301.4767823578022
19971,745.1792350154674
23948,1487.5436912491446
10378,1222.0988029440723
89370,1925.2745278963882
82261,1407.8784093664785
32773,1016.9568159433197
8239,3604.7498248388274
75103,2731.7059516425434
19159,1151.0455386084195
25691,1852.478023024992
48015,956.3240458847099
26068,869.2490332568441
45680,3434.608554374747
9380,4541.461968338512
28543,3962.097085814642
96926,654.7523786625416
4742,2783.3162966092736
94353,2178.9773170855915
28643,1993.3391659008976
13127,906.2661794299129
73365,4569.50544592632
49487,3137.774579082709
35095,3064.6652309822575
13838,4119.468728173037
36423,6366.999970450628
28389,1681.0496944329504
54615,-199.39971081314025
22523,1584.1446834357193
36244,4198.2274738568785
85482,1053.5453946549696
64114,5368.600475695991
86496,5604.722596308464
27111,1395.3720269029873
43416,2574.6798744881207
78817,548.3776976683403
3117,1494.7920989118156
19022,897.0757796113521
87062,11004.716415561164
79788,10675.939795009586
61440,2619.4125057807883
6486,3158.9104662079094
95952,1454.1844700832676
67208,5773.495448489022
13026,5122.879493657318
41056,1947.5712519386157
22655,2720.5931015869774
18175,4218.5391843836915
12435,5171.63887713849
4195,1430.3384440118866
11901,16355.14796192342
43836,1123.9220253237145
29420,3003.6470304695645
31796,4270.556881782861
25599,1291.8345787108233
44602,3012.9664800366545
20939,897.4252688555134
10933,1038.971747067359
41711,3172.662757801306
22771,3793.592891196346
22552,749.8209037755037
28446,1704.128177071403
52755,1286.6980109431324
79223,2832.8566447840885
63825,2572.754167558619
86835,6446.225811544366
48816,1692.3009014272966
62018,8274.544557200465
70183,697.9612595213439
1813,2444.528128061903
23557,3166.071548119861
11934,7334.426559689893
51914,3626.777125290924
82377,2640.4995913171647
85720,9598.127250554786
768,3733.6870559841973
16201,2710.5329200174087
53445,1272.8432613486066
74923,1410.76101020425
54167,2247.373841972537
77966,817.0147211001322
35688,1338.3308402913503
51540,2668.636047790698
42713,1682.2493568220996
66779,1079.340661416159
95410,234.6174171473449
33626,391.66341195068253
75853,4210.556181811948
75992,2336.4504194977867
94752,507.4696625531501
78768,3703.3076357765676
1575,2485.5301797837783
42008,1293.7759213325185
59616,469.4658359534633
10418,640.4250822323784
49524,854.6751258313966
82351,13582.994391499014
82399,1210.925588060753
99565,2163.5283115069687
99351,1509.8893554794568
34499,926.449031737714
30673,5152.686848762207
65654,3354.2242074193477
64246,1468.73740306927
79510,2880.3473426943156
61510,4823.291606586568
92254,6273.342086670249
14311,6209.157528749629
90311,705.1073972769577
33697,8547.428212619092
51155,5461.626446609109
17134,8.350248083159386
51039,2479.5645940193667
81014,3258.2675511550938
9447,2194.0532715493937
84437,1225.7076597426494
19308,2500.714596314099
35638,2231.9060009954046
65141,1012.9396530480581
54653,721.3044609773806
23431,9521.067902590174
57121,2094.338058587175
85623,1331.8893529908723
92925,203.51062553701104
85059,2904.401360647459
32242,1173.2544093032361
33841,4099.452631051781
95751,6330.054797504656
33400,2290.9384233783567
73836,6414.844879785887
4869,13211.61694129061
32000,2030.7091251412508
97182,4022.3851388779276
17667,2198.785100835791
27565,67.98176610099381
19629,2276.299725414663
10983,1793.48905386798
73948,7597.372459602344
86847,4686.914241007662
83745,754.2078192978593
9276,2509.316814137853
17475,6030.461206618853
32424,4624.955631169328
88578,1530.7469256813874
82319,4660.96331223907
83542,-36.09892892717062
73781,1272.7692658474175
71640,2415.674430902337
46087,8010.539432816622
15041,4916.45242900137
89180,9007.17251330657
30940,3049.6842614590278
29472,1667.9922093885077
44817,2667.395374286694
76844,2992.0773051427514
58198,2277.6938019947875
92212,3017.3791748467156
84139,1374.503354636292
15633,2004.5903248421637
61168,1755.3493198230847
42559,2292.1940364463053
63108,4772.738808906911
19221,2159.8664580335985
73128,2400.990619575303
65929,-468.58572382308284
81926,1838.5227214793008
40550,3348.5374505766035
68222,2026.8302337667405
72849,2504.697248176858
70878,2419.3620775262134
80825,1317.577077454821
82294,33.37556476827467
13288,4421.13891053705
72414,14791.360658501028
26281,419.3340294675777
83705,10375.139382985813
25462,163.9458134375377
14328,2181.364885653299
98905,4538.022701364286
85606,2067.680876521139
62226,2226.08049433248
74940,11590.056195580006
59889,608.4003150789281
49051,1086.9268348078695
57634,3213.2848855971392
59963,1275.6783945675943
8892,876.7528395035206
18520,1131.5896738215943
94820,-664.4056137273592
54832,181.09895593175952
12553,2896.4832961826583
75611,2173.6370448650596
19282,2126.3090853400286
95298,978.8283603708423
34411,2553.4360618558094
4250,220.93513262938086
61115,3018.253219890638
87560,1613.4612572091226
77911,343.70998744829467
28091,1390.635184956228
83351,3037.874768273678
65956,9622.550298643106
17291,1169.2694053887085
30161,437.05163638861995
54698,1751.9243256335897
66256,3597.96671351177
2014,2097.879682611965
37140,795.4733541990795
88412,3894.327087687227
12875,2955.433894418513
85333,1205.2082334224306
93666,1354.7278947015593
3317,4966.681637917487
21615,1852.3891764173125
19833,1211.500532080237
83955,998.4951476077285
59276,3474.106461928633
23717,12924.112773489824
4120,1714.7909615413241
4006,3643.9166668821085
5098,647.7815935762496
11777,213.23105261754517
96612,4118.1720822353245
52830,299.51649629812573
8940,1441.2567738230505
72788,5266.9832969378995
99668,1884.9530684257948
72370,832.5612853111916
81840,981.0709555978347
24937,2551.6027567025317
95495,11601.04710404317
49063,7981.524891595406
39574,971.5816500330811
72929,666.2797189936491
22323,1337.4082939168798
58050,738.9279982040343
96551,4103.553207083359
55419,1945.1946975907235
24813,9732.870292072428
68024,739.2740245726477
46684,2400.05016557819
17502,3676.175159263889
85574,3953.290099305491
49584,6979.2290152291225
37857,1526.75267097918
25835,1595.9264084430529
5347,1002.0313359218635
79708,4681.351881007166
74471,811.479779077059
81000,1290.5064469577064
29434,697.1342407116194
13433,2363.127969384782
65821,1288.9640453857673
87311,920.1387388209491
71649,2521.2572137220295
80965,2161.4379063469214
5361,803.6272657962186
71967,2286.6307372615365
60960,630.187031653637
46056,5600.188712777559
54289,4400.264851219804
6602,3261.6060384137063
16708,1250.4935517901567
49851,3925.121897217839
74618,941.6205816541942
79865,1275.0024179794736
57820,4478.148595072569
38198,1566.9178473971242
73740,418.0959735998076
92015,6267.1445587364615
64697,2424.9730583940513
8549,4340.880568436936
68924,334.8514432899947
90641,2715.9098032392335
89597,201.4652853050893
35567,3080.763405929424
10842,2122.4439121359082
48720,1700.7730012449708
25789,3079.6138680047225
71647,2931.2800097937497
74835,3364.024875099743
89715,3472.7863488978605
34077,8889.510595756314
9651,1255.0179498636007
26339,33910.14619165736
37898,4630.4288345284795
23921,6009.658884566627
38174,1033.0115513111214
36933,606.0564505767688
49264,2926.6645927214977
44553,2863.7082996485387
13400,5919.410453898448
31910,1929.8769487502564
30634,8351.551142222008
10687,2049.9982830042886
74427,2003.986418372509
86353,2951.121520682349
13878,1236.5629732653988
29281,1329.4939708316379
44239,2800.5373025482063
37410,1298.1157771227527
71769,2110.183425441136
80274,197.60232426390212
4864,3097.5984589742106
37157,3442.0164986733635
62931,2278.3708961363536
71341,1109.8200104408998
16707,1645.9698416641806
41920,950.2641137271903
58249,2543.6873367401076
23858,5625.857927301726
10277,124.1704524772872
48249,11946.946448956192
9666,3276.623542150966
90026,1217.694267555618
49809,1816.460533750135
86277,8875.516963056987
69140,7098.921104913561
12583,2950.7758659567
56129,8410.63601024838
43909,4309.155393020524
62109,1798.1555616859823
35502,3422.226159439668
88439,6481.202114169353
71402,1529.509169387442
66412,1534.1900090672552
46257,3113.2564391505903
62274,2575.0931999180457
26555,3326.0876076030545
20820,5173.283377122685
75805,1512.0206326942289
53711,3391.206328580983
11891,3966.173179202047
2901,1270.1816291426953
27263,1608.4205966088475
25427,1725.6450513944094
80698,973.4092605600258
40162,961.0504057671137
89038,3944.6300324909225
17595,1452.797256351926
272,1888.46131545414
47751,2438.298323467582
33028,1736.9323129737613
86164,2246.906416628175
60603,246.11826411878565
98797,298.89763084191236
71055,1221.6919204799328
67044,3408.5988697219864
80676,2253.7321383921176
28414,2094.1592002956586
85222,6531.272375211249
51638,1375.820507774194
65562,1032.954597023202
26470,3175.2801360868166
6226,3028.274021020795
28312,6801.730132456607
71492,4884.977149509208
41951,646.3805391533951
44419,2428.291677911345
95674,1099.9115560725227
94445,800.9041488143944
93828,4574.558306515315
67589,-344.8984676112609
90988,1802.274756618481
13476,3600.9704611237376
76097,2915.023125970315
89356,3167.023446072581
7481,1480.6741569373044
54725,2995.044291066818
2878,1690.7861724609575
46594,1713.57940574937
3999,3047.840910638113
45940,1963.6187518910915
15482,5180.396125758309
49391,737.2703361530444
70568,5420.280422329594
32478,305.99542319086595
77504,2812.334138371404
36003,1634.0932873443369
24120,3946.556125149151
83794,783.8622155498401
8206,3027.373706032141
52546,2243.094042762503
94685,1440.0826462070718
39726,4727.981103240787
61061,3082.128004121785
6897,2714.832619105808
35741,3246.6403284858316
42714,1330.2590607832108
57333,4533.952893554608
11452,4252.421879645728
40405,4340.693559105258
87386,2222.2550798248344
76084,1788.7573073660633
18828,1577.596344906818
50866,3577.39880617357
11714,6960.07301261992
6863,3490.677191555744
74352,1798.814961763747
47009,2492.937168717099
63038,1231.54147212025
95243,7701.379533091201
76782,2288.9771791161775
13067,4410.4376647833415
7739,4397.0243123021655
6201,1266.8412797889027
10972,1220.7295000711915
16995,1230.0616103397783
32030,2265.1365994433936
94429,3631.782192254484
99239,3571.7253462919507
65017,1834.0612477616883
7558,1844.205867163419
55142,5829.169248173774
98869,1347.2131346385786
40729,849.0126322974156
9270,3340.0892858084344
18724,659.9880380755749
30112,6558.363778852483
8933,12020.081399974957
88944,1179.2113030730034
87107,3460.5507968485517
56777,1369.9660164817196
31849,2268.4949367667577
81033,1343.2464281425678
11045,938.3235504628306
19086,1783.7317061231147
1330,1586.6352273648613
56362,1940.8562105811702
7237,2587.2215017945796
30454,1862.256940738958
19443,982.6978567810374
57471,5675.353173588937
32425,713.9359595805445
66681,3550.2087331964276
6298,1156.7905588526996
80114,3457.3484269174246
64734,4665.427294752897
53975,1392.0602312735878
20697,792.3896669762726
25997,1902.2064192650253
34390,1783.5687170440565
92991,-627.4518306262771
16318,1485.1993144361045
31349,1443.3491821588937
89708,588.7906657971453
58442,976.9765763343471
93856,2037.0532913689497
9522,1438.5209032064158
87987,1441.409171190151
84790,5771.2891401715315
7942,1001.6383155732601
50177,756.4891814808125
8672,8272.31741014218
69123,2125.9577421467948
53550,1292.0081745323782
90229,3116.3641988142094
97038,579.010496113759
16734,1214.2844798877045
8658,908.2402834917289
28554,4969.494145096864
74180,4597.753545795187
98276,2049.6256979137625
25770,1326.9432352542972
93508,1112.815136996037
96120,9725.141884743225
15095,1195.2483726251467
79931,2695.030726069117
47370,6005.600376787637
58596,4609.773095517441
57583,523.4383061555636
14692,586.4004099511649
35536,2889.929217686893
41915,1757.8661294217536
98499,3829.8939340410575
29302,103.91459203450586
48422,5080.71162114838
2456,884.16112305671
1381,2056.5323327399446
44856,1650.8220399071724
38232,3565.9649737916293
37547,3616.2738660350215
60319,3160.8379947898793
62239,2029.8453350427694
16154,4044.7157970371145
36773,2453.2202870064543
49474,2130.467625871557
57095,2872.2331598641613
81590,2538.5114767596324
59692,1459.6739159550389
86690,1991.6835589869258
30935,2552.6387570962643
21492,5426.957455596552
19750,6847.9688727353005
37310,2668.8452340107665
77308,5414.493638081125
82775,11091.470460448618
56950,2746.7339270716047
36706,3473.2453419868366
5069,2070.349388376827
20261,2489.164378825097
60111,3231.8467421110363
75708,1644.7658294956466
35928,3716.0940309266434
44937,8052.67069112931
97220,5152.398549140046
85084,1383.3153514374476
63150,515.411760248071
22612,1330.704741830485
60896,1493.8754099324178
89345,2417.6850687857086
30661,1307.73579497407
92915,1021.4864327180744
4096,2092.2073627578475
29218,1201.8768940918644
96210,7088.071447592876
38600,1084.2482613367438
34601,9038.53273042139
35272,3350.73051098925
40969,1158.8029698657792
34840,2290.3756627207067
45764,2209.654463438031
84488,758.6940401815941
39512,1686.9951476370684
29445,68.39051749774171
44323,2437.0628918849043
68053,1221.3002406561982
19387,879.7626466023175
49519,10600.550996714472
16017,1138.1168272347477
79984,1418.2784720353106
74533,2916.5067828488595
47979,4190.298956333425
44807,1949.5223406801683
88224,7251.051548280149
8186,1548.8814205634362
5992,2075.312857087625
79669,3403.084935511865
53571,1708.4518613135847
86677,3370.729678480725
15187,442.75564469052824
13162,1225.6054744223475
49886,1807.4938775918702
88929,434.93026121209186
30791,12353.983120534365
81769,9921.623721326994
86018,1964.8908377781227
93571,4005.083842487496
2923,7466.3665881223405
72795,4010.2079347592403
51737,4497.200740290523
89274,1662.4434438402072
15646,1739.459609210218
14171,2564.561853294231
66619,3358.3059280616126
33989,3729.234477217875
27270,603.3985684907566
5732,2920.7347355021825
37519,2766.9928411757464
54826,355.2926512934432
57794,1606.0385504209612
21638,10166.557868857068
63889,1071.932497730636
23371,173.6264247836516
98303,1473.3452235775958
48295,1099.9058954062752
99673,2781.540228324623
61428,4215.865664631221
27436,3915.5162016118725
28328,732.8775399210176
13623,1741.8445721051785
7464,3658.6080253797854
81883,1661.5802637013087
90871,4587.402403314993
62954,2056.8824004138614
68138,3228.7458939250737
29698,4808.743248845658
20793,2172.5169871496473
38986,1265.2560754112724
54602,745.3805431813053
69648,1667.1444433474635
4394,5277.635097742813
32895,1923.4646933002573
28177,1112.505167007132
11856,3733.7156551312924
45584,3216.0307273522717
5148,-251.3861272981694
48574,2464.1923022192123
33519,1627.7128470394134
57715,1979.5087610797966
56671,1195.1076816549503
94799,2535.183392265658
3646,1979.1961284088136
28820,640.1946905756472
16582,971.2700319509759
26785,2886.445734847255
85327,2736.578993223938
57127,1476.193433916616
2883,11416.225016184735
63410,6106.348442953907
78784,9476.071569133972
62248,4397.058941609119
96958,1204.623098470096
17313,777.7273097834886
12824,12108.538226147775
30706,2598.1340842441614
11734,3338.93167091055
74103,681.7948087121458
210,6492.30348067032
30098,1664.21729877706
24604,7435.665043313458
78951,6792.865353260307
18587,1694.8449956266047
20709,1812.7121397156975
75847,532.4955798642432
89980,23864.952973716336
82540,775.1655178213059
80686,1690.040165965557
33961,137.16535442093073
12520,-431.42735605314965
31444,4291.526131784587
38119,1550.1457524165176
8911,1136.710129586475
5516,5046.446176797278
57421,6827.554701705507
76938,945.0524478133384
87115,1621.7496849486156
39728,1576.1795269650083
23650,4399.628158553052
77253,3413.433501351848
29955,326.0535033086544
99158,2162.641501680383
59584,1539.6062567884655
66688,1786.549488980993
84884,3873.4390768703356
4502,3957.799555978258
24586,2229.35337067352
24499,3055.8361150291275
25927,441.46125396846037
67988,1871.4838609620174
17916,3681.5659157800037
53379,3395.595738494412
27579,3155.8542657512735
44725,1638.8691051791666
47216,-536.2566617943512
74022,1643.9137560584584
3073,1998.4349019848241
8140,10547.116401218165
73877,951.2660704534528
8497,7060.979628274759
3021,4291.322509208866
23155,439.08614375364687
61626,5856.876947468206
53961,10477.914061443162
13112,2067.5602533058327
99069,2654.478152466642
15089,9097.804776224875
46138,844.344779318687
73728,5931.18817190415
77330,5310.457828495593
81313,2167.4457468632013
56250,9037.259844084678
86601,2920.477646090575
2899,4704.245576085348
22433,12111.978474102545
59945,389.7001580017327
22367,1060.0308046574846
45835,2285.4616698905747
51827,8646.493059034015
34000,12194.503672834913
92292,901.0903867387942
93040,3215.144498990036
67143,3770.6835168902217
95274,2112.1639573770344
73965,1600.501326225568
47295,628.2476758667999
13134,5288.4122753272495
7379,1462.5525024972321
16944,12262.062709299866
33690,3813.752728976359
48204,1104.8210925341077
7284,1921.611631352125
83042,1695.6907084767956
29024,1710.0113970712334
67573,1404.5064488201879
84879,1506.7107519019828
28374,8813.285630607192
51234,1292.6334939950884
11548,2120.9138922986194
6895,6522.513746326251
77435,4070.913506721012
14810,5126.352744711397
65782,1876.5229286359358
69730,2579.4996980229935
86120,115.67312163767019
65778,1601.112013443194
51711,2229.775141111376
89828,1387.6296449400884
74240,5089.320218471703
59346,2747.1314362758344
37925,2017.1660372742942
16244,926.7425599006087
55671,318.3341177802863
1380,1640.6141898296844
95634,2718.7329833140743
26896,1954.3420529577834
13201,1409.5870211322444
77026,1181.8863913293608
17695,1378.6489393997267
18026,8674.844744293217
14403,3809.947074738647
88337,1387.3204449575742
91860,3019.9922417833504
98615,5392.796503051017
73982,969.4971186358257
28664,918.2118242565884
33485,5698.640152683231
30651,608.0042321115225
22989,1921.3526996466612
84914,853.0909294779926
91475,2121.8136931420877
96308,2841.401879623179
48884,2000.9169091180295
34936,1262.8039443809616
6778,2687.5729372338105
5467,1274.0872647291476
88622,3034.8585582218607
51956,5257.008379366876
92793,790.5983458689193
94649,3281.7532950805994
26641,12530.188461352265
43708,16071.76329409703
94910,2346.690560719874
6114,871.0964808566177
59768,760.7834381183716
85523,1225.26996761678
97626,854.9216393109327
26062,2909.369981292898
48368,1973.9768143884226
99082,983.6324346660808
2908,1446.312859645319
29481,815.1730519598482
370,1552.9557779788406
89123,3041.221976770884
61660,1658.7035291689958
38463,1378.499088334374
1466,689.1525871604586
94026,2894.4266604627273
94108,4137.370596782079
56664,9226.61359460546
79190,728.3457016717466
30307,1438.3766198796757
26536,1562.0585066940412
21690,1825.5993599328779
31686,475.2874856539129
2572,3924.952967386066
61152,1906.6144928995664
45768,4166.6899447274545
35405,2744.1161072484356
77776,8772.853221652513
90867,1161.687726563821
33262,3573.7651309531143
53980,4028.1195415061557
72637,2168.471194890312
10757,2271.8693918106956
22345,1111.3086506304548
75667,5665.555534754329
97040,3859.181995078027
68451,480.11732824657656
96693,2600.736632880631
97062,3190.64064100726
10737,6001.513458198042
42841,9887.542926698348
4140,2102.680405193813
502,2150.934770653444
8295,2673.2141300977137
96323,3640.877368946822
87810,1097.8516051617994
20036,16087.908763928297
40875,2329.5097387283386
52038,2414.9474543014603
77688,2592.454281579041
13177,2910.5465020355896
9085,728.4110509854431
46554,891.5331666641619
39501,928.2819784134995
73967,8694.831557535603
79251,4907.244566642024
30929,1128.5466326834107
89396,3016.8170558754487
5375,2648.799761428494
24610,5172.981141388984
59410,4698.3821097803
41373,383.26280955362654
82429,3359.1104051267207
96703,622.8603932698697
90284,345.4270889939721
56477,2871.5200158106645
39255,422.45866336339805
19095,2087.8649392615516
86540,1741.6159671575147
81686,3359.5896014320642
84103,1708.923650462756
55404,1819.6895994558336
63551,1295.8612475402801
8806,333.6326772520174
98539,2654.3821431208416
90271,572.0080844872073
65379,89.30037711132081
98207,3197.176543482788
39831,1959.6742901159032
66423,2245.0487824191423
52962,3202.7078177924427
46994,4309.009748585137
57154,2511.2344526793454
16873,2068.3560912062076
80284,3497.8217980292907
90760,1160.8184691836104
78073,6932.654455367416
71107,4753.336075519341
38658,10129.30931130229
33873,2086.1243054059714
29210,781.7325834132193
67751,1524.1658741115111
86485,3512.4024390062036
68043,1880.757368501173
98370,9442.905253092373
11514,2084.812786832722
72856,13385.234937873294
90899,4689.8780857691745
73902,1994.5727430399602
70165,3195.884014558156
54229,5052.498981006753
23595,5608.152906579517
44228,5401.729807652191
38156,1028.7733649559186
22100,3838.898815294495
73795,1387.4477891122096
43004,868.3880511872444
84419,4521.982932678124
52556,3315.642935870944
47460,2381.974627134845
34668,1193.5160065303476
46262,1969.1995767503522
28625,4732.462721420102
48238,2739.5039457094463
70219,1836.414280333212
36076,1222.9834447970616
57575,1349.2205463192813
96178,2720.919933426737
71365,1860.2163911903722
79229,1316.400404839465
1299,3323.8540590728185
15642,8217.724586528235
56049,2762.3665087084264
40145,4343.711545801859
82121,1994.5359324395145
11133,2487.232439238508
20214,617.541780693984
65216,2988.349256291786
21702,5667.416066334491
68177,2475.2292672190324
92038,344.8345396902632
74641,1863.2940528591917
85496,549.7615742390944
85816,5825.282229910785
71806,2267.175869528944
59532,15549.029623602446
97003,445.0064093379169
7067,5101.063337255018
81415,2266.371985930855
24590,1621.936536191742
98355,1335.6370541617093
39445,2279.198752048868
52799,1377.405860256994
94894,170.33731949346748
47026,1218.0957732825937
97928,1702.2011981327348
20814,1655.4734954136582
1633,2229.9707848598932
21169,9086.171362176818
77761,332.96376457736915
6083,1705.1808000629987
61482,1729.334823822287
38115,2482.967685718513
1045,1652.5842195598989
40818,3852.1398251270384
56954,694.5307151739853
56284,1999.7656089896795
9115,1863.8241929579974
97613,1431.068708238643
12502,2341.70497172233
30770,3551.442029013689
33049,3060.0066863450907
80360,89.19162510301658
72268,2121.165109549628
54414,2591.561906430696
79693,1693.580192084911
96251,4292.908008805155
49226,1695.559578203379
27570,2184.973660613756
27809,6389.716164121232
11657,1536.7419027937212
39596,175.2130706570697
51498,3537.5009129038945
36181,1598.3875459083247
76942,2513.5770293608366
8618,2929.4767984196374
73266,1864.8427082494427
41765,3335.8796921089456
56946,3180.6013566816637
40958,3320.542980301984
98336,4522.517497307382
92845,4521.81329991276
81670,2085.5770592149397
42951,16736.267158904062
93071,1472.7632311716507
84353,3687.4417863773283
22171,1192.3398990285523
63223,875.3290221744574
71994,1905.0887534528665
85029,1273.595646628833
38841,1074.3368520950735
34347,1108.7878372300288
49889,1143.3102551479496
61347,6009.58223846603
73840,2804.747597746014
21207,2999.5426419273786
31488,1665.680870715728
79031,1393.0641126816117
24017,1879.9994137586682
97924,1479.3371911329173
9482,963.873749397856
12422,3729.1318653514195
82058,3824.3946205955735
71682,4674.914785247633
83896,2247.563569421106
6019,5806.457632602252
6584,1793.3470339033538
61145,1743.398679992138
39008,5337.886685550468
78336,2729.2854123911548
68282,1525.5714655459892
61479,210.35670239345745
98463,483.60382908787415
75566,698.3635575624867
87701,1318.7303570391578
46237,1693.0686492100633
75791,3313.131338041119
22735,2073.1158879951736
39019,2014.4696194142712
84901,8402.737996662556
80838,2574.265499311001
20764,2379.6451721302187
47225,1005.0719625350889
74039,3205.949575852668
81512,4910.0477378086525
47292,2564.600528376429
62917,2143.4052857582296
32584,4257.723346548436
31191,1466.3545665996567
53804,1442.9613058623
27967,2966.9386522293153
26455,5730.128950772692
62417,4848.219510441308
33484,1421.5438298976205
85712,1207.8598124005393
11993,4006.1605361965376
90180,4222.562971129995
38972,1197.366432339311
68045,2030.553533596951
46771,961.7264123399045
36553,1008.9588551042743
73581,3198.6976496678967
13871,668.6544703649379
19044,1344.4396922744554
74015,1429.9339742596562
22247,2184.5213441144647
79610,2454.085551338895
91300,2069.0556405827333
8449,2681.608965866507
74528,2480.3876338519394
30751,4592.263598797906
10722,1232.1585521527195
40076,1822.831407535031
1692,1359.5306564260104
40461,1508.4495089017255
171,3603.622804204747
86228,3694.0638559496842
30376,2013.2302304945515
28838,864.0866748169424
72407,677.6380848415574
40287,7020.253042081653
27986,2157.819056732731
55413,2006.4017217924604
16118,2882.1905943549473
83341,7360.329462302032
94980,1522.4911823446673
72386,2573.5800840998327
88068,478.6683482141202
11564,4353.980514946878
32234,1573.1281134423084
91375,3568.4490180791713
57050,1092.7347875516607
60390,701.6825793392536
5946,6602.210760393011
58340,395.28145207118723
77343,6679.691065778204
72678,945.4641315024737
83391,823.8581354868847
49502,1246.2381763583617
78651,3405.254736760496
87929,2806.5532267473527
27511,7277.24945391841
66644,1549.9964117086438
3260,2433.920215978424
93767,922.5772800597497
7685,1616.8180543650665
55124,2175.9604657563596
87719,3003.918364376453
27449,4466.2777319519555
55984,1773.9770210557003
79627,3690.501353481718
76217,2906.530851646291
47101,1440.2325558576322
64250,1737.0748015093652
52129,2473.218826780064
75291,2203.8867965966588
98801,3700.6563974786263
26935,7023.33260915748
4896,2114.9218921728734
80394,1027.784355373789
21346,746.3097844943131
8151,1728.408384910678
29842,512.8891328250561
32693,2817.198190058796
5958,10021.50059690417
31167,3312.7609582981786
95756,2045.4279081617785
3705,2046.4499238193548
71255,2029.3853649827543
14448,675.6934611366901
70457,1548.5397389640602
10957,1027.4579001336733
62689,1223.1294455954135
32003,1578.5071509385457
91896,873.7746249178863
38967,471.6261238640732
61742,877.5199603424562
85747,-35.851475741008926
83296,1794.7888586919823
66390,4336.173613168581
3937,2320.150700301995
37626,656.1285927450926
40053,743.6535115950601
36951,752.3250160825546
28979,3541.602540918376
33445,1539.2926930489252
62288,2256.9657389957138
40712,776.2554735423482
51822,2933.953982544306
71459,2308.852638734882
9938,10587.896519828144
69475,2198.2502053362387
58099,855.8449418732562
5800,3042.7468577120226
78639,2797.6052940150803
68207,1965.8750372870625
51658,-265.89990029154706
2258,2385.2490845360553
56074,1823.062271188986
40111,1267.2373207765067
20034,1748.4040677258545
83294,2193.2613767427715
58257,1722.3862601452963
39759,435.08256604794633
27127,1678.1420547905864
27237,1602.7506508444108
42871,4096.302470061778
82963,2351.644609738808
2292,1520.6459527825018
8032,2563.9695150252446
4328,1627.5731185148238
46113,374.72973937613006
55064,6896.786877079111
77406,1340.3102263944197
63775,962.5381043415787
59620,4824.1363942546695
7972,897.3641733087861
7350,1791.321329840957
45152,901.3508625728018
87959,3472.6678770141575
99077,2999.7276676667416
49287,5867.931134568065
74535,1525.7883995664888
62461,3560.463586149135
75018,1388.3267578347354
40563,1042.1566040336315
83265,3866.432128375721
50092,7797.790109738114
277,6368.365997806572
12848,1912.6983459640162
44674,1457.5889784325163
37317,592.4894994417914
73703,3039.1673272294665
94795,314.40058371761734
9251,1194.112711539622
93340,1417.357769593772
85563,2112.6505716404326
24174,392.110934224821
83030,4782.291194328787
1951,1097.3841065059069
58324,1506.3250831339747
47745,1592.6872797907395
30856,1072.6679165004416
60904,4458.13827945113
63854,15162.684840988622
52090,642.1959481698173
98838,1025.5804106374867
60069,1267.1380772285738
50915,1764.9551671398096
80526,-386.28762493102613
31183,21448.104712230564
81049,6601.613405479953
873,5586.242195743648
51718,2645.2704691894205
51030,1561.8052082730183
32314,3757.1910495655356
26314,1869.543345818994
59420,4235.831920253147
45303,2284.8023286960297
88832,1077.9986415153962
91664,3117.282372827127
5930,-598.9997765248772
32954,1480.8128163105885
30709,2151.939342783061
51070,1397.1786959756364
28421,3531.945035666115
39913,3264.1629653522905
54972,968.1676005207328
86471,3426.2212856891165
18425,1242.9627767829588
74880,938.760145174811
59488,4449.305046034642
46610,1051.1455662718408
99087,2025.9455312296543
27387,147.88880030125756
3817,1139.893338574911
64482,838.5573756341819
49723,1815.073819731229
6203,2258.2070829960785
15588,749.7806463895758
1373,1787.611227294993
11119,604.2635310008372
83324,1168.368589251374
55793,1257.430601875085
2320,1831.1087422973583
24623,719.515771257642
21903,848.0901845413027
916,-229.7361708047224
6484,3750.7163670916184
37978,3588.4632711114987
13723,13240.564957152721
30557,4289.791086423944
50176,1219.2345555055226
70911,2358.6254895260977
17120,2314.646212713984
92773,2563.623446213549
23293,580.6850148655076
83055,6379.03643523519
44742,3585.6173573100104
97548,497.68375428286436
91383,1350.645892086638
6816,1198.7990518073457
9207,3354.647843403779
86278,2369.4483164984263
77217,3010.728752824628
31858,4438.862890446657
63903,2621.873945088104
8930,854.8638942444277
13227,3219.107272057636
51149,2161.327736855139
85991,1958.9723818690459
41232,1469.1019692915042
91563,2382.735921960218
20171,1288.5822524471864
22762,6264.967290707397
16027,2663.450906137984
78051,2165.0270265607196
94589,4968.248928292363
51343,1278.3019610208585
44626,9000.591878099744
2156,1575.2198400167185
99877,3183.108275517044
52211,1169.6922734024301
99784,459.09596385200666
14857,901.1632077290169
81143,2950.539631022876
3579,782.3257280461621
15660,1240.9194394332176
87004,474.0187006480437
26945,1133.1497434945109
52645,8131.7215261360125
90690,7532.809841191577
4863,1231.8540531758244
46686,776.4208418065055
63207,1441.2891854803465
48102,1679.5432279062338
61214,1921.3609983659073
68341,4537.322869388729
8590,1780.4616308709067
4764,772.2746070534408
32900,2465.352573936916
32612,1130.1401799559694
55583,907.0159369246203
24718,2847.814606436432
52094,727.7853314528047
43377,1532.4385328721082
98147,2096.749176600644
84231,3777.6833137712106
51819,1981.1727851682413
8095,1846.1820572857594
75381,1776.5600076942321
28863,3431.902797601046
35609,2204.367711027607
72502,4403.927170359049
49082,2383.7196506431064
46710,807.0982055693971
81135,3919.524199323344
39093,2756.5199839214442
50269,1682.9233567715191
78531,977.4393133732979
67495,2445.0004837397637
60270,2375.3202763046743
6066,398.7951403371135
24956,1558.4391394795712
71539,1524.8804824039094
50855,1356.6744197532266
45569,10951.265174577109
73890,1252.936477087601
4287,1361.4007737256384
69665,1480.6140515304437
65896,2006.7365469933316
22458,3847.73451889043
33791,4407.202901107348
74841,901.2138641629831
158,1564.1431327590049
68139,1092.8115597759197
66185,1035.7444439245924
58724,1968.8102230365341
48555,337.5858806561232
80187,5693.445896874284
6883,3987.173842715829
48981,4059.731264639143
17393,3919.7243528592016
88350,5119.028676371703
24076,1112.626658871317
76699,4019.977460727457
12002,4425.173383664312
30723,7659.705586350339
53120,1401.634424542301
26783,3629.329187238814
95034,5801.311881541996
22314,1439.6237600988538
58388,1553.1087221947846
20153,1950.6908162597415
64457,4101.030567483588
94034,213.75685854838275
23098,6902.476570151352
63753,1853.8883560437866
24855,7695.256860438103
51701,2875.929797922845
99967,4134.08074233135
77076,1221.8807203020433
32358,1932.1027213107757
82918,1182.4030188969205
15761,4052.6544204320803
88107,663.029913109373
26287,2003.5448680133786
46957,1992.6047814777428
21897,4561.913464204114
41974,5345.648351181462
50647,1543.1979114478527
4848,2590.497678754343
72429,6554.22508866097
77928,903.296166553374
75583,3894.2732374941725
82792,161.3128671634695
83751,615.2397566468553
67220,7761.709943907009
41225,984.5742988903921
1124,1579.9044955459517
53166,2155.680485189274
96391,2844.809327894244
50732,5849.305386543585
80642,5043.328985593413
16469,1600.5482431917453
28982,4753.468184152796
90513,1687.0888479980397
16007,297.85436871737784
6627,3037.736491767636
90444,-18.491341591379296
57228,2358.8332931292234
92224,3916.7093923566676
24297,806.880395864162
64966,1791.0428648526777
1513,872.0357559126137
76442,4748.197396874409
57054,2178.7120342464877
39877,5312.957683254467
82556,1788.6833520935297
31481,1939.2528030551227
78354,2186.1104538468653
90878,4067.4797136703787
46506,8590.046991321587
70446,1486.912370971731
57347,781.1327308841442
92821,3336.9142366060833
68689,1209.570523891165
82435,3456.04723646297
60556,1435.6673780375968
26799,1999.0544517147719
25647,4663.050187318778
27878,3263.818259049182
43701,2874.6924884182363
13037,846.4186823465284
15335,1091.5379506100267
87731,4101.676221443572
15852,809.2839867129364
26130,1470.2744243225416
21312,1206.8734478601173
87707,8942.956815259247
96142,3213.6224425343253
42420,2829.003529498257
95827,854.2370406505624
85054,2246.7571066350074
33113,1776.7865996177393
18627,1857.154190854456
53288,2784.889837795846
6211,2401.107350423056
55473,966.3378488577341
80107,1326.1564887659465
94928,4848.523514077662
74553,915.7976804680511
97704,578.2790345323101
9915,1746.2424143921046
41383,869.6144587310346
86799,2520.28798417438
7968,2219.8235684079323
41198,1321.5639937508372
5183,4939.549067192573
21069,1946.8504144860892
76413,678.8668306541722
91272,749.4706579655758
29113,2057.5434352676084
76895,1345.913219481864
75398,2354.459810420804
36452,1200.269654224508
66831,1389.2626173994713
50675,1542.0887792709514
24868,6960.040732115935
50833,982.5221280664227
73280,3471.2001290904454
92318,5134.563013593675
88689,303.0845651239997
8006,3186.2588206271403
45989,1788.634339039464
8130,7229.056950568153
90725,1653.2129082090678
52085,11100.988941225409
20128,2027.8215708608634
28126,2686.2045940229955
80197,9048.837898332584
23498,5281.299478321611
35518,1744.104917788218
55387,4071.3197798923993
58879,5508.945213768032
86711,4107.441095523398
35958,21728.677811591857
36898,1278.8543242177193
89491,879.2421690494648
86151,1634.6073037242654
99651,1459.9630234416336
66967,6434.136536323151
86931,635.3308876830292
81966,893.5921991488608
69211,2338.5706453849575
23503,872.6273794511394
89034,1767.0383937820066
45124,3533.1201906361243
3858,4244.986079954011
42193,15659.538031643326
34987,1514.8998458503288
63005,1202.257216291257
85025,2199.8637535746257
87975,2457.748187749986
38669,4699.5446667367705
37094,4079.988734790143
92788,5903.153749786579
5027,2310.1290808597464
20630,1290.1478704662973
24938,2383.9220911356056
58716,-534.1493287803469
71902,2549.660733726052
40268,548.5276182078246
12989,1595.5300245920662
10554,2382.2968172703822
37872,1889.3369820338455
89951,2166.6398945491856
80065,1143.8636718629805
5458,1532.8794907192973
70161,1603.3083495891447
19439,926.915849869235
47348,544.4395681607716
51391,3708.7327186853136
25057,2219.624523524595
23842,5144.158755657665
47794,3819.6669479256298
99355,1654.8005592218478
12375,2431.4214137347053
69559,9878.443911936305
13564,3982.9869355216447
44436,1968.115863055513
62786,2006.84576290262
46226,5097.970549824927
926,-437.76808139803506
7521,1572.4390348672505
22869,2600.556302027534
9822,4675.76375459896
40838,4234.219658040475
4773,918.6524024448831
40698,1593.6542593609647
43851,1032.7475270336618
24728,2042.8146409135047
97445,3992.241222480017
36409,2878.8468743859407
93985,4761.781119493971
74005,1247.6864303004677
75910,5424.175564382092
54428,1281.935254645653
49743,2368.7807895019196
83989,7502.968251486711
17100,4106.416532237535
94775,803.5094217030942
23437,4582.896058196971
7895,2262.4159816334286
45197,1724.2790769516569
65578,1835.4607879281982
73034,1539.7982897704705
82836,1741.2484493871539
12129,3403.490515119996
48676,646.83498741521
26769,2876.0689977784004
41606,2926.8864125125874
7574,4391.579268038705
53413,-356.52446323399226
7892,1310.8524515177605
50513,1632.8969907236549
15293,888.662890026701
60203,14123.338408981557
94386,1903.6948126390039
76370,1132.7997994987309
18435,879.071835818052
60214,3373.9082540631725
77449,1066.0498767473182
64217,1161.4705140419087
66971,2200.3299854245224
7896,10012.170473385573
30203,1381.4051226306383
52264,1149.7722140155138
92002,9117.282240947387
598,5014.13713176867
53380,29.862984296298237
57245,3946.126549968278
51602,2029.2891120517033
22673,1118.4279753871542
85264,1862.5302981453372
48724,15584.84629576367
71950,3682.057086673699
2217,918.5151021442489
70946,1312.262733422203
4305,807.4238174912712
23496,676.4654994771204
95418,3101.6109458832484
45133,1187.7896384038545
71454,1969.6842477452826
39889,2402.0715843026833
48892,3147.380353026211
501,6392.893325459438
14653,1967.9619196385609
43317,1327.088582527891
31336,2198.1527229769495
64231,1352.2147448311284
835,3155.3687836321596
87332,2722.6242101510825
6542,2461.9173051491707
41975,1420.3217695013268
95940,138.56547767956408
14565,2078.0545745166055
77813,3421.7421315754073
72984,1173.3715876927008
7299,3899.9120035141314
94875,2080.6161333094183
58458,4255.645613836471
24819,2293.029699489188
28845,3835.193055180947
67124,2208.43567018398
71188,2406.7923848325736
20600,3958.931536616086
33422,1928.6539973354518
69741,1433.0803258126293
84937,4622.054495144708
42104,1617.4649428618914
38737,2346.1984449381107
68823,10441.552385296896
34275,1093.8289387606492
29652,1975.5869014173527
7954,2813.072228612425
72403,3772.580081278788
34654,1989.7516725606015
38105,3280.7329711025936
61733,1822.4010551898189
58107,6580.199534460502
99385,1600.6957671353757
95230,2187.728102506919
17410,2280.3095707261564
63282,5357.110082363793
78078,5394.634258654916
29421,2172.7183902886327
54521,915.0644655372889
71693,1872.5577055514705
58069,1460.4852066628569
20884,2022.9807921751706
2457,1940.2511751852537
75644,1532.1463467774238
83371,1803.952066898851
97052,1795.2956621109442
59275,2255.128564957388
48158,1403.134356283144
44076,4165.80257667758
44018,2651.9812811743054
81562,376.6777105117699
33461,1630.1547054209116
62020,1502.2896027612874
29516,1400.7964569350856
13612,2594.732439852428
25332,2457.9952850249147
81377,4198.683632381701
87734,2186.400431226227
83458,3208.346640914134
47744,1218.4791845606396
82507,3383.251223166002
52723,2263.265872996931
91651,574.0175648277382
85888,1183.118624175599
87715,1033.5606777758235
44618,2562.6154472136996
1693,24250.804066735756
65351,1464.5103725900535
89276,2276.7829176823534
56348,5509.842110239519
2956,5369.590250474183
68021,1999.778913234258
22237,4888.295045878045
20042,10031.624210295333
77877,2554.7010050411545
18334,1786.4631403441128
56901,2730.1173404732326
25306,274.6844850112384
43441,4742.994157390949
29446,2852.344426150044
95607,220.74845254184038
4019,4530.839969547911
63671,2034.2562280807172
32714,2476.5426493031464
32902,2745.8221444970754
41315,3291.2728818503333
16210,3970.4894074152458
32257,5903.451781558833
79115,16407.075853565242
51582,610.7366712959843
12154,766.6728334758186
3336,1131.144716680899
70544,1533.2529568933564
86445,4216.0160822036505
93388,1048.49674535842
95253,1759.4636909993922
86252,1885.7273980471455
56932,2354.5224477345746
37303,3279.91456639688
5526,2295.8601619646197
24329,3180.9169558242465
21720,2430.690016970694
5090,559.8316410629359
18955,3151.045876701858
8537,203.6856446876095
43726,3860.0186656971773
33696,2269.1344344902027
79783,1144.8916017490405
45975,2757.976068212769
15311,3652.888376237487
11101,3878.5992244265262
85918,1750.5213319527443
51504,4772.61969200192
36849,4670.32097387881
25520,2736.36114232433
13319,3472.806425948931
54088,2548.088009166643
27289,775.815098851052
93722,3150.175777599255
32164,1287.4349452837023
68204,4574.796776201156
73888,969.7228198642956
15305,3270.2746061187136
91108,1220.6618635925588
48426,873.5002080150093
60817,1210.6377114037814
85185,1179.5897352579414
10567,2977.4719545465946
17179,2233.8058776057746
8053,-262.5608214805284
26557,2204.9615097356564
93209,1851.6790963253216
33592,1178.8728519611095
5050,1249.5999001319428
25764,10218.799399315223
65994,5215.668282254592
36266,831.8271643811959
93428,1655.5695597856961
20514,1925.7652920050982
29664,1799.0016206021792
50425,585.2879728648286
97157,3423.1087436245134
31044,639.294385620593
47561,4636.371535317846
95548,715.1977820169454
63725,824.3449802511004
18248,4988.717974640339
58146,4977.949421830441
30008,2387.616446623948
44497,1486.446440786604
41127,4109.306762111264
69922,3896.6091697962947
23600,1889.4572729684917
70298,1401.040199536193
38820,872.4925955828394
51975,1992.4564159883685
77553,13333.607361486762
25178,2118.817553524048
26057,1240.6026944705714
97762,2230.402412759588
11639,2224.227675175459
33384,1716.6073568539423
53461,6336.247325866982
28698,844.9561851882536
25273,-114.83007718738509
76523,2658.453625890409
46234,3252.7965888060335
60337,1463.550058457853
75773,2084.174634806651
39106,3780.2316374972283
71530,5239.1148837326255
43960,3914.4375633361306
79761,6950.62936631901
85156,4094.2615380117795
33998,3150.753411683732
89256,3983.1166662404826
32349,2885.7608150074293
7588,2067.4591261602172
53730,2169.530839849834
8687,3787.843507720993
6787,1594.0569452107502
43378,8132.468917226887
14251,5479.952413398805
42395,2086.4790295096
69404,3078.9536516490143
39500,2351.8663722089586
61401,773.544817471955
98398,2012.857747340107
99455,-140.51990918594947
29297,15850.258586957538
57979,1403.0242446334719
31936,1317.4773959253585
82662,3090.5058755276873
22568,1648.0902822530134
28757,3170.773856056136
44287,2231.5294762499116
62404,5039.331424576825
48233,632.8280671558923
89487,2052.090950738956
92253,-210.06048986885344
55303,7712.423981400513
86583,4229.030499547955
13952,7694.712277431932
82536,1352.896134923195
91601,1029.815044104368
65580,659.5724142167837
41397,1442.0212700311386
35062,264.4832555769726
20361,16138.471876531403
73658,4493.322247541677
77942,1047.0925369885158
7460,251.15542253342664
10152,104.66394258303171
33567,2465.5893100062685
36739,928.6142478429397
53788,2717.648170345723
93765,1081.7540846329525
3813,1668.1891639544833
96631,3253.4561246574362
84371,1239.0352913210263
78196,4174.290336913758
47305,5115.189880553921
20547,2085.316118518419
59318,3401.9678789867407
72033,7232.133499541974
24273,8486.452001894133
53425,5511.649925423958
22682,3079.243240749264
74452,2399.3513339696156
35015,812.5653249699021
97301,3906.9346652460536
9304,470.13629919176583
99961,1643.9472417399747
19875,1455.3332419878434
57188,1463.1628414348788
99514,2228.658557560426
24029,22116.57695491514
46747,799.8164901433156
82772,1503.0754665358809
74704,4243.288663992994
54090,2805.557626730174
67141,8405.358965384683
19732,523.4191678200286
58558,935.9701070767728
24706,1527.422925772592
7427,3448.17137381489
20905,3276.1062063056074
554,1607.1480394091127
13594,2154.015971619699
29351,1300.840711305801
78272,844.7391673486841
44135,777.8869172186478
75015,1351.9288482859338
55953,1974.4399556221003
29301,9633.557976722532
54913,3145.3028802462977
60898,6655.976819836841
17371,1261.750040982904
52750,969.2364564279392
10890,1741.521045965362
13900,603.8297397698047
71275,8356.800933148335
97534,784.210035805851
15746,2171.5077531585957
51642,2050.348170309585
25037,16890.28806740377
74319,1654.9988902738173
68540,1895.935268989625
30918,4370.28704452389
98405,2879.0718249287206
13336,2038.1608003343463
37333,4074.7107429337057
35085,1180.687697098877
77585,2911.0263543172414
86839,1426.844498174818
61255,42.33124152551227
47171,1318.2819833536305
39617,3319.989582765824
89838,3543.0317777672367
56117,562.6903301537909
53750,2114.609786110307
81582,2144.3782902516177
49223,938.3577614807882
15376,4034.4264377775826
38518,1136.9016013614764
66443,905.9564146495532
15505,1566.2518342304334
95369,3664.226558704976
68918,2059.587799315179
6788,1232.239159069959
54749,2281.611541341823
10634,2094.6276804700956
13717,1989.1204941011683
92096,1322.247558338166
89401,3454.7305715629936
89704,2789.7003449181957
80101,1747.113238138741
93696,7126.295510553553
84670,2673.3357358006233
98769,3380.3441245346294
21891,2066.1887319857274
77301,3002.358762544944
49022,1725.8523218687485
86843,1742.1290023236743
48974,21226.02392931938
78015,1099.1697470806225
54042,1994.3843834425377
73147,2631.320889537835
75616,6877.754985796481
81616,1207.2503227773946
84120,1611.8437846795707
82306,2647.0445435282763
79500,40.76473827397467
37173,2332.5694989481967
30725,6199.824925201321
68005,461.47141376675563
7551,4306.640962567761
68785,1554.784854566159
73591,4564.18404978165
33337,339.29138401412547
4078,1269.3031648859064
63580,1805.6978601284263
73735,2412.1272817532454
32513,1743.408189898675
10135,1793.0183525751731
2936,1469.4366958300343
17985,2552.039631022847
51695,10893.507682562938
14896,2126.014721205551
3413,1079.0988239716603
90750,1748.3028579543297
95009,3446.4005198676177
30069,2161.681534805096
36010,2629.3122929447622
26999,4080.67402808107
94427,833.8109943887362
62676,1314.4973102388417
50762,3238.1811809113274
73656,753.8963566308857
31522,321.43418018214743
75329,2458.840506528295
1505,2205.2604817570327
23763,956.2289749926972
75549,8684.802819358949
2771,1122.1919994906975
21874,2696.6574340234583
11705,1310.097861677366
82247,5017.896187941261
95614,2915.671054407834
71721,3007.717843220231
75489,2987.3858337551674
63405,2138.2504971530425
57361,1300.1659673332151
48199,123.73783325465865
47446,1866.340526277415
40717,4282.583726592891
56676,5835.792622710051
5866,957.4818194509198
28899,2553.933827292155
22801,3302.548699021663
12506,8574.129298218282
42495,833.3672745138615
60693,7546.329078204739
75661,882.059296686014
31397,11038.660208102376
58906,1559.2063893799732
42764,1044.2504838153468
68402,3458.86767649388
87698,3562.953029508196
74741,3713.8074235994595
25399,2723.494334429791
94970,1373.9351012401462
44203,2295.7952108393774
49315,2072.789545812123
53115,2345.6198954560755
75175,1619.074960543172
38614,2944.137661490097
1287,533.5091656031218
48802,8840.66452989991
98658,4825.03446618897
36576,4228.058101484983
78053,1345.481143593469
84736,973.3429409078062
64505,2848.1301272678775
57244,3695.5423563164127
11851,1108.8493744796046
98845,2462.38939948301
17027,1578.161196928953
87369,2188.982974292432
2035,3359.955619735239
91759,2131.319240528907
12208,3504.5586199478867
55086,847.679815668786
93664,24849.87582298677
94461,1923.5026207187163
74557,2360.8826431478756
19599,5365.652110253803
75627,2257.0586054850564
67727,2057.969264707203
75026,2810.9774071591432
51949,2148.7330694519756
92712,1645.5956127331172
95326,3721.92125566461
12325,2077.4122275734053
56155,13922.178974125265
62279,1073.117207811259
59257,2168.726553484533
23673,866.7691366621157
67117,3219.6249209904527
31154,6266.390018327269
11115,2177.414336312311
82165,2577.7801187795003
42295,1844.7303047467103
78640,1506.545021229524
54172,1004.5174561750946
35129,1039.0367406510472
40416,696.6372405911329
25126,1196.5742337661768
76147,1156.8141105042332
37236,1553.0827853656456
68837,5050.9429552884485
96906,1745.5856143415058
91793,803.7687343795233
97732,1231.6475087569343
6845,3763.106328942969
86679,852.6414659386146
4528,1254.9378180531135
84902,5611.128241803859
54707,3929.0856787480247
1426,1368.3449169071569
6431,1822.8685042718755
29720,1017.8164396026218
65590,1789.341197276503
78918,1774.5069372278595
88485,2332.609318860197
26650,4503.345146227311
4687,1305.3551675035483
55565,3301.233172703632
80212,1263.6933638488358
80448,2003.7751986470519
15839,2668.373022044714
22894,2399.1186006270163
27039,717.9388730231603
44999,1794.166090571051
89515,708.3618979761773
53757,1396.9369284405152
16379,4886.288033911063
28499,3899.196158724245
300,941.4527170615647
974,1933.6662518511816
17659,1414.229308742113
25106,2738.7876889714075
99169,853.7114388528371
66791,2257.581648484908
47830,5545.61298813772
43354,636.4753206257992
90786,3759.3130822480093
59471,2988.784768207555
28681,8947.814057729094
59777,1824.9437731338023
9201,1278.3229333826016
58856,1954.73007409434
47487,460.24121589744664
7567,874.5568044319934
12456,3520.8976821361384
25237,5204.215620647341
55578,1587.2828575849862
90487,2043.365247729149
77178,3343.0894805338075
85952,2417.174712650828
66345,2070.9750631534207
17488,-279.2003236934743
73263,761.0032415640271
48171,1431.6661684685605
56885,1699.493721431448
61381,1446.1557341914313
30056,3470.50553762578
37881,443.9048751399496
15447,4651.245363039159
93759,679.7843111275956
54135,2072.394750939703
3497,1931.5929262121676
6274,4201.321536070485
30617,2393.6851207141776
36658,985.9207603455307
19624,902.0852080837294
3612,3428.156230319628
40104,7371.618465583374
38583,3994.143216335265
23466,702.7926523841529
26675,5095.628052970025
95471,241.22984889973486
36577,2464.1118032475633
49286,-562.41540842414
3030,2464.7408266297834
70284,2258.258070319925
26481,1633.4526248639652
46497,2630.4695395697527
70751,1706.5867053595848
56783,2278.9473199131876
36326,1676.9226145506643
80829,2229.368892090015
4517,2810.297121250946
72032,3285.927895014418
32231,2271.247650746275
35577,12961.383547659045
10819,1059.0151991783769
5827,839.8923882637773
23545,2496.026259190766
4079,3163.0044833341253
66935,1317.0456076486057
39941,4831.114209312509
75362,1787.083033254093
12599,3806.9224375071194
70014,7297.6637370779035
92875,5783.265569580246
82259,5140.0835150935545
12311,2706.6709837886274
45278,391.24672978455146
76306,1964.8059535355749
83832,48825.14723687216
85052,1789.9703659600152
43634,2434.257245200739
93234,1381.004657488978
19455,1148.5256468057669
35738,3940.2296388191967
20633,1248.6268561512293
77714,5555.5129480420255
82649,4171.661956978557
32805,3619.659020119218
37184,1914.548644849025
71794,858.2200349744949
30906,13595.62864951707
1764,2219.281776126879
97979,1877.2851343849247
87744,818.009558778138
1529,85.10767285977772
81565,3558.19154160871
14225,7775.62662570582
59172,4956.601350368612
46815,5433.214058669539
64881,11279.311962873719
1679,1088.9883935431358
80206,1818.2834011986233
83758,627.6815877997974
62392,8325.404989193805
39262,2126.038456379166
59827,4241.441576586689
85350,7000.08453963498
30410,2462.2011629746826
66377,2200.0369952861274
43140,-280.0027412381646
43447,2201.7645301897874
19865,8954.062032478103
33935,412.4472845412138
81055,2083.007981053354
85528,3810.74805377958
88858,886.6794093326821
24766,8655.251959423858
17213,2535.6950642678203
11580,452.8005327564706
28738,1718.0261925965424
62944,1470.466971583549
35273,1182.6274963839005
22460,6889.1046725215765
20559,5998.14452416911
86225,2493.3334267850314
49525,2781.6174295869255
68430,545.2663166130269
38402,3091.030168298904
21643,4812.724640858053
52599,2375.4385201416726
10100,2430.8562774460943
77516,9867.314114124867
93600,563.9526705950998
13148,4382.357839895614
8890,780.8631810365105
75650,1868.2016182041448
59100,2375.7658377606313
85839,3020.5049804055216
98446,892.3916480417911
2505,602.9843883666817
5188,845.8356305085204
64713,699.9775088109227
98108,2135.8800834986077
92188,1385.847877039444
20250,2750.017315988065
11737,2820.3085705288577
8245,7653.650813382848
5674,2488.5070557027266
58189,4398.419505461251
41755,1810.9399494334962
57138,4064.3027445737143
18195,4892.743526105498
39667,1493.2786235593821
93516,2011.600414254178
41676,515.6566581814122
35854,-317.26991975569126
69540,1717.7460121378879
11800,1931.0275861124896
90560,2915.342416304511
30111,1147.159690453022
48729,2351.4318869189474
85742,675.4158676226812
82995,1932.1371327413146
74358,6393.586775419006
11531,2336.17050759759
88168,1389.4508658027999
19544,2466.2569746650115
70773,1367.1109645103124
49322,3058.5795732801507
75223,448.84322632691874
20583,399.49044001334914
96072,1179.9588536058618
635,4785.632272491449
64314,957.2270389055657
96685,1932.8246950773546
51529,3778.6878886920313
21936,1794.4336298048793
96007,5310.723980659799
97255,-210.4863918288438
33650,3280.6936571782694
75606,-469.0519520579419
33625,1021.7378904322013
67227,978.4185624423872
20095,6371.1668707447625
6139,2102.209390542792
49199,1836.7419888676054
98218,1081.564788238431
69272,1356.5408197217575
67285,2644.6976966772086
66404,4922.493107188548
85797,1449.6626356283518
29706,943.6551477761859
58130,491.6602057818618
45620,3055.2828468646467
46675,4644.476539302908
78349,3336.9781541317293
6311,2714.737124147916
16091,5852.611245121716
91865,1344.1493159877473
86087,3805.0276849659767
6177,2409.160636415641
89677,1415.7984250982613
9556,752.6830355782822
95802,13790.627392105536
17932,3333.152731752397
12683,3792.1488546530845
68199,1140.4475418677844
98734,5565.258505568027
71701,2236.27439010509
8379,1838.0373010710057
87231,3223.202843261306
48236,989.3594710929856
85571,835.0141186110732
66272,1633.6955654458754
11079,4631.730226537946
36238,2872.818326179606
54500,3068.915741845861
53776,2782.1440725120356
18593,2532.703321258895
18129,4391.741327345949
56195,1638.6608660270745
64033,1120.0412687438056
9567,427.31661728683
3982,1527.046406827994
26522,7595.670662498591
56894,2152.7563170945714
13514,1866.8344613547922
90535,1213.7059575919575
851,1998.1306445106438
62308,2837.247272739768
6590,6172.419956701861
8285,1835.0943783658086
17417,2302.240663369741
92430,4649.072340373343
79184,2021.0393395641718
90635,4112.44725540118
67273,1960.3949997345183
59909,3922.8142526626816
88700,5851.273299746401
56191,2741.8895151327642
62600,1124.1016249078339
2136,3670.230252142185
5437,2442.8773854151204
9754,6180.73551355785
19683,1786.1430447424268
11559,2264.7252091020973
41683,1443.9660835386549
72582,2155.5293327520258
22628,713.0929526049595
69422,3902.176380039933
27961,5280.60115332526
59710,3099.824362214982
79575,2036.5652312142493
85037,2137.4148156765855
85647,2236.528767865456
56031,3659.286998429352
57349,1480.3483421339288
4881,1151.0010677880496
73489,1734.5302178278
52259,648.1303147697176
6193,2119.771896223554
77979,1254.1586258400248
58997,3315.7352095024753
39447,223.235971341388
6231,1146.1888236942564
76246,1460.5482444993704
97406,1274.835883346635
10060,510.9918364950622
60000,1272.470544580372
52415,12938.872896595858
43511,-108.25282816106073
33468,1277.7866257610167
10535,608.7550056469199
91195,1195.9629374449205
63454,4332.523925474888
93132,3285.175768169627
74044,1095.9988794719848
7785,2344.6557242194885
30425,3914.502164304755
81714,8205.101871475672
94979,1892.3306580131164
4011,4049.6947258121077
79697,3607.843524879803
63106,8538.785321589818
41946,208.87649431966747
71,1184.7488303485366
20779,1590.7815862398825
55882,2631.360555667845
56931,1125.2540837082274
57019,424.79799087325864
82001,3904.203702756862
26089,2229.3518739351885
17576,1499.233856535056
82264,4446.287741471162
2635,2857.900016673149
4276,5092.402315429294
11523,2916.5270296073068
76950,256.8720080991284
43187,1449.597047675978
73012,819.5106239841743
63522,4187.562981458791
81863,5229.748641288599
50888,1645.8473529825585
59596,5750.609315889194
7084,665.7571858305228
45611,5344.528982434776
59182,1174.3386221505634
20810,3516.1238473284525
83873,1873.7065499749483
59683,2422.4475767179483
95792,1820.3785198901126
25292,3048.7452209759354
22333,3598.6514974432134
47781,2892.7982414538405
32454,2817.7473059664935
35504,7559.2477938694465
58025,4326.191638213602
83928,5358.077651794135
89912,6005.241497638701
70875,3462.0581003941493
89391,1375.0495544295682
50044,1541.5729610997923
67596,9694.719578439202
66194,3328.2326295793823
99011,864.8091734255622
76687,3207.661878313782
65068,2013.4164137513885
10875,4423.1801223092125
65550,4745.693765374865
73026,1324.4450034786314
7228,3531.4825581764007
99764,9800.009725596276
17151,2986.18386817941
15551,2017.1716650250708
51360,2314.471363451722
32588,2376.627304871061
77552,7191.812130268958
14592,1697.8745207142586
31124,5605.428644526257
46863,1086.1899164688084
60439,6987.779764801777
36040,2020.8507775657094
60359,1391.3765816571722
14950,4081.044574299985
20649,2808.668597868212
57887,3046.755378913662
93064,2272.331254772368
7412,2107.8142610575687
25152,2674.8550488861165
43700,113.52345792576398
88094,1301.0583723332243
40826,2422.1612461785803
5921,6000.4303635918495
61959,519.9645334257921
68531,408.62995976260527
32950,3946.743224355929
64831,6063.451336102716
84601,2842.4377093337735
58521,4281.413287032347
74771,2469.148780962627
28237,1346.9492906708933
87179,5516.599143354378
47267,9322.423641955795
5217,1303.7624250624635
75342,5929.865469692662
23014,1997.7522853906078
79573,1175.9689523461757
39578,1220.814125664976
56305,434.5335351685567
91815,1318.0702410866452
5793,1892.0640086290255
1745,481.5408388217197
39775,2652.732714950216
85097,1555.2685793468222
808,5243.321347370769
61902,879.2490358213149
83425,-321.23447716416104
82068,1600.9528169965083
24187,1249.6180092804211
24000,4909.130756385204
77048,1546.3552374635483
31466,1620.5296308250802
34622,1917.1461554038792
76558,1086.180457175125
39628,1721.7940244855363
98266,4046.890826072104
56877,962.7855094811857
50204,1040.6466169363107
79694,29399.232868689298
87130,342.88624898656553
54328,9272.231359018495
47006,6857.09777289061
38800,1480.2778361548908
73626,5739.461330240765
78653,960.5070906831256
16803,1427.0044329705156
22422,4228.142537125837
27741,814.4996346892763
76885,1424.0499875115706
43126,929.0336520611386
28558,2536.092145487441
59920,6234.778307087132
10416,2562.619405852165
41709,2155.2110317623624
98380,726.3191108197907
3521,1945.100225822618
10886,2668.1613070344747
11512,1327.5878322360663
88420,1473.7653247898638
57353,713.392053700567
55546,1340.7576953023186
96489,4149.624226208512
91960,1153.6030248185061
70281,20527.642480150873
60169,961.006904746981
335,7314.668102274352
80493,3022.1686683300786
80318,5941.203890204246
10908,2004.1172918801935
69336,2997.087736644937
56702,2904.2132432381213
80315,1812.2653662886828
89122,1623.5067901754755
16033,2536.9311736532945
72973,1692.1048221014794
5603,1292.2772949558343
97864,-21.589718715109484
28060,1059.5352988706468
89263,3761.585725282209
24363,859.6985002885258
53085,2365.732735657907
7546,7580.6790042842495
57841,1530.174426187787
93766,3887.6712074313014
41617,1250.8990353626164
46556,1547.735113181965
94162,2286.082482045476
21185,1349.0563337862704
39326,244.41244123449314
72005,432.08235830669946
49237,1063.4526737592528
90061,578.2545275121329
59677,3695.0676818241027
55244,2570.849853702316
79065,4997.011043909257
31002,894.6691008168191
67927,3899.7342175184926
18656,3763.6592116933098
58606,1780.9768022524986
99464,4137.639900133694
91702,1614.945000171353
34122,5865.379592415624
36691,1569.8596571911976
63350,3874.6837488730316
34896,1410.2739795719363
53929,1160.2987382616648
40325,5950.865303809386
74439,5880.333928293308
6132,781.7624926583276
92579,1469.8298612471353
90252,2527.952645561213
92745,5905.886856375619
91612,1547.0693708116714
69623,809.717200336605
40039,1379.6967107189498
95039,1231.0526536976513
4810,7240.207856624349
28378,1578.5576340389725
28146,2565.9299587045275
54408,13966.179254255412
33088,2209.5108391309277
84179,1561.3511316663985
2520,8358.707839086275
95095,6081.354384980115
10186,3046.6056820409335
278,2518.658005157853
67600,10090.560968182966
28941,2816.192735472303
83653,3417.8729531030936
92319,751.5541815896017
40463,2091.7595825407207
42082,1275.5843022156305
17996,1452.27686266532
39492,1442.7837946484083
19736,2798.8925914629017
60302,1379.4463659538765
92977,1419.1384112145274
95791,647.6271475279782
14606,2747.481528684272
97494,2289.0825760938756
19619,1727.0868984005772
31273,1795.3898310797508
96396,747.0137184304695
52602,1062.1243777207196
29500,2875.4699965477885
94668,3029.292268081825
79289,3324.7916024395054
15989,1879.9245588775661
90477,1908.0426815271219
91200,3070.3763613568726
152,2436.1925116522484
70482,2323.126450149546
11619,900.024073254936
42433,730.9482712379086
78617,2065.2333985549076
40694,1917.4885638902642
52699,840.4400648502369
87670,6277.079406068226
76822,140.34330821331514
22946,2540.678652526241
87203,1887.2708842967454
52945,2153.0397486080474
86119,2319.2497841328986
70565,2014.9227983294923
52972,2030.0407125388417
32449,1396.0103975905467
98942,3592.422628019147
21189,3038.2525498114624
28297,3989.0901613378082
4831,2165.6087292983634
62078,1378.201853830259
62846,1432.6390181189236
92564,637.8860133954186
6943,1129.3019986398622
1886,1519.5724614989667
95181,5330.376746627415
50755,1107.1967180634051
70464,1871.130096499851
35875,1996.7285435078606
51438,3928.094940324502
51080,1822.9572019001314
91467,1366.81584870302
53680,2097.360705344177
18571,4224.5541359049075
69264,4078.159816069491
78615,2299.0722259966424
37895,3011.385322174781
520,1015.3324319533981
3856,6093.543773825581
44343,1872.354177300803
4657,2677.261526147576
50827,1292.8970735751896
30065,4396.4158884790195
37368,1686.994507447377
44348,2016.1504821140168
49292,2338.100397155371
43556,1179.738093056771
9441,853.8064650674319
19102,11107.62652365374
30239,1156.433946627083
41076,4411.68423466139
1904,3696.3323349936027
94983,1638.7535595426493
31969,1232.7427424987113
82106,2055.1825695406933
96073,2505.2967774323633
59305,6211.107994191642
57412,2597.586451288249
7328,1510.6935074807038
52375,1648.7527622910893
14790,1211.8171294856925
2362,687.6506214454389
19937,1857.5356276300602
43571,2380.290835781058
96528,-341.5881007674816
34447,3210.333098380669
24968,2912.266516505413
9458,253.5590610689319
3313,4913.2253045906
11982,664.9037468496322
29636,7766.506949501781
85812,2461.3080841829074
16352,1318.6366255352737
94181,1205.0738570620033
70318,1214.8138684279938
31714,433.6264875922757
48903,4100.7470634638175
99860,1199.1511779344096
90411,3125.4036838745797
10209,1181.1933433356598
2841,939.1000475201986
28924,1527.8662112081156
39656,855.4239948238628
88203,496.24247610294015
49574,3786.799227471158
92363,1420.1357048417526
17612,2895.172005893132
9843,615.3966945227603
18919,1689.0387490866972
33538,961.7910406460405
17909,3625.4191013139634
68640,1073.01456058053
30584,3930.773796455352
51143,2420.5523403446327
89042,2538.546763002197
58378,1655.0889309206766
11967,664.8180862308132
15930,920.1076139209199
65090,3661.063762920436
80222,1109.645281531668
94066,2087.164830886388
53302,3119.8718229650913
25512,2222.1592508443387
14475,1410.1812705695556
11962,1657.6372056421176
86435,2150.954990370222
4036,2250.810520769617
23484,1190.127640390946
49118,2080.6260083343113
30660,13646.651405234936
5820,677.5143168493855
67513,3083.006418039315
46142,116.57579547822615
40363,890.9828225877518
36275,1124.4616344586766
85100,3853.354646451597
6425,1959.6833620235657
20735,4740.429177127633
46967,2352.461370370064
1640,2690.489004201467
11503,9424.443357624994
56623,955.5750881609574
68508,2902.742911335972
42310,6025.549399445896
99048,1460.718332390834
99086,464.65011212117724
41235,1013.950169682641
67129,2730.882125431514
54437,2378.1315696595248
95672,6395.75544256932
4227,5798.911405605795
11905,1343.1236242748464
34359,3662.395319754378
50381,8762.305355569173
50563,910.2696818534992
28683,2978.2563914068423
25242,5257.15592950639
15868,1638.7973499450898
85774,1097.2008547426385
43524,1049.7801520335993
81674,5758.932929572247
76996,1638.4380078710756
15827,3741.8444338965965
25218,2493.2167784958706
38565,1254.2007727821442
34342,1043.5990226828412
35335,5934.801801725203
56407,8896.070329625416
10273,6837.497337896306
16234,4959.606490610864
59491,3831.7742841171894
18356,1239.8030934807625
17625,2847.731963482333
72198,4538.087628465467
81003,3724.6044783123357
27758,877.1646185983864
54127,3138.8406567787774
7013,2904.246504786499
22865,778.5114346345003
78986,1902.0059219247137
39347,3996.691593010413
35605,1824.3274707827525
68840,2311.6757551987694
43190,1709.440087103932
2448,291.91027746256077
12120,737.9842557769484
60336,1780.9218917527298
14556,808.4368544236095
22297,3967.2451526391296
28410,633.5415039203549
52693,1795.2633880981984
11925,1525.1982754671026
9439,1085.9126070768439
61150,1769.311216254006
88791,3554.420301368748
84037,442.4678318915485
11137,2167.994875772719
43650,385.7462663846977
36317,3036.9473210820906
23699,121.86519756901725
92711,1749.426512035038
52268,4066.0161084707047
19988,3179.0769919294416
61593,1251.6691565014826
73143,967.7850693309665
49356,2100.1238886452948
39800,4014.442376079568
6064,6283.340590080481
47948,4084.3414039517515
16478,4572.840222238292
72014,10599.494622195314
67168,3526.2513452523917
38237,1235.6294897603411
63204,2039.180292356092
60251,3132.7543723157687
95871,2038.1032006729843
40070,1383.4875415429847
14398,1741.1801222965353
9939,3933.343463983579
16683,5202.598102319338
53329,1313.8545107676655
15537,1360.2949986223966
2539,1927.4884410205304
88480,2284.1505469255544
47789,872.3780889411942
72858,2461.008135733622
81199,9648.006314256998
11461,5936.915864317786
39973,1085.9416035044342
60004,2.2503173309951308
23704,3226.4388338124418
60095,2947.811845621807
37750,1476.806662001346
8972,7065.547106882472
82899,1562.6163316488455
22138,3666.5620552247765
58848,-73.26861082513915
95466,1652.0340647555527
14094,3319.068388532795
31752,1064.5840427795733
25717,4687.173231484301
52295,2098.280985610417
58034,2766.136499299837
55922,989.7373688656185
63382,2006.162299920792
55088,1848.1967529606347
60218,3476.4577634730235
37743,1353.159633081054
99397,1880.6474821462239
74664,4707.648275964806
92351,1255.1413374925396
28184,5672.730942045841
49679,3800.218082984251
14543,6311.424106750565
84830,6953.754157395362
59785,1279.3950234358908
53597,1052.7947285010537
12139,928.2836929838454
38168,3905.407043101042
50085,-268.8372358714114
11185,4096.0730679672015
32333,1652.58291246021
84109,2124.5355857370832
56457,1958.182821609401
69187,1997.4350855933078
6737,3636.8037377479955
64992,3746.246217056292
76911,2303.606110781673
91510,1855.5356402867149
33577,-59.434518720012875
56721,2254.8562661108836
68982,3212.5553813605984
79950,2273.6341454027374
23379,4978.876446074959
24994,3551.0142477018435
25773,3144.893642783061
26296,1007.2594992101003
48032,2135.152067779257
75895,2206.481029047503
43655,3074.0802276990585
85584,8120.811261593081
76086,1678.2604657308445
86642,2784.510972782262
33574,2168.3297017716686
73561,4025.856279144936
70859,3012.695220698185
14661,5555.520124357818
24593,7582.482674927238
83192,2548.6593012627027
23292,11855.257115246985
16739,2015.5231255130939
37595,974.8303289763512
19668,2135.595268321822
72509,1279.8292095831257
93253,2319.213294385713
23036,220.32549041991024
65674,3427.9645568375704
27053,1597.7901763080217
83218,2303.668311462594
24087,6674.405247169262
4627,2235.4907845828966
2419,3174.33259929066
2335,2907.7655632251217
55470,2052.5763521998215
44578,6150.0594872954825
43205,5067.599753928463
73098,5627.884008547741
88000,2899.4000371748684
2071,1521.4761171409068
73574,1885.3600169250196
3848,6154.845389026794
38832,5826.23291020901
64828,8047.6468853703645
55170,1922.030664409241
93931,3110.3959493752564
6879,1193.0477125962243
45852,2061.018431609207
14245,2848.9651819646047
61441,1485.6078222403726
86739,3074.5899259483513
76441,3729.061734072021
54361,1144.2418296917244
75318,1911.6568309354386
98612,17135.089111778347
53970,848.8466321929227
20183,8655.124679366258
33995,2840.771764212056
14498,1862.1082711492456
59796,-578.411570688083
27204,1901.5428604731885
15937,1274.103058918205
23355,2499.7472754424803
24676,6170.748839896424
3597,871.8203835426939
70489,2331.001985300457
77148,1153.0090345289836
61149,2054.7880067372853
94175,1855.9571388877653
64694,2540.312446054173
21759,5019.182961073575
73303,1748.4716765890134
97824,2539.269825109274
52713,2009.035262606863
57464,1732.9669114645424
75621,659.4923254380378
75604,1533.369374359741
78773,4189.098739096611
7801,2126.2192144329615
79817,-120.57933628210685
90906,2105.414664912001
81334,7083.041068218841
75599,2285.478263500498
9026,8173.707636083275
33887,3505.213058284295
23529,5110.592961949264
75311,1808.1640101194819
26619,1921.3533025297409
52225,1804.3235540161863
50879,1256.2883664925494
18634,2463.717996578014
12314,2661.0544183832235
59138,2051.20843161256
50549,2681.0037734731677
88854,6369.066037504483
85521,6421.07506790586
99501,2131.5195728670174
34207,4841.921789202896
69729,1182.914421276877
32826,665.5597541337156
26383,1478.1431549437448
23377,528.2869382557092
89324,1022.173300684306
27806,676.2740123535223
61013,6605.49283778328
19426,4257.772948413097
86361,1139.9126522993329
26187,755.390894963974
1462,4086.1347187845304
2291,419.8564619658687
53583,13187.80625527842
17506,4474.990333371644
10793,2311.019970645314
14965,2107.251112444077
3103,1178.7072923458454
34539,1848.472693174272
23621,1872.5990683420416
58416,2267.146076981725
78563,1567.1029311639554
93742,3363.137314922387
66131,1587.7769287699675
53237,2594.5726623057562
62625,2454.9550050376256
57891,1364.3447812905692
42866,259.5247891840172
19603,2771.1663273816635
14011,1915.7985240706505
30365,2310.4725036911505
25569,1383.2671044806943
24235,4052.050338402797
39154,3490.6665334332797
7375,723.2194323694848
72128,1179.5244409763645
26252,1540.606322733439
36614,10668.23330305214
18990,2015.4958824660227
16802,1879.9411537100573
67612,3630.021231049006
92265,5492.583916182185
57263,2185.89726264834
76229,1106.1724993243652
26866,1130.894211392299
46712,-94.30022450066372
1763,765.3475651272256
40601,2821.401271859498
6036,3810.7394551672796
18577,3171.2963740798164
57740,7525.712298029763
21040,1643.562883152964
6120,3642.1542319900664
45216,3768.445053279121
83778,570.7690798383173
22326,512.612379529262
12058,2656.3209285351236
60507,325.4174819108689
2930,-134.8850053362671
67719,1658.5518948200897
80758,1659.3928316001616
13362,1345.4830065537672
59202,2768.3682635296773
49515,1914.9159773295662
99739,1559.359722233256
70348,1239.713588289565
27197,5485.022998196577
72961,3883.791060153606
1999,499.11406259673095
28851,1360.113757736016
26452,1878.9138955911556
8259,2648.4258190424625
53133,2380.2303026188856
65412,1692.7722825864635
56187,3509.673103171294
68495,1076.8633138988894
68516,3523.8528061516577
72431,15850.172026350414
42428,5660.52524081463
39569,523.3188732671997
36074,1134.6800277283269
7650,2621.048901967076
41866,1563.6031119426757
9993,1497.9340550787888
41825,2143.972728902155
20444,1739.20210259451
83250,564.3820730707721
94222,3028.039446571351
82980,4295.943804051725
40757,1277.7586222144168
41051,3625.177701019577
29806,177.67064145479253
11842,545.0905483295778
20551,7457.616439296253
43302,1815.587072612145
17542,11383.803650974358
91369,2497.43787262865
26340,385.78442249807404
57714,1665.907517554916
49620,8357.920749617639
6313,3649.5861584684476
91380,2074.0419612347223
26169,2683.844621150638
8520,2808.0610369924366
43665,3455.161589583236
73565,5820.410824745122
13391,4292.560076701351
27914,2275.5083183389143
