person_id,predict
46195,694.9571376522267
27086,30100.879251072685
35080,2596.7617995793157
15409,2560.734855266193
97759,1336.1982436294552
3822,1413.8945602075605
89124,5670.305226304189
18328,1459.3627474701439
34209,2552.0802088028668
99188,2453.4781515699647
80157,1669.3444201424056
1829,1318.2599599840205
71702,2640.3096223125863
38023,1461.5487049380315
37913,12319.96957880981
48017,15758.275782054136
30207,1212.0206656654962
19088,10250.488628685658
80837,1211.6998428126105
15969,2828.161036028458
83502,5632.88814004904
29388,1733.0956160290325
9933,1204.817470341949
75690,406.8448262483503
22498,1006.4931328118608
76557,1386.871051684953
33865,933.7514929152003
64383,2236.604485829312
69575,1594.6494806201686
83925,1181.7495465752716
89223,5407.1076005855675
43819,2631.5556460689813
57852,2010.1309729373288
55011,3607.7430369537146
52998,1449.7036715399017
11204,2743.406743161331
35338,1139.5033166982948
52981,1567.5341075866743
80012,1026.4751989279453
38389,1264.2406536097226
97537,631.2597194091534
97303,1743.4723090802688
75358,4055.155901757472
71187,1394.5793800171843
30096,799.8772833509479
37745,510.0761474536162
9628,1850.8382825275614
10146,1893.1191722845135
41005,3529.465735882135
3797,11138.46018187428
55363,2931.3074244981854
90339,780.4939236609654
68830,793.4304093526665
77698,2676.197211971549
75451,7808.59177312571
73969,881.3401665569344
80146,1338.356900334508
11347,828.9456211637851
47353,2369.6002522472104
19283,3034.0808781005635
39640,3741.1521861232895
77043,761.0337952938453
74801,2042.1281677991726
37678,1521.7751277829805
42405,456.31359786270747
29130,1150.3835683972045
50359,1564.2684537725886
47188,961.6674631669023
52715,686.9445619934392
25491,2839.107795566837
12959,7363.589097166579
10860,2638.679913319092
40275,3297.2291908868215
51171,1572.4738103732786
60753,1297.6799637328625
85066,11960.529829882436
5431,1044.7616974132393
42763,1354.7848327241022
23516,596.4208185924554
56527,1342.4085762477464
9040,2207.9946618794047
10606,1943.9551189161566
31984,2372.855959090122
58515,1666.4680968277207
85576,1699.0351586984812
18612,3133.944320002504
27903,331.22379372665523
74884,1997.9440034171116
14445,4104.026679237801
27135,11589.55891658897
35924,2914.04588718805
7778,2807.331061918046
5303,2537.0132828254855
76210,1684.8813519365087
7857,1087.6350521669751
48293,2215.511251338903
85933,653.7473160168408
91003,510.93029465152506
63344,2721.0730038267266
16520,3228.669980238075
22841,6510.989852406637
19557,1341.6284572579868
87151,3236.116107928246
38464,7115.728311893194
12634,6954.932196425213
10558,3063.1447734024036
23652,2369.035702183933
63004,2769.02837205616
94174,471.4676940572999
96924,533.8492091425394
2537,1527.4136817627148
70656,11929.58325703843
60618,8752.486006347897
86222,3125.0237026702653
43999,2545.2472260294467
96289,401.17205493017127
41997,2188.695278432062
57238,1536.3214097316961
38426,2611.653168875221
90552,1339.318845681927
91549,1967.295432975265
51981,3678.817994599783
29959,942.6923663631743
37366,936.2484622608353
71832,1037.329320640485
9711,553.5728868181053
99450,2970.607536095503
57052,1089.522775518563
79478,2076.4400855070735
82912,1894.3752912347702
57548,4124.884043793979
25318,1107.8699092152835
42567,19988.531975334903
38212,1988.363101956284
99736,2745.6391853903465
1053,1779.0242687024154
10142,2769.3934292377
83086,3734.946071620831
12763,1208.0586741151872
55005,5253.813769557368
60061,9804.566381296703
28990,2045.331662593151
21906,5903.214206774537
94538,11815.093693955048
71198,3154.6465019779525
13022,5599.704395349258
95041,1412.8590496376582
94450,5172.064537838649
44752,554.5638558528924
1164,306.32799956997513
60537,4518.750696477381
38325,1273.0894805162704
43037,2494.551554590974
25127,2930.8495210931806
74206,1758.6691064186189
58918,5663.875544503298
68651,1192.554936005083
25193,2501.801938583973
50892,1897.740435305464
2208,7251.685788781411
36228,455.19741281005275
58380,2455.1651213550717
74999,2222.843135379004
9785,832.6999272319772
45674,872.1808192747493
50161,2955.3825649863556
68279,684.4427191638019
33930,2666.8534886368025
92416,1753.2697327759606
21479,3963.0565442499224
41832,1014.5209696630745
35418,1645.1410575821362
86953,3640.278859564049
25906,2475.085280007044
60917,5178.20307993963
97745,1459.373439528425
35588,3008.819471036983
78076,4061.379328351873
48056,8414.909491139499
48251,1233.9362135443837
44714,8356.712397144316
24758,856.8772402855885
97736,2470.83577187047
98635,3641.792828399499
7509,1381.860285156958
33093,2391.4757228610324
52873,3497.662203600819
50571,4005.394197605346
72657,5868.693805583371
74354,1397.7992597125549
11690,1173.1088261428843
97430,2099.9325321161004
16686,211.99867590140389
99098,1603.2859672955303
39153,1066.461727154152
24515,5627.770749949884
42430,1395.516734759529
14555,3511.8543708048223
76691,3086.902442538867
69502,1443.9922214304343
52326,1272.2552770056295
17674,5471.9431293484695
85356,3643.252643176183
61584,10045.001080222435
12494,1374.0513025332443
68551,1050.0987319443905
34169,1326.985972090098
92647,3360.2176753399544
14157,799.7030077252448
44448,918.5911107538185
8796,1076.5070158761519
49821,1467.248005994468
50252,961.4140287827431
98332,1906.8087564163334
50306,242.21751520085618
11393,2439.911095211866
99670,469.51586482248695
19697,560.327919861856
10280,668.7854191849723
982,1284.668055048046
86680,5486.893000390047
46136,3961.3209259363575
28285,2598.5850576252997
89520,6940.268050450211
17556,11985.226708790986
50287,3809.2155386366953
3915,1013.3234040428446
21923,4294.806445392615
11129,442.7886513184042
99478,1684.9338626168096
66044,1812.0422415739006
74283,5515.393896073543
91104,1137.0617343383767
17508,383.708737056557
78712,2393.812019107086
84263,3126.034785131899
5327,1846.4666392399956
25347,11982.493924544498
10463,5897.895582563136
45986,2086.3978339602368
43411,710.982405484955
69109,811.8253404045486
24817,2589.0532032982314
64483,1463.0938632145414
27618,1383.2522172555064
56611,410.4338443009953
52664,676.7752774572273
39587,6116.622882999043
68725,3541.9182993999225
92974,4318.408416285273
45832,1132.847965546625
60815,606.4532550014953
58775,1583.3674091741689
94629,3404.7704175084086
23240,2371.5327595658114
11224,1818.757483623947
69566,5058.756548530443
35823,3451.945433053753
36557,1089.8780029656496
56171,2604.052959463761
63602,775.3966495317235
33951,943.5340368530292
58901,937.4652454224819
23451,4045.390559740404
41849,6110.68947867624
67279,2755.554367416968
63698,4852.370567498481
63409,2363.867659763256
84229,967.6770544169794
31178,1076.5719322460684
27695,1921.0877130002575
92187,2593.18870361034
37185,2826.008551018138
51062,2846.3620611467086
47134,4865.023874018668
37411,1187.5222769525078
40911,2143.261920785671
62486,6122.567504876759
24113,3636.1151606753765
38128,3280.052789115037
89017,8166.249765601642
49097,8656.173050561734
4873,911.3182919054944
59499,1071.5726943802945
94792,5010.500473362386
71726,1301.394615393958
24250,2862.822982216969
28500,1088.4832927809587
73078,1225.4677885342917
21067,3726.9399109683163
79412,967.3245281717633
75752,8122.1703838680605
40085,1959.3371648898822
99102,1020.7628736907296
40651,6841.719662163034
96480,3567.466763312635
56352,2724.1651669342123
13995,6275.763101184404
12817,3637.7204876065643
80580,397.29763924709556
17167,637.8359927444583
28920,1394.075501991678
45564,1248.9355044422487
52016,2747.140674894533
68369,1696.6652559692077
88050,3268.490822142208
66038,3819.0115945954963
75199,1930.739055797333
30503,1425.1007015340897
23459,3706.786425804681
73813,485.1208932704523
56144,2737.442554649909
65914,3368.7632216667284
82682,3346.2092566840242
52339,6078.111220552289
19415,3211.0647928698877
79391,1818.458808319904
38713,1192.0918284904517
17124,5117.79803334768
87735,1005.4275943198352
49928,10353.736099169228
24481,1271.5446521046163
22312,1818.9750929954187
6607,4785.7546985035315
65976,839.5419618943669
31046,1984.6904785355748
17338,2783.9503056492003
79170,5568.563793145308
68595,1285.054719720612
40542,1512.7581417662313
87728,2752.817284392051
9959,2903.1632504276786
39811,11646.839935126343
438,17265.94361302154
2957,1660.9357335716124
96840,1187.4324995487227
14280,2225.2166386620115
9351,3956.4859751151935
50111,5062.8107306773945
10805,1570.5410817075654
16308,2432.878538701166
62019,1421.925722394311
84507,3940.0266518460944
60129,2743.1337057874043
13943,329.796097923538
3363,5029.026478267569
93208,540.97110726309
37713,1054.520176974043
77097,1868.2810985921633
13426,1728.07862626818
20515,968.9814163240791
70324,3406.273640923844
52710,2020.880482495396
20474,2734.3530211056063
14493,1331.288957813973
95279,2981.9119765908094
18413,471.58987164001485
67605,917.5104412197976
3174,1687.848684496554
28772,2034.475730518599
86286,4363.577320187444
26147,754.876171348655
9355,632.7649399494671
70523,4850.111831211869
80254,3704.446576392409
23215,1256.7385042833314
95042,559.3964718984902
41216,1303.7326352765906
68534,1623.169268753126
94662,3694.869715091233
41497,3701.4966208702604
75270,469.77950511987547
34620,2627.8633683543067
11500,3349.062879231474
23092,4803.687741185995
99948,3593.3917456304025
23013,1822.1323970683634
76076,2662.6997937783126
73720,1640.488955970961
43768,1037.8288334894435
57096,1382.6229719221085
41328,10443.126492607737
49884,1393.5451193627314
98740,1170.0400593486174
30614,831.2510832981891
17769,2012.8755665899794
33191,2883.9867139813023
22272,4263.213858102489
24118,5195.562768157474
95184,2867.4948050855246
16069,1667.024297289233
41964,1002.9181362311501
63734,3682.1051624268007
31943,1412.8363419039822
41017,3591.3786658984136
83591,702.8325587018887
70657,994.490822210451
41885,630.0204937242759
6776,2481.370990523553
90809,5455.264252978803
79488,3004.021999458089
59774,1256.3496309741304
62431,5392.544315662528
48713,1709.9916813030602
35190,555.2026680764629
67271,3826.5016376784174
19829,1327.558679797989
23634,3796.2227907949523
91725,1235.0434582486325
3834,747.3805672737316
74676,1442.2459197977632
67756,886.8083300096522
2759,1176.103085680606
41986,2647.669056687886
50169,1652.6749558521656
47327,863.9737470061256
94138,457.371390050135
98314,5330.427613009779
66531,4399.450936847428
44815,481.84096647452486
16430,1066.0656885184828
93206,2443.1530815822225
62086,1049.0343739171688
32756,2181.48824240567
10096,6093.5199321447135
32022,3883.262956273127
57148,9101.470487082204
8534,1951.392871844903
82442,852.1194868848917
72926,4751.871879281274
75632,7182.720903472848
63035,5237.624874912475
9828,3689.460791207804
92056,954.2322852363058
98132,3537.6226581771666
74042,5141.450910761086
15572,6131.894436474167
94153,3020.611525804478
18732,3644.0002225175026
34933,14817.996649118506
56579,611.4993754469336
30941,518.5712609898883
45078,3440.43707685713
63961,718.4501615814235
77265,2156.4269298816257
3429,557.585977247181
25190,1483.1652329609515
53594,5483.332425386457
14987,5375.069925692641
85242,2755.966588236332
60701,525.7461401191492
83056,665.1013452618939
59080,3900.4211615052495
35105,5036.8440088936995
7321,1350.0593200874227
90524,1495.4296732366947
14210,520.2364550965033
13844,942.3547001231582
11771,1100.9342856655965
23373,6771.581650559562
67261,1440.9674938847168
51097,559.9733028398186
54511,2002.7521860933741
69997,1749.9862933370998
80551,1520.9257183589552
63085,1643.6743343269663
4973,3687.868017875337
5136,4046.6927767827915
24720,1258.899034528525
28330,2850.9197662649726
26977,7919.668055796671
68858,829.0857867506423
62601,826.3268631126797
17528,1411.732585780163
69909,1646.8466800921744
70691,2677.379853542766
16376,663.5568714537633
59479,1209.8130638355367
76840,1523.1579159499406
44621,3655.7688569683855
62009,1871.3254508406355
64574,332.98551655046634
12663,2644.632369109509
6487,4159.881552378117
93787,754.0002645717439
65302,1720.674217479805
81232,2320.434329978189
97937,3362.7091877987264
84407,1253.6793397654976
48602,3670.475595126436
35050,9870.95563450834
16573,3042.911941402381
84959,6039.120364542657
22259,705.497470636158
11409,3027.081747838531
48092,716.399075200382
840,941.5798733424195
21550,1321.049036071016
95656,1950.494188276631
2379,9666.586104134693
59730,2392.6948221326816
81534,13386.06665171532
35852,1526.0788973397146
30812,2232.0847565785743
71217,13474.337668833758
44217,2557.5858338866087
42114,2395.382013372655
40978,716.9218312730098
87867,6495.754848783422
93625,3029.6527893178218
46891,609.8223765372235
36358,11720.600720531205
35962,2193.105466405897
2397,492.84214708623387
71084,4216.108687798506
1098,385.654064709512
59528,5568.6578261965915
56340,3843.459060117342
8831,1870.9077631683788
21882,3528.5594119133616
56271,551.07994650145
79310,2048.8453635910864
82614,3782.6895256177377
76904,3285.4528789029696
71531,3218.4146334416096
34859,672.1083114928766
25619,2375.709770110668
54565,3364.4655991074565
42849,578.5229950917245
11459,322.44180016702603
74562,1266.2027770835857
44964,837.936127564286
53947,1571.23044733361
69033,1890.909040154093
38603,2446.050522025302
11245,2742.7509333463313
29832,1793.306478479567
95146,2014.984379765427
80127,7946.45674700979
15057,2615.32870544918
28172,757.9208360842703
84951,2026.0995165222355
49147,511.52848719297754
62135,3653.295953334553
97394,881.0088856290257
22808,2123.4644995897265
35386,1428.3663151499065
71406,1855.898026827044
97852,1553.314680405282
7061,2309.059878140645
42232,2775.0039944941077
7201,6381.667626702674
64889,1446.1552655673047
11551,3079.8397858753156
28813,678.0901622904565
50032,301.23433349873125
87871,3573.607976728861
82689,2965.742265741874
84925,3884.36989922423
7501,3811.4264550480007
5944,5359.774745150609
27067,13127.085465691907
4972,8092.740681205955
61259,2514.7539058635766
21125,1343.5835848121046
62157,3181.333291725979
18051,918.0607859264782
65980,3408.3280989388268
46984,4161.541373980118
49229,2170.0463947482094
12320,2160.997484733208
55972,814.7627928787443
79121,1256.4266617909027
10464,1941.2557221135285
71980,733.4083806266509
21693,634.9761203748718
95854,4153.479916479743
15098,4342.904612712072
90961,994.4119973144554
39505,5686.462983785807
31319,560.7595244391075
59258,1667.0548797962024
67084,3975.9624636588896
67754,886.4243199179887
11574,1620.95119163067
94920,3425.3830727338195
94394,694.0287474400528
25326,3350.8723283965414
55916,2243.645637703088
8495,4562.25591508498
4888,1412.8454131655549
96477,764.6712857443615
20483,2374.4989983189084
75664,997.8194401167448
68409,1322.5403133351306
3636,757.2539831504905
78166,2166.4484663791727
53108,2879.8916521292344
10857,712.5629157080318
50768,4657.456544938103
4404,12411.136285489298
78700,2254.7546673864495
22590,2847.102492399961
23028,5170.9391954018365
91708,1486.2649363939397
19471,1140.366250908028
87222,1621.64538910916
96155,1711.8178083783555
85257,1013.3714809941703
1612,454.5018398531079
81697,5807.726339658354
80522,2518.592622796687
42158,7658.917285626111
91271,1628.5729821588634
55418,2258.595527690327
35056,4700.302362492262
54314,3697.2898580874726
11614,3628.037757110963
31661,6710.981927985706
35205,701.4804388932979
81968,639.7734943274511
64999,1227.8864854796934
16018,13584.592184758341
25392,2161.311024297454
56240,8089.8073133627795
66638,1023.8100488249595
88885,571.9596351956875
22917,4613.6450669465585
81075,1329.3819847021994
78545,960.1197631980184
17973,12003.44956077213
27463,5162.304742620721
78810,4230.824107180086
33828,639.394833625929
50136,3038.0120760175955
13179,2055.1441825138986
36615,7353.45924660753
78426,7148.656724868985
24064,1108.065767881645
29204,6132.172734914732
8070,1015.7846819303253
57590,202.46123354273405
35661,550.1433538606111
66951,1373.5123853753103
50659,670.7096296033583
36629,7534.880872841386
52714,670.6992915465544
21210,6333.339618180897
4188,887.0845773214332
94213,1862.54052943895
96254,900.5740638910848
96524,1848.8790622308882
95754,1701.6576345160247
60495,2433.0048308209134
25784,763.9550732329599
52840,4984.369038787488
21653,1209.8360865921322
63800,6795.356827313154
84867,1330.0076231102853
92049,3438.834398223716
74389,2739.0462529147353
59309,5429.427360229276
86851,2390.2268977878925
94686,2030.5757305088964
79341,5749.9609432308125
63086,930.1661705079764
63484,8329.7712336251
83050,1568.7305851988492
68288,10770.676293065511
82466,5114.395393981176
61963,8284.374018029204
4417,1962.6199532345306
39254,839.3829981233002
42486,2566.2783409492226
48678,3133.8409069189865
47845,6093.314102037648
16468,1224.6520897476273
54513,1983.1414551022165
29947,832.7851606135948
60391,1462.4199342071747
85021,2593.0001884467656
55666,10067.80478451171
98660,611.2714464602702
10825,6239.677939437762
49635,2238.553348945467
92666,5684.23882304846
18048,3206.6467608686785
47754,2044.0379538650154
93096,3051.056471323948
59434,1147.0176543264101
17324,1042.9819446942713
8891,5524.390569851218
50569,721.2889169139055
78083,1741.7836880167206
55760,882.3662571098444
51603,13665.36693229611
65799,4003.7551693557366
7802,11526.568852592869
42918,2035.2708113982314
34026,3739.8342177249547
25779,2974.394003359881
21211,954.0813070457656
62066,7564.768586115215
24852,5024.304668031299
41721,2678.0215855069773
96989,731.797625054932
66838,3643.220513626039
64132,3285.1581289798073
39161,7011.4398790219475
67292,4320.8355507375245
5702,6380.250425556541
70201,1459.0106315566143
49193,4580.223504349781
14431,1083.6388129222798
49765,1748.8835727114606
83911,668.4181175731903
63259,2178.252406566991
11863,2643.943815358311
53231,2063.936091050118
44340,1761.1572636949757
43854,821.1867060846008
75091,3009.7214312527435
4732,452.9209156158231
94815,2601.0080889328124
52434,3137.493919762633
79890,650.450715479008
58511,4612.974193275877
19072,1334.1641406954714
69844,529.7169186164488
75956,3478.67246345321
42661,2799.9470382910877
16629,3922.5964170802945
88586,1458.0349748207798
77912,1916.0485657295262
92078,972.6727305622265
5381,828.7505590407396
53136,2784.080036355721
6566,1104.2201910796282
1310,1742.5995447768794
87647,1777.6943749272448
43761,1558.3638357424638
81895,3218.332100114089
58641,3620.6902180090337
46694,234.97925573532237
34124,3498.1273585111076
66466,6057.806967655202
38775,7999.022199583316
97584,3978.804234914387
16656,1983.394055774002
67432,2241.9029586018046
12205,1282.9033072819673
65508,3946.9499601449547
68811,4585.239529330096
19864,6287.524046616731
88594,7066.01037179917
5248,4477.212990436206
33027,845.4789398184822
83040,8365.51556090189
76710,1339.2993677589748
95489,1468.941586020693
47441,6093.985887646669
74051,4497.340583551794
58655,6568.487127229831
35210,6343.859381720014
37352,2117.805878749634
65161,1794.7586306879498
30662,2153.746111392244
80485,2856.6012185670224
80084,4997.821818747727
54781,6801.27069668011
85486,1614.858617075283
29752,511.605019701862
4500,2965.637471724311
56923,1382.3089066757734
52460,3179.9338623218164
75731,730.2833732736727
50585,4064.573853129275
88833,1411.6580239309008
63115,8645.298581232026
40598,3478.149287635506
80098,600.1222446167396
78419,2059.9496303558576
18279,3748.320342886968
72524,5575.86341920037
66108,797.732797185508
93640,1312.7158888858073
43085,1083.9037955662493
93525,1403.593251122999
10086,1345.0586737920341
56764,2043.2929797892202
14640,3261.1096746911644
64055,9588.522676920493
91097,3880.371370401404
9097,1996.045824509376
33044,10241.655935814928
69483,1951.3940711212988
63688,12440.789702573062
77615,5350.638988409655
23930,2028.4783771216933
65904,582.111684924785
2365,2069.888143107458
79598,773.5885984120785
28640,959.2914013046907
57506,576.3179830024269
56629,12108.106156389367
83561,4806.736658638692
72345,2129.636718192634
62048,2452.0223684288194
781,5444.641435171362
83014,988.3269139635843
8838,760.2603235175309
561,4684.135086351949
4166,2978.35086998733
27490,1160.3187437501385
90238,1605.912244436324
45462,1085.5094843338227
2641,3951.2212072330153
74660,1783.9702783965602
74203,791.9548725832855
83577,6368.143046255687
12720,1968.1988279227637
58580,3413.664350713044
63456,988.5365192859625
90820,6964.1838094026825
71487,1070.637695899582
18174,2917.0015056059215
80118,1127.546531077156
51139,3115.538227462886
66583,3036.0624379548253
94658,5980.151243221463
81640,641.1730517745767
86339,3339.640824866991
556,915.6066470239296
10539,2564.193319860761
76790,576.3460666674949
2732,1402.0186703973925
27931,5165.7395418414235
6959,1225.6004403951454
87503,4231.345196232351
41234,8454.432630686444
72432,1030.001226975437
82300,368.14585885743907
54657,1642.6165660894244
27811,5982.048456167433
14691,2037.3173236394662
60031,1989.857884832267
33311,817.3174764023486
48013,1830.5242704338145
68244,1069.7693927972664
42726,5056.291478365214
80869,355.62246625865043
28303,5101.72589592161
33002,790.2568952451215
4656,2254.5983359372594
53706,1626.1965050384572
5465,609.9960117619257
24473,2707.6292193132067
44556,2444.6656636915345
25244,4086.609574806667
17491,836.3591252470204
87426,5007.277965265232
2887,498.76439947631803
73437,5046.680454667195
10311,2044.9196849999976
60500,421.88370602781714
75393,3068.5203390394104
18093,7874.959865812605
25877,2494.4637432439195
73868,1075.1112789581439
92244,9500.692221953886
14303,1548.1332149695338
9981,1451.7804547101075
9019,924.734143614325
2017,1395.2232642996246
85739,309.2009981608106
86547,817.149744505331
52778,2611.6391360681896
27229,7319.254390659487
23011,3242.1895633231225
20373,3509.0906237377103
75972,1107.0477494924282
94909,1926.2007393038482
52949,4478.232494988968
70195,2369.9237935711108
73636,716.7393489774681
30457,3187.3240446892823
18064,2461.070565030761
53459,567.8564983545939
35760,4673.862528822425
81489,3427.926417297583
19480,2571.357727799396
23180,2189.8058494162974
49416,1782.4298022266858
8780,552.6272476786567
73400,3638.727719322867
58028,703.3208849148187
1660,22966.970555173724
26347,3063.223382982503
23859,380.88467894013576
43440,7746.7333579359
60617,985.9851030284046
25837,1053.183604478764
74516,5641.285959234761
26563,2386.527892287907
33003,1185.021405971877
19368,1417.0823182217393
21931,1253.79259267953
79525,574.2523790677093
55210,4272.515256680615
95508,581.6938531016465
28840,1186.0505515465609
26468,652.428627109064
23345,8484.417272142711
77473,3175.8511921748977
7992,1379.0950516126472
23446,628.8158308084104
83067,759.1969104417807
10872,2118.424743672141
83934,10588.218463857553
72401,1874.1057008269697
82293,4015.013965475129
84203,1416.2626509553343
91617,841.9913974472125
83493,4802.637302693674
82552,7629.145028709406
79801,822.34562129418
79520,719.1161092838458
92376,1688.5878647272152
4692,8317.91177649363
56088,2781.8195249236833
95182,2185.380191924657
18128,551.8677433670474
27920,4545.416712428221
50220,2995.999318809475
80235,2161.7847073760295
7926,1683.9886448654545
14652,4944.193714393844
42958,2171.08838748605
78825,3213.818592598078
91544,11781.508951036696
22372,3224.429689777779
94927,3362.267639347782
54315,1212.0117766379306
49342,9141.485372331706
76000,663.7210707057014
28846,2423.980005136761
32182,3912.7784007543464
38053,1241.892127178145
71736,2522.0864597230284
57814,734.7312651000648
20169,3784.2891823749173
11394,4334.539570077234
15501,2353.530414492718
54213,842.3330129867261
22648,2313.741377736708
65098,6583.547452780226
39152,1524.4500408603726
76123,4477.421455391804
76183,554.4156322075509
16242,3872.642158175328
16705,2580.9307420617683
30431,3716.0084082544486
32153,5568.885658003697
85407,3305.0489272203736
16776,5302.545103540491
72367,2450.625804393789
56127,982.7120440746625
78543,3186.634014201174
36174,1180.826951433245
48470,1736.9821053508847
85014,4849.635857604795
41251,699.0067978804663
35545,6995.589044440017
67463,3697.2174992723276
84637,607.7154504904274
51522,2163.8289695126778
68986,6603.793424174072
49364,1191.3810144001332
82206,1703.8705591213961
97340,6412.416386994606
84549,2207.2941383414395
28519,1109.2446274943968
85000,5631.667295032432
94951,1933.4842544671715
82557,1086.2131527474035
71264,1036.4732632915727
76063,1385.04898565071
58112,9625.926617082294
45727,10690.574108330733
58697,937.1309220583871
56926,7918.486677816111
86961,6286.306395819621
94546,15745.702290399768
96596,578.89276856299
19326,1864.1087997535974
64548,3604.047413493669
56091,7255.468639907102
64942,2498.8761744600597
70110,2925.6613737230837
39050,829.1941760263156
93089,724.210338571139
99197,7229.301984501581
47050,5037.967796049771
77787,2871.595423978394
94452,7661.321900099339
20427,1812.1174206952235
70141,947.1153552156194
76955,1471.5553443547697
41330,3690.278453811155
51083,2838.348376860453
3653,3724.256864601049
45898,1130.1978115100262
87787,2134.5301615605817
97337,1441.2161728686672
12357,681.6937177156287
58557,2992.73159747877
86498,15688.8536329179
87430,2165.2252660024283
37609,3822.6801468793014
33762,1499.1596394007595
51226,691.4766823270107
73695,2307.4473967114764
65794,1052.13212605628
13675,3352.474810559682
43612,688.3406996419802
4754,1313.4353174731784
8760,1697.503965420903
95113,3017.361003355878
86912,2187.3694322084825
23762,1131.524177434097
2898,4678.348969424212
79314,2463.718896652708
39125,890.2154388770562
39391,513.3819757393808
84542,1420.5564959123465
79633,1540.9555416211278
87460,1369.5215147830784
5284,4905.803405830577
99036,4150.040249014922
82437,2721.72353554056
44138,8348.959176820485
20947,1769.677465543159
34705,8027.014877745599
66977,1003.237601402882
27087,1605.6418373480633
95612,6609.356544834534
7810,2982.487461539132
72210,1194.6386264721807
49513,7137.0350487675205
49086,1069.6045862214664
86808,2503.515220433703
9473,980.0340312644847
37038,1538.8473948392032
47141,6120.431253763247
38474,4176.569601606855
52111,5099.103281617569
26290,2474.656506920766
81547,1685.7944758247447
43637,12124.87698282636
53962,1947.7801003237705
86522,320.53964871732535
46477,638.0897980881928
54947,1430.9792114206464
475,2163.460056281416
99023,1531.8435524343522
6952,2620.690986528103
95542,881.8308012173893
57862,1717.8210230627042
52654,2976.728858084636
60854,2019.1237549635373
43154,3204.128952397217
1615,869.2723974951106
5566,1840.2626554206995
82352,1524.958821550562
86633,999.5552675046607
3321,1961.621609723565
25416,1011.5308939164163
26413,3585.7956284481606
98036,1959.3981638094444
48941,437.07051665846393
8139,2454.9138678774693
74478,2121.0335663172878
66874,1384.9978931998774
94267,2530.452064520509
11792,2252.4892691144046
22819,1413.783511099972
6920,3568.405377203306
2580,2561.4173880256144
99008,1669.163155823976
59350,2100.1708143808037
6095,2497.48957319925
14908,876.7972386479793
22699,1364.603674364949
96300,4605.340210593922
13631,190.42194295851834
33389,5660.149456514812
74760,4390.864481544595
54678,1254.1872309443377
65693,532.0653753247045
22736,4058.050931540745
49385,2382.185877404398
27377,2510.4443147458037
28971,568.9179280519394
67556,6026.15025489744
94630,1230.3313134247028
87121,554.74232077742
67055,2031.0847423389969
45929,755.7950930120835
73604,680.7678734761342
1781,1587.0792804752837
7897,3874.136052588843
4638,1480.6660009820325
15859,1401.7187098880256
52077,1658.841241596954
92039,775.8938752119002
32134,1221.9360347089737
52071,3429.6120744684017
16475,440.15605525360405
66087,2025.8351751737202
93549,2588.8718940209706
95848,6030.00230115262
89981,2542.90771466967
75770,926.0051642634105
91588,2155.5640959027605
78007,1371.4647599960354
35547,1887.824672577544
78129,5479.717235364655
57118,821.8733658326827
26165,1419.7266172331933
93240,2162.545444121124
88831,2194.264009195692
44256,2183.4738755041208
25895,13458.145638068321
94724,945.4151100703949
3006,2348.239528188431
66340,1777.6826853909051
27717,1866.413069261834
22208,970.391162279862
95476,944.0909432072924
28409,8059.719625965475
52311,14765.741051032444
83061,2986.849042900551
80819,1222.4799812281992
60502,8498.494297277217
95393,2483.328190687881
44202,2219.0098057313653
86559,4728.688690762399
68888,829.7134563577874
24987,2775.522122630102
82403,7517.899722546333
74490,1648.1368080418233
71248,1466.3457300694276
74483,2601.8188415509962
38523,1471.1895597760677
58299,11101.820314741335
58487,2073.096914833429
19968,742.8605425986491
55844,3895.9564244486696
87919,2833.729057719591
26253,3008.964474015283
18529,314.95649588598843
80,830.6539555360396
34743,3877.0606906921703
81586,2468.0996560889153
37742,770.5671735659806
36214,1072.2518680839394
89524,1626.6155572050761
71132,2197.706282776255
69324,4155.041949867113
68315,1117.0300397268657
20253,1589.0926480114226
37190,1632.3522813369657
6559,2687.532984452467
42998,2043.7592230341525
54234,3525.6087321646937
53761,364.020808580221
38854,2012.979879841874
58615,2227.4986950270127
85676,7460.313963195708
80636,1475.3024099355755
81587,605.0515210512906
51184,2778.2752715420547
60007,3633.487256459337
97972,1209.8795074787854
84152,1637.8333199187462
63112,824.6068522373432
641,1671.7624361514627
86968,1076.2371500840072
56523,2395.4897512372117
420,583.6270981217197
56167,1513.1677460252733
68100,3210.15657242639
809,1448.2801119955468
73332,1130.138290673549
84322,2949.8993263687576
64496,5710.250920344414
63816,2052.716495226116
63153,9611.004495921747
37560,2667.990255592276
35070,1584.9214145480978
70820,1157.434051815329
15647,2745.87255427205
42032,2206.9426189227343
37465,2366.7173917848545
1611,3049.897644182388
66602,1076.6471347911536
38439,242.67581611005357
18796,2840.568056653829
18619,3043.0871980713746
91377,942.456401314971
20378,2383.0038152536836
66647,3798.1078348252645
29537,3042.0958616601783
5883,1080.9539041897815
3216,4123.157139709093
92759,2396.9178750300366
79851,1110.7467051751523
83716,451.41144671967135
88926,3480.7854036037515
54784,1506.2478168817795
33269,1440.6850389667495
17870,1590.2605139738212
62983,3850.9301769007725
15232,1556.499699478389
15935,10386.625957747481
47207,1741.4858741140197
44452,2469.8338646227458
82334,2895.6624101465377
51993,6742.291048476528
98636,2094.6380593261156
37364,656.8675915772137
63078,5417.882551775832
37814,3068.682718446983
2432,3131.092640426831
21792,2257.7793721262165
26628,6979.8983320335265
57742,585.1277007401526
52130,3764.7140336762704
28318,2897.723696674833
86042,3792.787792994028
50394,820.4268363678912
65714,1726.241667241912
68639,1511.7692329189235
58333,469.55459543816823
94001,3138.487905758554
18190,11210.176336658524
75401,391.15316260961436
14099,953.4404519926833
71335,6126.705449128116
59899,461.1274463919157
3832,935.3892812581605
30490,628.5110829667863
21464,615.802948884779
2805,1958.2517125204843
85639,826.4989482153505
29686,1269.1454795964837
59455,316.7369447868757
67765,894.6268477958716
37999,1585.284322683861
35368,1532.5431584335886
91566,511.928720657439
83448,607.0329733807814
10122,582.6447744510664
71433,3881.5514942632226
8815,7723.1363099744185
30831,2267.5773299868024
91410,1486.6080901669234
13606,2045.8211826022412
21326,3049.4400076956995
64267,1078.4885021103642
25113,1496.7172386654813
32382,7899.267829155646
40894,1643.941178208332
87966,719.4222265248559
18503,392.14336661883715
11799,2515.1397128307667
65973,5187.778225040485
96499,15617.642901843647
51241,12660.67130471236
34391,2909.726568505573
35308,3186.91337855343
29922,555.4535590024544
96332,3134.195180780711
71136,2439.5371738089443
55615,6248.830498886521
223,1110.1989660220167
3340,1532.222523749616
82356,2438.6029957640653
86216,1612.7679146164267
93458,1206.3051305387614
75189,4456.248577036371
21336,2714.180733502
86005,1509.854968016098
35154,2000.4641313600857
88112,3840.1253293665786
98216,2511.686554523359
9213,14041.591825484333
99572,994.6891800669908
30370,10760.410191148452
22575,1493.830254437713
71024,1808.453294957799
49738,474.45037237852694
48444,1737.6287517687297
99259,2338.3055610814604
78692,600.305977686042
505,3046.3273486416283
50815,2021.3491767161208
94801,937.5777121454188
87331,1068.462655114932
67214,1926.8963289272258
45301,2048.1068581708623
22105,1753.8745637140587
86626,5746.892259127653
80801,3288.133549649475
34991,3128.8020931214164
17895,3395.0052015589226
26395,2111.4784981514636
9327,1838.1584994831278
14795,6358.409125001855
68675,1802.4443660110376
58988,1988.4743712231082
43475,5526.760818173372
50262,1765.2230731077004
69790,1006.8909842859493
90873,514.3200377069435
77970,1631.6984224261726
8993,4568.451640797951
16866,10357.665045756945
85722,4051.0293702168406
86009,2353.536540434398
8059,1986.5258330252623
92149,13449.86425749317
59446,522.6221753869274
36538,5351.386320858867
41895,2689.804476716861
31314,10070.582363209463
51880,2219.2408311152553
93980,2246.003499913437
12175,4213.143763079643
72725,1524.0068160712035
70487,3186.7576699031597
26150,2866.679905945439
36571,3925.322941534246
59480,1294.2312878806504
89255,6783.36741696455
17056,3370.9216061066745
26756,2803.488017307765
74603,2103.1452866548398
13472,1025.6843931195986
86193,3124.743310442032
56152,8006.289870684292
45444,3937.278610746076
15577,1834.6824405310074
40353,3662.473435378614
95234,2268.192831789054
35311,1881.8371699844545
78748,753.1514699004807
12895,1547.4376971901363
79164,2579.047962825747
25753,4110.694073232658
40153,535.4270076576461
69360,1416.7312618741896
9751,987.4668033886912
37493,1244.3576782935183
55813,2456.2948250403856
39026,1227.2391119792871
21257,2649.9506004258014
98195,1944.5636834691072
58590,1934.4115240615688
28114,3247.346690836683
40847,2797.39417665345
68143,4028.08794884565
31340,6385.516956696043
70485,2214.143216940551
15873,1077.1686088730187
11645,4935.708983740386
99908,4141.325553640787
76766,2943.243200029885
5478,1441.9206675291293
82107,1645.6142184930573
91141,2974.1597096063274
88088,1159.5312254718744
93536,1208.0369128147854
57379,1652.2449325614498
69155,6079.9505361261345
44648,560.458977180294
63440,1104.8885407243188
39946,439.3581817941257
31088,562.245640009384
40753,13077.451286504227
83700,1472.4388970001642
68952,2326.177226614833
24578,535.8502635125296
27047,387.4403774585766
86478,2882.290805716485
58734,2508.8415984597
60881,3901.9929101434313
16340,1092.1364918135428
79288,2416.3918431966395
5295,5807.325058193377
98393,1384.69401790819
18427,2469.322763930005
10355,5473.361965038377
59127,2417.287994543658
13608,1972.6148263946754
85352,2502.388217243165
95531,5661.6494682854745
18211,4944.33839120496
56658,2940.056432444626
44491,1890.8298551658584
24869,1823.835644144644
87583,1802.3367513075268
2808,1980.45809022772
82846,1216.7584925291821
95693,3452.7540294685928
71439,2010.3463888799279
77954,2072.132608477621
61419,1864.2493236876953
45208,1013.5888624490285
74250,702.4344378528485
81450,1865.9552312214653
70002,10324.792623548885
91804,7681.416707956319
10154,991.9097894257015
17992,2582.5598111202225
16483,9595.308989690731
28748,653.9210315367203
4661,1171.384983295049
53134,5678.493039661701
521,828.6649725154448
98286,31527.487167779454
15943,3495.77514199111
10234,3671.112781616032
54556,1888.9917475540271
7669,2423.310844421842
25059,1491.9492589713423
44026,2733.430857156923
99346,4024.7982319924267
37964,1126.1252047776236
21460,3468.7602708958207
22366,4574.134097783136
53024,600.6148844566748
93975,2322.1987395531887
72100,2513.699377000702
18471,1475.7008164290248
21421,648.0804102940905
72835,1517.9484180622865
13355,1898.321857664537
65163,2583.8051540120255
63483,917.5820037498222
19518,3628.719345168906
98467,1204.1751779580322
29909,1906.8011653912324
74673,1991.4607313796857
8271,1127.0506791430162
57494,1670.3976152390642
8079,1580.413270828376
39460,3511.326715088032
69003,1188.5968163452746
96888,3347.3270567329455
47579,827.2861404491214
28398,5114.410098279116
18756,1100.1567242685644
12850,1204.4556059922663
20656,1613.6604913162344
93131,5613.481241669646
4248,2177.565540906464
1655,1276.403862098013
22546,893.0452343122045
89108,1409.8328293156733
22116,9723.828501388003
68865,3496.681670816823
83921,727.9558016885206
65804,1355.0531657206402
5816,2039.5202548272775
48743,633.7907567777925
81074,4587.096764717735
45632,2705.466169842367
32679,2386.8043656487066
94144,4530.604426450201
44601,3508.934165796806
29382,881.7833489048935
47173,773.3367335100652
37001,2750.744716936221
78530,2207.373712715767
24224,1815.2259571493785
26775,3456.8646293931492
74654,3260.0616214963934
55154,1426.9528389884804
84466,1391.021623317588
92631,830.6783055488581
29229,223.83706893420685
71123,1423.4269163482238
20554,12134.91003740866
16615,4985.24975062115
94241,3942.662973345078
45493,413.20874075279704
49925,2712.179418805004
56141,1818.678007243843
93936,1298.5791657514721
45026,3854.4504660397292
17618,1537.7160852993156
62914,230.92757806152173
86439,1891.917182955932
85848,4229.501309192316
44739,19655.640211036756
52818,2138.1229093249235
80554,2062.61968900071
87291,642.2407459056417
74380,542.2861049495577
34928,10761.101238880965
78137,8960.290610899488
99978,1492.6628331528316
7157,3633.254574140956
43240,1779.9151852689465
13335,5535.596503526965
10020,1701.8237821595208
73213,9621.722579921932
49675,906.9972060283773
20894,2965.4314354429252
61437,468.16971609478776
66937,3131.7125502850836
50258,4004.388410137526
85784,3290.095786581364
31783,986.2350704779047
55085,988.2223225794274
41344,570.8171198175671
30994,678.197999391399
12259,906.2211440573576
33129,2860.5817046424268
2458,5284.201269581012
75019,2937.7871341754744
20811,1173.5650702326443
59059,397.7840528642814
41957,1583.2001755581678
43431,838.3008303464914
1832,11609.758660916636
90665,1529.8109641257884
22900,11361.223363986275
66166,2935.4717819309194
4024,5800.82635756632
68749,13246.739047523584
43266,3689.2746054798567
40113,1589.5068721913437
1606,2510.650449331317
82696,567.8156918311471
74725,717.0090771811655
97080,2063.8189794181944
80145,3912.399873560233
61979,1994.809692141092
21010,2915.3119371343364
6824,733.7814327968024
54897,4673.779855296236
6565,7056.870261684996
31940,782.3158827791254
3826,2530.0732888777507
82638,6296.034079893302
61865,988.8528119606037
47480,16239.90447088867
40804,913.0961117243264
56910,4629.319975708692
56396,2065.4951511377617
26179,771.040624877796
18890,1399.975133657063
82617,1983.7034387078834
69065,4542.362472689665
22720,1185.5080303930163
75162,1512.235256515198
24496,2255.1589795615864
88070,1985.1539349818718
85768,455.90404277592256
77880,2563.0624879452703
89074,606.849951498893
24856,1258.5801615488854
54968,4402.286820140015
94164,1798.9375913788351
60679,7637.159824921356
81527,1945.5525726747378
2787,982.0677547212758
61667,2215.523101863688
94362,2808.8020757912495
12926,2099.795597284861
60267,2217.948458140779
52640,8206.209334803772
43512,1015.9650478419655
34927,15420.180535784057
37820,1230.4666008863758
108,1128.7039107513333
84877,4072.4826640239985
59628,2546.422262227529
85782,1620.4860536292379
78836,1062.9177305136525
34959,5213.15696058391
3239,2730.1472149695837
47530,1495.5765038371967
3977,1251.723166255366
18308,2055.008019910156
4145,2263.3029738496693
26631,4604.994802091541
95605,4594.576569520744
44525,1940.3390455469
80083,4361.428089736577
90280,3403.717023587483
10826,1840.1581739802002
35174,787.545556628494
3593,2375.934887502004
10863,451.2779678735336
36695,984.1758578487395
15785,2156.294926547074
43048,1238.458974533697
7900,1416.9477630232977
58319,4948.572551842076
66716,949.6018917330044
43624,963.6579862120088
5931,2953.749614631105
31757,3017.0287687210575
2903,1159.958917981222
69526,1952.7512261183754
46376,1348.383363963829
99934,3260.1498971424076
60937,2019.6396310562777
6453,2078.4430028537813
71819,6738.5477620880965
60922,711.2442877846926
54969,7050.270120763191
42646,4523.6277370771695
70283,4354.8974958559465
21324,991.3456929274474
34603,6080.088343037103
97341,1385.7612034855085
78147,16510.05157157279
51090,3706.19096546727
83108,1095.3231310223462
28563,796.5545027957958
86527,2185.7597528568535
96944,1415.803646899084
48530,9412.789641459525
72531,1914.425864185669
33994,758.1062406329379
97725,5181.69830686005
2172,1020.0892372623488
74399,2770.426203677545
28147,2361.682595419068
41689,3525.13990261029
5455,4749.5407993838135
77479,2226.0465266261294
5532,3810.654709801189
95362,1549.2033737771683
56337,554.1421536389897
89623,5978.373748375958
68150,2259.394266195717
60947,3948.297016149992
32009,4077.836005454141
84026,793.736596558882
47466,2687.7659980633066
89656,1289.0090014965963
81892,1347.5914319895514
14635,2971.313720359533
39258,630.1633268385241
464,1333.6031256829267
52341,1837.7598022251207
69855,3717.7642854440687
35140,2685.78894449373
15287,3280.725550781915
66238,991.4745984664107
53957,2381.1424879784417
54285,6831.071504468488
22683,1181.611165685967
40331,545.0531540853567
71615,1080.2842042504628
32320,1911.2040856178
27021,5404.535172666293
51068,1214.176645221641
21315,2951.4759266992364
74542,3136.3066338665735
8378,2578.527559559107
85760,3413.190982768129
64830,1160.854865634116
74066,2502.4828968192787
24207,2300.327081600618
28865,1240.68612151031
76360,3823.939617045035
47422,402.1540068355205
62872,2131.2841424080893
26465,6083.38189713113
90250,620.712571975827
45565,3613.003373840358
74640,2733.890326006419
91215,716.1297972904669
81543,4169.998187214123
86265,3639.9603713319552
85368,3293.8000516133757
73039,3226.2712712339626
8747,894.1874647703698
81247,1382.4388228155613
74208,1193.72462720915
57901,1913.3964540395043
11075,2229.9590481475143
1341,1260.7877571065492
654,1631.1082137665194
10235,964.585774288767
84007,8501.478957696216
57945,1493.299561920988
84464,5415.172634741056
75940,1549.9883596627287
79005,1976.1367533578036
6454,3730.9886740716593
73978,2182.6867589599733
57358,918.9270904631879
9685,1093.2974470564247
60189,651.4807119044747
71117,1496.8816919409073
79171,7810.804878725615
82059,4024.7603994124283
1678,1846.5839629976374
55112,5668.861728980998
50403,4444.07532049013
99399,3235.6912408508642
16082,1958.1267484559628
55164,6418.475491469954
51510,2027.1784347506364
89583,1012.5122308493284
49568,985.7560255045238
24631,1319.8827676883943
24469,2073.128658777907
92589,7887.764287535753
99871,1763.919250806302
53493,563.4301637355763
59157,2126.071866193788
54091,994.7579780638899
83531,1574.4099348321693
14071,3099.4941744348216
67318,3908.243083029378
79590,1396.7974689696987
9391,1481.2368476473348
31366,4219.143377557585
1338,1811.4024154701387
36163,1214.8568648721523
39916,1836.562076922186
56983,3371.2951471017896
64426,5502.903871659727
30825,610.0855370619012
69014,1207.2196402556622
14678,2365.7435833204586
81059,2431.688114393243
46789,2436.7692962121682
18947,18581.53215785798
53075,1334.417814811585
20628,401.6225602924375
74468,1206.985403440886
24929,1264.0548959984155
42121,1527.3293625282708
17427,3467.2014988292694
48336,2658.982996520674
28807,4408.248241976508
90872,4440.147345560515
86171,1406.1077097072182
97671,1337.0149780513398
52500,729.327462676891
15631,3198.4809620821356
9688,1369.0269628002154
52797,1684.69127566278
21183,1406.144870110706
97635,9078.831903033848
4531,453.38977951647905
55775,999.0668048741873
52677,808.3890263880843
65474,1081.862241463551
53783,2729.1147452353457
15381,2520.851525461913
9913,1319.2751419864687
47740,1822.568058389336
74323,6757.149294644651
51355,14281.676137382392
7706,571.4455600972817
74612,326.6236946172014
70470,9809.476426354004
93878,3736.035601465797
74540,2735.139450842162
34542,957.8479005456516
41003,1206.5844150531618
63912,1801.76780363717
17032,1554.223697122166
62203,5338.697868929005
90611,11775.591737650639
92356,2025.3216385649532
46668,3024.5424270472363
53111,2436.459018231102
51824,821.7773903799538
9154,1809.8475895555935
78795,2321.824792114191
7956,673.3182907634996
59148,2167.289295960391
31929,2172.6292356843524
44312,4207.998714978963
21587,3586.0906651358623
68578,2008.0982730652252
86488,3732.652156612215
93854,9792.944115756498
81810,2439.623367649933
63453,1716.4223523274143
58887,1671.449320120705
57175,4274.349806774258
82616,442.36505873747393
64954,1257.3855538061216
30517,841.5507749013191
58905,995.2405536577868
17989,1447.2942090333813
10030,2746.3576585444334
8608,6040.136433697645
73575,3933.6585269275192
96878,4291.367808357397
90071,1107.8710580519773
9676,2948.9911267741854
76837,4630.094997816701
61994,2654.358985785066
73768,4522.732454858402
26601,38854.12660415307
79549,3368.0023109505573
34055,1526.2599911010811
60457,1881.424134257798
93255,687.0600519060515
57736,3527.327543638129
1835,733.939827377858
71901,939.6666012282697
66210,2397.6859567276842
15970,7014.318232859125
67416,1439.7658366386067
68706,12255.843808907606
14619,2380.5617974205134
38002,2407.355223760265
86381,687.6855481506235
29492,2624.2702012676878
9600,3711.2841246356575
10296,2738.153061223638
7123,407.49589569610464
24934,1066.7194211158326
52853,1181.6098984709706
31576,3757.139914443085
54210,886.6881243419426
84428,2809.2996843773244
615,6476.368050906864
77350,963.0816146061362
37222,3395.071443303282
99866,2202.2459680640827
15762,1256.92288189794
65729,7671.38543000726
41853,694.7878643901357
718,368.56187978248494
16328,1470.7649329750095
49467,2691.8596343071395
99330,4309.238665247291
56114,4806.025908600806
26268,1372.08410234416
49176,3599.341093994118
5956,3432.4058798333454
47393,4488.294528522754
9660,6126.5905376783
37619,1498.5350460807276
67650,1909.4864700752175
69396,891.9345159769692
52222,3960.7571618352536
7335,1398.880115824276
47075,6428.934281726202
34582,1263.577645747246
55689,912.8816961126524
27622,2818.354014951552
73141,6920.419002691171
43032,5991.969063390868
48850,927.5169473389429
39433,1697.0194541556841
40046,973.5117054257307
58403,2152.179315944501
96427,4346.404652187371
82310,805.0498850379211
90648,1063.3659149113264
19128,1249.9047398613268
74046,1199.568760581479
13899,7278.565411852705
88053,1587.991977556547
74147,455.21909477293144
35855,2744.730459346372
61018,3697.655568653734
29184,6845.874353070929
35524,4661.605289210388
8502,1291.4711868016138
3426,7178.392332326239
453,2785.039162633022
36608,8278.05177800001
44352,10834.156791675574
3696,1233.6560865744043
85353,2258.422097296406
87046,2810.7457263373885
95870,892.4746616713934
9670,1499.9500287915423
33184,6511.2391311693555
11526,5873.443899291362
733,3035.0382219182798
8791,4925.8081282932135
95189,1074.4897039366645
68929,1979.5575934525882
88230,3439.5090077070986
68834,312.77423548384473
28709,334.00041172760575
24539,1290.1221141725032
87809,8116.841195930839
53148,1035.9178010555975
40580,9260.764351894422
23961,3367.5725572394035
13163,1307.6934454955788
44913,2117.9831797267675
22250,2983.2285425383293
93405,1159.8341376670453
59335,1166.979069585239
35084,3486.420501594275
77274,1012.9205709666822
46613,449.2846771070244
80395,2943.597316416624
73404,1232.2144183478238
17602,3679.902061961644
75462,5895.291993066778
98582,3077.4984212375844
64931,3079.6894044500314
97487,739.7098820920376
98006,3289.430728032284
36203,503.705764933288
6779,8884.18983643455
36017,467.97988328675825
40727,2343.8357688564242
21318,1807.0603079019534
20123,4068.8073834317843
48669,619.458511191226
67745,2731.9983029570135
97932,1753.5655611341508
34972,606.0017784393342
7781,818.6894222400047
64705,3817.740133137436
58630,455.6925542485797
92517,1371.6646425417089
15960,2004.1191945269172
60629,1340.5385432743808
54206,4513.8894490004195
24397,7828.42966740701
72640,1798.0201607540514
64556,4139.658616283708
28682,4903.05281655547
50750,4113.260043188057
82759,2432.60499632276
96110,2298.359565690942
27513,2140.6505799011616
93129,5970.01514869972
40133,1247.604607059495
38227,1342.7613715371706
98727,2917.8501406232695
53430,5038.565573441222
61717,1656.874927889208
90234,2083.8623134348013
64773,5862.103902351424
4572,855.7797251658892
18304,864.0802915355105
20384,520.0402907781535
97733,471.8820720320663
75454,6465.666733723978
94029,2167.3436992766433
60799,8648.858167506844
57036,3344.0969486458007
21955,957.9577815191485
74388,8919.340847267425
5840,1842.4847119383999
89770,741.4271045332018
1006,5016.153262565905
56554,2825.653657827749
14424,223.0853213152384
94810,575.5744311955818
33139,4042.4546327114476
76613,5676.23439509757
48122,15930.979158519649
88532,6027.7864860456775
69815,3486.1816935505567
36960,3489.808575978372
72315,661.958893926002
42488,1705.8152332637792
35832,6413.828410816567
41732,5911.550489497005
75513,2717.716599078413
59690,3625.0921646209163
70187,2840.6818704942443
74136,8534.111662105053
98186,7915.211800385306
90462,1346.8683220400044
17684,720.3674684613763
75352,2185.700369898091
6373,5877.736507466542
31201,5400.070898599242
72983,4268.96279998143
35322,237.84711993743448
70294,347.66321104515396
68000,5528.124378150792
16590,3410.9077704500323
15908,9229.629051487089
93719,11780.216033442672
30656,1417.6426895263476
43970,3020.9915203409514
5244,1227.0376359485715
36534,983.2045572132936
29754,6377.84981660154
72439,1373.161634038298
84500,3539.900665745957
92818,2666.680879660873
67748,1797.3473809877953
76698,1205.269557265794
67075,7284.356501819344
65254,2184.18959569888
59065,2275.4181265568227
93899,1025.4645896382367
44923,937.576860382605
12025,1334.273024309727
24734,649.0888442231651
16025,2425.607770944964
96876,2910.5567903204496
7446,774.8077470237531
23869,1027.3814051464506
68357,1265.1739310858566
55019,4073.120765137787
87783,2557.0508646447984
53176,401.9143430785495
7864,14004.882509173258
40970,562.884962868794
33446,1419.9139457674617
49220,809.634448938921
37535,8450.770032243296
3628,4523.0102682493725
48959,1005.6737109324253
95900,825.4422736885298
4578,1677.9490292414366
15823,1789.948333012901
68265,808.112583995524
87652,1161.8443945802228
47364,826.0308185715901
72629,6289.741195799077
34996,1738.7980988676925
2142,570.2103445992706
41719,2349.9153830436
86064,2557.8503797021317
16915,7043.662289442068
2991,302.7234386606471
75726,2260.4321053388844
31588,748.3372876195231
27049,302.3884377843502
13630,1448.9545469580812
43649,2136.6950435597537
91754,4098.694842022929
45714,1482.3374119109328
177,10115.333007957779
76335,1535.9451349080757
64091,4512.925302944478
41696,4175.305942803172
77952,314.43131810761025
69094,730.3959235818296
79639,1186.015139827798
59706,2762.4726985078532
16892,2458.147843539761
80397,2071.929466482748
27838,5714.63308560391
98818,9184.947747632585
81279,2681.086628184565
68767,2045.7190273418623
6770,1739.7044202760967
74653,3122.0411433513123
47651,6701.291460417341
68933,1010.1585321847109
35541,4999.299834167503
92600,7427.63540707039
59647,1510.5999014267215
30272,2026.4344042520593
45574,1452.9123873215276
12719,3748.04496082596
19869,2183.863194105943
9393,1178.8844042381086
96584,2328.107973510845
78677,1075.1726233002066
96411,427.366324910835
62291,2721.1670577968516
20186,4432.475637553555
92207,1945.3316857384025
51587,2047.8196797098515
27120,2951.7065246912125
14887,5742.832215907465
49540,6256.823943607082
86958,2627.7586231914397
63662,1507.3996802133518
85351,2111.090540738048
86348,2727.868859918384
8096,5850.9431125681485
75369,1027.717708078575
80887,1378.1981099929128
64279,6217.594404912483
62034,1493.485752403766
16093,825.989610343916
96866,1135.6258381316852
83329,5171.811063026675
21070,2245.1022000700827
76038,9599.582558726855
19670,4492.152638999596
44941,2872.522583005715
1579,910.5114540959902
87224,5548.193463592999
71505,20175.928476713896
49252,10816.234354135533
85180,643.0906217781675
43468,1008.7746690023865
86591,2449.0588135541825
9861,1042.147838391101
53860,9507.794308942714
41697,2131.9688515831426
40963,1823.4014247531918
31089,3936.069007365817
1879,1767.218190069463
12207,852.2001472905015
17081,525.7090909508614
1061,902.6183265791292
93688,2020.1848941050523
79656,1789.480121607626
91926,1185.3695102136653
73634,887.2623272977054
83893,6266.242566910786
38082,1841.044884343246
83762,2418.519691506662
58149,938.894602305252
94010,3173.7242653586923
68377,3910.6369178090176
56317,2204.957668564109
8400,987.162733978876
2470,615.461160526911
51431,1426.0242097870114
1779,1841.2043682453625
13505,2502.8356866048384
83111,712.1420658976499
88845,3674.955332835884
43541,5923.42338244017
92776,2571.662964648177
46915,712.136503057198
6671,648.005432484821
31330,838.4558549966373
3038,15985.334370372979
37135,982.7299384502807
3651,6132.487708620612
73067,15327.465653804904
75511,674.4566987506768
96071,2572.2684402270324
43020,13081.003141814605
64108,459.7589166170454
2155,2448.667772949147
65426,5030.135565238789
38423,4186.547772121794
36907,9589.509287925675
8560,1540.8455717587701
25370,2662.227914608879
3526,3674.2486340934356
42332,5007.643780825146
42080,2248.852984910183
65690,2396.171692893383
18904,585.9480296094752
46007,672.1946327257045
14616,1876.0993229320704
99414,1379.2566582902398
17152,5704.666482854902
54282,1474.8343524920406
53966,6860.570323086165
10729,2856.0732742330656
69467,804.5897233004833
28310,850.8798393118622
17229,830.69378812392
94017,336.16289180601774
4180,1871.2753135984842
73440,2321.874592988071
68699,4732.516821096638
69839,1093.41352749298
84742,3806.5812222444647
99850,2429.0972491884127
47551,3198.8805632956814
59989,2827.5155751873217
23685,3596.2251724063844
86428,561.7696052955622
52196,3716.039442140499
51790,2664.5423210794997
20293,1654.1657341647292
46176,16228.97424228698
51305,9127.292393250618
78171,6168.995257713401
36421,1011.6831671616968
24091,1459.8823817759453
69206,2581.88588566446
75830,1874.3000486613528
14483,2364.819899281981
34809,2189.4811861975572
36435,960.7635876968899
52297,1680.3242075009887
21507,2038.7080929157728
20645,2953.9512895610846
45678,3968.7489599551136
27747,3771.6310877106293
37648,3553.7893282269033
24922,570.2278096790722
1697,1241.8482409690323
94896,3207.3428760345387
58562,7018.213650163316
23780,1638.718630526075
38235,1593.8679588656285
36619,1641.2748767046332
34133,953.4064720570536
60962,4548.5235623218705
91346,1407.4383758195866
14373,1397.3395033145314
20000,2089.0394095328434
42633,1464.8775582362277
15370,3583.966542343225
20601,2923.782542389959
79755,1036.3494102082468
72278,654.8746001505049
73879,4058.9667446826206
41171,998.5898285168703
43887,3494.364039604102
52622,3516.209753559176
5333,2869.741886574579
7703,872.323995240738
59312,605.9822066011565
83308,2215.159254644235
35296,1844.7883592214905
53273,3122.711758487801
33031,580.1551581972252
87159,1938.519449434632
73546,1038.218375578551
62410,4406.991595989499
11999,3945.9312500271085
38611,887.2637817351103
61860,3834.68525826531
83484,4035.5090245903857
17256,2405.8320239518293
68884,10161.753729936254
33132,7470.455044426027
43134,1425.7175796400556
74836,2736.3789861711743
90043,1371.600072443047
11678,1500.053025554362
66586,4514.422015693614
54461,2028.2245095120923
44078,2337.7942440110455
58633,1542.6160602881578
73870,1045.6580813436792
80421,504.93743846400747
26519,1627.0573674147565
81276,15059.77848989121
52523,1889.0734542228142
67902,1499.0399334962456
63328,683.2107287554061
53118,1954.3901956958243
36393,1634.9248753737475
21322,440.90916023667756
63489,5369.545084071411
2317,2751.3531084907563
97797,538.1302272069897
45773,2474.4543849743222
92673,3110.311222020067
3483,898.2303376889563
96826,4007.745898996656
16685,7141.362600477759
65355,642.8969934558222
19295,900.5306758411448
82644,4641.644444067213
32115,8605.905275420499
37977,2239.0526846607995
82414,762.1111949343828
46640,609.2496399611399
23578,1538.3862018435564
82030,6151.340171965029
67334,1993.4548468751645
63346,11897.631415446675
92186,4624.447377227257
93928,4104.953281829691
41718,2968.83633643829
61443,1071.6822739704817
90438,15703.849210861565
92575,1672.276050682654
28711,1709.0984816736661
45021,446.43403916194256
82071,518.1557248369719
12630,6749.13113927041
73839,3580.047819504432
5632,793.7579006710868
29591,1526.3625392287956
16675,258.36280958000515
74948,2314.1765626311126
28109,1726.0988253534551
21661,2020.0964118762613
90047,1194.2916466970212
42868,3162.7290124879464
31067,9691.794277223493
90737,6004.995286336324
51353,3933.8826522783056
15974,4245.679340136246
57367,2586.046839647629
91044,4018.008088589068
78750,3485.8957651535056
83439,3112.0926284743314
13481,1459.3007666177562
4813,1498.979456966968
42415,2431.177960732684
18688,705.8521554565775
94207,594.9150077602663
81498,1331.1009211137607
27048,2486.0493863313577
3094,2021.270683213699
24839,5246.77038590983
89553,2513.4590709294885
22123,2877.4883443738972
739,1338.0492313896268
36441,2502.8444754915213
20855,2421.218605659626
56817,4493.2184172310035
42073,601.400027133813
82847,1010.1500538931269
97881,5062.405883349724
41343,2574.1022447054543
70211,5006.162035425787
48321,4998.355866280267
55091,1491.342455932175
44977,8660.801786980626
84295,1323.4662915002984
90788,24764.082756470158
53086,1387.5978411617432
83887,1311.281743480508
16829,4515.821010640397
99000,3199.2313755309433
17146,1395.0585361656008
78649,2201.3015478927714
27328,23458.8317600311
1588,1896.3199504481431
80202,28700.865233589586
14216,1456.8848009456626
22556,7201.918512259515
69768,1818.0044124852245
65967,574.1525061212377
91067,1674.8531947692445
56236,3188.0702005272824
14582,2558.3797445924515
14715,1327.723877856837
23235,4499.415952539548
84625,3256.036981327627
24896,2103.6837737871906
86647,882.304257257976
86600,653.084415398986
93909,1434.9543159391378
66731,1813.2467082735725
6270,3853.4516528291674
25162,1192.1755527939752
89932,3347.613405099339
69011,4168.855816272143
91814,1094.476682908967
9100,790.2015680083973
14195,465.68979538476015
60849,14516.550550349255
79001,1337.4685535291915
18488,3558.090444152213
14919,1691.0140096855603
57271,5224.157492845172
86927,8799.002569905166
48082,1095.7424146283984
59593,972.1869128427408
92638,2735.5727384349057
15556,16912.469181635715
44645,1379.0987807861247
38908,1994.0794695523198
80714,632.499235857254
89988,595.4197235013121
96076,7727.771574552334
15695,1085.5561249079083
78181,2114.9461694841707
32097,2876.434494733196
42212,3760.562031831466
59285,2930.325161238867
64789,474.3055944066036
96311,4699.529418966528
79100,1658.3392794937422
44652,3420.118710261406
3132,12936.684918201348
87512,566.655985733468
96027,1744.62626757525
46924,5070.617770463334
48371,3181.884924740389
35699,2201.935318128793
76021,1792.6552532060348
31329,763.8317641966129
52009,3054.957074490769
73083,4789.720766144458
71951,2068.662589619813
46898,1702.3202135775655
98246,906.2955143256412
2964,7780.906061038257
752,2776.0927161649756
99681,10948.412399718256
87092,470.3161557333847
7075,2119.4032361553363
25852,1745.9952458040368
26077,1392.9773849929102
7287,3457.850131320988
91008,3580.0599427231255
90528,756.4315616220003
11248,3180.8529593203757
62454,3947.038779864825
18671,2108.1782787385296
83918,4978.9463107718875
36312,8041.927914909487
66237,2377.9229845184727
93656,385.44304341215405
73497,1399.1795678443577
79834,1891.1260839673112
33076,6727.738649090342
18562,2700.3283192582353
24600,2364.9632055059883
45405,16383.905940600218
31845,961.945009484762
51872,2409.7080934602905
53184,2078.8100531954833
76308,1455.2429187607452
99800,2230.214435974106
37111,2614.7644509887655
51397,1917.9905566129119
88665,1570.8395647260854
4577,3172.760922621355
60076,3623.353027267301
27691,6039.584869347872
86425,3438.3014704023076
64527,890.2468196083563
95026,2150.5994717590843
78184,5576.655058834151
12074,2375.921785214444
44204,6285.193869948148
74436,1219.640196463869
56121,6191.703807185242
11738,501.0112739697502
46399,1430.691691502964
61630,649.7838727289145
30142,4253.211269298624
22309,11869.037315160433
21366,2892.693746238438
83171,4005.1966488002186
49189,516.8343395064005
90461,697.5217247459694
70556,2593.0038765689774
19071,1152.5925591667205
88744,1527.789373013648
93460,1175.814032918556
94088,641.4704481624847
77345,967.7781540281233
81080,3999.593661090256
67308,2835.863087302962
41522,2758.735279547225
47707,5989.300100269242
62918,1221.1709133652178
15933,4862.010573365109
76143,7972.130434538795
99852,4012.961076686258
61786,549.5247809667869
68562,4749.920159449004
43146,1829.807019262825
48367,1444.748142542313
56501,663.375702720087
21933,3197.8815709463397
84012,1435.5665950184623
23710,1737.29052835557
66352,11815.185101849318
70572,5058.726050396123
51126,538.7161103013254
95984,1231.4443427136955
74076,3122.7059244484235
79353,3237.1055534973466
18644,984.3088855502297
89792,579.9278802046007
32521,1022.7904713688232
38122,3053.645192409725
63892,4521.934447303993
32419,1823.795983712917
90866,3715.1689362740394
36591,885.0901498553925
9452,16927.288672592284
9315,3728.8841168885197
21974,1654.7064692081779
67122,1585.690379222035
43235,5308.729389979366
28699,472.7385176356557
7700,2262.041149229092
32915,2729.988363272475
4016,1185.4890782110617
9369,2164.4604620642394
49204,402.7712393858765
21246,499.2239063604142
26069,3100.597759223764
683,2614.525395779684
67694,2877.8485079027914
96476,2353.678276898759
74684,4812.370776808376
84536,7905.771229212005
36294,1849.4172312147473
50018,3301.5455540074295
82650,2971.3599880226234
66091,1988.3400219750758
83233,1199.6997574125944
46953,1443.8710304815365
98232,388.19491058518156
49881,2673.7475761587402
28452,3144.589734949148
28308,2379.9160467960683
94278,7312.434690073701
95742,4287.461572793663
46685,1035.514378736593
24500,3261.003289537109
82023,2133.894046566354
28740,1343.3034862936124
45836,997.9859599242866
2105,1107.0609863668312
51913,684.117318896003
2955,618.1532295525848
17495,624.0991805800904
53377,1387.551028162786
92847,5014.028666516742
65228,401.70651379628396
41361,5309.720599349498
4534,6128.876585507449
37168,2415.27565582935
49481,1321.6083347713254
72846,4577.790166338041
12597,6951.318150922212
65732,2028.245739311137
41004,1196.7092039463653
39571,1960.7352292235134
92425,3568.2025697079216
28491,721.2697811053782
22660,1620.771955342595
97853,1410.7087941336772
63428,1103.1266676052621
77870,1559.9088999558523
39091,1708.009916385415
39174,1591.9075588074502
25579,4980.87458963988
44721,2180.385750579768
74980,652.1470497637447
16163,2129.880514580891
73212,248.17158870268545
21917,2849.841325558264
55484,3347.8693486920006
16188,2738.2251712456846
58217,3643.1813353507328
99980,2044.6053223179417
15328,2800.452700000047
633,1823.3567282427452
61903,2019.8378939048775
29381,942.3097477800604
4481,661.5050221730243
12197,12512.161305873542
88573,1532.5637779063404
28099,20455.5177611971
72476,2922.0926695905937
77864,3739.863296592886
52110,909.3644673760616
2443,2363.045745421829
13711,1614.7588392407417
18517,2219.08218582508
70491,3939.039360139676
22079,3636.7521111303504
40835,5645.39586207046
95761,1510.7440122735302
65703,4555.86805892282
66855,8049.131913963556
68252,1384.4172973433863
89336,2817.2848943045365
74584,3755.3328565221054
38314,407.689931616851
5851,4058.6075456409335
70996,1011.289563228746
83053,3534.270379529697
37851,1354.6342214554204
67584,2060.4899825608413
60948,1144.9427438063688
62560,2914.806469533793
50207,2716.6210513190144
8409,2030.9329401600264
4938,1109.2337293498379
87053,1272.6604030061021
56624,1229.5270827428362
83739,1875.551666541282
28713,1206.380314858889
71740,1384.3252600282156
29241,1398.608259567923
29996,2484.260093861123
75081,1602.5931929613348
66439,4256.671880466624
27176,634.3016979665392
56033,2462.203671170193
23790,7664.603534407123
22585,2505.952109109455
43613,830.7786536777882
4057,5264.533785721739
57512,1294.9587668380368
56276,8182.075847470469
95694,643.6945589245651
4300,4570.4925437234915
5104,625.0609530703706
34183,3827.290573136355
52887,3025.783060015852
94405,2163.081241456586
50222,687.3581492818589
75491,638.1340580365007
15090,1031.8924207503637
90218,644.926976267391
92279,5295.312573672249
95840,4207.814423317736
84492,639.1996175669981
78940,2193.2403948510814
28994,835.5222175376849
6577,4573.469006475367
88055,3280.650735476527
15334,1493.1043300926995
9957,1056.6512916918691
30067,1245.6094869246656
95631,3910.9644908913674
61399,1562.5659249239272
27909,3597.383545517022
7288,2748.42300472501
93275,1867.9909250398055
33116,910.1491728063312
77279,1696.8809538780492
6041,3217.3017576292273
39742,5461.169989346685
13548,1034.6384978933697
93963,827.0018700158639
76989,1804.2830878528987
18469,3231.8527309817932
73738,1700.4423896676008
78667,2140.108800179258
18929,595.6969356907532
24281,1644.3117203336794
49267,1790.2669080070914
57224,3997.593524211583
60170,1298.8761222002508
73204,5875.736585008007
3913,595.9994525425788
70179,2709.7555320182355
72225,2304.6426682761007
18766,2608.6703601768163
5083,5150.551146589901
56225,632.3851648156755
74110,1116.1656166401906
15565,5238.378675549412
95286,1003.411862401521
80050,1109.6453082463006
98256,3195.73841950116
2345,1379.7836999470292
444,3315.5994135531614
46922,2734.049460795085
69022,14490.857697880414
18547,5047.609526359081
99553,2859.5333399713736
67413,992.3832621369942
34578,3676.730622185413
95267,1311.7544792755814
87998,8197.369114350871
19474,2167.3497623785624
45294,1476.3767755250756
64475,737.5025327479445
11338,2386.788673563222
68130,4131.059254369232
64151,1650.858812241219
37443,1428.077562588311
67742,2988.462836959102
92926,1481.876105527624
10750,1856.2667166570245
87948,581.1918139361802
11244,1390.6631801749418
1898,3370.055085349012
86661,1357.9752842248668
48858,4388.723118860389
98354,2841.215098310934
75869,2518.0519295783497
60526,1522.200711239611
39681,1022.4827810567086
29966,712.3102538494734
13416,3575.823421740319
56881,3016.7211019046913
49486,4291.546141831372
80047,2556.2511561544643
85568,2294.8818283760643
76010,6636.357336977459
67054,10260.429121263229
21496,13274.374060592394
31718,1419.5270924910649
20125,1904.8117138986472
66562,2392.9257149248615
66923,928.1753922820778
36913,1597.315854045626
57227,1382.6741231867352
18858,1889.1550141317798
7216,2790.978573587841
93913,450.00170343575996
10881,6450.754582288037
51416,3739.0041773333337
66290,11644.192360261746
97688,2504.861009787681
23795,1679.6207113138073
53326,1223.9323635101891
15077,1807.9053965724675
71754,1385.8537979097366
92805,1132.2509925743377
98783,1251.2812807290804
97771,546.21727863195
99622,1751.5112890163678
60775,1711.433101783507
49077,2121.6816293490947
67533,1273.581610294589
83622,1517.9957925080535
98395,1023.5349297955523
60885,1817.8680564579374
34935,1573.5907125959952
90857,3880.712585114037
81379,604.7235915298546
74470,3633.0928178943336
29039,3330.0188784098887
99492,2144.1663732950788
66910,2006.3135564779413
34696,2950.417037752371
52230,3842.4627987729123
28826,3645.6632181672758
22537,1170.1030826350086
42798,908.4219994670632
73691,2431.722004450734
36923,1650.2591138030243
82022,2400.0722769994054
3583,4060.76628363782
61059,3543.6132369117727
76979,1737.3548628259962
63197,1899.5111939510791
47303,2285.2716188134104
43493,1349.490483161978
43485,611.5184301059361
38728,2625.2274905990007
20192,833.8982221220133
85215,2190.4502225596448
49857,1786.4978078411561
98410,1763.1407074732092
64714,3722.6351640232706
69376,1116.6269014114246
27485,694.432004291714
43920,3492.286403012029
42083,1181.169203139713
75396,1618.7956258402335
84145,1274.8070331495985
33110,1373.1929761304602
50553,2653.280703385065
24658,1052.3186549468135
20964,3027.424167416827
98896,2644.630051807375
11465,2416.937826587967
92606,3940.736436132995
41627,1043.9777159655378
24202,1072.393930039266
57741,1527.4374327283992
57768,2101.946690128272
55662,2519.8949233635826
52623,7820.5342174581965
95779,2100.613476822947
95633,4833.1303610884115
23716,30925.607687854023
75168,987.2204225718684
76478,1838.1336504910646
2225,2634.7407738965694
73110,6558.967237104009
47695,4045.6442221071698
72421,900.7675451326057
67734,2418.0296808315775
22995,1379.9610499973721
90774,1477.3506874541017
68532,3612.830264478027
36799,919.2459840526067
93137,7554.6457479233295
88116,820.90222963046
47626,1931.9352697665333
93196,9770.65739995368
90227,1467.8751656687562
27672,1237.4631914699721
53781,4671.025107603584
43559,4940.288903534281
61599,1696.0478799218733
95957,2663.7872999462106
8783,2310.4923018423265
18976,2692.109290645826
5982,3219.8403724967375
48314,2799.3079235557857
75282,4742.437325234781
34982,1219.9376176845062
26094,1888.713039771329
35745,1579.0470764591416
11631,1469.4786228650078
36429,1828.246128236679
46240,717.9928395380176
32948,3126.072902583782
55,7087.34365864967
20176,1519.0016623000402
75240,335.4714143680158
51749,3652.6653202755174
99890,1467.814039156702
25583,1476.4892456383948
56306,6571.530341269483
48966,1750.2385225779292
55723,4634.078506018575
85077,2216.5329196964517
88252,1064.4250701065969
22489,393.14018940117506
92995,2842.9278393771797
28536,2011.2575642097174
86987,1826.2576528707166
5432,773.784633465355
69042,1559.8788228958265
41596,776.3697974010214
19537,709.5746787435468
11854,2536.1962458365692
38344,1160.6704884024093
35365,1377.4541587113397
22360,2234.651277744626
35306,3247.7992188371572
29921,1067.0849437115933
20914,3752.978430179196
47538,1328.2749564946419
63865,2518.779810848758
32974,2425.5796457172164
32602,1366.3905313952748
48404,838.9355594137686
19299,2077.357524172714
61880,1156.3359566043835
27158,3644.200668120022
61242,1261.0413916038142
26299,2203.9699923413086
82929,1463.4130091273357
30209,787.0356436408421
80557,2519.416351638178
93512,5689.515192462172
19092,3667.482971765613
20216,1300.6700306761609
68394,1213.4274670037476
30790,881.5061831317454
71207,892.0357392279388
82311,2916.089290467686
51640,821.6398607576855
95201,2316.0555224345803
87128,3419.6570204294467
18378,1550.4292870411232
31891,850.6973247268802
6267,11777.83364243746
81940,9360.498084056033
51503,966.4654383658758
25703,3684.0058648213676
81209,824.4276289803698
7402,3004.421991364222
99698,5852.2889607198
51046,11541.90101282352
9064,485.28320643684157
97261,788.6663953021364
78449,1524.9316650438473
88614,2929.3283540925067
3184,1825.4762466314191
37972,1716.5263088454792
22961,2255.4837259355754
56208,3787.1319325493732
76785,1778.9140048846525
9017,6213.568378814435
6528,4577.986715357707
6900,1441.1005238473788
89224,1192.07061480596
50962,2151.918075359076
3331,1157.8570975402947
43825,1476.3946646063866
665,3033.7765479595887
7853,1523.375373851827
32200,1066.2369479090974
3392,3905.6645503068794
75697,1048.9917328086747
80177,1606.7875581269084
431,4077.152561188489
32466,688.2330081120756
45473,1340.6564649821632
90188,3919.1127126163888
21673,996.5055154479907
29358,643.3219557899001
63593,553.665194613778
82550,2741.482529224925
36328,592.3566209383398
41843,1043.1492600238862
74138,2582.385016026969
87047,1125.0303531377083
28868,1071.8770525906125
13796,2639.6397483813303
87336,3698.116967252441
28423,1619.868497927396
966,2936.507325589563
52650,3109.557913375392
36491,1441.127904387902
63364,663.740793638609
2518,972.1072527567247
93802,3323.8757602447877
92309,5372.218861079379
80249,3797.8733387766624
91795,11075.254251270802
96402,2510.8401191580806
57306,1537.7326851786943
65480,6861.3591613178605
73064,2871.4782674239386
2810,1577.8321076791426
96923,6629.395835296855
20654,2906.05412899566
72389,4547.069158372528
98594,1805.9040947162407
8204,707.3896851810517
38771,2857.442527962731
2774,11180.783216150436
30305,418.3042875943955
51861,1387.8524215843242
14978,2498.08377352854
32256,1944.633887395066
22453,1303.0053977722484
91057,2185.4271154359963
85857,1490.7056738506437
99746,2173.943235487073
74447,1611.651696084915
94567,2710.4606830497924
64380,2572.028027511897
63864,826.7765394854528
34526,765.7322995898581
55345,2786.254556252432
40324,1071.9030855108113
41837,2651.6232928408967
9099,840.4950466295716
3105,640.5279986646292
77061,2177.3589134509502
68814,1263.7364669120116
50793,6699.800766139683
13663,864.9671692066445
40337,6704.0372253146625
79856,3247.080395941931
53662,686.6466734404934
14671,5165.061003391285
55543,1376.2722789095876
40135,8669.671123591912
95386,2487.3207937647226
7139,3430.441856153333
26498,5251.63104487342
13916,1527.8122772356874
55128,1010.7402878185459
8473,2734.5079031679093
14141,677.1773216361871
1848,1748.8984485382555
41084,464.19352691636186
43760,1342.1452545783043
11486,1734.7480623996778
47798,1515.8043907652998
85750,4135.413319672696
87631,2013.65127385004
70490,847.4891518718072
15739,1545.994307842543
58673,407.3416503524028
76227,538.8406336105703
59253,825.756472274571
30959,8967.363481729086
26547,2556.9262473951326
89245,1156.575605863856
16951,987.0510825483833
15529,2217.400136429944
68977,1118.714311506885
91358,1414.666394460632
53766,1683.4845842961001
8558,2696.4474371877172
86934,4024.221667701978
10270,3574.303932168898
49530,2508.309590842227
37634,3249.986018480774
69679,5785.384502782198
25426,756.3323243604281
8866,3401.7636330543355
41818,2521.6327686330405
75157,7374.202373783875
49307,1026.7485374940427
59249,1430.9668604244205
23811,2091.4309933397744
27023,7547.149610773392
66701,2460.489218271195
54560,1351.0576427257568
13465,6034.4989567774555
23935,449.17871765718303
66790,403.98363804934445
67892,14403.702215034993
55715,1763.0475634198854
80335,2164.10795503379
30006,3609.036555694423
53358,9046.421112659818
15002,1979.755795937461
75537,10351.000081496722
24014,1574.8054090883531
87537,3967.6626254616376
40845,8123.331984781643
72325,2015.9417332690725
51135,3116.9569878867865
21995,2267.9972267002317
19607,1819.651753566697
17373,456.83423840615984
10385,415.57901322783255
76632,2507.682302299313
48433,1441.397162901004
60959,1131.636280545595
49461,6976.971005051643
37289,1447.684326903405
53103,4806.774993190279
6162,771.0261329622083
40068,912.8031381166348
79646,1494.5192374256555
85087,4072.4807691888045
52053,696.3212893365746
12231,685.8753767067959
24036,900.9164595571456
82789,1019.69895100642
40807,1504.2254914081666
60157,1055.922587220559
46318,1783.104872524321
75867,803.7246071359272
25186,2211.8446470375493
86135,1106.6533825898566
12954,1013.3417364369451
90005,2134.3211395222693
6707,1242.5956166410203
97768,2380.211615631784
79784,823.6539327508158
74659,823.8774282973802
67162,455.0221478918232
95776,1853.2374165021834
35221,3611.802798495396
45325,3723.552237473481
4179,4452.380339787265
70795,1442.1438609655752
18833,4650.646234068668
91469,681.3856945570313
32254,3602.1488550823283
65009,856.6285393202814
86457,413.61856263150486
72564,2410.241533218401
8402,2652.2190940394
28678,882.549105105826
91233,1092.2069648884585
13628,871.8545166064675
45442,7279.4066645524945
26938,916.8731774390708
50900,549.620304624744
45750,2023.7526818602862
10315,258.4979675603208
76358,1191.5264829477474
63534,297.53002322998327
48983,1228.2744020842997
33250,669.5096240237115
16000,5648.159764033245
23221,7468.804291833051
26323,6135.128220766992
22095,2240.9717364908433
4750,1035.903966661534
48323,3412.532929703165
95702,1492.2522913808748
72183,1412.1872741703387
57155,577.3883331498502
44771,1382.4636667850468
84334,620.7909736268069
83313,952.73861316152
60052,2198.6151897467084
47114,1880.1210657576064
88897,2894.3664992343056
30998,2600.1437372947653
28101,3444.9743407630403
70939,2147.017026483841
90531,4392.540979688529
54973,1817.6144009078953
97383,8026.49085159665
95412,2668.479036320029
25201,3685.5206432953028
99362,1373.8787166348945
7364,3492.016768507331
64101,2136.7841425809106
28501,1373.8850339326395
64852,2058.5904995055944
40456,1362.7860172862981
16948,1453.4396078743125
44835,4055.4990974417824
44859,2236.382575127181
52686,2150.7033533080103
51892,1881.579168111826
68711,554.3321839106223
83750,752.526268613927
52544,555.484551226316
4315,2096.0796517116337
53892,1692.903050274222
84378,3808.5733424061104
95153,4618.466459154575
79899,5043.4312987309795
85133,3779.329445477163
25118,1254.84320769125
44127,3088.4608265803927
59384,5012.03051546655
66060,5703.271509982166
69834,3311.496395962527
48345,2034.3629377111556
38347,524.5195684009087
87165,1651.170858747981
43807,1632.01978701397
40989,3127.461357888885
96567,11501.652362316285
77080,2571.856119901641
52121,936.702525281556
35310,4773.149899288808
52347,1067.674370561137
19048,2725.4884296063633
11233,1082.8914699729544
68692,2307.344729138418
2677,5664.768711238819
70843,12883.195193975947
33330,3623.9833943485964
51793,2321.418773244551
73962,2565.3843091077824
72226,2480.531226252388
60424,4585.44350307702
14937,2146.0296429122236
49761,1482.7947519239415
49990,1658.9242559511872
99590,1947.8127824529524
11785,3074.38271070242
38703,3221.688622260105
51235,2207.991222396122
31850,1098.5493838226114
57094,1411.5981573493275
81076,1274.7502920882882
25071,3779.464257878315
10814,641.5387218839243
83186,1256.8359705832308
29226,3526.8984951840207
56485,12291.726439434655
53567,679.3298081589195
80412,612.2387547446413
61080,656.1293152486909
85195,1483.7864335323627
98679,2460.9496326546378
6732,1502.644451764499
77039,2402.5356930787725
2143,893.4819033714167
20362,442.1878709322386
79134,5104.944737584258
15446,8553.836072445814
15772,2444.601177451023
91760,340.0965048480487
51414,5932.09289352329
64180,2010.4107202202738
75617,3281.7160490795604
51900,2677.6183054710564
83990,2917.4709121704573
73197,398.2172914686341
65815,3632.6695275923
74736,6897.69243989703
35833,3513.692555821034
63827,5370.430879620694
97765,1413.9784581003505
41365,879.127892808114
25843,3580.7220517884775
64007,1058.9804875049842
11786,2000.8765576495016
39807,2158.7855084571734
51054,1533.534910696288
8948,5028.378883774696
24149,3080.9211411852857
28182,7627.943797371618
35543,1230.7902126573747
13352,4649.985485049086
49817,1833.5732828644357
36075,913.9401036050873
2224,400.9638680907905
51333,8132.881665592378
6214,2159.144154192543
29331,3539.0586927878276
35499,3137.381006792146
50324,938.1836942116282
8071,993.0015844356847
23544,3053.1636076361156
76767,561.6818086548734
53623,824.0238573253107
98031,2393.387963193696
95555,4252.076335565666
93320,2225.486095025282
56857,1059.7450377122861
75692,922.4461688819415
46718,2972.971757634929
68363,2967.4786129135796
28360,3477.8769654562598
50122,2431.172606539604
29582,3127.9240057857023
38993,2055.560091683571
84654,1061.8760285124933
57038,14203.740090737594
75720,1212.5102395236083
16458,2026.144849577954
76958,499.6652694060547
5763,889.4305919905356
29634,1762.7056429794368
68443,7817.165269369253
20356,928.6170060391885
79771,6827.224581175768
95613,5006.305484682655
88556,6440.885017726395
84684,3996.559382405052
47824,5612.257738821513
3623,1194.953911367705
29277,1391.581263798967
82553,1094.0258297523687
65835,5701.027265371787
57823,3328.716425139524
43838,259.0942405670957
5075,2386.497424405795
35362,1531.622290745566
46148,5502.4381009613735
12709,1495.7212350365094
61572,3182.458475724843
71088,3430.327714780849
42419,2545.2080336074546
82885,850.6388745839885
28066,3371.833555024125
92813,2750.3550721565907
12581,7783.579090622502
47212,1191.7352971092712
19371,2376.28444871715
65783,1419.8988236761372
19638,410.18223500568587
79508,1924.3369946583357
39168,5111.434006686705
16909,2162.7554228972335
26418,469.55715933156887
61432,501.78435718256924
32583,891.7007711724301
89913,3315.6816361666097
91058,4790.838413031551
76952,2741.85883747879
94768,2166.6786748393215
97315,3478.143946397434
69397,234.38840244248863
39085,477.0568408343159
52947,1434.925779191978
87497,2690.6342959281137
76208,1416.482605945076
64408,2102.773563287438
78422,4406.067678523843
29483,1262.4588352629526
56666,582.7315208889441
72118,1873.1483968578202
21672,547.6438085401808
72782,2746.4123286484787
4208,545.9036008829008
55002,4856.442716018296
98477,890.7568989480658
34115,483.97953332732897
60498,1612.6128886012564
47476,1425.7360040762358
94575,2022.016503819913
8394,343.4210641416741
86234,1812.0673402441919
25098,4593.119375731631
64955,1474.6695235677366
65432,1584.7613840871522
7372,2724.7632101531212
97828,2273.0123046100084
36445,4218.742463713682
429,5575.334889169274
75561,2715.727266412666
49501,1754.206576692171
50660,2063.309961794804
86629,4556.26564862482
13807,1046.8007613934924
56188,5566.071386004165
91853,1516.6254477301777
38061,3552.479054784844
25855,1874.0869742148689
722,5237.060534691699
80897,914.456362042684
13091,1096.1676241530533
81608,1822.9144088434746
6978,3214.732765146121
81673,855.7045230649891
23286,2326.1342437551284
52189,1438.609965978474
51205,1921.9411813109969
98282,6565.969357036187
98826,2638.8692743733973
22363,681.2204178559533
97651,2461.137787681601
96646,1588.21169529554
73941,3031.530795032984
40833,1192.5111442228126
61655,2777.489692148442
13345,2828.083138219933
75905,3718.2639528307745
11668,1756.1642814926804
56735,5400.11048900662
80263,1806.8315685740947
46602,3227.0429932260413
3427,3698.3835402278355
79824,2480.517405911787
19028,2268.116518301079
94158,13808.642675103043
16110,5836.239014659112
67568,3289.4950349488645
54920,202.15232858916127
46782,3115.8327721555033
62930,659.9185961159598
41908,1461.4064859424507
82425,6031.78217928741
3128,1529.8719319647425
61184,2059.167715503983
48777,3679.816948677007
21663,347.6032113266402
26554,807.499724210461
52266,6100.746037416514
75224,1433.3618954576614
84238,10854.367709928989
41114,14006.369313624173
72320,1901.9174627196962
53818,1362.599618713134
59550,1527.3948138270155
51192,12099.342398084942
12910,3782.1552637985023
12591,2807.8938284920823
97801,6745.828784831785
62656,1208.921817141562
38539,2912.7513149353445
31125,1105.252486422799
9874,9627.304325156343
3935,5991.587746474889
5922,1766.154190368066
62243,509.37266386341264
55682,1548.1624298935333
36700,1521.19813184642
82367,1703.154010551724
61524,2435.2134003939204
68757,4898.678995190555
35289,7534.319471266727
23590,1895.6489815095533
31390,790.893981088402
26293,995.2859599775704
86759,5193.143119912857
30126,3166.8039516148037
93648,2867.3356358089773
12818,2448.6012933349293
17991,2357.0986004082256
32377,5359.376828770881
90344,1069.1223752960007
27156,599.2517726682544
51113,4007.5623576124453
20717,834.2042073181843
70354,3008.9770507572935
64549,5327.784946175605
73333,2137.5724541196846
41822,1032.9684428233893
89314,4278.821409722276
32410,2044.1198333934847
87300,2149.0809626817545
27965,3798.629001789297
3725,1594.065388405687
79177,979.1992400253114
65323,4379.27983981463
19430,3613.5233322055064
85102,1416.5751806692574
85393,4126.067494140645
31611,1442.960775107029
2055,3487.9893803256487
19719,2812.35919443977
37181,1210.7308334062304
21373,4379.295038269908
98763,1821.518318537256
59492,1318.7671134563393
18487,1519.446734073412
5975,2305.3971317966234
37188,1840.5379032688363
51637,3396.101479307885
82840,1553.0947376371466
85314,615.2213126069224
84977,2627.4693377603003
7564,1343.7080062823964
94988,3056.0977758230247
30863,2715.828962016095
87590,1809.0012116099467
17018,13402.91031618882
57480,1184.3762269283006
11862,2582.973796687017
42250,5013.210083389142
80014,829.8107288252526
81574,4253.314069980943
10223,2483.4053627132894
40943,13860.097122085397
31489,1187.0459979159086
11544,1835.3513283148493
15337,1737.4568239160626
77191,3422.334189502109
32477,1794.4297014922315
88717,845.4151288486282
12747,3521.8084240169233
45789,2414.912918466122
62937,4258.539692902785
44314,1334.8217890584392
93903,1406.0081669368903
80609,3078.787741916013
7587,584.6730423102498
4671,3965.391325604735
22684,1892.145197996626
4198,2144.8346432244725
61488,6348.548560557011
43862,15007.295285399383
515,2513.522053132537
55137,5983.0207487135485
87389,3042.251698228087
9653,1870.9350480856913
66446,1741.4060916383569
46708,10242.571005223564
10102,1491.139534414407
48212,1090.0953959016874
76839,6298.415441267143
65425,2853.271568682057
34944,2174.528958229387
17086,259.1031044262701
98543,995.6043556778404
66426,1597.0143811620312
8872,2750.5383167683576
73040,1579.4221238856785
34078,1765.414498257918
26815,940.5597324782748
73865,4249.110443268824
24114,1066.5173862942409
12544,1821.3780441096976
67598,6292.864461583978
18727,1246.4043427224042
61165,1546.401707692456
28961,1387.491402446921
90709,2725.0959811923026
51953,1251.8886377126337
65032,3312.1681226206056
25888,2908.1925103446447
41059,3144.1523771680995
14286,2067.1512011904124
93815,866.2870288444799
32313,1671.0004306210399
22051,1216.453260523347
88383,892.46466096794
52093,2100.8116671062376
38292,1033.1707261922938
35659,396.44655844400916
43035,1041.301981044033
89648,2662.985362638071
20313,2885.7629813456742
56845,2898.7727661535346
11019,2454.3772051933975
70816,1598.891468992959
98353,5355.49576095236
87826,839.653215036588
55703,5430.141129225416
46473,3235.8757511334193
16735,1092.3132447006103
81978,1451.378657129802
201,1888.6951125111905
53021,2197.8827903149063
34745,7450.2743541905265
65583,32419.419444998377
86730,1005.7974061500882
55278,1922.8132426439556
15251,1643.8682650057597
18015,3371.526349074396
95599,1076.6977563022638
860,2868.8435995503573
27958,558.5642553201579
54413,2284.1504501751842
16460,1716.5268624874045
79365,1249.4333076207806
35893,1362.242627843714
39190,917.573332737225
33324,21782.493428183483
52437,2157.6841235679262
75850,2987.125500091686
78753,1330.7918974294769
8607,1149.8713667416107
40437,777.7052478047183
21076,2586.936875149977
37673,3364.774130032958
88642,1837.2312797946445
31918,1545.2643993428903
35707,3232.2398638112822
22759,1713.0580046390628
77478,1208.123589928447
80983,907.7420635289507
6089,2039.2653878858332
39588,5308.627016844723
58539,641.5546672497621
43502,606.1661967208242
27997,1188.0727337311075
35693,1998.4577108637984
91180,1575.0533648467667
42175,3442.608225914548
80097,8328.623357144274
99831,1376.3343126603465
50010,2609.3961173644207
25076,1069.9758250176906
40317,2393.5220052562086
40979,1796.6054353672992
2986,2035.1465774736996
74417,2882.074319905351
78713,570.225102556444
34172,1210.790358057253
83614,5402.090263352705
84758,1389.5046648160005
78635,4679.597880954151
70327,1423.9483507646748
61431,5671.602337608146
51112,11224.781000107258
86284,2007.038769367525
46330,5839.363241548934
45623,873.055670423322
63067,1602.5419212489173
84779,3677.791575492668
17977,28500.610961390474
18948,1070.61914724377
7538,2665.525512713322
85438,1605.5729965978078
81278,1531.6087229834973
5949,2443.7194192571815
30577,3008.1794647591114
28393,4003.0872664801177
30381,1228.0793274864645
3133,2409.20136039788
91720,4045.5425132166724
24957,3258.656591920485
42111,3105.6153751488755
70882,632.3192973313679
77190,934.9657173658005
14287,504.3812634705822
36940,2789.236151530889
50043,1102.5560385920455
7352,776.7825904007984
36826,4804.868520183296
76605,4253.832736570528
57541,1889.3277338736978
97290,7646.626691134332
87600,2231.827246103207
43508,455.76255987981006
79751,2516.366465101125
81961,5557.340668655969
92547,864.3506289323436
17033,5208.53603580117
30556,3402.2900467206277
27491,23534.601113963403
39455,4244.126461866098
19084,698.5278856552333
15848,1058.1172359704653
32649,2437.2750523222708
68322,2448.693336732564
331,313.27838423216895
72437,2226.718197352562
36684,1891.8596246255845
48438,1732.66271348568
69079,4872.066870329785
34581,2532.1128940157446
83205,2768.113225403113
67239,896.6067889678654
92240,844.8333909236567
27733,2094.472943703058
85141,1135.300550821732
28227,2579.1534599587917
95096,4355.7492407115915
18695,2068.545545872193
91171,1078.3301007498337
47686,9449.912334025685
50716,3378.757505611031
49526,4721.364648315686
49733,8960.955800644198
15931,2382.5945637972463
84616,2043.6836201717647
30780,2170.0339010360626
1081,1739.4967367592624
8189,479.4564035384447
82252,1724.8917899192422
61273,348.41915824349496
97713,2356.984217194089
90698,752.6768775000251
16327,2848.02857476559
30887,307.46341248438375
18493,1230.3182328068917
70580,768.089598348772
1602,424.9919377413265
36265,4626.571072135529
80555,3205.828301818957
12146,3848.1039714063672
97536,3808.571062393581
68271,1207.4006565507357
47544,6101.903579089397
96884,5153.10972834638
35849,2049.696448497932
6951,2371.508962746623
71169,2694.894858861521
3611,4183.3877610246045
33773,718.5277871271054
58020,3457.5848851331007
43917,838.444711889267
6518,5591.993042690238
8908,720.1329090615793
58649,2845.4192518272066
56360,2755.4746638944403
78139,2574.5666901399713
18651,2035.6454793957628
37475,1062.9944613864386
92286,3817.5572928786555
43057,631.764156277544
4841,819.9024640017511
80963,4529.164673007705
45520,1498.808946675305
52186,7044.019141279259
6886,4864.7693583672535
35446,704.2019287155678
267,1124.0202632232745
88580,2118.0149160126107
45206,2469.5456658321077
1656,1540.577385813406
65709,743.6602960042974
85174,5037.238433760589
74314,3836.530977672916
67615,2238.5613653181517
1430,7679.138167525257
54125,244.0291016579954
64295,2626.368023471709
7121,3004.665236817415
95426,532.8946305308007
50033,1311.94135749575
23340,813.3244688733066
40252,7638.151404666159
18268,3658.394952535523
45922,745.5904763127813
96636,5480.266212737836
61982,7692.320340828998
54216,677.321493421702
98929,3123.1240070096765
83315,11215.795100041176
24049,8403.31778189878
75548,1803.5698940459956
37638,4762.838955530169
50694,902.53166934363
39342,2528.6171657412847
33219,5050.626690968605
28715,1370.0364302031246
16392,5136.701741166403
31495,2857.363413439769
1613,13581.20449013146
73073,1800.4758062368062
74225,1688.8877121675714
77170,1457.8628987843604
20380,833.4932469184512
95403,7086.889677334619
41941,1614.0847703357385
17776,6960.633369431569
10090,1979.7568746547809
68111,937.2685289848008
75663,3334.375101447051
35789,2119.3523914971934
74234,1295.9249957229006
34215,1387.1112708339306
97929,1359.2683323972917
29383,1065.440315514018
13528,6366.390335025457
23664,9590.798074063136
44702,707.4801848520002
44057,479.5395731815831
15158,1404.436756350444
46518,2394.227871473915
29440,2129.177893855721
69630,2050.9312897082546
61203,9917.974717403786
21194,1898.1162846004677
21861,1776.8758030673614
192,1874.7059225706914
3090,3140.363469946686
14119,4656.924733740181
59101,1120.6577887782028
25650,1066.6508785629737
89464,1824.5134574759259
65938,1217.0556777342433
47521,5679.968503477523
93967,2370.089280884706
29175,4400.268475161069
77132,2591.523259401428
12952,607.2196128788478
5154,2104.632705403048
73086,1106.593465926496
67723,1885.4181115864612
50090,1888.186889036984
91538,4158.689471342713
61685,1270.8859210577111
72355,3079.895460165401
76489,2122.506289469929
79023,1424.0562818812368
31755,3684.810433670807
82476,10449.214627472133
18600,1004.7756018623116
34969,9741.117993672366
78221,2783.719056165786
23259,4576.768630590396
32841,1954.6966839054598
29251,1661.5977699859068
45531,507.98254147903333
7542,3777.1436320822727
1397,1506.1531048153154
45407,2417.2222301633915
42392,4899.552292522064
38720,1375.9476252821964
95927,1796.5606546917636
75244,3626.4792271431124
14933,5520.210740275757
67852,1677.5375114386406
36663,2469.142205504267
70287,1979.2424924242803
11325,1456.3711380635575
22393,1288.73225890167
30174,2745.142208204795
11324,8323.037107619832
15824,3147.814411080869
66860,2390.134944035737
51248,13191.571233326085
74755,4402.110763412883
10318,1368.1891792043998
16602,1738.1110833597797
80945,598.1296917293481
65724,15091.199209607668
20679,1671.5267423045038
9929,2243.8701342696754
800,3604.760794948878
87032,1269.3907007501193
91229,1653.8066970646537
27374,342.5268369779236
51280,6282.431324748583
2388,1632.2370868752882
29038,1170.3947180609314
52451,4675.798685339703
76490,7264.458648281598
45849,1036.3222321418086
75051,2772.300407384428
83354,3228.3373648661504
86197,2942.366739385185
21533,3470.3308282016455
33970,2314.2345408498663
97453,2348.152063265281
88860,2027.0157104428536
28645,2732.873930883236
44812,2246.2254925269635
40606,2369.1576979956617
59711,1505.448576256723
32538,655.2197465274768
18957,6262.517789446209
50846,590.3942913477863
91308,988.1290068482167
54244,2128.1835711945005
81093,2860.3332648955447
69530,2428.9412366017204
37027,2038.6778075518948
8159,1667.4492433669138
50392,8447.797750105965
45404,1514.5615143123703
73071,6230.829779375198
88454,1076.9567163378385
92330,2815.2782520907626
82322,8362.373588866334
22487,973.1497055041336
86236,3401.415619335547
12779,1095.1580330091638
15689,1670.651862486982
40612,6871.652590823567
83679,1823.831859061342
38791,6109.369919759468
29550,2428.719717864155
5565,3480.7978483370116
65337,3987.43776940946
69753,2160.357162958973
19942,2774.5826809113914
18265,2398.547422358138
49154,2036.2638701150647
91041,5626.722712142636
39590,516.3386988158165
97640,1819.0374345298405
41663,3419.665595552632
78188,745.5767413061961
5096,1379.2200537935787
93547,2255.5246983407565
99753,1082.7525435586979
18938,10951.334429421244
44162,2562.5151460377815
27849,469.2453264588035
95525,2934.869363643267
95155,2242.9158737481116
67505,1826.1562497372242
90060,3609.2438807443186
99741,2759.705790395412
13972,917.0568086828252
28861,5117.126935629051
62619,2220.6299328666946
44144,3238.530007648993
11703,2096.2080274044497
15936,676.9934686136388
83555,5243.3796335009965
47858,1488.7452174815169
96571,4598.450057689265
276,5056.456238379752
75142,1835.3363833420049
35493,6128.2846192502975
53229,2178.073313573477
49628,1373.9064217922942
92979,1443.9457640489914
32786,1631.989347730115
80745,1742.3648136445697
13160,1411.6934821112231
57530,2435.3450814853436
70763,5569.778792834112
12426,2296.9856212229133
83253,1814.9697650748658
46492,1504.1440081310893
80687,2179.3547578653966
90889,1765.5584065289663
51316,1042.1846597246354
13057,836.1518047026161
85382,691.1608406453441
28572,4647.909031020035
54925,1540.1733305284736
5394,1624.9832956062655
61983,254.5849478736127
47509,5647.184714168404
7098,1729.0471443905533
62519,1800.0394477592774
54258,1335.449791999139
56495,1060.9424191174323
80125,1548.273432174768
71302,1174.7845215685911
20346,1603.3852862751135
39148,5240.257688597747
89271,5717.295308981413
84786,383.74378152336067
8784,3463.3029704603
13706,479.52076418882865
44349,1638.858266803044
66467,4539.522318551187
32597,4118.360312967476
69494,1470.2123933837588
83879,3482.8676508115127
31049,2105.4361761890154
46192,7883.485091913753
71543,3243.15104828411
24008,3170.3016408772405
60828,539.878968176062
5991,2686.814805622224
45642,5529.789849705323
88834,2212.1905696154195
67916,1684.9638353374953
84731,2757.9703017050233
72750,835.7580235800182
33234,1127.9158918605583
24890,766.2842092973398
22625,1555.5721763481986
84851,4399.873369305487
82971,1279.4345491996482
6944,1041.726230075732
97021,1612.7327842483912
31847,2109.126115263601
48958,1667.5432264937238
39374,3226.870652164065
93891,2521.371607130979
9755,905.9923310587507
53328,2175.942265229852
77583,2934.676577231041
76356,3221.0452505222347
29049,3643.4607028976525
27512,5940.62259177067
39791,2790.7494454099096
89296,5221.20158100492
61690,3730.3631388558306
44987,2741.8867209130112
80716,2711.0733919262684
52411,2930.7493161783136
11951,3619.05713230025
9070,664.6112116014314
99207,4011.1583580795254
54379,1889.3569609524163
58767,3277.048046294649
63592,1812.0980454172036
93775,573.698665508329
99724,986.3220567446411
6314,770.4131990052362
50441,1361.8013663479207
28403,8109.743593561837
73785,667.1839817687551
36414,938.3353945039842
67216,1655.845976660817
22093,2893.6757227289163
61082,1897.440422872008
63751,1601.3236555778942
41665,1790.7320536589584
12968,899.8993875980012
16841,3053.5150410090614
43471,5004.2292274945685
27942,1178.8948289416364
57366,551.2219197577595
5045,1069.8336044375774
12918,674.4142650935196
66129,912.4652686510778
64089,2795.7926079862846
56313,3245.3906965896444
3125,1745.4889016178495
15478,1200.5334576313887
35779,8504.098422546487
17297,10911.491782182029
28065,1692.5116556201028
38567,9660.651885526873
26724,1911.8892771530295
62788,6156.900249968187
14491,856.246435482746
35802,1458.6520671105525
12702,2705.185346911226
27545,662.2634404324581
61223,233.887069527595
18467,2419.2993517398218
13917,919.1732950093605
87227,3477.985111260547
32035,1180.152427540061
26321,2109.739178682208
12841,1445.3815602105012
64648,1236.3443577275116
41664,721.6944498447842
66012,1550.296407040723
86380,213.38298842689073
45587,3735.864772055966
25892,3900.7355696809927
47682,336.6790027317681
79035,4675.596570448016
94221,2624.3506914514915
49258,3276.24221991793
64451,1504.2877463347018
63431,1249.8791936852492
76,1394.2155213593892
27370,1428.940714264935
49763,1899.6481671527024
69205,496.88342347571376
46593,3963.0556425007053
78302,4106.183117840671
67601,4725.453000847007
18250,3035.93499932537
94610,1615.3892617426661
20464,3033.6504241164175
24050,880.3993967909095
28843,5654.941315435102
47867,6314.518047955096
22639,646.2187627387275
4027,604.9072430198522
93841,6516.435716327524
48873,1334.079787676301
14341,2905.680110420873
57578,2007.440478696796
62542,2232.261783370937
59956,7746.71240975887
94261,1756.767981521772
33100,5794.6979246437095
60265,2153.721426145487
21762,2524.279338949135
35192,3929.3734896666742
16766,766.5468341695224
34315,2760.188613096675
87236,515.0837516692105
23330,2233.4191718929765
37338,3890.5415924254617
31765,3655.9546825243688
12067,8963.536311852049
94434,2988.005881038309
61563,3515.890989499665
33471,6049.998689798828
74139,1768.01065421186
97225,1116.9389282576126
8404,1859.1402082985621
43056,4448.107730685833
80237,1345.3346115945824
47975,1884.0545543884766
11595,728.3883526777954
52506,4102.595800529589
91362,2073.3697601680933
33793,2630.074432490815
66992,1902.4100775404042
60475,2351.025485058001
48506,23888.48021570105
94769,938.2671368267022
43408,1980.8697796065353
78195,2429.0410451899434
82000,8147.510805559163
97523,533.0228217908876
33676,2159.519363098356
25652,2959.038333312029
30830,3401.4855866265007
67894,830.1297487161246
11968,2973.5520829255784
59096,2967.8815720243783
63962,2560.7861915038816
23068,4170.844922954898
89018,6037.1835894988735
20023,4926.4527496918
15363,1620.6164281131098
74099,2831.9061204085233
33904,588.9302979490708
92206,7722.407573897385
62766,3358.956493497114
65350,3709.718763528081
48125,3548.2060047110394
29318,5649.232674613895
69283,850.7069599230139
68498,2901.4258060197994
90821,5362.928542407849
63139,2384.9069814921545
21109,1588.480241458548
9568,1067.8838799445448
77300,3851.3384012287615
99156,790.2515060257905
80003,3047.070156115901
6071,3803.282789995972
84113,2267.824323478716
76889,8104.762409002924
92835,2676.6425795846226
40649,1393.8204504059495
65871,1699.115214769777
16965,3519.87580280304
6141,578.5452830853365
24098,2691.6321053193415
30629,4707.221433483652
22793,745.8026317705358
66488,607.3191229075338
54910,3262.454256190511
18340,3986.273888245974
28428,901.8280233273682
14314,4539.61086832692
47360,22622.026746615298
86575,2044.809582763932
98062,6036.849718223993
35923,3715.362056689648
91618,5128.843298367246
34164,745.3057756657955
31835,6219.615537175437
69857,360.3325345305521
27923,3223.72720549143
99471,731.5587357849607
78859,7178.792592243933
57687,1599.033766219263
51507,650.1673843287309
77348,4021.3057151911717
36461,1821.1509092386223
90683,1046.5070419461615
57534,4295.939154754855
44577,2766.721246034378
80530,235.003216776114
38880,3750.449967110299
15545,1355.5169542063181
50227,6133.3281135214065
91194,914.0215557769607
4133,4927.359481680839
31141,1442.5257465223463
8837,2125.9861345393483
25719,2424.248881064513
19806,1074.0330996261227
90266,1407.3157073860116
97504,665.6749321508307
82136,641.6786957085257
37664,4946.720150274176
76015,2417.3909576306
9163,5964.606328211962
26895,3040.4868082274256
81774,2298.549460969375
26939,1007.5363127792137
876,2650.7855309960078
28257,1898.1293320192551
72408,847.0891092733643
79343,1792.226588765959
38774,2843.6332074972856
68813,1448.513241327803
86484,1234.9732650845021
61914,3121.646410855101
45533,30946.04925038147
32651,2168.5988863868015
804,2217.2776321235115
22029,1737.7224261036931
79014,1922.4870489274929
34449,988.005955625312
88225,5597.999170955601
27359,1295.9791195670743
33435,4567.790160810644
53051,1610.9435522751344
38465,913.9197674454775
73051,556.4373888280944
57765,1267.4652210809513
33007,3245.739833049629
99006,2317.384740109844
87158,3325.948036641614
42103,1204.4694807736532
37640,3877.4894995972622
47061,1006.8150978596291
21372,838.7180177734252
26346,686.479744875796
55862,1414.0099239005601
44876,897.9331182687347
71434,5713.454734368429
79182,1458.2014394686828
66096,8990.56206055222
28589,6139.131352791843
79611,1669.8105526607205
87490,9898.55233324649
83760,917.9038302371408
67912,2692.8544258392917
90225,14149.425625449267
25651,1813.11396651547
59256,3837.4288654012457
9486,1696.1044726007938
70440,4440.402220336444
34009,1822.6087133532783
39805,1644.5721931281043
92476,820.0533067098658
91579,3258.168130961623
24925,1442.4289929447862
14173,2603.0530723471134
86609,3764.466040564223
61156,1601.5555366580897
523,1751.0549809258691
88849,1876.0603093882596
74780,960.6978503601216
70728,2941.1833382030304
48235,7767.162677520192
46014,1780.4172246360356
86477,1666.1582261363756
94096,4739.482856011166
36920,1256.1985018977132
92750,1394.7787237590085
38380,14301.534978379987
57062,1500.662141601124
24141,8112.417050652597
38927,1141.549147386041
56722,3799.2031924874236
48206,13367.272604907153
26392,445.0794144959365
8824,4495.085950005417
69186,959.0400592989361
90895,712.8927319101928
87265,3782.1108220241194
87687,2165.6075063991048
91596,2158.3217305894464
27514,1251.8039368597033
15820,1793.661604227788
96510,10841.32871919274
39605,717.6415577622981
44073,7078.176692464762
46413,520.4562812732069
31791,8015.738102230594
77202,15844.699328380057
61823,4081.7017416697367
46648,2183.506368523323
26976,1718.3719671821382
81734,2758.097961048313
2005,1689.1041101181136
77292,905.7372208844836
42341,4618.739666778014
92141,2477.5330322476298
9649,910.1196337382061
45111,8298.820572240826
15017,2599.5453141069465
13503,3189.563643098913
70972,6333.679995076799
57185,4336.130642814296
65854,3267.0575809442394
50062,352.4446832162716
31253,2443.1991320114776
73261,2962.537905917636
62651,10047.360554770386
8434,6235.797879978706
91138,1917.264563472903
51394,2041.51534830139
59841,2306.563785242554
25019,1241.6455910423906
47198,2681.7524055693057
22001,906.770637763219
53557,3871.9531888112706
46471,2023.4619345001004
73895,21402.69893754465
3401,1017.1418781534926
49962,459.19512427453486
57495,571.5578046270798
51259,729.9008953825801
75597,852.445901110224
89784,18390.032970313037
18993,2413.7457567098577
8966,1092.045044192169
79119,1414.2287859118405
59295,844.1895840411323
15027,1023.6483731698014
93151,591.0487797762363
97375,1441.2133515206604
62189,3486.7438044956457
77223,3777.9952370664873
48115,1001.949641164963
26039,2043.8267539921712
65635,2618.124068819523
5729,843.2618891383097
12829,4306.283451004607
11940,5544.638863006521
37346,5253.198095926716
65720,16089.621750010845
40444,3747.778871663836
11995,3445.846863485379
19589,454.04580278985406
96282,1428.4174139964568
28385,1389.9969721193452
14969,2921.085796842149
64450,17245.655633049893
3987,661.6025631272526
43544,2680.8889578353874
62854,1076.423037980136
6701,2045.9359367561372
8387,2448.511202929939
65389,557.427740661419
66549,4101.088195482344
27727,1916.4013260717147
53416,2690.134084374149
41169,3637.0610205182525
72481,3318.368392116246
29072,2042.854526706895
55685,637.7029723468033
47072,590.3072282128484
13790,7209.36111024468
65797,2673.8321167580084
98462,9743.818105866236
19997,9464.208092145567
1947,5659.17189038156
24070,2488.1895188272993
62581,1544.633683557112
97970,1411.408161813365
38777,3629.3973695693808
67076,1722.4879022929492
84118,1290.4910064061767
44240,313.2527982309131
46354,4518.452301054842
83523,4087.2603833390685
82520,2187.7425413537153
58368,1397.1137041859474
25573,8293.9943927522
93195,1386.063392051894
65764,2789.3658033543884
48807,7209.103559414623
92675,3088.3103278616004
651,1884.2077370173442
96532,9390.41137542611
69718,680.2093081206954
62658,7020.2061157030985
31033,632.645274960439
75571,2522.8763901978823
96649,2395.988915506219
78624,5904.045712172123
16957,892.8891243169484
17392,1363.5619289973502
40516,5169.085424551954
86795,5045.150355917722
96284,335.79939534299467
60733,2726.403965492274
53099,1373.8725046345007
22030,3537.9142566479704
89068,1043.6019526510734
18217,785.4799306176897
27024,1250.2318970637746
35124,2028.5162339412238
26206,15814.965718688176
77576,3400.1894696498543
12094,545.1436643471487
37764,2893.2550802339238
70241,4273.042945015629
65238,3484.466248659541
86725,4433.747509931156
4739,2079.184857381737
80595,1181.8462133285375
1118,449.8814049040464
23121,638.1178941781321
71811,1609.072227451175
40146,3303.625113265218
38180,1791.2315621188159
67040,515.90098895144
92676,6329.205756068932
31036,9742.97839345543
48896,3462.7052385420593
80142,1609.5534429053994
72035,1950.653681380543
38149,1743.6845984194877
15629,4115.691059328807
116,3373.3355434907985
80616,4411.074815982116
29879,538.9216438562363
95847,2156.047197752787
8737,1833.240856190317
79594,899.974869685507
21682,2020.2125396143128
86017,845.2401527605516
56951,7758.208669493983
8263,330.5891320014805
32326,906.5009345050061
76233,4699.188645900264
98738,1273.0482717177722
15008,4347.2629731026755
59775,835.6551499829372
86580,1172.5347055077088
7150,653.5231284893433
48693,1530.4484359823807
92583,244.25999691175676
15919,679.8213011596517
23694,3679.373762214128
79224,1735.4520509520903
91329,2901.233486150979
95063,4268.273761593989
60046,1023.7515255680527
75004,1511.519384372783
44040,1552.0653431576357
53768,3350.310476655558
54114,766.5916970514428
50624,1190.9402931033333
32070,355.72214063446137
94963,3749.7874685102856
91392,1468.7741653915882
92570,830.2439425857448
63959,3492.466200063918
74129,1496.3989503970597
55853,2511.9570680717015
51731,2679.7938140615984
24630,1910.2267992798631
10532,2903.072056975338
99180,929.0675292301454
73328,1051.1771400178313
66588,1000.3454364369281
7718,4126.6659886728485
61265,1126.8387508224391
50786,1769.3023662160372
9415,1233.7282277643471
30547,2547.3768597842613
50978,10436.76648255618
10855,3686.8256398693047
82497,3133.8455734158188
536,2140.6228327431463
28506,1433.7671297779007
14186,4846.3839901340725
77417,894.8190611567593
30936,10099.544844968852
44493,2883.857959625579
38695,912.5470042452598
88210,6274.615152509312
76968,606.377310163828
65207,789.3796810300814
91120,11881.721488566069
25768,1494.512113688513
57508,3182.8045093335586
42473,4634.659622544245
98180,8164.204965954935
68419,1874.618812215364
67010,2045.7733942970995
31909,2360.2468751295496
40628,2032.8560306267957
21983,3349.855984043407
16744,469.8445559166559
69963,7238.457417865172
75064,1463.6036501305002
1838,511.32723910743186
7688,3537.8475440055063
34294,2493.890547334705
67722,1635.722804087052
22698,4488.25449400945
41258,2432.8895427389552
96588,2756.5551782161165
11568,480.82182043066473
51758,4586.61580049955
12912,551.9526115732401
2316,2654.055895382827
83650,2960.6519113581276
97117,8662.084876061846
64676,454.6006239452523
19882,1887.9810697779672
65707,2061.997195824984
1817,1269.1229300324728
89869,2047.3421910249915
78852,236.70572037713558
88567,1469.2333831052297
58889,631.823284420346
36746,1036.0489695407969
72466,6615.874417175594
4456,1189.6460704189476
9242,1839.0187250903102
88692,3258.7882669470964
43314,1330.8067154610055
89653,14379.685916344271
77119,5916.63825961609
99656,1076.703966582905
68286,1630.42906845755
63975,3373.900796461674
74547,763.9217430769713
44539,2589.575213730532
57380,2371.8515073723784
85691,3323.052068892074
51349,861.3952303638055
25487,1384.541392063172
30816,1383.90243284958
7980,4130.827491399287
9423,4580.608868175533
24781,1762.003789910726
16103,657.671634517041
83122,10401.53883678938
27279,5278.467122125815
81558,3498.7125751785416
2184,1553.952320471136
15315,1485.9361203208607
44829,1338.1028139578864
73277,2339.9056820081273
59548,1945.6768260046024
35178,944.8102445786402
2822,1623.6561459343995
55567,1886.087491429596
70196,928.8547697021153
30811,1317.3877753730408
73344,3120.8340493426595
29569,4062.9194827807733
43577,8188.860458829712
40065,512.5130485242883
10161,518.7602748446512
24487,574.0986151206257
2644,3870.983920466663
22340,573.7551313953446
66271,3187.909012968359
8595,1203.6866716486682
16155,2458.711934059965
85961,1383.450139691637
49327,5189.806945833207
62723,879.8019176906885
99968,485.8888653017665
8732,2015.5498256211424
88988,2633.7559281713843
29206,1098.9894997667304
83708,2614.866151073363
64616,3574.2156616159573
63462,3096.7545858679205
11145,10176.800122513361
56785,783.1018187599898
29892,5068.0072034819095
86313,1945.804371602295
4150,6334.785478086462
35142,1042.235718857517
24659,1253.27050161089
2114,394.79494654395074
96949,1884.8663102845742
50404,300.3552751918039
4488,4510.566201912621
23,3686.6176988437796
91653,957.2779889783213
90473,3580.219191487067
4353,1700.4720590683767
24501,298.62466695397876
71674,3089.839986499165
49297,1679.7023909006714
22760,2594.0012110344574
77099,1442.6753039055143
58079,1250.3217351798558
430,597.2652186624541
98340,1587.3907492539429
2623,2341.980991277423
22955,2367.0934085765334
57532,1262.0577159565312
30076,5226.451281210826
49549,1478.8260237856978
75957,5954.819915323228
34198,3251.0195917789883
47856,685.6355465509437
67663,1963.3104719280366
22445,9312.732539256818
93972,2636.199249902179
18450,10064.572740604623
59321,1635.7735749377262
82154,5686.4104111330635
50282,1545.0672850489666
7885,6433.25842841137
50836,816.0698262513556
82639,3520.8932526433127
45859,16640.09909162948
51145,588.9302979490708
42952,7464.556396589845
81982,12752.891629196953
21588,18135.20104880385
14638,653.2073770598882
49020,4892.788749912836
99947,1579.8973099238692
81025,6321.673914602156
14443,3518.1719125687655
56189,1162.1139710855
25645,3317.7530790602623
98358,3958.1309437080263
62853,1713.9812036730548
64404,3668.949226001606
53130,927.1115573361628
75836,2809.4175701053905
51862,7795.521417185757
18868,6247.725276875217
58463,7576.157732545712
67625,5281.111886469508
24180,1655.570910409763
89186,10465.980812770918
13308,7780.862224102795
9216,4311.119797240214
66730,3359.7480784706895
46680,1939.6179610713295
99637,965.1093629456121
94972,1529.2331468511588
98078,3855.0740066710773
37159,5606.092340825767
74496,3038.6749835657106
34397,2823.9060672607748
81002,9649.731801243139
71171,2328.607646738647
67849,17407.701896040096
88537,4063.688479088784
40706,1122.476077141949
10342,3246.3179860686496
55596,1856.1937338057976
47017,3352.3032991651557
4855,2780.5250007919367
27424,2602.757898871104
26365,735.2568149234136
88610,871.495473335881
63823,579.5846007523197
45239,2196.2815260423004
85699,1488.995875290247
93853,750.4514078513747
30707,3245.482781104425
64456,1088.2268455239216
84098,2410.3216131205227
62738,3764.5682952184434
40492,6612.982220028875
26995,1359.8358292477578
1032,1421.533203999948
15754,4399.871866148062
14717,2061.725480539722
90778,2504.308423169308
51849,4118.968597064186
81953,1405.7965494783643
13178,3485.628595716386
18277,987.2252745644605
11135,2217.0136586879685
31812,522.1814290394902
65661,842.7860885848252
50341,574.2821174321136
26537,13069.856183127313
64469,17178.564252783726
88318,1438.9208847110835
4867,1976.1302731700175
29448,2441.8451430469077
91316,4609.516600404811
34153,1173.4706081424522
41168,969.8318933753345
39720,7469.8279520707
17954,1970.9344737394197
22526,4534.1015872079215
38740,1491.0963737327234
23118,1643.527156163316
11077,1010.9479853393049
5155,1490.971219612734
90811,1879.5230801678745
19329,1522.359993042745
14991,1139.0143944069348
19056,2617.146682531762
49863,1069.231144929861
21591,2033.215498866722
37646,6122.261670761201
4429,2400.853882138128
21989,6087.947281780464
44843,2102.8788541161207
56383,6909.04818321379
5597,5606.336287155215
55518,556.3871374939544
8662,3359.658741017208
2885,1957.9595004292512
17604,2118.062269595496
27595,8879.20295153819
11011,6029.910995172207
35285,3544.717513816695
89627,2431.7947758216346
61933,16349.700106946791
70448,888.7768955481396
18820,263.3158354756726
32569,438.8109895518093
7122,1916.5209251349136
46674,1142.851252514672
78988,1165.3335234327549
68276,1402.5851013525933
4088,531.5127755892051
34066,693.1444768711858
68697,18505.297677568633
33647,1870.9375302517608
59387,724.0270368554125
50050,1495.3941652966253
76389,400.6207405165215
90696,3417.6820594731794
93700,872.5709943039298
37627,1066.433476615721
40967,641.0523254277085
10926,1169.524347720112
15468,556.1182846706754
16731,1648.4384035609314
35787,872.9766755558444
61706,1375.2340051170574
30764,9522.527088815106
97953,1004.8681147708738
83554,4647.8590204659085
62796,2393.145591841538
699,1534.9779531561173
98363,3902.0943326106103
10962,4378.315041512162
84444,4031.021304782605
97357,1536.1873323359514
76252,1900.9412639379307
83938,1381.4749222305531
51424,4014.8078996280797
39036,1638.0191157167121
73897,1013.485944813342
15217,1551.3571638541562
24899,2327.0819456953886
53816,2606.949290834301
23080,2342.551306886417
60785,4017.473636778232
91933,2870.3425387929933
87488,2668.0417321889895
16302,1254.3117430922755
12641,3577.46629435156
82751,5753.7236662921
94515,2200.7370335147457
57784,4335.479352599509
62032,1767.02415319774
93586,327.6111512052854
1489,1168.121708904613
19522,1624.7022064836638
99194,5093.462908539328
34142,8568.518218087984
79803,7624.900532366657
82548,5890.182698882128
86273,548.6905117285598
86032,1835.2219582812718
98438,523.301588159684
17072,3022.6274465467195
64570,1940.8477158821029
88490,1936.7053589014931
43199,1331.2493320897663
35072,8236.036619855347
84107,559.6232156685872
12695,6157.091334737321
5441,1686.8939964661788
18316,3111.3475493713877
23840,2483.317628418327
35652,1233.5077389000999
67086,1264.2641125882888
80236,14270.355641532004
1175,1248.9704416420598
16986,645.6292755785606
21660,1760.9751774764093
17738,1626.407176159581
3673,5503.607107673637
11377,5591.0289814221405
46561,441.9296401851571
6262,3128.0057582399827
94965,530.2306697346496
89159,371.15511381662657
70649,1227.6834930937878
85621,3339.296945367992
88130,583.2433206872084
72377,2674.2425482628114
22557,2597.7187681566916
52597,786.5105581332701
46526,1226.6096002089496
15564,4761.039397835882
84923,1599.789997787779
74724,5194.327774932864
84906,837.8855987735598
27015,2583.7415557146232
27235,2761.8517691209404
20370,3834.1141944366677
52868,2659.840192173477
74815,3370.8234652752644
46429,542.7027225009879
1889,4063.1045862809133
79041,16686.1002346654
49828,1689.1952049386298
26859,2564.5852143149286
86325,8746.401367306848
1819,201.37167257566935
81068,3792.9325399376717
71857,1517.2880073029023
71790,1727.5286671479125
57697,1084.1859272321515
41413,1181.4051779534582
49926,636.3111202302379
18234,3222.9799444638556
40376,4027.2687073768348
14422,1385.0164509801934
53875,6584.920108169735
40051,5382.079259126151
59222,832.0663256027549
42409,3471.8445960545464
50016,1381.1052736583404
77285,464.26612599718237
4262,4323.9313724632375
71395,658.7119701397119
41058,828.9409702739978
12290,1629.6474207649303
64769,1199.1707532179169
1894,865.4188477011058
45619,3784.6153322288587
98967,2235.182863567142
50047,2339.3324910625306
48029,2091.614803624266
99332,4099.078666526719
68969,2233.4121335596888
15764,1094.1096869458959
1215,3524.912117358252
39770,10509.927072805316
32751,757.3936680205202
3799,864.0626223028315
43311,844.9903673886408
91954,964.7910270992104
87419,769.4523877598332
54849,1771.5269260187122
44759,3715.755723335098
16345,2055.2943036769343
75096,1037.6687696959111
8629,654.4263299315031
42493,895.8000553236809
6815,1247.4859321194497
69925,21609.28195214541
77537,11497.49958695121
12010,2074.039094833558
53049,2053.7222139172995
92664,9959.672564084576
24795,2326.1311451458546
27267,3665.2850893964805
11915,238.8688325939495
13997,4389.296352678805
62555,2552.6873433683854
77706,939.9499268103915
47998,1101.6551298156003
25859,2984.6464254034245
46841,1537.003222358713
82739,2790.785349884773
78105,2070.9273113666763
83044,2006.6660751955653
38874,2877.1592678630323
17036,8321.472626308667
24412,2795.3684444792916
10026,1842.4086654970038
57483,2821.99135609313
55397,4653.982170995851
73737,4756.4318971675275
58797,764.8872502816939
75568,4385.604194006008
99488,2777.3348950987343
62953,898.3206941841474
62296,3819.8280243939007
47128,3708.9345065915622
93907,234.794041366437
89331,642.1011574484252
78600,1746.5810190690884
52505,5094.791767830387
52245,11988.44173129559
58711,933.4932172968176
73223,1346.1275417375314
47049,639.1616047547582
97858,4855.052012555791
37884,3478.0589536341863
22993,1201.9167625470045
97490,2474.102455918293
56933,706.3168186662928
30422,1766.8015064172203
67729,4596.989325769628
25319,3772.0753959470358
9238,1920.8213501521386
70056,2818.381749650611
63878,1523.1489256164607
54885,8131.832563853917
45367,2066.827583908213
62217,2099.7075134382517
91890,2258.4764167086223
50234,476.9346758056213
8585,1437.5094655284809
89733,1576.668701763628
64097,1309.3395927441488
57944,838.1544699307293
82227,2730.5561999325164
36464,1790.9269437061164
5600,6218.776408438401
58661,4436.159145643515
84581,1689.1252085426552
77320,2994.537075273227
89134,1538.0880786440905
32871,439.7277627028128
29453,5806.812436254036
48860,840.2033083596733
67929,893.28079355995
59237,2820.5990617029365
15484,1552.3962135292754
51195,6036.677285271287
76588,1269.868373844983
39853,3326.5395536024084
29545,3624.00521171758
16626,1155.601796329102
25894,3555.2156592584993
98870,1013.3543457641164
44855,1527.789373013648
91834,4565.159524048458
64779,1282.0905546275794
12777,1014.2490364648949
49256,2197.4795619876195
11014,990.9224887448023
64195,689.8600975479249
30345,3478.364130278975
30103,3746.3399941550606
77581,2606.692490134725
38267,393.39241998148253
69574,3237.8220554820027
6906,1733.0821072662334
27313,2247.790892244811
59348,1884.8919380383713
35060,1918.7314127718048
87932,2719.146582439207
97693,1882.103876185097
54262,2756.6372703468337
96872,6783.2392444347615
5514,5586.4674496215075
86834,1227.6496442338148
38456,2802.093651951217
70545,1434.966024071754
2349,3671.2696244771746
78980,1822.8024798585031
98201,1540.1751041189082
14103,1512.0975284647595
39636,3996.9867931290155
54729,2750.5296334143095
47765,678.63658554346
34179,1061.3800411513203
29588,2026.8690033868568
35930,933.7046745056643
90077,566.5546268547732
86907,12158.440733277921
32988,1339.558783025063
50999,6087.97723879285
73524,550.5267591623906
54197,1227.3790211222072
48114,3293.959312532652
55949,2033.7182672942827
83862,922.5613719854671
5689,261.2417383397839
87383,931.1438512039873
27814,2142.3486991146556
71671,1750.275807917436
40823,1407.7587234284126
72019,2770.6420108894813
4186,576.0272757183117
50943,1443.032249588438
71170,1498.7687767887599
41835,4774.073475055976
89135,1630.43738878532
20539,2007.6507525646375
67167,3496.0483583388764
13800,1030.1253239759553
95906,4665.258273362329
18480,10721.498748090626
64638,3644.8197254409624
80224,1451.8816872085981
26683,3485.3105224328683
38482,5001.04213726534
73942,9806.39805994339
59808,1498.4124763631874
99065,4381.717093205093
10267,1527.8544377756514
44293,4662.890356581932
65083,2147.9365120952557
65208,1673.836242956453
11673,1141.6289911081053
84871,868.4458873959674
26020,2668.2382318491723
77616,1065.7092077555558
37943,838.9757276515367
2170,487.0642463505958
96933,1175.2808050565916
12665,1664.902154420301
67027,908.2589873834166
36379,3947.536804605062
19372,1884.8570521311078
17976,11396.80147843729
85922,25761.523161588448
96746,3813.857686311064
49200,2371.324301972768
30609,2036.7625641231798
46521,4497.744188173377
22275,1126.470330574943
16579,5206.961453155766
82238,1380.1499925261455
17786,3029.2518593251443
90463,6792.951648319955
41484,4677.9935053228855
36885,4948.086431202602
6295,653.9123373335914
97641,4389.493937511865
95419,1164.5185127052694
92489,3193.1456408485005
63143,2508.179500657863
12567,1032.0639000149326
56217,546.2850415291368
98251,1117.2213983159158
69387,5068.966874560873
72943,1743.0575668372553
40639,1010.7180769390807
12681,4981.127185068148
30303,1711.2814198983676
45964,310.4572183044957
51526,11958.374292193515
24382,6679.459879881257
78107,1074.0213557490163
85591,3517.663791319275
7504,3033.9541390560457
29790,1500.3316399466617
86489,2392.830848680419
49039,2998.0001896624067
10900,4878.523031125627
74401,1009.278758128299
48105,1828.0850246411633
88175,8977.293903857806
94520,1611.1618694750919
95652,3191.0391462192406
48740,4895.125785095766
61687,2135.7500147893816
89678,2118.3392617051754
95053,2185.8076134364374
13424,2443.9448520258898
99635,804.1003314324432
13928,542.0426088679743
76536,881.6083591398896
3979,2026.0559986226897
98699,3762.8289971920567
5339,1498.183795987257
80220,1125.3903090793694
22945,4886.736702982972
64176,1825.5287046876401
55605,664.2895639660343
25246,2655.1095566917234
14871,1418.6435636610138
41267,6118.958130733458
54895,27717.659039370243
23513,4558.868067280826
42031,639.1495318533931
66100,1226.4298505038269
27060,2019.4473007822878
46950,1112.8461302208593
13202,651.2972362516789
67386,1147.1747226339953
33183,909.3131886898117
87216,7861.657751876232
52098,401.2860214179367
36678,989.9326698768704
39952,5738.006271768348
70908,1252.3803442295157
19375,3374.6482758458046
93295,620.4368741240058
74081,5902.331881480995
94129,715.3574511880583
16092,3712.5913486325708
71087,456.4480985589176
90989,1181.66685281203
12404,8485.392803988538
76484,1047.1167206456005
13736,2580.1912756314127
94593,3463.2884457596083
2942,2836.031652326314
15279,1449.3850949614098
22164,1346.581215036015
54534,1782.437404930117
72809,400.88127430355433
48254,3619.7453095639053
83712,2773.4461169148685
12512,1689.138216531459
58349,5046.8426123624995
25771,1901.49699825354
99811,2046.803657441024
4625,8716.187148885043
60623,8415.305234911104
70340,1037.4281474550062
82390,4789.088852406972
4639,2316.0729960588424
61269,2189.8851411130045
92878,1680.1568055767216
60464,1235.7880147675357
26124,1034.9575574007727
79961,818.4267491292381
39098,1958.4086039660317
33169,2920.0915901741414
65236,774.0488825645793
75035,2894.9007169098318
55827,637.8240868531179
93330,7071.414285861471
59856,574.7947966085712
13693,866.9199868225812
6690,807.1055445667761
30948,2173.80714532341
40357,1627.747184881476
99768,4199.119323034618
98119,5654.6269331284075
36694,636.3452446494802
92312,3260.5005400344166
18629,10445.616885729298
93693,6158.382107805883
30278,790.0733560895327
69369,4991.381298389483
65150,1566.2386106944148
42543,1549.6393610740156
16196,9960.008132095618
11419,1117.7506437040502
36454,4487.982723971233
94608,1389.3528205592017
5751,1181.2658477307336
84208,767.1346465435588
99115,765.8058073025301
86660,2365.0829107359164
97243,1319.3244737505913
97321,2680.7313552420665
71738,819.925858283934
78319,3105.1380355337947
95642,1324.770480608377
55034,5812.824967772555
25255,945.826123904741
68615,1609.0809294162311
88620,3015.9973699599127
94090,2054.289987553493
34789,2784.5180709125466
14413,1253.9838486221329
53116,1761.2537571679507
81867,3159.381328172301
48061,11229.14944772534
48245,9350.234583990044
85177,3197.755798603655
53696,3714.937670320406
71540,1430.4715088850915
14004,2324.8510545165136
5896,8885.842387223722
93552,1424.535241690556
47849,2540.000225029311
76573,599.6694228473002
12791,4762.498349218619
76373,2789.2258885012016
55453,836.1630804796598
39319,7090.503851383865
48358,11078.772621310918
91155,1370.4991852525006
94425,2211.1868098845807
74699,830.484931192499
69423,3912.6478981721198
92658,1349.9710838076057
13270,4995.367819820583
84204,3574.3920189253736
82214,2288.285243079826
85008,1665.5129972298812
63306,710.9592586670838
22918,7857.8449513700525
54962,970.8083030262995
35106,6422.952069610131
82546,977.7608251531602
37106,381.7063593571303
58569,1112.627558538692
5355,730.7527169859385
828,1387.4524865055294
95388,501.32633846707864
57119,651.0123775223235
55874,1631.3190538686354
24488,2153.8497659861505
6984,603.8742798583673
61581,1448.617903391496
44590,3934.2070432563196
59323,3424.8029024046436
31903,3263.366382037336
89877,7357.925768074164
85112,6536.818556939458
69687,14079.299675935097
24645,4842.750968444069
4921,1250.7607350232981
76858,6561.655709915969
87432,3577.6494102060747
40562,5788.555337098804
5848,567.5760143829783
94327,13922.887984517489
33978,6785.748343413894
1435,8456.011120641617
77515,1456.1046214144922
15085,201.75133963268982
52267,1478.3545823166091
87710,2960.2760212704598
47982,15857.520962743656
55461,2075.232654006233
17212,1205.9485934974937
14883,5386.47556666908
51021,4382.751683394136
79652,15200.170378925814
26060,1770.0739454735276
94881,1872.0932233423473
73736,6662.718827257426
61408,1484.935663713999
65841,1647.7329346934787
70775,712.2876860392561
61734,2132.4698824272346
8574,261.0768632387522
25062,14125.428707371355
34640,4102.720269977426
58947,5874.091716577788
25637,7469.755586251258
84311,662.0156279412253
36269,11862.946168988961
51997,5980.408970300846
31130,1852.1522319126136
19433,638.1883273247641
77984,2780.402868592479
99991,2409.9992435253716
28579,3933.546459839763
49777,3929.6884433773953
66444,2884.6840406542838
92441,8206.006223805687
38556,1589.1719998803237
84460,1836.2921920469469
27847,12996.373281449938
44154,1001.0438412823473
20864,2685.4296887188457
30924,7122.932250695993
98260,1890.7717238884443
88358,2237.707366551186
72885,4827.142184406871
54069,1272.0148679085912
51967,904.1860100382353
76193,401.15671897310636
31224,2057.3677278015703
8992,2536.8767880601476
58684,2039.8775674259884
56315,6401.58081591318
56518,4235.328677143629
72785,5417.962948687018
64621,3723.2996087504116
47594,3341.0540777078386
45654,1945.4293311318336
17103,2378.2957526904597
58809,2583.6350409943884
38566,1822.442814493854
19290,919.4076037965536
78240,2603.0507030062263
37686,1009.5754887784051
47921,468.81516938219863
3467,1969.5479476341516
15439,341.9721173208915
83774,1162.8647969154204
70336,2177.7129570731595
34378,1380.133021083019
42147,8519.975087846604
82457,1193.7049792078735
11499,6301.556396508649
35297,9280.768499365653
94471,1366.2996610144446
2714,907.4096634491339
97913,2860.532697696852
78495,321.0380903351831
32474,1637.7423634001198
98574,4420.510215825328
51917,2160.267208788225
96185,1102.1243702514118
25777,234.89377327624976
41949,4546.022389381241
51982,979.8317340624657
84352,1822.6624327771913
88568,1343.2529704984
30504,3395.0930351493057
9261,396.0325344696333
76697,940.1071621253144
76565,1482.2891745066556
15459,854.8806036926691
71954,1063.5757228120292
72301,9277.153616753201
19134,1280.1734162779996
43948,2356.4929595324893
85415,1588.2865145227365
77518,5399.722457023682
27736,2296.628033392583
74549,4505.558172649428
41195,1762.7158370315096
33824,2316.799750382853
93232,1912.764799802713
15669,6317.135230772899
43290,1751.0717916156852
3704,9516.445544737211
71947,982.138140662151
411,956.1490317420306
89430,1392.7783712342543
78305,7036.294284638345
18510,1638.5485822693495
35433,1434.433957740865
20813,755.5200600672414
52935,11102.427584050956
24506,27771.388123331766
49325,1925.1580034370259
95327,1238.987269544809
97497,2043.8822331619444
66329,2183.5759134225877
55499,3924.0579906493667
61789,313.1920288059274
67314,10921.882262413794
86299,824.0993867894957
79868,2459.596480770689
53323,685.0887872797294
76939,3541.245657632336
88952,13046.388748402604
40677,1605.533960692782
37787,1656.9798969836909
36725,3015.0343680501683
91826,1114.857664401433
61400,1177.8938250409426
32636,964.5502673244468
53405,1964.2279984573152
47980,2024.7734314742281
10509,3046.8134736190004
9119,4788.715613883352
59828,957.5941135162901
87559,5073.639705737804
42681,715.9802581094106
48652,1765.5506687454658
81553,1764.4285042006495
77551,4109.889288289584
59621,695.9477468646946
96055,4057.041277347249
94936,1105.5358229365117
66032,9687.438203258947
63893,1796.8146224271145
49899,4015.276366850426
23836,3530.0968291737954
57667,9711.198466046782
33508,1568.8874991873722
23796,3665.6179419188993
94993,1498.4384978142702
97925,6203.334766702618
53715,5312.643661667723
23657,3684.030498952574
66643,1088.9644302237068
2430,1068.4008734701897
67720,548.8861652384678
85927,1847.697731730827
47388,11524.872024103464
40551,3662.675413491722
96444,675.2547212785623
69441,2336.4825423004313
12297,913.4907808710891
22461,5068.196904643803
59860,1557.817262497761
42265,1328.1223804867707
22597,7453.166149831951
19343,6335.8889888838985
10403,2859.7529195953957
66841,3915.2823323645557
14589,4344.164589983594
42603,3998.39372751663
46832,1382.2827874176012
97141,9798.969430521334
93817,4164.879174903111
59891,3715.759235454217
89145,1917.0618856097078
4181,674.0096494905397
79495,2793.790579609983
11309,436.3310476574286
70474,2980.7701826031766
12687,6361.672765997111
90365,11838.424045553013
34218,1468.7785883111362
81637,653.8492931869926
21657,2190.2784482701322
40037,3709.7849247286927
5574,4533.432687604946
18775,2497.0770853370886
26083,1386.4637624874583
8022,871.4681309208844
95307,1140.1615687746691
23998,755.9831757102764
89754,2152.54460773684
95819,2082.914629658024
91143,5873.524780292974
89638,2596.6923495499095
28029,1181.5562197272966
93631,1404.4964826097264
95347,4244.837474740113
59536,8168.626482461973
25235,1017.2853684170703
51882,1737.7091126613332
48926,908.1314466037405
87221,1828.1833018350967
7242,1424.5174076127075
4135,2044.6312109412493
72388,10798.094916546288
3253,2406.151083368023
51211,712.4280747388422
80736,564.6123984756539
17901,3057.1263700348827
55246,1532.9468030485325
26255,2423.4792564782
66865,1793.2111672175893
86826,1144.27594702468
68715,559.62325642449
67192,1990.4273787551028
77423,4653.645202813233
55998,5393.554510263783
29128,2877.5076253151306
34284,1874.0856918927318
49895,966.375656900377
13688,14914.072824853833
50423,1456.6249241112396
10553,6020.079104249692
45917,2874.859167571394
27745,1008.8092671307652
27603,502.14359572717296
60381,499.37725854104326
73623,790.9881888249912
85247,3228.160156923498
76122,4926.250943485056
54789,5044.26693217444
13117,2787.00355988487
15013,6086.251104945148
75061,1955.6777871748639
56821,2551.075223336669
67548,720.6390158802408
94335,2462.0617646206674
25664,1873.3767861432877
76604,1670.0681980583865
3067,995.7547726058036
42686,12580.798584844419
66947,3847.3044842723557
27955,402.02328589450104
1744,16308.632992959445
92366,2456.454569323215
20320,11423.310759082686
21735,5720.964338020565
79215,7259.139624117836
23000,2300.536175247055
65723,1824.1331174500135
97278,769.0481934493778
23263,1850.2037331157826
62138,3845.7104939415335
21497,751.7054647148432
94011,2945.1779641058074
69666,2750.9174592786176
17808,4276.367891935818
42139,2700.5775426771474
59922,8752.310791810138
21057,3167.7203781233898
43014,1217.8820922067325
26454,1168.5728947958005
80713,6966.144452158766
52005,2593.905166366572
85771,1571.6579907322819
95991,1332.3081214227639
71660,5294.943332665767
39182,1996.6563689055818
95591,3032.593926765571
87664,1417.147510367743
6811,2118.1739408186722
98541,1382.5411210444377
31317,2152.030788778579
86050,841.2679495884186
34547,2644.8071946044824
4107,6194.726628083214
84342,5604.316314465863
64759,771.9451023075494
42344,3252.317136121214
68853,3632.5803677591703
59957,2142.8044406373083
89866,2702.857185182065
922,2025.1447910377074
85638,421.43260564066435
26224,8805.077266693248
69020,1038.6283440355298
78350,3986.8968400359954
82296,8735.350929850993
81615,6576.543916791211
32076,2575.0345772880387
44679,2141.8298891375225
19080,2746.918112449799
80382,401.0184368345859
87555,588.1133354175133
96928,4044.4081653996427
40848,2565.1559662909913
34948,1611.9716833218536
88986,1130.9545849683616
14813,840.2091601712424
87882,7485.9334812950465
19914,486.75354103668633
3259,606.5653640322162
25234,5307.354275846635
45470,3110.659695897548
12729,2629.00507345156
92037,1226.1766995731411
46912,1248.9018227306892
80707,2001.8363262353216
78839,1924.4927776749366
3303,2045.9665450004659
80076,25006.213003361794
14745,5279.484517599709
47428,3078.7205112242777
5140,1215.8849603686651
38917,4368.530356250579
1478,1263.061662888651
32429,2424.989302903488
50785,1823.5637743937439
27456,2602.621361674851
92853,2539.153655616958
50658,1463.1612771374237
23418,9432.762339711564
20277,4353.1675449525965
75569,1188.8129560960012
68406,1939.6669370862837
31542,11031.577678078727
50004,587.4047173142844
11699,505.2332319742511
37955,1063.5128406858626
91267,4947.160613064815
75787,6589.37523761721
11165,2667.707783672026
46991,614.9728067049665
69231,2044.9065309144269
83804,2695.723580526531
73094,2516.1183410222993
60892,745.4344163604705
18924,2341.022150609554
43230,6447.134503125702
34636,2382.2020440351193
47618,5835.492784173207
53883,925.4354840150698
20383,2785.1726155816887
79862,2955.722927730768
47503,1982.1887644328976
15851,4174.677627755718
1282,2805.8573903405254
32868,1261.8899947102827
54518,2649.375154361466
57488,2443.0609467313798
48388,2730.3626151510957
41458,2692.9341042198503
21084,1402.5389480866384
42954,6322.381022882516
57298,891.8104694578855
48258,3267.07180182003
55299,1656.458055725933
59863,1277.1177407100936
7754,9923.259539181732
44205,1573.8633771624175
55055,4375.573949060952
54645,3886.009519348636
52507,1114.3806853233248
75236,1828.7655552365395
77724,5007.98979941324
52899,3721.1701251415084
54918,1803.6223298342813
96874,1538.5832251531049
72112,6116.105234939693
5200,818.9154396974868
86563,1523.63760232052
46359,1234.6355971075063
35629,1651.723028057822
51037,377.9587986909439
59558,2345.0584409657604
71876,1218.964774184473
7731,1480.798810331188
91001,485.007588995284
36679,1614.671512503058
86521,501.1453952451034
70633,1147.1651232054758
74942,1165.4235533919045
33223,2918.735440127511
61260,4759.368265334256
95706,589.5096499213049
20734,4363.916730326758
65613,776.8587285009734
35654,3095.625817385075
79567,1020.0668816747251
45955,2662.50922971703
34232,400.7647752633227
61294,3201.3004266994176
69722,11355.164487875469
33619,3532.2179619722106
16773,3767.467881549183
32675,2762.2481032929963
13195,695.2785100684637
94000,372.9667416187165
48468,3243.117240946616
43746,1739.6822334655408
3610,1386.5091012964936
31126,5676.457721227542
32748,1398.636817985593
10864,593.5756169024228
89227,5779.169840267624
46536,1183.9562093183185
35890,1388.7056429921524
81988,2637.791094745531
72044,2918.0099345012154
4049,790.0294043562009
73719,1980.7951254777392
59976,8180.399480880446
70742,516.1975477690471
94945,6530.816335313389
59699,1050.048543064974
14128,1082.5484060034987
73108,1819.8567662821097
25265,956.4849202313802
13436,2713.266609526049
6724,547.0621518748246
4795,1601.8740301258288
45001,2048.0232796628748
84158,3978.0852459234543
618,4699.488342610952
51785,4555.98420582827
24438,1207.7166048886065
70128,3074.5014070966586
39988,3282.390671813494
1618,3475.1986101339985
86104,3713.7259475334517
17733,2023.8042001413185
30664,1857.2657584369135
89142,2024.9935268531785
60531,996.8748405068201
20359,2307.5763780310704
82547,882.9936493200064
67670,696.7194780099067
27330,1278.9251689091539
98348,3146.442317845814
59832,342.0302003775231
75211,2690.3206725273594
10303,2800.2779238215403
44025,733.588433206219
52240,2271.735587185435
96067,993.2487040511692
62616,1344.703072078504
60694,4500.372640445096
40522,1185.1214294420186
61105,21141.061061414188
79962,2683.0943328080702
5585,7640.319341256892
48038,4737.227601568752
84284,2691.4016415821607
85731,1548.8333462340468
29882,1654.0712649313161
91956,562.884962868794
66915,1211.6639846953549
41133,4115.0413714128235
63499,1935.171995918417
60386,2044.9307815169175
74998,1234.037387367283
78592,2210.4814807061484
5449,4118.679973453668
17445,2531.1974220319653
43722,1361.1744602088356
25979,2616.7205520793473
51764,6297.801228603115
17111,2847.8320846933393
19004,11010.758313158138
23091,710.8813565260189
1968,11026.553320611647
81058,4246.315180697909
73866,1076.572805496026
54600,443.927635938049
60794,1819.2070819657918
91631,729.6620867222032
42827,4146.64784003096
32971,4381.915672751972
36967,3485.1420642289813
83900,470.40015795030894
50891,460.37063549431963
85971,2245.1495203668437
17397,5551.263519747573
94807,3070.9849330840075
43728,973.8533062273609
44959,1178.3425640277453
12098,1124.3390210882324
20299,1077.057150216955
74423,520.3199604457506
17405,4301.112130439473
6205,4032.7808628617777
44221,1125.6210953659358
64709,1512.8427952709787
56843,1775.0975399451318
74119,1352.967736566749
51100,1763.515553178504
53056,1379.3516019015658
86443,871.3271738921123
78840,2754.7118982979123
88757,409.90013407159836
38475,1682.036119039728
27010,6477.40512640361
16167,3430.538298753732
80877,2823.001965281114
44699,2867.9520864485125
29557,2492.3137407266527
84015,892.575636634116
26670,3035.7939727072344
26448,3158.8539350251067
28603,5413.988925274866
25994,466.32290787528376
95259,3455.0178055822416
65089,11324.583130991496
41839,2016.0725745926138
42547,5570.850148298582
92554,2032.0076909966829
45614,1686.5114076427915
22094,2726.8939198184803
46251,1828.4904831119593
14775,2855.905245992709
52300,1811.1753613577648
25354,1099.6120973061961
18473,1026.1755124226179
29261,2750.076675780825
15068,2062.1543904297682
39817,861.098122689892
38468,1588.6049044051001
49283,4298.714335941995
11540,3118.6524742994925
85032,5703.397341551769
33338,3032.4872671232615
30565,3110.8118339697226
24799,3579.767885411488
83960,3485.2382842538505
24204,12345.683084098757
88240,2167.2919555630697
63658,1174.3864562392105
48446,1796.4840965219541
62767,2790.3697745794752
78520,746.1098214643333
46003,1063.1315874665208
24743,2725.312988805303
71390,3229.453176138363
78032,2630.811437752775
24078,3366.458372401256
94672,1288.5477031402459
48304,2558.1612495993495
46605,2216.8742338142715
83367,2475.0813399062285
1158,2975.256729903692
31822,2528.285103083613
53533,449.81702851993975
46549,2025.6696559116888
15488,1414.871795756625
99715,5816.372651827439
31631,6000.024978247047
53259,3802.1759093118458
54401,6280.911730564069
51378,4251.0926740967925
55163,7657.631747277796
19842,4658.196697879045
68773,888.9585280506345
13046,702.5997910206953
65498,2072.8111905989585
96190,555.3791032653178
96550,3673.807707616644
97163,2821.635184997321
91198,2206.6332231463207
47308,848.8850291322696
26402,16642.290108850724
81050,487.10071936589424
99299,2545.2959827331742
54930,1367.5041235286258
79483,500.46920079157667
49471,2363.7801584926533
36521,2654.3845978556724
82145,2388.6065576438145
83200,4209.927474566297
90927,7679.533211901993
68489,2000.7085006359623
64057,10599.696902426484
89346,999.707213375438
96456,7115.081605065526
39815,1670.2372613801767
91511,1819.0376291910788
77347,3688.070909598468
33309,4072.3949190899048
44356,661.5793029532119
84341,1357.9654896287027
66356,11050.81031014034
45862,1232.680034018764
80488,737.8554613426601
66798,356.1773624776666
49155,8238.19043686177
98357,1958.2860210337842
50910,2269.45961010374
80866,1204.9982712500748
117,2459.826815044907
45497,557.5899212425592
7630,4617.03865833056
52417,3104.093348732173
58758,1482.3263754353475
69649,3236.96724385758
11973,25444.992543886874
48755,4429.541723407096
80393,6218.374260216674
4493,428.5189073932864
35815,994.245991055524
50711,1799.5006406257623
92567,1952.0089474223755
24648,435.4539874150204
3886,5564.300415783685
68482,4245.752589754216
15138,2650.667228843385
85708,6966.702273893826
12873,2172.262488979173
77087,831.947094123128
77509,708.6681691673348
76507,1575.379647502707
13679,3805.3218550218558
12978,2605.0217382058777
94496,7356.392419518487
20146,6793.585644832258
10641,1030.4109619083238
79034,2146.889891002579
23572,1144.768081623257
13570,3821.3315699797963
17173,1501.3921502390322
16617,1824.937791833318
65291,389.8646178033855
52747,843.1825383567249
19660,1379.755915435864
44227,7871.913312325395
9476,509.631475526148
4130,3370.321093639421
81233,560.4111699218993
90213,1969.2646325101316
42994,4831.8394694873305
7948,3204.56360312049
18152,1081.8799508724835
77661,2673.0631633536095
21247,3166.163080873525
60935,2194.3130244091194
26037,885.5704762106981
66196,6894.318745484901
99394,2201.052242898719
65033,2558.764963255009
23124,1620.6707101614281
28095,1446.451857903661
23196,2920.9572488485605
58078,1625.842226668982
6608,697.5631515228755
40261,1361.6262960794838
87330,1618.1681098991442
33701,2765.8023296462316
14759,3188.6567993911085
56793,4275.990398733955
9986,1997.8728628731772
13866,534.5224980933504
9438,859.9281921798885
92859,6002.128202154939
91578,2419.4738244603654
41650,1451.6912588853168
49021,2146.788553461598
92409,1293.7810217909782
7639,1120.1776842048462
5249,1943.2504136881084
46614,2698.373512044107
63117,917.9960473708758
10506,4650.8924771008715
35672,5582.087928073565
8115,1053.0686831544692
42787,1562.9595955476766
81440,2004.880313910813
63797,7180.6919550547145
42990,2705.022000168772
7633,7821.467771642733
74507,1213.4432711494876
36473,15943.152331660167
76296,1169.152397335052
47138,2397.242709200774
11024,10040.52903369823
42132,2399.186543802718
85132,5767.007390550949
91864,8505.723849704429
9330,1356.8728709633745
33784,397.3929662460004
95585,642.3675186458679
7621,6100.292205741468
32777,2169.035388289688
25626,2637.9593158668627
92502,2752.289476345431
78256,3561.1294200545
10470,2478.8039184357863
86964,990.4731460338179
86896,1153.3494297841205
40834,1241.728906339961
85334,1126.7312072650698
6616,6965.386505759772
62338,423.5875875975889
90383,1010.022461842938
35947,3535.4964745642656
20626,1980.623793433333
73176,765.0704789375451
44039,1759.0650041187205
48994,1767.6054234673397
66564,2751.1774637569774
71194,4922.52031390045
68413,1051.2811305516864
146,3572.8164258522115
96713,874.2628687309877
30275,12002.498118943853
92625,2446.189567687335
82671,1462.3858340523323
53245,2886.7043745321953
86791,2899.7075619032526
27943,1071.700676975701
58091,1829.9383153668318
52023,1990.233314525383
47680,1891.3946925659488
56632,1684.1277111829443
27637,2903.1832631190023
55398,5283.123746402145
23105,5358.595753468163
25506,282.84809010589
45143,5564.84103743378
85271,5338.507322175685
3506,1467.8445262695084
45838,923.2511998411852
66162,17271.868753349823
29110,1588.5184892157406
36006,2551.899082075339
99817,1244.0182957738325
55837,5067.815934495872
89268,2690.9576208934664
15195,1774.9192371960978
84979,1506.7264363186318
62245,696.0667648194063
83660,2371.4865241129055
57824,2282.261753381151
1761,1359.3452380947979
45571,3438.8919211016714
7631,5654.6563185684045
48169,2941.2827547366887
49294,3464.6041972224575
9306,2830.9521927323963
7544,1992.0913055301392
57357,10216.256142688193
76057,3770.1070502098587
27033,5260.494388499158
16702,873.8610142170962
99949,2012.458284082404
54230,1974.0953196585388
93028,1016.4215004315045
20520,5768.468125359374
312,5632.967803170088
75646,525.2272938555336
19682,1877.1884450374725
57218,815.7414907118932
19981,1261.0360672079712
3920,592.1846787965521
40075,1378.4612740228933
96383,6253.68572733636
5197,6768.5419018986495
11992,5441.616063420321
40171,6064.131221640104
92938,3275.382413979656
23406,2912.7830366744206
15390,2726.7297242004283
28788,2071.2452077102844
69989,1216.6351516839673
84759,1269.2132495174824
69798,503.58540387953457
73526,2457.5557479182594
17293,4522.120004474738
40107,2417.025799051366
30841,1591.4657739540246
26133,1478.812656605423
99496,2301.3298248710207
75146,1322.8034260770658
38621,1782.8359279829695
40975,1210.4200636214684
78331,2701.253103271064
81342,13301.785049858689
80242,1758.3873570956061
58808,2581.0966647872397
45482,2952.0952396979233
83779,2269.963879340843
56970,1048.8460866384569
15176,711.5451303745454
24805,665.091652737815
53307,1183.2784838278333
37538,5049.685062336503
86473,1314.2093664026659
79462,1482.5845735442988
76096,547.1801410312936
39630,5320.210349842835
20904,7151.8785137186715
84552,590.9494402540585
39332,1538.3452026400685
50061,1161.1679932191068
49043,3349.285025051507
61270,2069.493881374012
13875,2143.4875370310465
92210,1102.8175321811327
22630,627.6408289283239
63235,2138.262541660749
34286,5889.009707567033
67153,2595.6483626217373
29577,2902.9032460723292
94922,2611.6421003317637
94080,2543.2878459194694
48879,3949.93815940752
43051,7131.831036307526
44220,3382.163149534194
11241,1515.0899146672791
35245,3666.4034630056294
89418,827.2907595572224
3787,3533.8716675123924
81648,4758.112646924591
13468,1618.0860576693337
65279,2013.0472621142367
59072,4531.632235416949
68334,2977.7050116205387
93897,7851.793414466738
67864,2129.336615017783
41787,5425.151290740037
42054,5258.957074335688
2082,2613.728036039099
75214,13134.775703647045
15365,2163.4146743938327
91190,2165.581158621611
37679,1175.2158014732581
1070,7088.332640244806
14924,1091.651597238423
46784,6033.680650892627
92325,2179.4298844210116
38484,1165.4903872423847
40341,6294.212021183274
98587,851.829525360586
31418,1945.721383496523
39490,1320.9894814787347
86508,1503.582202029968
28835,669.3847943246743
16294,4560.3740879881125
26414,4536.331944947917
84795,1703.652767625237
46687,1534.7912460271805
42705,1017.7086023289284
62433,6595.353789798304
40285,2727.2579286257424
55719,2847.2911453448696
57995,952.3434912919757
73,4443.8893209545895
70363,8497.336597848753
94904,2487.8338412497396
92094,2941.2542311077063
87228,3742.3249518963285
63420,1330.4382024779754
73227,5005.072311455638
64790,7098.212603508937
84869,6306.64139480751
51550,608.7096388463051
10677,3394.0568564159075
93984,1304.6612792500018
73822,9008.335984201352
7233,1516.9343432145238
81563,4372.8698627734775
68530,1663.5768591167237
23470,2272.075901565397
53467,2319.9032621521524
597,4618.9299373220365
56321,5278.358075281009
40723,3653.493597179634
26798,3448.242207035162
6302,1211.1635219271452
54980,6580.11929244184
86632,677.6355370015203
55665,1504.9546927184533
78578,1280.4973696478469
5357,1218.3307684281472
97382,1265.7663971028637
71976,1076.3671330652421
62110,2318.5028406644956
99761,2155.006315643304
25038,3770.7618977507764
26263,1876.0328639821853
32248,569.1472834703218
96782,1203.748121243988
72395,2430.4697962431464
11766,6146.5473467922375
53525,1946.3714872635478
36651,1645.3602773482926
94528,6233.942635962027
81197,1039.4370499215656
62666,2901.4635994653468
34787,4108.0661742436005
16956,1913.4316433765234
83039,1684.074704621292
49697,1206.8902321197186
33822,3179.556772146207
2229,1028.769125936663
397,1641.5196309410674
20777,2589.0361822398922
43763,1078.9537755338422
37998,2874.95369991004
35392,1136.8802040574374
77560,1731.8631291143633
74260,1626.0184056950561
69796,4019.3551418858497
36156,8070.023481832769
9727,1671.1597748193985
56683,1471.7414139514347
80178,2051.0441211349694
95524,2945.898039216055
49326,2442.2944753985166
38898,3458.8129929503234
74219,1546.1925329597177
37910,1800.0614424839519
90007,1914.0991167339303
91580,2992.706532007261
32085,8724.2082515713
49215,818.9214171622748
32869,14226.228528689984
12545,1385.664541001537
78550,1831.1183688204455
76922,3110.4642284976658
12713,1313.7894851528215
85048,1824.3026715337512
18884,2137.759776658895
51413,1193.721136034344
10869,1796.578992741664
83365,3746.012674445082
80123,2682.545720060761
34399,279.26343398791926
48209,4197.889951608801
58185,5018.3855166973535
33698,1890.4923983917386
5808,2776.3243393392345
95213,7781.707315875428
4223,2103.721962216377
54824,1891.9259377516553
176,690.0830258565279
47021,743.4997327267838
68215,9520.116895929244
10027,648.9546656819607
85489,312.4552214732899
15025,1023.0703975896517
35727,918.1905574137463
32183,4190.553560278567
26678,4109.531239512884
6949,403.3837771123814
60908,2188.139599502228
16959,1855.2013932730763
3829,2555.6996361744227
17262,2661.4808106687233
29356,2324.1188222589817
90115,3384.5999321825516
6902,1019.6174297882823
53146,4394.08886059568
59166,1026.3417399942605
49362,521.3130790695295
82464,800.1191325332453
70889,454.97880474695575
89966,1064.5239946040824
33489,2419.4197822035926
39139,606.3409632645854
99265,30078.576386677174
6399,1378.0001752100986
46332,2039.7513667728601
25618,1620.1459620819198
1732,4478.1887321914155
54495,2879.524291365757
63923,5280.044591586098
63519,1103.8027945099116
13732,4911.518181059351
74846,2095.948208070123
35078,2942.9367399662065
89230,1153.805528026958
61729,3536.8149600217334
50199,782.5533117196705
84247,3003.3632108816096
12007,11805.78431369931
82727,1846.029675753059
67652,549.0814907079432
96987,2738.700905204613
96064,4412.186300915573
3291,2217.830977745727
23970,1860.9165186339717
89264,2391.57199041541
32752,2480.0517555314054
19423,5226.232618534939
94397,1300.9896677227234
76257,2229.3766777498086
5841,4182.805935537724
73854,1321.8351496107703
43908,892.6158325560871
6633,2168.148514695695
88600,11925.512039842004
91996,2039.8988972672862
89173,2652.929777831336
26571,1023.8302476624049
77371,560.5435107927391
74688,841.5372882073468
45779,3421.931908748653
62610,1215.5002849390341
52446,4088.271123302124
6613,704.7829787733502
50924,856.7267681717336
79138,1304.5236094711925
18617,391.2200222915278
35203,3904.3299573295153
23976,4697.520934985452
80190,1935.5149394888795
72692,3062.5961170687656
21029,987.3355710326454
66972,4713.902412723247
3229,9234.562828889457
97551,2008.6230397909158
74662,5886.109900259689
67567,11405.441233499141
19053,892.5692099216836
26120,1604.9506323444214
94363,2207.375849092256
91753,1648.817736729967
75923,3747.86198540699
70015,3425.4818457440547
20352,486.79726016179774
67871,1919.6912229047844
34297,13112.604426974322
51664,410.330096092475
37695,889.430461880263
16553,332.254885310808
78607,1557.1362505059237
10745,1266.9365339770509
96970,728.1147622567673
75544,9052.672765151236
40714,3187.8036097056734
14446,429.521510724288
82134,3486.465232818353
32065,6096.131377136211
60662,1328.825964617447
56320,3527.981153013811
61832,3922.394569726842
14520,2109.1469868313793
19466,2182.9926196753095
45074,4713.12989092613
6440,1751.35895333234
69299,1256.3418790233272
21404,822.075320010372
56299,2652.1431081245605
4763,3411.3256298814727
85985,2371.284896739313
37453,1642.382552999283
61828,5266.060926598394
60444,2162.27279589341
52118,4313.10053414988
15538,4721.873126987481
47739,6975.7555071407205
66338,1104.8564976392663
90700,485.38375959787413
38417,4453.707466664098
73909,2869.482280918619
8889,1216.8898302011373
87249,1822.4490202534928
71621,2158.53894113178
56439,3018.4511395369427
20100,5628.454058742223
28841,1468.494787133715
16872,1838.6343026847924
39054,1263.7827644416516
65743,3253.1531733884103
70296,6213.537871768115
57923,1878.2853703851936
27465,2691.2169424970198
37180,2487.2043840688457
96790,1898.335667482087
56795,454.5352925812425
52131,1668.2695267000215
9058,1008.8444078081974
15457,2725.657952745532
89753,5353.014563133137
96895,1272.6644142924101
44535,3258.1122454038336
29271,817.8295371261632
88923,827.7513437072889
44651,2348.21006316383
65817,2424.5294986103227
51912,5482.386584936131
37007,1254.3858015191488
81667,2927.6410049979104
51158,1375.7531610926483
91186,601.5325279861266
96370,3022.8043155453506
22908,869.9793232407202
91633,2719.555850296208
8456,4265.26528151454
14366,1150.1924860913134
74620,5120.766202600307
53546,2608.9946996372714
15040,2162.801260883008
13141,3995.1379125313715
98250,1176.103085680606
45265,2418.963230607201
15781,1386.1120501808864
73468,2205.955710825459
6376,5717.039885639745
32842,2514.1868634150405
66679,825.3803915743745
94246,10855.879265631647
58759,1136.8873984550062
99581,4432.2206241077465
76089,539.0244290785859
24332,1070.8789167567265
82381,1997.2400992955027
46696,3548.266965712123
46293,853.2703337440071
47312,4307.676054951127
35149,876.3897063630717
83956,866.8396261338128
51322,932.6619436061982
22307,2470.2878851895207
4345,2786.402102983936
31024,2564.1145535576575
18227,5605.9239283678335
13396,4662.028103667293
16645,341.9083214402813
66824,2671.926757039943
28787,1081.7775879885285
24249,11910.760839664159
61972,1991.9938647413976
87345,10419.738755872728
32883,2608.1457809272183
72498,13523.854751970317
99994,1207.1889410685264
29405,830.6592312386085
1622,544.0419298322767
43158,2768.9662644172004
2840,3009.6717165016616
40247,4040.020757509813
42758,5054.507969579339
81230,1299.0968693356613
47041,485.9913063430014
30494,1768.677217386528
18532,3108.716073922186
330,3014.673391853212
70891,734.7849343291683
66047,5369.376778247179
89587,22843.981152247085
62911,3230.6958776580973
34032,785.0179396905359
86035,2686.2417599017135
29599,289.9188519973486
53315,2983.3518061465743
31617,990.2991890048478
15323,1698.7085807603635
37423,1598.907183511698
17956,4048.480150121238
53872,1498.1951299425916
54926,1779.1349427040589
30713,872.287628902672
6386,3780.9208173518464
96939,6509.029496813836
14319,9913.332235090162
36018,912.7087932840624
56852,4452.210996518383
45889,675.9274549538542
52681,2029.069200593143
74368,2379.187313114675
25111,2622.904268038119
74531,3169.460656790724
63712,5330.840779538716
34343,3875.4222818651983
23515,1529.2230217636047
91955,4281.845563671995
72391,1932.966045876909
52831,2155.3923294269002
67435,2908.4893094515123
97218,3295.2645946031453
28051,6732.794820481287
95928,6176.557574511309
89008,3235.3672531488414
69180,970.96145858689
82926,1888.4075728558275
4323,5201.6596483093645
52156,795.4481201748971
12457,1920.4427073276954
3603,3174.887690352886
32265,1532.2075960033353
7336,1831.4087963957106
2060,1474.554707029101
57201,2944.389538590703
59772,1676.3585620241806
80390,1961.2074321270425
35555,825.9101618634259
54117,790.9194707597453
60687,1141.3894278099629
26191,1119.7836047070282
72607,5668.192273536516
7125,2437.747144553478
18731,730.5574319925696
53313,1151.6307504414206
37229,4304.597513729307
86037,5612.402977141121
12169,2318.010854056855
20891,1595.9743235741455
2961,890.4106455021198
88657,1321.0550171746113
9803,585.9455928552999
7176,963.0441583255429
73826,5968.295337548323
7644,1123.4331498776692
37906,453.55136762154655
93171,2756.4273904191914
4628,1645.8581545839543
93955,1818.8894686806602
44762,12564.941147187437
32245,518.8039945924576
92655,2423.86762980235
31169,2300.5055164903783
85578,1446.3379504048703
879,3056.611293590782
40645,970.7423593054958
97089,4412.834935274247
34921,1873.673236119465
72968,1524.060259296914
68293,1299.916988598907
84116,5666.4850489909595
23213,798.1814571288024
22228,471.28428494239984
41533,2816.834174012473
68257,640.9149095932637
32421,690.809384403578
16514,1127.3069617227034
35970,1057.1398986414022
76008,1343.7547395911552
24051,3673.666696144413
35087,1251.1432830963324
50158,1218.5015409960072
88956,4334.884418910492
64308,3205.8113671779606
64760,401.6255704914836
25180,12911.686525955898
41541,2427.886284287356
47827,2074.303931753066
78192,1022.2432281605808
8418,1102.4835224643132
7715,5188.13869222193
56628,5604.331472868049
36431,10135.46884338164
43751,6333.687080555952
40861,1105.0763233395041
38248,1475.320046379644
59095,4283.898883184141
85785,2897.5245629703068
8407,1970.8502864188072
81975,2256.9428214064487
41735,1644.5963394977398
96577,1129.3423414846643
94872,1753.3732608190737
61617,989.102616870699
54366,1497.8183212849683
78123,1826.668398335386
67932,2170.6920991977236
43049,1670.4031636444952
34729,9231.237365400406
89220,1830.90659885404
16578,11427.174852592647
13452,1116.0117255175721
93264,1085.802230948038
29193,328.30895997760376
14274,866.9309284621078
64822,2150.2055282729043
52561,2951.06387955381
21626,595.8110673012168
76583,3741.3929235112273
91974,3394.3558150847407
80876,679.7151562003434
32223,1333.7759315773687
8131,715.7865216430789
43889,2507.466099398566
84664,13988.93325203822
86662,2870.5763126753127
80158,1073.3238751648917
33073,313.77612396026507
13385,4137.4066954032405
91986,1463.2470755208137
2049,3510.1223201986363
59294,4053.492360274177
53733,3498.905340816776
94797,4250.6320907761165
27527,1855.245524416
48977,2267.554789202974
53410,1442.6242181132682
56459,762.5868291099255
86414,704.680091345127
87911,1121.9916841646618
81872,3354.6721639016814
84508,5181.97758274152
1914,368.2188839408893
75034,8842.992032236027
2054,4878.225604830932
26988,836.7652924457926
135,613.6723253912115
61073,356.2305447106003
26884,3578.908115891528
79881,5389.248687079223
23678,2643.9526818807994
84838,1266.3672351442785
20020,2997.5539115244287
90796,3784.0365903545553
15473,4040.300897638776
59581,1792.8324069553485
87633,2013.7152354119298
99676,702.5242527063128
64479,19683.731131523327
77314,4997.320452307349
99489,4654.623981014189
55026,713.4496420791816
592,1277.2127277407699
94863,4139.363700117702
63604,2693.7399404717466
52960,2224.083181867418
93865,5147.001667200166
58576,2214.09493790212
45722,1409.5039974859783
68931,1090.0769021062122
31852,3404.5105423302825
87450,2255.8012111659573
79563,1526.4554821166857
98234,1390.1454646218347
829,1442.9462066715635
31484,2887.861402032088
36983,219.43262695794638
82123,625.1876074525591
81311,1193.3357839678129
44582,6167.249953797066
98213,14207.434882738597
84846,1499.6039245616353
85500,2052.1155204074425
13437,1386.4205142279623
93789,1046.7155158024395
50060,3750.1842207623213
58134,2025.8415720000596
44597,483.30614327856347
88862,942.5992663187754
498,3871.4960893703274
81796,1787.2724532047073
90270,2868.1420594348688
5385,2295.6665835959066
81984,4051.4755122773063
23328,2453.2619648805394
57613,2135.1709834724343
89028,3760.4655218068224
98426,5187.092328394323
46457,2492.6256393120807
50113,1109.8977832351022
82584,1225.258787251607
9299,2898.706094449232
29073,1536.8467264409087
49013,1395.1508388526454
11104,3644.488394753556
63651,3597.200485220762
97247,2820.581287866642
72381,1639.2225545569265
18094,5449.553223488877
33442,9732.577951273224
47430,970.7737626367402
27400,1776.8303772083332
46046,709.6118935838338
2628,2949.4920548518935
3247,4392.311761851611
27542,2367.1961505732233
58429,2108.100576913482
2367,490.33016834651573
980,4925.699395907197
94899,1819.7808267457976
99493,1374.147963267851
19873,1313.4918924355054
22743,2056.837288317243
76731,3397.5433671715705
13840,1830.2869336386323
71869,887.0435025229499
22418,2063.2961426332135
76897,3407.923752451675
53428,2023.6010522637737
10997,2178.0005806621402
24442,1077.0433176571182
74945,2772.673678822661
5512,3282.3588534413243
91530,1520.4381666931738
77650,5671.269539122883
21997,3530.425115380242
2462,8563.04673016721
67919,2404.65928671438
14533,4292.350687965999
11444,11095.70949209323
38093,1874.2437432823947
70692,1819.2654931082448
28207,2547.138189922138
74488,2083.4255757814285
2540,4524.321433053466
74893,3422.8345702351157
5730,4132.672927020462
5847,3315.2388884592233
12441,991.7257997426016
78293,5833.47728966078
47711,1538.228592692835
54903,584.1845488018253
68527,1397.9330353778978
41409,1871.73770642539
96422,1694.7016978831618
9512,476.75321912956184
57782,332.60119553829213
25824,11685.320269504033
33090,1584.0755238552617
15342,3102.394146461708
37063,8886.571130677527
19867,1081.8406121539492
49788,3869.069875880791
77933,937.6148716624591
20920,4282.0465026231495
98576,10042.112373073094
97882,2485.1979464401875
19265,927.7072602641499
87036,2378.0840953524616
57910,3523.8477923399505
86336,1169.02946576897
85979,12278.198300366845
10104,1036.392844935474
48041,1469.4947937393433
68567,1063.852872021738
51935,1317.8853947986727
33425,3626.781478270638
53429,6613.650587139814
4681,2235.779302589747
35435,637.3304033140718
10091,1321.913821302381
54577,2159.194039008954
46232,2266.9018426440034
46082,309.22024313092845
74608,883.1130819896979
19330,4564.309063319954
68935,460.2742629905307
26934,3996.286016300906
63993,1260.5847169713015
7622,2944.159560723154
96789,912.6739776840769
54790,765.3185417454954
17299,2959.055982064058
11647,1462.5949410222386
70023,5081.298918283748
30601,1487.091524664904
3209,6142.941078728913
72351,1527.9939612368307
37962,1089.7003105220253
93996,3768.407707506516
47913,3416.8008831080265
414,4033.432860509882
28222,578.4546925855701
23739,749.1491150163592
33071,1645.1787257816393
6169,2188.6984894404327
40164,1842.3768380271865
51206,994.0109851675413
62928,984.2078477900848
15037,817.0782940486
40846,433.5621333756917
42920,1251.8804065434726
27096,1690.7249655510784
75280,22888.50022028288
11824,1910.813507456871
2307,993.1635620331473
96247,4144.1868133989565
91142,2975.534525685299
18848,1674.444552728311
36546,2151.3675776987484
9607,606.4782899773371
80906,7464.886476315503
38630,736.8999955575431
87737,1400.2345424575174
50184,6063.648551095968
21573,1064.009582385141
63663,6018.783279316196
52285,2081.2482988849542
66429,1787.7012181036373
1500,1471.9728846262105
17008,1672.4114678257818
84646,3039.542290072009
26337,1445.9887567369865
24739,880.4064144520449
28719,2777.8473119438713
84024,4023.7799221237115
34799,2558.2085337431768
62302,4028.2845748026
41889,770.561036114319
26474,2511.911237967903
51325,738.285122229894
14902,15594.406804974402
5053,851.2587509806035
35454,829.121615088722
33708,1259.4743151817477
52989,1386.663089044084
2781,690.7375395791519
92752,1834.8089988928425
216,1762.780392108941
7534,623.0804399438881
11067,2025.3160297336146
53104,1885.5598653924935
50935,4004.786839797044
66371,6232.629642921091
76771,1300.314764212101
67419,1148.6238172070152
27341,2094.739690779199
15374,1081.805107486628
51256,15144.280255117128
95093,9628.859664561493
25456,2249.7212629490245
98820,2013.985108361666
76090,5671.689153322699
62506,4818.781990261147
46969,1525.8426180585443
50530,1216.7720407292725
7000,2262.040453293697
53050,4093.266232917006
53744,4145.315687075918
73018,11991.163045727737
14612,1036.6113961697033
98913,4213.223901848798
65694,2078.209466372008
85197,1859.4898468373653
23214,3444.7100000127125
19315,1519.187081362183
63585,353.8394272550516
41609,1124.7543846345936
87797,2389.6342220515594
84854,3582.8076512587963
72199,1634.6980270497595
30014,764.8904393235323
81382,2554.0821913014474
46769,50972.10300290134
26309,2925.678238365964
11713,3867.106435600051
69372,5670.287861362721
18256,581.7541010581753
75419,1253.4439564666284
45309,503.1411527382957
57668,2262.4076564793313
66036,1698.4811444608022
83658,2952.8105026139833
91098,1245.065226333326
26024,641.6878721155693
67336,3497.5119132726463
92972,1589.4187119558374
66107,1249.4555955776382
9610,2005.659508649746
61746,1520.8890219519283
13526,1818.6976485822443
32414,2036.01543417817
68791,1747.9903666562398
67357,2142.827550773588
17565,1463.057401582121
91577,3875.4391567296652
19189,1273.6256512136001
14277,5110.966844542274
72776,2437.2469938525733
23873,5343.662779773838
15971,14347.03800714645
39575,3926.654860922737
40763,4543.818704292945
5204,3586.874413158685
16689,2902.9032595680446
81918,3620.2485842054307
15108,1860.7119370231549
37194,1529.863719874098
39220,1397.3897820432833
98957,1285.237706844422
9394,2979.8197326890295
44940,3378.2421884974765
78554,1912.9244569060347
60167,4546.2418756120305
91870,908.839001449415
22915,3824.1048090441286
30842,4620.673739614413
86606,10358.361732463702
85937,567.9563253902737
47069,2229.0693022939317
40378,519.4100928789152
78922,619.9057638213765
69596,2172.1668024346473
40003,1143.9249160864415
42836,821.9747100584643
88267,2182.406380561608
29859,1570.8132671434673
59681,1602.251362387758
16992,864.8397747749455
4707,5930.84491568948
92927,1366.3327059077794
20706,1009.1085858058206
6593,1499.8759866423661
29115,5632.730124797892
50132,2638.8611408746456
14031,975.474239304393
79829,347.5897783386883
6881,1260.8738509396624
39158,2329.293462561502
45306,3988.345402585126
37250,5178.271691072241
27035,254.69188412307747
11730,596.6643338816353
65715,1437.993627768389
85497,1822.4271065181354
97311,1604.929544484139
39555,2166.40973919389
63639,3485.940457295685
68059,4384.19923671571
60461,1077.0788191472527
6323,962.5251962535873
90016,2359.814338869827
94077,2615.546486914693
27171,2291.959167614862
22570,892.5529246423388
70222,761.6923645837578
57432,1532.7453360184497
47851,3409.4399744735915
93094,2034.628143182752
96381,3396.156559761763
61825,3397.700971318456
87789,3512.0186382251954
48445,4377.433173139492
54481,4531.692786754477
7917,1589.5376102487103
86670,1081.0115227377344
45717,1832.8862989648533
49,2421.0723464362754
98005,2797.3927965514795
51613,2062.5925349460804
67817,1538.3083476627642
13485,499.8749265106692
23280,1476.496881075396
52775,1381.0008816319512
90065,1874.9548636240372
27677,2704.4053309250867
65891,1087.0909862974136
59123,1652.4575745588902
69673,2510.370288497148
32011,2849.881309285502
76870,2111.829950312815
45384,3565.2510421723114
6150,8036.096704641098
90153,1572.7946888445153
91924,4877.0806465125925
95195,1116.1869577483112
62903,1256.7096116271864
80331,1654.1470745213744
60668,1092.81000755653
40114,2810.18413066076
69440,5778.080778479791
18751,1498.8720064192794
76589,4008.0708659351494
38930,6128.299468552383
92532,1892.022501155432
76328,1773.865582772495
81508,386.1677813829783
20390,841.136364558943
27393,4154.546613323255
28249,992.6993391106838
39950,2254.6902971603326
8667,1450.7221948486094
77658,1362.6317851133374
28151,543.0583359509749
46308,2714.759899734844
53286,4864.083637476204
62808,9202.383573126712
35786,1414.9763946731366
2940,950.0999173819088
20174,2042.2778441961843
84301,1896.9463808955318
78335,20960.219111177194
86695,580.0001794194357
82997,593.7531772352852
32162,2234.9652212114374
94767,3804.8175004294144
8306,5832.311707879217
30294,1185.391727735347
94324,1651.540014131264
16084,774.1908447833991
39073,998.1288758991761
23414,1271.272533304863
90265,832.5480613091585
32794,437.5074092965734
9795,2490.8393257303183
49514,1963.6651458682763
96941,1877.1787722883319
65049,1530.6652029855677
48746,2141.456311572705
53301,675.7541985768449
58588,2703.588766992931
79109,1761.971054606591
58838,5053.112707895917
46501,2674.6675088036127
6245,553.2657895455994
34861,1411.3260485740254
96582,1204.3257459726976
99171,1375.0820488599754
50973,2601.0935389088327
35806,2571.5742306611537
13728,1211.799846709085
92998,4076.4543144233617
14575,6274.390847619148
58402,646.9772561197256
82455,2977.651694170543
99588,334.4201086581639
62541,2369.71086386649
86819,2206.6523059105734
79609,1876.8369268169417
25674,1039.9022198975863
20827,2216.9040644026772
26475,10742.401133288911
9294,2183.131741448332
20246,3247.21832696376
33410,1808.7823668760457
88061,1030.5961062195888
46877,1002.170904750337
11752,1835.4139858996818
36173,1292.6269103544719
43095,3527.038768547345
8726,2167.865983714324
82039,4456.8639753184425
17765,1081.5168174798252
16681,6270.964708490583
90393,6912.239115519184
75184,893.8835014243616
68051,1380.9317451471325
13685,570.0850567120675
37280,2882.8489454319215
97272,3572.664109698993
61235,5768.33606324005
94067,3685.8832748885497
51038,1330.7178712000525
53210,776.6974492691573
2044,4871.271155818977
61646,1748.3891356562838
4947,1882.230508069482
33885,911.6692670986972
65665,10600.97986179414
59366,6722.723750275669
95194,456.1650708512463
8619,7571.267413137689
88553,2149.0901527053993
59780,1462.0207786365575
3620,2718.500917866032
56840,1097.5661625618754
10112,924.6746693483261
48062,3999.2199493095964
44565,1814.110047162562
82100,1125.9525204325203
98291,775.3276610546856
93299,9098.889163988168
27647,6124.8803298853345
41274,2037.9787903830195
24575,2033.046816567434
85914,2353.040488110166
55852,1355.9682147348112
33539,9318.41608012846
67636,4417.185248276269
80325,508.3177597744364
28217,757.9128306370283
12526,1229.7808314999904
77399,3588.5856422918687
31229,11150.738038138836
6730,6180.007041474483
91608,2084.3660759626264
77735,3544.042333746499
10620,629.731944381086
24161,427.15277984268
95324,678.7049619863851
14854,2096.8045851528254
90455,1910.3294351451036
29164,4413.466528667325
5216,1381.5352073873503
72176,3598.3974582687997
39413,11774.0499658902
15239,4318.917413799375
50965,7014.741490583519
65415,5062.34562476562
70371,2601.1394437714157
99320,3144.7569561479863
44143,1161.3931146469786
29994,509.05231594249324
58208,5604.370437899395
82954,969.2636932738714
76065,1115.862311075921
38617,3218.5910534727004
6964,1900.538322909018
91217,994.8471284969186
56357,2777.1766394142746
96865,871.3280174408843
79586,2385.958196425201
16588,841.3755115173498
12405,2448.7559583538027
16357,1759.7150247303719
16423,1559.8134495456457
58244,3956.1120143929265
5970,5752.594624154092
38779,1328.481193168765
23924,2331.6037623873585
70011,2874.3531246987095
81348,1406.24859894189
45507,1222.6975377477795
69800,1413.3297743944997
33897,892.069380894727
45359,1207.980385197901
1284,4111.2553425379
66384,2205.273980886369
9622,3432.981992783131
1623,1544.0274268356159
58011,1010.7132865931235
32671,5596.127790576246
42728,1634.6103165489087
81138,1462.9195911530142
30164,1286.1265704870211
91498,12978.54774760231
26523,20710.236189719963
56508,3837.9434143055782
40872,7120.234222179766
18591,4693.241498189376
94078,657.6370149097531
52370,680.3564157507242
98840,1175.7834641433683
58017,12189.046586441078
95543,1043.4820885377658
67514,14221.992727831741
53646,789.5860325989908
64902,1291.1809957337152
82941,10094.772163773101
37499,1032.6070378628547
15253,3015.150866120602
95835,1241.2500709762019
31642,1717.5254135124744
39137,8649.273053388873
3018,620.3174686591093
87768,1647.3343989819768
19309,1504.360718736937
65047,3981.8960644906533
10507,258.585343761969
66071,3281.515111719579
95783,1641.9069593236086
541,5288.704134234704
25721,12971.794734731462
25422,1080.4294980622553
12886,3235.0556456511827
37238,848.2151386637277
17984,3538.558847348215
30839,915.0500561693825
9701,990.5274893067407
6200,3549.040766652735
68680,4813.658581670008
43367,3442.013744991242
80706,1447.7821734290978
48916,333.8082720128514
14694,1336.2926138592434
92541,2644.9499368060447
83851,11520.39833698054
35896,3582.8044036069964
12141,1103.798861697345
99629,2141.6450140664183
16576,2028.5229849648313
93651,696.8862742958012
38916,1483.248732291786
71270,1097.803329258677
5054,1743.1004759818713
96229,1424.7969416430324
78694,1061.8053046302657
31069,4683.898069631074
21090,468.0102052070704
12263,4260.778472453903
5745,3798.352501340001
2001,2519.209797538798
84843,6264.953616680468
44434,723.8551872372566
11128,1145.0543298855519
75927,4819.168148888873
51331,1689.831211721702
31057,1288.0189663513374
22119,1574.192886595172
32601,1270.2501342370037
16740,1929.1449751526206
40130,13709.6114135459
36073,2484.1315838416003
52786,7111.504714931357
47132,2425.6521048176073
57194,8008.6251484900695
90449,459.05059460322065
33310,853.8234863197512
39507,1390.6024575068184
91036,615.3743949599766
6639,865.4511888374894
74773,2185.682561561734
90072,953.0860206983491
32822,1562.5263889152204
47522,9876.587493235846
44768,1848.1471685282665
64210,3787.091581549583
84487,4999.580393924578
43196,1407.4661911782307
49822,1650.1333334217056
22888,9381.1881828612
95809,539.4555283506866
25374,8412.213598158272
61816,2823.9338500310996
19892,760.1190481871142
24220,4257.539975308705
10435,1924.475403400436
32338,1873.0629133873263
3308,1523.9105574704956
56342,721.480992563508
75961,1475.6577237177987
99202,3671.820970915854
86767,4742.33075280632
93256,776.3713768129842
81129,3719.3743879187464
61886,9503.394065029861
59162,1306.535973215407
62041,1020.068126577505
38086,3945.035062100321
56030,1390.4224584879018
62975,1759.8684957319604
50702,2647.6587910518106
57457,1694.0023093434427
20546,3658.2817781762733
54693,2182.7197818497198
81121,716.082001205732
54753,3053.6269321594373
67865,2210.7627297803124
10791,237.44954894720019
73230,2294.456057225864
81908,1738.0426975068606
57030,7096.346054738695
84082,2392.9388910474377
26878,1790.9682567117115
76114,2049.917902095524
24171,2155.662880739381
42582,10655.326457378545
20141,5864.686442069542
55370,1333.8476958107192
70389,3687.2046689222325
4629,8204.698669382324
10032,2100.7868048492105
75693,2793.7014893821047
57833,2582.5900456391505
71033,764.4049397113358
62873,1746.9929828613292
1348,3407.704358537472
26065,664.7178528505415
81145,1621.1364752342033
13474,1790.8550326046973
52987,1205.7131309261058
50449,2575.421683634158
42499,4381.710964916374
5556,4761.108009256721
85261,4592.6272759113635
21511,1765.1702686359288
68621,905.240224198991
54821,3729.869360237568
17866,1658.8578361422092
84423,633.511316006989
79832,2241.835887117185
12460,1330.7888038094056
26838,3812.7697185319967
22139,820.0434244778324
40008,4519.672040154999
59143,568.2725484625666
45909,2531.6620003237285
10662,1924.8730809851518
40579,2079.960244042687
17651,803.73331666398
20074,3140.8960304696575
61549,1030.726849975325
42163,419.00649997928053
65054,1744.6966341212728
2241,1395.6736828065482
81511,3492.0938204165955
32698,4446.12703588783
88527,871.1015953003392
82355,2631.229307320818
22222,1996.185226745027
95075,1917.040216700806
29308,5566.029251240869
49348,3870.0716542797472
5583,8421.893641400236
88232,2597.525413179278
1022,1421.0266983946262
73651,957.7342306654834
51681,8654.396173732584
66396,432.3236211438509
32886,975.0987380811596
42610,569.8028167185427
5844,1120.655079323252
39652,399.49782861353924
29333,7266.428947433436
89961,999.7061821777003
71536,2485.3837732877314
84763,5318.378067426287
35312,5491.5796156081105
18081,772.1979756350297
4235,765.6627652796943
19227,744.3749245379701
92175,827.9132951364983
88310,4323.497990599037
93286,3390.1634169611852
15234,4646.719986406283
75394,4787.612566668871
13492,5674.003573900113
12960,3060.703411675531
92861,333.29409855642973
15444,842.7055927817488
12050,2663.612478003689
61795,3098.6557776057234
86590,6816.157409566033
65477,1595.32607374777
47275,1523.4157631169692
81284,554.8304407637229
49688,2664.5559741957327
29169,1249.2288724143975
8694,1490.6414093855374
61526,3345.6874601739646
91569,8199.535240705667
23337,3873.732052857255
70402,888.2214182291143
46417,2934.1487537977096
83556,682.0863897802157
87317,3956.8118356991863
43221,4041.52391060095
22106,1573.5923523355286
18660,2873.6967884416217
95130,15389.501909560488
89615,4193.981818957412
9954,2624.237936214079
37958,1817.5986005490063
64988,1585.6752266516894
80348,3136.609552308766
11847,1979.949922776053
24346,2756.642840279524
37062,714.0378199631634
68064,4837.245149453957
61379,4395.6346010994575
15591,1758.993586232547
20991,3009.741104126806
16219,3338.652869546321
74201,3124.0470106929197
60012,587.2989630702081
21567,1091.652057560385
50897,1402.9294085330307
19920,461.62336349956325
52867,6295.63177509115
49418,407.65044979373994
86963,2023.3783323412797
20871,3477.8888601530693
71586,2517.6477044476514
7887,422.80911390952065
79911,2421.1882101602228
56686,7398.914933656077
31999,3456.1118912049233
20475,5126.255377782128
74714,1024.3857835086437
97569,1522.6274998050671
9897,2032.359964736353
19945,2189.8544171863223
92644,2432.688550505205
57504,1965.720179021788
29098,5889.3949365498065
71959,1230.8573286598705
11158,917.7257141529847
35019,1232.7743234113505
82096,946.3908742551666
89348,627.9745803762551
96750,4132.934622158172
49705,232.64208115356217
7909,1102.4803351682235
27175,1104.4612117175377
58880,639.8197155655977
64037,584.6626234475755
3144,4824.912112020147
94491,4993.232807543578
20983,1247.660837000583
10155,5069.570946848741
15379,2151.1094413449077
17019,7967.6465165955915
92610,3882.0182482261507
49185,1576.1810839341754
61360,920.2204631582682
15983,1805.0379191751083
89278,14631.547480601299
34068,4634.684398463452
32524,3838.8084697974
48151,2102.7893918809978
35271,2986.111279580049
82120,5355.430524674101
72379,1504.1423847355356
63183,892.0937135024526
88265,333.77145562454245
39150,354.2209893912639
5836,3675.512696817682
73168,1392.4234027192826
40488,5214.541415348466
57517,6604.279357449078
80256,1232.2434847434934
14331,1364.2010752026274
18834,3530.0266944227856
88893,1385.8457687355412
41571,5081.17000575934
90146,2315.369354093069
27477,2597.328492784682
48134,9524.311223435036
71388,5044.356089572444
23955,44304.68893227494
33570,930.3430094855776
69875,2682.4572517249994
75715,3211.8564870503537
42586,2289.7637403168496
26352,5668.4711755210665
55153,4313.018029819702
85073,1593.7776276115985
30463,1226.4381870148202
23460,2394.520542094126
350,5160.827733522493
71866,3210.313128117564
21035,2730.2206977642127
85863,553.1675891659216
16811,6025.613304198484
34836,1573.0803881522131
53991,1175.7188906024628
88345,1031.4428565369165
73608,1987.8747372567123
1047,3829.4865838849364
54383,902.1702251104876
35040,756.2013990426332
2584,978.3218428988545
74993,722.2333692696341
54084,1899.8197504397408
55175,817.0167085818211
4213,3845.5969344683044
55526,1629.5296460349591
28471,4499.451572307747
56408,5954.8745901553775
43308,3327.1428719876044
62068,20799.570183394106
53478,758.1304057743063
82415,1563.4632789841332
20284,1101.3834273890134
98776,1972.5879492786842
18717,1419.3701438821115
90921,894.243855440902
41060,2755.5461800269563
4955,1367.462719216579
15893,1386.8794707470004
38840,2138.4567751128466
61177,1513.6625898697853
49736,1689.6335474783991
99880,2101.8630897924263
24055,4729.000342283265
86669,962.5411078708714
27843,889.9780965986326
14402,1206.32245094271
99164,5852.193576069392
32652,1559.0864254969074
48104,737.1159294923293
89621,856.9696803245506
54993,8271.118388263154
91455,903.9975049272402
99526,731.0279188336651
89426,1163.108523916684
29451,1876.3846997917606
91827,991.4142102202852
14123,4080.3846096522293
13919,2520.9138824667593
57845,839.9419821420739
66757,732.671049649641
6645,15151.516251057154
69992,2177.2351801672867
70237,788.8082581691459
95583,231.13998889194608
71351,2483.2238225479696
4880,327.71418705000417
34476,6565.819351061862
61801,981.995195616181
80901,2590.459920225746
34325,1817.355665830697
1077,681.8154678016391
21100,4667.835418530908
19960,661.2551351583294
86343,1896.3055513748368
39037,4547.801380587093
18489,3554.6492081559254
4524,3865.0805136290214
77565,2982.3691952380123
98521,1156.208952544978
64721,2411.92773678564
28876,1973.5466732472578
11332,3277.123267031299
5708,3394.5120401822114
69820,1292.607344797834
64632,1896.8850995996545
55057,3698.5487006134035
80267,2540.799184864569
48538,1605.788572324547
66249,1196.200510024246
16614,3975.6310317268217
98248,1909.4462341590863
58932,4584.040937054425
50928,2249.029569167582
53851,1333.1330306861682
49334,3191.802078648929
69854,1625.5457551715965
39547,3425.810851923707
62238,1840.4394909447067
43623,1156.685365941437
17241,341.67026462254523
58519,1914.152268387235
40391,2123.967573818445
7135,2856.938269133411
1407,2149.9784139324643
86172,3671.0182679587433
17756,6918.97052362458
74710,4844.273863025027
97408,2349.450024909696
75783,879.6968062420036
95536,2240.8598590744773
5974,6118.569806370774
42822,1751.146734448104
51856,7057.599757574938
22341,1676.40827240913
6000,2790.707740024259
9148,909.2821110986002
57514,1066.4775815385176
23647,1196.8938873260029
80678,4566.479156167252
43107,4513.501772240384
15455,3389.9726699361386
55399,5010.793004486608
2433,2748.638377574496
86201,2900.005353254681
78424,262.4967917136636
28702,8091.715262504567
94532,1044.2537933685055
92531,1455.7557667861822
12949,1792.4740462866826
16650,6907.836811094912
79632,2044.1304244562937
79445,1950.6155488073555
85948,2057.194698935302
17514,429.4713254859575
72236,2053.7966395752715
85808,1579.742066526193
35870,906.3024876466571
12163,3573.946309217206
44337,1263.5203083224792
54404,4141.698456494966
38882,2030.833362913049
44980,6176.5937489054295
60257,1858.0688462146572
17666,1500.0555381254621
81132,442.62283997994217
21267,3382.0140144300503
76310,880.486366801675
34931,567.0211631291376
41421,2640.5642060070504
74567,4307.568147536521
89432,3727.409925883431
95686,1601.7325100117457
96150,2826.377043461164
61066,2403.428549448284
13208,2421.5360942656816
11530,726.9510404245779
43160,2415.644729889747
6780,9778.196028420412
81529,3171.452159750066
91781,2205.2671463611555
56916,6370.597327246196
70369,556.9831323213166
95651,2846.7606462034546
55290,611.6229477514767
96016,4434.487328797605
92080,931.0348530309876
84740,554.4768674125652
59787,911.4880750155648
49295,850.1800590963577
76102,633.3344761514767
56270,2265.328132853763
56226,1128.3255109357744
63675,2584.9133545116624
36931,2235.92295508617
52055,2920.250223272296
8951,948.1283805834256
17782,576.4118265913515
8996,15550.125240741525
30543,9801.256199370588
84556,4000.0689498046086
11745,3117.495089078938
5524,1776.0973977259287
42112,4857.728241619058
24314,2079.339167753252
84453,2692.9382026042754
55581,6352.833496397242
17994,964.0578453155401
46751,4967.124764811478
29242,1099.0798529078447
21749,3002.7236194587376
26658,2778.788876551708
5544,7505.270746400516
82762,2504.6039778393397
45513,739.7725700005041
80533,1247.932461108752
72506,1041.358564525494
31437,1994.0383877771728
3864,673.916217187564
4706,4356.636099227852
28692,953.7506190803882
487,1065.2582076327217
92341,1419.9164433476537
91123,5698.403659412752
74356,1298.7244694067595
60748,2852.6037808026363
38510,966.7801341294951
73486,6268.92061831255
70047,4076.355275948861
91602,2666.002397069802
4740,915.1684845991291
12507,1922.2620523376868
12832,3756.4372478645487
34521,4935.001757016163
33973,2371.3277072021115
5993,7948.888878297878
37020,1384.7653364640205
50766,3070.1869316730476
33416,4507.626018367155
34535,1526.7806516295987
41780,3019.7489115811813
83492,2723.5175356459367
2695,440.77777931190155
90416,2818.970832294042
56078,1618.1509761877155
82646,459.69768237778277
31605,1987.77200501349
56604,442.59481615745403
70746,1502.6505806202701
24727,1153.608518065307
52457,4448.949034933633
25902,2075.828053664965
80465,651.7191128950981
25604,11180.391983272333
9343,4484.0377985427485
89286,4134.004773950152
18360,7184.787008090861
19809,1886.566045267073
6030,2444.6237200840355
41829,9251.853820697157
12517,10168.911032822929
17138,1724.1912869515004
9902,7156.102905914818
75779,1938.9754418805583
13692,5274.732324226936
25053,991.9528962672362
23399,2401.7189234969755
11346,565.0313062355214
1669,2511.3379817200425
56190,2550.278726456632
31203,5436.280154612421
14794,4599.980038564364
99884,7799.959929220779
32550,2340.2082542889316
69266,6681.039288686213
58504,1863.505624296744
37581,2360.571714141828
3274,3106.904975134585
22977,1507.5359722344867
86076,2322.340626000069
49496,590.2138191714827
11389,1912.358784634062
50311,6444.32478549209
140,1072.7079516689532
55602,820.0635273560654
10381,2632.1802831892674
61773,1814.4111521623622
4956,1348.36574992236
92475,6348.321345737222
76537,4199.519845838631
91984,2173.5358684126545
57465,1053.9269643266582
90406,1930.9485295277295
81473,3841.4280786971112
52744,1985.6126118425514
60151,1233.449213055239
82231,740.6680518593907
20573,1845.2311457509004
6163,1322.6074832650609
73598,227.77853132364572
14364,5596.172125313769
19839,1649.5403565864874
12911,1196.4830670720503
24975,5257.980791386384
19338,927.7734470337589
54479,7210.556141896292
9682,1629.0966940824771
64418,2019.0477261345131
99906,1097.730221485508
95629,923.9735146323471
77014,4574.829499035249
28100,2152.1030658953805
69866,6929.991192453625
11234,2846.8662566273033
49677,2506.4149558081044
20108,5743.28195412581
81983,761.1676980925839
71842,1328.5461912209666
36970,3897.41234834432
74997,1359.3595071928714
38286,2921.196776394821
47726,1744.765460162566
67063,1082.1052402368282
43298,587.1660694475592
59918,3038.214364586145
52543,583.8854600687908
95975,986.0552901766226
36082,3583.7727940373047
13458,2370.0550432046934
47221,2867.5036156845395
5802,29360.293507078663
83478,7139.131864942742
66709,5292.350839797807
54047,4008.130949807349
2760,735.417204925918
23827,2451.6338575812397
5278,669.1457305833383
85902,2389.3413764822617
38953,1025.6768072094162
16823,1222.758776433522
82489,2352.29628712778
14203,1267.270534182472
95911,7785.029563168993
5834,1095.6851757406291
39226,5683.174663609372
89962,1474.0531837301546
79695,8064.785515999054
52443,3508.997013235265
72523,7155.306005668268
84604,1632.9791578408447
49901,1446.7974555173894
48815,2697.3804410606385
60684,2740.6282282458583
4588,2535.2087197838896
94032,11949.989710740878
85921,1443.9417131237021
49052,1152.5471421736925
84038,1093.5239342681164
83447,325.9799355487086
14984,5608.431313331581
62031,5333.689727365246
15707,2985.889092688067
33281,3583.7210560300473
73657,10981.524056991602
52731,765.5017170847697
17457,898.5123135081988
87013,1663.550737316947
51146,314.56896340400203
48307,7305.425248178933
95817,2195.160315360219
34567,1843.7061623989384
17024,854.1016890709
90388,849.1298402665411
57197,3400.945834053501
74872,1572.4068716625898
22476,1443.774450943543
46053,1643.465452080039
87390,6839.893186766974
73209,3712.314035303125
34475,3747.1823836965773
3001,621.5711621060377
36813,234.78356831148574
59927,2677.1748763316723
91448,3021.788351149128
31596,9481.558104143367
35390,3776.9566869040973
399,789.053269210058
24871,3617.729170658036
43754,5241.077662067701
26084,1612.0486368663464
55206,2774.8369958484977
57232,3045.364686540406
93829,9521.13804271371
81578,2009.2046646496258
35014,2107.6697527632523
83521,4045.998362669587
94502,7406.062747546861
1696,4167.502844871457
136,769.6592201659419
96430,3887.412493454422
78276,1000.4431831123355
9509,7730.679183835484
55779,1267.166749442822
84339,1292.9487324797885
51392,4307.971660033954
72360,1019.0635651615091
13765,312.1555305458443
94978,1960.751492308845
36083,3210.015614118418
51716,6732.884828503857
9001,5278.867777362361
5177,1384.9645625360852
58000,4738.560985325759
19148,2611.0166038453467
33758,2194.676512221543
54644,3521.4471146808874
57205,1206.3725298026889
32230,4908.364600387753
26338,3814.0311124060854
14789,2389.0457682258852
83306,1409.2336622152961
78259,6807.187689460088
714,4438.748710610869
16438,2030.9109811146957
43694,1258.7457471544176
6636,2512.5731441807843
37829,6416.26146399299
7623,2279.897103462502
2021,438.30326560969337
71190,1213.7051183514081
59853,4060.2292857189864
93116,1190.8183133792754
38733,2422.4755534710466
47214,3650.127980060291
93720,3387.037565868477
49678,1092.720751573536
5610,3800.6707423282096
54243,1989.963807027642
33298,1656.5810210052355
21764,2131.224793261525
30947,1677.217066979825
1549,2898.8647633191113
2755,10485.131558238121
88604,4327.115343126584
74566,704.2858374939311
90307,2847.646033299799
35150,3457.53118040657
71431,1824.0346701541296
37115,2444.609635457915
98527,1224.3756676112127
46216,6664.603763130064
71634,8414.271515461896
11837,943.4169632410707
84213,4106.6273947662685
78437,3329.4201364890887
34100,1814.1721260310167
92405,1067.4251085004212
94319,761.1632812292046
83187,4888.358854711217
54382,1508.6471792746268
67299,1497.6558993342662
51208,2526.8208099884355
87055,1263.6461401066258
33721,557.3113118197355
3370,1572.3406512267193
53475,4023.5781788105573
57716,3310.8824339658845
24755,2478.205259337263
17983,401.529886810161
5867,3420.103524657221
73414,1151.9210107723638
71710,3243.699565980979
56044,4026.2260007051377
91513,2146.6387629260375
43552,1020.314246582576
89016,597.6791123766714
7092,4039.771188054326
60293,3094.01670263508
6898,2169.6468738027284
22632,2760.4444614412023
88421,834.9229804188442
91056,3400.1091510343467
21203,1731.8831200282962
5665,766.2257273496926
64782,818.1850971272436
57973,1307.7367848699855
88040,3551.009014877931
56691,997.8648509373911
31447,1301.409362034374
31417,2905.1139569938146
62293,880.5353546953834
30475,3157.7016945820947
39187,912.2360521885702
32973,2434.761898554224
90509,401.45364879204413
45318,1494.4131422690643
18002,1404.6107625981097
34141,8856.49597957398
67543,3218.1546624514312
90826,513.7310593344409
92075,5392.316127797391
2976,3580.9094349872994
22344,1440.287272111659
17672,2180.6334289287765
1203,518.4217018464145
28915,2477.2149917776283
20330,1493.5631189880462
17288,3923.119771989705
2702,6026.5653883582745
33005,1654.9797344189446
60890,917.9884124608026
25058,3468.699349673147
79976,4335.155534075524
1245,6248.7071072016315
19877,706.212535225786
57883,3179.2686109791184
93567,907.4754241499212
27773,2048.2565044660396
81573,4755.8639623943145
64206,2023.1455345550032
62317,718.4085133311855
20950,10762.207487598516
6396,1628.0405260240163
44486,1543.297036067386
44767,807.3303804022034
74573,2517.6250691132177
21148,5862.875543393915
37846,1650.7348417196524
16473,3830.3985833472966
35828,1386.9280922665162
89045,711.9768889862456
34677,1727.9412051728507
85837,3984.853139378605
37798,1926.3038916126634
68328,4571.089642850296
52396,1801.143898422956
18242,5980.511936072773
99231,2396.9025214872113
23526,2197.29878750745
89882,638.9948538599351
26015,1980.7724834167934
87099,1989.4917231735913
45430,2000.2630981137281
33859,2175.4114267654722
29444,911.0100228544309
80273,1832.9849102666578
60988,4391.151296029378
79040,1594.6373633785192
76348,268.91069320852785
24253,385.38248388856636
29602,1361.5338078568288
76276,4997.4164273719325
53192,3651.626550256512
2271,1080.457686808462
86536,1649.1324600514088
23360,585.6178683132705
71992,3876.4412257058375
85256,591.374270048132
96694,8072.141977318301
13224,1947.320372384136
68553,1154.1160665229736
43179,2032.2647081356542
99885,1068.3239612100374
62175,594.5405257840225
54033,1080.5136714630314
38601,4223.773301041268
47162,1579.7582400262322
41184,12030.962930730295
95007,1658.5772019046235
41774,2178.1845809733904
57351,5419.729992434691
54880,1266.823101537449
94168,1606.2686711571835
59812,1042.2738168811675
97252,1585.5272049889086
99763,2222.234161140519
97266,1253.709143483754
94448,1525.195645940295
86346,1380.167771233385
83475,234.0145432345699
55092,1420.3879621482645
60049,443.143710610085
55286,2061.469194545037
20500,1379.3109984691719
97241,2235.9687617920717
3380,650.9119941593071
61900,3950.1747416467033
12322,2167.3162078802325
1039,403.02773154585606
64356,1536.1377147315811
6464,1743.6620592179697
14507,1156.9127582731876
7662,3945.707403712873
64887,13339.381084956245
17629,1460.2121216773455
19125,742.6066256340908
59326,1671.2936162443918
15060,4792.422978220465
23126,3367.0863553658046
66046,1710.1905193328819
17566,1141.8771737156446
6571,5587.60319339368
10903,858.1411510758312
95965,1266.975626000506
97905,3774.322183509875
34121,1741.4467506425826
23636,1125.5458450352294
62900,528.3105783395511
50494,2156.7206428528234
45921,3650.5340426735897
53806,2538.0370076227373
26359,2674.149544156557
21061,1802.5178655963093
69077,1425.258257410244
15267,1376.1205893796114
10396,2190.7564015607527
99249,1016.7544819956843
76726,743.4301752990638
91823,2077.697407140686
56192,2425.4283092809746
19778,1232.525957288387
3324,5975.847112571923
19486,758.5877875747104
75900,407.0030911889471
55859,864.4420628481917
48608,402.17216830748606
63046,3122.379546578332
32021,1207.5222305689558
13174,1560.6559014648203
19693,1217.0407095282694
95604,1073.5920376155361
25158,1447.2104826984341
49547,5937.814483998811
69698,3497.726482666759
70614,2027.2721569732364
67148,1593.4345319470806
80645,7035.551469261046
81281,2152.4178525475672
20842,986.5729748116711
86210,617.3803447274312
47674,916.8584475882325
98077,1083.7933557410156
53868,593.3169396589868
2268,3276.9200386390235
69836,1847.2443962229545
485,1260.1629160781486
9604,3028.6886862938127
1674,1064.6296154527986
86116,4070.7861144130993
13244,1321.3400473088327
27995,905.177356016145
23245,2520.0776378554765
12218,1887.587572529595
66597,512.7388776472311
7878,2040.9041515806398
81583,2451.4019732984884
1467,1821.3485150417962
3333,2939.2679310170665
14191,8049.611079120156
14769,1524.7909507420216
53254,235.9013880254595
61113,1521.2008641183065
4927,1660.9779653195565
33150,9753.058928197876
47060,2910.2828542655375
7179,2920.728910521379
27559,2182.2620203602705
71800,3429.9366189772395
4770,3228.9704812307223
62102,1870.7714596152011
28468,5784.308576448514
16814,1263.4140226361296
59988,1608.18098349231
97869,3028.357875439339
53834,1167.483453189094
74868,474.4479509029297
31052,2154.072270464868
53327,2512.831733075692
13521,1841.1170111503886
77595,2329.6067025628113
52580,5400.607373914229
70061,499.1183679040855
93998,7072.071106184496
62445,720.2867266046778
55355,2374.7898372321
64303,11725.89449696588
77969,1970.7681462488233
14884,2703.5541658101915
43343,1498.2511592983967
41411,7270.806993682682
65386,3406.48741718236
26666,2606.0169499041103
53885,2607.7090028301996
49213,607.5391773225
95671,1655.8700002082098
9049,2188.135440637789
95667,1196.6449934531468
85643,870.0951136966427
20888,695.4539820742622
23759,1607.250727904225
2736,7075.470576371475
69448,5925.619321786955
73533,4335.115437745959
87238,19000.087281455206
49480,3055.0979282993244
50958,6183.964920399649
90707,7542.120873035779
90184,812.2667755954715
37119,3922.5045664110353
85388,640.2615138067619
7308,4638.948256256796
22905,1472.0845602583508
24124,1016.4859951266001
60816,2472.758711095067
84607,381.2494961069466
79256,779.5373062515376
18747,2777.1075926110047
92085,2689.1694013734973
25934,5148.348895091423
45049,737.856319719896
91150,987.408923609473
72382,6850.510926093931
2252,1917.4686209762765
30667,2155.909483667048
44321,2024.829156364771
13145,1729.145174400698
70895,3263.7296058105767
74330,2807.8147907665702
60455,6292.247697783069
97549,987.6257045632127
2036,5019.503306121261
60847,1724.474462738536
82199,5751.5275229690415
41556,471.7412045380332
11123,3119.802364320571
88976,1100.7018277503837
10199,4705.758654861307
56830,333.1391353962817
18966,481.20047379996765
78057,5196.376168173969
77487,3113.2657019398216
3917,2867.330936168646
4530,2098.4327231353827
75225,3556.1877957052907
33730,402.21724190925175
30485,1903.6121775609286
57707,1121.4923071088974
40540,7905.977057579527
19342,1643.4323789174127
18857,3745.35430616925
4926,2104.8678255055784
28854,7596.543412652499
72352,4181.7090510849675
80690,1947.9672946200667
28424,6928.208819205065
73393,11202.626024605997
91891,1130.3826355499166
28775,5124.418581501077
83380,2458.67517014761
90979,14591.306850858418
1687,2221.234991224414
96521,811.060193638653
84916,1391.264616017138
13921,840.5495369641876
88626,932.9659271929369
51767,552.5965143771991
47224,4141.481473805577
65129,4806.965168875237
57311,8552.064620934565
29834,1276.9966493052787
50124,3980.0637556055467
25568,3041.108830104511
71935,1633.5243731788441
92722,8199.413773168795
55714,944.2747416292364
82326,824.8109677868163
39772,891.7403706834818
68992,5473.126168494677
72067,4529.689861895755
35381,3336.137591160155
86733,4056.091988915316
89395,2849.0924020738416
60243,2770.9827653389175
75718,3137.878600154042
16574,13092.011192709979
21112,1830.083244742904
92009,651.1369617435772
15050,5107.698664015482
17149,1739.0151308035017
94043,1063.8585715886272
91568,2895.6691388433605
63491,561.4015729754162
327,5035.8950260552765
59171,333.82303884415836
29908,658.3556077485401
54371,778.6348589820029
64617,6292.655224135543
10126,11531.821131711518
51750,1428.38518714177
58387,7019.571498997646
93788,6818.333760899357
42791,6744.493596528942
28885,7955.241640165387
21145,4570.154139544187
3802,5893.0651825484665
4982,4451.668377540202
32510,2036.4127482967615
59572,990.7544240237162
23218,5384.243908439509
45070,3385.7109221246797
35570,2135.8213584137598
43437,10219.321313087314
80562,1835.472552119624
228,2103.5106769453837
38923,1040.9657262545795
16176,4004.0950732925876
69098,2988.6739372354496
99534,1384.1786172452264
53065,1466.4960645691917
71065,651.1188986186645
7302,2448.0866016532987
87829,4036.9626165027266
30156,3447.907581340871
35231,2264.6680329696255
41429,1876.8332082150994
84504,1716.0994868015875
67611,2551.616936313637
8656,7303.188073102635
99689,2123.582712443751
90917,2283.6404555679137
39769,6319.680090410409
37205,1502.426401388363
44318,2969.707969704917
57235,5306.511079067272
73742,1686.5644727171325
87114,4717.871387821981
15809,1838.0928342304085
25157,837.9480001570398
97506,1760.3832138424173
69419,6206.114581748326
35287,600.0161676343102
83541,2800.6926765593807
19807,2504.418684637061
80288,12233.318753864707
79635,2645.8178375619395
61102,5311.457560289152
22975,4643.412121410477
37285,1334.5812307427034
24261,1038.575061257956
73355,1529.57943040825
79276,15697.409820569706
8158,4028.224607571711
83357,2419.3313250269844
39536,2241.347689222849
83790,1671.492698505487
96432,906.139516311073
14623,4268.085349778374
11528,1071.366825328047
85380,1471.035810316906
51847,201.14884077147863
83146,1671.9769797614924
27417,561.6467746228515
26325,4139.170117919478
96098,6098.073434493639
61103,1775.6667572305603
57113,732.4081432011678
38242,827.4026529465435
9860,1406.1002166865376
58973,2522.911460353312
7514,1523.4403605561051
91514,3596.7768828703634
18891,837.5462580568826
62664,997.3735877388043
18565,1232.115164983479
34709,5627.814131414184
78932,3689.3940824373735
57076,7614.288583637048
24998,1019.4545900936681
69911,5158.91329385043
1939,1579.0001809916032
74842,9677.155487884185
38467,1924.8283136264154
14943,4896.198256324947
25941,1236.0862394714882
2386,1335.9987505274034
25594,801.530806630542
53157,1502.3457714118447
75297,1641.9264744812283
25173,4550.419666823519
38618,2917.498526105439
46409,1264.4147408650708
1272,3297.0289434967444
2029,2177.539867272643
54675,816.8784589613673
4552,2420.8240631115136
3679,2759.400236152933
52804,1452.8885152368346
24011,3702.2419910811013
79292,1970.1668975804114
46502,3810.5683325899167
30198,2055.4494405474275
19043,2986.7101210592305
37666,1899.4596183290325
55579,2003.5719970193936
31265,2067.784614932005
46739,1081.1284235756655
20596,8789.897921438735
58762,2998.1284077848213
3420,945.4505546020865
830,1086.4963161374014
31781,1773.554242674874
80569,6377.141494903408
7477,5158.456518155272
41882,1932.0407618979757
27748,5107.317033747286
59603,2469.260992928551
37668,1735.5739640540253
88755,2559.2709719379254
74770,2020.7989264346895
26885,555.028397654218
82017,2881.489818690817
8210,2760.677331981523
50229,12001.930785088152
73779,3457.2583724509896
56654,1062.077103496688
21895,2380.2226849144085
71934,3066.598359301053
88529,3682.544803183101
43108,5321.698764918317
60871,12592.742302027009
28245,1710.349599982863
39546,6574.926577300524
23441,1995.9011350279814
38081,5066.387573282747
84969,1386.0474071351407
99196,1768.605478577084
73484,589.1007262332737
39731,5901.2344243600355
36822,513.8382816073497
510,1641.713722169113
53909,3225.386164645212
32005,4094.998415905297
24392,844.1241183089462
77997,1113.7562921094338
74111,1035.5934705041216
95698,497.1664224016268
9760,1330.1668631485313
84241,2075.0013758653813
45926,3649.309991597898
29176,10247.057398536916
32518,3348.660843103152
2399,29553.1791121434
91857,1539.3558146319117
44030,8202.228567994865
71220,3232.051512353521
63650,5479.82348599054
84448,1426.3063980350557
29608,625.5633656688972
7172,6068.605895115605
78215,4798.763255888641
25328,1839.7110723405556
45261,3196.353432412607
80503,4575.098298219468
89835,1733.4167087382928
68514,13332.116173071603
87800,1582.3752227309394
4377,647.6070347064999
8567,938.1021920420322
32963,1646.1803180312359
82483,2984.9501465637413
93221,1665.9360997398016
42201,2771.842293579511
33834,734.1589757807171
4375,8227.774011440411
86975,2724.701486793629
72921,5244.138736430294
34824,1843.1570016400842
50320,8135.2969654607605
24935,3923.1429105714205
96052,558.2978074600254
32574,4710.26536485746
60516,857.0605893356704
74963,3744.4223040682427
87234,8296.194421986182
30845,1760.8256053290788
4163,1757.9029141502149
32623,2297.8185494919776
6505,6366.457756183036
8802,614.9635059834601
18624,5663.664094997811
73849,2176.942138475618
39383,2634.914570982556
6027,11979.481877939961
77418,850.780282657311
63867,2028.365299854606
32305,2330.0725207582414
44447,3381.1776854459113
78243,1658.02856804169
55695,1381.4987750967903
47978,1831.4622894807906
46529,2553.7910512658887
48453,2738.7634756257876
64719,2863.454374919454
49431,2978.830009813883
1682,1464.124011374453
37559,11944.423703200771
12849,1792.6217080781244
75171,1219.9911710575564
3432,656.6809012257643
3123,3802.129148049682
45118,1440.8985807436325
51358,1252.4778594324832
79268,2554.816050761007
79786,2972.5918819220956
65213,1304.578260406463
92478,2178.6927214053076
42684,1375.7519807189976
44990,1736.525599323271
6513,2063.2841855249226
57419,1521.6724788101621
2492,1643.1130827504683
90220,2619.4163084758534
27853,314.8367118745447
22256,620.0126589739551
38176,7433.94355588395
83057,3718.8874421900946
36216,5153.901337573208
29756,2116.828986783017
20179,4111.138514958392
78065,909.4757052496349
39532,1787.3408492319127
89106,2586.472110065457
87876,533.8937524576861
17409,4982.879838418641
90200,10704.25760559098
54679,1580.757030919994
65008,1537.2388731092315
44279,882.6541415092588
91787,248.08195142866686
11779,4154.152524923818
97437,1747.6151319606613
36382,9805.398011735655
22400,911.8090567808579
2472,3359.156593467718
37061,2766.2517609345623
72045,1522.2982987645134
44523,349.3939741519816
89456,811.6599972822945
86924,2057.984989183621
64880,534.1194085300378
79473,1022.9828324652879
57239,3471.179325876516
7755,5035.702903264363
22092,1890.9703954966594
90231,3744.2822025513105
87182,637.5912736828387
42537,768.6681376818065
87640,2437.9786270258787
66246,3715.0855794587073
31650,1210.8036125512606
37099,1234.2829275506685
14238,958.4746230082596
35920,2283.5607898155586
94193,1185.5779675147267
99585,681.2458808846029
72532,2455.1737043048897
98307,2513.189695507976
5378,1221.7121725238565
4670,9617.88096621681
21883,14370.721401375617
87943,3307.855436675204
60724,3831.578243376719
20783,1255.4708433246594
85542,815.5255142125147
46897,1528.2320427523775
90256,2156.298832528201
14601,1239.253886009948
98149,2745.5533589385714
84861,1458.410781365582
60328,1141.9106964090154
93662,689.3302623314215
45079,4488.066915169019
61050,5978.260480909263
19284,642.1077059489071
4540,2449.846487861405
93580,1965.4928547674228
30016,11047.569087591717
98958,1979.2764137092151
58637,2773.1867616156997
14246,842.716591113053
66254,4743.231105835562
76022,1891.076702763908
91136,1573.2724656252283
47498,474.63319524005453
61412,4489.419528846811
68186,1011.5996755259565
20230,5799.115513114782
73528,8343.728554922416
90170,1955.1777746276566
26056,1382.1052240786955
86354,3603.3849232196194
7625,11645.306226073515
27168,4102.686458881985
12649,1547.3327687286833
96898,607.3368770388771
83180,2104.422838054424
2754,3512.0274578031926
71483,5291.90706437107
74779,3707.5864789681727
30438,9313.13157021076
77126,932.400756684012
21649,4760.591878409958
48413,2487.498219731421
14332,3444.9631120145027
6800,621.0881262079595
29353,1176.972891949255
45589,936.6132075394595
16290,2304.8743059364183
95349,4739.684282676759
46980,5483.078409252537
66719,5539.704937883952
22037,1214.7041440163925
48684,5982.433271346384
738,2633.819673095415
91727,5440.046445029988
39111,8031.826655479519
69986,2679.724786648042
82190,2130.5682848873776
63124,859.583560144037
18928,527.8484161805052
78478,2773.645293510658
98628,682.7768082821071
29963,4138.947983223191
37167,3628.8466973006934
35318,10550.048623786646
64978,2232.9548079784563
93686,2881.857208175004
22299,4279.385054264979
89388,1945.06685982507
11743,1761.3338065368002
10151,849.7024109528942
78242,772.2142473156923
26451,1701.582997156902
89501,1432.9760226137373
58536,952.5747584954988
27203,469.3439057936498
6794,1177.7542508755384
25995,2540.1704337687497
55385,5958.958849505245
28875,1031.5054938826254
4197,769.7907689535234
97566,1582.7807506836546
93356,2704.091954393268
24317,1173.2414727095768
64054,2077.2545854281334
11728,1891.511811733342
94111,810.2308269744062
36552,364.1704813093479
40027,6137.001479402119
80769,891.5777451912719
75528,11821.84201500338
8268,2147.06756058985
88526,1156.143016633991
45795,1797.69806230381
29462,1610.1683513525832
55352,1098.6418480371908
33297,4853.0253122980175
15044,3491.4073447816245
49816,5579.3555670496735
99640,596.9744138566268
6350,1889.395034365557
33967,1858.6067698412523
36190,2811.9709761789227
51393,3072.0693188196865
58043,4067.625950337809
80514,4093.181661278945
66349,6407.357464332885
72369,5766.5369231568275
64490,3827.1214788579987
4833,995.8540090106997
2167,1671.2819764887565
73432,1166.2929606135249
20018,3312.6745492455025
17116,1612.6273505106967
2812,8041.192210928566
42336,6923.478044641836
26784,4026.094502439575
39657,767.8326225648725
59540,3505.3784905679013
37510,1971.6606385234616
96049,3159.7148718314497
54082,5051.0769232803
2851,2452.2657573169377
37574,10101.293357382594
47322,4081.432492462012
68688,4570.107051647553
51922,8303.425875095783
39695,905.8992168255253
12062,4019.8980869815
85119,406.2429794723481
60672,4525.868079444359
17439,1207.4127232332746
7316,2700.0113120722694
20193,2587.064167886086
94834,6322.342863508212
62841,2093.635055354721
51525,4986.090266141093
95714,3952.241095251001
93409,8302.059205225438
15704,1822.8886918192698
35069,2548.252518033602
64316,391.6532968831603
48991,10388.965806372296
52294,377.4394310504825
60443,651.1350630367058
25751,830.7386579608279
35267,442.0528110705321
75763,6056.760011096925
25085,1041.6957551328205
7090,1848.7125891552885
74788,2531.6870981578477
70695,4132.827009820904
83206,1912.0503958541674
44475,2010.4304672975525
44195,2684.4769539842446
38430,3810.6487447853365
10828,1095.664908261674
88381,6052.349382153886
3351,963.4423574716807
79102,339.27769378951103
71305,509.6956033112998
25383,6696.002242787013
63227,1279.745733315447
14594,1419.6664019655532
52001,936.1147558439121
33054,1819.6613321505117
55487,4148.245619534645
28355,824.3238112899099
90244,4637.837508814141
45803,6438.629512700011
95384,7848.301268652402
93283,1294.196247468807
51461,441.1145247599874
51569,12758.479063317776
86468,475.92657061824343
35251,1799.6580711421325
25428,9893.191252232076
95382,6673.456296314495
49667,1022.843391195323
44519,1249.2905823782976
42811,4289.12412604415
61052,5269.243001596386
26973,2848.600998016633
51879,3358.1999809445438
26941,1598.9403392093009
22806,2583.1572043131205
11219,1151.9283455064515
99609,6073.576463886851
33482,2055.98152384986
9720,941.8874880554484
43400,2518.6546699462565
39682,4896.573500484315
26577,3489.9112606012695
42581,8518.406121458642
47909,3024.328687404098
33386,1647.0955411810778
10897,192.41532396414314
6172,1744.003293479878
72837,1332.2080373592767
57518,626.7577464466881
49825,1291.702622769827
94794,481.3107257982675
84184,837.8701274518378
27018,2011.5275702855454
78938,827.8654451864004
32660,10745.976835925689
49261,3348.9030229587397
69108,288.39482078462174
8463,881.0611419951539
28618,5772.450119456076
3575,1572.0171525724813
4039,559.2355295518519
27162,1558.1563414854895
61231,2019.2163444861699
64353,525.7972226513433
21118,2578.118836158705
54835,3608.2207254205723
15659,2465.804096841194
94215,3941.239851535201
32107,1041.4581318118126
10073,1549.388079239924
43372,3314.7364376715186
73371,2861.3984155952608
58700,606.0663218753649
63802,990.0015787383611
122,10774.792657436039
67041,1250.6871471182696
9748,1555.2081075773362
55597,6556.45478789175
33606,1419.767150560819
50669,1445.695880145785
1504,17783.695863772264
57916,3337.258804064031
32342,381.7063593571303
33874,1508.9114792166774
11872,4314.090832739318
69832,11826.751685990172
95139,1645.4266889126836
43450,2965.5373513514787
32968,2629.716464798519
76636,688.2281774408253
71594,978.5616170498971
8640,1318.8534524534643
56483,3945.8913486098018
93835,3646.774729174353
86349,4244.068131200665
76488,1160.994639711927
51741,4188.595026194225
91833,7236.207388056947
89528,1235.8512073885686
41520,2987.050181680352
38768,1433.8958180170798
94948,446.4598728053951
47164,2003.6371571077484
48904,3124.026053573812
47087,4118.341798641145
1201,2685.34525955466
88886,288.33776296652155
27790,1761.078072706329
82979,793.2572404431726
98390,5157.803576708816
39776,1162.196097068968
84121,1827.2412231108115
63608,843.9250209322281
25727,4694.780881059284
53195,2099.523810454685
58243,1706.1158030787133
46819,5875.858073735501
93462,5455.686507679295
94350,2648.2098586517877
23792,2209.632376902612
92185,3300.3042946655387
33792,1434.7163711420012
19003,2369.487222249235
71927,484.401675073098
80482,2574.02696070213
10895,2812.2273842921227
34038,2805.250876771735
49699,1084.3825036824655
71513,1442.5157863741351
65148,1711.3369100210932
85668,1027.0688957917896
52336,1352.2688671116268
80809,2768.38023168136
73330,7849.194681536619
23692,5510.810099437589
18167,478.0986118613494
42727,544.0558457454009
51076,884.568423872637
62099,2416.3932957041875
52941,1478.9616914615572
12676,896.4269710219696
23655,1132.2018852325295
25035,642.1295241865654
37058,3534.0007559895607
69965,2683.3263888380247
65225,2061.8873776465516
46586,1825.1324921187518
16239,5951.1750769497985
82678,1653.854775788197
50552,5173.8546020237
8355,3606.3034556347675
71827,428.9954477251895
91348,911.638607836771
45147,2566.5243947487047
56855,5849.425963524801
98470,2775.4067623213396
23342,703.8213042365717
55366,1240.3573147007262
38943,2589.8276685376068
58052,4052.2614305273287
36098,2732.7795766220506
69164,1820.606295685095
72031,3432.574687125951
87945,1607.7045730454372
25792,1661.336769499388
29316,2368.3788253897733
29505,1484.8449152577748
37448,1463.0124105206555
6686,3126.9669957149454
12213,11520.675787572836
58686,677.6157638119706
97623,1311.4524537285286
82623,1357.6155410086733
68269,8079.844785593939
95395,5457.770512873064
36509,1121.3519929194094
54638,2154.219630379009
81134,1884.3324402147023
53725,565.0549497681088
2163,1664.1664119333566
74333,4585.526343413783
65752,1784.4904671075726
89192,1537.230493157458
7358,4975.675506728109
13890,2117.7606544808514
9125,945.8253350971524
22903,1211.3782410536144
97521,6517.705303944645
61179,2154.03667398082
76508,2772.523709397746
98949,1515.8742493500085
96164,2174.9122331544027
51542,1141.9936038285423
77001,3565.897058257917
40090,7386.989348631642
6074,7198.801865872508
88455,1519.3089228562699
60490,19257.086537381914
80808,1626.6192116511406
74167,1825.3013326850378
36894,2024.8820968965138
25447,1476.24428709612
89060,506.6485280312609
62830,1835.9274077503655
50280,1852.8248018871539
67136,9942.360379923977
86694,869.056826433176
70634,1267.0778501203597
17780,618.270382685261
62258,3912.8464792662458
38412,3696.838241814058
98600,2824.3378079296394
18062,2703.678364544255
66595,5680.073212120566
85685,536.989195020417
70608,1104.6789733589835
60021,345.4461774579961
49247,1125.6273259615173
57608,8362.360593782225
2076,1067.4685160397603
73979,638.78562172462
76174,3255.0085901863276
66965,2888.5463423983065
56856,1662.344383242674
18975,1411.4768400894804
15401,2661.5554433890197
734,1116.3868719969357
71695,1335.2863461273876
18553,3089.766004413614
60406,4245.435555740351
23438,716.366731669354
67442,2365.179974996401
31513,2096.5231821904304
66406,1785.3090958674295
85695,2123.3473794838997
43407,1068.9131376332389
42592,4058.1509138086367
95737,2104.227615930265
12603,3225.0361070301797
2869,4646.586439919065
57114,1702.7418191573504
8165,1026.9863756757966
62452,3724.9807260711655
95558,1342.3827712914413
27590,6614.086896759241
61662,830.1839761015934
59731,6305.608960225367
48590,1074.6679921938671
94620,4075.4344382176255
74700,2015.4885390561003
55541,1667.1683515019288
81491,3026.8257429009655
3071,868.6342364259555
32434,854.2273214684031
89058,2222.5662391394
93068,2414.9595909564027
23289,691.173170932723
84405,527.7407198476411
93022,1061.8296379774747
73411,1028.3850065339684
10134,1632.8713698350225
80338,1547.9613039132926
75312,1525.9673448083568
40722,638.2999624343722
32850,4994.24056924698
90278,5724.449310518517
24219,681.367143722916
4835,4013.348032102865
68919,1468.0125976603852
96314,4296.222403837856
62477,3065.295124820493
99700,1657.37742160651
93505,5143.741070840631
37698,869.2079400499205
45409,1443.19470948516
82587,555.9681313208615
65933,2821.2875458665135
10407,2041.5465635394787
93838,1866.6615269653146
75813,2017.3373948268631
28296,595.371841335098
16748,20845.926030339753
19285,5745.598824616265
73903,1116.9791078479684
50977,771.2480239465558
3984,5832.5817642949405
8678,1696.29897691781
47627,498.8317890481419
12737,10883.773554833602
93681,515.2774416069915
30415,702.8381201208773
79866,682.0467169836127
62576,1347.6683009060207
65716,6754.642388316028
62307,17307.95859432127
26800,898.1802409092928
76222,8180.412223033205
9594,5645.255913185779
86870,7248.720834785622
66502,1185.8158339505817
82458,592.1915389861896
81037,672.4196487008818
50511,4728.3754465301545
24125,3124.1951791079096
74058,7429.483354959496
16371,2694.3521152062485
44662,6334.924362563473
52012,5637.094493958058
96171,4506.434638287909
59033,1657.8214991682419
75794,6630.51745636587
10759,1568.1370732097678
81890,1787.6612511824487
82795,378.4099437047717
28639,633.9177439233553
70566,1666.4247431048889
84005,1657.1349358425107
10309,2744.306146066227
55371,2312.768055799096
20678,5274.071844731858
56377,1644.8636542413626
21831,635.2601102510152
31120,614.160541955363
45793,4576.1880404527055
50301,1189.725278341926
83117,4162.82367006637
87125,1900.5598905810693
65935,2037.187685478953
90632,1418.9054015703912
52902,223.8546622304907
25466,1372.931177485105
53194,4614.393412894622
54242,1525.5047514318987
175,529.5273631864691
20082,3732.9864277085912
23031,15021.826255513219
1976,5985.25271050773
34363,865.2640144099666
67002,1189.4158542415057
9791,5856.949888926891
1269,2452.6899825424307
71913,848.7846579745556
68710,664.0393809893834
84165,3707.9233473099525
4269,1111.8791905674238
70670,1117.2914891372566
85997,1981.4739989398051
71908,764.2461245502836
60196,959.0082919787649
95770,2831.1662401608473
24188,899.9896093811118
4856,5023.785501880764
59577,1097.3920692597694
59511,3918.6434342982884
4426,2954.994466988339
52022,2212.217863125177
43922,5028.912695602953
77774,1832.5851671811872
96896,391.05016231953067
80744,2174.7319289479624
64746,1274.0431280964888
56023,1468.374281872542
55200,3990.0482866101547
88996,2490.34906702465
99938,8039.531475950742
45915,1240.5138094291397
38526,3773.246518765744
62685,2229.558466283805
17061,5566.32360831318
73074,295.33830118037145
8939,4994.495291797839
38282,711.7630158479424
31769,3659.4387754222557
34500,2790.207958538415
43714,2360.398113100245
87137,2626.9840711840534
94621,2356.283411711569
37231,1252.5876959253
87603,5634.08855333032
77293,641.8313660322284
5147,2644.4480671188976
55509,1593.6019437456089
66209,3737.1335936147075
81111,1827.373774349448
66556,6605.496566102055
58644,3772.5219625669733
79857,3276.264206483415
76067,3376.6393778848415
59219,4632.291628294387
36406,1101.939516094875
22060,3850.7942199172553
59659,1664.5241120957867
79900,3346.7569329786743
78417,1715.1510721881991
97409,5834.80239348916
86787,1495.7947705469408
98807,1871.9071870695445
70648,3915.6170374488747
79960,2919.578511230191
49394,1428.5878425215442
1412,1036.0362794617204
12586,7290.6709766209915
74511,11066.783566205908
28701,2059.5604855655943
33180,9741.972589177816
14023,2557.364266940468
88292,3333.4528179673853
10580,1643.4213958413839
62578,1609.0574425579603
1406,2565.5384779727237
26244,2639.426173815945
99869,2360.3150880495764
86316,13882.571680023042
70812,5262.109893302581
61451,1718.2759767160173
38462,5179.224430103822
99626,2399.629167116743
86568,943.6955602828563
5034,5182.0920816609805
45117,1047.9659079870528
52624,2061.9339209365653
71249,2498.3101977573615
26703,332.1040573997414
86640,1479.3980685940594
62198,2792.0335049561795
84411,2582.876319918759
78496,4065.962751356407
92201,1268.0399284233265
7719,1255.2842085533275
67329,2612.8508653167473
26828,2555.888357412499
20612,11893.422874343352
40928,903.8753484803912
34105,3700.3491258851113
45498,6282.53168650935
9641,6442.6235095271
44429,2519.2806462407125
26844,852.6523296657002
89306,1365.724689149529
97249,1064.1054426113415
76092,2852.823617147283
45268,1597.6309833350633
94803,2735.3500961660716
42675,1761.6654197361836
79206,643.4586817923181
67118,2780.7850542227843
91521,845.3897651626594
85721,4183.5336073707085
2951,3399.7732162933526
69227,3389.664598390078
31499,3250.541870769515
15310,2887.284139396094
83558,5058.9831314361145
39059,2671.2112009970588
47367,326.4272501968242
47566,2378.9963761607387
71782,2610.0725970524427
71301,1228.5603355982646
85396,4232.165175610929
50083,3577.1258851694765
18815,1712.4455791599205
37926,1444.5887718582073
87500,1540.5160163061432
91855,3313.333627054286
25322,2023.4617903159974
31001,766.9692655134877
994,1637.3097172359487
8196,2903.9805771241668
41797,2321.465039267911
48823,2043.7643850131535
455,869.4682543642866
29717,2138.12463861509
10646,898.3182138643639
25988,1441.8108360107487
44381,1440.3490623079754
18784,1558.9411101317294
18540,8845.714983999713
83194,1542.4644324216026
26331,2334.478167902103
63253,2773.1777855674095
19715,2450.038607262293
78295,609.7716668136737
26373,5151.268473846716
25175,9312.710905083517
92735,3431.848576630633
7746,1036.877087172149
33949,1274.0124112236142
3357,2170.413063986157
94229,4245.56161982917
99457,5944.365731934253
78808,3716.6928140267705
47093,1569.1519398004873
34287,638.7171905068882
35208,1160.8097581602108
30194,2432.717669307981
27040,2494.178542701664
86554,4429.5182127145945
92545,4218.345232776677
17102,615.6468757296323
85692,3387.6181806968266
89789,2146.8154296127705
7937,1852.0650317507036
26111,3752.323398021902
45134,1264.1938503123324
78952,2033.88882354806
79540,7301.063315481897
43888,496.5294827013197
37225,1380.7027725294004
61621,2860.52364372297
66367,2017.1742967918087
59867,1259.596245650665
91447,2033.6574136745778
26550,649.5919879153208
11626,2588.1543715712437
5645,6226.314096603596
98672,1098.8289769782073
86903,722.1706284988
26087,1368.568988317217
30487,4690.540303101321
14894,644.0912476982197
72691,1662.2596935098086
48432,1168.2633756912494
8514,1248.640251856942
6763,652.255271617861
61539,1169.499925331526
48618,2818.255392682873
35183,3931.73673669433
20220,957.2067678831125
47493,2019.5792840389931
73313,3079.8684103957044
40600,1180.9483792164388
51255,1349.9583859961508
83777,3926.9099594939394
41400,3834.4182910162062
58137,3495.4248806367195
44914,720.627409430475
85442,11900.436112943824
62418,418.1129721222825
12431,5777.539249239659
89460,6205.014179522909
50183,1332.2867927489808
25013,18636.898603009307
98907,842.2290326436398
37858,1735.7062472862863
72175,757.8432254080977
16119,1350.6182790649855
81369,640.1190974770702
80761,4672.5002400562435
84475,5205.023601419883
98451,401.65674824528503
27421,5716.564903861589
6458,2907.4936522323187
16193,3817.118817758245
55340,1759.0461732658212
88565,3790.677242377448
97067,6424.3226682951745
22058,5279.109752551201
46690,3330.5925380075732
35941,2661.4918034287407
87213,1459.985183027622
42858,8685.842670774764
40017,1289.741024046024
64364,3545.866588538841
92778,1905.205470375686
62216,2589.3587042648946
9989,1326.284690538037
38653,3014.6223434586677
47647,956.5585735984114
18831,1258.6468828087773
26411,3960.341384911901
3906,10313.068742630914
41530,1612.7531059022774
61079,3809.6933176730568
50738,4237.977557589845
98296,2736.282804764757
76849,1731.627444813093
244,3414.7098038234876
76614,4042.3447248244875
73349,16489.18624466868
81750,2792.8073747070694
89364,643.3249609707836
21461,1644.664781865694
71607,1443.3778949252046
93141,733.3744586099233
35769,816.1280245051446
55074,1393.4648657080545
67300,1547.3023800455471
8061,4574.925374574078
32197,1260.407246440856
77125,3358.1109481163253
31826,4072.8217393148884
53278,1234.805114650293
82914,3134.3292351640584
94969,6445.173172569958
84928,1185.878151943161
10670,4392.829599971015
33737,9502.964978002883
57535,594.03090594277
4561,3056.6207700037867
89504,4063.2464663868227
1301,1256.397664035244
32743,7733.818754775735
19786,2579.9038750052487
39898,763.7427822964472
78724,1926.283530519033
46633,2614.499446552445
2592,2206.6368157417846
10680,1174.7569984526701
80524,768.472649293556
80314,6001.685960835037
32185,3207.2814646581865
26221,6068.362292189032
80734,336.2115466841637
33215,658.1237863296595
45167,2512.85938370541
20332,246.1087847543746
31863,1663.0347513540723
38834,4289.662995245641
40616,11932.745608464804
95282,1078.4329400934607
5769,1374.3296902684733
98321,817.4471449072477
14115,1631.1483497537856
22714,555.0741171446358
62982,4096.243296819687
78902,3862.393603883275
89750,2197.492887451606
4894,7844.139357731658
20385,2899.0034717083245
65847,1941.1985978954895
10190,998.9936031519555
69551,571.6680837257068
87210,1841.726139573265
27154,2186.0979941851224
55478,918.0327798433323
89924,2061.690007824526
9579,236.03755109322339
58138,1239.0965660943098
45033,4572.427869949901
52491,4551.601298236254
89228,8066.198747279883
66973,2427.880296655183
67553,675.5061575360897
74065,1303.8027862477325
84697,4380.221367962868
19536,635.032291962045
96415,2420.300439735327
46757,1060.930872686717
45400,6492.516401993029
67037,1018.4247203525604
38823,7779.668813136645
32192,4004.8206011762277
94202,2877.9814044757863
88855,2864.07231332433
73452,522.689880160457
96266,1748.1887473909107
40917,2284.3761690022934
39163,1643.5179958762185
25500,1068.3918434476304
74950,805.853867272184
57010,1471.2974944136092
36422,2626.837317964191
49953,1381.1541926455109
58618,755.529001644369
62405,912.6391986897943
25419,5064.109759234355
54717,2095.383509279381
91695,2256.8017879663207
372,2451.8449923133503
14938,1399.10051564483
10602,287.3763288556896
63160,3849.3994778083274
9508,4651.5948789892955
79744,1554.505705410422
15862,3502.408211637931
82994,1488.2430763469383
87748,3304.472351864116
23565,1653.3928573196163
52900,4435.05260258627
8928,3759.182126049331
47029,3940.45760374165
8809,7403.433971433377
53551,414.77827806733194
63151,12117.278511343762
84014,2727.370665471286
28455,11467.524966804682
8772,1508.29043465781
98788,1676.427816801714
91682,596.9717312808752
38310,3187.0786126026687
82291,1192.8393365735624
51925,2833.9274462800227
64171,1394.7747231475462
79763,4006.98950937267
47424,2878.534080283207
33515,1329.657670746087
58207,2031.324176928587
75347,4126.992903913033
1601,2207.025535914683
48603,3276.366160068549
6199,1502.4416873831397
41496,2273.585425511393
5779,11465.433901904707
93596,3734.2282207879643
19428,974.9121318889742
37151,2121.075373866428
87634,737.4967020757491
77176,5697.343252118882
92437,957.9926025943467
5537,1739.6822334655408
23106,2719.2975842918363
72759,1518.032547788305
82530,1722.1860760667735
79854,1604.6056399273473
46095,2216.673277390965
29549,314.3828593301865
58691,778.7680420877795
17584,447.159881417096
62756,649.5007618141016
45418,327.7255212770838
33440,2472.155467968065
55350,39018.65788158118
36105,1386.8770512111137
52140,1661.2144636559037
26360,4247.323362543718
28707,604.5749917375149
11303,886.4760147019548
96892,3732.211256943169
78286,7646.027400730167
31231,996.8604493793655
78445,24597.333048599423
88989,3221.2670456322303
58489,2733.416509367946
90090,1444.2072441829393
81627,3280.792145151473
71484,3306.8909838100085
75587,499.3910083289369
62186,1675.070517840864
84920,871.1329769585819
64962,1172.3282657920563
55939,544.1493661157929
68647,4048.561753378894
53375,5225.745692255717
9943,656.0326267968026
46587,6267.1339561036075
17084,752.3100050342485
86761,2046.5328986820796
73613,2865.485539683179
78379,6436.524567850961
28026,2151.8934770126666
2985,268.3554627384105
72896,1386.2216375330313
38483,3014.6250209614836
89946,3229.1757963900004
22315,1293.1193554863648
35934,541.0809602290127
87923,2150.764268252997
9177,1074.096575824116
57215,1194.7775614987854
9712,5067.341804950422
38922,3778.4348249015593
54411,4550.7733000666385
54900,1410.4334039156395
36582,8661.402787613231
76016,2527.130060955262
98019,1086.7940887580341
80677,1883.3979719391516
47883,2631.542024866301
21082,2790.568310371407
36971,1548.5984546002537
72331,1263.4167916186673
75827,2809.5750899050913
58750,1398.9994442532504
93679,1172.7427127255175
67641,2396.142901441776
5892,3012.19416056284
62806,770.3545836996892
89185,3893.6801892623066
53408,6770.210120902363
12338,2637.012068280117
56193,2620.9320275892933
19634,7880.907433984896
75155,3623.9739079318056
73665,3820.612792997853
16679,1887.7904479320161
20001,1095.5634801779715
59573,2771.228477325618
6239,4390.438852934193
60932,3015.2123771163974
50409,2742.7579637417766
44453,4402.595226802005
18145,8381.500658210642
26276,2324.067700933439
38498,1846.6128807468071
56606,7359.95546605879
15333,14413.85011040719
43780,6566.347427188882
47469,1182.7713468244133
18332,3588.874489898377
70573,5658.871836834429
24043,497.11674499114713
30995,5217.100517625534
79479,2561.0482968599194
41158,679.0711356150599
95777,2008.0871423061944
9621,828.3357671106764
56502,2663.953873307194
47400,10390.372681789293
21812,740.7742824367213
14414,1564.2651700140398
89523,9396.134470996167
61012,2665.7326535132916
36256,1073.9685723028538
61634,1889.7540608032098
32126,4517.395104355743
16298,2126.740225529818
42270,889.1974243949464
95228,2472.7001826353517
81057,850.7148103284903
73884,2347.0938895802374
35132,2586.02279938089
75231,4633.893455837256
62926,4187.039870220789
67387,2126.7220731543434
62421,611.00562106691
26987,580.0032927509429
36717,1789.9265600208923
67078,1547.1529907385877
61877,1540.0006942950208
66113,1373.048001571794
6421,2654.003942391755
74394,3462.8430059031284
42909,531.0670790384349
42563,5791.780137810848
55542,579.8247067432325
19583,1597.428500585502
29336,2666.398918766402
23027,2351.587408695096
92108,1041.0570943970085
18310,972.7273707898613
69394,6987.291981458597
81189,4035.57359391575
43321,2084.198008615711
74808,1040.4900002918455
40332,342.7584033061028
10041,6162.752079345797
33624,2037.730854545754
48587,3205.570466198754
57792,1692.1521628015971
36202,3435.417376286881
35170,2621.264411672261
53867,1222.8773033759344
30592,6924.097336980017
38548,1326.1544396903682
24881,734.5720966765089
58937,9745.130645742687
14808,1234.4514402149334
11187,3703.679913938578
8938,1814.8862737869165
28290,1925.186811645939
51570,4313.705402455617
57511,640.5985795769992
35615,4042.129819355739
87039,685.094646641304
47358,1619.032531288461
5231,2225.6050007107306
71116,10790.042153075165
20669,3751.3834183113922
28336,2783.9252983064293
46098,2270.310151162696
20411,1531.0930841154293
73556,3677.6609844839527
48398,8620.47604050905
71716,300.028617203941
62337,1875.405067461724
1562,3191.3732240647305
21888,617.0477813053109
72433,2553.369954191002
15509,4541.983259484693
39493,2055.003717247495
75058,2116.1282778089985
94961,1454.7883699066958
66137,2636.1085785547957
2089,2083.8576240363436
43951,3024.121544651275
82909,6532.92005152872
24081,3316.9117449600376
51005,6391.866756807636
71411,398.1050828976839
79785,5093.949876432205
31217,764.933463169306
73174,1452.5364731881268
5196,1888.6731844519463
98215,1460.3539858431832
9616,2780.1664021149422
69994,4576.996017653214
98469,1245.3703169620242
80367,628.8702385562821
19932,3182.6321989921653
6131,1125.2231412203
12950,2015.5411940534666
82080,2149.7754190185183
53203,2272.3158192113765
72559,3271.2066911334346
27636,3746.1905916108426
38784,1073.401209715166
62024,1049.1469607698375
65651,492.56968725095754
61420,2230.0956587248816
71867,2327.2110734233033
96434,2943.761881133543
20666,2173.245048545717
81385,3556.507871305223
45995,6782.34405725889
46990,1155.6070155151774
74422,2401.0962671819184
15963,2546.5514781541406
47450,6424.865417228954
2554,5603.4879782731105
60810,1220.814751882808
3639,2153.1614881859045
43382,3919.6532025702136
94455,1664.9693361337324
9770,4670.1173887804025
80372,1069.8992309921946
85650,608.5381979455381
49649,7809.263209875623
92500,1890.9629701849833
24840,1764.231781085799
1993,7837.182045188047
86996,3204.9045796348114
70293,999.7565818971854
60458,8630.433263095947
34195,4026.892348986097
84573,392.2392245082886
93229,2594.818067263147
76833,1166.9269935965583
36974,1708.1950068554388
61136,1781.6536320603582
16673,1653.2586528848897
56982,4997.076334937779
85554,2325.393583886409
81404,1252.3777613557265
87058,15551.385238320418
17218,1054.6669877355957
62834,913.5734373424394
60019,1985.4265030487604
65080,456.13621762605857
72285,5307.107573034553
9681,923.6058448359062
41201,2799.5056125115466
11611,894.89564418712
99333,1096.133758093189
27342,1700.8492530218493
36106,3191.776724317942
53656,3762.708836793594
55977,2713.433261777993
77500,4390.48514427094
85488,3579.614667790102
84749,1821.8286155884118
60723,4076.0012472981934
42694,1395.0055110664234
64536,2658.5840315714063
2240,2264.8601495467433
17564,3701.5486780150295
14786,4561.437766449761
10446,929.636781173191
67676,8614.501451415546
83983,2151.83994181161
46400,980.9186815054588
83212,2755.4856341503955
32102,11504.374306520576
31856,3056.5860890999606
42429,909.508546058164
23817,3357.702898088265
77203,3551.345413467153
41321,901.0376562411037
65357,1998.0976336865294
30408,3555.644075870885
24325,628.2389848371231
55978,1654.1480599308027
66211,926.3457008903363
98436,1487.2965094079345
22211,3499.585216258778
10807,4265.51877521587
19369,2060.557714420527
58913,316.5566098096095
57491,2924.7284946654254
11150,1864.9010347342387
24639,6542.777932542718
30380,2689.1519089534695
21019,2648.5670500533624
60594,1217.2094821374244
79863,1046.010451417832
95895,3037.483254976358
2026,3794.4074093896966
81721,1832.2498132126884
83800,10820.686261589277
12299,1452.0770174513073
94336,2797.9647052230525
99190,1043.6860101846248
16696,1309.1946098916521
46720,570.5130834361073
86338,2400.1685021555136
69451,2111.4911463275753
94526,1095.6005822900106
17275,2985.188444334419
17915,1065.2582076327217
85009,2899.9311109330497
31400,6624.050601791876
53601,2032.7964867041612
84349,2129.4816720797926
75750,2174.714909223705
67634,2840.3809601538874
42816,1262.2778732948473
65396,3986.2380264287435
65958,1616.9480403119496
3165,1328.780907995754
33638,853.4575559127787
85516,2418.334997460653
82202,1364.7907176188978
15915,3294.9529887088747
85520,1832.0800747248252
81038,1438.8871488736615
35694,4920.625898384212
90653,614.5435160709661
59583,1105.7194965584156
85304,5517.688901352177
46790,849.3583251970358
74164,5262.293195530173
2529,3018.722637373418
46249,641.1323705361191
48670,1018.8745474267388
37859,866.1144305273085
11759,1121.6994293166574
32075,3677.3651388408816
93026,762.5524389602701
58505,922.9952420672744
57248,7133.540724141108
73788,8148.400055538268
79724,715.677690384874
72484,1355.4375865890372
44849,6946.8338672444515
79455,20340.03050641975
82139,4171.629599698697
85373,2957.32641550074
78008,5865.380129698063
96773,2709.3199806517528
69286,9217.24238563612
12864,1962.3281229523918
82708,8251.594333915747
22380,3120.55648555368
51051,4406.614338865925
47844,678.4651376732522
6820,3731.1483161431374
61913,4119.626744673155
67161,919.5867671126686
95176,4942.440480501901
62733,4001.079727947244
37039,3426.0670398821935
36248,5312.896363572711
18326,4004.684739427575
58946,1302.6588539453865
62259,3490.564745208195
63321,1534.6238381434503
61585,1235.9253220591104
93843,1263.1395181701278
84140,3232.9467685575846
54603,360.99190668718774
21085,3549.45094899042
53895,1630.0222571210472
89215,612.9013601241958
54684,1596.507830889921
5918,5683.426413114776
83403,1468.738284342196
38912,3185.095337678249
65900,594.070986985135
56520,4517.819190284206
44904,2764.478217774919
48799,937.4004397614132
42911,2260.1385026382272
13110,1317.6838264529101
93099,3121.6984341532034
6685,3581.3248170881734
63793,6751.713900350121
83904,2426.7434811221397
26142,11416.330126652458
37158,437.1344999492899
41069,2022.6841609078572
87819,1601.212319023443
36902,914.257178696544
35147,5077.784708861751
38888,7711.464897708579
3887,560.6649769328903
66632,4220.00145069201
78119,2641.749712635146
7807,1147.562901704809
31181,5181.730266134361
51443,1522.0891316180946
80426,4565.516794106772
37777,2061.1727004607237
58205,439.69157554841706
20553,454.3242378405599
1714,2259.834934990855
90052,988.257914735028
91784,732.8949891406743
97392,724.6699323482023
76774,6020.845119686112
93582,2950.498944862558
62582,1250.5095847590712
15022,3750.877519415773
48859,1376.4622420503401
2638,1473.6906514755933
81178,704.9796901260783
4029,2714.264386816849
35263,1961.4874629366464
98892,1924.2948277453415
47831,7025.621593016543
91035,3544.541671693448
58443,1785.8915009507118
47369,1093.1771610047124
46881,6085.383008449407
46749,11444.559442778458
25141,3055.8944856615935
36667,806.8882050782012
30749,1383.6994710189724
1289,2133.7611232857676
68448,5842.1105415108905
43446,3639.1564666892223
25923,2398.489760067961
70658,1886.6743002245264
66052,1184.1860644488252
55755,2732.478298939059
52223,1221.7973768471093
22485,14347.912972857397
61514,1038.3855246519306
88308,1455.3440592237332
88122,920.0501120812642
60853,1392.8681892247482
32944,782.5288448838357
78300,2413.1872091409214
50777,1294.5936418677716
66458,4749.507177273042
75127,7510.300021779944
78038,4483.283294462136
44238,577.5750537729211
19551,6370.255003022863
50806,3211.982521687651
17554,7290.056297072779
60155,7223.584823972144
39428,3143.388019313164
68479,1236.1773675374993
82669,4331.10534925608
48329,8824.074477516077
19671,3658.985214356208
74088,3437.241189607111
67011,2208.73105004962
33882,3829.359067944564
76671,1190.0599760485024
77415,2897.1976434687263
28928,28945.59893077348
7239,2089.7239267836835
30450,1559.703358832082
75093,11107.02766747041
37339,1236.3687915713142
84135,1173.502690481658
12690,574.8289786713916
10003,1985.9274746830893
97387,5630.909364719548
70481,1749.88445656059
42067,4476.384535388202
60564,1555.6043401812128
54805,3680.6840092109865
56638,1442.9990076761849
74721,2878.349584057841
92772,3008.361035986782
36113,3708.383760683634
53135,5169.462253094195
43972,1142.4866613175293
61191,2153.2455762937266
76483,1410.0320123767306
26930,2895.7673276599166
97222,4758.9988360590905
65909,1714.540679939676
28568,451.8586588051474
8203,2721.6740731553814
52886,2742.9783138505327
76686,9239.51778267199
38454,5621.691705448508
45685,3924.0546367759116
50011,1907.4535741340112
79339,3739.447883434731
34054,923.4803443634449
71676,4148.396118244101
948,1036.5121231947926
7498,3511.5503012066224
18166,3868.231547418973
74384,907.3983890716844
10085,1081.6117582606219
13268,1094.7572910243239
10889,9844.86327839158
99250,1152.2434257187897
92399,2132.5719649712255
9172,2452.8956442365143
98489,695.5858927006072
97923,1526.7804718908471
66780,7841.249436279227
27026,5772.868742051609
87977,3350.6242107246926
59251,336.98867941810175
88123,1816.048351313295
77894,697.3614750706964
8532,2656.6945869079773
18420,3195.5306940127775
52642,3907.6614808628615
66591,1788.5452624662375
54801,5980.762524072371
58342,2282.986980470069
41720,2506.1751734012723
73765,347.91429084487436
6185,3497.6524071240224
7638,3092.2603330101915
50380,899.4118395158769
77166,2571.338718346869
31039,1859.1939766231
91236,965.4436053632339
68695,3584.7224066578433
55101,1517.2560210439174
48865,3712.4717582388525
30526,676.9421388555687
32823,8013.10456951435
65584,710.914401306898
20298,1973.1773041637823
5783,2663.921189917578
90377,3953.578919274896
91154,779.2893947735538
9706,1188.4008526012833
82612,455.51456272485484
69674,2509.314545857208
35721,1489.6314415092538
86413,1044.358627329307
36232,3200.1824238696117
73430,4391.087105704111
31664,1739.70644689247
31228,2825.1835188464324
79209,7954.788801405172
14162,1674.5459072006242
96106,293.8340199934051
74003,1885.2924027694064
53705,5638.7816117763905
4819,13973.940542271914
63114,4370.267916461124
99812,1212.0159379309948
5654,1548.4935971121565
16940,1577.1749150360456
25699,1602.7909530231314
47761,2023.547913693214
28809,2959.9075481329464
18610,2143.510170988147
37000,3403.201531843534
13830,2011.9555069902788
99977,1308.812683825801
36767,2246.7133990038615
90613,1476.5255396324335
32781,7348.686195634563
64301,5410.6817987012755
15579,889.511339954681
41715,2137.0549885575715
24094,1897.775430682554
17717,2217.909182203632
11492,1748.3920903314402
3492,1067.3373405873435
70136,842.9741548919034
16990,2358.035722850779
93145,1530.3685237827208
39675,10109.533930837488
3181,4401.034920767541
82922,1800.2451372284804
15756,12534.475925758723
51921,1307.4232200435758
28821,2445.20049157639
35976,1430.2996158476408
53299,460.92521564884964
16781,2271.7630500050213
7262,2446.243205856943
57543,1195.8280228651172
39613,2987.937093381809
4933,3354.245142054141
64750,4636.611976086707
76991,4617.9571114592245
6828,2025.152242293061
17825,2692.794508873038
46880,7168.556093261465
77162,4555.724815567797
10496,2585.655629825184
48922,2155.9760423117436
69774,2075.42795026647
11433,1448.1988576883282
94811,493.5922470068107
82543,1946.059683179614
85457,8224.178050567163
19235,1350.6856562821615
30619,451.9046784538442
42464,1646.9594549464762
93020,23921.871347913897
49396,392.83106725009117
43337,1078.991856501621
77383,4536.129420318607
9534,2135.3318272318033
83889,2009.667379389571
2242,1818.161533652456
95052,866.9811511418939
67193,781.3617407788496
79127,1258.8537780977
84226,594.4326015580048
48600,354.76416655542016
72182,1255.3740437927256
98226,5546.233253191271
14519,6541.236917733567
46517,1380.8560952640778
19744,25960.55927464786
88511,1824.2044350147844
25890,1458.6693510680363
60664,3510.6464089806004
65264,773.11269204026
73103,3709.417492571796
79407,2647.707181106072
26827,2697.9129213389338
90976,2629.4900516203115
87206,1816.7404026492084
96847,5358.192072206373
66555,454.33086525969935
31221,2991.1292204640476
5426,2025.7594402699476
48739,1334.446342858959
67301,1303.1731998176647
23358,3757.5747609912146
76919,2842.4204649275703
67423,2367.0594580746497
3252,6126.191247980843
43292,1822.3737464095086
8570,2880.200100409581
28654,936.3007480558931
88056,7701.970164429717
60417,369.0516389718996
10279,7141.484418257363
16389,2043.467619214744
38262,1012.4786999859838
16706,2202.349500313744
62340,2111.6895514970647
98055,1544.820838611516
37715,6491.751917059483
61611,6431.584849371497
40898,1729.0665554071381
8661,2434.043234445553
69792,2293.442108237851
68117,4099.541634649623
68805,1918.2629029436243
34590,445.7389908935003
98200,1719.1443719299893
489,6302.024645616304
45534,1232.6103269810565
24846,2898.1800522612098
94388,1692.915122071589
51969,2496.305475353172
29888,2988.3308585487475
9359,8127.60374282811
28989,1683.2132635240716
1369,1646.5811156460038
24614,14708.596399168075
27329,3818.5389828699103
45505,693.4572278632412
75742,1701.7498308681015
90194,6031.29270427001
66772,5272.773655098081
27836,2138.8948916947515
4268,5027.173083060212
36642,3183.081488695458
59985,2204.666181069641
33001,2044.4259978082337
82647,3449.3536556714
96353,1250.6060854413809
45067,2331.1825411365994
7070,846.4385925503301
25762,806.2584144501224
59112,5232.974756430507
82987,490.41830164753327
91659,3660.00951212221
98495,6113.9704805972315
54948,3770.718184925207
10531,2502.6999889568115
37838,3174.170809657193
86994,2654.271848933678
87706,3284.505520505366
79258,2996.584367940241
12237,3197.820880663141
52243,1088.5859026613514
34362,2625.838913591688
11202,1096.4748470917407
23283,5221.288317918316
41906,3625.7277097547644
32295,1876.1023910219685
3657,1638.3635615586027
17089,5333.234829705071
79756,3241.8895340745285
45643,4185.298278894074
33462,2825.854855096506
42707,6129.489583696433
46131,393.70496094954717
21115,546.6233523186314
31581,2036.0851290548942
43492,2178.4553588411404
89043,1249.516583815358
66720,1749.9669998196928
78296,2933.891795221479
89298,3155.251396397765
95027,2814.970470689641
50055,442.11458455508324
10388,1084.4402478285613
29515,2652.600804157306
27799,2059.827562346918
60133,4513.968240855791
54312,4114.37904735823
95290,7586.803073582657
29307,4552.693319314326
89480,2646.107265946779
47535,5438.574671544961
95224,5609.946866117858
33662,1384.7792695199112
52510,7064.563282096284
60290,2155.2271123147448
48053,881.266315548167
82920,3875.176521162151
90767,4774.428028882711
66729,1360.055591474623
44929,1294.8774271660636
22600,1489.8820783399499
72799,8640.696314739847
85958,3687.7988624195314
46869,1635.0537963165561
36852,1094.277232315515
28214,6501.529216711876
68321,2205.2656835051735
44585,2380.4001982254354
35774,1006.9400014340982
69031,529.4904920533479
56118,1220.6762659951885
740,1565.170019230298
54353,2218.14342817146
77762,2516.681769046363
9927,1034.5738421242386
2471,793.803947845981
88531,502.2650121816714
58021,7716.534999524611
80210,1814.0650007263757
3700,542.9700388753888
43724,1023.8312796374922
97731,2477.0580097511097
49062,3306.6833641566004
64134,4048.2305262123923
80619,3431.890514990324
30885,1934.8309545365491
12475,1471.0939818442732
15990,2800.2813990582954
31944,1231.1938472784557
29502,3079.1570674389222
81464,2739.9198707871647
91024,2574.187839697574
23300,4565.654270159858
74512,8604.665821013377
33999,3639.9495231775204
10705,12109.19781440678
46345,1176.3907803829904
89113,2749.058661965933
52604,1808.2544761121487
6810,1200.166030732954
84273,385.0376974630067
40119,6927.896070459165
55737,3138.8115899441646
79735,1241.3975640678962
51893,3623.241688320224
94189,19350.761679016192
36177,2424.0844140353397
29280,1680.8348160627424
44840,3133.686557156133
33350,1453.6802555299807
28183,5608.787881662134
18202,2290.0826886397354
75879,2718.454319492243
18979,1412.962623782822
9932,3563.9132084573944
82262,1211.5094530445972
4590,3629.741489265349
67499,2482.705972759941
4796,980.2978360270398
42897,1428.2805232789465
23324,3933.343898616899
16317,3480.1096803608307
11706,24313.418599825105
8903,4660.408886116511
31552,4868.846358314618
90196,2443.0564185491235
54995,2646.656417161248
85274,6779.751537072326
2008,721.565094170491
2198,911.8516573117478
63628,976.1325263840447
75601,2069.781498988199
62153,596.585209515234
1374,464.8384833982995
76883,1701.0175747088892
36109,1247.5397056134923
98240,8477.311867574328
5662,3092.7171327271785
34375,19278.648108360398
99524,10793.767458843357
96699,16331.882599845854
20276,380.8627587192678
60691,1645.9296001734467
96466,3918.9459538003252
57617,3023.624790470526
96404,2617.4447790001054
54278,5134.056630197051
78342,2824.0565674913455
30771,1761.01157450911
75771,3122.4282119941026
33327,4194.100858411624
19431,1955.8435112752666
42697,5055.1165729922395
81973,4834.369575201909
81932,6825.815063679874
6255,1364.4479262676414
37728,977.3047911000531
61222,1177.6836657419506
51533,5695.823200237204
88506,343.29192451341254
86744,1959.3853853266842
76898,2785.027203385283
70881,3711.685826023587
35485,3707.1419929094145
26651,12148.448291098604
10773,8258.856839939759
92521,1083.0070871227915
82504,2731.659194823124
93880,1747.8715168955546
12015,236.7317339266301
21752,8430.38164060429
18490,1017.9449309647028
16181,2991.2845781623046
13979,1714.8600497763794
36580,733.6592541544072
31259,2923.027248707987
52882,1299.9103372811705
81668,1931.701713412519
64741,1161.9975776838348
87586,16846.0655188796
21153,2928.307907536322
33146,417.0892282164288
35449,13335.942592688447
67073,1834.5646699091244
23823,2133.805141155587
20035,4688.006357762293
66264,4626.128143809831
80135,18135.8484611351
71015,569.8516403031806
70152,3600.362680566474
46867,1275.6769053902876
68116,10659.241056513165
21429,10809.73194801242
49274,2212.41915302592
26824,2087.585103141617
68098,9130.344433425264
21559,2634.7695472302576
17841,573.4369462863217
73566,1984.9540894392323
65338,3135.7792212129343
94793,2741.7655085512597
28205,4810.904761687971
11978,845.0987517920537
2177,2062.876795544064
29553,5775.760238647308
98364,730.7474614664524
80997,4291.892142830303
80477,13509.020586321127
72722,1363.0434586908837
71795,1928.48227568139
37269,1510.6667620354815
11178,1366.9416006971426
13146,2024.7177370713093
73515,2865.560046791214
90615,2688.548510115775
37244,661.6703083338257
60968,3933.945068009773
92310,1619.07428463386
61070,2746.970168253407
21389,2019.540252856948
30445,838.934999657061
90142,2253.9469814407307
16120,1811.946427172821
45828,549.4384554996453
32645,2642.821109290818
18940,1218.115995546113
86966,2535.473678533074
7582,6320.225768217116
36634,5915.91363932701
90176,6371.034980454493
44915,1727.7454284497812
33380,4378.842092922222
43762,7465.934078215077
38371,5545.740423108322
28221,2610.5426913466817
1818,1393.0615463225042
39572,2084.6523027854164
11556,1278.6316285769963
11787,2753.057079373451
36186,5596.164529177644
52636,3953.3806075615616
18994,1035.2255903013158
30150,4558.460376974232
48058,529.965527734596
93594,2769.8018836966253
64331,3330.3941246212503
82931,254.64959064099463
63566,1747.1069723152052
87751,4950.03911220943
37769,819.4563376179727
99550,2188.9278405419172
38564,1150.0254927710196
81429,1756.4858400166077
94746,834.6599271500158
72748,1362.5697946853384
41543,9599.55584617275
75382,4587.0550172618905
10178,3552.2812112921088
11893,764.5533630727014
32564,868.788794426559
12748,1523.4671960010787
66724,713.6195770678324
4008,2082.0193944676757
30249,4060.3780332775927
4800,972.5580870978507
3098,1501.609023690733
62989,1076.0161089809083
68827,1669.451417032196
78945,2772.2046501543964
24905,567.5979370582381
87201,6028.205265856708
41575,802.0183981839274
65308,2709.1270627459694
92380,4585.314747659255
76808,3249.2714463994084
80438,9770.831724771202
57364,857.3517204528164
63538,1156.4301819814166
50459,6164.381997322625
85626,841.5227059682762
22120,1492.2730471452226
66593,11395.100641288182
98974,1295.276273993137
13598,1544.220495937594
95570,1393.1284326377172
91978,3167.1600580746194
63185,5726.468883599351
24498,1082.8253474594292
29141,5840.793354876731
91446,4208.747337760075
83922,5549.810990782894
68317,3900.7154626112524
13793,5943.577505977503
34191,606.3695169355427
92707,961.0426181191746
27819,2720.46765421022
25034,326.6448338534115
77842,3362.050025171156
43964,1885.2370848927333
76013,10528.186144125477
85978,2976.319366340891
52052,499.4589557557383
54929,1271.315878827154
86422,4384.863232124332
95690,4087.4068042828594
1868,2464.281661214201
43183,3558.5934863609637
31536,1821.3117647237734
56994,2377.3842962825233
88150,979.5498804945848
16187,2843.972951070114
18647,1327.950599721124
74774,639.4250717438134
37767,968.2974770135642
14583,3416.324789984067
90506,1474.5534575422494
64420,1775.0222427296378
74895,1525.4614124853192
71129,7795.756874949627
99162,11447.923037244913
97610,1196.783308200673
59047,5843.207211559607
53070,2524.1491496972553
43074,3149.2598888108746
5166,1887.404554149867
16687,1775.155603547208
58316,2336.948699101669
51938,905.8244652750797
74661,2312.482236544498
77121,1994.9076294453446
66851,596.3281398812031
80588,2257.605279211623
48108,1443.290055167204
21342,1088.8479011146253
20278,2678.3866672535223
52674,1078.9899844292224
96483,8070.297194166588
68290,1660.562790198704
28731,4247.63409138894
50478,303.05847201033464
51346,4350.950444072529
90354,3233.311268184112
62984,2229.4243091558324
84393,5019.018406305209
84084,9905.077473068633
54226,1196.2510511804767
76796,2409.305339675883
37186,6274.364659500638
69126,300.9984401689448
97788,3500.5929666196525
33878,994.8180455755972
94862,1301.6617103683448
99865,6827.795449907718
89470,2643.522909685893
37730,3545.825644636679
78772,1610.5976829171234
41638,3529.55636467375
83740,4165.046403963786
95715,3341.6326278766373
36346,2124.2965939156884
89316,4605.439136487257
22142,1254.547275923359
5998,250.47321190395658
41868,5257.577672555405
71278,1252.2477421359426
9694,1655.8164016423477
21126,7853.506890105527
22654,5601.988263710495
44658,1396.6239528392796
10734,1213.5549169136918
13375,2609.5081731143973
63265,1534.0969691898695
21343,3358.624209009374
33344,3152.3031255501255
2950,3431.5134109099645
38959,1052.3763528625627
24295,1624.233742867623
38021,686.5505899010317
73763,734.7857615206985
86820,905.5399300103822
70160,1687.2884604549752
74429,5376.40089005085
81402,6659.613155231913
33316,8568.8670715055
62583,2526.142690397244
80239,839.2433400763153
882,1170.4609557499916
42568,6284.091004859999
83503,2235.8244879469266
98825,2378.824568264876
90640,1173.9038911259424
79344,2886.926665561488
20401,10368.936095392262
64381,873.7231082083543
86766,3348.2057575044655
57904,795.9015270384439
99073,1962.0514531230722
98881,9985.90362469479
22539,1074.1042579695886
33099,1329.9104547202107
691,1767.8711657130054
87639,3032.3934217920723
37804,1564.8008229213326
19845,5815.638637039489
99935,1578.2263083475443
66186,896.7216364464133
37015,3018.2150109471213
98950,1439.0985729006798
84134,1234.2669093270474
17999,530.8404024926256
93717,3400.9527590348102
8563,2788.914440879959
2293,1289.69264563979
5875,2283.674977503726
48577,654.6956894251846
42159,1488.838430847451
36853,1340.059051057151
76220,20478.06785255976
52165,1111.264018855402
19383,6624.184174722396
65241,1178.1993890777383
65439,1737.84923233364
133,5002.004042698089
42842,4620.809181262814
14304,6078.228837746246
57268,945.3147372583087
63221,3055.852112874243
66795,1408.636816368832
34863,596.909498752996
13974,4925.1064962768705
33636,4111.969269379734
49426,641.5615552633968
54796,861.2608284560677
47931,709.7783607735483
94607,8077.966805953534
14241,4646.315460361371
52227,5851.67596173128
97134,301.6010890869954
83450,1640.3591158868405
20024,1887.4017912735037
16149,1653.7027761558988
83112,12137.094246209901
92650,866.9995558665295
74238,3487.8616467668
7451,1378.7123490798751
92636,1378.7674404625136
21199,2161.38305429046
3304,1488.0163258258365
17662,1384.797703812945
12542,2758.083861548869
96358,1885.4888615664352
96048,2379.3747809837723
34715,590.8837992495527
15999,2399.579400536582
30264,1540.5094691022737
54441,1019.715726481179
71646,9494.611964177395
76333,9804.548118741384
13051,1119.931896956906
61511,3632.66316119234
36300,531.3433291803392
44986,1269.4933059789337
59268,2654.4593985338283
99597,594.7824693405778
56449,1538.588901117971
35487,2881.080048977761
90500,2799.3618587209853
47233,3273.9749519236707
566,2776.55788112876
36719,319.893768578609
94205,2947.6965664718286
27643,912.2552495060397
12302,4303.087458781849
20949,2149.979880238784
75028,2696.3471554557996
70716,837.1735873686724
42456,5926.324818886152
98158,1998.58126966701
7391,1279.1030353972471
96097,1439.91630830332
21328,1553.5831152866544
91677,2145.2304009698623
71151,912.6193525287682
76786,1160.8000441018885
56813,10751.441140902161
7694,12551.188388114148
46470,3199.424947280123
45073,1920.5191603458975
44388,2034.4966456948655
80459,4362.60807637642
14509,7974.728606577593
84269,1455.0625844753947
15590,1915.0136869248213
59717,14701.28029676722
48376,1417.529167192423
19094,2902.099671849921
57440,5580.767017689597
31925,1753.1785799176503
8827,9939.01383840983
13903,1734.9045463077246
64583,2700.0087778649163
67930,2143.6082067501834
74306,3577.1725648444108
76827,3299.4449796913404
20163,805.7404550649712
51733,1820.6652043770866
42438,1676.9649261210366
53624,2430.261245850825
4440,2302.520950682764
15992,898.2755549204152
59184,5598.192610995052
34175,8535.766966176881
87310,4694.953808674103
45181,2174.6109483714918
73019,10754.849611443164
60735,4604.322458378528
80297,687.1798567306012
93511,1460.9465313066873
23684,2858.0601018103494
69210,3385.0390129232037
88436,1884.8522565267654
3121,2745.820532131958
32637,3366.4079048937624
83099,3039.1870336939264
73893,4696.075221929327
51489,3041.231679905729
45798,3707.272041426035
89351,1370.1804889111293
73058,1216.5294856125627
96837,1446.547832909061
81307,1406.0810791715585
84546,1807.760171202992
64599,4578.924236822072
38114,4338.404069353014
71706,8298.289482168397
80881,7077.179134102712
17289,1660.2481625324629
52918,962.6543949649351
98995,276.5417964006724
11282,688.7675256748596
37868,440.7022540545255
25114,1849.5059882283156
12261,2239.2675738352864
62249,8590.12189534398
47037,254.88139804318754
78433,9808.506651957305
47826,844.3009227571856
49646,7317.2647914732515
20965,1995.2204902558285
63652,3593.090969361856
66008,4100.699347841009
2009,3646.1474195821256
73706,921.1119950258967
15273,4254.642977906237
90678,514.0850135457185
59831,4047.101076825959
56884,740.8816909270096
12958,1183.4796730933765
96277,4082.1098808279394
5911,827.681532547524
26777,989.6025012885426
45406,3719.8134376475136
85716,644.7037604164166
67779,1466.054476700038
69562,1888.1059125212362
28962,2817.937310508889
14647,559.9282849646198
94506,3637.2450687266073
91597,361.9136091364665
19718,1138.4666172339435
85183,4730.527977063942
85502,696.7341749308216
80307,2116.7366739289546
89321,3172.9840892176726
72922,3225.5646816386343
96739,1006.4875592782079
74280,1134.5282410597738
9964,1061.748444319766
25230,1430.4188251216312
36200,1397.3076018359984
96403,2844.563839461558
15778,1022.4987228316185
53117,334.3442474846579
69409,1998.9714088115516
9370,3187.528435978017
62201,7575.907261345006
29134,2681.7367630571885
99410,2077.769784017006
11253,4888.740543502688
46861,2601.251282688092
4020,1320.1042187827402
73900,1614.628507457564
54357,3569.0014690597
18182,3910.470876367994
99627,888.5041514310681
49839,5903.827301617645
6855,3119.845477118828
58437,1297.5093782322385
24633,2354.0602618319012
63956,1048.573008846258
94840,4162.381413848786
68195,333.68349265557157
88792,2016.3912559387177
79850,995.0785530515101
11621,1586.0629318985664
98075,4434.48770981626
41482,1039.0896698058775
25395,1076.3992496855737
37848,16868.827512283904
23885,2270.1545579044387
44983,1232.66630661141
88010,1271.7204735195937
81065,5590.250401782986
97048,1716.9164885502755
88087,3300.150027501795
56059,1483.7632017121293
64225,10908.182950105785
27492,1047.9541000375186
61500,872.1596491629998
96248,2490.949381721238
83654,1778.7189377778132
83115,3200.9247058375927
31097,4601.711186373605
75016,1334.594804251102
11039,4472.123958966553
65114,5326.5187713352325
73324,1485.1838507223088
31271,615.235218775564
99837,1659.4700855549497
68137,1091.4795204827628
48203,547.2376069213693
38368,893.3825346862121
35270,2789.806084755021
31367,4185.469018988071
58082,481.5596715894157
75968,1564.2295151456376
28077,2007.4579289586586
73990,5085.973578829965
62963,5364.061988226015
97447,5152.697295142282
85202,1421.203303785414
70717,1776.6050047898875
58395,6073.792841206148
86324,670.2829992453688
93411,970.2607779537246
86825,8450.169205553228
63664,5978.423091602667
35553,2712.3123477115946
28708,884.2690597279131
13211,4047.4788899795976
4201,6065.189705182277
72346,560.6663414654499
16293,2206.3039828424535
62026,1294.8451048238323
65374,2294.7342376220554
87969,973.1037104140364
59483,1890.423044057512
99933,930.8516119059783
4678,2205.836156811732
81221,557.4891199700384
1708,7704.934163691118
1344,1081.4884289008714
70095,1067.1208030268535
98562,4867.324040828275
30468,6701.79590593085
12650,12618.399085647125
53044,486.6385396816931
14107,1995.7035622851135
12868,2268.747349884262
46722,857.7660855487626
59031,986.4420059577192
22563,3471.7138626413057
27820,1329.762903805321
69660,15292.357026058522
4423,1813.9251140612062
60068,1636.9752863199906
28556,698.6741155404594
10576,1954.7316643915422
28705,769.5657198588699
54997,3067.6877456379075
64725,5117.5680340973695
51296,1902.1328676209262
46653,1700.3720911824685
74350,2317.3090615022197
17713,1243.3834847379562
54482,1235.7459448957327
55872,1262.2635886779879
91152,1676.7337773952634
92204,869.5961313977405
2833,6022.9307878525815
80475,1256.9665222844897
26466,3979.622798237134
7401,1246.3670444071254
3690,6381.643151706822
54582,1486.9492664079478
69864,557.9771154290256
15061,9300.702003455903
46157,2034.599023424469
92920,649.4957031814969
18355,2026.7666954034548
20707,2004.6762610210055
8628,284.32085203715
60683,5035.896959054885
59943,5276.187940113896
67626,4268.94961511763
94420,6241.349845933063
425,3594.4320493573973
69044,2170.379004692356
38254,909.5103037457234
52125,2859.8845718150224
92492,1823.9973227139446
63380,560.844149399492
64635,2084.1886752495993
26569,8274.758606047924
86871,1383.3531362850902
74867,3647.487805945263
92829,917.680701557154
98717,1056.7362235008466
8503,4077.269124859968
47306,2384.9822291181654
955,1149.6792189034159
92971,9153.822900076942
11028,1157.2368822070455
30512,4081.354719598971
66801,589.5011425190264
62516,2187.7855196660516
5647,4796.656591906354
17910,1230.4980254880218
38905,763.9026737622698
27332,1182.109245092171
91307,2256.965442550568
85741,1239.2327181531539
20479,975.7065501949269
56626,1479.214864337435
38265,4117.156753519201
43829,2807.975268206043
36058,5921.99706374533
87909,3201.7299427705
42299,1069.2871833202241
29949,565.3317651215165
76783,728.2688790098689
51124,1360.6885299014862
64857,1407.0533733887935
75037,1707.1689529267148
38111,6292.393808553412
96553,1263.8609084727016
15540,3745.611228208261
75573,1465.7020880719765
42917,3704.0273946423176
74767,1550.286848133255
29571,14981.002873310063
16053,828.6821937895955
81148,1448.197086226148
84467,1033.7838311519545
71361,1063.165983678571
84683,2620.554379447603
87832,700.7858924822362
1202,10050.830976707583
2051,6435.580108958194
18106,622.7592941741636
81884,1352.871562463658
99127,2686.958651216193
95620,3018.9172788948135
28850,686.9890754190724
31731,249.70135731372113
54159,3126.0121719654103
99804,2632.7511056675785
30570,5353.7606754908875
68092,831.5512041425222
34355,3425.5095186335266
73267,648.0695337600301
54052,3395.3048054236488
53598,2241.8362384405445
85663,4028.403931424113
66452,1215.750273152006
12439,829.8117379784604
88696,2554.313309651846
54711,3894.831988064379
9742,3776.222663155185
78929,1498.0231041699642
43122,1747.3404415971431
35191,5747.233761543025
67576,1756.5440330515185
36564,2457.3038888952133
75778,1832.0394220321625
30784,3348.8180015095577
23006,3403.67233679114
64166,602.3588144752599
15616,1954.4972239099054
69920,1907.8333800259632
4766,1208.2329686495482
46754,2729.926135737828
4355,809.2812235575726
5242,4697.240776353485
65048,1206.718635703527
31138,2186.922002141156
45389,3008.0129879334186
88095,1437.715306369168
95028,1643.5664998634145
77414,863.9372219129167
77644,867.8595847301744
40009,1855.0016387765043
35348,428.55371716639263
19661,1343.8388580403882
76403,1361.7937336525786
3786,1894.0825201859043
3561,1883.2458026007746
85661,495.28377929345055
8927,1482.7957386459184
531,2666.972222174611
19390,5480.146756526164
72193,8378.258547242585
17303,889.4312738693898
53305,2920.8634832996327
89443,1840.5171283691618
98070,1818.1052593607913
73863,1238.10850870907
18675,774.6388611356124
27547,6208.538474850654
54271,3189.8406254423367
78134,12100.703699328893
71215,2814.230773726624
19783,3939.670094338899
1638,1935.7088059432358
28926,822.6211741082925
49968,1721.637711797684
64903,1095.7843716682974
75190,5473.142864960915
16157,6545.384428018667
41107,3010.9978594244885
54177,2969.6966555126646
16385,9378.78183844883
87613,1182.5445975663042
49578,1752.1087486260694
88735,14414.245170835362
75472,3460.551555199511
29044,1371.1007111608144
76205,7612.367690067133
91726,3762.0040506960027
48929,2441.29843976774
98175,1396.7604059481944
69813,3027.7458821042906
79279,2747.2434933252107
50607,3788.948612765405
29794,1446.6025344359364
91064,1439.5477713729517
92874,1254.195961841093
53815,1782.716063010395
62955,1151.3171429438148
23604,4939.982046225452
94866,8203.22525379113
83465,1338.6512420678766
7428,481.09362614153633
24476,1311.4463632617692
99165,1882.6050057664588
74441,637.6492375019094
60259,3812.311010205537
64421,891.0220589364376
47048,2019.0209398770535
63103,5966.123727637282
81947,2279.5533802261252
45371,572.3791386651847
99469,1707.0813696783107
3644,3286.138360216894
63804,1360.912756776564
32536,1494.670063956387
93027,3249.0767087836416
10939,4283.18724275044
95067,1735.4712935973575
41423,1302.746485185999
50517,2161.3894772596714
69208,9814.687353503206
32147,1984.6008213819816
33764,11826.625506554534
54561,1129.0345056720168
72132,3012.960353013936
26175,6680.849122184841
67354,6124.4412628506825
62442,2032.4101977289374
40083,985.1253519497593
63695,7731.269520449368
74318,1524.1778155311497
99669,6052.0885666978875
86853,4667.039097244533
12872,1019.9212430903116
93318,1210.3430632569848
3043,4368.211731880842
50418,946.943301226147
77758,1649.3517402013686
37390,972.9331754596557
79522,4503.355235841093
16621,5550.002880412361
99366,995.4709103485416
98285,1757.3807639777494
91607,1755.4331530789384
17962,1242.0654303619092
11716,2719.680434907859
41576,3224.062950861176
6765,884.337563908819
59722,5002.924852988627
48414,1439.0492151134397
42109,2146.977805041453
48667,472.47340537832673
15209,4054.7149841517403
34107,718.1197910019038
75673,3429.3947089567046
81127,3020.8642951708644
87147,2477.355583828973
41624,1269.0005732779866
76290,2249.753559970446
50466,1263.6274455725204
59967,3391.8017024645683
85487,2489.2857477676503
21177,3722.0826519940524
11711,2017.5319462615364
99532,1099.9195110794192
16254,1538.2674511741814
65092,838.334221892356
98863,1895.2158138419043
48931,2665.6884268350664
14536,4199.620204903253
32174,1453.5776091371656
16043,831.4407700775421
91635,3920.749607177552
86055,4596.134676734286
43332,2905.2089209435235
13220,451.44264817371953
10491,5005.820938220063
9644,3441.5771835431237
23875,519.134166239023
36872,1549.2090579739834
56120,3368.711904365671
12235,1016.8071586751186
49813,15926.322440076054
39882,1078.702948378976
94395,7841.84057131995
24489,1110.4808176423767
58623,988.3310581167775
8673,3741.526527545583
86148,1825.783367328263
59893,1085.2772525736593
28368,2255.851545809921
41930,1979.06377809486
94263,2311.9381662651344
65223,1458.4587881873501
44888,3591.558541013593
60737,1485.1086650365728
75800,10763.58637872958
16589,6937.405383339953
58952,1863.8098771178727
93464,1033.5405519324258
4903,1284.2688473566927
23880,889.7563549545838
95315,3578.551832249461
78834,5498.457365080898
34097,676.1737692353607
78907,4829.816109730064
93262,6808.249306551342
79072,4698.004094295447
44377,2365.414140220209
58922,2028.0203258837914
91769,2029.6470124945406
46581,1740.0797590167035
88135,2199.460190340084
53197,763.3289174499873
18259,6384.746252848436
41325,3436.1305516329426
62235,1360.2718158006312
56517,560.4664442742976
52769,2835.881330154937
83457,4530.643017866731
37836,3171.6555790256193
97866,1881.239358388127
58354,1681.5632668958694
60153,4685.195306517853
11945,2358.18004143365
99965,3388.0818514940684
19173,3358.007316325497
29750,1545.939228315317
24454,2609.6539838403255
78638,2239.8861485150537
92454,6590.058927096982
77476,1409.7136521138423
13303,316.6410601227564
33450,1300.5546956439364
51156,330.81757370214535
57395,6454.6637154342525
29576,5396.2389371586005
1592,831.941370762757
34854,3499.0739730381183
31728,2668.4420616485277
6768,3972.590149323914
92114,1740.6842890263977
40221,332.8439184786814
86797,3169.299450059893
61656,699.1816438573078
1576,6123.54236623042
60830,598.595122441969
98194,4930.567672280518
93313,642.0970079917021
41700,1939.7145594558178
48885,535.3805058363504
18718,2020.266320810757
96388,1946.3936447553997
79354,2510.112233437371
3769,1160.948462686993
38650,1136.3911132495539
16875,759.0763403813012
90130,1126.5666572818986
58222,554.8654592699497
73932,1232.582063236087
51119,1783.7373519746025
38632,642.7850400872838
94888,910.0778120856294
27771,4828.165927006847
97589,2031.523814833293
18641,1814.140318631144
56778,2937.742657919408
70396,2046.3125721100535
37542,914.0236664407937
8081,5172.515914079954
61455,10930.389524619826
95019,333.70518205383485
18233,1316.0716505168832
99987,1335.791239278714
52057,3868.861342165999
29555,2312.295415494752
83596,1854.1078163864743
13234,735.1653321446928
89161,2133.468447200914
67396,2257.8819351335146
77680,1186.426565457658
48176,1119.3039394190755
81060,11170.554437266344
27265,2290.547772812735
20139,683.5676964744866
81119,1842.1105554766618
13096,315.1563216638005
53801,1873.2638482610696
61696,544.2508938506621
21841,577.0037800158908
60763,1460.8925847897872
74339,3393.2713734694275
94511,2833.4089145955154
12206,2409.907812348053
7474,2050.094553174318
61077,6619.426154596822
80445,1597.0723653975958
48085,1537.0448617471575
66236,5285.085633269415
30155,2184.4478869357167
77865,3306.177863791856
48116,2952.551887035429
6091,5017.379748091065
44278,2071.0538464262977
3182,7039.563641650442
42513,1543.410372269075
88740,3991.334187606875
94217,1472.001309444885
18451,3923.2667402805355
12168,3413.892510035232
78280,2062.556627191541
29620,883.469513711131
71813,5385.372531550494
66896,10436.797826597205
84054,731.4059967314703
19893,2005.5401820830496
57301,627.6151345199809
48256,13999.973838890859
41261,5865.496334198482
83540,3143.4457340596864
31144,1542.815696039325
68652,6449.0455599804445
40613,3282.449946528959
5342,2890.2688015578483
47611,2500.7761093443282
23835,2491.737478100974
64630,900.3419539322524
60245,9280.978262048147
90517,457.8695744297991
9223,1437.00272481749
92601,599.7619874523646
50448,1838.4021589214806
18879,3251.358449169849
33154,1574.143329569
83580,3562.1656516600083
84277,1865.9422895903654
5764,1376.011149618561
5040,2562.7200406561274
58272,2512.476878622982
4965,550.955742420115
73630,2861.6832642285385
9515,822.9098528209443
10643,1584.0907107550745
14710,4244.808015739223
69578,1600.533194466042
95789,1225.7033667616502
24695,1101.383363186725
57348,900.7724793388232
54161,1843.420977014399
43684,3611.6514020657964
25459,2167.648418270764
30585,1998.225103747407
35625,2058.300417135548
14874,2638.171716410518
3138,1614.1093239499971
52802,730.7651852478306
31704,6145.305297361843
87513,2329.494144594346
38136,1396.8904222091626
24966,1482.9120797020976
45997,1580.1095500269234
67223,402.05223422715744
54818,1333.1651370057925
29119,1100.7940931342346
85126,3375.879829875896
13212,2739.2030781729136
79345,6811.0803152787175
35461,6379.779401906911
37016,1165.3450764807585
37083,2199.5223326880155
71003,3101.9387726274417
50541,694.7862117818001
65601,3416.0649952748554
92115,1184.4990602965183
89262,2161.359985817601
41031,647.6561576422097
15946,451.59386743377826
85781,1186.2516668708786
54017,846.3568149516875
37849,829.7302442773748
17800,442.3383049917908
20925,1807.4650987427426
98656,2822.940712721857
11418,1929.5791206111135
25331,755.6337985811595
86156,6738.768194800776
74307,11575.385652832685
20555,2515.4439672115936
35394,1144.1288970135572
54166,1146.9273492859272
19257,2247.3377576261946
94643,19359.588302535005
61610,3048.768905572203
92100,2022.59172682075
10657,1957.701699595012
64102,878.3520192383025
89953,329.0150079248942
18825,1188.3357408279228
45229,6019.874577454206
24160,4281.490588833221
11510,3401.1399954927992
92239,5611.646593104774
78855,283.2183734422696
63636,1750.5921286129978
27273,336.025529019544
19250,2687.3384379604586
8188,12662.511185435986
14296,1067.3618426218377
36827,2049.3309683123844
50987,2650.063238346161
3455,1256.3503183127048
95225,3128.363222989305
5804,916.952100796001
77619,400.50349694661725
63043,5478.679256896718
49275,1483.5007644442662
44546,2499.58294118335
33754,1158.2231301990614
80473,2411.9926066896296
99472,1383.655612273361
99911,4690.7690621175325
41490,2046.2958138500562
46688,968.2710147693538
36417,917.126541783836
2577,2948.957999607584
99446,12186.426243664764
54944,483.98862313004037
2928,12058.614929832285
67671,8233.447408155975
84379,4178.511021386615
26527,2536.776182020197
68297,1167.4552021582958
45326,378.209006704679
71307,1226.742466329474
52141,2188.747989888777
63463,477.89444548143746
89721,3281.4898060527503
74387,4063.9237597210777
89080,702.2466685832934
6277,769.8974810791159
78965,2114.96701460965
20343,1571.046203652947
72107,2683.195596726926
61287,4961.2540059360335
22320,795.3532934750508
40024,3124.5213557277684
50575,5599.935080677703
50029,7477.404423137751
9781,1115.0622830908442
37457,2418.9065062634804
54736,1814.5373224579978
71642,1527.0492687698356
38891,4937.517559159555
3224,2268.5264646887813
31307,637.5824496393467
36858,898.5386746619158
62116,1206.3704133082795
67170,1338.9034131190704
26663,4147.3437318971555
74448,6273.202942568832
3199,520.5290500291939
89969,4717.651390310454
41662,2932.1905074801593
61512,2289.35533406622
53900,1648.1415046151253
51299,859.4038409584949
30284,1341.031529167432
8020,2149.285630835491
69831,1462.744891890881
88071,2758.5661223414845
65274,3174.2821634760667
46954,3698.966802969058
3975,1182.3945661122418
26424,973.261658782257
40517,1650.29986839395
75736,5017.245307941846
96306,892.6943129585856
79019,5644.386567283163
76596,1404.680473316279
61811,1668.4547428208891
42026,2769.183750868194
31961,765.3698151146388
36477,2179.3477707658863
67331,12035.64440908202
61227,1263.792121227656
85161,27295.818859195177
69772,1595.0532937727899
31952,6959.000860894924
23702,492.9387408816695
23951,634.6322534052574
25844,5690.460625663767
16179,772.1971372650384
56218,2018.126484796385
69677,552.3145388247856
51541,3206.346667939391
62411,4709.083355026626
65676,2815.9007033858175
90523,658.641525022266
64947,4607.731985398809
99353,889.4569843483532
8148,6479.087789044887
28882,14412.76972715638
10636,3151.663772416663
14818,3726.6075077340183
81004,3683.729459167008
19808,1018.760721437152
13036,1571.0784901294792
53497,7222.278341339671
53027,933.0483856787657
47518,3190.766743338227
92907,1874.6753830054506
39894,3033.2044140192556
52088,3484.0469360483894
19031,1778.1913172433076
58143,3420.588507837133
59790,2432.0370249927823
32151,11839.565741966124
5169,3936.3668564077598
55008,2608.892842643996
45700,2636.5012140343183
46810,2508.27516044924
25796,9597.240756853987
90957,1069.2297741767252
17353,1406.240817048055
37630,1092.4357680828682
18655,2852.4678426410023
98632,722.9327276826091
45370,3306.226219362238
53255,1884.9716234822254
63673,1170.8706478613105
39304,2100.45663939466
93136,2095.5225255898067
15292,8511.727813259407
76259,9218.51266274907
32811,8081.816179768094
41000,589.5914742709815
9725,2380.4815324335136
96351,5172.797763304633
29632,1766.8652509189242
40372,983.6338974058056
8987,2136.3209416053655
24097,2185.5420521650244
80999,3269.3095882370185
24451,2759.4858881388764
80724,2769.645372335316
75812,3946.457897124524
5857,933.0650628070102
98548,2189.566730229088
76519,1363.0634605418263
64053,1471.014855608203
16920,981.2508034767443
73467,1376.7322427342224
17925,592.0700122664863
41066,2762.387999281166
28004,1435.7784502680686
62962,1829.5161484101989
43516,2651.936154096254
98458,2673.881070353431
54857,8304.745084437793
80079,1940.917317414384
57137,4070.5656176530065
59462,4464.309512941328
34886,2017.1595867493756
42238,1471.9868289181638
37239,10109.379989542946
93030,232.45673573738424
38036,1263.8513805740606
47613,1519.3558039355642
96232,7091.192068546912
15709,903.48122868853
71159,7648.520416764111
77323,2018.57257998637
53083,661.1977427691305
14187,3868.358851352552
51221,1286.5818922594062
65893,1360.5506848867697
88003,1196.7952481861287
79300,1035.9577054373976
24497,6893.150887747316
97848,1846.9474666935566
80355,1758.5191622224327
64333,1018.3830109396735
81923,3325.8380489190536
80657,2692.7810423249243
31080,1254.4068189001998
81522,2238.505165029129
51105,1221.2004611637162
55028,1449.9583044968094
4791,1490.9650952340955
51923,1474.659026959232
83538,934.6614312181016
17967,2087.3954090297034
19303,3185.9387178356183
9344,3637.663710340159
2500,1752.5649138715587
89636,2203.949658447439
32004,4044.6589825746364
19436,332.43369237455755
43531,2562.07800140564
65876,3372.543497079244
38489,1106.8586215991807
18040,887.0935670186612
49766,2668.0011998705872
32960,1676.5976095986123
37294,2321.226441999213
81141,3670.1924934328085
58211,623.2531466729422
34061,827.9447386451737
32015,540.9615470544314
88287,18952.055021230353
34435,1743.3367305913862
47126,2699.291497369235
77174,2484.9857763299565
61435,3936.7261223701953
41948,3095.099088887986
47334,3113.6320941428307
42300,2204.1246480467726
12119,1704.4699733563818
64743,750.4262523450235
65966,3503.49287553172
26505,5737.085900991835
34610,1665.1352927741768
97493,865.8312603872721
83970,3420.9192029847204
36621,3440.1373689196917
77213,3536.5650255125925
22803,3628.009210483181
58467,8290.907626552682
83552,2623.325891750785
29804,1591.0991262695566
41599,4877.197760523095
38939,7870.749985061626
40288,1563.374900935701
92486,1835.0823915008107
792,878.3389994586255
96497,1322.4992125489412
15469,4025.8901422692456
77219,1702.9465980119744
3576,2543.2595302990553
96401,1394.3316508669384
45392,2191.9962982419065
42626,2877.081969372711
37792,846.7816184009105
55396,1341.8034316537658
30000,4120.0682944610735
17017,3379.474222954616
7636,5753.61274486309
7267,1666.8375241815058
28730,14895.15039945929
42017,1978.2791599216002
15913,5835.003036857647
7513,1474.9091237088696
45233,5275.928803277455
28486,1822.6527087404804
52207,4725.894475939029
67977,1301.1583399657316
75055,1338.6881467210003
62309,1542.0683872808847
15985,1518.2720639367483
56981,330.8318706139474
40931,4304.132088726804
62870,886.1390435322556
76749,3812.8566456101967
18754,2745.0985967329184
95460,4039.247083820331
53319,2514.501198976001
29360,3637.241936451125
89160,1290.3087401679404
16457,6948.911880972463
55803,4062.2770328810857
9003,915.9783737610172
9032,7254.582613191257
98637,2243.303625803551
96787,2008.1889860034078
8426,1354.4586064770563
61625,6605.493025142092
12069,7338.610345353605
7965,1647.9825382090935
81170,2051.8102920668202
36035,1953.2027735193687
92955,1013.4872530081141
29386,4720.793311281129
10145,3361.636508340589
99636,9139.414926140138
27412,6944.4791927096685
21104,1301.7988078207093
36250,384.63828075153884
34993,2100.4188162545975
93646,3942.6664000527826
50588,5470.401021161693
41250,1348.375861911538
26513,3307.7288939039836
46326,3103.7024842812375
71890,4523.604730705577
64687,7731.359450876295
56481,2119.3570175943923
12215,1845.6340562493413
81593,4647.234916018087
80878,2740.5939860235258
20685,654.1446481139583
35219,4495.158442931242
45264,1793.0503735333953
35486,1884.8525242206545
15079,1651.7254653280459
20819,2621.28286396686
21282,829.3155448308491
88098,2007.189105546062
60121,2696.039187743259
78251,1330.636073028426
86099,2443.37711616986
79089,1825.6689314716061
774,2856.9677596589677
37533,1584.7691906210243
13304,3499.21513286336
64422,1472.5332647850266
51567,3442.4349575152232
12452,3221.2896181887727
61819,4107.656969473507
28476,5529.621141279552
46703,1481.4236917639503
60788,1640.3442745114173
8803,4739.320934899714
57369,1566.1318354375921
37785,8064.882054615911
46402,328.7454284885735
69319,1941.2438112702678
38233,6465.992687698739
56123,8675.542860967294
14502,1204.6641703326345
97114,1250.9088267025897
27710,3501.211663397744
59441,4931.67510888967
11817,2185.970535517327
9836,743.2136390715095
15673,1848.7464641495103
87350,895.0837484385114
42383,6143.274330983943
22593,685.0492980222119
10575,994.0594472757929
18892,8149.80111777706
79601,3941.4042992385243
59763,3199.1092124545166
30548,1667.3586790875293
93183,2438.4261389879302
18402,2154.714051646766
17772,19634.81499775549
39263,5242.397783252048
21459,1385.034716636517
7027,2227.0652601074985
73273,736.2642019423051
21242,1065.2582076327217
20698,1128.3756043675273
63073,2616.4867562392537
2796,2549.84702334431
75182,1434.7881073116396
23237,332.71666977556976
57609,1728.7785381412777
88346,1968.203082717166
27179,868.9850489190936
27398,4053.0337415882454
77736,1064.0002655051317
55564,2037.565412133804
13583,1561.1596318889412
29777,1518.0306570946975
23353,1788.7468820496074
98275,1249.921776054934
39340,4143.844471276154
74282,2721.2378521847536
58119,1519.9484921317285
18320,1378.1883401992243
30901,6176.532861126728
27360,712.5129849417463
28119,1725.693948271104
64804,1245.6605449189053
23477,2362.7389649125466
88470,1244.0524971110694
65931,1743.3290370240015
85248,5316.411371208988
4152,1950.2568232170092
62526,2627.6700648965207
49887,2309.060969097633
79748,2787.0172345361475
89772,1285.534962917678
89778,2410.8833366889135
17898,3288.580279927919
60280,3665.048094175769
66666,3460.4881573240164
62991,6073.34168420318
89358,7197.325291948488
95296,325.45965469666817
33678,1889.8424531570915
4854,3512.773422606218
72148,636.6222266587392
60730,1012.5807297633036
18992,9781.990927617737
70409,1569.6170002285796
15020,3447.294347185561
39715,6273.312630642614
27431,2772.00652041441
5599,1531.8579511124956
64728,3846.9056452315726
75608,2342.217731216385
77167,1080.515450988499
91841,1449.8700280092648
44596,1795.231354780903
35439,930.4120286027236
73619,4835.66913343308
74746,565.2708281134653
79953,1402.7324537180436
76765,2034.5860577700307
35398,5779.284523700376
47582,3650.2989383004647
4218,1714.5989531054038
54703,4766.234230609418
22294,3536.618351450412
37377,1613.8442019148656
51060,3907.530504394266
88520,2351.594825627911
17562,11305.464434301177
26786,1326.1070762710465
38682,1701.0280743474937
77786,975.1069085284838
48846,1486.255859577957
71344,2702.472826801772
77611,3852.386700418812
79556,516.0629392337612
56542,1992.121632842226
20900,1898.4672122203222
16831,1272.853891015439
29641,326.3740800871408
35182,2263.248119790242
26064,3533.3780986505576
45451,2628.0611702521464
61702,580.8858302161491
12448,1602.7738864364953
61372,817.7884169945576
17945,7883.17437880546
63159,1694.7364660894605
1484,1483.939131500708
93969,4476.3151019381
99417,1048.6247044335453
87073,2657.927710652091
20865,1357.6654536238584
69954,2165.4357595714337
77816,1913.8911900956994
75807,4578.448485150623
94603,17407.119895057665
75464,2749.251800375998
89070,549.6535155787017
34714,3719.9815218726553
54327,5030.486221718663
7983,4230.750203586924
11729,6004.636329049213
28402,955.6297249695863
9038,2021.5086859943199
74489,716.7949704686681
87065,1878.4516102564132
50254,1231.1276861243073
29359,2055.8678773320157
67677,5329.500142995426
58038,1117.1444771945173
72430,2161.353568684577
32722,1171.7178984774303
28934,1034.722063512832
35959,4862.5669632752815
12942,4064.5915506089896
33790,3230.140835007891
94716,1544.4097852995453
71237,2603.8541905142856
17228,1691.0014434009809
48079,2064.3490191626493
82286,644.6422496866854
60719,1793.8586670578668
46951,3757.9457097321074
181,3271.7216202556338
12308,4093.7373945514964
78547,909.7556532186559
28338,2833.1078143956584
67241,992.2080592307
13697,1310.6062272233862
9253,2627.5627933111973
15718,997.9470383954008
57172,446.0368707812047
28827,1744.7853304261364
36460,576.7162951244854
30482,2155.6546947459624
70970,4678.686927990109
29517,736.2722662158646
12533,1089.5566494624359
60301,1058.8943853591927
94602,2515.340629989623
94286,3297.6702638562483
96725,1825.011194599027
72072,9580.258504572996
27041,7046.208348835434
21535,4825.640748345925
50952,4202.99070367207
96574,3422.6600626058043
22310,7665.534994118237
91337,1550.712332053566
53363,22688.63751113054
15318,4679.627326255709
23701,5878.315289348044
38272,595.8512972164646
55907,1938.4248783465976
18527,815.0175411224187
39301,1235.738958477972
57802,2683.516632006785
32437,4029.3745805281487
8799,1294.1795194020879
12806,1664.6253835069942
7735,704.0332012684479
81309,1556.55511745642
63458,10481.499486662644
1363,832.0813182265581
24283,1835.3816778968157
5935,1080.434497725666
45150,1521.870686586185
37670,3980.2772134392235
57112,2784.77400154998
21017,1258.7956682612255
51056,1483.4052713014844
42093,2052.2618930267677
79872,1449.2553657106334
91921,546.928188354136
82391,1110.6323358516734
5222,4913.742604887565
13297,1916.7431959186247
78351,2323.4756648052116
86237,1272.3019946811723
87572,3134.08659656333
65097,2909.067649879542
23856,12220.716315474136
75493,2832.9861084480976
86281,1974.6080206512333
84765,5308.033616182799
94027,3739.8898441161527
16161,6283.443601750358
93889,6077.339748890261
51197,1643.0192958242894
73592,2021.2160503840967
30911,829.8838239995812
68227,1445.7617839072261
12552,1260.9868253420257
42888,769.9712838039469
96704,639.6288983824811
18492,2024.4644051726857
13122,978.2278410759063
69421,17572.32150453163
64237,2515.842213108555
51439,8430.269748026405
91852,4352.845157014028
48024,1556.0012611792638
58965,1480.721575152914
68030,5581.343916525356
12288,8274.171686243846
63317,2360.525804261595
14954,685.8266165582093
48551,772.3531676293616
44187,5007.541374037435
93226,637.8200549675369
10362,1870.9672041533515
90157,474.33819847637363
54283,1514.7948229870588
18203,2204.0572267682737
63250,767.589607044518
96851,4071.2931796299645
6320,762.6492156884535
7617,3370.18521933868
63039,8574.94208528657
64173,608.7611308377294
83378,4130.540710915314
39510,5299.919958679476
84365,3962.449440107105
80437,1420.833325210235
9023,1051.7755664686033
39827,3360.4219895455476
7365,3767.1802579671853
28400,1200.060076828353
51362,2844.599359224518
79286,1392.352022271331
23060,2196.6482261386896
85282,1131.4624419324364
64023,1122.018676106755
53584,5840.058936218024
39848,5340.08128085223
68925,3778.481927182075
13656,1852.1648694372566
19849,1679.1791380487143
27871,3393.8309599222116
78093,1899.176127411195
55080,10301.153874784728
40486,21958.099696369623
28457,9398.391008529172
4853,1071.3670003634093
42123,7666.048968217719
64405,7536.472347261885
3318,5962.382672837038
47543,2218.9338662095706
70286,6140.430066049482
41919,793.2633662538047
40775,2628.4020341626556
72580,3311.2445269878067
53779,5161.576945959537
91478,664.2060171373663
24406,1197.051084579495
50737,892.4074818495956
253,3588.3299682723414
53847,9638.78887182703
9091,2296.6786662908066
92585,2162.3064263619094
82219,1896.523139945829
52407,660.502728880331
81990,402.69911208831064
66288,17794.362560537695
68247,2217.3250688919125
68614,685.1173895531349
95668,658.6540973985931
84030,1185.4594433319855
63556,1823.3365664700077
70625,2390.472287236523
26041,1441.3801501277408
642,2669.176000405205
90777,2688.278635330653
54178,3243.216732463452
23605,1432.0066515948542
83772,2615.6720015497194
62753,553.3655765996515
29513,2195.487553010493
40467,3395.2283682952584
6426,5128.871571979878
96045,7121.38231732296
19825,842.1291811668993
49186,1339.6232092343396
56529,4567.715886238208
97139,2321.5662032142595
24973,840.9746530850047
28014,925.003246921972
3440,965.36303397795
26971,1655.9576378670802
17687,327.72198333341527
49543,3471.081329818405
83892,9753.22700046492
21873,4719.028230443171
27072,1983.735802345069
23442,1447.4610075545606
60403,4059.381131743284
2322,1601.2698633689913
2221,3750.465944830517
8180,2044.0468154228342
26028,2451.989869324491
3139,5335.088711518067
7576,2071.7146087804554
52924,6508.066377575219
33009,4788.372335740477
85262,752.1150006064477
55804,2363.509193278849
67163,10091.75083595626
78220,2055.322851474584
47146,2641.156033280211
61271,2027.054415626184
46823,1806.571203128135
73507,4244.600368448227
77800,1778.530765173509
79207,3100.276269999175
37828,3428.4287010217017
9501,2026.0566007348925
71276,4025.5754622538684
5633,2500.6443141620666
90507,1192.443550371156
16306,3233.1047404925926
15626,1447.4693771140956
30682,1824.7760683817867
63798,2893.371137323333
13165,8702.826882496936
30591,1154.6600183430319
47547,2609.6563443512873
21226,5057.23015562399
58638,1305.0024714169078
40641,1329.953244439351
99434,3111.2519209759707
6756,1330.925721274022
89735,2792.245491759115
30618,8396.843510168053
84704,2747.4274769945546
96662,516.1748537308173
18758,930.903188650396
22939,2443.3141652803274
75670,4254.749732014155
36878,2526.1938053724925
30509,6498.738127961053
2263,653.9040464007728
62758,1238.6442060753675
63563,770.9036879153156
82169,2620.36921979121
73096,636.8770108579448
86979,4550.098476658202
75631,1578.741437283135
26105,1301.6159871712932
11756,2532.401229740823
86846,4856.8900491672875
47645,2104.298591650437
12530,5057.945760339464
27196,1776.7480357760971
50413,5423.456595288707
58013,1760.2472590699997
89400,8792.879034087686
9889,1333.974599739595
52619,3594.3051387220926
63045,2596.504404743327
63818,4538.946805832963
41558,1645.8622781221804
21310,235.23556752837058
78058,1484.0199453899656
52746,10768.880598004698
89591,2132.585790151369
29475,1336.3182450541253
42174,5199.583650907309
13376,1801.9881633596713
51425,1529.5779615905924
72994,4359.436453337886
84361,1537.3855716560788
61131,3562.3519076540792
69818,6511.458783648949
79860,1168.4156689646916
34841,1677.5345794583554
59600,1155.8004933069424
44792,223.68331617258931
73599,1648.6415238882978
12785,3694.517750295367
84582,4192.931560495911
45104,2306.7191045980207
57988,1386.9914506374473
77719,2033.287193408449
48734,2461.68432418776
51063,1600.774908795179
11750,1529.7599197000545
41455,560.9565811585578
48647,4089.6985773266797
25094,5938.10463719093
56070,6253.051647632441
19566,2048.6683613869054
32235,1840.1267906936243
54185,5986.207119584374
27124,1989.2529556646855
750,8630.9552359702
86101,2159.793744650565
78373,958.7693994664203
57223,2701.425719679934
2844,4637.1157056417505
67627,593.1719092360792
43316,11228.34716781418
6840,2335.2461753385255
42291,2101.8934590115555
28976,1638.3069365862882
96022,2719.9970714933565
76368,2642.2265623916323
27252,5470.429835149862
89335,1538.527506161589
30560,1995.338943759596
52404,2171.7790975769813
16076,4369.1744522052895
16191,2625.089452292893
28857,2169.9838185320878
49966,5971.736666275871
46631,10027.42595997809
30241,2180.9526889230688
16431,559.5540315353462
68078,843.1275563738233
54012,989.0079206998722
54526,823.2617838934361
40592,1526.3207527773773
61407,1387.0740324792337
7530,1275.3627789080767
81287,1043.5192525884668
89959,710.6051945199403
1121,335.8103573369386
74886,3288.3112343104062
22846,11422.766279204017
96014,837.4802647010464
44968,8066.310669066512
85479,2168.461831179266
99723,1736.608878094362
60030,5551.386706194241
8578,2199.994857682951
71597,416.5249281099382
91430,2591.5168299714583
9141,647.246461971142
66282,1081.8757765932355
15062,701.8806139214951
29831,1519.2928521774154
71155,1966.3567955747938
3625,2071.2079766997676
45184,1457.7814237130785
37045,1631.3007846403848
15867,1447.684326903405
47494,786.6890139596823
71013,1290.3901382253853
42326,3046.7621543877744
96897,3573.351893637929
3060,4192.431204641844
79026,7385.122260379177
62783,894.3988531885824
21234,1555.7578710589646
67813,1744.7811064646644
11829,2652.880448846619
6887,797.1185597065722
45879,653.833520732057
82013,4446.113859998264
53965,1233.706252541271
85807,1039.9341787479161
50500,619.3353843323913
246,1338.1157104574072
39012,3538.2368573961903
73535,2458.058577075706
55711,4222.219344481411
72424,6263.833885070537
51597,2182.9820914073903
20885,1729.222753930837
20059,1876.4375495949732
66957,2875.549991570815
55380,3008.1072156637515
8931,1128.6170074534414
13555,2051.993314874823
17712,9156.846929960499
9618,3949.082199153059
96470,2924.2398783342474
51073,2844.4205025845545
98111,1318.4852800102558
41528,1582.1928763165893
1756,16280.003076137857
93970,1740.7079194610862
33479,2119.09947438777
76378,331.9313068348427
33151,826.1230833219001
82773,4416.135794194569
15080,444.7014968611778
13042,2708.2355314288184
70571,574.38682777969
27939,5327.751507213383
83366,5617.447118091271
40309,1582.1109958183038
11479,564.3837951708986
20077,5266.273001569903
38293,2519.690303983364
93494,1492.9077462362918
50297,941.3130623856005
79432,8689.687865961392
96576,6659.7891794319285
75082,509.32215525743544
84497,1392.3083152980646
19886,987.4923261822765
56710,2306.949945785619
19631,2869.5616746678365
52494,1142.2521412152341
14530,1386.5718526600585
83532,4028.2919572992964
56586,5512.75726697555
81735,7264.329069215491
26725,4325.0565419960685
26612,1737.8913699247953
90654,534.1051328215727
69111,6223.752992037234
64766,4039.3465883652725
18574,4753.073249983488
65762,3015.3607713508827
73041,2095.57923255168
34025,2211.209205148488
3721,1128.500840304258
32527,2231.197750422784
91416,1177.3762713204044
69787,2874.8093427764925
8029,1766.5471745597808
20071,2677.84421426918
53529,3417.8482672411124
39107,3177.8650538027414
63482,1724.991469879248
35964,7166.936962940333
8702,3658.1608141043735
1449,479.0513890771011
91219,11794.789049375464
12127,999.5564710376315
55254,1277.5633462672415
49454,5616.098908308811
46363,1095.1630204752412
18005,576.3808260559103
11008,6211.423345678451
29974,4553.101304021115
52808,5940.811463843549
27653,1440.986869308084
72409,2405.823414934319
14167,4942.839928534476
3780,3510.725983729343
10292,2167.8545719260005
72378,6050.617050933287
32541,976.2855112977561
76648,1041.9881270670064
36068,1495.328452559903
47256,1332.3050934144749
61345,5018.109016083238
37676,1133.3437281300176
96995,332.6559936182322
53169,763.6161820456443
89194,3638.1773013308884
14545,5099.943955299083
92513,1332.3050934144749
81185,2272.362873723779
92572,5026.547444068397
60835,2782.4480117672197
72546,5827.596056588224
50239,1835.7480852696951
33565,1774.5111815905384
14429,1446.4053742994854
60289,440.82211615575216
24674,1260.834043865778
43103,2069.6846863072838
51175,580.0356714731967
50594,1995.642393012691
8923,2156.3486208355257
12188,478.54207099080077
69731,3820.9949784868527
93593,4724.75616112906
77832,1016.0549451950187
40587,5098.141318583053
85325,1879.2247991118923
87105,912.5063016587275
23917,2020.7527168476213
3844,4122.1390384902925
91017,4088.7687180874022
21957,2803.3438088063303
8572,1307.9057086389132
74527,12820.736323649407
36384,5715.347901677608
79450,680.0950104965102
21218,1356.2888101379133
77376,2481.954570498171
83765,735.6328620825287
94070,4056.67554858138
63668,1473.7090249129822
57439,1161.4182057103883
79986,14487.881624849477
39696,2426.0994040421856
10387,1367.4033389726117
99801,5118.227473677216
82750,1534.488906438488
22853,1782.5370227666974
36805,1325.2832960852502
51082,5365.630681718702
50733,7223.744686816723
15521,966.9377689688015
49998,2617.9988453663486
43985,2307.104475740605
48324,18783.653503502792
81106,5560.340388562464
23962,4370.930305365645
25523,1250.003938473488
91791,871.0227046485664
25061,4007.4506799453357
47055,3289.372528296516
24411,6873.970592651344
19742,3387.228737520739
24215,1383.8620802241142
36789,6436.754516430888
27148,2806.2312644515105
82801,3933.8132246182968
13959,8364.043349463202
51590,3245.077518292508
351,3139.2232862670376
45487,3198.980994185739
56397,1832.818126937515
20028,2633.511519761253
57098,3448.7461793558637
66706,2377.9779507248318
23669,3039.055007898394
97835,2214.98867057412
41202,2087.869445586132
36347,1803.811494790671
16636,4016.740084102374
22621,4109.862310689693
30166,1890.098621629615
95107,1257.9340140843833
3185,1116.3163309713723
95428,1793.3009281690197
49893,1919.6775330008643
45238,3807.4904524151025
24022,8595.284405329736
73300,5018.133031958399
15395,2601.5405336841427
35128,2152.798821527167
25164,2139.70640610709
96807,5508.614765113218
88560,839.7984399056429
40718,2449.637111557763
92024,725.1578789238031
13836,3670.427524854105
3606,721.4554508697548
95204,8113.857567342652
74170,2000.2197414501038
74556,1479.0009454964793
53061,510.657198740063
85795,3046.730664008871
20556,877.454026972447
5898,1351.2688066108658
55429,3162.4158436280572
99578,3127.8622780390815
97235,3641.997844614852
35456,6670.94999966042
67111,2309.073046155956
89588,4003.6486654765345
33357,6134.368388119125
97539,2267.6686263864835
45668,2890.179415590077
42319,2952.7635829801566
2780,6547.487226306617
65680,1598.5567080669541
80523,9078.171155004922
23564,960.3924205323976
77990,2262.311706402031
26811,2883.2738931216336
34466,4006.760988664171
37114,4251.923156136579
95856,2937.485846109296
89088,3308.488142679855
20109,4929.714425320526
91474,12843.390781423686
74398,7262.412560133026
69343,6491.437011396969
43318,4189.759937790409
2342,5294.482082953817
44637,1415.0724795904387
93921,2486.229105032319
50769,9061.147462464452
66304,3167.8415725219675
77394,525.602836665923
78893,1090.531248407005
83529,3729.9046246982675
21020,1483.0657605961167
78031,6866.8821853573245
66733,580.1706898971479
80025,1320.8992266034743
77512,732.0192043431099
18515,2581.8211482784614
75811,6022.821648655512
56026,1446.637981090845
56128,1604.3515712613478
18981,1643.2491055387436
23725,776.9912116677795
98877,1052.0261377263912
74966,767.3377855379044
71157,554.5938645892959
18468,2854.6092513425747
5159,649.2649275748353
45198,11123.390891409046
46484,1517.6462574563004
20874,1952.2029867070564
65239,1994.611465732373
27834,1612.910835946917
22578,3068.1509948063936
74851,4331.120479925955
11970,1102.108911669558
26736,8709.151896734886
35817,1109.2471978853494
78621,2071.5118596668462
37591,790.9668398031757
70486,393.832762380557
94084,3730.5845315969527
20686,1078.5893100094704
73616,1824.5771696226802
11946,530.4900906241339
12260,4909.789934627665
36084,1022.1901006461612
22602,1740.3659753878696
29679,3087.622618711325
41041,2828.2499256830356
7902,1740.8860789951875
97944,835.4476443486337
39502,534.6967905589795
47261,5344.929317963582
58269,2198.633988492036
15748,3486.78855999023
54320,2908.3920320193884
64950,2044.2208398086814
20017,3375.404284642895
9162,1182.1069919855886
51624,3643.9858683639873
75120,4860.985944064237
77037,6302.325464858609
68941,655.9495109463868
7598,2882.36747041713
28886,1121.7804615580706
30834,4751.526544326384
73772,848.4388853118268
64990,8392.62546053368
41037,2917.400812311469
52951,1898.8723992764333
71392,3592.2510405242015
6710,1116.8271798862638
99624,1752.8599356282432
1980,1860.3797295893119
11724,1645.236305203367
74078,2087.413815093421
85929,2627.649510134744
46698,679.7598578661466
9188,1761.86556059351
24952,424.32145627666904
64367,836.2232468992852
16470,2999.1014000871505
81213,4023.127361053425
10577,11467.456150671656
80085,2024.694705533156
89171,680.3123781722959
96943,1417.3890991893843
80891,1710.668891804378
18198,2820.6104714760854
97615,824.3154167245623
23419,5016.479836571117
4830,2583.7978669995778
8289,2634.441945173972
14017,480.30724479538264
85836,1539.5251419903188
34504,878.3601026989191
57431,768.7054196352233
90651,3673.0586700508416
15898,612.8048248903154
74642,8759.360253240106
44322,9079.166367817428
97977,2473.8043563159326
28539,721.9166695233552
51746,1854.944811700224
77566,830.9950311403522
27361,1741.4963525923492
79257,960.6652071197495
57783,1573.8852653029592
22681,650.9667413720638
50318,2679.1712576284717
3958,4245.009420319882
3717,4160.7185439255545
58298,5190.849625386984
4501,782.4316601250324
14864,876.6054413154733
48993,1611.8758296210349
44122,19493.2412400726
37123,4169.219563195065
28753,824.2500128862241
26900,1385.156287879728
20868,2919.7099083243193
18816,1262.8145615499168
15280,4605.992869389308
83305,4698.498656511375
49999,1286.4057984122207
57761,838.1286657419159
26176,768.0746439371655
22880,486.14075846567005
20594,4546.0471544075235
20526,664.6468251699768
5630,1526.530228772413
70384,2257.7046034634973
93548,1025.192544038185
21252,2902.6787018281434
1350,3235.799238582183
27063,3365.475043838929
65955,2138.1683862878535
62467,1743.5065176664987
96471,1125.20900315266
64925,2393.433819849735
96134,1162.7392483831964
75439,2213.877011192063
39932,2410.9871822659975
86462,1340.6928275533437
53198,1374.6505457706803
92168,660.9917359577315
2793,2855.321774551376
86012,851.6093460540211
95768,3749.374775016831
21681,1895.9161645568668
62602,5832.303846822655
25668,1288.394688554425
98428,620.3848086064065
10521,3332.218680927579
2072,1522.4311110802716
40452,12252.689386167209
36946,1327.7529463726403
40187,2329.2126172001417
15433,1173.9913247763343
27907,1244.6401879820269
73845,924.0289362789225
97920,455.2538792385672
21441,1381.4134315716822
78434,192.0782964545939
17661,7840.835699891035
30255,3743.5634702602542
25365,2719.3033979253937
63986,2147.5520357465502
25435,1459.3939311956697
58837,318.2147481690739
53772,3198.557860773058
87519,2705.934417575168
40272,1365.2179075107258
59313,211.66618341398382
14729,4528.659746173607
36371,7173.197058235023
70437,3722.6887640700747
62114,808.6877025825812
33142,913.964621287527
65625,993.5143548446831
9048,1648.2466492012018
43405,1551.9326995638987
52771,3601.149250010067
5575,548.9895233174294
11448,5057.075386460093
43877,1537.4392743380217
52975,436.62192959732613
57997,1815.6774949299017
17777,6165.0958333195085
62092,1172.2818322030855
2151,1591.8879635776639
41639,3672.9758662933514
21376,8328.171533308696
45806,7432.900358284226
256,9448.769628231461
9013,2753.5436588952466
92928,12985.361087334277
5091,2985.0785494874654
10963,2317.976810412864
80980,895.6961235507325
83559,2725.4140905832264
68376,817.884413810014
26707,11215.310771377151
28211,3934.2309396307855
96174,6516.856939899706
42722,3598.445888839159
32836,1256.385442838189
84399,13667.016335894345
98713,15900.375719858861
62805,880.7134025108428
54407,4583.006920047875
75662,1531.6148084011854
47226,1833.1141158781786
95786,723.8277596669149
99123,1620.2504569443704
58214,2787.4086847988387
36170,543.4090012872219
69439,5670.590048912921
1482,3084.4643926652047
2762,856.4729445152003
34069,1254.5965273915506
64846,830.5420254322576
97116,3935.964571084379
13417,1375.4954492092465
93745,1390.249840936251
33418,1894.136340960299
28970,1565.6508970623956
28048,3262.342970654516
85880,4583.869487177084
45126,7527.461545091131
25056,3619.4192846709684
54519,1763.957064892553
74372,2175.671628335754
77368,843.4817980507141
28735,1600.3765752409336
91118,1876.3985525129992
96467,1733.665587287844
41925,9395.697256901622
37854,1114.881374901588
68756,1035.0040326368883
12842,813.0216488237762
59403,3425.043962888635
62835,994.1167659152885
59678,3043.353094277591
7137,4171.159896594069
77215,7682.561767360367
84046,1207.0363810911547
55320,597.876598885035
91821,2326.3184894229107
53976,556.7020859453587
21758,3578.464073064051
14650,6258.904367783078
54648,5114.627792816225
39634,6907.432549360062
92480,779.1025825704608
48106,537.71136013649
27865,2628.8800316343077
80362,4615.245245466394
75095,4120.187966966212
68849,4142.731212972608
36682,8480.404581443945
48327,316.2301730352954
42368,812.1846199103504
93763,2467.977440160769
72578,1034.01712842894
23773,4079.6513256169615
13647,2547.526529173618
25946,1527.933892262367
36142,2519.450615409997
41872,2738.4863003567402
2963,4203.406112560864
99711,1641.7700603773808
24573,2770.7627463290182
42532,545.8537332680137
33103,1633.1744595148123
85871,7427.851234962208
95546,6546.804582996462
67741,8742.807425130346
13825,1252.101553574012
79518,3569.94079466372
49948,1137.384201003752
25896,12088.030260563517
47151,2752.4482939425575
74002,1154.5800164668103
71336,2908.440146999128
24197,1435.8905109221212
57753,406.09996815255806
25311,891.1919984812711
24665,1800.0153978986382
7169,4168.724679858621
94126,555.6278089583445
72343,20333.461828655258
45719,4261.196595952269
47136,5725.201952096516
74408,717.6478586238686
2875,4978.031632497385
34716,1482.485554616276
34618,2036.8225576144896
80287,6036.5155006110035
11646,662.1039876802139
11849,924.538306377584
53676,4138.357228198592
12134,384.530588847702
95060,1258.1005983016369
92283,2888.006280501388
44133,3078.5099067077244
43070,1447.4413965466533
59032,1460.704551278875
7677,1522.9039880569924
6872,3862.841127644827
46200,1102.659620604938
95320,1649.098232743915
74873,2184.408502282978
55140,1822.81772912555
59968,2381.931343561076
20127,6105.812225340039
1460,1983.724454678973
8016,2934.7491018946284
22937,2162.6399415242845
61737,5038.836359442969
64690,5377.207421608076
41959,2201.3277526578418
13209,1400.604207105431
97229,1423.332534647474
29187,270.2776121271713
65894,589.5131606405103
60921,1179.5295817444676
31246,1871.3764425364861
37832,9002.68099623826
5884,1480.1875625150194
2214,7692.072916705043
37211,4059.802678092909
25386,1558.956819140461
12451,5147.870012700211
49518,2891.2993944525147
43651,1373.3862854211284
45655,2084.1113585348403
56046,4192.352307217116
15696,4399.141282147977
56293,6061.741544512045
32210,1862.4141037061931
28980,3108.9629626565466
31056,2923.4060386557026
76393,5014.769389838593
70813,1089.1469730194838
52618,1527.1747768042494
80132,672.5683285170265
55097,2614.364685765876
88899,521.7727242420494
59625,4748.903596380607
81274,435.4351542062827
34417,2448.884848736881
50799,4458.1375763079595
8860,651.4320868727814
49652,1098.370558282236
70109,7900.719768588279
23251,4579.044344460439
68580,4007.519989702219
23786,6847.648948132752
29438,2443.3072293506375
16477,1416.9371247766428
85239,1332.152059997196
23492,4346.812343297495
93249,6412.50570260805
28621,329.54913511153177
67012,4119.51869733049
95135,4106.3007994305835
56905,3382.0781123427137
61601,6956.7777895834115
27973,873.5066350009602
25849,5825.736403850106
12419,4168.164420567436
98069,1533.0548222193586
49909,754.5144147336262
69032,984.1893885606694
62880,3124.4980320866725
88815,2005.9398042243324
44543,1832.6248494241531
40690,1402.994957246593
40465,3934.664998414584
86936,1253.2817575948498
26993,8724.003373128044
90202,3178.47239273248
50348,5709.336808646084
3135,936.1665000112981
46855,1450.0320231155831
54537,9876.266104595716
56308,1743.569931856729
95939,641.9273570869307
89805,3205.317679608005
47970,1243.3804413681341
93947,2235.035816210266
19110,3025.0507135251023
17619,3265.0171760168732
13131,6125.4305715638775
47208,3090.530599277898
32060,864.2766366597306
79410,2534.670273826334
66244,2193.5654099263484
66691,1459.0570332380375
57983,2843.5426943425264
69554,7352.909707387549
28914,775.790386773196
97608,3391.17925977479
63838,851.7546280589195
74223,5240.466485764035
94404,3503.4548759496793
20058,2545.2870909867156
45116,909.8297738784038
67030,770.4505282985564
42529,4751.778579386623
97309,1475.5622458647579
90094,2389.0794931515857
45511,4344.9617010309485
77311,2041.7191556011828
63897,10469.760209704933
51165,1667.34664295543
30681,368.0737282684567
54137,381.59910154034026
25404,1041.8652063403642
21260,3723.9781893167356
22744,5268.61950891043
73011,2497.95651344269
78527,4003.427834071988
78759,6062.931569494184
2932,4184.002901578901
45698,624.2585214560775
75109,2743.762616135036
92340,2810.281497789765
1852,5648.341450610301
88057,591.3119152974748
27469,5382.60453105782
70329,1382.426209875096
86230,2884.7507579214835
74792,1607.557600027832
83333,2647.920957256106
7658,3941.1340548989074
20681,1557.614582918192
56944,2096.7997048447473
53452,2689.680687201238
57150,870.9609229555622
88387,1357.2984447031372
60945,2637.3279197463207
638,1379.0806570673114
54251,1578.7990137711286
20455,614.4051384545041
54294,2483.287940261059
36268,901.8531421567354
44711,8025.8010178660925
98986,4824.054511500866
2897,955.7860298374034
74904,471.54269710391674
74932,4754.705300625364
67901,4336.168009266033
77143,3367.1798219040734
71955,4019.111010114726
25105,1447.656624563257
53472,3059.6401735656264
25586,3542.4059355587387
60979,990.3873084707013
5452,1590.362031134624
19147,8183.162789646516
66858,1192.4800709383956
39663,234.3932275796218
6134,5761.65549187658
9170,3770.518779686741
38435,642.5371272231647
30914,3579.906960253408
22549,1355.6727291890074
92617,2537.3503649251766
855,1652.98520455008
76410,1219.4267411802184
17524,956.7711085432529
4278,10533.347116866875
76474,1330.0595348487366
18505,1598.1181533916886
65370,1824.3365354030866
74095,3695.9925303397476
4916,3313.712985219936
74629,1803.1239146299783
60630,4531.86102528503
90677,2147.5117500163774
17660,1756.3837391326933
48586,4338.065827822869
48366,509.7182957303421
20969,4157.979426676226
72284,4624.646572404705
27954,1495.3489989229963
40957,1575.4059967071164
36958,1693.6310130814709
34923,1169.885744487015
52590,2264.7977612631953
20070,2746.054899497662
59333,829.7221887018757
21738,819.2489996667351
30996,5616.390357626035
99430,6800.750976134244
51483,2429.0651242915947
78528,6786.18403588156
22787,4701.8056569323035
48130,5705.564865162227
47537,4500.057592382067
25480,4310.365771704815
71841,823.6651784864113
54236,1815.2813379425645
84789,1008.5023328012079
2038,504.2877700909963
79820,1235.9590300738382
8904,1749.01192512205
40105,6147.666753498403
39691,2382.360832890765
52183,570.745998034654
98445,2863.0680844933377
62200,709.5539540826372
85404,6046.382359707659
41969,2909.7553895562432
58967,3637.703998755185
16979,2423.352263778407
80213,10031.276361427676
19925,2280.70975424397
33379,1834.744933055057
83597,2515.500005317336
50385,2202.0382890153783
99085,3750.063047073999
54113,1096.2007773280902
45385,6103.999266866285
43653,2058.116122056521
13370,3160.3843201884474
89620,4224.621020636328
30851,963.9415931228253
11935,1353.784900655253
39183,1482.7529242307135
21808,4057.781571840582
55051,2129.014468253602
41819,2353.1728424528533
70858,26255.500907028905
4221,1918.2852763070453
82544,3006.2746986842976
5823,1643.674857575583
81160,2516.442163634635
29269,2355.7464003170467
54211,1388.3593901450845
12532,1949.6193618319292
48738,1430.3628682845074
86789,3551.8282126657687
42208,1190.0693552116209
27785,1210.488557080535
90771,1961.049539973743
71463,1460.3031976202833
91355,4320.706924099796
25288,2440.5672135522736
97289,2350.0376021773345
78037,12258.12666934962
26223,1094.2023204062232
68903,3550.707468630222
29013,3090.292777619611
62054,2155.6280901764158
4475,449.56027687154943
54878,5127.137507963256
68382,5144.5743721601875
78820,4066.87941362075
15170,3071.784034405267
23294,6041.883466705636
24158,1854.0523316576216
21380,3131.632046554961
41204,377.6995173998338
86555,1237.2254739554892
39651,2450.008526927113
27801,3421.009999957416
68263,844.2683300248194
40375,4979.333953489759
29135,2662.4162332096307
28040,300.4372742366771
81729,4174.442501276877
72050,9344.695426403874
10076,4749.565911413402
95185,1339.4311671717542
56609,3216.0385234874066
59081,8840.496123208248
89170,5294.583167357745
11524,5786.497842542894
97686,341.9499799320423
51576,9987.588860819842
48069,317.8799505305122
24169,1110.673900214165
83135,1589.8098958654787
19051,9401.981642326282
17170,248.2032137859484
65153,1038.668650184688
12998,609.7198435229817
85492,4939.0778147525525
38188,7098.9500812864335
15769,1883.6191017667488
16443,1243.547813829328
94999,2341.961761490891
48482,993.162342831242
48370,4267.212595257334
95325,544.8419629826961
72372,11234.750608573884
23756,1131.4306675619403
54811,11043.503948581067
6615,5424.147200891843
55659,1022.5396405720633
19344,7245.986976032481
26717,1837.3182391653152
73242,1047.6579902205797
9979,1696.9529220111922
57479,2184.8437374569835
93523,1346.3241096462502
55532,7516.735820361082
79684,744.2765198717187
81448,1572.3832214140002
71757,671.1246463206444
49210,3889.836552783736
82568,4981.3261894968755
87209,2667.722097796323
73215,359.2253774099602
7686,2253.467380020597
79400,3853.840296228714
75335,1230.4002195885616
37233,2844.4293799909024
83634,2378.530662803614
52253,1496.1133571315836
4957,1528.6590951571925
20235,2843.9379266374117
84483,1553.664378516278
83736,6230.40489562924
48156,1895.5617807548579
2040,9136.214402071157
42413,1402.3071372525003
84230,528.3188174319865
77685,1380.9419689441554
35102,1552.0124705128283
84745,11577.878217851423
2747,1247.9106822697197
42616,5015.374849551862
27467,7866.454492336761
7893,2610.375883038734
8956,2183.997801590144
39727,1037.0507620944786
61466,4541.763188178711
97354,775.4024535586329
44193,2413.8781208464384
54804,2322.0709606307796
55740,6239.616596601983
58005,892.7842677700353
26271,6311.615374265661
66852,2419.584226792326
40927,2783.2254416748256
5521,1660.989418293366
20066,1871.7554238201471
30730,757.1371468601926
49249,3033.2369736980527
80858,1852.6318862588198
97372,901.7941978665822
13757,1998.6561408970217
64515,6561.119765170029
26588,1260.011536351218
88571,1571.8334996249998
1609,1878.1507624901005
10999,2563.1760418351346
74962,1093.2193980961351
70098,6074.820742565329
28573,8032.334113778904
8855,1173.632821240049
36192,765.9220675352087
30708,1246.3517791933555
9790,8850.090811312164
8267,2406.446939600325
39282,4495.196918544751
67629,2324.2340840791626
67409,1269.0790603612566
41371,1694.7851758688012
99056,1586.0489773268637
42142,1570.1417172737395
73913,1084.7682738962335
74762,971.0575962808084
14113,2951.514546547436
89301,562.5972552118848
44917,3998.863190218757
40018,2922.248241822737
69425,8800.318980559154
27051,1745.5755586358366
71666,2602.680434157135
71506,500.3954641993965
83797,7532.460386597415
18813,5897.47446239078
2483,2474.030532925776
31475,3935.4224988013407
474,1774.4276209214333
80920,3968.7661642520293
96043,4922.116619699329
54785,1527.9848957942443
93300,938.9278671690438
82193,868.5259063816522
96112,1292.8754495971255
88747,1533.9550102243513
66554,3206.959993106885
45980,3932.2192663648957
94573,577.4839779840369
46423,2086.466436068153
5874,1566.057025430771
88937,1229.961696878875
94876,764.4761022418875
95689,6855.525286688303
63122,1893.8760986386108
18605,1033.1620800730657
90557,1911.1559643189862
61354,987.2047712502027
9121,308.986789100502
21405,678.9967880266976
61490,1310.8036418345232
49497,3071.3832196460107
82732,702.3772251397833
29161,1458.2977656744026
23497,1544.9311370701616
80815,601.636168332765
79879,1543.1719064257195
77040,1010.6667725968299
91985,820.5922182398986
94014,1388.6823370182703
13258,1019.3394056699332
43207,5021.378464331512
25069,3551.2123175048077
93603,3371.557310349745
24823,2797.494624827326
5584,4422.494795378423
6334,570.2077840384737
19516,740.0062271765032
21031,580.4442382861037
19823,2064.59554293143
41710,12186.813683693292
20867,1524.331191197024
89212,1933.4091438274486
82396,1447.0104878308289
64338,2856.5609615330995
31544,1902.1530676916257
55503,2355.910241496295
64884,2023.539085799989
44186,1631.5681925567465
38112,1014.2492567524256
58321,1885.6782585556793
10666,4423.6824140351455
12758,4588.6813109439445
90205,2187.4830919600195
74574,1359.0033787908192
79867,2894.2013607802396
9358,768.5902476287998
45988,702.4838611997747
88818,1122.2957036126982
51347,3881.678332119768
67255,7973.040449337585
56350,1127.898557758162
2175,2012.0434560520912
20781,5136.273724438076
19733,1393.4020669198912
64799,614.1988513749
78628,1889.5990022990627
25225,1638.015151046442
47962,2109.95594135682
71223,6527.342176312012
62791,2452.865757033903
75283,3220.624531584253
3288,6222.3472279572
92182,1569.4938288272222
315,2845.597688145415
52102,2856.5798866909267
33369,5630.375636602838
84860,1749.0903497587221
33560,1485.6659334584024
27227,5558.758745336546
47690,5813.918054027757
42062,5137.180626846605
74115,1070.8384558980608
92249,7780.492271518049
8766,3654.877011613636
99168,2217.729012857909
49285,3751.4194887231197
98847,1102.8405365545052
73316,2172.8088155841992
63595,2769.937496505859
150,2159.4558337107937
65816,585.4635140263446
94885,1952.6820993648812
65295,949.8214769630341
4378,5887.162075964086
14040,2168.1886485646914
83735,1320.0736899780504
32339,2034.5628768723075
19578,917.3885234869173
95719,2353.531062293643
24762,2618.743632226781
44784,3098.1771775613606
56545,640.4641321896387
67957,1250.5252812262775
14386,846.2233780358349
15652,3892.886933828007
89631,4896.39697939676
10324,3371.6966594811715
41499,636.1018651519698
4680,2437.9744386013012
30866,1991.1590613485698
8492,1123.3683823457586
54257,6410.824719439389
7145,3772.4976777266907
57446,1112.7253894251355
93271,3954.023713992478
49144,3200.1100804763605
36669,570.2992853363675
42477,884.757566455269
62262,3077.7335776964696
68575,1127.715624677047
97862,1657.6822079830354
18811,1211.7606960855633
96256,4368.582833571681
21131,538.499778608631
79131,3205.7980997991176
23074,7422.816360768623
83124,1618.4079755610976
97532,488.2504469156372
51825,1250.951085545364
10000,8086.97056375286
52237,3163.442087330888
59546,4732.383037242164
10444,7016.377888683821
98475,7509.081306595388
71000,7926.123834597493
59247,1036.2722290471675
87003,418.03499804882654
34350,305.9028252659468
19255,3334.495234651487
56827,2257.629945482541
98560,1578.5006018987108
17383,749.4824917322569
89702,942.8413469649613
94890,578.1862919146095
9357,7532.459048778682
15026,2383.4679892042795
85206,1585.3648007157667
27896,1340.8827886903289
69650,2469.658491956695
90338,342.01889889805403
19773,1187.8374748028318
87778,1799.7432920826482
13407,1534.6784587622276
4603,936.6382524998942
20879,1165.3114756296532
56934,3436.4814610164976
69243,1291.6431903097582
66001,1838.9403757376176
51230,1565.428038243052
53621,2221.9885138383447
31739,1031.4467719391337
35354,11534.919994570257
3837,2336.6898671034337
1933,3138.166030767557
57909,6912.406897557635
87623,12387.251520892747
48987,1747.5064620278156
49507,1917.748562118392
3841,1617.7866241657655
10823,956.8384761974276
14436,3170.8636085409207
48674,2675.445454882318
22564,218.99903809937192
44844,785.5955825827489
58870,636.197443921117
27555,6141.891886309434
25609,337.26661914847506
48067,4292.937189470561
18240,647.0965867278336
83547,480.83252683770826
8464,1652.913683797391
63729,8505.585616735712
50703,2398.9613534969726
92328,3418.5663862774695
60985,1897.8119137101094
90003,3593.7093064687992
17949,2653.9492946602277
55954,1174.7665532023734
62368,6344.395245285003
4664,1440.8210464589718
74124,2987.958390808741
59388,1249.0956645015567
82522,839.6842366274977
41116,1285.960341657449
7447,3328.434497747853
53802,936.8943990806589
84649,1637.275262109631
24656,976.2602673155382
94368,1022.6942218864932
78702,3838.3965188771704
24582,3391.8077391508673
11312,943.1258959783838
2881,1848.6774232776381
39284,585.6610301026611
43535,2752.5705732413007
49409,2034.6093010243897
67128,2104.8975740242663
10345,11965.7249982254
16397,2351.92918724062
42475,3298.608959666108
28997,2129.3367221050225
69407,2302.4964133653925
71071,4849.312598554158
66184,4444.161136923121
3226,5277.940006269974
83742,1795.0092511814937
82884,1255.47564360569
27551,538.8730117250768
43504,2151.6228983204282
18539,1216.7923754504006
55052,4454.14109786839
92571,2617.656371120483
87611,344.2169045984786
11051,1849.899330552021
55877,606.5978119004584
16246,2189.5723673234893
87226,9952.792875995858
32465,1582.941682478694
89849,4079.8449611308465
93615,4663.434423841676
96870,2656.8816854050597
15534,2003.6613092117943
97483,7879.478865885587
54450,990.4975367787894
82726,837.2877189142702
98237,3442.4116808541817
97055,1820.2851240583645
20579,1713.4530198278578
329,21155.02406438636
20917,1243.31180660096
35569,4173.470260786697
145,2471.675227809027
74669,1841.8832861184464
6988,9634.84394347795
38050,2742.3925124645802
18114,3084.2833281745643
49112,3252.629935543384
32218,4049.7864972509474
81005,4850.551788471392
67425,2952.161530853839
9958,928.2425880970791
82659,1663.7532788587594
23270,919.3162284982833
70444,3381.00397402578
55277,1233.6701654053747
95989,1226.1731611052448
31381,634.2661055347068
32897,5941.827687137727
59539,3779.9948604119095
69898,3567.322694825267
86174,6099.535085997837
26421,1204.4709426119484
65244,7007.533679231782
52373,669.0751946370835
20568,7995.327886327442
61043,3263.125107706372
49459,5280.965145903297
99813,2023.2115472896412
23394,2189.465993332003
69576,1374.1277056321592
11264,3569.5028377649173
29811,2161.5176516904467
6059,2914.672845176121
72841,8105.169427092973
46210,563.3090225072688
97817,585.6606104285248
60479,3196.601896996131
72773,694.7172985934518
7317,6688.182578683157
67586,1578.9072031431388
21684,1693.9255301630672
61534,4923.2552528906535
22398,1108.5562300833658
77558,3624.533004837236
18281,1506.6223809526161
77022,837.4571088030515
90656,876.634422598284
91733,11419.548651927857
46864,3038.2423645103318
87149,549.2750896253509
84794,776.5214958466167
60791,2742.3881979177795
7854,3446.2843912012845
74396,901.7202370836172
75514,313.45926147021476
5643,952.6668354644283
88806,796.332552299674
70952,3619.0139428579178
68736,2184.405507654091
35209,1528.0275321545373
36964,1038.6232110227236
69075,1558.797318481823
95197,4363.478872043859
31780,1387.4068018849027
95684,2235.852363948452
7310,1428.4485123928714
81147,565.4918078611329
18139,833.2927650140842
95071,4414.284718763027
86178,5976.849472550695
31820,7884.2887711039375
73631,12603.68767930208
75542,3075.9038290874078
48677,1150.9281252615676
66315,2550.076322137095
87770,2048.92579428176
88257,2056.5845010337466
31131,1489.4485206554746
81140,4883.135679825072
23256,7537.4997451702675
73504,2426.8334516082296
41213,699.7228007037112
29317,3980.2783200661584
49360,867.5495908155929
92924,215.65908654086422
99144,733.6411158663306
19514,1988.5459728840544
36391,4397.73356210171
31134,2380.7985439285403
1909,2389.8671327697016
54643,2280.4627383179363
27778,3006.4370125530468
81592,580.2442267843486
89687,1234.0518410509549
13322,1308.358898041427
94436,9301.834106982762
29815,1488.8213743196718
41292,7744.6363510778965
7922,777.3865552419728
64920,13326.570100410136
89803,1395.000433597943
34667,4253.55457297207
34139,3845.717270810466
27684,818.3447607938327
86683,537.3113579901927
41253,3639.6225440946146
94689,5951.990679772736
1877,2064.6916006408283
61892,840.8141790506805
77296,3693.2052536539236
55322,2615.754989685904
47705,852.5570620826148
1281,443.6457742963759
61956,1683.7004575371038
85387,768.3614400065262
58276,3360.0461331934393
95405,1918.4953650873201
65734,924.6413140985131
78448,8352.220804760605
54176,1164.8170272679538
44745,3877.151731677797
52327,1613.3349115316514
22544,4324.36657690849
17727,1002.1681879981551
52529,5884.364425095636
30650,1793.7493365475802
79494,1396.1648516141747
58591,2480.3413423156317
34370,1343.4769926587335
29230,3382.2233157972314
11763,321.64756349907293
6670,1480.6462587705303
84156,1475.292834829796
17664,590.9900332381537
24860,1110.8381457405123
11174,1472.2168935032075
88065,558.7051422649415
30281,4678.651678594827
47577,30922.142160837073
23127,966.7389446043273
61104,3073.6470612954986
39299,1105.7004546693609
92127,2025.9284474834797
24765,2067.7371139197344
80730,9343.301116177314
81245,567.6383624768874
6190,8066.4841174489275
26482,1467.7072713850273
4436,1748.1852218376457
27118,4698.227670169378
30868,1122.3596165594465
70019,5565.177112572898
78894,1810.4159992361883
59964,9372.3662815
47444,3140.2872511249866
80756,2708.64178431738
60860,3949.054041518006
10562,12690.054157562357
18022,4276.848134705812
45369,3101.3666157234434
90219,378.9754618053629
11166,3204.9880652786533
86187,1467.2475603689106
1659,843.0010480814218
2912,4104.626397946102
19163,1498.3251676756713
80930,1798.590275128866
77086,3362.4397738271523
61709,664.7674267502078
14081,606.8340788404871
42792,1452.7068484188183
76770,5809.880617620356
32930,1542.9536135538385
39099,2814.117638141851
61633,1788.7113565041
26636,13103.170886462214
22172,19032.48753955845
81538,909.3367972986043
11108,490.37427711842923
87860,6886.8153564211325
74758,1036.7322611974653
24099,1873.868504173638
75104,1216.1664629228378
55883,1647.332262278733
94825,1121.7006214496844
15854,916.4989899966728
53284,8556.901458514096
52054,2632.8752019435206
29976,2080.429965115921
39966,728.9654284294277
37241,4215.796135185217
75277,1801.3232577218753
53689,1226.7242715596376
12417,1618.2304376569928
72169,1161.869082136596
49191,2757.7275248095034
23617,3501.9660187332906
58579,1877.2057930948395
76202,3008.416682998608
91679,2012.7093789673643
12467,1720.1092730609907
75865,2430.092498812407
98016,3392.0709487316176
82228,22998.212195856395
7783,6050.0296371082495
81731,3710.1685557840424
96936,2652.1676132385237
70851,3159.269168495217
24003,5668.957128291444
7161,1791.864160836212
84367,838.6625009701462
21542,3018.24776736654
73322,634.5609908607945
84073,2165.986851581581
50326,949.2100072300962
73377,2698.8096147511674
60767,1393.9704660936331
3881,9757.03883404697
58656,3205.2242156791244
94100,2307.314310506719
14645,4099.559578551144
47681,2632.381198188572
18534,1443.4685443687488
26603,1032.8674884812096
65512,1570.4289448440745
74500,2803.4436858581944
43303,2297.2539868366703
70138,706.1628110373643
33403,13211.952370471126
76896,3370.085210171833
5107,1775.4161454054977
83525,2467.458262231353
8331,908.4353275791352
9544,3455.4720145160663
4311,1387.037693474525
51745,5362.146449948007
53837,2551.871162028929
69252,761.790280068276
60620,1210.9051172300096
55234,3717.3883042686753
97740,2933.908997164704
94328,1585.8399109674842
88004,5396.427204107386
58568,23872.893989854416
97049,553.5123428909387
67772,1825.6265825994005
97345,816.5587325482232
75271,1215.1507234636408
85595,4502.458642868397
64523,10163.234253764544
81236,621.1973743996507
19416,4168.665190571882
19341,1387.2001004840865
70983,1964.9368284294635
48768,1381.4879269619614
21081,2459.2218563572887
32103,441.26853134032444
27737,1543.7683820711484
43770,1055.5560650309299
27238,5008.33424593294
55227,3129.082479332808
1969,1776.7279336035404
72798,1196.2878500767697
79451,673.5766872691269
3421,2315.106575233392
45965,1971.9832446048579
92262,1804.294867956104
48779,5537.291325110712
14591,595.9237337867263
15676,2211.231563002878
66862,392.75816572502004
10365,2779.0529634271734
25172,1921.4443767616312
75331,4494.017713757899
54665,12401.078627847632
66746,2207.3752738692165
62683,3026.0255015999046
50096,878.8210328066431
45414,2707.977903413612
61893,1076.5353091902853
18501,1118.5625268649007
62915,4410.60772153779
70777,2641.575510122108
44504,4058.6611620019758
36584,2504.1453675545035
13393,1047.5577659731325
25623,3379.0037631198315
8821,891.904377845342
30286,1765.8700319182606
80787,1042.9899472628128
12189,541.3580780197799
55679,2863.0146642558952
10849,1897.4491635188426
1840,9567.333688668228
1778,1175.5866447923993
21725,2255.4443778994996
78028,2780.596211370247
58674,2171.532685579542
60148,1822.7051641936566
8988,1739.2956796386495
67420,3061.2227585750456
11757,2315.9908167490503
22368,1076.1269173388441
54674,1090.6133419980997
76983,758.4283432314747
59013,1400.991554032222
1978,6266.679962873913
22371,2926.303882647586
71877,1267.7646935506314
21398,2537.078384377946
46948,8683.468270796791
63387,303.0267968929459
64869,5658.935467324046
1326,978.7342209504066
35096,2048.518481237329
8375,1066.8578173018884
4271,2536.0049128184874
33654,3153.9687762995795
13881,489.09091246125985
3990,861.2008515509453
73234,2702.868838018767
23640,2462.499872480295
75085,3564.0349165387647
47064,2480.204815859627
46292,5703.8173571281695
78794,1828.0460267010048
41068,1360.5981251368894
15388,816.5028189613148
21424,3933.0760022256827
83714,2648.5432945223865
8068,1391.3521958378224
1514,1374.0430941415623
83089,687.4804712673002
83593,1898.956853802602
42688,1236.7790330549453
71317,2040.6154030218142
97809,4570.517241531397
86344,1786.0477472201692
92268,1795.0279128157538
53528,3632.721336203176
63164,2432.62049086505
72434,2936.6424941697924
35443,11270.147752842087
13727,4962.511719814274
69304,3722.3873678806285
2157,2205.8229714990953
74572,2034.0759125631166
63896,3567.377494687614
41861,2792.7997597058916
25214,4972.653420434177
91930,1383.0068936790215
35945,7706.807901744794
3591,1076.437184366794
8484,2027.2868346681453
90893,3854.6336345914838
16752,915.1612597884618
47280,2636.1667150065055
23574,654.1763652872515
53932,2959.4394438034014
79073,2167.799141937028
26031,1246.0981637030718
36828,772.5863826673902
6382,7782.59739092274
73602,2289.5539824997745
10093,1379.2643611722451
78427,907.0207752009139
3716,768.7331459662702
89830,515.5911902377863
58540,4564.626381932914
24767,1529.585471485967
46764,591.1181279794365
45341,2457.20489528835
46288,5690.524005302686
92958,5490.936592836867
73686,1836.1148896626278
93130,3893.293419553637
28432,619.7485511442043
15657,12769.760507491867
17359,2348.4609007148574
95088,2392.6705627332876
7579,1752.9939260202518
97475,643.1787634330682
3755,551.3735080085658
79913,657.1307388509823
11007,5926.678393866419
84999,3524.933686995926
93532,1386.255800366721
49921,1715.0220301654763
34401,2237.541794615535
45435,1069.9605800603954
40702,1636.7798395079835
64774,5003.481511625595
31545,2876.8541145757486
86818,2578.9502943788248
35640,11295.99946671568
66966,890.8001618802526
77826,5948.6627120204685
45869,271.75438369688624
24538,839.9350823210228
35593,2173.605261401882
69603,2494.179327787873
20639,1262.5385488252648
25628,2272.044128525956
78222,4571.554702618821
76369,2800.332364908678
48001,13430.928905227729
65245,1688.0834399000867
36869,819.5975447453322
37708,476.78975242901817
76861,1023.9192941361961
72053,6048.237294240148
21152,4268.392653778692
21918,4763.879756972452
30802,2257.356027495662
49992,904.2697326463713
36007,1834.902740963276
30741,933.2246235380803
88896,1346.9512447374711
75158,2757.6222056819174
38730,10138.468067952565
33796,396.15426081668943
35685,579.8346796021758
54618,3790.8881123875553
32050,738.6426421651576
83352,2729.7555361515538
1436,360.8263193449154
43664,1131.1038770933849
83498,3316.152801761869
93669,3305.215764446386
16215,595.0336268090431
44512,2065.440438959304
68633,4418.514064972757
37887,2426.560159365104
5657,971.4385015477925
38804,1737.5474773433787
86474,8006.2406342460135
75384,7774.025965339482
35778,1198.108073144506
48252,8652.714278305328
54130,1556.5858653364228
9516,1063.8585715886272
64126,5998.450568176266
52296,1343.6283382713455
88836,2780.3973091989074
55669,8869.347495094928
10021,2287.9367301441675
86094,1357.3025668023704
37950,627.989337303245
83360,2843.8674392266526
43211,847.666328286942
88416,9652.173244284502
42314,844.7697818776039
45567,1390.5747630313087
38983,2397.200436578853
40786,4992.613417934568
3379,5922.5328405896735
95413,1291.391424067536
7086,2723.0376207739096
37947,4648.3401543570135
22182,2400.253118337577
54759,3639.9528378301675
13523,4704.675474912112
49882,1241.5337297412923
71399,4586.883318730982
7782,1332.0305982824946
98703,1116.2618070713984
3309,11816.644979341558
21206,7437.738288116914
15619,3969.584971011031
31902,9457.450160837274
94725,1854.9687331879682
69049,1222.6693236750625
55847,3018.0441405878046
86394,3415.4834712606535
80272,10648.04372453523
23100,3460.8124152836012
82026,342.75007763789904
19238,1207.5081085558784
29586,3946.3135774485277
72253,387.0522917097489
14578,3918.0848348800296
99733,1442.3624769305777
50135,2252.361285705241
23362,311.96878886501156
87896,855.4715698427292
65086,2015.3930163330301
56530,778.8958754276377
37781,1126.6690473473093
11679,2399.409376061081
94468,1874.5286994178307
47263,1808.175912334362
21191,1750.1410101278764
84254,2535.5487574748513
97770,2198.67551590495
54875,5231.492092780185
42514,3015.390181581835
37089,4537.600012318615
89984,877.3438315724796
5171,4916.543547450902
10454,2610.8051228894196
49370,607.3499758981405
48027,604.6278858428238
31804,3125.801528680308
17897,1054.441910565904
32188,853.8318867086249
11384,3650.2795580613442
70904,6603.28768952382
29618,7352.419364773477
92154,5157.405881524602
26958,1818.3703392617192
91144,12891.585294006367
65095,2596.633467681083
32812,7128.72615491307
25382,4068.387883194622
54773,609.8673553927426
8219,2553.9854066940434
5372,1260.9796237998876
27429,828.9521085161421
65659,4237.2226090929025
95297,3696.761819463222
11120,3667.9449030074306
94809,6016.565352534957
51310,4104.957399585668
36419,4578.041793702702
33880,1931.2887905191646
95820,5368.594984020555
66505,1427.8503065647262
34565,1604.0161850969714
62396,17347.362410001744
2678,8140.532378706923
50898,904.5107431736309
63441,647.2163394115765
31623,1843.0764075895938
90350,2576.63356893991
72281,842.4091850116953
76874,1528.957866573322
677,8480.221351826634
45172,1919.7421261214213
26680,2431.9758181107964
47389,3648.7804861729237
77247,917.0304057640501
66328,3999.0948392645387
34637,2083.2077298076915
36953,3226.5468615579866
73346,829.0991568268863
71060,7724.475062497184
9408,747.41621730094
62749,2501.8062806271982
92131,4243.414527090163
60589,3531.6666962903155
81137,3119.3954647640403
6305,2801.864198701623
98167,3412.9112669657
69368,3365.8607463580033
52948,2915.9370355876194
26384,1202.519975912565
62813,1657.3468491498595
66518,1447.5011917800764
17550,1059.4216551909253
71203,431.62146554055767
59859,3832.853394043087
61657,5881.091403643339
6240,4566.977851414129
58239,4726.427092005734
44498,976.7485666594076
59585,3968.484720357748
50590,4996.094467859876
596,1825.7289602368671
17821,893.6976069793565
12837,3398.8448957764886
90076,221.6810092951606
55328,3247.606049496951
97150,378.4634139532899
54044,1449.0374449516676
60195,2488.1287876525503
43489,6424.1354109841395
40808,4502.3297580489325
33222,3593.545684404225
19928,452.0731880975716
9555,1224.394040034039
40118,4568.740521508812
2265,1375.8040454252498
67338,6292.924775748474
28779,839.1072829216907
14526,1229.8796095425514
24683,1764.4956858889138
58062,2759.243215695353
81124,342.56259800358043
97211,1991.3320444563376
28561,637.6344948790631
14669,2254.1898013291016
44731,3404.7386452212036
96207,1024.7964201127857
92503,1479.2615420135505
11885,5267.361477741381
90948,1805.0366052305333
11812,2128.127736804849
27651,1373.228315088332
21821,880.6853118142654
79348,1850.602448910841
84602,1475.454281655798
23388,842.5844304949609
79168,1743.2998645119308
52051,1895.5554118686196
32834,4027.11694651228
81365,3009.22673013013
78128,6994.484351893027
39623,1151.655176343589
98382,7388.052585307924
1595,8195.200494365525
44184,1373.7075403353806
67146,4679.926002547365
12385,3607.946024432572
10655,1344.5761143206914
97044,2428.0020982420247
2553,3602.546011954769
53458,2574.3941799842987
44105,2167.053379832637
27011,8209.584225184522
23778,6152.867311704301
64791,1849.7975454809064
44598,2040.519224383422
69541,2411.2300660564924
49564,6417.299769931544
84648,208.34169389993548
32528,2887.114601936628
57860,3760.352843221659
30493,9395.816283623413
72888,5197.771150474502
84913,1545.8823781592557
11283,976.6424729554258
22263,3044.289697813315
65440,993.5150118327781
97538,1916.5029270941181
25571,3222.796169136214
41331,4016.8115390570756
70395,5889.38820248778
52485,1959.4172568520623
14684,5439.314355220966
49460,1996.892571003704
15043,5846.430877565021
84849,991.3976324295373
22428,901.677284097273
45675,2864.066489097677
19705,2593.221460873068
7606,3615.909082226229
78637,1100.8026123537925
2992,2641.1646537556826
23158,1478.9163325208197
63933,779.3840193972438
93574,2736.298244178662
36295,6060.019395241166
73493,1986.6964962202478
23272,1058.9768404491658
61476,1924.520557538158
473,1029.8510309642052
93675,4785.2325922357795
59273,4274.146970507275
57606,3118.984433704397
69002,4459.421014027048
60583,1659.3700463507457
25205,7971.510698083687
74381,3066.0013970586574
7312,1033.0821341772712
66287,994.4535798255548
15064,3395.019734465852
71789,1036.0794998361227
77664,2837.0242114253365
95074,623.0938476302267
39065,3068.110588937998
50807,36038.21308514246
51213,11278.38768991603
93826,1154.2923768838891
29704,2173.9670508702743
50556,2146.335777347231
41046,9097.51701483248
51274,17907.22131412503
9971,2113.466932903323
85298,3725.6477539358802
9972,2691.7529011630368
90858,2682.3776081590386
70975,2863.3300389338674
40390,1833.6933188771945
43536,770.2063813650587
68645,2683.262779186284
17107,1334.6938828412337
67525,1335.7756001583095
12303,1485.492237531614
23656,2789.804143200149
62971,604.3671238885897
66286,1489.1167099153631
38097,2773.051938906222
27362,9315.623288108984
68274,4051.4057083704415
85753,671.4901664961826
75036,1531.592597266443
38269,4485.089618800301
27066,3354.655151757909
1843,993.904834824522
89990,841.1067615600714
23727,456.42989384872885
62133,4242.755767717518
46652,4087.4348702842844
58171,3926.819084758083
51755,2516.798670702164
64416,1995.1639562856192
70320,679.9573335022825
99268,1213.8486398804173
92134,1273.1289524115273
34302,1019.4491484337324
65400,3998.772984604694
89503,1009.5176147842925
88459,1185.3447228517011
91062,1928.683862386789
73047,2335.6699606605684
14925,1498.2346019876422
32024,4835.7744203082
90966,1101.8615777678147
90232,1737.0348039688877
85010,1364.9607365798545
26807,827.3681804567213
82521,963.2691302280258
2074,1314.682902876562
59965,570.6551142128385
54239,1477.4513471396106
87641,1383.4902670934923
40126,1472.4034692207022
59260,4286.748479784549
12643,684.3366080959836
12029,2197.127135736898
10728,766.079282034747
71002,9915.486464134878
70393,6802.543816609539
2162,1786.0961228989017
14471,1479.2321242909866
49083,3638.5620180648357
96986,1271.2528771145624
51991,2221.5793189989186
7256,13437.483375192895
73858,2510.9155589603984
88557,10759.753815974485
97789,1565.0105229014266
71384,4165.898609876514
64048,8002.185366521074
59821,3660.025273439025
13524,3599.3624206584886
16433,1599.1944103100361
50947,3365.0725164240457
48648,2559.4430499494656
91765,688.1628391762434
16464,399.70187290755104
29237,2054.2487903309707
27948,1547.4027190208865
46719,921.9656995577998
88194,1573.7825481024236
26985,2021.3460599500659
61527,1939.5021251116991
70609,3843.9035133831876
76464,645.200490718109
86308,2014.9625772895502
41304,1406.456494390487
46627,5459.388359530828
45552,3308.577055221354
62592,1471.1586897911411
16406,2816.134504736135
84889,8619.190096492272
18025,619.113497314415
34524,5137.80553959913
73100,1393.694240076707
86894,1027.5289557300014
89453,849.0583555563252
93369,1331.151008384818
68558,3066.288721233457
85890,2980.82371554176
576,980.7819424873402
91423,7570.502482940702
33498,1776.6862845034366
7973,729.5738604407276
83664,2245.6225767745323
61775,3930.8897743503976
21388,8279.246328415715
70654,2844.401548484553
24632,1955.6151719824709
38958,7577.1612566634685
82962,1825.3149715146328
32847,1239.4373785814196
33064,3195.2762507891853
40964,642.5057449939159
6827,600.0459390187639
91313,6613.8043466592235
11442,694.322985788809
96051,1122.4358112348843
87202,3494.7030484390234
68210,1363.3171893962738
11337,2015.3631690742789
68249,6034.317543566379
89120,1849.7151310177178
90285,1256.899537505335
27556,1707.499264197364
62479,3162.635720124455
31613,2526.640686318632
88170,3680.663129672809
52639,243.5196179580622
79989,1959.8606353712576
42800,3364.0063321140706
62631,4234.562882446734
89254,4986.54986847764
61887,2666.162931915837
60307,1472.6306968401427
14869,2947.1083948650266
14230,1043.4858238436752
173,6883.730947888968
84792,2332.3202750991477
23991,3577.893014989413
86049,15027.719098657875
66519,1406.2528934154532
49639,5766.836610207672
95193,1814.342001885542
25514,1801.554818626329
75600,2344.4200762845667
23551,2277.9572667215416
1582,3596.272389273526
25403,3492.402261261775
59158,1030.8351558805675
35026,1237.8093990770215
67578,506.37227088705055
88719,3084.9504747482983
9948,900.0995540942296
30848,4728.243865336605
60759,5663.646927137723
4508,2153.790117740352
76758,6096.267690392386
77986,2734.2983792850123
26604,1625.5910863386107
64892,937.0183877397998
82324,537.5159180726969
36337,863.0841355014958
12590,5410.79629094413
17308,10452.660600030946
7163,801.4248044962412
9218,2084.721172418898
56789,4254.947072631105
61765,1597.5214616938283
35432,10777.341313788427
94860,711.4057955599224
98951,4076.764686732141
47861,2229.551440806353
27005,6023.419695002242
80587,2217.5188078310566
62121,817.4787349077596
12756,1845.357541393829
10892,3002.4191180976622
43991,8364.808281129805
51335,991.927419541685
28321,1643.4803481598203
28895,1532.0906677134817
75480,758.1022491469499
19955,1053.300107140288
460,3384.628825041874
30060,2182.5518538392744
86183,2322.457786294887
47323,2379.953670703727
72469,1669.000448448711
72447,2632.876335622212
72303,2801.086602819385
4215,890.9092918385928
96327,3219.6599024891275
59674,1008.4883743196592
62126,3506.886961045426
84747,1227.4161491242894
71118,1826.0566920282051
87518,2246.213341136012
19019,1162.75097869945
94764,3590.1739025088136
16798,2378.1658285519406
1768,5700.297181151845
55126,820.8949593032896
36984,6435.508157359407
64144,2439.7027110482627
78079,3488.679809985623
67739,1385.777765880106
38299,1829.3005931520916
10326,841.7000327568211
14457,2346.1751287134402
30913,1590.0198810151842
76831,3997.7752680747826
33722,5533.082502954291
23260,7053.467976260696
36408,867.1584699361324
58755,1120.570013534247
36037,6254.6265397208335
46255,7790.397564620107
59284,10834.92795390759
25798,3774.0965397346718
40016,1062.9706518261785
77389,4364.587520251583
8500,1698.5986973918607
78324,2640.5521491552154
63870,3950.4458940124614
18108,2748.300664129529
69315,8781.264706531345
72247,5981.248397110799
88206,1975.3413131319153
95198,991.7253413269822
34018,862.5293713109754
84688,1241.523607359813
68921,765.6781801862472
38911,1392.4556419637076
87308,1273.0865331050747
25666,4214.614184657917
9220,6119.29387801652
80725,2438.980139823622
1438,2163.9585800219356
29838,2444.3649437653935
51338,1829.135948390188
48719,9574.441192816244
3974,410.0285973478277
8886,1775.006409629672
96235,6943.183687299268
28855,1036.9365872693697
67204,2100.0540670599007
7787,1398.8002756413089
92113,1510.5422187284996
71472,1776.372585880453
11832,3043.2694054711583
61855,793.550255656865
26063,1617.7202511720793
29021,4902.03680067396
7276,9994.944561115057
57453,6208.015755388331
71529,7183.653508349688
22836,1661.6873267653596
97233,7278.194688987369
74375,2021.0881640151526
63362,1915.0646432150415
78308,2160.1093575502814
64593,3682.1086281276175
87112,4718.407718591844
63745,1449.2511092767177
63554,4132.442136986383
70888,2315.4098043990552
40766,1118.9463631508625
62956,2747.8631985539196
81787,761.7449905325554
81070,2807.0444808424936
35978,851.0184286786035
40747,977.8395394936722
60571,4110.642954174669
13558,4050.9422873431827
3529,1501.6034973416538
16386,1462.122099962477
14823,7699.693895705184
14504,2830.885696721394
8489,1085.0172397078823
83241,1532.3525317132464
18099,2500.0256983557015
59599,764.8122297961113
4845,1007.3863694809439
11162,1056.558573756316
92273,2978.659431643878
26917,3160.342832623258
92068,1683.1610789206784
7849,2862.1313290519124
86206,4009.5695768100736
24591,2099.2730802380684
92434,6065.744575683466
60410,4389.620534042988
40156,1826.54090670202
77740,7280.412550289021
78023,4338.140179077934
1149,1546.8593345927095
48047,1151.3525816977128
68445,5553.033078092472
26975,2366.3108511916284
33817,1206.9540876167673
24581,3874.411095714033
82242,1636.4951960361802
32061,1623.1274312385835
50361,2049.619280232017
82674,3847.5047236827845
6691,1026.8212076658065
34404,1203.243384792781
81157,2666.332070420982
38326,4284.628279117746
62737,1291.7543358818593
72914,1920.474208172055
83881,2488.893429264322
41984,1941.6442068841359
42211,1481.6913783286357
1650,3976.2273928094382
51869,1635.04734393974
15429,4521.341298563051
32814,5491.703549132648
77772,1617.770380112646
37131,4745.585805472687
53289,1483.8060773966524
84809,3667.084545746641
62681,8377.12221184716
54434,2213.3122878377285
13277,962.8842897733788
98601,2018.759948778025
16280,2459.1282389154826
75797,7541.411630609461
57895,4442.8847483590935
38473,4925.539967598566
77600,2610.412901993952
53773,1293.7719788798074
12365,2201.3903839853474
14927,2494.877788403541
44060,659.0535233934974
62979,8807.09022619851
89275,1180.1277535743025
61123,586.5906523832987
18357,1591.8896407334155
32840,1750.9426233818383
90430,760.1870065247022
60877,1374.3161683200012
50674,2127.900892678167
60418,771.0233009243776
95540,2323.9597892493357
61192,3667.1925843749527
91302,3637.3485503287807
43487,747.5377739068681
73609,1265.505206558065
22421,512.9742023022532
14370,1758.1691749924375
10840,3082.863944855102
30530,1127.2661608126755
48887,917.8432952668528
11118,2104.901377400954
17510,1162.6286466739111
82194,4330.186167038652
86715,5268.592141886673
48515,2596.582066492869
23163,4440.81304117684
77316,3780.96761794136
54611,6104.726244215269
47955,5186.2957844060675
74723,2358.322585736533
6874,991.5585814146954
13846,739.1576499004278
91716,1005.1987692862328
19461,1461.0394577771044
77182,2459.7226689165404
24796,5189.45466247347
24209,2161.329732540787
84496,1431.4505077705576
32217,1102.4859098138752
62017,722.5802931350128
21932,4582.118259089662
25250,7387.710460096644
38398,9765.961214355379
91294,16054.61801350318
62236,7122.3101535683145
75003,2057.3518050636503
52466,3987.7692945472268
81642,2204.7022565095754
27200,3147.159071848739
42106,5102.2552031597
80873,9006.256455051525
33495,4278.977293066235
75132,3831.050607230791
5403,3221.00430857053
20271,1084.7622870731145
5240,4323.007706521489
17709,1623.725233092765
50349,1410.0215831176345
3345,490.8337528527366
94109,311.4568054780246
38747,2097.8509817095082
63901,2434.4160238867926
75922,1138.9225242861644
72462,2942.3929879160974
6573,1576.0579486878232
79814,696.1943141245059
7938,1399.8409695765554
43276,1856.4007923406882
91128,1458.4757157459026
55698,5978.2151920188135
99716,3938.3243198856617
54112,2149.159774577476
10150,2564.4330174241863
36712,514.0647650231666
60331,10755.397779522415
10978,552.428387773909
42115,6027.733693777755
3866,839.6050197868783
59064,6130.375783652813
15714,2183.8054506065846
52364,3559.9822606370185
63859,2767.3822282375386
4736,7942.145320034531
53219,1005.3339759668779
16309,1244.5344999014837
32599,4641.982258791512
74720,3882.5086845648652
75072,1632.4241467933007
22893,1016.3631769951297
83109,2054.008507939705
12248,962.0708019301262
13965,817.2301704801982
51654,2517.0827141058708
71428,1458.0168434858876
98640,1841.646773944795
86024,939.7572166241504
24800,1611.0395636478086
28442,4022.6010057472313
49747,4519.399162897205
37610,16711.51796374633
78544,3024.3286242238214
71127,1537.100988111261
55849,2496.978392543523
33670,638.3315456098516
50486,4168.493390261975
79086,5295.643550976537
79564,2136.7257919121776
72323,20278.320668740937
6822,1143.157827664862
88385,1260.255148456205
56268,1157.2191561662898
49279,2147.426781327206
1470,2988.460626458916
78857,2189.0885511283536
73331,1745.2985911337898
93210,786.5511639898043
93918,8422.808133743307
15539,1648.5671458378872
71915,3047.3644393257773
77355,1171.4448573527127
17934,1450.0915393902155
86377,5768.854830507527
28642,1128.4495343822657
26328,3711.292722063319
74392,2219.2956775493276
52352,2111.4941328774585
915,2677.7983420233277
302,2567.3304779821833
28275,7870.687012227783
30342,1574.8578604595489
59862,3334.3606387997534
18343,3685.8505181583614
71049,1736.6734723333686
77113,4899.936695702906
93222,688.3604632373139
14336,7934.372322508246
73760,2491.868113232145
20477,6493.934912167742
16517,3040.7024299330938
92985,4069.274587419821
29808,549.5244606227474
96785,1871.5745202955247
92642,5754.00652191851
37882,744.233713334774
81159,1839.6665515684438
94165,3828.8738978511547
39124,2020.6812997461363
78521,4687.336358428076
93009,1700.6672719811288
52,3860.042423597502
50414,1315.4121568111716
81351,2324.352905693964
47927,1359.532772234717
69823,955.4257247563996
90622,6456.6505284721525
317,1564.626259610341
6971,763.0268030569104
63276,1501.977693133698
64194,1823.5636744949652
99427,891.5867783034587
49045,2686.0701590427066
40767,1845.9796007794464
20689,1883.5003785217407
4028,1154.6837107167364
74503,2371.206169574393
65633,4594.058494502087
44267,252.73278006296252
70802,2224.672303510678
47375,3573.392186650468
38536,2211.26192341101
34211,2872.426515808467
94183,909.2993874291825
72448,756.7925408945755
74844,7393.977442679048
95263,920.3526985479197
80285,3080.904651198875
90985,1592.9963560827389
88033,4054.4460053544303
567,726.900221768557
48824,1161.7143060294757
88179,2075.1948138924504
94572,442.63711158555884
42859,1648.5587722758373
62552,1387.4249337170675
64896,1196.4898402010142
4693,3368.414359154955
65183,15840.320486713641
90846,1325.2121551867192
67582,5305.609501654677
37282,4067.3802234896057
21845,2366.023112904449
9650,7845.115949972295
81665,1118.0919383949479
41072,5129.787600244316
88101,856.645894354267
90372,1121.7919905706829
61487,1256.1225529331045
60242,3852.011643684906
87189,3999.096373039086
96313,1245.1869684004039
4017,3373.4854272131706
91014,1992.8810094494777
20164,2412.9652818626173
86909,2328.6652357428306
11876,452.53246819957246
61329,6042.278193586149
5072,4391.321222080695
57798,7561.485594745477
89322,1819.280679599884
54501,3012.2472730252184
97513,9699.9923968664
41634,2304.6354033824227
38837,7008.599109705199
78801,1353.5107518840819
11203,1829.2817580895533
5318,3210.4402688454707
7164,1089.5824492957113
24147,1768.2674780423001
39468,551.0014328518383
70309,658.0795809893386
2480,2210.7674748158834
9322,11261.600353297858
23405,591.1703901630195
97376,608.8862771538287
74508,7907.182463840065
99576,983.6890989850941
29585,5657.093435726625
72083,4433.756309607757
44225,3236.7031162925487
35188,1820.1648872429812
68970,770.0502328948382
24572,1677.2276142154917
31210,1647.5589439139173
17623,1173.4978824170664
16672,1538.4508613760013
78140,1543.4202688684288
96446,1647.6327003529898
66474,780.5743447755297
21028,3059.33897389841
8676,2287.5720412059813
553,1262.6241469629508
44675,2838.0300563267724
70380,4591.801949211146
63983,7062.460053694129
16568,2744.81973974104
74491,1504.9057509354097
1168,2411.4309130132538
76377,5695.9487039592495
34473,2726.2687642922992
64582,1583.408957163128
37988,1695.813865896487
19575,597.1832329656262
38418,513.3392713561503
39661,867.6840403257197
54866,1290.8400266589529
45170,752.5515365963097
53448,1489.5407536283412
70270,4988.498522396985
74274,930.1759728180051
89717,2229.7463261908106
76768,2765.1795574437106
94,454.2461890959201
35822,1870.4849330314587
19899,2418.9390002574387
11190,1737.7100794328271
91971,1648.5996832974608
19912,632.0774827455444
63200,1686.9536666740676
16375,2764.92784348362
52238,2092.500341753753
9536,1153.422676608103
40707,1673.0709150150958
74220,3315.1634899824367
86481,6643.005851843888
46592,3661.5936193383554
73904,1591.0493568030945
2953,1068.984771573057
68894,1300.5232057781018
72399,6411.7248967821415
6378,386.6128138311547
60636,2751.8771947303985
89001,2176.6337411849668
43882,4106.023062806987
13497,1382.0966665792628
64497,2737.645082008612
7448,3705.3914353174955
16057,4055.650764210848
37460,569.683141557006
37345,2905.7940733324967
49726,2146.1019523885343
49819,959.4574859345538
79825,2023.3207124020175
31789,7245.505683512719
63074,1502.5803600926981
76975,1174.8088913146757
81855,640.4360248122368
11682,2013.4406357473636
89919,3353.673946001623
86092,3962.307981568682
41045,1762.717535412832
69217,1285.0703450157098
70885,1472.4468941031703
55135,3683.724079028956
70326,3635.882232320974
64063,562.3016669478458
92,3667.370391482987
68592,3144.547262312593
9451,2207.005710891597
39888,995.56058647348
29561,2879.9317974634773
94851,1722.844463088273
92468,8082.328295240702
59910,726.2341439223592
57660,2376.671328048874
47589,3390.9756688617986
52942,759.3057557184608
52539,3492.8485874409353
34881,4689.643404584349
32994,4094.7554517353838
34219,1394.9528773278496
98646,9085.009995555665
77810,1930.7037141106211
44150,2598.2892886366153
90459,2594.673761303577
28824,5971.332997839101
41159,3202.4186561118345
94082,2070.944016211046
33012,12677.579847418243
44518,757.552151014041
31187,877.673692958254
66490,473.47138681149266
28404,10867.899375404702
64181,2012.2040127687435
98626,2772.7131788471565
61901,1699.961545540325
68625,5382.323867838625
34701,757.2666686907174
94754,581.9007844807405
43228,2123.4341781330527
94258,3125.9666907814826
96863,230.4104356258369
74334,3223.919815001878
15364,1934.2340291184976
37680,3958.3897351410333
4597,1775.84388427918
33385,638.5768364321385
11090,2355.597040406453
68822,1822.9774999797764
37067,2444.252806083269
76236,1091.3099134359234
41095,1729.2988969921034
857,3247.076510043858
89692,1488.4986143636604
14529,559.0301380607918
35407,2054.0904338263513
7743,1560.64185004397
17904,512.5634560813713
27594,4817.082892685538
33434,694.9247299467041
60782,3259.22362214106
41952,1803.6865229873972
50967,672.1392729444746
17009,918.5828003904037
22357,1133.8839814170092
35367,328.93701349188854
90868,5894.185883040566
92980,1266.979540099532
75263,1887.5953578513752
29850,2968.5807347799155
19894,1349.8991859183539
80857,2643.3876132894866
80680,1263.1115068932136
62604,694.7239120000653
22532,3262.571005187796
12701,531.4544572333848
22925,2370.0159049021204
14397,1803.6154857178622
20722,350.31503089764294
49587,7883.083303969327
99781,2805.3308360356536
72734,1822.955410753457
28758,831.0659458335866
31189,11411.676763945075
52915,2622.073553213202
89901,754.7504847729736
63332,14884.046931355326
96820,3030.6440175245148
87485,1318.4248242746546
30228,354.98368876133827
22812,5474.364664574228
28084,1381.828042227977
8681,1879.6196614705702
20145,518.1008411522399
13941,1047.7866248059593
32530,5107.0839037680635
88204,2190.0758492713835
32907,1581.630385158948
80805,1585.487915462073
17706,21038.040476437767
47605,2466.7495558804035
85498,3353.6477148145923
78392,3679.5028151111605
30973,1802.0543561614738
63928,1644.5210276925552
10177,12878.819669876499
99050,1011.1090332091158
80916,1873.8620362153447
33256,3191.1782317602015
97440,2481.9914220591772
55306,1447.1244871034637
64824,3452.3095865880773
35346,6405.812026150149
36290,1421.6619759148105
99962,732.7987711446348
57605,1516.2320099335354
46114,3054.1688816313467
27882,2844.5506091874004
7702,3584.6066109313506
2773,4891.5476550014755
41187,457.31459952481373
95301,7302.114970417867
78413,4575.061157867273
64794,697.0101123234421
85450,1915.4701801101294
53645,2881.6320938125596
82315,1865.7472004005956
69711,1606.0437878623663
97727,4371.085176648345
69320,1046.112392367211
1290,1413.7865819558995
23382,251.77991888220882
47999,694.30027456899
65618,2154.898798752006
64834,988.9995635129173
58556,3152.2578066828078
94601,3236.7296846885843
28246,2786.674080245983
26334,668.8476496102478
21912,4563.157153411864
37290,2924.300307677667
44081,439.9577969045956
88842,1801.529874423998
71272,6137.800880456402
84191,1333.569939801199
36236,2213.7869627262476
45037,4647.179669045046
76077,2422.0080060298096
82090,2169.9544762758233
97633,5122.265370237882
98447,2490.5684167500676
86838,5385.467173004412
46797,2193.2850920335754
34234,1101.3521851414598
64677,377.5075489692501
54381,1023.9980452275727
52593,3004.0906689303406
20767,3036.22874269198
70959,4032.051706087958
31732,895.0107518349571
23137,14030.469896150424
6216,2812.910682330082
95005,1079.4587686802695
8108,4668.64287700594
26730,875.4604561286753
88466,3485.625328072713
35616,2057.5912241723904
56989,7071.838040024373
53710,1029.6916624003588
51194,1250.5805335310374
1067,4552.407476523163
21705,4149.207177194955
34185,3211.018251054269
37856,828.7549111406079
7414,1281.6596994127215
59960,2575.6182078836705
584,3838.6053932377877
98331,840.9124093577118
32707,2067.75527459729
86654,828.7860422113146
63731,4884.506204369505
65346,3202.951288547691
78622,1999.4392411954727
6958,2725.276834981301
21287,1361.565642338123
87853,2679.99402728714
13833,831.0379201464798
42184,1896.984907971545
67139,2122.0298834747705
99494,6674.470958125948
61676,2620.086811256345
37050,4302.725046009037
87786,1941.2698471833144
32387,2381.041896982482
62058,1891.9528302729918
77331,2589.692675374807
38883,3624.6546696528644
92765,1170.3423420225456
52615,2429.7966692544906
59806,2656.580628581456
11987,2900.300130608993
26229,5675.4513715268085
62213,7822.320974704985
31497,2253.576480895589
13646,2510.6356739594567
25928,2637.4260474226867
19314,442.95858272113577
75645,1349.744440560005
30396,4215.461508664317
24445,5109.726596998902
33430,599.6061177585628
42801,4691.247983969234
44548,1029.8106214627019
38633,1742.152051187799
31026,2222.1346851135954
42818,1635.038570552684
37398,8627.40355230219
3499,5837.631548504719
6673,6714.88069149364
19800,736.6553076466695
86655,3808.4001319199033
91661,965.1017967564502
25334,4826.853847756154
92028,519.6310615749173
28815,5165.544286045339
67182,417.710441856376
80248,3424.023136331304
88548,7701.250528351888
43675,7936.4173848249375
94826,1205.094777905791
11062,2156.513742924767
44776,4357.526058762178
87356,1391.3873053806722
94321,1238.964187232036
47349,889.487280350967
1651,3396.316220295522
47664,2200.121850534577
81098,1675.1832584971182
85241,11016.235337007676
95812,1586.4217847149034
17568,1066.13688394486
33267,2403.028930219058
6698,4346.736467581656
10681,408.91928444392823
82042,1760.0852679931738
32866,1477.6727645355165
57287,1385.892417868661
49293,1810.5735837901323
68704,1611.6708848022097
85060,1596.0178950548825
8496,2228.7445808191783
34531,1395.9500841452616
87313,1502.165210134466
64849,1027.02149785304
57946,1758.6029196222537
30248,1711.5968345852982
25981,6264.0420188014
53414,3547.9743035563665
19627,867.9571834646898
18978,2229.6445951666165
44627,2342.8240470931464
1420,1897.287487606575
29668,726.9977869341238
74732,2129.628511362448
99543,1433.582198444212
69759,441.37504356387626
67215,1229.1721494871817
60005,4651.852354164518
70338,582.7573482506638
66150,1156.2776194564337
88621,1036.2981419592304
56100,1142.5764704769442
20154,246.76034540183474
38284,1551.3055780748646
96343,1770.320217818344
54538,439.77003348808336
36908,5424.144247424754
16128,4837.8753883253685
14079,419.05125911220154
75122,9336.7116672235
5952,1754.2907285726808
44946,845.5598319774451
45945,1134.1805166082383
59882,5639.133103508928
50725,1270.03235472977
95258,6156.967499543451
33910,907.2866614918948
13309,2135.392653182693
25112,2447.393416854518
65874,3061.8209371926246
47302,2211.268906808418
14573,1895.7736858451246
84528,3080.704471223897
7033,1212.676800914099
41090,3998.5443043874025
18684,2646.336970412606
54754,966.6714390666509
4320,527.7121555196718
82985,1894.3041144764925
71774,8617.433788905395
34471,1209.7454545706896
601,1126.4466511305027
47227,1587.6927255065905
15097,1494.0408337761821
92695,3590.652843882477
41035,487.2897995524255
65430,1119.0285414544135
38965,1338.4601201207513
95816,326.2928357370631
58634,7191.1214863087425
11181,918.4893890646127
96500,465.6044456456793
79667,1128.7958055073289
68175,2021.1171552049889
30894,1517.3297491280841
83957,1461.50826197643
58174,650.2273131341846
99046,761.6878067383791
92178,2157.731667875068
88673,1093.5892981043169
56017,1250.987034317603
35985,1444.323905147823
67760,2885.823106152579
90384,1280.2738335534762
41240,843.7023695516976
94019,2448.3273974771055
62267,2007.292148532156
17980,16183.798312643574
15171,1397.7559505312574
29901,3611.2563641120632
45753,640.4061036505706
87878,1519.0307396311184
74672,2553.440966319039
41002,8759.190097340286
5595,2920.778040104608
95477,4026.8811781246586
37543,1168.1035021130413
85045,1091.8111774630381
56844,1158.354887243949
46156,1684.847431763773
25663,12394.292153639397
1665,1585.5183768175123
20363,1229.3733289542595
62095,1244.41859077626
86848,1450.9573426649272
90352,5782.466704746287
79394,551.1503386573272
88533,4051.632381127218
75702,1433.5188787560453
92828,691.5483593179258
81270,3710.6156909689425
75526,4949.556647897622
12131,5148.887926907176
77315,1866.2616251494185
70171,2504.6559054195677
78947,2267.798350493817
38090,2991.6645210659917
81115,1235.3021142382606
35630,1067.2685796061705
91770,904.6291581372896
34747,3025.811206928459
21572,5900.883190150555
9576,1497.1322006222888
42542,2862.899965578128
47384,3157.222011733197
13053,908.8200757410393
56455,6249.60296230883
34407,6401.823982064544
28279,6800.373568318581
36110,5368.901815150333
69474,7291.0313314746645
58049,2138.063438119639
88314,1154.315912830727
64832,2759.8453556523673
99909,467.22010060226427
12392,2200.46848070569
80586,1966.6884946047114
8326,10108.679328521603
30510,3447.660020794837
91282,563.9315216233882
1357,4476.06913829481
9862,332.60259373798925
82161,2372.4821955844063
84278,5750.056766359404
88475,1427.263846994632
13398,2961.219054118819
39863,1869.7826701760657
59934,1446.0144063159726
10527,721.3591117007296
81554,3161.453474364987
90840,4039.7147789783658
61845,412.3704529053117
12130,462.7930016378675
58972,1225.2629778032738
83602,1101.7212766266425
74587,3566.114018226518
23775,597.9594365132383
37009,1408.8388037137806
7133,2614.2551177432233
91122,5684.230476921773
67150,5067.093533252158
26757,1919.4439789255364
80541,8168.798007190125
46996,1642.4530152182024
76146,3767.267191992219
27191,1763.046013742647
7528,1538.5835800149841
79120,7708.22028871303
29192,4659.148927745225
15272,8365.10832154463
49756,3855.2663855637193
90999,4425.165684246014
25621,893.6833849698187
77150,1653.5900963037677
2607,1192.2924662670894
58197,5871.718715025101
74936,1819.558144340459
90273,1550.7089341467695
35735,2376.117825668636
65985,2749.5812405558804
95219,583.179431084216
73203,951.072592754721
20335,3058.0152230014037
84180,1222.5213349868318
12558,3980.361198231828
89713,3029.078332406824
38620,4818.418440317557
57912,212.59963492976988
92602,1245.7179430671074
9526,1269.4072250202564
2664,1132.8770395282145
80851,2490.8688164159926
82027,4460.658321475237
55733,5579.618812685861
21440,2954.163598231582
9884,538.6575163502229
43273,987.3472888960019
1327,438.67719965597826
36220,2248.696204643973
1664,1542.6171289503
74987,6363.120217117369
86307,1899.6713821494536
38098,1005.6247372213041
9138,2104.8525801567193
11731,1297.4575952387545
97714,963.0860085888073
7788,1732.754954035318
29771,4035.286740255785
66375,3404.97024428112
8763,487.0924815528636
30690,925.4030544729692
67064,779.963892138529
2006,1048.540652027339
73595,1925.166916100328
28902,2877.9670997134012
80540,3855.710498875718
74357,10208.517427716575
1392,2588.798547085741
13704,1015.6013906517218
94507,5688.222059223851
91565,1006.2386626740234
89326,2991.4361325537834
84018,1084.9832190519526
88134,1097.7066185340623
93982,9447.034284107825
29643,4250.583448430539
80856,1314.1610787678385
30873,626.7717360763127
99336,4588.690069170313
84771,3357.8963471788265
88817,1629.008166048643
17995,5001.597608642327
51217,778.894283094301
40548,5027.916966686942
23630,15935.839329501065
55742,5479.174811063377
93879,1158.6636415792532
97149,3908.4394326322085
55358,4278.167953651999
69353,1247.6485913799306
39250,1177.4254681765851
22756,1760.4228842977186
16810,955.8943268067811
39866,4730.814009214579
96020,1207.1089693348172
39481,799.3709366747627
39944,535.6301664734154
25089,5966.307846524991
60585,2084.96914409815
9510,1877.856647883621
72158,4037.9566600552744
63113,2378.7154708451344
52472,2328.515856505405
10541,1929.2629533049057
42113,1128.5910236986238
37129,1325.6078587091386
76140,2019.7934741040099
23814,1967.109820207723
4555,610.7860359859608
11618,2604.2944087468045
60487,3674.00288982699
66493,3951.1425447605025
47014,1207.5393870332357
40077,4711.559293740839
60377,940.2570752327875
90367,2671.962312584814
73339,1934.5334922079176
60658,2576.0374624507485
79551,1154.2610302223495
55814,1194.4473247375638
40658,4578.679702016721
63323,1973.3215363565653
5979,2735.8588321051807
76238,1786.4243679350134
8011,3590.266224806865
67382,1496.373559563187
75143,3595.9592132163475
5746,6669.936166401369
58831,880.0148249265028
57656,3424.4095465142605
44336,1256.3398785576878
56338,1879.1871740802976
5076,3281.9389639324486
88992,1972.082437098643
33383,2102.622070284721
17264,3574.013558509039
10156,7539.26039663213
66204,6727.335890985988
49957,1955.71926074656
80423,2853.653863762565
3667,1679.2674929271564
35233,6046.823925011614
18408,1558.4980091988202
61605,2272.3943572290727
98262,3801.4763768596395
96227,2967.997328499284
48969,2566.704044945381
31725,320.81582609515766
53969,610.1539600290994
11304,1245.00314129166
11977,2378.538440812049
30190,5414.904484318773
98761,2656.4422359063474
37056,1268.9242054756176
32436,6027.852023902649
52739,2350.734318066707
38886,2830.5595052656454
93156,6272.04026499851
48146,2367.901892397166
80067,2172.0421788157673
49440,912.6774300394927
90947,1681.5698332328525
76149,3545.974297400724
91564,1469.0512455969958
10489,1650.6791570446053
16961,3579.99605085658
59043,758.6616647165519
76422,824.1724264759952
1861,11738.419077416294
22742,3020.135449370921
2134,2886.982341382768
40923,755.8413368275253
62353,4075.02594419292
43029,2311.5702507099422
79731,843.1723033597095
54505,2568.6347970053785
39231,742.8083952135565
29730,1810.381432138059
73285,882.5058919599487
10221,4799.419724884058
69625,1302.852616939238
73102,1711.197217737448
31289,2207.137460621373
62864,1868.0148030709738
83747,2133.769465741309
46005,18692.48579915062
51383,1263.4116136653765
31917,1688.9058937012198
85779,10591.966631778136
69984,1711.331911364625
69795,2544.8815874208863
25335,9024.235422096946
29907,2371.4717216614495
13271,2865.0947471967097
32238,838.9823746459325
63946,1801.96749187894
55926,3746.8479895160385
57809,909.5609692210083
83572,2655.5660541258567
67307,4507.254252461946
50356,2145.3503228534464
34001,4760.449063118446
45919,3807.4231456083867
48789,1391.8056877513193
22468,897.2404172127258
31014,5700.800900583174
16713,2028.0424245419931
68809,1452.8021895350785
16094,2626.0417734783537
9340,2095.410323923791
76708,12067.747937150538
3893,325.36832870615103
87322,2983.4293117747543
37770,8245.159127737725
14904,1649.614103268243
53925,1372.5865490556453
40321,794.762471858308
15440,1002.1991586174036
30090,1282.127854337982
37946,4698.432580148112
16953,2627.9261728338274
79378,1878.3971579959314
4004,1125.1579059202109
11782,4711.165922625143
27964,1986.6059202408899
82697,1921.48032806485
41786,2273.3889369629837
93111,1014.3986028642227
44116,2712.0862734670814
64348,1790.3148337439704
76674,1365.0578384695307
72549,1267.703019324114
3666,971.3682644823239
70803,1222.6818595483894
24478,4910.422105165599
16227,1168.4387863776496
21426,6185.571589267077
45824,3978.8122817587905
41510,5012.722901724164
73275,2889.3951147937087
96781,3452.8679120519273
64182,3128.0875291527364
61060,561.5862536777757
9980,1624.293279147403
46741,1382.7966334597108
81073,3602.190418420107
3407,1403.9610746049068
11171,1262.3553241569405
13609,8171.037804573884
17952,2378.857620747242
27277,1824.3682596123801
95595,2183.511015410203
47533,1863.2119882711
269,657.796673767892
82401,5366.488834328681
19432,3181.951108220705
98565,4114.644654386068
74633,5444.448595955921
27434,922.4099727335022
8782,5559.266333650107
96057,6203.654650707579
15830,2407.3598745193804
77073,5336.068961799608
34165,2158.5325897508765
1705,2112.7573007747205
49779,5890.687772160468
56551,2780.0610517540686
10607,2014.9204746885139
8952,2288.9815361077235
30389,2648.4288225799883
15532,2023.553040133561
54601,1524.8547932832807
43742,2941.1110987948273
7193,3777.017080457725
84656,2125.4778161624567
10447,1383.8001363285991
20484,1346.5463278355733
79636,5062.769956914014
44327,504.03318012405083
7403,3683.571805006395
97617,1153.0779294084039
11624,1392.7343608808235
87415,5060.448135852565
16268,680.3431044534229
34222,2149.8170325079227
69050,2184.1974972670682
39389,5090.212654403521
30981,4163.389416653017
69485,4036.4928656322772
27236,8029.048872688133
76678,4676.855596241199
60789,1186.1847681521256
38502,7144.873425030174
5530,3614.68842605107
84835,9567.161274026348
62166,7799.792881047065
39680,1042.8004831267185
11778,2528.1123063158475
36597,836.4970767854682
46802,977.0331152504791
40862,2321.399564877836
52388,1491.7689956781446
30957,1458.8812693032348
74597,1521.8665002955781
40392,466.4812240034603
96777,647.0471722833034
19041,9485.631861734008
60171,652.2725456298185
46609,5481.547778192011
26909,2214.9123046419054
78565,2179.804173989223
56770,760.1204752478566
19868,6916.794281911607
74125,1087.7735811604289
7453,3720.95977004671
13133,4624.042060311368
5747,1275.51239624787
98057,3094.3531285897852
59694,2009.941831260499
63661,7008.93690084
41769,1332.1520734597402
72160,2438.451551240539
48736,2594.589841844238
74151,995.5494536364243
27215,4550.795125779498
84148,4025.8190248078754
79749,2175.1226441206536
16407,1021.1902113638424
83246,2342.874985374924
92041,1901.003984924107
40896,471.5050413347734
69838,3547.2005794838747
59894,4762.131435002553
92536,1651.504110325993
6600,1653.310531670203
19232,1321.3627674465445
17923,2991.3052461922052
32717,5854.904368948053
36178,3546.097415384935
97356,3210.1521791157083
97696,3355.2587886123197
89817,1826.8152406291147
89732,6845.440048814642
33913,2376.462089015547
84992,1938.5380152569421
58587,23956.891333059633
14554,6293.974492864027
73692,1165.923695433613
85559,6784.612843764189
23693,3587.7386927659086
64631,1115.9399123050337
3152,9362.761361808818
8069,829.4492042124638
65429,2533.477877450905
73085,705.130147748201
28829,2932.1439831618973
27131,5610.673261125062
8001,3408.650559580727
42678,1591.619786773472
81478,1595.300151256573
89742,2182.5602350440813
15358,2535.0236214520983
19038,2159.719625572496
32761,3350.361992126365
45281,9377.547673994564
21284,2407.085393515035
5941,3248.072298401471
17381,8502.482095679616
54666,2819.605827162657
80988,877.40860641467
34039,800.9700725906207
69241,1453.4319155547216
88960,2203.801661298383
23916,550.0085852152126
71793,1084.021429606001
71074,1344.0699549740734
70976,2435.5885690764367
14532,2655.691268536417
97871,5400.589630843394
5020,2241.878411111963
4769,3270.71715124065
39429,871.6025867728866
85004,3422.9437889304036
26225,1388.578332568554
20372,1350.3853712858586
83078,2141.5236638654283
76954,1267.800474201287
68842,1841.137820753489
36404,712.0779599687593
78567,1821.6747700161452
91371,4175.2295650772485
87989,6780.52903739659
30152,920.3542139217541
88391,1085.893363675695
39712,3336.628645885323
84713,687.2292752367049
84078,2058.218104051075
72778,3772.5954944733808
25740,2843.55459216906
63845,3632.298787845273
70927,1382.5974396478307
49242,2862.555254162964
54658,6410.648195201412
55407,3668.5105029015303
97888,1935.048506959794
21988,2196.335952808209
2288,854.556729659798
10066,1780.0874554269494
13147,4544.454439069271
13740,2204.271768794287
67970,6475.689623951531
83489,984.5518129608495
60582,3680.416489612503
92226,1336.151869734196
50248,2104.9960791149665
53359,1525.6965465673038
41758,3069.056425695842
69738,3048.0975264883355
77751,11224.529485263762
2016,3554.1305956062697
86714,1091.9307267928364
93485,1074.8186384921316
72626,1892.9814064013276
14129,1387.6210499942013
48843,698.6276541030803
70854,1036.1003824521104
32308,5272.469428743026
37109,937.7445488740659
85827,4080.726685388151
21942,1851.63993317489
16906,469.0477779994609
99004,793.8119164480103
97630,14903.110716866879
44799,3113.5087732456323
75105,6122.355104967856
75371,1138.2908250771786
8706,3120.3618357838054
67762,546.4943761520416
21447,6563.431473130199
74312,1024.8610928661055
20607,2680.8501330135855
82475,1188.1446762999321
28685,1973.4054454037346
69878,3001.9261492211594
55293,4967.380517119249
48259,1059.7131632021528
28789,648.6236317252198
2599,2482.688008277231
5127,1049.0722022789055
23012,1329.4558352766933
33011,2811.3272667205006
40005,1088.9572140247221
54668,1102.3622695021775
78850,815.9042180314435
52503,10668.239414672134
67532,1471.6472878039976
55243,2604.372465238721
2573,1391.9277856141207
27867,5206.9896762875405
54486,4567.918361344119
81403,935.9558000503209
1455,7453.396973570697
34661,2839.77832620849
55060,343.3787443391773
54101,5396.514952476155
96526,1630.004364835328
7144,9394.418685600062
9905,1371.101169069665
95596,2504.316746946592
57564,1746.6269342086896
60614,1532.1599082465546
15430,5183.1575997298605
70705,7718.049011304208
37572,3934.305556014769
80559,4660.527486632376
88746,3703.640148197077
65773,1901.3334415761592
53697,1075.482651357989
41279,1371.1793614925523
24583,40982.157636772194
95980,652.8404315365314
24826,1643.7932609980446
74593,1475.0881408511127
37944,2176.0623901816634
52401,3217.1664931043665
38929,6960.678800280251
84679,3275.240701526398
27115,1033.4104973411702
78380,15014.02181404933
28570,3674.376398064954
18088,396.8022597938699
82810,5121.2123441982885
85328,3697.00987188875
58041,2040.6572756139549
29719,1905.747365696907
16004,1910.2343782307732
29172,1988.4571244767367
741,3399.305141331796
47056,3960.752125959246
5541,2425.992326954295
64213,4530.191722227043
97412,811.3464377595693
43236,1939.1460956441329
77466,4057.4145191848893
56732,1496.5171319360868
44483,1823.687539947901
76158,990.3193390858509
32732,2477.251413512778
63059,1124.7745252131422
56450,3888.2025333496013
6032,1771.128211724087
26795,581.2491912174268
17315,5321.959832817275
23654,1261.466346945884
26698,1588.954068501421
4349,567.3855435949446
85448,3607.616798975827
19720,2270.5119717258845
81657,2704.8359542690027
17459,1430.7376060322806
28234,1858.3012031272092
56441,2255.893455324385
56865,960.3109763891739
69436,7321.440309245726
30668,9632.40682303797
98688,2469.264814338009
32668,3286.0681031929817
5238,2517.6001629310786
72116,630.1760754307692
56451,1888.4428025394275
22298,4658.152911232166
70420,2286.3876110064325
98254,2012.0244817988334
4168,1564.962746763744
13378,4518.032401382201
76936,7273.584751863147
30991,1791.0277006599001
62699,5020.70375762314
24790,1641.6914798448258
15103,971.78250546866
27338,1063.8974326392313
12698,7241.435483156272
45627,4002.1562747815346
87672,1253.273973952076
73352,793.1162069171166
61659,2062.2908535780166
8466,1177.1112497930797
7905,7323.296815968769
92891,3531.344033713882
56038,225.24526360369856
13003,5113.720360488148
86596,1260.2396542853978
4433,1947.6495415098457
65795,1228.679022425298
87515,1044.4818228083384
7258,1180.4712069410518
9966,1987.3494146587343
66569,3840.3123502777876
682,1282.9729824229398
8778,1128.4459739699882
33863,1399.9074239944553
70937,2792.759498915737
22680,8555.759423713005
3804,828.6130951629001
33275,2790.9650971076617
99281,6706.334052679276
16935,3910.695116563812
39233,1004.0801986657717
80369,4798.951758280116
23343,1993.6277222715323
83107,332.2479818313547
67885,610.5978204918438
44533,1036.0244276672036
77746,2419.9272906433553
11275,786.3810017183711
8257,1800.6648433654254
14189,1811.606959491509
34188,916.0625459607252
99499,5107.423924568997
41329,3956.375652781958
81720,3053.7458028454203
73233,3579.081053435887
35955,2619.2729935429966
70943,2418.562906696921
29610,4556.69100831134
84975,8726.748935749038
27610,2401.5870134602874
93482,809.976629658617
16846,1338.3367335458834
18743,1229.1605937302538
32522,885.7083248507994
66911,1087.239009650901
46178,867.114971613062
1450,3124.2453518423904
55710,2300.8953548020054
96688,6141.70825270667
18079,2895.282790499323
61477,501.3324656262917
59829,1202.2768553454866
83641,824.169317494
69590,900.0718648664597
19555,1829.902780821354
85276,1353.0328288067997
65750,5959.723652963676
36323,2531.3419304151284
96145,2758.3236229361764
97205,3036.8836820281317
35146,860.0249016956378
10859,2106.249412035398
90177,1262.4609786053657
2069,567.2607587378849
24918,617.764470786048
60372,1532.8070216062492
22479,14345.159134435477
85930,9617.656434202392
91691,1013.9013336328605
83196,2751.4122549145786
84595,2412.5924804729225
14236,2209.5914628073274
29207,3096.74004594583
80986,697.9220513057055
36645,883.0412224484317
59673,2401.175854274811
71083,898.6266844584036
29296,2652.3151170203346
21024,743.4484569438489
15981,1544.0357616416215
43285,806.1339981332035
41659,1941.2889760354867
9033,871.1241816137801
41935,2214.0964049272607
27956,1016.5025371397202
88718,5445.904017601028
27515,769.0192513459103
69382,4390.577563027189
93626,397.1185625350551
46081,1354.058710620321
13731,3565.475946603714
22349,1498.6993172588075
97206,6151.019087297223
11966,851.4543331526702
30236,8741.750054734463
69196,1234.4718962515246
13138,723.4044950227799
43950,965.8382483957078
89861,3865.5530711653346
94561,1718.1214273254016
7260,1227.58801536569
81063,1728.7102449714107
22573,903.3438819205984
55130,1473.9765347972987
27740,4029.1189992397335
18685,4688.795293575334
94061,4328.958233022928
22569,13754.95565254935
58995,991.9897162691009
36790,1366.6552972776587
87041,10545.604117767358
85945,1596.339416466377
36797,1249.226922037634
81899,2427.111362210089
81792,2674.6947678636207
34244,1933.7502619246704
2192,2533.7483943822967
42744,1198.9338505758158
30386,7813.674816412308
23368,1160.2902319327807
86152,1992.8232681502518
13851,2014.921757531969
61257,3939.838617529729
83916,3473.3325704933363
36402,5810.4077150932735
51908,2990.100283986449
34625,1348.2285552964333
25068,2899.995910419099
39427,2616.246033372597
6206,890.2983042162342
34939,4020.1404101691232
26542,2394.417218237017
58713,2902.1633290419268
64344,5089.6133644672545
80548,450.89865887617816
66557,2780.456726828012
33091,833.838664679977
81312,1670.5338771005315
39456,757.3825792181765
50225,3234.211540334375
23020,473.55845991645
71732,1206.929388016245
53291,1101.5058348802684
56138,3161.748121854286
33457,1376.8877143531272
18903,1056.0936571607956
54780,3999.3849517140306
41702,8212.034392066871
4441,2015.267185498896
90403,2541.3034482393796
50179,2048.7122773895776
24419,1381.6956328207382
47804,442.4173367321004
81639,3924.0925538754936
12496,2513.0287130187426
9232,3169.1209825478186
99999,2309.9513139944984
29690,1828.5320227812779
94877,4528.802792353545
31580,1194.566624199683
30671,821.9254366579369
5317,1929.0421054868796
37615,7618.930282379842
26501,2243.088401817241
31456,449.0210618399322
60562,1940.1603071636882
98122,5307.385471543384
4211,1383.3598342839819
60459,753.4923076001681
68220,3554.7482824362287
34694,3043.7422590785422
62874,4589.244513290541
53977,1661.2413182291518
39178,3229.644345298929
5363,519.52563325892
48855,1861.1120881680465
33502,1761.2578731298279
5505,511.5831834048866
86652,2857.7905840171043
95319,7998.948617387152
86202,584.6827785246883
54619,649.6321681859396
75556,951.217984464102
30009,815.1506332962583
34594,1531.4653062730904
15857,1988.9166926578785
87305,3452.236263754222
27455,2035.6930452145264
88542,1605.7224498067435
32053,635.7562475420134
2698,1358.1498548596232
8743,2173.794671594843
75857,585.8350262423631
54467,7296.879901930116
43835,1978.9240212524846
88396,2876.5098152148717
51719,5200.248479177615
24135,4528.668810682931
20545,1168.7362280449902
40132,7218.729305686766
74957,5882.291743677328
83460,2020.405003364316
97364,928.0284948847445
72070,732.5737848924892
88940,1913.1988900248462
98343,4000.5219492408874
42403,6283.162407696932
15004,1800.2360394143352
15100,1613.1609995766073
32991,2784.043406225962
68584,5031.879514753733
87329,921.555202443575
59916,2522.6792560663744
87233,7274.585775972063
71023,740.375718459189
21940,595.2265371706451
61604,3001.834804050709
48989,519.0601193417332
43860,1137.5205346500975
69357,6088.7279966281585
41341,322.6088122300445
36070,940.3061896000675
9961,827.4854398766612
22603,3388.4739679191143
39286,18723.38296689278
7371,1982.08650177202
70652,3656.049606182442
39017,456.6333276450591
85865,1266.0127337463912
91010,1639.9718419108117
42987,2090.249935912893
83663,1054.3988584231563
45998,557.2144213301366
4515,440.4342300337549
18631,8626.621565571144
14294,2122.678262029119
32476,991.3756820955102
41177,942.2673430044547
60225,1896.9082920427613
45712,8687.946252596435
52142,7120.9217446475695
64611,3688.2914407707503
85984,2067.50941455561
74432,2612.1295945768093
32486,1032.036333747894
79831,1926.5037775120993
43858,23915.741096027225
18107,3596.3152423528
55379,442.2908057612322
80594,2427.9096389595866
91603,911.7411758311262
91381,1237.6805393541965
29708,731.7536474747593
72947,467.06947869348096
57602,4064.919267315377
15962,720.7165975276978
21804,2573.5560411934116
83497,870.3463318731373
88754,1330.7956696986932
90492,1178.4183557811389
9780,1266.10866325842
8845,4280.93057954755
62807,3877.67886456159
7273,2932.5426232350583
5366,3493.168113152863
16277,1263.1917947237444
54606,2246.602391026865
18757,4015.2404622631107
45615,1655.9199622439683
4950,2735.484673178433
92770,1152.450365132763
36887,4579.776807288346
73762,2735.391276476861
1019,3258.760053036897
56410,3709.9162251602306
73810,848.5924795617816
7,556.8891249910625
19177,1409.7506697655483
3183,1373.8556998507318
43422,6100.997446496566
71537,487.1544071329116
69853,1886.309892638876
6221,3421.8645818995083
16927,3362.6808598924094
32837,2696.455142049369
52525,4652.054212220607
74072,3178.370053817529
78428,4283.250820549726
22633,3690.114599426824
17464,2382.909423080525
71804,845.2620427060247
13155,967.9083815578216
54751,1024.1308581143242
86519,1801.1838869670855
56417,1821.3369697748287
26390,3735.1356765812216
21258,1445.7933995656435
9586,638.7479331286678
97501,1204.6061262161259
81956,3365.5082041685196
11884,6095.089852580186
30878,2940.6020220655846
48867,2059.317680717957
53535,1877.6710612617624
82819,314.55318968339924
6579,3814.973140452703
59864,1293.7565757344935
21319,3833.7887456846834
54794,5370.3188794102325
82406,3478.6562876387943
83022,1470.312122917004
91704,1789.1787436289565
15188,1967.427002382625
99228,2245.4025944112104
18134,4886.78815003411
89447,709.6223882893125
93469,10782.652120062321
1911,3876.1632849876196
74121,1945.68789931867
23465,4894.748259387353
34665,895.4202882881399
98968,11309.288492277146
8211,3604.318062645349
44092,6054.676086772513
91103,1045.7454300334514
56836,573.5072896385967
16192,1725.7726892110186
50001,2689.483350453948
50426,3014.1387216913904
7396,868.2374565519048
73357,14725.282848651745
67177,14667.829366333946
35510,2514.526270583963
9174,393.71724490456654
79509,5391.739954243686
57982,2378.384621754782
76194,727.6800719523359
67939,6045.6856328442145
51784,867.1997342796508
78253,1409.6272615898567
23444,344.4910062491184
88607,4077.2208907462596
88461,242.13586321825304
45109,4045.828194742338
82586,2719.142181821811
47809,1883.4793381889951
96593,2744.2783946150907
23906,1119.65480743955
52735,1037.2650966759688
60462,1170.168472099586
16790,2812.1894988410013
50507,1339.047527211871
94226,2549.21918488947
65567,2734.0854543040996
64003,4564.260407668402
73201,890.2197542385334
2482,14631.58495897537
79334,672.7590087030055
75774,1070.596655599382
83195,1739.300142408208
86063,4302.610048529557
63226,4101.301937582342
20580,11459.445089463996
46075,5691.897546735926
25722,1067.5292430513812
1645,1772.1722345967087
31976,1882.1268459025152
29695,1090.6436347511774
19978,3015.3149048927953
41081,1900.1718413130802
29791,2569.611942441348
2671,1192.5068070220366
87992,592.8072906813926
70180,7878.715278013018
9991,4696.682659757024
17863,1735.0211222290895
2131,2023.3786664082447
15382,1581.5873060791737
76168,3892.6267251256077
52381,8016.825546223079
7850,1250.4544663350823
21007,2777.719500991836
51881,1486.9517753586513
50618,578.1797050541554
70842,1452.4883638674098
13349,991.5743589830315
94868,1427.3256327579943
73527,902.3469961496427
53665,1094.1083027776533
91376,1641.3913843415378
58570,7616.433667623943
6347,2860.9473583200493
25808,2437.2061446521084
95116,1838.3663039419275
15855,2468.8427419602576
59648,2520.0110167697067
11651,2270.8933275457352
30243,2136.916315124783
83974,1708.4570434063592
6297,1058.3117931366721
40851,2435.3312181826495
46900,1632.5421162305781
83147,641.24850887502
14465,8392.707008854979
52540,1091.22249193753
29784,566.3441145157501
75656,3363.170491362712
79615,778.532451718919
18558,1134.953433378983
58654,3178.0362957512875
46838,3968.704278433399
73775,2144.084699857282
22102,1750.8583225010013
32285,2612.64789420182
58428,2537.332989381644
54966,1786.1206856877652
10163,19120.865490758
78298,1532.6288137449628
32713,1832.7119032681678
6539,957.753774089286
45055,1285.5244055364592
29891,1681.0482267766972
69380,4877.202545904885
29125,1308.9910272878478
7594,2389.600270447529
27500,3185.213959218834
73296,2853.433221430731
23065,3225.81549259467
47337,453.3092942137799
56726,1259.8205331635859
32570,882.7278707957101
18494,1224.4517778626816
13508,1565.3981050140176
98925,1740.4989287380024
95069,3533.264989349721
90501,1327.245252508083
96089,1120.7722407962447
75703,1810.0150199944992
23747,1645.6219650307037
96419,3350.0043258416026
81249,2159.314692990142
78159,2171.2692156472253
49056,1458.0547041022464
2070,1186.8821401125451
36772,1248.2681735999108
30028,580.2829080430148
39766,2710.548404607705
81865,681.0934535573766
18143,6112.9265750291615
30716,8232.115507336719
32044,3485.357896497657
23323,2845.6705054746985
83819,1482.1157673647308
81183,7962.504013422086
67316,1821.2883568992804
56868,937.4652454224819
34334,2539.7245058654794
10157,2422.3978979801677
52044,1367.9028553135454
20113,3191.163510314258
11538,1593.4631588603754
26432,2097.6801125034426
74420,869.0992971014934
4161,2317.529210104642
75207,3144.603085300568
51237,597.8830586163102
79281,13312.202370491223
34738,4302.03727300213
79947,1080.7166067550788
55672,6166.176699955352
92353,1906.3290392242088
43284,2495.6716344830907
82357,1313.9419285452034
18937,812.4122835524532
24367,911.8059004507242
50848,12883.787423093278
78216,1005.9745011829779
66389,1422.098209676172
6445,1886.558420375001
29671,2040.1300572621158
29765,2914.371306592178
34071,2449.579915300741
79196,567.7479331681193
47565,993.5525866387212
11960,11308.560633307437
92156,1109.928655184893
95138,645.6855191088988
3108,5377.778600580804
59803,5692.339145227046
53549,1082.18597945021
25199,1271.425311136313
26237,1141.8066132030406
55516,2055.783777983084
10121,5480.127965832837
36573,1774.2258202948417
5194,2248.6771021204254
17802,1846.1747042307286
19919,3141.700008936056
31568,546.5445263479497
57183,567.5193427956102
59701,4688.420462520102
18303,1209.9283235606756
69939,1012.1343890658892
50632,4714.585177425578
67226,1290.2273223152094
23426,1303.4673062640109
21830,2750.0297427670116
92640,2729.105618216334
91730,2972.6649381368143
14787,479.7979359136487
42124,4433.539179902051
72891,2004.222572152048
3859,1760.642712197192
74592,4884.010063917489
54249,2456.671702826024
16428,1529.4436020521885
63657,2152.291717343073
76872,841.7316054896177
23506,917.0504868962263
47236,632.2781598861418
92429,441.3009614195183
13640,1152.795196447953
9832,1090.4497701417522
6647,1230.712624210062
18341,1787.2047589390456
79095,2901.84757994069
78691,334.9821295738985
83623,2782.4784350264235
71727,4633.25802441458
72557,898.2366954019919
8985,8486.679415711393
33227,2399.439470324378
6102,4565.215486586499
48827,4291.471081030806
33175,1904.7106080390633
14663,1193.4455978333685
48509,1363.6377743621126
13716,633.6594748353895
396,765.8452918396787
34016,737.8962218117427
68596,285.13657811873895
29416,460.5904407776723
66280,1533.1523565754144
4909,1027.9193498130037
27075,2434.961547909569
81683,2634.246219293692
79642,1925.3053156633812
86858,12601.171010282473
71405,943.3669228907427
5591,827.9879213153397
40837,1776.7684529283558
7357,2630.1736029370313
58385,2914.5492321113434
91587,1322.840058778846
41645,15083.752070744962
19588,5818.49581851248
7665,2434.270448760401
46265,3526.7974878553077
56541,2209.080185113413
83405,1549.0035020051853
96042,6145.764586409222
91187,6226.010255755588
36069,1646.1371210078532
26692,1398.8932819217325
45809,9339.529926741832
37945,2187.368456353342
64526,1181.2960842491402
25965,4858.061198448179
97609,2261.2629495492984
1258,2528.9884384813777
79135,6897.96492256078
57382,2307.7780242588233
78397,4533.275419318067
14368,3168.117942432589
92359,1546.6709997335474
25260,4435.399106824013
10210,569.9856455916702
12582,2302.0765480482355
63234,3414.31254988766
44442,2766.931639774082
39799,6003.351657413298
76940,1361.260394799005
72063,2354.4051088378546
97096,2125.338467446883
61195,853.4558114375088
83917,686.8788938073038
46780,9231.516883846516
33907,3717.886050335514
98345,540.3485151813409
85376,6003.0788418882885
3023,966.6237480577718
85190,2187.4985401098106
30685,2825.808743421145
67202,6424.102402190525
73617,1822.4669035550044
27714,1387.6954170537747
27056,764.2992937727352
75452,11658.021301242321
46147,1016.0128812907063
690,865.1704540188595
8811,2078.507192259938
82783,3705.071819530259
18710,6502.159193274489
73092,1035.8142781074523
76964,1411.8813578992829
84791,1739.039247609884
26831,1003.9311798386576
99775,1973.5510385386142
69066,1790.1788959389382
66820,2305.640609966143
47655,1591.7766724407786
33893,4096.460666517796
79842,819.789121055104
2023,733.1055602272788
34147,2564.5966923720653
27068,4008.608255495928
28819,2229.44867755705
19529,455.22835228405165
63980,3783.2673950922085
60852,3083.1170914814097
84160,1131.3660033986928
3812,560.1904452261587
82164,1601.7651774948858
63954,3007.329041367988
99554,2260.055878614282
70817,3200.8526912709935
61083,2199.2123405689154
29339,8115.798345564502
20816,343.86433129723116
48457,1386.121214759124
62739,851.2359144922875
46496,3152.1132185903834
75734,3586.905116931978
82826,10530.268644073178
65749,2444.04851375913
72217,2496.143259852372
94060,992.9051920348253
72490,2054.420342970248
59783,2484.9783811776965
69548,383.5938490893613
3943,738.8341600152777
18999,2266.2551805916837
12424,4221.3390398494885
80217,4241.575848839258
69004,5187.324442487081
26874,6858.3804859480515
36171,386.8109259274875
50497,3179.909998166854
89727,1208.357461589943
57370,271.5803380391553
92374,2655.5476002343094
33208,246.75056922769454
42192,8411.977252084715
33069,1124.8051504177113
41057,1532.939638539796
30642,1008.1599792756815
86359,2995.6743630342944
66942,1166.0472913663202
38591,5395.825031513525
19662,1954.701752184931
3283,4074.831942619672
83565,1654.0239298845654
15475,6778.284045648431
9655,1497.8729458731273
29224,1755.1060052205066
91208,3319.796939509894
24663,1022.0229634333854
88948,535.9036329325922
81911,3290.942388413187
66722,1751.0186974615708
28590,2864.179951672464
34880,1122.1773961626939
44477,9992.322744140227
86806,685.7712306566145
3354,1250.3334914246627
18417,4294.459526859565
21283,454.635737421869
81200,1870.9466445101798
62323,7594.853309981384
89047,3776.11952071256
23525,2032.4216752959637
70443,3798.419532858488
66993,1594.0889840055338
54269,1796.2309178208016
15204,24949.194753187836
73899,2199.3650301534694
88825,566.7356912680505
34758,1341.1521353945486
85503,2789.2480104095125
25203,1439.482503865032
52737,1210.2402663990188
82499,1214.8415862642562
27170,2735.8001359071336
88172,2774.6147629233155
7140,4287.311825906042
3019,8975.550023723797
26661,9385.593472762519
54778,5362.433010277479
63831,4284.708633464792
51809,1647.0267979407024
22847,1984.3879100909926
18642,796.9083817331077
22722,1110.2609093050671
44456,1216.5248860254342
63738,2538.6000372021904
68254,3485.2410129873924
95399,592.9023362205728
66257,4579.142758017305
52663,1348.7366019983303
12176,2025.390449139366
65072,2189.580380463699
5409,1380.2727585497137
49623,2428.6715108712583
74049,1248.3651719343038
43861,5953.9383287225055
14292,626.132146218349
90721,2649.634950386991
22124,3656.2407027130084
11462,2423.8736148472512
36659,2891.4602625850416
83755,1190.8852364836068
113,4051.3094930002458
72814,735.5488854655162
18855,1624.963446081203
37449,5302.209084107492
30201,1586.9377702686643
28445,2640.6994162188234
53564,2175.9344447839476
61547,5989.927853288545
49236,3385.917308808367
80049,1073.961905808811
94529,11760.772389376127
78642,4636.305626816233
81843,1546.7282677695168
50211,2150.258468219997
45851,830.3347743520825
4482,869.4320129757581
45590,988.1247158004109
17304,1998.54383237406
53659,2510.433620189054
82601,1453.195566817563
44708,3831.498906159793
43043,2190.035660420208
70823,4131.209489983964
70833,1692.3495367140422
79614,2761.5082609929905
43583,1214.0735082969868
31665,546.5573981632704
16064,1929.6487212481914
45272,2062.5965093688665
83891,1002.1877203079845
58560,1213.9134332701565
68973,6191.194048680424
6805,1522.3309478513468
83582,6624.488957347437
1527,6372.336917882965
80034,3331.7422825444755
29262,1179.7806192120688
11751,2018.676949075174
73713,1335.5269309739247
68949,1029.4640470737227
67434,1078.5395957760816
23663,2492.9030527959094
73150,3422.4542989082242
74591,1223.2606353955105
84414,8207.745431128562
28511,11904.679978817128
11998,2922.9739636340873
14077,402.2238135123842
77242,1601.7325100117457
75765,580.5294601650171
46435,778.5960357463399
27534,1295.160745566837
19958,2311.1894307347384
23462,1253.5375257461392
34503,958.9331105184178
2625,2160.9241867394
64559,2478.4645940454775
36856,1260.7789603544138
50554,1489.2496848140975
63068,1103.876205750854
6973,2706.0795773546765
7866,1516.8725307215923
88051,3496.662996914488
40022,1475.5914528280377
85308,13128.821138781012
39095,3693.2632960727688
36823,5239.974134753657
67135,2249.011918342739
30638,1821.2032554414104
95982,1981.7490336536891
33862,676.7153801683785
67602,3244.9519573095804
23575,2703.4361413259003
165,1965.3620797952478
74041,1618.1570995880697
69620,2881.4284625499845
8073,9886.424830963924
88739,4881.805883887137
59173,1439.4080528725935
22268,518.6123902904683
2486,3556.9746695000226
28987,2839.7455637055887
45834,677.9334495754505
89137,2178.5755433333356
15730,3952.6845348179036
78833,2736.12537960479
27340,1487.4827805743878
93924,728.1770757622795
21921,10113.382448074126
61380,661.9554229814038
96902,484.03451896271514
50682,1453.2347340346626
47928,2061.3506186981667
9480,1755.3433483350323
49932,750.6434818618615
69850,1923.9752713408318
91202,1584.4700010769122
11152,6117.5494024900645
40733,2166.0657769295626
9753,3276.8572332325502
14350,1124.0672033648905
11976,7921.513801230543
31877,5202.07246982768
98350,3872.9952033251284
41942,966.4578639483376
35827,1511.1119217059024
4388,19514.687856278324
50729,1438.0554485263713
5109,8213.521919670351
22441,2470.860401294891
63318,5795.882256481388
45015,3557.143691888675
55291,1892.1326691789272
12047,1375.2244237388968
51814,1260.7779624910545
293,3977.063077501781
11111,21969.199168026586
61054,7949.00774292108
8751,2095.493894029895
38705,9357.87156353685
60698,1743.692164793713
6708,3139.978990312221
42091,1245.2381443110112
88695,1470.3671985615028
3557,3536.372921879391
70963,5952.043661718317
996,751.3384864017792
87504,1347.1615206512113
5765,2874.143031348457
24543,794.2698118129413
47712,3227.189588932369
71551,4372.671467737245
17039,5808.190007998616
9281,4563.420742513434
57908,2822.6113817758574
16874,4307.454923321375
74144,4116.750971931717
48034,593.4992861481953
91373,1858.8943432292012
68410,1915.1748127403428
85495,1266.1768074943154
77011,6157.373508499991
85364,1264.9897718523287
9560,642.5434836713293
99976,19712.688767976477
47406,1361.4583765015927
11088,1475.3384767683835
49338,11057.72034975172
98681,2643.7039737936284
10893,601.7112534907154
1285,945.9634454212114
47750,1338.9818269343814
83249,2161.7985808675726
48988,879.461955403545
66539,570.4449692851977
73751,1849.6016576983461
78996,3099.2037167940443
63868,808.3000898037012
74365,733.4721770041823
34369,1225.7633896901448
52162,2754.7267948944186
39397,2110.9483993155463
39344,2185.413303443162
83131,686.0589439448537
80379,1044.7101293337173
14112,5366.150045787507
20506,3316.2177234780956
31233,2780.4892520905382
24184,6456.422986329777
39621,5807.140268668679
2286,3223.389785467701
30364,2298.5187046106507
68717,8533.228351788677
25028,2415.1059426887196
61120,1809.4548303229094
16449,2200.1235723060613
92223,1110.9947632291053
51321,2887.6904366513822
51584,3323.2244368857314
31346,3402.3926846078525
97956,1314.2258668640857
36385,753.8833161288137
47496,810.3237207695391
40026,2345.389166991869
7812,470.23729031098947
13387,2023.9060817851519
83314,5063.061220677665
8317,2529.8408475785336
12060,4602.661094408612
91191,1336.7641265624006
19776,14141.954187972062
88090,5445.024605118801
71051,1369.4822819666228
69300,909.3174759277122
22482,3815.6744951732085
84665,1528.2898533455862
98918,998.9388746292373
55141,1381.760432255303
13575,8234.347733449884
28082,5398.965575515344
96971,7547.866280905929
66668,3463.1426270686447
28686,2116.480336431926
82820,863.1124265308874
89693,1074.713442581651
68449,2740.5848102416553
54168,1808.866388114969
49449,455.3366270024009
10992,2627.74828322516
62498,3142.338937967184
13719,3223.7858157291766
482,2127.597467211429
85531,10515.000944776268
17894,6196.448463626373
85540,674.373047297008
58280,2840.8680880898137
29809,1102.7129507421307
4789,9360.951358649105
46462,4875.567824275811
41139,774.8422560771263
99589,457.3572762969082
25681,5563.269630157521
28655,4006.9259140566132
49499,910.645638288329
55180,1463.3230180033638
40374,7089.588122821899
63598,323.19988655132624
98934,1214.8102836260111
27598,878.9801712946281
82523,1648.2533774914818
7129,1034.5549158961214
44907,3992.353691869135
72295,5156.227329674671
75200,4026.391143252972
67108,10453.933780399748
3200,1213.1348221843923
86342,8114.020669961777
36846,1601.1733481429342
20056,3713.2113324978577
49273,1095.6001181640622
99628,1725.0881699529434
22718,3452.2674357384935
16847,990.7404886536873
63711,6496.100599737529
90323,651.0377342655144
23549,479.01855547989226
37113,3151.1272751731644
94313,824.1077995340569
56565,504.9002626625135
41021,4586.669286828016
4193,6012.106278739238
90080,2069.235476555976
99559,1268.2534954250737
89403,4635.873065786814
98020,3788.0273223748804
90407,624.3553849788285
18927,685.5758100041702
30921,8153.997948050595
22856,889.9043962459502
53973,4018.2680687821253
25390,8076.30572792066
24923,2198.312995760119
97743,828.0531513771058
53290,2900.095929023433
96716,652.4151898684063
35036,1564.1461744817452
22065,7272.134081220832
71836,1048.1779316347643
50107,483.63291544877603
3652,1339.6221560761487
13808,2275.8217593064337
68110,1766.2078500258438
49483,5557.779459466229
46239,1773.346932720989
92777,1093.396619423494
43844,1507.9737281208002
79205,3093.3197610139364
57994,2029.6979246457336
49124,4793.645210499643
54024,6882.0095374296225
1857,3628.825073411939
16312,889.0172298627026
92045,883.5617045675478
83798,3786.9053708138263
4595,1502.0472214917147
74938,1007.1056011202128
49351,1536.507592066287
10412,2337.7963426195797
46793,1755.007863578222
58874,645.1993111221411
71868,990.4164070940674
15134,1723.2359563514262
12291,1328.5978006612465
27996,768.1788093282909
70262,5292.984831113043
53695,2179.7805285537293
85455,1056.4272722379874
79453,2102.7567282904897
72027,6126.877448254164
88333,3212.103321536521
17177,5388.369267111837
35009,3551.2995033672078
22425,1363.6248421865591
18578,2036.4869460853301
24963,4932.229625579374
51307,3400.586109911575
85772,421.8663504546165
91074,8236.837217414793
28187,4648.098710332947
75483,2644.879761208006
97638,6466.595573900887
53731,5155.586340916411
79758,1189.0747926441288
66964,1269.9161023958618
11053,1533.233204665503
1867,2133.6902127817093
33738,1182.002710077362
45274,7737.835121165258
58706,2178.860386222352
95577,1865.8595936290837
69193,353.3453736038573
52848,5175.496892373761
80974,688.2213717095788
16493,1836.5798049825783
71378,4517.46986985635
47972,937.2161158813191
77101,804.5614466318591
12111,1484.784660876514
10942,1417.7044992735323
47176,5599.846574888842
97930,3646.224241195487
57171,1632.586719008054
24403,2218.7279878816325
95995,1523.0343486902832
44237,1264.3271220728063
78706,1693.2715472766347
47096,11823.180299439002
82338,4692.9969978917
80635,3388.189995984625
58430,4034.178407860227
40813,4086.7055135541323
12093,887.9565421893599
64994,3375.732230999733
36792,3670.961814903
18615,804.7739437598947
98138,1119.7367196047305
42972,3178.2573210555756
74251,3509.7325930519232
52298,1407.4075137268512
42282,832.7824431582433
75397,5674.579391755159
61319,3741.5040016626917
66040,7068.703312883002
89876,2800.1287930655512
8591,3166.2204765309525
72893,5332.685862186277
79828,3063.0726238657517
64118,1519.3699330626584
83159,4516.638627531989
90240,2672.209070363891
66881,1320.13406058959
57020,1442.2366748290656
3903,3078.8668851738507
63101,2674.368023492204
59861,3023.849092511479
6522,1988.9010785626829
42759,3857.7176579007337
2958,2154.2643072783076
14400,4557.129562604921
79629,1328.6369548834775
12048,3515.9186811808877
30398,563.8617905657449
57386,3597.2718765381273
45223,2303.4782904415106
28443,1755.7622212701503
54535,3046.6568407227105
93606,8318.498323545848
78887,1441.475404412571
29772,2604.0733765070986
22832,6354.171650580329
85707,3666.7120189192424
63633,1824.2568807476262
77620,8103.232498341535
31942,634.6153671389659
46977,830.0450451750477
27222,2235.7769908556966
28627,486.1039780068995
16359,6179.872050107876
74298,681.621503133623
96634,4054.878066996453
53211,3049.239873840405
47667,2513.247203161441
30074,1890.3993078424014
80737,656.9714472157195
77649,3803.5903746108065
16930,18936.200300753768
18013,676.5018105679102
92983,3050.694666048496
86138,1371.9739554030095
105,853.7749597798003
73298,16390.64880680279
61097,816.5987109879858
73195,679.783266306813
89425,2066.543975968313
97004,993.9735225267051
32137,3642.971821097007
50322,3450.9622790969374
81519,1332.8372207669315
48243,1501.443776964578
17240,2254.288718630618
50546,2930.3199131209426
24681,1829.7457927385854
7330,1065.7103301692134
64322,4015.83326208792
78971,2859.6108864218704
421,5552.429841827546
65873,2051.5299470354444
99347,1309.4136916076632
99145,454.204171103218
13617,4175.817692734832
23554,3173.0033464099993
5221,2235.438839223465
97242,4165.059795744589
81293,5921.392037861009
19485,3103.5027284672933
7104,4434.583750077028
40057,1811.0212504853296
53240,3909.4374240361776
78972,400.59111584725207
71907,2288.5488241437088
25430,591.405487645031
63302,2739.58939620421
59108,4167.05361681273
31383,7711.8918329604685
86886,359.7993352030928
50367,2111.8855788426445
13766,3092.8088306141894
38181,510.59521712872373
2828,2037.9377430040402
78925,929.6732335612663
91319,4340.857933384862
57279,796.4136608028621
99182,792.6675565401341
21205,3570.6352614054854
63772,1248.363937334145
16584,4414.93192971742
54594,3004.043137736912
24277,1848.316648506613
31112,5489.841710556214
37788,6247.4348010437125
28613,4058.296476119766
15320,3976.9709073850822
1791,3925.3448338445937
42387,2465.5955528473355
95823,339.0704432234376
45818,3194.705065294154
41302,467.88271444985315
74127,661.5542563180207
68027,560.1646501822087
34277,1377.1563222199986
48186,557.0951927746366
20041,2002.5119544136244
53277,4558.500300307634
53671,4244.653551602467
29199,2637.4360308317437
36740,6934.990645934635
66298,1415.1470802937592
62721,4047.5336007036635
49031,1666.757464320389
28090,402.91080721885686
68170,551.2720607359975
77573,4628.57307443404
10370,2383.562302726342
17811,2880.093626752735
51493,1585.2503827411663
41867,6729.48143370755
19549,1272.087205478131
63967,5725.703261776516
33851,593.6821161411877
40922,748.4114497060996
44299,3226.0927877264867
58993,3265.8549624283223
26676,2777.556090345406
17671,4285.966644940204
34220,939.1431488663911
1180,1001.0303061052458
64699,1749.7982668640452
45591,1543.1719923008277
12726,2999.8693564392333
55015,872.029836019475
31274,3188.3054247069476
9774,3799.406353286587
8393,4451.750908757348
30580,839.4756453011374
54095,1749.8498749579232
37824,4111.272323693297
56633,1151.8382217262338
67737,2374.3060194016475
14814,3876.6831339378755
13294,882.9595412912239
42068,1825.6688753327032
21141,8994.783643117851
518,940.0277264201195
45171,2378.9273301541457
47862,1010.6966453824928
44527,12983.593545713089
58401,782.4848070385877
5865,373.61204229668897
38781,1891.7143077076855
89872,3262.525051138544
3944,640.210716190446
32782,1670.8588592545657
7673,2478.555453155494
97663,2144.0662419475875
56546,1235.3242110378692
82999,634.5990169850339
20534,3930.02614576104
23402,986.2307070995485
5790,1767.970581146874
10882,5708.870628520568
46875,1796.0252015248768
82313,7250.290469393789
18456,1501.1454662973283
22144,2042.6156069978656
25312,1274.709436792449
80717,665.608199226222
99584,1817.6021040239384
38799,5614.804783853314
63198,2289.5969636014215
84221,7020.096254809819
60861,2766.110084791224
59639,3367.591834180265
19208,5882.6364848454405
68307,1325.354809870855
86150,797.5929798445873
10227,2615.620715925597
71348,3280.4229019734194
82103,1081.2774109646753
50277,1930.0733193065544
72679,6430.330383973456
50964,1210.6956709049882
12521,644.0606736906345
85266,3317.8449636069686
41790,2193.6933877368538
71559,698.1886669869316
79552,2834.966913433039
81611,4515.107109515852
79823,1268.9038638483603
22384,3335.568183342658
78157,3315.1468422299995
36274,985.4615015416285
27900,1193.1825176265802
70158,900.7192053392223
57643,4086.5963255464517
37461,9586.92203083929
91902,6139.7697677643055
25489,1325.177044706905
20112,325.51484037270325
3141,1917.3808073057273
63145,3824.5402270812006
30930,2741.532176319815
88191,2436.857482085197
52153,3812.6918151276154
47161,1938.3411174113862
59432,3991.002492776515
93908,1496.982054671367
73081,1345.6713402152543
45477,1219.6782738953548
41817,1620.9130928265797
68862,2330.9168367724387
57781,1374.0944247994585
34365,3537.5484902143558
60760,1575.9712361643726
73562,4948.161615582988
19535,1009.4095021648998
3462,3596.226029796484
57329,2559.8438925814035
11363,3243.222508412179
38724,599.6694228473002
63336,3639.110990599313
14875,3225.558127203741
9952,3151.731935832176
72398,2144.948322992213
14946,8016.075561044101
53639,1102.932010335511
93090,1223.875572856896
37138,2157.612648643641
88784,5467.889406016792
85671,7358.3530135087
99309,3783.226663020948
49751,917.332099503926
3833,8314.580072826215
70723,2793.9702545252662
71798,5644.104262100557
19633,4386.725941177539
94741,715.4917625470755
42578,1834.4521585775503
45432,15821.256578872912
22877,1430.9485084398655
71040,764.3389124622803
69742,3162.6937151233146
16059,2701.5801122447356
67887,1884.9812307384043
62908,7401.402559841946
23975,1315.3126497984968
79889,975.6696448959174
42706,1916.1303168089416
7946,1019.8014391227159
69060,896.3031085687967
67534,3722.473970612736
76672,3276.228257701382
7712,19002.41113643595
74871,10532.965854508211
18765,3031.2173771134985
39926,3237.8082377485407
90206,2442.6547698266945
80990,6752.5005787148875
16640,1385.8718666824993
56656,1810.9883960363536
20743,3093.5286538007563
925,1435.93410950486
85598,9180.442419591722
27822,5613.479681847614
96094,1221.4663592875813
88528,1891.8673349049222
95713,1498.0587237391771
41582,956.3048322621262
14859,2508.650248166012
46274,846.2009535814861
80359,20730.39506397164
58732,2154.8923600638245
82337,8227.272701573298
80760,3414.6466823298447
55867,10314.14223535453
91345,1206.52434278128
2889,6580.969013756043
15467,1009.6032302016612
10566,301.1357159190167
42038,1595.4193218088087
94225,6903.013539584593
70619,2016.9686288255384
13388,2575.112187546367
77270,3304.66988155662
96846,2979.1791088874306
20761,2346.019362086865
93434,1069.7298830391642
89295,5544.750058389072
17848,1236.1251189751629
16542,1938.942523600147
90145,20324.65847375335
60883,5246.5042992627805
31868,2277.259146794343
4204,870.7153454452065
48140,357.2505038011762
70613,2233.407284048472
36774,4068.8431586594
70349,1585.8259918314998
59554,3383.1988456012805
14015,5657.542706828012
63407,727.1328048998739
47632,2341.956863178968
35048,910.7131240960276
42107,3482.156958908053
79244,2230.898355806938
83515,1441.055473242145
64640,8729.954758648477
58060,4039.000217447368
19695,2168.457808086533
49170,2813.6366193502026
94307,3683.6295029064927
90991,4329.573849108735
23504,1655.220505973616
99151,1694.9239235354596
22206,760.6857168676291
84987,1762.5232426077787
86282,2557.520334724627
38560,1423.0008586267113
46165,2563.507952097705
39824,952.0238119635623
20466,1237.005274935737
66559,5137.99144742882
72445,1265.0152106585003
85992,2440.828570036305
29712,3045.7148280472375
34652,1279.7371188282034
91517,1842.2729105697324
84421,8100.821342541574
12993,2941.0870492756844
37589,2772.7380617872054
81012,1901.8770540888793
38364,4725.468351670804
53923,4251.781649021118
58396,944.337459788927
89495,4214.1047892544075
74426,2091.2756295999566
83808,943.4455349263587
10169,1159.0267829717595
14701,1408.5739604772696
38521,1203.7283205882638
91665,1064.7093716322497
1589,2659.742514517117
14488,694.0681714718171
35851,1750.3034116126303
32276,3326.674361947193
1125,1946.4290255923822
90645,6581.356324382597
67619,2085.664008399861
1875,995.2362000260945
2409,3766.016097612822
37907,6711.110885476787
88513,2068.4815246684666
35332,514.7050918241936
15261,2069.802928460308
77999,1471.5978328859899
43044,368.9575118832497
96977,854.2681880073477
99821,916.223030251874
35248,6291.533028023457
17714,2922.1492169994845
66206,531.6805800438145
81849,1748.6717226116573
9565,3002.55671157894
59876,5591.686187144015
73032,1173.6652507013778
74400,5212.616940448558
72115,1147.5803240587898
39113,1393.1869327021377
50100,1147.018322673664
3965,572.6061015086843
38140,313.6325420783485
28380,2252.862297886508
21196,1391.3756380137236
89442,10008.189025111727
68174,9574.252044982715
78018,938.6171061723902
84418,732.0589197015082
93379,3591.39935140528
7768,6186.06024380165
51944,1315.6019124818172
10103,2327.279558901074
56911,1637.4367392010622
11961,1481.6309406333535
6415,2406.0963163767283
53703,2465.7075514046155
30329,4523.24580835726
39056,1347.6753941445331
76085,4553.127026738546
71286,2978.0601401661647
2052,1364.8647520715072
94841,25917.05890614588
93665,4440.500875920406
5995,4674.355087817945
2138,2179.5028319982152
71481,14636.914593965048
28262,1385.8916412280132
53071,1717.4793723359203
2231,1180.813549127404
5629,1316.9953187987937
84155,1838.8111218163763
7230,3871.2435539136445
13249,2768.7691212165555
78963,2975.5829348349457
74786,2958.9406207296333
17559,3482.7383299841695
80715,1756.3757445055464
20468,6173.290894133515
27523,3298.276577131633
52174,2041.372635552648
40293,2412.9759449298126
81987,912.3392592742531
53365,1331.9039678696593
83959,4732.685319308845
54605,1226.8831370835017
88074,1171.827813532323
19804,7965.000578241868
85164,2073.9890299734343
95808,997.4885916535777
54005,3214.936822822751
917,2026.124528378955
66116,1065.9967051192464
26584,793.8691415485868
63794,6274.880440704987
89952,834.4785085664691
85465,1877.7972229198044
93708,2346.7940002864393
9381,1823.4028512646619
56248,961.5079576766848
32952,1856.390484242503
49140,1261.0966461876742
45102,1340.4970216241688
61210,4067.7748946379247
67092,3442.9433057419033
38333,1170.2982043850552
94487,240.85253055965126
38852,7885.4886636739675
20738,457.29063468333635
26101,2169.094333004319
24121,2468.356263084982
53147,954.9476698069731
4002,1236.6949316594025
15738,2572.1368309262302
72897,4122.135218136423
80518,779.8248106365711
2830,5675.712562138386
91560,1013.3417364369451
67289,2830.6273090113577
58461,2548.043653917334
76033,2186.6005132663345
42450,1949.5887584875593
3588,1364.7158616010663
77790,3384.533809637224
4851,1478.1211835855383
39224,1953.5497046774533
5321,924.7351291151314
32249,3888.165757318892
29342,1393.3836439991442
40570,1757.1958167511543
30045,3419.794826284211
38629,313.6779303931712
66806,1240.7454378605603
3131,4699.071317452434
73804,1038.6534099070925
51672,3618.8975900526198
49214,955.3945793062023
92387,566.4880839874695
66745,1727.1591873476355
72004,4149.197807478769
59161,2826.545285171693
16676,823.1593273364543
86115,3743.639424739324
3909,2190.292765812551
82625,1467.2324434638779
84,4788.549615122428
28241,2281.480110779145
40242,3738.738594185571
12705,2329.067098282759
39177,436.32064180668146
78974,11760.721825819892
12241,5450.072226180516
49316,1647.8202193551956
61217,1947.8184213237926
98484,3030.156026795034
42407,1923.6662634296265
53230,1219.9140562723242
49642,2018.6381547049168
80606,559.6004850057785
14977,2423.1723853980793
39417,2065.630277718207
14179,2403.803473951747
22715,2419.358013756816
72521,1343.8507085760064
81695,5198.510713692084
7007,2766.035358783635
47085,5997.825373392698
92155,1523.7332094791943
76967,4090.9349499479504
59949,867.9808708268768
88273,1142.7475055555726
86849,1242.9253832958816
33441,1034.8069369194232
5675,5944.931792590775
5507,1932.2087127285838
42597,3735.093262638176
71965,2179.354860904577
65499,4406.215036806847
37660,2434.5931237367267
99887,3312.799812488585
31672,2709.2980026984815
17913,4011.7201806224175
6088,3283.9812444334057
50829,1615.6123416388857
49475,1147.1380790441783
47277,5993.881484924534
30514,15415.341331648799
84633,3330.1258982343957
16536,1330.9104517636474
66567,2066.360814786987
8092,6331.004791411556
40279,2294.419868021772
99465,510.14604690934715
24198,2023.056743577183
1129,1894.6971722293913
1038,3457.0743093410483
62358,2219.100386752829
17534,3438.0866869530614
1567,548.644477152284
62129,2707.5225773082543
48175,703.1323516610264
53325,1768.3979123415274
28717,3624.009008383633
56277,4553.087225744301
61557,3029.026431131715
59489,6637.90902575195
18768,2552.6590849430927
64580,3377.842441833373
50990,1327.0140598029718
38806,1675.475965683769
10709,3152.4761864446364
96385,4928.567673203128
47499,3551.9469411332757
36319,5169.213123802975
39006,5383.147828115071
87012,1817.5933227266212
10622,2033.6435274343748
49012,2253.0619802806086
3110,5764.629286851949
53959,1234.4664562949174
57208,2273.7669287390613
78499,2503.99491584739
46264,2735.4688747577634
88816,1575.521058389567
715,5118.450871360917
13554,1127.0643839532243
16207,4644.427033515584
96869,2205.5724364740745
87606,1729.6998157353407
71369,1487.8317822049257
83142,7478.08549132048
15836,4261.109423458572
58662,674.8209148430236
22264,3110.3354185732655
21060,4072.230521671075
39341,2077.5574717443947
60535,3753.0724616106163
73530,1286.3181769988807
71179,2415.5335033957276
8156,2694.5506565884543
99855,703.4106753537648
52476,4504.323087360566
75117,1455.4470764714347
42256,1937.8450964485373
35792,3274.995230499739
36021,2792.0692641586606
92473,2441.5560917432144
35253,6406.3513041943315
93008,1760.4527427535247
50455,4582.803227058038
83452,4583.344018608075
66068,1707.8724222375854
47571,2556.036145622736
36763,1821.7407144873534
59578,1642.255355429718
78068,2060.3964815389595
37862,1078.3026805350332
46106,6048.014562397387
48544,477.63131126380165
36470,1886.3240704423042
50175,3185.3648059362877
43633,2560.02553428417
59823,2334.0677720736126
90693,1766.8186858509862
89140,9799.001756760505
92218,6600.333004282562
58573,887.4856049674091
36350,6001.759465345564
78467,4723.08126035887
83720,1125.6806001768302
35377,957.4248862067593
86965,2072.7962618011106
71703,2044.2118196616643
1425,663.6054686811843
81727,1543.46616921281
14060,1101.6620253863198
37753,1326.253161845029
20060,3518.299342334052
66260,962.6572695764802
86355,560.5502464114026
94727,4619.745699510605
88921,784.8900338217555
72793,5630.73664598342
87477,1341.8461996636158
90187,1433.227294201347
55334,2939.7505289613873
47946,917.5329032553465
42370,439.1479453437868
98745,1299.4157210622532
92616,2573.2199949187548
72279,2022.8097811915713
59054,944.8180769399198
35098,1649.2844351041408
58632,2455.9063556094243
96691,1025.8903236606989
90134,770.0361722579255
49843,1036.476322510191
87525,2228.134599601331
44296,1885.494136038215
74647,1973.8228627297729
61503,2532.5399106419577
1247,1634.9701563100327
64339,694.3870213810578
20155,1976.419909902549
25575,1851.529987005234
65521,875.9515330425374
29323,3502.2517203995703
50476,1788.9525580416514
17647,6412.644290831701
2147,882.2088487274552
94121,1861.2610809734176
41077,1430.9267600582043
88165,4886.871528863614
44911,4587.811882649286
86179,6317.029902328484
28013,1636.2703569785458
21696,678.9188355042864
92501,4517.114495561883
81789,3768.9786174304463
64969,6844.415692354773
45045,1087.4155933213765
36617,3958.0792143229933
5903,2090.1707763927106
3731,700.5002059320336
10340,1037.703669137884
14093,2080.6410777828646
70035,4912.542566434866
67343,2616.804034476061
9360,1959.7483210238147
19613,1801.744015967821
54687,1296.1981443371305
92271,7911.879843225758
88399,5818.226614441836
46333,1038.1593177309685
5250,551.0303755927564
25287,1064.0986210829124
46169,1290.8499021319221
21316,993.2498539137363
10143,574.6740380074494
48659,1275.1890691308158
97118,2739.497183779501
28833,4661.468713831217
5167,1376.3178756490645
70665,2421.009528822601
31188,1989.0856509303624
20236,2631.4326462403114
1594,1007.8534312828928
90251,4867.712583299994
64671,579.4910494425438
87051,2428.7786595614084
43038,1445.4105064954479
1554,2629.2128064496337
24946,986.4010579854751
78729,8856.336144302606
20644,5934.80417364345
43465,590.7232081479909
83717,837.4547615285389
17570,6802.5704317406735
66391,333.3487887913131
64571,1333.9639851278368
98754,2355.3611513452024
31261,609.7994238024079
92804,415.2120607967448
45195,3364.2101928705274
32170,241.10981441249677
54193,2756.9399974130515
95579,7825.461010335494
81609,19038.854778564542
99093,604.2844055582535
72219,2294.6208216417494
93480,4546.620392764134
41310,453.7505377968037
37198,3774.92143731255
97628,2254.8799940894296
46582,2202.130674198633
89155,6592.443025394216
83236,2393.2153526487236
53636,676.2885519575434
97326,4784.4515368399225
52197,8043.158405620254
77695,1534.8836957640535
27452,1259.8805595044855
62657,1917.3807756453796
86816,720.6889757601015
96903,1165.763971846645
82208,990.8946998934948
56214,4163.705050485776
26981,2107.7049456449345
9541,4581.708012014055
30362,5933.0009723601015
54425,1015.5733035011915
62484,440.8777241245315
62751,4852.829157077719
90581,1890.3896371362316
63194,1453.4549269456877
4259,2222.624416913896
24267,4303.700671558023
22522,1255.748193600923
37911,14289.673531443055
95757,4309.172023704759
32090,1100.8116422807252
42244,12499.382355585223
58338,1744.8349000974233
60201,2828.794567928314
58574,1952.7767659790939
71437,6001.330287992917
84326,655.2013305870989
71801,2183.288577896865
65188,4585.094622845314
8198,6146.74130462813
62998,4044.6151365749733
93263,2602.3652551600308
12596,3643.817786332736
24708,20555.16440097995
87650,1525.071839200738
79498,3472.733193485557
68836,1749.6215313756277
96776,5142.2866097864435
3976,699.8163602332899
48559,7361.419645815704
54735,9510.674473952811
8874,2910.8371589165536
92276,1885.9105162684552
83652,19254.141260380657
66640,664.9518123439682
89117,555.1550762697783
74191,679.6231331888924
73462,2059.1062550693237
54036,3992.044995140122
80605,7366.779342841331
37847,910.3482558650663
33427,1778.747084995112
13770,2890.347568071531
47058,7650.466991081272
43806,1146.4092372996163
58608,2552.7964029345667
59987,7665.603870405644
86318,2030.0513077769685
869,820.1982211468576
68238,2064.6096289074067
35077,1627.4908237102995
6746,691.4001030277702
49299,1619.6840237162653
85423,922.2314892966486
21347,890.2429055827453
62729,2658.1453179308696
68218,1881.740092393425
59538,1787.4240901505923
11910,1795.3266634721426
49842,2029.2632008861697
3057,11960.954313777698
31450,841.5494172131423
71847,1328.2257484724337
11560,988.0906996067384
36499,18587.93382328398
12613,7834.199105073423
16100,1444.6500469797795
89666,832.9053895164368
44011,19968.871806579282
75226,2262.714998249359
3307,2050.608697670559
13223,2538.6311332359774
55549,758.2377392585876
78238,2613.5095363529153
33159,2194.2741878729657
70086,2074.77254395147
92453,2206.54465403654
90533,2777.5670439424016
62005,435.2450955972873
76492,1514.8392313373433
87117,1114.3802527334167
91458,2638.756367784712
69516,465.9721680625581
85693,1093.1022735689946
70413,6029.889251193339
47735,6263.077658342545
35071,1345.282738488359
99830,4144.556825972434
54525,1571.3191893365658
26908,2245.5922021479864
49862,3044.3255991509454
41165,6399.743136654318
76386,2077.5697916949393
2799,1549.5062323304196
99403,2142.347212890486
461,964.4113000578004
15914,1809.6557882928987
34106,959.3331603626311
80545,1919.630170190727
52379,5874.17642325296
75174,3020.956781271476
96104,242.34490322467022
92053,1365.2141316005404
82177,695.533114848809
68160,1999.374867755817
65666,5750.132918377447
8801,3027.9354231853745
81201,7622.473875379915
55257,1887.6194327930978
83490,1163.1045454114717
92945,692.8797981918698
68599,562.9767465227176
44306,6189.316765575705
54655,1342.9377236866858
14009,3167.6959774312477
52262,4638.4331646699075
97012,6418.616837823974
38317,3984.1061273233095
66,3295.3064158368097
41681,333.45340147401606
30273,734.8039749265552
66028,5401.745487973662
8755,517.3705264248199
82176,1751.3456296979527
34366,1258.658581712102
10765,1893.8536566540963
80156,869.8986552768539
87872,1078.397409382974
97815,827.2621461353149
57447,8849.29199870268
12493,3362.0747025260766
74627,1479.214651393522
35189,2390.8142080361363
32002,1961.492474601776
36065,1077.0486547775618
89602,6809.623906995055
63600,485.98748794105285
6716,8006.8912080534
55990,1434.6069855689152
40919,6594.635488563623
10320,2536.3799066482147
66762,1071.717665011613
73117,1902.558473057169
67545,7939.18632053849
45203,12411.411065034159
35043,1483.4617923653007
95730,2418.11986202352
6680,1358.3148508934967
27683,3251.1628975833114
94441,1510.4539680789605
68316,1285.5777844071251
36284,4518.04368084163
5614,533.6657164447184
73517,5033.047972043924
13604,2174.7639796768103
15627,838.8669432792458
18085,1324.8350951641164
31350,608.0320329448285
69399,3740.806002890581
33830,1635.7442408356394
17903,963.9881654427234
46645,1109.8550570771813
12005,551.1174738348933
35480,1825.1313634879414
89304,1273.121030548654
13266,734.8918341575746
65541,2308.068350031956
8814,3344.5616353731016
55917,4959.921209289889
78708,3501.520574424777
99280,1193.7835016497306
67831,5424.381778497452
69309,2137.09267487477
11923,1334.6427042426817
54275,217.64095425583048
34159,1466.8761824496362
66792,2824.3903727522916
45282,3655.534496282926
2845,3991.8663880537397
78011,1702.6885714782659
52707,538.6107993456908
72365,3189.1534153486355
21292,455.9122637979178
26504,2181.844318383668
36459,1367.432177032585
81830,1001.983455349982
49241,2915.619642847011
98876,2375.9044710130406
36524,2886.748094900361
95557,5921.069596914177
87828,1169.0195309273684
18573,2368.5235099813062
38808,2564.4037163907783
9740,1377.6309610319486
13379,1913.3719856313803
64531,2846.426770051898
62784,5821.101247159375
64299,1083.4022400554366
12350,5990.722561754349
76363,8341.99897699371
4635,2845.6263890837504
69581,3512.9944156358447
56563,11444.473292866858
61004,842.1316343776215
9118,2686.5306635961147
28008,2134.8981387484873
31399,8440.093136264217
72305,5583.48898028393
14699,1184.651653090243
7082,1912.3694476729993
40890,844.4313319936717
77792,565.594626656532
66050,7295.210476491572
48483,473.38630905847975
1204,557.1700251546898
1512,1823.9533299643558
41342,2842.4430956012516
42945,1953.5061907788006
51207,1877.946145521702
78844,1609.066078146198
58668,2816.1697952984473
85186,1032.838596901912
85001,1303.9289428670832
27764,3834.194026324955
144,402.3479990088675
56663,344.593369586999
32718,3111.3767355228674
86708,2441.4668914882864
83888,1046.945452327119
59004,1581.4360395515523
43480,3726.4280786518807
12395,846.6695828949964
41504,565.0825014204539
21297,2167.2312037800793
72327,2201.609735768221
72935,834.8804033100901
11883,1653.7510609580886
97644,10531.798934889568
60364,1631.9608333670406
51675,2754.415500741631
57246,3402.021084584338
38933,3071.942292507446
36229,2853.7596381546173
40429,2618.260971256395
71321,6696.158892387473
55996,9739.559849940408
8123,1121.3444331463493
91874,963.6781130155654
20807,854.3718103029165
64128,5522.858530240981
97426,3410.347805319324
92557,1066.2867721090868
44732,1837.183074927292
4083,5357.572700787277
52888,1230.6024498779188
2369,658.5697124598694
70874,943.858874262307
20585,1811.5440064891482
67937,1520.2370724656141
52167,1615.932243317303
95458,5616.586105872825
29788,3856.694715391615
71589,503.14349767333476
63165,890.361137612227
29357,8167.824094024069
13518,826.6064847983868
87278,7079.735454753224
73838,2079.6709797418066
34111,3591.201170096666
48665,3539.938474606827
21563,444.2009374998301
57987,1478.8050532086831
35596,249.066489095258
68165,2750.097066591055
93091,1061.9206338517017
90964,407.6963272103468
92667,1121.725243537907
74377,3038.052742794675
35940,8853.60895112989
33229,13223.223900991357
17516,1674.062261634975
76876,685.4213522755099
70887,1146.299250612656
44650,3369.034964150061
56301,3840.3299982074423
46447,955.7750753351526
18137,1997.9702911535612
87136,983.9749090006416
68976,1724.8077625317567
96850,3420.759064234412
89357,5155.212496524398
92020,2710.3174187811014
72086,797.6766214977687
93812,3524.682781316665
58203,2101.5821855701197
83252,1880.0690919767696
2558,1338.4855562577523
66069,2018.8297994457248
37320,1574.0271990530396
3698,7792.152517423734
41813,4671.153938151846
2877,1841.726849739517
3059,2409.3155433145785
25883,830.8929285846519
77118,1787.9019387072415
75475,1533.1016625329728
34607,705.2310124872942
72496,692.4060598264133
47165,389.2129065952363
8650,1471.90948727058
26394,308.16847947833844
98716,1763.9645887749386
95648,1910.335053109846
11250,586.2166503404402
90608,4185.433302141816
97053,1749.6595757699258
39533,3027.8154467628187
45913,1196.2965760049324
16425,549.7570587912103
20110,1032.765401488722
99956,1169.8237493766185
56582,6359.036015667967
43592,3873.013172574381
74159,981.8844281895992
7549,8995.279108907253
39406,1509.145932262073
8191,616.3410287180745
28948,446.3840178568307
26996,1715.7139617339074
79360,335.6281446705111
72547,506.28113091094235
10238,2024.4385755072212
18625,3069.020517692166
56580,549.8846316888164
31663,2956.8582364397826
64642,2684.180367927629
69327,449.7091930948905
59438,10648.081860523122
69707,401.8084033205922
86298,526.4716124386697
85263,8052.985247591662
72488,433.1748286913031
76203,5892.203566203712
63686,1076.4310701103886
29727,6150.4482963398
16498,1076.8959997288189
47283,4404.963766831226
31908,2022.1438246848948
56072,2803.2774374758114
59297,666.2916015975431
52105,598.734629909071
58945,1455.1790809728225
20037,1242.0294937575866
29972,4369.874903014528
52866,17058.773874982493
3745,1006.4955864593119
10228,821.6299148796414
34263,2252.1744450739493
14618,5755.645272074213
85041,823.1152526023218
66400,6439.383244095648
55120,981.2768635958123
86621,1522.6029861784375
49972,3059.315632736332
29133,640.0911235738666
80027,6353.546760614499
96608,3642.943712410394
61613,1423.615472558139
53726,463.31782931084854
79152,916.3225990321406
15954,1603.5609531823104
49503,1314.8832989249038
32928,2196.6966729323703
99703,1167.5092807185924
84020,1177.2538505501273
43084,6391.337884063894
44938,3024.656093005026
7711,1571.8194314029165
17525,395.11224635769673
67795,391.7434147130427
34951,7874.869534810528
18715,476.23343808655693
64185,1001.6316085996122
82431,1586.3092109642316
95283,15221.214785702205
85664,1649.755826902346
94828,3628.4184245597626
6144,969.9065254936373
16066,1095.3109595366523
29518,5255.65178332507
95,1740.185587138448
26517,2866.7162976695868
24806,504.5613092831579
29881,3911.1657378586474
26355,918.3403871312481
69524,1820.850611228435
85321,1624.6323963782133
87015,1907.610133077247
11451,802.9909469819081
23579,3461.535248067255
29054,3387.437155973744
67956,5103.337435339836
21629,1252.6792868058321
33077,2254.322024239377
11160,2764.9489202298064
36745,2447.1672566134407
58327,1444.9467891783672
94253,2793.3189563885476
79369,1160.3525288087253
29155,1583.4997951315574
20617,2436.9811374760625
9635,1144.0169005729172
383,1004.6910222848935
93850,1181.8343211153624
96921,393.4117731467495
91443,849.580486044712
10931,1502.189639955396
55143,1318.3768320834713
54971,1410.0090956612603
27319,1197.8409638806766
1364,1431.4924117654248
46565,6262.859437634598
17342,6091.194622812991
12078,3220.1236682010267
2757,651.5317753273006
3130,1151.9640126444315
53686,5383.932251339251
78453,904.6596805379646
9728,2717.474543485633
66105,2972.5511866525317
901,4974.113095449845
82664,1784.8792236247095
75388,16085.990405373821
59901,886.1982518801475
27649,3487.5476434479497
85108,2456.459254908634
53316,12706.344040466316
17389,1924.2625217911686
10356,7759.851472900623
81687,816.4251580903342
54391,347.97138089074207
66641,4036.4596605204715
55177,1602.9900076328
45085,441.5279863140548
79704,991.7173465549367
81251,6135.432537751469
15034,1831.9418642462467
3270,5338.025727758431
20762,545.2487737771987
4010,1943.092226667306
69512,1976.0259537938148
63515,2390.4229357020195
9548,4197.501668471294
42838,858.8885010792562
2907,1717.6076616106016
21977,1163.862937172163
23808,4597.33336661861
99230,1510.4598417266766
50259,398.25782041446746
86906,14180.033733123575
73473,1471.2844536650964
41097,2407.3852951918375
30803,3605.115214880253
70855,2583.9014148506135
41443,279.85708461122255
44529,4644.669166607897
30902,642.1106598447674
64998,915.1617420803705
40817,2619.502564768147
55885,1926.2125730105206
44500,2974.2216605023996
54191,2676.548671371652
20280,6887.117862354216
46803,1589.7589577296358
1465,1391.0458289707278
2582,3519.5089699345012
42570,1616.569562847364
64934,2519.834209547464
61592,10523.189532905937
49421,5403.211431452708
63503,3853.3044518817433
64184,10716.273134066072
46504,7913.080095698526
97217,1678.1461954774936
27908,760.8858511742953
86266,3461.0922878080323
95527,383.88669901351835
31211,1397.2745604139088
60442,4588.5897890069755
34617,439.46798129388026
70766,3085.263824605409
10237,2443.0330792254335
4648,1387.6509551841114
5273,1070.4002493685737
83189,4068.4663789828414
1262,1349.4261165320033
60510,1356.6812454220928
76155,6052.464852107532
26032,5270.51939166393
69093,2863.300921379529
77921,2317.6892861214105
17541,3427.221228289607
17413,2957.8813739010593
94848,11429.619349711484
80766,1320.6416511643197
80396,11781.581391996402
31445,3875.132126236925
31301,2998.4469688583304
2438,1061.8062255248742
44258,5024.47402780322
58824,596.2149588019827
92183,2230.1285775312995
16269,2425.5409874996703
56677,3143.4630027306025
90627,2750.586900533824
11865,9761.1249598741
62851,774.5446571521469
47497,3844.101019881737
85748,19112.266718538023
98091,3954.8157331196817
45337,2453.786267450676
69700,2660.2400075756636
38323,563.6712061170156
44118,728.6548477481618
49898,8605.434055350232
21919,2964.129110452778
95061,3451.79247962393
44029,2544.0913145185405
31892,884.8106484467535
3730,4752.964328296311
38441,1185.0264275925492
16606,10815.533801891206
77651,2295.508581024584
32798,19639.61189088323
20005,4063.0771140139564
38675,3541.075881862343
82790,2772.4402867594895
71427,1599.1749423650178
8345,4576.687565146156
91389,5385.653611961928
46350,20239.156211689147
19488,1439.6124059416227
19595,653.6803844109187
4640,1528.92906825304
44735,2596.588402168921
36251,2709.020350086694
37688,2401.933993128037
41604,2238.447325801349
74596,2612.194131131178
3485,1183.3586490415653
55731,1432.8604605405094
61032,8043.277727229587
52806,4607.159814293089
1152,4594.765463217175
4251,2744.899275415968
70484,503.00266351058485
59753,833.208872128027
37344,2756.0008208226022
29958,1846.0917037170775
29196,4564.070052252086
26684,498.43619848776325
21223,4133.878111349584
14521,2019.2424849135568
37982,4257.0411011736605
91230,3179.591591540584
29927,5345.24160113354
95013,1073.0538597339
13034,3452.247340699321
32831,890.7320208088229
1584,4791.080689577159
30208,3627.863651901579
37463,1169.4920899657332
51087,1495.5772944523317
98304,4457.85206494991
60033,720.3083887461031
4538,2064.273355732202
22589,1193.1520473719315
34444,1490.090563316677
66802,1892.0832465700178
30938,648.9327521760524
45479,1160.183926106112
52072,2514.002278231268
30767,9455.45135224335
47870,4468.519900000985
95437,1555.3399988910814
92940,3398.8373247466498
54515,1727.170262728827
9523,1749.8246792825103
41515,2648.4688033325897
6739,7940.734235286713
53351,3566.2613024810857
98002,5643.995623507087
59627,1736.2695545146769
78061,3577.45853604139
65319,1832.6425887999967
13314,6172.370910657332
64550,4960.064222756798
25042,7384.450854881706
87646,6041.594642591287
7465,6379.376386145152
34326,4281.104259416044
63985,538.2340379100548
10158,1398.8041182098511
20623,1848.2638229756205
95559,1252.2965170617215
79277,2191.407607039229
33968,4580.963088630046
94657,3556.5184801127552
66402,5393.656290696842
34848,1747.9333981474542
78828,3763.40137487172
62158,2206.3576964573617
43713,1850.3826397123794
58508,1601.4255471621668
75844,1048.4945099658182
46513,2000.1664263354785
25484,693.7635992880575
57925,4293.102216407724
15853,677.9291936703889
43279,6486.154518628371
86756,3529.386690402065
21095,551.4379750373594
64704,2403.837382712175
70214,1579.8936979865796
42777,7619.80124908378
79142,4102.917183591269
44088,885.6993726483639
8385,2323.383392261029
46893,4843.046091519525
31774,9177.337916031227
70143,1677.1470611292739
4052,4747.885714727172
55912,2408.805016519272
20396,1771.3745040245144
70355,4159.918234851013
28225,2910.801281037336
14873,903.734165873342
41898,3837.3902897357516
50138,935.7828826875218
2779,3534.914816956551
3560,513.397182102346
59361,1899.0492266355207
8221,1382.3809249369667
95878,3322.9283929239286
32054,1961.4393855245955
40679,597.1896361214066
93716,945.1284842840355
66684,2031.874821441252
75456,468.75974374713513
88484,1802.9127970290692
59794,32082.909941148446
50240,2634.669261511177
95414,4971.757385703753
79818,3178.6037078685786
16361,1088.0082179202159
71141,692.7907975898656
57478,3222.881002236214
46726,2580.7249625219733
72500,1933.288654533916
89187,1365.643885770619
43574,716.389705809304
84182,1321.9852149389665
27667,707.6638196568136
96389,4864.009413131214
42380,1049.4996787730065
17339,12527.478391833436
84299,2824.1302877405765
54591,4708.8406872159285
71926,3775.985224588328
60016,731.0597934571459
3514,1817.4807350010944
94759,786.929983107882
68446,1949.7896405300735
52279,397.6309631300716
69933,4298.509755325858
10451,2820.477899558513
67814,6167.8685368904735
64017,695.5318750964373
32341,4632.300045206682
68754,2360.136354133173
28156,2928.2910363568885
48681,3934.930946366151
23801,1816.519899240964
4367,20310.975709628394
16858,827.307185100542
17310,728.5356749203423
11193,9473.714545026018
80364,1964.7708423666272
64360,3092.802557172917
74817,2493.944689819678
96719,3751.354131998982
11576,1591.8783724639488
39854,701.3691608303917
69937,1638.737120954045
30387,1352.6475274928082
9463,2756.802051064281
51708,1908.6718839177333
76184,366.1523496048674
46711,1954.0728891703463
30095,231.7832381241418
23415,2185.484953598284
59452,395.03460843870346
90360,875.0721871042578
82760,11254.590228509694
73320,2686.04187073414
94342,1210.4046501662067
98580,2655.367864534208
54739,3924.300237211109
31111,2251.5529025333512
67965,974.4893476504782
72675,613.888123169287
17522,3295.424939169185
57173,6322.704115795092
75424,1578.4313633836593
56589,3112.941405776805
70810,1522.5382441283348
3556,882.0191586056212
82511,2491.9627210427384
41459,2342.571074994755
93389,5757.853131426676
59278,2733.6134335291836
22304,1433.6659029985258
97952,3448.066579743149
46886,2313.6657897018003
40769,4224.912619473971
25026,2213.7468446282037
89344,3222.2778065543253
98917,639.9685897011074
94099,1890.5707012314858
53722,708.920331685096
88189,4093.6606030754156
3175,1121.0478066195553
16504,1753.8884298147332
46348,1789.4436703138772
68223,1822.230858080209
89150,1327.9871264392236
77659,8447.128744903106
17398,424.35430428755507
88014,4310.773400112718
54946,1823.205481327762
70552,2664.3580946380425
15147,6527.819621257801
59447,549.797923467197
6354,3149.208152906439
80400,5716.522852935932
8037,1629.2981398265622
60732,2597.893800634671
39316,2184.8208773639067
57234,2529.5691589231387
46275,3388.711016678296
58693,1620.4533490589351
86705,7381.864536190408
261,4233.9490823579645
57429,4805.384400578614
82495,1109.877432549096
96200,1252.5989855640978
44979,2620.8306742076884
75777,2700.1693428582353
19758,2843.777287541935
17567,5362.877190707845
54547,1613.4718979968532
8014,2935.6090729969105
99308,1578.1203955195524
59211,635.8414437445732
17699,1919.6486287238592
5476,2448.291689894203
84126,1845.2902431785617
43063,478.81097641132266
9191,760.9206822245867
17911,1817.1376013201234
8881,515.5254917673301
32445,9422.896423026923
11380,1968.7278029476354
80643,1452.4706876461073
4520,1153.897939703469
68484,1941.4777650470528
25640,1545.8607262512496
66863,515.9943552479899
92266,3367.766015067954
44827,4540.478501728732
45653,2545.6358441711736
83870,3248.0583677642057
51110,5907.729640451215
12802,2863.1760337961396
68326,2636.929459260767
97607,11176.08549160021
27,2196.787374122366
96542,2167.5663050473418
82932,2515.1576662927696
11033,1642.8490009527316
15567,2194.9847445858877
69433,3722.1565651026995
15257,1293.9175908725401
60237,819.2192708993007
44994,1866.6870103336685
13113,13862.729415561325
25967,4235.156572250551
46461,2216.827891028219
8465,1033.1190860147365
66350,2974.833493479631
63879,1355.3732660829091
58642,1290.928825707183
20240,2931.773449576875
19982,3790.3227412571664
14322,499.98309604623046
62137,343.67366665044494
4292,448.1751023205446
76467,394.4828481241702
43543,1288.6645831448807
13755,1664.4957627807732
56294,816.1901990537366
73217,2651.411143658817
13280,2149.8954711484275
84404,1039.3297846449464
75629,831.2149018180328
53833,2279.8220722543665
21729,993.9954747016016
47320,2930.7021836905824
75046,397.33149406213056
86490,11831.663355723947
56384,1038.0132047472468
57493,2856.660763825413
2338,2174.3577733094244
37992,4910.073624129923
57789,4264.225524654594
51954,2555.2180713263874
27970,4415.684300349269
46949,20109.941675533864
56327,1985.7791385475039
24461,16453.95525376976
64187,2348.6318737807383
3949,6083.27832472582
67651,3519.2285308505166
10652,1645.7680044230449
14733,1982.6605835975931
46505,1154.7898557765718
62051,602.0708233164859
21270,2745.3508166880633
87900,3678.3676061177052
87197,3205.706485604091
5895,3225.0549253203853
17520,579.774121700794
58473,3988.917347696938
92400,1000.5479148831056
9879,1731.2174857250245
66199,1453.2110780190792
65505,878.0468496046905
44554,3961.4342973793696
13237,4907.139280535618
53322,5105.4544756809255
1487,642.7700467113732
13806,2030.2646798745707
41144,6612.856353992371
90904,6075.925697950326
18668,6046.290927253352
73922,3927.9491253868414
75903,2217.861701979365
12476,6895.120025928441
13128,8403.333081854205
85698,4092.407763491743
74734,1572.1240442678063
38605,1264.30513093398
4239,3357.351908239815
84834,1347.0252065912969
31816,595.1380975868004
54727,1357.8589792769656
75591,1023.0467195439364
6774,1862.7976916417836
206,3655.2563752689152
27696,1954.2941752378267
9195,15832.740983623133
4605,1129.0044473674236
64772,8034.632342434203
37599,2016.6291767276382
74864,1362.891926498883
36299,4160.3125544141085
30537,3094.5831121318533
91037,2173.601546589162
28793,668.0537521862939
83231,918.6385749928677
39077,2290.9776939955636
61101,3995.9632966313743
12499,657.5376796580251
45837,2080.719228413532
77083,8037.568755022433
2863,3128.282327735858
16777,5242.304193799381
9427,1018.3460217555981
55466,1173.8952586502514
46917,745.8956326997006
55116,667.2579798244044
60678,1408.1081317277983
45663,1448.1687457927706
18125,819.0521761810263
35810,6334.420595424699
65397,1745.9185831615218
23209,3721.754347717094
44037,535.2812225440653
30626,3537.655385768935
67511,6126.387842617847
81905,9576.32330476254
1806,550.2143995331929
46430,804.7739413249095
1854,1088.4121313184903
88284,9725.424018460877
30520,648.2221211543697
50503,2510.3116595611314
60521,848.7605304899137
83064,3361.845224558303
18936,7274.855363045138
9708,2417.170506327904
21357,607.1816898508165
13077,6367.576402978488
36987,2694.4145892495467
16366,1910.0992106363324
87409,2096.2064338660525
12883,3608.828932620552
17433,3262.667253008526
45893,3436.1296241381106
68476,3856.6405417919937
43362,3033.487559209771
92780,9840.814380807795
80630,884.5735304927614
46472,905.5862797826428
68731,1388.0027138949338
53072,4571.128635694978
91177,559.7457148881978
45018,618.8077293191444
41243,6102.925630199726
25298,6846.374619241949
29623,3065.5245492951685
40684,4038.469021983602
62534,2040.4914627192527
24717,3740.8178726417495
80908,889.4317893894532
7561,1357.3092334746468
52334,2134.3499496593254
37454,608.2204102706245
38396,642.0729036944814
40192,6850.254401416943
94977,1072.0649477663842
66991,1831.989053435314
91686,2680.598496667333
90150,1511.242371944669
87328,1622.4863451591261
96273,2290.654238774827
85586,15089.32346286372
34950,849.5529186866318
15686,846.7239754220379
22741,2171.1636706098466
59830,1194.7644748846237
5678,2511.568981816247
66158,2199.1256724331247
40541,1189.8051509418751
30403,672.9526844859016
49538,1573.5870850952526
661,2060.3908042595913
84385,4591.3899741437235
82541,1181.3139935109161
25861,8971.134115333261
26446,1836.0503524932758
903,1484.6656514313304
47581,6399.407604866161
86840,381.90725115066806
90118,4785.390964658751
44740,943.9753652606871
96125,3950.8952389397905
59267,1868.1813916050464
38348,1737.2423136996163
31517,1102.7292550662671
80161,2536.3924573288286
28727,3227.5826192344016
60056,1245.3143466416566
48296,515.9698273655345
24106,6432.452960931319
86704,1342.1026903324826
86548,1580.7508680017954
21610,2860.17416879946
38520,746.6150541570696
39453,3689.5613061076697
70466,1706.1579847100095
36005,3202.3360835718104
46892,5196.3760166153525
45752,4345.69362905849
49476,1041.1178503264898
18667,328.48942352055855
10249,1079.47046948749
46590,550.2349645670023
55964,1261.6093524805258
93868,1205.572862817894
53826,383.39662825144944
40056,10822.363515771784
40581,6458.3918317632815
77918,2340.9088732026557
32884,5977.609910740827
35261,2340.4297030782527
39723,2313.4947690937734
68864,1037.8990114857227
39548,3846.2776960307183
63272,1223.2690324156401
3973,988.2910449388969
221,2044.7539145886526
21636,2264.144504490854
75373,1646.51868314797
75403,1260.5993428343945
48143,2506.0801162711396
53556,229.3688869668944
7369,590.9291162093213
31541,7434.723960193203
41013,1739.8674915306894
3065,332.9862265162558
23797,2575.1035289741585
30669,812.3021895991685
12104,997.8213095632017
45792,3295.6706971035287
59590,777.8205734448625
72376,4766.594935580891
72251,1255.0004731838242
36050,2839.747014517828
18021,892.1206868972516
62536,908.8118123369462
45831,2245.5035822188447
28700,5513.419756018803
11753,840.2666252041563
15262,1086.3415332002596
92505,4013.4570445035397
41933,2768.429594167709
56928,3259.5819526439523
13142,5108.745746427447
82692,1411.3844714500003
82320,1410.297265799161
32923,9721.920441642298
38925,3508.032652868482
85766,1340.2221736493898
41999,2197.777610360899
44943,1087.5173232767197
67855,905.0973967610073
34998,1649.3656611662147
72645,4806.68780181916
7804,10751.67538593873
71572,458.0327209815741
46398,991.9487316305757
85980,960.8806558500884
24176,2149.585110555659
84206,1117.4399745636542
54872,1122.7830513986385
29246,2363.5628757446093
92682,862.1416192586919
68878,3222.7022249189035
14664,2571.0500441485506
16463,6399.986405048116
42135,4151.1157932707565
29025,1001.876282379551
99792,2181.840344697463
79876,2026.6944599879944
45191,979.5511012738211
70248,1876.772464816396
41581,1252.8559958151882
866,1356.2049978185535
96377,5033.794912242001
37502,259.4105869686007
60686,412.6559859261757
46097,2170.743253069724
83919,2873.062210690418
84172,5505.937519105887
27422,2610.237919817911
16231,1577.6327324847905
20985,4415.345251843267
47879,1962.8744699400195
14130,2693.9975272034603
30495,1391.8921418992518
79746,3321.2409462725745
13412,1209.6607349983028
46365,11843.603117729257
24101,1540.5496926755573
57584,560.3983670145578
9468,10755.482945311385
73382,4030.8114753057907
18348,7675.1372179899445
41435,1876.389114101883
41830,1846.358014825328
68985,1822.5875145248665
90012,732.8104026872403
82675,4112.739214913146
38612,1129.2965973736343
93791,1474.7288489137627
8736,4573.889315206364
27546,2545.3506624380198
73283,1117.0022687438118
29563,440.76788790535994
81540,1080.6600927478587
95499,476.98896029623495
13690,1175.8911772947104
79116,18046.945505181637
85178,2368.7586294333805
98198,832.2042312745272
43828,3213.612895788979
36273,392.97221547899954
13338,2918.492478734598
59404,3218.352699904752
60014,1381.192927387346
20736,33513.14716196644
24321,1061.2233252206793
16850,6166.420157653557
65164,1328.2639061508664
50437,2406.504526193566
37681,2443.2223051716305
7871,1440.3972239652064
45179,2472.0173956346184
99387,5134.8129550834765
71436,1367.3491223907952
84845,455.5539909783929
46424,1635.7957182316948
65293,663.2651677536006
27003,3580.625658924118
96188,9956.836360900686
33748,10949.630006198837
19175,579.2399866989756
35384,1884.7170260758035
4637,1851.5155720533182
76723,1486.8583281130232
47746,7499.433922920401
94249,4662.580454804282
26732,5741.2112704443
15767,3319.880196409546
40545,2967.34121666672
92879,613.4986089819708
91298,2175.4965479998364
54339,2146.5167846921177
24408,3005.630838440906
53666,2048.646647547984
44644,2157.1163752057296
89421,987.761262546722
80116,3594.9956536637737
61325,14381.097578606797
44576,578.1726422412371
61023,757.290919098693
39819,652.372956074858
77563,2365.052580640432
53204,3533.9973471865515
51955,2906.2398307410504
28288,801.674789273034
57838,1831.9526161361619
41578,949.0325600757411
46555,1253.9514461124613
89578,887.2502860863482
30956,1938.5626110711007
23266,2192.6933611923364
77173,5562.983554628817
31264,1253.3084186902038
46103,1039.9167120374343
3271,5412.329887379373
14232,1618.5207880602559
19081,408.9468272814485
83012,2382.742757908087
35463,1366.3733545663547
78338,3688.0230908237304
87108,3763.1467715425974
98955,1946.227478186381
97381,1753.675206997762
52310,5708.525792606818
17544,850.2608063033767
11769,7164.361951599519
30133,1546.673256106097
28323,3242.38033979849
82110,3171.273903064304
24574,1593.3748356988267
46224,3368.565184489589
97459,740.1464660630957
25021,652.5099111645135
10884,923.855967041444
13238,2416.2856564539425
42036,4652.619095264355
4585,12586.797364669193
17635,3043.4193455292952
56513,6442.694766862765
92710,1633.3857173621818
90903,1265.8388383338686
7907,2998.244841555241
34017,538.6762336654571
26587,1723.5839340252905
82551,2377.480189054614
80419,1537.4365418156601
15181,1194.5418828685072
27248,1725.9332379705743
64480,2039.7839017469778
79777,2844.4818013464323
36921,3147.2521159437215
27731,516.7452796768533
50440,3268.6790713228443
20131,1431.7714769620136
85678,2117.3676120738082
12167,600.027063633942
68421,2527.21678847908
53751,2214.672694897526
98263,1639.502318847033
34924,4949.86865869028
19623,822.5310262566582
94062,860.1916412619398
59402,1498.399080614577
86897,1816.282732217868
17498,655.8545875348618
34062,4640.045370556618
84743,1013.8812539171018
50600,3023.8310078204163
77313,1603.3821305067993
13432,3445.0381277877923
88585,1764.2240427112918
80464,1335.5831751912565
58329,4202.055112374103
91644,1127.0856458269413
49190,1386.7198353048086
96530,2189.7014631436114
65699,2043.6023770361048
67224,1875.3760788742345
21251,1222.1233598101608
77359,899.457443671159
27460,1431.1715909675595
22183,3167.0137716176296
41388,2224.3573503158887
66258,1314.1652492547387
24112,1063.6409465944726
77267,4533.851817084891
48400,1757.295030790798
51549,4164.334926152218
95002,2283.1438715854447
72306,3935.864435958503
27540,2045.2854370520454
2206,3391.7065949507755
83390,1375.564749201331
15424,2111.380097141149
16310,5931.571185718237
11057,3592.455140672562
38776,2171.5820390752783
28751,3584.9765399757107
75368,1715.0498492529496
82069,3591.258180718847
48300,1451.418285225601
1186,2037.2974785218842
3227,1336.2929424643871
32204,1828.9510498140166
48882,1740.3546051100016
87281,2188.3204928054247
64928,1458.083568209037
67899,954.1892727436951
21219,1382.6935920908336
168,537.4829052252543
45025,1812.2879926744213
66013,603.7220415547752
42796,1258.2142441964027
50101,3224.358145859941
12096,2762.0998355171373
37766,5134.02439692598
9888,766.5086543525304
15829,2112.6493993490312
68391,2804.1343157038414
32127,1375.0914716858929
7776,2758.0064243992
60790,8539.232899330498
29596,836.8445138228735
38246,2481.141891175887
94864,10055.591789810447
89232,4705.649292967918
30188,2617.098954645272
10101,331.3451464193937
3437,5148.472922043898
70438,15767.439435431272
84754,22050.6022125113
72638,2076.1478041146806
27027,2496.502907529183
93343,1045.979129522161
44676,2020.7348586716541
89349,1866.2332664473972
3718,6051.545530275751
35295,5178.60152124073
32345,1380.6285889995158
6268,4398.033119397058
91936,1872.9317498587234
93181,1357.7764382428345
12760,202.72639425822226
69515,3923.9752887690192
20828,11582.58994150198
71475,1766.9163956188615
97774,583.3438090923047
87382,1024.3030872592797
83052,478.92827058722344
81087,2907.0594483239797
31119,656.5984779205899
37473,1920.8339792277475
31139,17260.934777474715
49787,6239.7578896322375
44361,587.8545211037274
30026,2206.2138422995886
4416,821.774160131955
64533,8901.310543023837
53143,10404.590824764242
91796,2041.4517901617455
3543,3461.3608400634807
3852,2750.8569865749732
94533,3726.1044254697517
78573,12922.360935208097
77390,1370.9095128653828
49361,2177.268114686687
73038,5382.0830692260515
24737,1175.3237107458656
26728,1981.6565940742346
22013,314.10869185935684
32821,811.8895029583753
41622,2777.264519019808
63617,15607.320346346638
12657,8636.559411756842
72088,770.9862602391961
29408,853.8635075563262
14190,1734.9335965967146
54048,2367.3827473894908
26490,2518.16475548304
44468,2188.2102597232642
11586,1483.9141347117586
31041,3063.310198140063
96182,421.4054822478237
80090,939.4216991347319
29228,825.4583486864126
77100,3143.639964817959
31404,1062.3078231041247
8852,3505.298596611902
87511,1192.8173784772605
75722,6769.370095081826
88907,1490.4335407331878
75952,4598.271191634504
26393,684.7274591662565
42248,2504.8424617186847
38008,2947.196735192491
89198,2200.624986278541
55582,4092.624250691762
76933,12017.699583902988
94303,7878.740976079635
43560,883.8662007806425
12411,8017.101058379991
37696,577.0675892121867
61678,1235.3362490416623
53138,1049.6008127545601
61989,582.4030347046431
59176,701.6511444545362
86876,10865.473794044068
38506,5630.459366971119
49762,966.4106567604401
10017,849.4370685554026
60353,7677.568139300908
34429,2592.1656637352817
26027,353.25782507051105
81805,2204.0829499018646
18482,4665.93857713472
27749,4338.33609868401
52233,2235.001200310813
99518,4917.562939754748
49057,2188.0840285769104
13669,2450.2573049726934
66725,4202.880680550036
48584,6121.04074579059
48798,2174.41133355653
66320,4505.719118591093
23261,2698.075239382554
12585,1812.3169366266686
92736,1029.1108758121002
75727,3954.161436401243
13854,2919.0537478359165
61783,3580.683216140354
66058,3564.747876751743
92800,1256.485340683627
34908,1099.692924360283
68658,3932.356116727669
20323,4310.927332515744
28581,842.73061561542
15377,1183.2719478791932
69508,1752.1908896478828
5001,477.61964675204536
68368,1887.92724041851
34432,554.9394106678814
23032,1594.4073574467018
27234,7660.266948352711
5760,819.4538072364517
79076,5724.066156216741
31530,654.1272290923769
51106,5342.6205533435705
40984,1454.0861363702468
42576,2667.0365827038268
28306,580.5274482909281
92424,1589.3391134781666
3631,1303.5583717635943
15327,2450.8985770735962
37373,2012.045161268726
20080,2148.5167072768904
50531,1368.0552015956323
78819,41944.47683554687
31802,3136.6649656659306
46934,4006.9815472892237
66819,1492.4199809397344
29107,757.0489052121702
42169,3202.9743106936207
37616,3222.265723744637
5996,736.8077915980375
6159,2547.8050054843716
59541,7312.405885840366
42636,2044.1649593224436
64970,2987.793372899636
36097,9655.133935419199
65832,1156.4150168212107
28406,1148.2617736661164
99136,656.4478317608904
65313,3961.5923029821047
22991,3335.5765242003786
74577,1023.1739341272433
42955,1611.9646962306028
51559,1055.17081696859
46121,2302.177136117239
10829,1318.9510685895823
72066,587.794102708868
39922,1259.222740626443
57963,1332.4777253627974
31738,4514.925911968069
70162,1256.0985911277035
72912,3412.349492400335
17247,707.9053393966625
82087,1536.1301775805664
25001,4315.02256282405
62661,3442.587905097036
53508,6405.998078810777
3350,2229.796209952607
74024,3974.644551520839
8623,5303.356710195611
41690,783.1020532089208
73518,2390.1745208937887
91910,3203.995647779422
48194,1601.4515379797006
23381,1783.8208998733217
52353,5297.382656493501
41088,14898.67858510376
1078,1119.1362875095701
25922,2853.9389631705167
75002,3428.511896804754
92613,14551.265244001752
96925,2367.627025264132
10095,1747.9355856808636
41313,1827.4388541764972
35180,1523.767379821063
64847,3002.3590026284123
26396,1601.094372105618
77678,2215.163464439252
54767,3411.524308700678
48311,3045.038579118641
83003,1356.9206574717125
15658,7313.255845407052
75582,1749.0374942911153
50728,5309.523372179896
71654,1488.298321681586
24691,8199.0644676452
15795,4703.874748769653
79512,1064.935224454668
72029,355.1011458050843
25409,3025.2608311677377
36167,4015.707956725578
90897,3548.221178543327
25009,417.08400590778365
83275,5268.89731994053
62850,4146.407385500807
19940,658.2306471352584
1444,475.7339159608813
49583,910.2574403149217
48760,3257.7510762979655
8664,1691.7736626226804
43962,479.84280677467837
44974,3890.4653380101786
34834,1662.083113984316
91264,4741.705268228222
95097,3823.2931603315587
69110,3608.0150622893134
40454,4677.731201080578
46036,5113.4648019156875
58696,4264.480104237041
78981,1887.6891996986108
98205,3528.2522492393123
44514,4170.32700375269
82349,889.948695081178
34045,4722.478642502432
67797,2534.2351618888583
30625,2659.0196926269396
20219,6420.759888683048
9743,5547.948920904163
77197,2069.9107025694852
87580,1944.091848428202
49753,1179.821877026047
55256,1344.2333319681115
5623,2432.344865034867
80844,631.8241523773053
73918,2975.0950781826514
71812,3840.374873682651
72573,1653.4612091786419
57331,4414.478916924024
34821,19750.406752486102
49967,13857.263065737425
66014,1286.8253129911475
50035,6124.341249471974
96994,1354.5389453814432
5271,1211.1711039012775
76953,4111.606877400175
48127,1459.1357463444033
13100,969.8376050212477
16903,10586.266698968899
86603,1782.4944218052512
57547,8568.724812956498
15558,4187.275232554917
41433,1846.0813039560205
84944,3941.0842104338954
98011,1740.0325064370293
48332,1825.4192453837954
85421,5305.762535620838
59028,2882.3783874654723
54984,3628.8837438153437
63687,653.8253434092336
53296,1445.9901946687319
64274,16367.680116572532
27471,2636.8016481243185
67834,1259.0881577674927
38851,3373.4000658665896
31913,455.52403007024935
36622,4078.107218864266
24892,5357.939470525728
40805,2388.747250815156
12258,2596.1770629210687
13047,1336.6791919206746
14266,2203.53250643627
29216,16994.27137648944
80935,2466.7850866031076
80124,3243.904854202737
25680,520.0800537273799
42005,4099.101284519231
28243,1803.123915835482
40489,1587.2481495953602
23580,4254.84203261043
62119,4333.973587140667
2219,2148.8640958358956
95811,914.1901323292964
46323,5010.145568227964
33058,3721.747505355632
72867,5751.5613272764895
48299,1355.1520748096882
17268,995.2952842920984
66781,10522.326645502782
14893,824.4925767269979
45066,1536.2029786230792
61405,644.4038694869921
6903,3530.5703407042934
48043,1251.5748173085424
42668,2580.9172937735857
53967,603.2456107603381
96908,2570.38352598522
78609,1816.0782295786264
49462,977.8191005153058
67160,1643.6890699656317
15804,1052.0542551493086
27779,1588.525369603711
35886,3550.008389199325
44960,3407.0815415412753
61391,1025.9630011938732
95453,719.9003762366799
77849,698.4063821584023
72743,3930.7382465813657
6554,745.7575647225704
30062,2487.3604787302943
61596,3503.5046522948464
21594,869.4462477021181
30357,4408.176037220933
9031,7911.673913802188
47073,6189.356854155587
79411,1507.2610555008757
88852,841.463963606583
6896,499.60429865079624
12678,6611.169765858158
14766,2053.59463115403
47957,2781.3873651311787
67250,555.8081284148127
38836,8559.633841211627
56597,3032.1697224586437
23726,603.6251191565362
25702,2780.6951828532015
43234,755.3267708360534
8793,4603.068246903799
77181,4522.72171411943
10025,2707.673959698717
87272,698.969848682153
40840,550.5502531653491
69999,1876.1330099047211
75327,2408.516639996169
79295,1181.2220165459405
69339,2193.2306448886775
63874,1505.2420824756946
13714,1374.234278063887
50249,4149.08824434871
73721,3939.7823187310373
32250,1130.971270272733
44446,664.2779816561678
77084,2651.4128915653787
7049,1599.1628390266335
68272,3445.682372591958
43956,4327.422646270635
80388,2911.7045776625623
39314,600.8668176223035
62823,3736.220876759062
77232,906.116020410119
8882,2970.2517595999225
4285,5581.441429491524
77003,3371.703607741596
80147,2442.1038994742094
99454,3281.5350116650757
66515,2238.679690959046
65155,910.5968430529073
3637,1751.009137879203
91604,6173.40470066243
46910,2648.0399039467175
47966,2376.460409132209
92524,577.5314164064428
35598,1345.7755195137115
92022,9155.21661547037
96827,1339.3671791052084
1188,1966.3880445622133
66205,1268.0970379436883
90063,14071.332657368277
14866,4527.497826895308
35942,2064.995615717079
42141,3140.1587115999196
56180,802.0097506214661
38270,7529.415225875927
81196,2145.3242837962775
99605,2624.0745894338747
95626,1877.35517545565
22774,1322.8810861276083
91250,521.9738817624234
77124,561.2787423027055
35153,1335.1924133399189
59898,1036.4443618283617
70498,820.8006431167652
17766,1377.7529651460616
53332,281.6575410313988
72529,403.8069370428517
73381,4267.518077206462
75660,1028.5712685223987
99567,4557.200225951947
53006,9006.712567415578
88615,1546.21665656872
99732,3760.7113737224863
43575,5254.999631306863
13820,2848.986082870542
9434,3493.826208751864
58920,10342.379086074234
14116,4624.176322988328
33288,6142.5135938100675
83058,964.7143067620675
14299,4032.587380251903
50261,1869.132352754985
4031,6157.007113115179
98014,1973.122502483293
78304,2164.7334325755655
19933,1074.2554391600738
86169,3638.72367358972
53849,2015.783521421438
37531,1858.8969315247623
69131,626.8504987011617
62241,1805.4907354732234
33917,7629.08277212002
95520,1805.0398560905787
98841,3241.438382620332
60643,1638.819357741315
9838,1331.7141914857484
7436,2095.3499556311217
55834,7228.639215348132
84223,13820.378517809606
7751,1860.1965660542444
26949,42286.27478825129
41792,3599.4054808262395
74889,935.1628885154342
20462,5611.607006563215
91614,341.53646591665245
49917,871.4225969872267
43553,8616.384635456743
5233,3665.770036286298
24128,266.1507996163374
3662,1772.0252678439026
52427,1892.9814064013276
27290,4132.9035556765675
49823,3839.911220824076
35937,9896.07930214239
42544,1333.879981415409
89097,2096.344265968924
19270,2190.644888278604
78097,5618.70645105812
52648,1173.4268916145152
81268,2356.1132141071535
93677,4157.980831207009
61295,1472.2221306921558
34173,2561.1229736360824
92671,2469.552217189594
7939,6760.207942964173
69063,1474.611098551503
69415,760.4623715780076
1011,2733.889290006603
46071,2198.164388401247
17580,1578.4274495167442
26898,680.7566390818074
46231,2411.137568259359
69786,1812.21198642729
81442,788.2851402485929
6796,2098.780185724401
7158,2475.984101758625
88964,850.7667162990786
48537,985.8425387435753
95996,685.5798925662357
77988,904.462659490029
50332,2155.437975576227
73802,973.0862843826386
76024,1049.908674273083
68506,656.5385358635747
46546,6897.132780606311
33881,7693.035967141495
20067,4431.506601833327
44878,4868.26925222813
16382,1761.8713639484497
26044,5944.816004613051
69090,1476.8451919244817
92449,1484.6796922937851
50323,890.8631997981536
18755,9127.946083176705
39419,1878.3929609650095
92657,1744.7520397210988
32034,2224.721000050392
21187,2463.1610544597365
95888,487.7156441367503
57078,602.141508239324
55107,1492.6936137364607
98160,2645.0608361332665
24854,6123.7350965878595
16455,2762.6087867409387
94269,2010.294859778349
38585,2031.2738990879575
10475,917.9248777489853
82716,906.3453732907667
70010,2524.97226189725
57167,624.1546903180889
48841,1251.8391754809254
42919,1059.7318179641836
5590,2955.7699104972717
469,1991.7452588304784
79172,2330.7114824102264
33118,4274.802669366122
53391,3377.6370779207105
30199,2787.358075589189
19226,3704.9010166719395
45424,2479.7349499315787
1402,487.63977212786403
55617,2623.1935560550214
6751,1381.9341758453493
51428,1014.2833106847138
69547,3825.853608204329
6675,848.3940921281635
90675,8723.752065936404
15069,1580.237031103238
51317,2270.1954582252106
81829,3730.238500327548
10275,8859.047941468334
63130,3817.0558655324976
40409,1905.8084736526362
56421,5463.715581067042
67107,8153.016714746313
30444,2045.4169559211339
45166,2033.1794303820266
17153,1266.3656373686986
17834,1416.945923912134
70360,1127.855674537367
68169,9794.299588656377
80740,2791.2943347497176
16233,1472.8067301711865
55718,1151.298428268185
38239,4108.264499063405
12893,1748.5491701702863
12889,2892.365687206455
47963,639.074094247042
77739,3385.75686069154
617,6278.231255348722
91353,2895.059310621779
60656,3062.3552083549303
49328,4091.7830622829597
92421,1035.5832597954077
78391,3247.8158782852624
4715,4465.049247825754
5615,253.63950420699373
35481,3463.361215404191
4347,841.8004033832618
46040,956.3151152433801
51670,7555.541213291109
81016,2821.226786863391
21751,306.1243050271561
81999,830.7631930389391
11331,2375.985858110826
16755,3533.5123854801486
29645,3612.8317609190563
45312,2352.9835148845596
9656,2067.7209155214377
31000,6756.7619573306
78358,3691.6512442006915
24213,303.4445413750414
29723,965.5216523188511
3878,3425.2362687905315
10883,2844.394248747282
13441,2187.590124958667
42623,1834.3106439652972
16587,1210.833241095667
47606,3898.6100555634157
71219,440.5933813704326
86112,1674.8056589737528
6925,6639.079134269127
92994,1696.7336757444862
21899,21254.770571692152
4586,1170.03005936793
37399,1724.9078495555038
77855,824.7696917873235
36690,851.7836056840669
13826,1481.170790353262
36930,3098.9460644077135
794,2489.665195225075
2248,1579.5611298318654
53862,2480.766412438138
32346,1900.61582533262
24779,4226.319838594826
63665,568.5107387620085
20150,1284.8408363775518
18052,394.3607796858674
23937,3208.368605162505
19132,1992.044394500519
70999,1179.2286884990915
52511,2423.310497401022
1728,967.7214431751104
76733,10828.158673013006
22160,1102.2793986681818
70434,567.4591499600637
11179,727.9552988775606
31304,3008.265979230371
24661,8258.534742764616
86301,2546.3208936443343
27069,1803.880182118903
27002,6445.40751777583
49408,4235.304218749611
23341,1389.6575323133118
6250,889.9245890257089
31597,2636.8700328890072
2902,1824.864056375619
42012,1640.7635436577718
91320,424.0687537800323
307,1011.4881274426704
34242,10510.811172505739
45340,1925.7915132394778
41205,3518.9576824674205
49211,5017.043380040958
65024,1764.6546892208714
38877,2695.854087739347
8258,3461.8575056094996
30027,3223.648847685059
85981,2512.583734945968
45100,2501.9737425674325
27929,2387.4800811933883
54235,590.9687390053144
18643,1330.4847326561523
13809,17270.949681416856
76061,1178.6207743460343
59337,2089.9366581770664
65189,1811.8121860341755
40905,10089.99302653174
25411,1234.4123341082939
37779,10062.146806796376
85454,1755.059292416694
96932,635.7970973072446
69270,472.9121338262255
18362,3638.0864707805185
91372,1534.430259430095
20882,5484.936003839389
52465,2738.5368543840505
64320,8816.19662750134
84100,3574.2692937696165
79466,1472.6671518605892
85581,592.6053224540568
19673,7201.303920543897
42600,2041.4093298588302
78632,2802.076206863468
99226,9642.00210056685
39622,966.7071906269673
90370,3382.4260391512967
8334,1420.629940584441
31436,439.66152601701947
33249,5281.3318730186475
56461,2943.8502056171155
38914,1202.4044464245048
59888,3360.0843524345455
34044,462.9624943888815
74798,1652.9307940281371
86815,977.8986480572131
93106,5439.672789059873
88295,822.7182690584534
72710,2210.151245745841
30904,2028.5730477662303
76524,2659.7646197860117
9283,3807.3615705995066
30318,2682.3352592621195
95712,1675.131743556552
21892,1513.7403499575519
26017,5792.837965538088
23054,1791.7905447546905
79894,2185.0968592212707
72384,578.8883455399737
79664,2549.8902355186756
30478,3352.9691910295282
47807,1390.9419045218183
13273,9045.814167119157
8039,1888.7173879428838
80667,2705.5897057808697
36195,4080.6436302699003
1517,1795.1124962843214
92229,682.3039473047667
83221,2163.9161149153383
61182,3199.5735835294004
98179,4110.748043201293
92303,2415.3026104735773
54554,3204.580494732661
11083,1606.6592010278075
75390,4285.1642652179235
31226,2032.1602928822522
87171,1481.2859917034905
976,765.6862812979601
92357,1519.4045220508187
84894,2899.0629237334456
80138,3358.8014047272995
19730,470.1883654090431
95846,367.65333645525493
65237,1051.726867524947
37048,3464.8415421353952
80827,1063.8017397968758
93003,6559.956438927811
35807,4701.835780393107
64758,4073.0455658156698
40362,1130.9440000789987
27940,7854.974885524936
29442,3121.837774495613
86220,1114.8857296928716
57759,1612.45271516221
59691,9927.521370954906
26483,4327.571795529858
37216,2805.263253953812
59327,1305.124687362446
96655,732.1067995491758
52980,829.4685480909368
17791,1577.3570901287424
35608,2171.9535259268882
63051,4390.993785434159
10441,932.8514059420985
20832,1198.2037222847614
72443,281.2616015832894
66016,3266.0375553271488
7844,893.8998947850722
49567,1638.6600573202916
87883,3784.9533819122216
52662,3895.774488044344
39403,1386.475049304787
13257,4681.768782370462
46428,1259.4239183396708
23947,986.362650077957
74697,6973.983321812209
54308,5382.25996035487
1195,5883.325696012169
93645,963.4310275386873
49955,1913.4458191695915
49900,1006.6695205989919
33655,3494.7462246449727
33187,231.72579600807356
57799,3298.3740492059414
33990,2228.535037380269
12617,6886.291703195601
57368,952.4966102037814
61847,5905.321059805097
84924,348.9399508785368
23894,4004.875206467274
90363,3831.604584625372
76048,15335.578018795879
36863,1385.422430827381
35151,2576.370803507951
83784,1647.7989746793842
21694,2778.9570476713784
95351,3007.134670929006
623,2999.8426733722586
53113,3563.6135404371526
93454,12973.585211732723
70427,2070.34561688136
2368,1071.9758979081282
25560,1900.3965077715018
45317,1298.353814795447
23176,4423.49859296637
20635,5011.05425146075
14253,1861.6382868644052
18318,2501.58299359142
2872,4000.4245708374515
84531,3002.6181104991406
3496,1749.3946910064171
36832,3137.192393131291
28796,8309.874524969655
37024,1656.4964396226649
41775,3034.0694498847183
24396,6929.220416052352
91020,1271.0572293431048
2003,6239.511520758792
8807,6977.601413239113
20957,5430.572761869506
5228,1666.0772958897649
3278,1725.2221892989046
28565,1856.3127899922977
87175,2205.7319188954207
92949,1027.7196356536688
94654,2067.5914311472598
39297,2780.489148547707
84124,1055.6839954006862
33932,18814.88635121958
25737,1051.3351392082018
20367,838.9757276515367
83103,1846.5234027432366
87618,5589.691660262602
95359,3658.278817646537
64667,3679.890879882702
14941,463.6866828766633
1726,1926.773080512345
48870,2035.6318042884538
77778,3957.5598272647585
38481,991.1130484699852
54354,1490.345512770031
13198,2049.871925678107
45959,4900.688976265779
38420,393.4077599791024
77964,2174.235698881009
69331,5627.366895151626
80565,2575.8491060976403
99479,2900.0721349416917
84477,404.2411674018835
48,3907.9646658878673
16164,7551.781248231284
78593,1477.5668602445794
17199,1393.0286740214756
48763,3703.886940470823
94541,4138.343837064057
61272,806.7825853672332
31104,4387.305456921735
23336,1547.062479182952
38913,3234.575660229621
72338,5474.684579503789
89880,2852.9275948458676
84547,12296.038908856435
48666,6082.612893472475
18305,637.64306592659
8033,3031.988343729866
96545,1245.4782980163736
28909,4341.695716739166
69928,399.4079109646501
47429,332.7117052455112
64871,401.3730320893746
52549,2096.54835537429
31788,2733.704915431659
89898,654.2972565232792
85182,15547.41269514027
88001,2019.586026990565
41876,2026.1847866379187
99405,5211.886753366799
40420,1260.3258193672227
27320,1826.0937847537539
77481,656.8969623639791
35484,1466.1980564983069
94159,3340.2615547676482
83686,2761.7343901105783
53360,2126.2049179411274
55580,1394.7655778867525
32608,442.7545681377508
56269,1859.7015026857487
29514,1258.3452347387192
49834,22533.667317168274
50797,820.7703974448991
98670,3252.8358778510524
39399,6818.17616005685
60606,2339.069305017174
67371,6474.262677206856
44750,686.5541956491711
81356,640.2115379570416
51449,3426.8865553657934
97219,1231.0168291762955
35576,2852.919296478159
66892,3491.525384460687
78165,4534.203877919617
1109,5040.183291828426
71110,2784.740636423645
60086,5547.389651228624
30377,1838.517850770381
14295,2270.558609362029
21534,1266.5539864241177
66661,995.3996834379666
82907,1490.0954665237439
5080,2802.5587480614595
64751,3266.6804683123246
29673,2384.234155816964
82874,1738.438782989006
80044,4072.7498013880563
89147,1537.0143125995776
26485,1328.9823784977582
92574,1846.8328673412698
21927,5844.593350852365
70645,1818.751602183782
75057,1800.5894115982526
97316,4402.725973830097
35467,820.2464631002057
79235,6063.247946309293
69873,688.0362757938627
55050,4199.312129170877
49219,1876.1274608545739
94808,2822.523422903882
2819,6635.871808726019
54000,3272.5576969151043
62179,3874.5396709497754
83100,1466.6790870812365
37797,433.67530384451345
93674,5234.031774351644
20693,8148.064158359806
61869,598.0097750932607
87266,3613.73335821312
47727,574.6325136499537
95491,675.9604348878635
8415,2040.6815753698618
86143,3302.3226233747805
88848,840.2250665517842
56943,1463.4145188497218
46316,1378.6024248028061
14136,3895.2925838801775
6689,1083.9977209663166
41561,574.290445082168
29197,3520.6330770566565
85655,3427.6190312601457
17527,2225.2466304876184
56693,1054.780143998497
64566,770.297847857955
87256,5914.855113931321
14831,2206.8965608732137
71375,901.8976822286693
52292,1599.6561196490507
44798,917.0443907253365
12518,833.4481140468407
99686,3199.1440029519185
87397,1824.2356037738666
6424,1311.0947201841636
95771,4294.200097794233
8377,5636.840954749532
25519,7256.45714864385
35086,4943.902929583583
32138,1699.6739185892716
15771,2748.9600590927544
39744,7508.689067906545
76254,1064.004579973072
78930,6982.786081764585
90329,3451.633058344047
17944,4648.953082241333
96981,1411.8333171548047
95641,3575.666585127265
13746,1333.6307676623633
45594,1391.6252173043345
22855,1782.3201735373884
56480,3426.6637383990774
20242,1655.093031338851
73910,1155.875380084724
28718,1837.291616442869
82781,4224.7592523489875
48452,2507.62743047124
63012,6856.214653261274
64292,837.0148967403962
94884,2524.385827061601
26364,1356.13184651609
71787,2597.0098572590946
65537,1071.4935052999047
9349,2238.676869821215
3936,1130.5352530570638
39473,891.6792483012516
64873,3469.7131263194096
77151,4563.786898367528
74195,3466.9226869456757
22644,1822.5999463072733
67021,1995.9204004407582
33243,2664.008179820869
55584,4050.5804026984906
15260,5351.441105509338
60241,1335.3519763917436
84963,914.3574125416794
1458,3680.578574048134
65143,1271.2898534236517
52408,1401.8663545515958
91310,4487.819338061606
81834,2355.245281665959
70907,1310.3843230853918
75946,3170.8973965147275
16046,6370.5260070049
24613,1946.2682921345438
98212,5650.223251126095
91132,7119.488556317829
23436,828.3800339958766
66292,645.2220689612782
79938,6215.926683711563
7356,699.6827616330315
46929,1216.1967827562978
56791,9250.936938376639
74849,1893.4082533640674
13374,3660.464189776218
101,2579.0169877361423
20315,1200.6415691915952
3371,2536.8063482503035
14737,4208.243356070665
9936,4027.2039375862005
14981,1187.8226830192864
80291,1343.4239886507069
72,3713.8232813448585
55031,3935.6440623144595
88502,1393.0955349143615
70435,951.7767258572253
21778,3568.144808378757
57061,2863.633557710572
44573,687.8480154589154
44992,2497.23362898683
62156,1321.2704988582836
65825,1971.608344740104
64230,1188.932381592748
85850,682.082992154562
4350,3021.6563786844663
10810,951.6258844453275
17437,2192.628516971328
40798,2038.3306964504095
57338,3179.768092707817
1218,2817.0340513769406
80189,2153.953666178236
79,2183.4750890403516
65949,2068.877671347487
48552,3983.144842079176
1111,2394.6960175574072
19712,808.4305750507672
45570,1276.4881964424785
40895,784.2022467834072
56784,1289.830284899454
11710,20308.481327978854
4383,3019.931365149179
83079,1560.3551668421076
80260,1577.2647727004485
69936,1761.2826679971433
55368,1369.9721942204071
66111,5643.951033423821
74726,3480.003466132675
83685,3416.209107694889
21976,749.0341777787776
79296,4667.456837096249
69449,1161.6829776135571
69259,466.9111636957702
56347,1865.95726785779
27301,2043.5595777085975
22665,4677.080051018515
50305,23145.350522549536
13302,1271.7253991323919
44454,2064.5538461040715
66571,1675.2009745678959
93882,1133.9645744725822
99456,10691.499770856844
67639,1688.4992749176054
93170,3672.0531886285053
13274,3532.4350890706364
47139,1464.7106548962183
38688,2384.639954954854
82883,2480.248627182283
34006,1012.0553362362608
22609,3626.1462183657677
37901,1120.6096241479477
48110,1130.8075560345762
72156,1963.9744723626638
38289,3879.2173918576214
3867,1446.4888887852785
63674,974.9446103040589
19822,593.8371132635741
11732,7397.145420915503
67995,1835.9259965907966
36430,12876.764003050064
20567,1478.640682133064
64076,2992.0741025476173
82813,2624.4220867218464
81416,4530.449296735756
47905,1580.6054150494358
14291,757.0264158636991
24876,1828.278706140836
9647,7002.825400977588
87205,1989.0394186200474
42620,6660.896986304693
55642,3076.981924026235
66919,3342.740993596671
42596,647.2642302603872
45093,551.1511182049688
37732,1069.1998864272946
29077,1009.6436010073181
27617,7205.327374921989
8559,3164.548023772046
50325,1071.7475368046628
93768,873.8656568892538
35866,2584.694905144093
50387,2864.76553196121
41537,793.6992710703247
99985,1957.8384911196963
10971,2051.5270197794393
1424,337.35292199094334
33714,3093.7952904656213
7874,1304.196769731384
53879,7594.030383372043
59824,674.0502787632494
38185,1254.1426058700076
58810,1320.4217362755285
1628,4083.942510899947
74624,2183.0197138866038
70814,5179.514666210643
89343,1534.8366753040643
87031,1249.3994169683092
36843,2923.592384727154
94664,3045.0144443556355
53444,2645.404865466393
43840,1083.6449043670284
62938,3352.852488663741
66457,440.84177007471243
57147,342.3047818269366
29116,1457.8557722062799
16911,2300.984060579625
63581,697.4006306153689
81239,1192.3017317473814
66620,864.7430304051525
99531,7557.734068395182
7734,1899.2059856791348
5358,1156.8808286890687
15066,2173.541729307955
16649,998.3310072243344
53266,2408.7563535346562
5731,6352.264001265813
46527,2240.4260192566235
14738,2362.621780752661
67510,2034.463755608308
18382,2631.215552154852
87711,1873.6301515945393
79179,2943.523338932029
82289,1159.7164053786685
77419,2020.5093335791712
17300,621.6555196585392
60745,2258.857411360079
93894,827.9524718832502
85117,2676.112938485651
6901,9142.590646695498
34329,11708.188139936145
25391,4432.796338533748
92551,3544.246381578457
61019,11610.71332175799
700,1443.3273115787329
79812,2534.537363262687
40082,8694.483243397563
39541,838.4188828878406
50343,2163.9675740490134
72049,4311.39601744798
44842,2233.829016957585
42761,836.9809617739658
55770,2824.528758953776
87280,2710.292910801571
8397,3965.1361554540686
87464,900.7414604514705
13748,2041.1643439630939
29145,3200.1580507019935
55574,1858.0230773175283
51064,2703.4441876900264
21532,529.5224687929385
10004,1467.3271012957548
2861,1959.1985292726554
69702,4578.949906877503
23755,1482.5332151603566
48849,3732.016569325924
74594,3348.277434525534
21785,5661.079540142141
59374,1849.7650018669103
98490,7854.520735187228
48313,1180.9286661288545
55217,10368.822557394436
87276,6569.875412909935
38816,3161.694873244374
8294,8851.905798789967
55232,1024.7769203083358
95361,1438.0284797702332
29456,2962.102123656332
39494,2461.0700821036567
61589,4200.2371534321965
50684,1925.183365797329
21713,2266.2857182631096
83551,4527.332187672215
12739,981.1550146841844
3213,1937.2914713148966
1014,1824.380957516185
81842,3697.6533489496205
43326,2938.704136641835
29578,2008.2049309874672
37142,1738.9587429649778
19708,4101.864117471736
11287,861.1754195411734
32311,1194.008421854236
15112,3502.1378521343413
42896,3068.9956592538533
94789,10152.753335907786
43796,2931.3064766344246
33732,1738.8854392902242
62894,918.5124153927324
40971,959.0872594144789
52545,1360.0289692202582
43483,746.0563266327626
14122,1589.0644325358114
19183,2653.594601146263
90441,1226.6333781973394
94203,2028.1656249526493
51888,1136.4960140506926
34348,3147.390512427692
21506,7787.312200298153
15355,770.3886424854675
21634,1206.70699859053
13118,7359.566586022399
48234,450.00547600315593
68486,407.04613115298525
16299,1431.3021091330993
99266,9265.36398811692
34870,6391.636224332173
9437,3592.361341776286
41252,2851.463061571501
4077,2737.1536349676826
38429,1456.621276310499
95363,6262.183416954637
20322,4002.300780246602
9771,221.3420701999574
85193,250.35838952757618
47427,1443.020965486116
43704,3893.0448441775975
89881,760.9078072832438
56032,1578.1600287415667
78525,2879.8232864649335
47416,19270.860957772875
50710,1334.8274159132025
42778,2760.9003243297393
31864,2038.1580541109201
1600,4275.1088143000225
22555,881.2581079409289
64715,3935.6701809306987
78504,258.4495214443293
17220,2436.5438519692
95864,2402.3678789783207
48071,9599.082843485581
82301,5879.240999222075
99090,12403.155921528329
12609,570.8588163443562
58927,3544.4936116328026
79926,2965.6112172555136
6876,1276.1407330996624
5106,2819.4640650617744
6869,1374.2828132194397
71423,3378.065568570372
29745,3375.6909884124893
89417,1646.0319124854175
97075,2346.890019763361
4291,2212.674679204434
77989,4914.70028461925
45464,4151.689529597878
43899,1864.9548132841587
62793,564.3423182515683
26626,1767.108863174081
57899,2668.341159573804
34795,682.0060477845992
10427,1704.6870649478653
61069,1165.2962025491984
50857,2552.094179230453
94539,8489.295798400335
12085,1727.9936386038548
26463,890.4149400356373
21907,4797.098159311464
72179,6330.717463292416
86008,3606.479808094127
14939,5699.573947424755
61411,3312.53397779455
80344,1639.1790483676602
67687,984.2781983748499
62747,1425.865139140249
30406,6314.809634388278
1016,1790.8431250132458
44900,604.1693355320543
85145,751.1322817156148
2542,1038.7330927998187
73410,2605.539753302809
17192,1650.5055337312015
58451,1982.0877699041112
10206,2868.433324909373
44459,2896.0901854962535
2494,2744.9000889708936
51215,1036.6651515738968
52463,1032.749034105373
75820,1214.5219922252377
5598,3147.7452706169124
83393,1486.1564475512894
82122,8328.762738616193
35160,2664.397420508635
4415,7928.469482499355
78144,2128.694220226962
8921,2853.3676999108843
42850,7946.303141420611
34803,6412.805291565878
70308,4687.908164457876
91276,13334.500712273666
30861,2522.1980848763214
19559,1466.2394096702358
10822,1739.4291166263556
82477,4111.153931413097
69601,11355.347403007134
91696,17724.396547333385
11400,639.6244403127299
68356,6063.389943120788
24248,3046.6021905501257
27448,2948.5752765914867
37452,2745.175392058548
43131,3024.1543041289833
6817,1968.7294232823579
78401,1583.311873049657
92943,2473.859982138124
33546,7145.473727966328
66663,1592.819882458439
23404,4130.22103815843
21547,3026.526151216
81381,456.20524598972435
26030,815.0160350212375
28199,906.6540903976307
47832,4259.321169224808
95043,2857.0393297584783
70945,565.795219006069
83939,1553.0482792904972
75097,1101.807656239998
73005,2895.7002864939022
56161,4533.746370281348
69565,1563.5825622298287
93752,2194.330772921583
86627,651.1485976309748
70774,1472.2630260738788
36660,1304.8807008547803
55925,2879.1131009270584
62435,16563.346612144636
47536,4570.7254472602035
76971,1513.319799752287
303,3001.477844833345
29071,977.2080247803744
31899,1099.734733146111
69983,3647.3856181687224
46432,4561.791710405052
19966,1894.7875462408442
5518,1314.6039788697017
47356,1240.1715003095808
55339,444.3476745591452
61564,577.6324494875444
78602,2179.6046081833265
39957,8819.967822550849
25646,3562.3165703251493
45754,14815.873313074739
57549,3252.0977459639953
84606,614.0101640484809
14407,3025.9231226702886
22938,3350.5385873899518
61740,2172.6209333538322
6040,2708.890278246396
39309,6008.169698334924
31641,1940.5318641921397
86466,1264.9861096582056
8779,1275.4166116577246
30042,7781.042453521436
23876,2083.329131363345
83094,1933.5739255124715
82224,2239.763635046567
42695,1630.8574454050165
82814,4061.300202482467
33627,331.1483654745619
14000,1661.3091513391503
59113,2198.7893927073455
54527,1840.5449017676485
74811,1076.5712481509236
28733,4772.164542265719
94486,2898.9613770869614
26303,6385.344761966694
53,684.4282793074524
47933,1550.6410387483606
88682,4052.508691123547
70872,973.1168267397028
80953,1433.201030590194
67544,1061.4767650002889
68144,1593.167720656418
43353,3624.7890019641427
60388,5097.279153718346
60855,962.5864326881543
74268,2518.5287374067507
65968,1216.9199274943194
93121,1297.4161541433164
8773,4054.879769489208
2591,902.6339327332224
23682,506.8993461146334
28732,1762.1400507587443
29428,1337.2361335714386
59716,299.730408136676
62831,621.1464707554132
66750,4623.451045068129
99270,5310.169145372716
67836,1324.7578031262553
26472,980.8874451470583
80520,1177.8573595026783
73402,2465.180798716471
8554,1186.1802575921738
77994,24025.0416850967
33613,2366.9863465567237
57757,4657.3089771625
35007,2863.268898689377
95767,3177.9224186059782
49055,1569.1926361937544
86561,2051.5723435225837
86570,2839.6897341010745
37286,335.91865165652115
45626,2578.2076045083736
80863,3729.7638862936997
33373,2492.7299745793025
91717,402.15997037168046
67007,2508.5093868934696
75113,2742.289196436875
53884,1334.862289423846
66584,2909.1629608747685
35910,1587.0069758337654
78732,587.3619786235777
56443,1261.475007689227
1948,1654.5297791794471
42635,409.70632399417275
1007,1269.114608278774
36030,2802.3032865917075
65897,744.3646265130161
27151,3473.728823910641
1841,2643.6868736529077
67963,4094.557097413162
87257,10084.36618137759
91182,2149.0894942812356
11103,1784.7448586596402
99107,12152.828294242152
98165,4556.989343854882
1266,8424.526283980505
478,4219.382511029252
10136,822.034100232473
83853,4626.663623110716
55681,1002.5639552021917
77777,1345.3653089766467
51044,750.3145834947281
88041,550.2371550137631
27351,22583.329781758275
61371,8004.146805808475
67986,5786.796358921692
32067,5895.785105389149
42780,651.195504318767
15934,888.9164778006517
84450,2151.2495836314556
44086,829.9299680270136
1520,1682.1703137487445
95173,1198.5978794327882
7380,918.3131751848656
31563,1737.7490532155134
82254,1624.021899703281
15792,384.74375438649355
50566,681.1934912609299
6209,4233.3270496902705
59834,5057.03259305579
95091,2030.412335738465
52258,598.3663214543689
11675,800.1359845393778
5728,1405.7812265477082
11765,1218.8196487097616
16010,984.5451810154967
89695,5264.471237450506
38999,2839.9732829976415
66811,5788.525072167334
48397,854.1780062004287
64337,1673.1744507390533
15322,2001.5564083975205
91886,1339.0787525646751
37162,7516.499051616673
90095,2211.4491780259427
25455,389.23209820782466
61116,3572.7085047841056
36443,6808.740553279423
13449,1246.4960142904722
52537,3565.632274833087
56174,3535.532282630724
71124,5122.801178384534
90909,5349.489562441005
55239,676.0178713380179
94874,1995.0038035487198
30474,3529.9623401247677
45762,2476.4303097374095
64803,2267.0375262009484
74461,944.8747428826966
2890,4436.192809034395
74202,554.8146948135092
84523,3870.2953359741036
23258,1517.6022305518127
12699,3056.91351433301
71113,511.93370351967025
15994,5781.191229959595
18930,3837.968508028419
72357,596.8536753292465
24675,9508.469677000186
38358,666.7399275186656
42877,297.0583979529568
94268,5563.7869858934755
76336,1950.0468998876447
43738,1569.1910793856123
74759,20295.45986684282
15213,1081.0275962726944
60875,3731.971144490841
70226,3055.3660207851844
29975,3233.6079380938604
73396,1262.242621241909
31427,5778.642067407667
15628,893.6941221542064
65423,756.6817763628694
42035,2387.5008929264604
53890,564.2329268548708
92563,2547.4148970077013
52383,2413.4919113128262
73950,648.107316505575
54352,1049.8996220154063
58784,1500.0818459990865
24223,3676.1050731709374
89090,561.5819201772885
4040,819.8499493945902
11116,1401.8837502129247
24655,2311.3406097022794
95409,2875.397744442803
4798,1555.4877378637736
91403,17391.247591701936
60740,1463.3232470655694
40873,8039.850212586741
4225,3824.179758403032
17819,1105.1709971045593
5719,3456.382146857015
97895,2933.9057998477906
18267,687.1819119065882
90004,3491.0410215852567
85940,2449.1820259061697
83637,4213.886041923262
54584,7117.781031578814
57966,1266.849905272086
81713,1913.0945540155726
60287,4704.482217076372
68681,1295.0766753449218
61559,379.89408705653756
4783,1166.5594606431691
36802,1595.3367051341359
29370,2221.980229794236
8671,2688.9014205306507
9318,4799.4460303594105
99983,2376.5797664950273
55591,2502.829090359985
39213,4562.101364570812
858,4681.463277047424
99257,2872.780077772811
23838,3468.333684576023
65883,2030.886699495187
81471,3539.6476508284563
34364,1375.1464164961524
47194,6146.531197046264
72440,3479.1647026390724
99818,3208.7003431370013
74681,2206.422779235408
47070,1576.3845351296466
77590,3688.593574720608
39333,7239.4390297073915
12143,981.8473102287791
69903,5231.111440913453
55856,3747.135083043629
8729,3540.7606812634795
21574,503.28932934979275
83661,2398.1179031670517
35946,1019.0420241641478
59170,2161.310134278171
92942,4096.3608709359305
13566,5976.3104848555395
24179,519.7817732752223
20104,1652.0664869021637
31320,611.0308837541871
78489,2732.5461111441477
19242,751.0275918102665
50726,5578.634505033065
75121,1251.9516773986352
98650,1276.1372593608835
16695,1061.841937721567
57565,1461.6354749015145
9839,2883.0285377830996
67102,3295.354879537117
43114,6908.388095172602
47046,8069.926499087276
60102,463.62521879289204
5018,2298.4605453460626
44008,1338.1456467443966
70866,1071.124372294479
50432,1469.9449086009984
8308,5380.267980151321
2905,1976.9910018950018
6515,1396.9276829358548
53916,872.054674982921
22804,1354.5620602469583
38512,7572.189008087789
1410,2704.6342958876035
38400,1554.9957743759685
63848,2712.410847863993
18776,4138.926473661505
22726,898.1630297469482
91894,770.7850600471336
98691,313.5046963502288
85759,1641.6740902228644
75150,654.1504491595429
23698,3464.49959314058
84395,1159.5692609686264
70387,1886.5762232050733
20177,9891.706614010049
45891,2439.399697170458
57558,2348.223117772666
20588,5923.405824851986
51517,2203.7250367983374
15460,5639.270233698116
76707,2832.968986932875
58120,768.1239900607185
93400,2661.4719715907704
83690,4224.251476981052
60296,1784.014584179592
12885,4025.6505587058864
791,3356.4355461291098
3280,1628.3105613055059
5481,9970.702644647166
47630,3427.6499624341186
34510,3911.7001663889373
77828,8509.507183933812
97949,4051.49858463024
61315,3640.9182177390253
24384,888.1224990729781
21025,1518.8570692587532
64197,1649.4592126706953
62325,3643.457748121783
294,774.826894439015
86162,502.66498072569357
55007,3946.0046238442683
75430,4058.3455207668803
63908,1068.4486584990605
80735,6111.6323817198145
63625,1900.818196131095
59244,3360.0874391446673
50739,1193.7065621254803
83,1112.2977950498146
65746,2086.9313885991983
64573,2257.160512349401
4220,1776.6846115971057
10476,453.45556897725356
68724,1241.7959487581313
13703,2484.633284775163
57689,4468.745211957813
27038,1919.3927892652468
90952,8513.434318338317
34872,4224.258272420454
62218,2775.1174367367694
31478,1388.8870865012495
42236,2752.400466774927
26199,1636.8142226780406
90576,6666.9443811000065
38876,3948.2519295468755
24136,2193.607057911657
65087,10671.135260427653
87075,3606.938001921839
60125,1341.4953759332857
72923,3803.013516438834
77098,2896.4559881406785
83047,459.55699919746365
21828,2020.4587063907227
58594,1192.4129021889346
8327,2017.9305482598115
49683,3919.436341115299
86921,1391.2012805584732
51853,4546.7430833820345
58778,3468.376380481018
70757,2071.34889077343
1913,1640.285655034749
99507,1578.833262103319
88715,789.9022683565636
8494,302.691768755621
43927,6934.591495273785
4723,1823.9410437384306
99735,2093.7815215498076
56051,838.7484493026165
40048,670.8105389001357
37555,1898.38592928579
67822,3738.932605323756
79021,2936.3236935429227
57540,2177.638426751039
89472,727.6577463052439
35519,401.1877952077314
40597,615.5572153663941
40267,894.2271720632721
61361,5841.891392634396
57374,838.3648065288821
47760,2723.8908514628856
74981,15978.749122878682
89203,2439.6989014376327
98961,1274.48647531651
97254,2678.511071474317
99388,2829.679033916556
1946,937.595610515055
38374,3122.576560277361
85970,3190.983700885843
55185,711.431490656417
92911,1451.2870490306138
28025,832.1529926080386
36255,9576.95480800411
42397,8165.285216467075
71510,851.2777748454467
76685,932.9196088865068
90321,1438.4586764525368
2748,2753.954632249473
92744,3827.2922228355324
69303,2171.500478318002
77042,2106.1026040972342
27243,20042.04751142799
51167,1334.192366262548
82402,4254.797739769079
92372,4621.15997992686
62076,963.6891444636146
13027,1254.4586100967929
79175,1066.1466033923325
93007,353.63329715237916
79337,2908.587454828869
76311,4502.184901126719
14944,1523.4682085482077
33520,464.0043207139906
87230,1388.881021130032
55208,557.1965290777316
24664,1328.5988827592512
29674,342.23851448624123
41416,15475.370479918418
30024,571.4176160795643
62640,2578.406161449082
61841,1397.627882265326
52115,1980.771964051423
93193,3465.6192509007615
43731,2556.9322832872595
83999,1007.612494444541
42740,7114.446362028076
77793,1901.7601952547793
25694,3454.0995651658914
15198,7617.911856326112
21757,1468.9259071387185
49672,15520.456630654155
67060,1329.5215840510086
74385,8233.681415944535
6623,1501.913799865884
14041,840.8426302278071
11663,6984.696594166994
31476,3461.9618864289355
85594,1086.1989947517511
27768,1025.688305198228
19306,1439.0690418264487
34414,8112.868267082943
98359,1853.0013699682725
32452,2547.6744112344295
26283,696.124224304088
17679,2419.4274375341506
84430,8121.153653569597
61541,1973.0965523326347
96481,4004.480303282253
83672,1338.9753546558593
21952,16052.912183486618
46670,2397.7824520954628
50040,5312.359476202641
45221,1357.8710588653016
64375,583.639927980074
993,686.3398613779342
5340,2868.7405990361995
24977,552.4140638542614
91269,4602.882324783632
94483,2200.604054092987
37902,468.1517906594343
319,2066.5439745212025
18285,2724.3395646414315
99503,4905.206812037106
75486,1613.7587606469551
49253,1383.9306450407782
99988,530.1721471668496
58709,3192.2779250090034
22912,1392.2308319092056
47762,3868.464335005198
85070,598.308864889569
64224,2224.2769757835526
1544,3932.699979328399
47471,717.5215874877235
20544,2833.2138504675963
26492,284.2294761973502
97784,1333.2373170352348
44605,1010.9712922810014
42552,1174.6890431611928
58040,1104.2455097520246
29836,2181.218179184331
68829,3445.2173095573844
17071,1977.4933954109663
68552,515.4662531571486
69176,1110.7721391624464
22148,4527.85684093276
77726,15633.965428341971
10203,772.5569939781777
36728,4485.627920189446
7340,1129.765199121768
93533,849.4458121928283
49903,972.7663987969152
13300,968.2447681189998
22692,3254.4228318392866
9970,2575.213394003301
87297,1664.0435980013938
51019,6735.650253533104
72288,2753.222092651854
60378,6240.489881507877
20683,570.4929372584338
92208,1564.9640015720256
27678,2429.7537196168887
53411,2398.3657507355856
74655,791.6483539318556
78682,638.6368186062541
95152,5473.88259439881
73042,1542.955818147109
15306,721.408473220875
92962,546.0539923924505
38109,7817.309165756569
53917,2643.2367742999354
8857,6100.957761983283
29458,1824.8186017850546
25145,4597.8751079828935
41912,2042.18646782574
62065,3304.1889477290606
29225,6036.082919094855
63111,6051.026172543576
36080,670.7183399465277
2916,8368.857587886587
9590,1335.6886742637973
13515,1071.9156165572062
40699,4722.000956776689
8347,1299.983050451535
51067,852.0752328596385
9309,1256.763245022779
18542,1685.2152153343836
8521,2840.958983129663
32688,855.463441741666
54146,1823.8945489324524
48352,702.5863330362403
41598,5805.333163934248
77548,6618.209519432992
79827,3887.6918115618296
54442,2014.4368929500959
15162,2588.640251002302
7152,1606.742684691427
13032,1360.519592621686
67045,2594.6836782086193
55426,440.84803793591
13346,663.5503889011892
21215,623.589390144123
5953,1576.0261949777178
885,2030.7052790101939
78133,1149.5382666503006
53626,1400.0830044643417
59971,869.237538070663
48806,1748.8518385961302
35276,879.7248391600604
61022,4512.005965343989
82936,1138.6029976195566
33253,2393.8260243602454
37518,1885.441832295508
89747,1547.6334918462699
14693,9503.961741369998
96379,4218.610313431934
74878,1181.9258146432887
46342,5979.214411071605
70127,891.0072410366968
66906,10588.60645356775
21208,7111.765804444002
75907,3069.7824874910566
56851,1122.633593662538
47481,1647.355291784118
16240,1706.4307928276735
26829,2585.0108508874387
26375,2258.6351152010184
59407,1825.8409978146055
63438,593.1288604426874
58233,862.3436536102879
43453,309.34801534674114
38263,2985.05388413719
29761,1770.2185255773447
54478,3213.513638468053
3571,2026.6756003347718
48475,2936.8286857256026
50490,1610.3350085537738
23192,3334.2496462815047
16384,659.6042013969094
67503,788.3243687254894
2629,383.594618830328
99990,2468.860495491666
22580,1978.5394836801302
13166,3491.1128838485624
44152,2327.0951220441743
27797,4268.426769593418
45108,2740.9193923613584
61091,8748.267484208496
41288,1488.4315128739545
56021,2495.0027630965574
17589,383.6097153557091
38694,3949.465781161855
65497,7399.275345554409
13722,914.619621813864
71263,4120.954931900482
14988,1724.3774609074821
54595,986.3404416821184
22003,1650.1229543029087
78021,807.7960397799742
83707,1344.1347705848652
64927,2679.117317139842
21833,327.0342739906977
60152,1031.358900950259
65028,3934.606355064159
51743,1277.4326454075876
27583,1695.3402981588226
21592,938.7224221134647
99571,2871.1855444154653
93468,1469.2709282363676
51408,1886.15138640219
29390,6239.997866638085
31679,1954.7238516487887
91463,1197.502250071121
27089,1462.737732198793
22233,651.6550037301676
8582,20345.64498741166
7443,1609.664208978425
86331,3667.3566341530873
70267,1897.6877044375572
79992,2187.945179243686
91766,3218.4394556122356
50809,3925.8478092500823
33767,4638.5886573855005
7043,5723.701288888841
89596,2374.6245291911728
60963,1884.5095665471856
62647,1199.6528232331364
96519,1823.1090304873837
75210,2742.217080148543
71525,4371.4087092838645
92921,1806.3074416466582
29755,1527.0949206079185
25267,393.0027727413801
68678,1592.281574792781
9553,5799.654109158695
11598,7124.042271860296
53161,970.7965318524017
49811,1445.8220830893786
57251,266.699725045688
67319,3407.049886890433
49382,2923.797861440457
71282,1985.0343551588435
4767,2433.5174022785113
87855,829.2922921470965
36356,3104.9462442877716
78984,7318.966277007905
9942,1875.7135912660485
9577,3854.6211380898812
85717,1644.5322788902122
16983,199.35819971827712
1830,1706.4065927048903
12762,1080.8831296440435
55593,794.0228285755807
89107,1123.374921687689
23722,3576.7560193645913
73675,2846.674878756062
54975,2767.1686405905043
11535,576.7054250627663
51931,818.2654020125744
50467,1167.5323141843144
89566,6497.610026722127
1845,1105.2966147972627
22163,1385.3716111908084
37145,330.39007482763304
9606,1769.024904929103
43012,4502.764770998181
89563,4066.498228031862
75141,3598.686399656338
80039,3115.2971333568867
45438,3086.0990503333906
52468,4384.840564455061
30953,2157.1915306800065
30579,9593.447394459077
96684,2619.2775809812624
47016,3904.0478865419404
55631,2176.524380328301
42829,1066.1087937163175
89082,1124.632525516238
52116,1332.012265571957
25550,4192.584615057524
43545,749.9787960423562
39270,3172.4149315284603
16107,2496.3116860357604
11270,524.6240744223763
39004,1347.7220935113676
74271,1525.7176483080775
52870,609.719885255735
15909,3986.091373475027
10043,1515.4411625763564
10111,1248.8723032599862
45732,1025.3942819349475
4917,2089.8421245890054
16435,4105.15573412186
46175,1674.1936216105512
94053,2701.3453686561747
23922,6021.315968209021
89825,1618.2081097971084
25077,1683.198717861085
51427,1630.689829960102
67217,1870.4648724572546
51398,4590.056716370748
52958,1769.8210111751039
51361,6100.604706838806
59797,861.3251124266467
68099,1712.2264710196137
39842,1358.362603418617
62100,2682.429544573992
10200,3128.9700276793233
40471,940.5489963054312
8804,3033.761958907892
74106,3513.5897214259503
36530,6641.762948449223
1938,2952.90418492406
43076,582.9047957346454
42588,4179.613965427876
12782,999.9965426525904
32062,2275.4991095191804
63473,1544.9818346750683
56066,5220.439951543156
20755,2618.335405146395
41678,10713.951210944275
415,2481.491109579543
1117,713.430661070603
47562,3950.011066761553
23847,3553.289042915867
79658,1185.1162959870644
43856,3037.4318495579496
16229,705.8275359486415
30369,986.3114693357167
80374,2164.8538399882354
58192,1566.1707285494863
6926,2950.270866627115
60596,12320.439243211293
63140,1033.1904344770612
24536,3357.919528939506
90073,6317.207068742195
93146,24645.826549261186
91783,1549.638819864596
76069,693.9949437089188
23305,3395.747134266954
85544,2928.2970667841673
36806,1680.6333018008916
93785,5203.878992070447
67476,891.8609140322328
23335,1912.3226653559816
94469,1378.6975574335363
65786,998.8152120912865
72818,7119.360685212449
11501,7407.980664121224
17790,2860.518664937852
80071,5558.191031382039
7519,3200.1369440084127
88942,766.6120828835052
77523,693.0176062667329
42331,1336.0485930653458
6722,10842.985498405586
23597,2987.3703708660087
61519,1878.0907956237959
49605,5064.958517547773
24292,877.0964755242853
33685,4315.753416675863
61340,1498.3883913768618
42965,1602.6706866197799
74766,2388.503667807995
95339,1233.4980165413886
69240,6504.321840157116
4506,714.5034723771792
11375,1955.6473749784932
38590,2053.9621071685065
65060,4528.116646693796
84010,2283.6380678195314
95442,1701.9627178092521
74063,2963.5824812142077
87446,3433.357161229227
75860,684.3699188143671
39990,3941.311514408131
3684,9111.238878941595
21589,6442.848494027387
68418,1908.3406017330103
57519,3462.498364117567
11868,1772.7116640883653
86370,992.9441809053973
89330,1767.0947076732177
65509,564.1826783094006
38847,4982.695562555937
83304,1546.2226160257983
9459,2082.000395135254
37994,2849.1978013580374
74637,5103.320616551073
50579,3171.363556656016
15597,1637.1066613303083
15757,867.3265791568219
80544,1200.121705585793
14993,12290.94993388658
17948,1474.1843692186435
35960,5862.327175798934
79309,2769.5569280185646
82917,2817.4087719226945
3559,2250.9139804424954
22664,1237.661619758384
76294,6847.057642663398
28555,1888.0973394274952
22127,748.1866986893865
99663,7620.191553188733
27662,1533.5312650503408
50708,1599.3168740219382
24335,1547.668760789425
11139,6257.481469388617
46042,1264.3451209100908
86475,575.0335375468834
28660,721.0735481536744
13479,2161.3138193055047
48066,4390.2659516343765
96710,3216.448704628973
79873,3515.597616970381
81965,3543.0016468714107
71041,6905.429097103962
53028,1187.685904880953
75710,957.6814877531301
25229,1709.5861459584141
65117,4522.29668164508
30013,973.1078263014996
73237,1340.4076492377242
83668,1904.969317525031
35771,2005.2725601246327
93278,1370.9608163524106
68158,2218.5080505485125
19301,1123.0581296394007
719,892.7738429163758
77961,4108.3636760559175
23932,2248.3618602166907
70053,910.2849779016294
123,8535.206328747361
94576,1568.043606726874
93167,823.2729039016177
38394,891.3503556235063
20336,3120.6701343328705
63109,11967.351661232738
14261,558.5920553857103
213,2208.0166966406177
70739,4345.441099212515
30889,1337.4460801404082
48022,2479.2450133247753
51857,2862.8153789868143
93517,4202.473310171066
60530,1257.7046063640882
79044,19700.49938984387
41036,1336.541331377183
6241,2202.7182465198875
49106,3960.0072566791296
34910,3062.026436509738
58701,3519.058328543442
14271,357.1234090960724
51026,1443.3040504341527
27391,948.8829943068715
8205,3691.5625407470593
46134,5948.415839248744
55946,4243.0205690194
49633,5861.845718717136
74625,3711.985298927441
52780,3909.24416759047
77895,2737.8440101245947
25171,2070.2302500636765
44210,2520.701752073265
96570,6591.180369773449
32118,1667.2763344162913
42245,2172.768225215151
20272,683.6036897620112
31373,8631.16526822664
57745,2263.60316513886
75579,1354.019549554355
48747,1833.857730143246
44480,588.7923388048187
45599,1337.6217081344842
35469,838.3795198113692
7982,2603.032846253708
84716,2548.5244648901153
66492,1342.1425304618365
97856,511.7066832446116
63735,6252.723402853199
39774,3454.7463232734144
8679,3796.926387679525
78313,6127.71296267195
58326,1905.7329574816429
87836,3491.6624218049296
65722,3629.355182821185
49824,1678.733439334087
37176,2158.0630775555883
53091,407.74662180265307
43319,22180.097927690502
68277,5558.8813435328775
92697,2050.2467067481452
76112,1525.7028423214397
90137,1195.5998267513578
24477,1584.1344539455063
23156,2827.091916808993
35351,856.1421566619723
1850,2325.3056544170713
88936,1973.3893671628432
38918,639.9090306143074
69880,2725.9539663703326
30002,2531.4430444080917
33956,2048.3967257966938
57957,7345.112477043079
34099,1580.4937769236788
77723,1031.6750706503083
38397,1264.529411104154
19726,674.168360782408
74418,2818.1081312638285
89936,3551.1635136117816
1821,5133.091638789328
15833,1280.6240136618426
18719,3387.9052339514506
25819,728.1077951917945
43297,14545.506698116309
32290,2626.383536315904
72829,1427.3955121686492
6611,3618.310806616418
50764,2526.532467096139
89551,2665.6166246683
75925,7713.135100319158
34331,3093.6144848591707
61682,4196.168405900738
26535,8377.184491398053
28157,2646.4276995982063
5639,3237.6339362251924
92662,1835.5157101841833
62842,5997.265489599352
19077,790.8756194131713
47662,2630.383982720355
60653,2719.364353147393
45305,4696.72484077568
16307,1887.1720972206551
50997,1686.6707946398262
19653,2098.166126217048
77690,4296.886399452597
7417,7425.761192679776
16678,635.5449472106684
61565,2040.8874119802979
95793,1185.3623279766234
45063,1809.1442165214005
81580,2495.2828492731137
23262,1524.8298412984325
64276,1303.4389671874478
35997,2696.560085362728
28755,2764.304262221676
55123,1783.6413305080885
62424,501.61144986442764
7444,2080.4580192935287
32809,2645.2787163876533
46870,2111.703490198652
34733,12502.026563962312
73027,2664.112325366808
70087,949.797679342748
62668,978.8041845774427
96192,7915.127168743601
68792,5276.897679013804
36879,1230.5605996409713
29775,1246.8866138107915
24986,404.2078245659373
7989,578.9681791325218
90053,2041.8218722928195
8179,831.4943067960922
80722,1884.6951339294428
14035,1824.8556166798144
25040,1447.8213333161862
74035,4629.739906974242
41904,2014.8145634124103
96363,1633.7419041761977
68698,3202.4103914422
51011,4863.893259291607
54682,2139.329780594797
78684,3055.017323567582
72907,1253.5494994379153
57187,1073.5725079018991
59682,2906.279188180239
99137,1298.1093158191984
44530,3329.254994834132
41402,4539.766784798774
99528,1883.7253345204638
84962,1540.0987509514753
16023,1103.1331427858618
21477,4504.700225438939
27839,3748.6602841015547
68089,256.48045332877405
30824,2010.5625142063177
89802,1393.8553308197365
65898,2165.12011029813
75500,498.9042817221011
7524,565.4413208394017
51103,2260.2528142316582
84439,4951.007235943074
38370,428.4425834111084
20282,2398.696519485983
82304,1942.7390308539407
18156,968.2325633273017
86700,12150.440291930969
32917,2122.491182005195
29361,4026.881327428856
84643,985.6223052313945
83082,1072.4939994048627
14473,1437.0113234911414
38731,3161.8845987223654
5756,7693.662854915691
66560,4098.49022066423
29414,18839.133776368704
57586,427.0603298138596
45930,7780.350970332847
83084,1182.833538875292
88188,1893.9414048545543
77110,4566.7880691603195
10083,2604.6904066464344
92598,1948.2272991534373
4277,3637.641800954782
76116,2156.105557572501
87401,5307.682676830279
57735,2267.8446993562984
88043,11547.312118973017
73442,947.9188311247407
52394,7009.729661626988
48063,1306.2381237869456
83874,2146.604143728038
71386,2374.8870255799357
78436,1068.0236449117772
21894,1419.9875754573568
80913,6123.893673343944
5879,1939.273601917315
34335,2370.6853526499403
63096,1606.6221162530233
5939,2482.976552923204
93689,1459.9086347418533
2418,458.20632828376694
74504,3452.5925489215047
48020,4881.683214315443
93821,939.0042639092399
56849,1083.032151797307
11937,972.4475803781067
22752,3285.643791444547
77803,2158.1703599622942
8298,1766.9416204634554
58087,3607.6228341065116
39840,1757.6164000117542
15744,2542.424705634019
24193,549.8110670468033
71805,1110.0281783526198
74367,565.9263827316704
86735,2162.188924982578
86533,4787.612094595927
66004,3483.9498362902914
7870,1769.7964905863023
25308,2358.816696221427
56595,10944.623516802025
30489,8113.593864237396
62524,810.5760493461826
41126,774.3700985115446
18059,3052.240761212721
94677,1221.1064364787012
43764,1490.2743804972238
84662,5551.16899272988
68056,1436.2772201813518
5742,8966.759335883116
46578,773.7090510982305
5280,2186.1345693533603
18069,1006.2023016557072
33406,1671.637598352508
97476,5998.104759812946
66487,1111.911550194353
54060,1544.525530734327
37041,1189.1219044085628
66181,7557.241597718941
10504,2938.147722702103
6227,289.9937616790212
56915,1810.0501646078542
29486,4989.051142882735
79672,3006.031707559209
38004,2568.58168136607
20488,766.3942282918684
17206,1321.971741668785
25561,1501.593230241718
17255,1970.8277839027426
40942,1374.4799899263178
75294,1061.9030079902657
86199,1652.618260286157
52374,4454.03526327184
32505,2825.025482226094
14542,10219.054026320231
47732,2363.699457475457
75164,4709.021530498076
64909,1157.4157470231034
7817,2765.6380391378793
23942,17897.45908794866
47439,5937.581542551138
8284,2975.5477616381
54782,16306.944396386933
13906,1611.5429966278466
24005,553.0629684486444
19230,2855.436057019972
98645,1081.4088190966113
8666,1273.9941262979573
37199,2112.685111023271
69204,3809.878629062886
10592,2467.2324190739914
21236,1958.6135681952933
25336,1055.122096470062
14487,712.0152990238673
78033,13691.91382932745
55483,2371.594721508615
50784,3160.9316485792883
60975,866.6383305887136
34257,2199.255168917161
43936,1385.7524548233255
24736,2761.9353548906233
35254,745.6585870161953
22810,1214.1628896633622
71784,269.1737060150534
72563,1261.4501273898584
81345,4864.418012604407
11582,7577.400241364459
21566,508.0676716158964
17871,1328.2401050963922
15967,854.4783306295284
24450,1886.526443786449
87752,3782.723220866024
23016,2589.5394191716205
74161,8377.56350579683
50146,694.1293405687092
43758,1038.1489957888366
34732,1314.5684150796692
20252,3119.6499920946612
17326,1605.7662179841125
66175,615.3702269929216
59164,1084.9553760831843
49774,2904.7234294216178
41296,46239.7749827704
29536,3690.3405989071143
42736,3819.2235136339254
66810,2602.2235376316885
47599,3914.9960144998645
74847,870.8855569862128
72783,382.0511513736056
5797,1497.649572852103
57797,10414.125862189121
21905,4665.592428881683
14758,519.658076450805
19280,1810.2099400694417
56920,2024.583933969986
780,17271.95478237898
15167,2629.0835726870814
76629,1410.1003429045256
53256,2765.719051717438
37329,1043.417989528834
33843,941.5030767190831
67549,2636.7353327312444
94132,857.6539653282674
2853,2175.4641634464783
87153,1686.9657775511753
33121,5379.703426152981
90159,2741.826835767388
48040,399.52445683773317
65222,4175.687257146247
58635,4992.005310980939
58900,2989.0581998910116
80700,668.523372169429
46532,1368.9671355016676
11063,2011.228977973479
69345,1253.3176376869103
55324,3988.926692549466
52366,816.6034677220306
11082,1158.6086256842125
30966,1361.8732584968207
21680,4653.22527303698
12859,2114.7065838599565
31318,1835.046314576381
62256,1650.0717621402625
99748,682.9789461957441
26796,3211.1031248895715
74570,2950.122481780245
76856,3331.102685664646
59582,23932.904016651708
7293,4749.300096973164
43500,4053.116470420119
34483,3171.468680879555
61092,2072.380142457386
72503,2099.193823859092
49713,440.1659255170535
72080,697.5664569960715
55498,7135.219913148805
77035,1122.38536413124
73157,1334.2583492239346
48778,2544.4130065992385
77704,1942.7986355166513
13865,1607.8841780038904
93498,7095.58109553636
94617,3103.8078026099233
32428,3387.911932854817
85051,1416.583629273383
56979,1034.3518915578798
84501,1263.2587154871694
87678,3361.9127135129365
339,915.3953144540576
20751,3272.004227688609
87418,2181.8969095032753
15929,2009.6757393079547
65224,922.9867893380482
30786,10464.312013379551
17972,1212.0585151595485
20195,4767.947187096255
23397,1958.668763715766
18364,1203.722238070713
70223,1226.3594379463823
24940,3989.864856194257
1108,1434.8103238967922
100000,1096.5194975802156
52527,5079.182408934607
79158,1998.453829396493
54990,1071.3633703422342
48042,529.105251841633
57182,2794.687429731001
94370,2315.2467432775074
63637,19617.421495318693
40231,756.9839368013737
71017,2376.6350696681207
51204,5611.8007193865415
72995,2417.5130086875356
80843,5085.145670232472
1636,3936.153342464527
3151,2004.8147091702729
20877,1419.050278532992
20054,5673.9945751372525
56149,2188.857382789449
48673,1573.6614088666333
39400,2666.96296279731
15526,1796.8420762276207
22996,1812.57948591525
95807,769.5552401054911
93057,1242.0702581996566
89608,3955.844709900508
78599,2784.1600679008793
61757,1177.5072641818385
99720,3211.01535309363
63449,1716.1167789287915
79402,592.9155176968039
74530,14371.012765541847
99325,1550.8463279917603
57509,3784.712741177004
54545,5187.185889891264
98590,3037.604665301581
68070,673.1477255213249
94708,8076.0746817431445
63922,436.78269111245027
22503,2474.2812230422464
1334,3396.148673871334
21560,734.3542398605618
23988,985.9651170149818
80243,1354.3645434248888
35895,3555.0406925601574
50215,14762.017966358313
85279,1736.0961826116331
80783,1315.596754508538
753,1278.362983861043
43202,743.206671281793
59885,2476.9090379724453
86875,2369.182169435617
22887,1203.5072672069382
20397,416.6579252121521
17658,5004.208552575615
26644,1469.2095245666178
42691,2150.6430195435873
64242,6128.001427779845
42504,4603.327210065084
37651,704.1062336633391
8055,2690.4870478411617
33857,4995.308500130152
70680,3195.7586703187408
36026,845.4378473854949
45971,3981.317264368336
36397,2182.063733992846
55275,486.644309162264
43608,2186.3888345789774
18309,1197.5765785397016
66970,846.2416246145203
93755,1938.6734432476499
59146,9444.374164136543
82938,460.2239093650094
69688,3743.522722080319
93044,649.1681819111942
66157,15929.357923474432
44414,4518.77485241582
55791,2257.123034582318
83326,761.7477884667194
4418,2103.6267651584913
24192,1796.260585203479
91139,573.0994877031437
51677,1391.2859016869947
29406,3011.360230294824
47670,2361.411963076497
25563,8532.74332329006
87309,4077.9379463219325
69197,1682.1164610216424
71043,1691.242587349379
68457,5472.985847664101
71771,727.1466348274837
78704,1206.2405830894666
1966,2729.0880367599316
12099,2048.7779186348557
26201,843.9404640418186
61238,5050.90892007297
14843,1351.7845007728206
54731,289.28208739943926
39984,1124.0546267945833
14310,593.534027851019
97556,683.4007413652572
8670,1229.1595933706142
61713,4156.866321069524
11808,10907.489905396196
69437,4095.724673443844
93986,1533.2199679374137
59450,3053.2727355442203
68214,1599.6102472251143
61457,882.7497259271156
53095,2417.6242997671507
3242,1335.5415363141976
7117,2509.9602636920517
55604,1432.6834707324374
84144,1121.496994048151
98482,4079.7819985827805
78552,8335.002724466194
28351,2011.8987217221195
63949,1910.3515669889814
34516,7794.739686222626
8218,1917.5675489477135
41323,3585.557417537903
50742,4059.8089011925895
98278,5429.636436358456
90248,4446.963403844658
30253,2700.104171884904
13729,2396.9351688339
73453,2120.442233136767
74882,11674.160403025935
81378,4036.7555093218775
69257,3294.608259680585
24287,802.922416696841
98284,1645.520937229649
95883,1832.0573263138187
43787,5395.913913269358
97921,1209.2849662163346
81819,1872.3484848029775
45539,794.1297031080788
76804,1067.6045400213118
5475,3888.6178452332124
36489,7470.385560958255
4643,819.0661652799502
77743,443.31011845240124
70879,2562.328950724043
30363,3880.579470431963
73809,1993.727102131868
69538,2426.8272896000603
31225,2092.2762017157584
73335,1924.636442385647
8082,5311.888580154329
89253,13123.793546698684
12008,2497.671304061027
44065,1663.0299535991182
65414,958.5227417350853
85367,1990.2723790185014
85475,2792.132474337654
7323,2796.1791726642664
39159,2315.3755255424644
31280,1068.5793128932346
32154,654.3075774145179
64657,1700.4815194007542
27876,9327.315057256115
43479,7171.222516775949
32697,4306.019282804648
98292,1333.1476947481913
61254,6772.533719054906
45807,1833.1022860773642
85095,892.5282426420143
51605,2715.753532185981
35676,1432.2285600103307
88821,3865.700937332738
80092,1058.0635112635027
89362,3515.648247931774
90456,2424.4780743554547
10861,1994.58341136511
22512,7147.988550595715
10839,741.843498244372
25936,1536.2389312094645
64502,1452.4306353091608
83230,1827.5295230741992
37579,2135.8672423224984
78098,2799.2091161966955
48377,652.8879983558173
44360,1986.4078017500979
44128,5615.522881445371
1228,5964.197841688688
4564,3448.5310834157585
64238,2851.0972719452207
27276,16626.54664682964
69496,635.4769821175977
56131,10816.551971883417
71575,439.1804688392535
77075,921.5516555866958
90833,4638.930364903543
78688,4269.702375984505
68763,1145.9529522752393
6160,2910.171737059579
17685,2823.405520543432
42206,354.286667892607
22643,10287.931881029288
63426,2350.238339884259
87021,5821.028007721071
40174,4014.2591310465614
13876,4212.887714678117
59037,816.3133691259225
42658,2576.8655843121646
87172,3460.898330027146
99917,1130.6179505836208
36985,1644.2853370147975
88091,233.65105885163013
22901,1758.2827624053257
69941,2017.0302594077332
50360,4309.656545376622
54155,1888.2828232135632
16174,850.4278088761324
78793,2038.9028345058043
27832,2757.762233441472
98017,515.9466041990927
44255,1578.2999922750375
17881,5890.532875714838
97500,2608.619122711174
58749,766.3376632665587
34895,3234.0772567450454
59320,2276.205644946758
53357,3471.9404258991844
48570,1804.499499491762
5734,3787.95711134721
47914,1482.1494586032056
64424,1215.2747532003903
10219,2519.3311427011818
93036,8153.245253722515
67847,2448.112554603463
91559,3885.741699715935
44790,1230.4873124762287
96074,3666.683182421171
314,1578.1860825143808
90822,3095.4735156844795
6709,1418.0274682392858
40716,2129.014468253602
34984,1231.5773104522093
8467,4707.845724979233
5097,1984.2745065455376
69051,3402.0774515840044
90812,2383.5896956217516
27743,2613.1301032135448
23850,2049.9514115228044
46637,450.70975396328964
39131,4561.532693964303
44262,1954.5638481360224
51085,10130.533885793835
98058,6944.715254054636
54359,2427.3099132162765
29396,1631.1401983259952
74440,488.7121981089577
97363,3795.372385205083
73519,1828.1669827055334
38631,1610.0088119853315
22605,654.5807429047941
92651,2241.041075973387
97037,9508.631394409987
49870,1040.6048489748239
99024,832.5425098939281
48150,2097.4016863532506
10809,2658.8507434512144
45699,1209.6036586356647
81741,11646.120308966043
91047,442.21646769807614
28619,4265.256378614029
44723,3037.9907619254286
90106,1735.5222308366629
71862,4125.81133446698
12924,809.6566546448329
94354,823.0953878366515
67119,1856.1833675653068
7998,1491.6586855384621
87405,676.035942798511
20170,1203.7761907551233
36779,2347.1977558294057
44301,2026.5980278270195
24751,581.3550010840543
16595,4862.599265250498
94384,4610.776245752997
92809,1798.4358564071194
73205,3032.8941851211625
66076,1963.2080468820866
12717,2384.6315425751
83586,2189.910948519079
8724,336.06222283538403
30029,818.2724713490265
21149,5198.582471854182
90610,6218.051283721195
10796,5875.3549012663625
83462,2963.1705179675514
52137,832.1800830124431
34613,4239.764171987864
76530,11021.362102703208
72002,1339.5659068626835
91847,908.2288290418172
1305,1298.3397047955996
16893,3202.7919835707453
8201,961.4623512923094
1545,1995.560988541375
36744,4532.78894945563
92746,840.4445927675456
26570,2077.1697851382987
10088,2896.555611288088
4236,4232.458673579488
74141,1268.9017542651038
89659,6183.260805655833
6251,2172.6273444513845
96832,2577.124753012185
59724,2285.216154443245
54896,2005.035239772082
81114,9594.219946810448
56929,3988.815215127012
60715,6075.029736357432
80328,3435.326191697587
76611,1721.838456453059
30900,5301.9631142260005
2508,3913.7199472754796
85925,862.9759055127204
13799,2519.4744624871405
91352,3549.679340408455
32759,895.3780313694252
946,518.2845997058376
99796,608.0948927245802
35133,3745.7712966986574
1116,2659.0115646371114
50071,2270.426524524534
54100,1669.3883702728308
40414,2209.481834214235
14662,4139.373316635429
52391,8124.789309526475
38710,832.0905382500569
7269,2928.2907627674304
51799,2720.4820231151202
70059,2307.100781921556
85928,2469.1641404136526
90066,2014.6591356833633
98676,1083.2494719192491
60602,11692.179158953024
86472,2651.91498756927
20724,405.39494433624753
70831,375.7436039714621
28255,1161.4764748807474
66269,1806.6968946694071
32870,1909.8777123093532
30814,4442.650595738638
36859,2689.119495638442
96849,2001.1754467508624
34425,4054.4496628275865
56164,901.5416292036391
7020,5064.475541441274
60038,3018.7422238423833
65940,2930.855276136358
57726,1280.4454301055591
41405,2554.64610029007
35388,1319.5305716432533
63121,7507.613579833211
67436,1538.5207874914772
14704,240.8147897967996
46252,10053.551922851655
74105,2432.2065805125535
20068,2724.9866773843446
83316,15399.393829624638
23434,1465.8945503904608
3032,883.8002346000101
96911,1132.5888498109325
24792,6751.639194483285
82670,1879.2981186412283
1362,2646.9331082994177
4063,4050.6729975636194
32694,2755.73478508695
39688,1522.097756466903
63839,835.7596166664765
83795,2653.9030234749807
59649,1387.0162019929555
98053,1468.6685250199625
80443,1084.1738219156637
34148,843.68751259472
64891,3448.5332396521226
58414,921.4046104921038
40450,3816.2225895390256
51826,1866.8952141785724
63516,2649.4731348481027
77485,1022.1032329220877
5349,1468.409545507326
39503,903.5646601001332
48912,2750.8883706909082
84629,2068.025553124527
71558,1376.5992585727436
43517,2130.137578846383
60951,11173.372275586473
30757,1539.5556595169749
51985,4151.055410892118
59666,688.2056835714064
74502,497.18961209050906
17350,5986.886127251198
34184,418.69425447414835
42983,10816.680259127135
47729,926.746345717139
83125,1924.70483976916
5778,5560.473353011191
46679,3910.1541057376667
42465,938.114959361662
96384,682.3348269611547
90110,3605.4337621785617
69473,2443.198736104637
11358,1101.3471954186866
43745,287.95909053134073
1398,3853.3619401492583
81229,11381.182165252741
22306,8501.903532493703
79018,2319.526539859187
50337,1377.1299378755837
24388,2720.412171793505
39002,1452.9972472960142
32268,3190.865521485266
8522,716.6951741020655
3362,2786.0667649472716
36511,2270.690027247006
88864,2765.0753576495104
1325,3588.860585579973
21173,1903.7234027838474
49478,1394.3706104677437
55258,1375.224755216503
73661,1170.9302101433798
82528,7880.935222543976
33195,1247.3019619590075
46998,4778.496428708225
57037,1815.1478367442999
76609,5683.424309692524
95556,1683.3908298663478
63279,2457.989939573644
14357,5993.85097768613
36833,2607.9716373680926
18772,2599.2361555714415
60843,2672.029387357142
51152,1830.4423799785984
63354,2101.1564089339954
80739,1994.3015374862123
19492,3919.3486114390403
52305,5796.040582363295
71047,1558.3234040091256
54400,1384.5201240025854
39170,4510.477814207212
14312,893.1742570434235
65643,2079.030472363334
63066,2560.12105025045
29985,6453.2320017413385
40790,969.9357253303265
9317,7921.773803168337
565,7727.333169496399
8744,3236.7325940705296
30532,1318.6447140237667
16628,3250.77800660453
68605,1374.4749811504546
60431,3054.238676948231
71221,2509.6523918387143
67032,1210.583928169625
25566,1717.9669965987994
51147,2710.851299719336
6432,1820.164921469078
62174,517.340477715445
16395,1640.4157103498799
66702,5085.82152734159
54218,2366.3944171664066
27611,1591.68823643344
74253,2621.03924036831
92522,1995.0283536272002
57677,4610.729332922353
29556,2513.5989522227765
48315,4767.518630924143
40782,2909.412475073878
18045,1991.2315671770216
29027,1800.5507102642616
60113,1387.1874843541386
61857,1731.197318333937
43375,5031.183923408027
92733,4444.432951716954
76501,6967.015332944801
28226,3541.0798837400002
37985,1017.7708957260008
99638,3399.7715731912344
87553,5064.334963519192
19686,5395.123197876964
15550,2440.837713751315
67453,2680.896532818107
10184,604.2643242173161
99275,1915.2916410215878
41170,1335.660688823897
74986,1249.57210706012
14824,2034.4294831468321
33487,1453.0615831253263
4554,771.8857599327237
18626,4200.266332284323
44415,1106.035616572622
38012,1257.842301301267
33675,1546.2719609578523
92848,2031.438054392984
51024,1981.6878656729511
59058,1760.4642408994675
24371,1228.079141213763
12474,1621.8270841083095
75276,3594.7942399660783
18742,4091.468721208124
99343,957.4826821367801
17535,850.7174124526739
35472,771.8694495288336
74045,1227.6527665920235
90956,997.4430985984154
82710,2715.2742842674525
27930,2014.8785193326426
35037,2288.9033006620657
59433,6277.059178351897
2202,330.42974731459884
34804,7538.197551108818
99641,1240.9786405538143
79930,1447.512722309465
83988,10918.404644980727
99445,2609.916145357865
37079,3144.3186897142614
61374,1087.5921482631454
7629,894.8942533671943
9518,497.09888309076877
22623,1238.5554990269611
64402,1436.2958262548839
5486,5127.45886500858
33248,1781.2042822354074
70629,1044.9270600300083
91268,863.0402015377027
7348,1779.6958524776076
3107,3750.7799160773657
19820,500.36214072865414
66434,1384.3229994958751
58757,1396.8595835620117
75144,3760.4854455908785
3306,2248.0216380502598
2412,8902.923575182525
24516,6636.821503644003
87109,917.8585991816464
97779,7219.582315645022
91172,3074.1069645420675
16889,4091.5134896337986
3535,4527.725975695962
8919,3537.639048031217
2743,1766.3633569933106
43614,6126.971895035026
87180,1886.9698004068357
84382,2035.10432437451
34592,1799.8361278897594
63471,700.4905719724126
39063,1815.6629882979544
68923,2774.078459117253
55769,4944.450671922128
31938,11814.983028578756
57269,1293.2249263456579
85642,468.14211553959194
247,12281.603697501705
59925,770.3906369551472
47685,1523.9800044557626
58448,994.7461330730383
82830,25175.82478489384
90448,4057.00668982176
14839,2322.9233308890744
5337,1851.756775385112
69420,759.5856244047083
66712,4021.603145470333
26161,1473.2375505841405
28475,1239.677646383827
21114,2582.852898051056
64262,2932.6302927052775
16316,9574.955978536444
28728,9323.904407407954
61739,1603.0283252438642
86191,3738.90679693388
22173,2923.933282046247
10642,2008.9979538669666
87740,3063.2025225788566
93995,1453.824425410439
32371,1832.9320756377454
77556,1324.8668162048898
54070,5551.895938950178
85134,3858.0586399492204
92885,6446.070524016531
45855,2587.377652903299
36009,5658.037103186519
2996,4812.153284568159
91782,2791.5789327555904
47442,1386.93554900241
57854,455.52142742978043
62608,1115.8357218068743
71025,903.9091036509367
82712,6370.330414105938
38580,979.4921301854745
36413,2424.264375151352
93280,867.6894445653375
9632,1031.8931278714056
8888,1967.5526667701274
22042,3908.5505436712588
7860,1950.1845765047726
77382,9230.416786993675
38530,4005.739365510575
72451,2660.5549116629268
74477,2893.665298231301
67187,1548.4171538564985
24802,5626.732049431894
26946,1094.4858314688363
16543,1168.1409537638697
25610,3376.6753689605644
84639,384.9188791396576
16378,1429.6178218621028
9503,1794.766457313574
30384,1248.8441884490599
68871,2436.3583443311027
29982,2369.7700063606667
80180,2810.125673723955
10082,1482.274504839979
83421,1351.7933785272996
93754,2558.836945559106
998,10463.36946690759
50202,1104.0616686807032
95391,1636.7416433363906
20671,845.1033791134611
76180,496.21204296346053
70764,3983.624366318644
72348,2780.682763376477
4091,6331.761671417829
67174,4613.325258131247
79843,1647.5190449466268
19196,1521.7750519370902
8688,7682.868046790484
59995,2697.4329095098246
90695,2166.143248952965
36716,1174.7116633390522
37166,3602.2510948970503
97369,908.0059712643379
44850,5218.893683483662
37647,1367.6397829647065
87569,1003.3091100107224
7165,2750.4159701736207
79260,1893.041606315102
97496,2209.2637244768243
8682,1192.531031508228
47352,1869.186782363288
17088,340.3727311127298
39313,1421.9744446438463
30813,414.10889534039165
9243,1665.6734224827505
2196,4237.332010600544
63634,1867.1178185579345
35457,695.9096707294752
14325,735.397818918247
24626,6389.340151000052
19405,2754.580512173534
48281,760.1187800738325
82680,9829.878361608502
60812,2366.0623906320875
66177,301.4207349337371
5484,755.2377116673529
2999,1789.3355902380854
7726,401.4077598558686
87250,1064.2713579290348
42555,4561.01256668533
45664,2043.9524392002995
89576,846.2075212266325
32081,26033.051068895962
97253,1277.7935452633835
40336,8848.506983157371
44033,1337.7385197250255
74970,12877.449109957322
25358,3805.2370536683684
11437,558.4259540296922
95752,2628.996954164439
30336,7504.6226327314325
70266,450.55712238974985
31660,2673.401393704838
36095,1674.815872604838
80666,896.673732749995
66870,1030.5158918792115
13993,1210.4514317733278
46407,1243.7619629261985
75637,12710.565013342411
72418,1470.3114147340045
62789,1220.33044456741
80258,7437.750023953817
79663,330.3659008569522
91794,1016.8498266956748
80692,2364.2303664034416
2831,2387.937196869486
55076,3245.645012285201
76190,734.191113312442
13176,1491.4504628918596
35782,6020.367166096225
27952,1264.6178652341193
14120,829.4965488249154
91802,3563.6483057349765
85033,30502.655906806358
98182,3194.8028873938483
21902,3676.6284842063565
72468,2677.5726346697265
59035,828.9324180215484
67470,2531.8837902608334
11723,1482.0047374203916
14576,3298.7894258602446
75112,3467.668387746326
55752,2215.638973005239
58151,1586.6723973488315
97489,3043.0006216005145
41245,1361.565786808935
61444,10829.652954395833
23228,729.7808918596651
45307,4245.954565939348
72855,1586.5436151550089
6700,2423.5235223079653
91328,1044.86860514595
64141,2335.6104142697254
28115,1188.3395156924123
39199,4338.704467400558
43346,1304.849740436188
44898,2287.894379486719
141,1744.6891967786048
29086,2042.0016462859858
38461,1753.0217988106663
85590,2767.18585007774
46085,3590.569591875168
36052,3397.842698012935
29283,2836.3586751752287
94377,961.0196408163874
46650,5049.429505636817
86254,11480.361873538734
13184,2050.680640294514
58294,1695.650018299129
31032,2689.58326946274
3627,1178.1037416898225
94774,4352.348925969442
53109,912.3102375300818
15023,2866.7779541690857
66348,2845.510948050517
91432,8603.334894095093
80786,3807.6514695413016
71412,7027.109996889075
20120,2138.175247220587
92034,634.0952250386945
54263,2530.59993755629
54021,1504.957657719686
49963,5147.0662034333245
73832,988.1534104310289
57734,2408.564038641776
77764,7079.472176054576
61642,840.9428421556764
82358,1198.9674218261919
85856,3442.3601408884824
25192,2113.306909604679
4092,11601.128067349837
73306,440.21357770048945
56714,2364.5308620358815
52592,4986.6737556809485
49298,1259.4545428180415
70041,333.5032057127758
54847,816.6263408180067
12125,940.2257374317246
44035,2198.1611778433476
13868,1498.4450587756094
22356,869.833323687264
23712,2202.590074981856
76701,6384.429263822351
1288,3952.604701205161
37376,1179.622757817247
3854,6246.185447655946
62115,1065.9189202731218
54338,1530.1318764732107
57633,888.3835040420213
25414,5238.973966037392
37719,3943.5527042219323
62949,1638.5511412637738
64930,4217.481189503207
3582,3540.4443582614676
46603,2375.122257508188
79706,11812.67467172837
49987,2662.815449419631
33735,2586.922261102093
10305,4524.814872445375
25752,2140.185733932461
58710,1457.5802889030595
38229,948.1637048242354
17705,4082.102188226959
9841,9896.54787460765
86710,5789.410463476314
45946,1295.6710459449207
25551,1020.6600041919328
42226,676.113592049533
90609,1477.7167090969874
93441,9982.609954008498
63448,2723.6226330277304
75723,1783.6081355828412
91846,1611.1508694402814
91931,3260.5058560645602
81931,1219.7250142177568
87399,891.7260987447135
4139,2046.3712964339165
89700,6659.801661699809
23511,2652.4398535244372
56064,16653.649039254255
34680,1781.2934046717826
98675,2963.1694649397896
64200,1903.1793349048535
16623,10257.000339158347
21238,2760.791184489947
21862,570.6035528665217
77392,2638.9122238234854
76825,622.3734794406823
57878,5848.4136114806415
67077,3523.98832945029
79447,2261.061017913448
46839,1402.6606005862352
23026,1609.0892183868323
96762,2514.838074911828
33944,628.8433870366559
39218,3497.832864875803
48250,2078.4448428960277
82911,12064.701796567253
33704,3626.0503472424925
74944,571.792478069825
25425,1415.7050854826202
2139,206.48484563694174
83441,2196.273243268125
85375,2020.3611122360633
52124,3761.066933561041
87556,7903.9299640296385
16715,4012.4358312815957
15902,1206.0345724494157
9535,6002.549062092106
89269,354.7528902848077
6942,6280.965984530496
48808,1595.2795272457906
12674,1091.3721755109216
92110,5091.689738020886
18429,3659.773679666632
29742,1194.9544064646477
94185,925.2311401906995
17160,1102.1090042085143
27521,2300.8121469416146
60567,1666.348920283284
60579,904.462144330343
13205,19004.978590172355
39324,840.720178088427
88180,1327.0691471923005
93683,1586.812826175754
92538,6517.570706934478
91694,1002.9969983679997
89415,2020.951297764342
18171,524.6112597261499
63501,1787.8443101204641
84599,852.659257891508
30496,683.8408547428099
12230,2903.7439546287615
78551,3161.8492370041367
97803,2426.3921880532716
41268,672.3758954662006
4617,420.659283277615
74327,875.8257789781255
48592,9818.683668711767
96595,2364.289460838264
50542,3411.3566690358457
95191,883.418926509253
29312,2687.454812456509
48443,1219.5098989180703
80902,2286.7756028761733
34843,1522.4522006569027
21097,2270.696247373227
26005,5949.552218836525
47863,3025.324207115566
36932,448.21284748757597
96083,4731.622930104016
86644,4575.259800270809
81108,265.07431613313304
10699,3133.422639403197
55845,4336.658230657861
52496,6198.75116863039
76998,8084.3695564066975
41290,4223.755198169194
85700,4543.752001985018
62980,1104.0377579908113
84533,3421.0555750389767
48891,1491.3956909136878
3150,5129.1634375223
90224,2800.806249828778
11491,913.235206637794
93473,3673.70733019352
54296,2781.287321746869
60053,989.3052870795981
69406,2137.0242038709457
17924,2491.6016553502996
86526,1341.1368931600362
95368,1247.705378354541
12907,5631.704004677219
97451,1182.3423459438973
65364,2282.541198605261
85819,1190.4183226360344
64211,2188.0288411655756
40938,1291.9077794425414
16158,3562.543696044784
70539,1102.2604656306296
31693,6444.497956423653
77239,2144.5686712722695
73469,2919.849562489567
72289,9293.545157091525
23862,784.9255008475592
90317,4011.472563490222
79945,3762.3458500928023
14649,2902.123323725296
5074,511.5320782112303
22031,5285.713699237355
71546,4984.515901483037
70150,1316.0841256424537
57516,4051.5030899835574
23931,11875.282633675755
30949,993.1418650716531
81109,681.4678445325295
90114,3585.1343956704777
67730,620.8812991225524
27686,890.8289905174016
11399,1593.71384775743
55782,1874.8261023602045
93427,1291.9972580108108
20872,3645.313594541887
21305,350.7500173101194
74901,964.5508477119185
44824,2757.897612694573
84673,4280.991880094204
26582,3722.258686950664
62290,424.2479343201532
54809,2027.2737432963008
76663,1615.1392465108827
29635,1442.6044014975562
52966,610.6202624892754
88676,10583.694015816081
59145,4191.268525257577
8853,3428.353329759594
47018,1940.3138824655791
55763,1328.6556983011133
70505,17251.53261420201
81630,2032.6704726326807
48848,15208.527287368936
69482,7843.397208816607
68668,4234.304619125965
10061,1214.1650471772261
28052,1408.5455168767726
1023,1360.8425065580802
19394,5275.2253287571875
70372,1848.2938150431003
6483,2321.673215457254
58699,2891.252889602394
10413,813.2314122815593
24208,2032.902869185926
42765,1419.126736359474
73490,3079.1761433843812
88173,5306.041078285657
99644,1694.1136870949963
1160,2168.7977414058996
9155,758.4232603133515
8722,672.0759392985811
64781,1312.2374755499168
24669,1159.752414907017
54842,2417.0916914781565
39611,1446.9268606000321
886,793.8011856292472
24422,2979.427250366546
61947,18759.3710844776
2450,2338.9410100511136
38107,12232.17598686271
5440,1221.023315404217
81234,2399.03886897299
4403,6081.0942532990575
1139,1974.3232795640963
54162,6123.810610625833
75872,7799.897149401661
5287,751.9557872913258
73700,1924.7241397767793
84302,900.6374258304909
12990,649.7020322699799
60041,3231.6918534038773
44245,4420.567488504675
99210,389.32613668370414
85199,2185.9730630951435
72074,822.4397776901087
92194,3042.8559327822386
93387,3822.000068219952
17210,4693.48635678682
69393,5642.730521864764
83372,1322.9807913112081
42932,2124.073055801006
49389,7554.281495840008
61109,3573.12107917021
18933,588.7544512472758
87219,6460.734150453447
42617,1841.5153362856577
96955,4019.295740115963
61017,5288.523612693728
84917,3038.4504427308793
65390,1105.8749306411494
48835,18318.945388391327
71775,2892.6452776078218
9228,4126.982312303125
82564,1070.3055041228272
2216,9295.145339813263
58065,560.7236884398401
2298,5299.441711374103
62595,3342.139012316301
6846,11726.071142065763
40910,1541.8068102746843
16534,824.9490884098644
49997,2861.8767557787764
39126,7230.85224513878
94747,3047.2228811024665
76634,1267.8108915464193
24962,1012.3243900971314
59656,6481.72966968406
24282,1243.203562349124
91652,911.1418370532617
19771,926.092722949707
45484,1069.186706051907
30245,3200.2789883789733
27641,741.0046783175169
24060,961.9265076427631
76590,6492.571034803454
58157,3351.1590832576085
69459,3058.9348974562063
49609,1209.2417741042755
62354,851.7338033400183
85265,4034.399624779245
82718,2153.6129843539775
88561,11764.16611271814
55897,659.2498061365611
91199,1154.6076446028342
79550,3851.366091452189
82512,6007.296468475222
20723,946.4603167999072
80574,6817.155747007164
77666,1121.1728988017169
40755,1384.3490622921836
69251,1265.115137518916
29171,2412.9385967017747
41109,1962.5694209372245
9917,2240.7369737629933
52456,3793.1784520411925
36124,1275.6479060143824
15865,408.8448232594775
46410,4067.8050983081725
75213,1536.7449233985187
45408,926.5436522880075
85280,1650.2360581425714
65482,947.078895776816
80584,8560.664254243995
83396,1028.0748918593051
79914,8778.99059432129
67519,1492.7297579784674
93396,6277.30734628507
67004,2473.368607847013
39217,2482.6815298942015
97417,4762.489170862184
6749,1818.7810861774255
25150,4280.025362952619
42813,3127.1565810130187
44243,3607.0723622686037
52405,1696.7520990970152
74239,1814.0461739703865
52181,4443.278960948139
32617,936.8698644197435
52177,3447.854298514579
45082,11098.999099991317
72456,798.6346169393208
89204,1907.1062444813374
38291,10296.634688957465
73701,2775.228638925604
77012,1869.6390968144137
86387,6590.463992527599
70000,6509.690469201636
98604,6042.019985206319
52442,1962.5567199076045
776,5192.329075183198
48280,1114.98936455874
84939,6026.535796330102
83719,682.6109054183487
71920,851.1089411089994
7827,3428.6707782083417
10815,1313.7313236337125
90883,6562.8306056217025
38006,2914.4351814394086
35265,1861.9946782517775
92560,5138.29661125045
10502,2466.7196010824114
64504,1708.7524988758319
73253,3630.741472278593
89613,5281.956348208073
64845,1060.590174207304
10284,2334.191677652198
14061,1002.6326201374619
985,1233.7916774294742
83864,1509.3623756182697
16571,904.5678004229404
90630,1384.913403893838
68123,5690.495233975498
75378,3738.233543215984
35442,3662.374086237265
60827,2683.9706101137776
86293,3940.107121073338
81930,2202.806763113671
49375,2852.190532118075
63315,4389.740613332496
31105,1269.310635284882
13285,2157.55799738843
46100,1047.3519252814049
82652,1831.3411157205674
70462,1037.4073577461247
51830,2263.3018504701067
67263,2028.0996166293987
65200,5708.308747597888
15667,1675.6534048649178
94105,1469.408269218949
9042,1265.136209394519
14233,4972.653840215184
84186,5314.779309883858
78564,5307.616186749282
58680,5391.426893433507
80095,576.5729837880308
7409,942.7646588144664
40925,2915.9398803834843
70390,2312.930084668547
895,2047.9391675213992
63270,1217.0009895534718
82225,5248.326571923302
38152,4964.271556052249
80709,4468.663995621513
61571,5334.0042253036845
30230,8361.685123886184
44542,1338.5044719807565
38459,1214.0375385881564
77734,956.7682249332942
8865,1945.9665239072401
77654,777.3794944845667
43971,1877.0546658207072
65766,1162.297710982459
70675,1498.8311678817115
91749,3613.1056357843772
48531,4705.165521039616
29293,608.4673315859915
73068,3550.296965256297
39845,4141.209401217826
85246,758.6969972446244
84797,1813.3181167512178
94143,1397.256812390221
39179,1113.7457342027458
33651,2694.0658159820955
89671,873.9981511064861
83023,778.5693086188357
43604,3924.9895139935024
81614,677.9750397790594
24263,2043.9582722629823
68246,1472.5566821036275
14764,7581.216070942089
91849,412.6240025447095
99241,1124.4398868793414
47949,4029.1341551236505
34361,8331.106544634302
83920,2340.4291257407826
87862,2040.3238366009439
56319,3139.364509194075
87093,5893.248170178238
76277,7405.710211820349
91481,11399.246103741243
20730,8126.075464651114
37845,3819.745811956592
39704,2856.4193613781517
9329,1647.0962403052288
5577,2998.1636882100706
26809,2347.9152907375183
68660,1165.1555719378355
25887,3564.3700104820255
97101,1079.2257944730538
64477,1114.8306207347778
57555,1438.6056366685666
52289,769.87425837621
73289,1823.1211943417745
25417,2806.4770935897886
89482,894.5641983597873
17377,1111.0763575811854
11298,2347.4681718573847
1279,9003.791592809506
25581,1401.645723189855
55329,968.719443333901
40608,4783.857178359719
4939,622.6165552579702
58381,2643.861396425816
67959,3211.9993961913046
39476,2351.6453565902916
93930,3695.6291813916177
58812,3095.0429779912724
32655,2181.4531187556613
57308,4735.785489245522
69255,9118.400839353102
84346,4290.813893917912
46620,5629.2839138760555
69523,475.74961548334363
20784,2314.497342669044
4099,1142.9653607654143
61763,2623.3882027607688
14685,862.1738209667607
88930,10221.393090498956
45064,9254.579320295443
98333,1982.8685999288073
97706,550.4553006807485
14263,404.1441575046822
65864,2047.2165655319777
75547,9747.082797388126
8047,1332.9316627032308
23908,2321.9827989301975
9818,341.3353842235098
8795,2385.6551870817375
95214,6331.994025854965
19451,2428.0304694640226
55113,1731.777818852075
50110,2311.8025484352293
45884,2896.0352053989445
31764,15929.587827681893
84389,5592.835475227484
9605,3351.8240102604996
25207,1405.105103820552
11859,1551.9826470593362
65647,2325.793981746623
6582,1402.2988963950586
6532,3547.9988202173263
10106,335.25706460638787
97715,1744.2239399626806
15011,7875.7882254481565
41677,5136.994165927603
8057,313.5194047381811
14598,1627.1834363416724
13484,2885.2970966288885
12966,353.53543366578987
86415,11638.746821708603
74750,2387.769577768623
38697,1237.6659761986514
88909,4923.430040314841
40809,1092.4525263404298
67415,3460.679998706494
82984,1116.8927152663362
18544,5153.991915374771
22072,545.8912560478183
74142,3455.538309196876
42738,407.1244137271711
34490,4008.9300914618684
62558,13789.81065231128
19602,12451.951288950559
62551,1730.6717713033458
74181,6199.989403247454
25797,575.0567430272216
85949,1610.3384851551416
89935,2634.328079335284
74075,1387.8346868981046
74550,1027.0699310168097
93297,559.5163893018761
62609,2865.9700902220648
65084,3183.551634658939
26989,3750.648278523887
76094,5549.098455223299
7566,4981.547801887244
16551,3208.9076818822587
3190,1140.7721917862834
33621,1906.1738941138326
58224,4208.911248778214
62306,4863.0707331072135
93556,3424.54650071768
22335,2770.1633169023276
7705,9112.570883102137
1676,2126.8549160902553
42964,509.7179281589804
40096,2886.6338772816416
53850,4012.294408385995
10778,4055.7460419464687
21687,746.2284572959222
45249,2153.0091803177543
93492,1182.3361822036939
3491,2019.2085987035514
18164,774.0361595549631
93855,1541.578514129372
64965,4477.266310224744
46241,944.2896810979357
19796,7035.011593678769
96882,1000.5606606854103
57839,1006.5472108936541
78466,1483.9191523453794
9057,9833.861308263546
53473,6288.808958033084
40150,1503.5794103314897
8762,1576.4325852014026
51877,4552.646277428063
59412,555.8545006256966
90875,5126.097407736715
45176,1196.4140301021316
9658,8378.184032845098
99016,1336.6028340490943
87924,1998.2967459189313
27763,3420.878382429376
81606,3745.036767684838
47625,2918.4543300062955
52535,2450.0608693910854
63053,3705.117957015413
92787,1350.4526028177559
26961,750.0597998964699
56063,1269.795104462596
57013,243.0775811370347
40209,2370.8536113515565
38261,4768.518605668763
91485,1449.5963054394058
25443,6089.101894934807
87554,1691.227863726198
87467,11695.580358910564
28960,7591.184543947819
23101,5839.368158191283
60365,5764.846317393156
5770,560.0617619442038
25748,3683.4396005484377
2178,3944.058500541853
70328,796.5124163379485
80731,4275.758285621627
51276,3809.4159418177683
92950,18016.005795145848
48622,1659.1574615979048
21890,1886.2889232280377
207,5910.070901305539
77432,1637.9208583374625
19190,844.3716300016489
11672,6121.931341911915
30138,6397.1159225453
88042,1272.4179028774417
91273,1519.699166820618
89568,1614.0018723279954
55658,2418.218495145129
57703,7765.150211912336
45377,4524.321433053466
81340,932.0538076443563
54667,7127.367336898592
19947,2247.6381900219562
55136,2105.5235443071488
59048,3429.230310729492
73588,1745.2765456875109
40715,10312.88165385624
91671,1360.5788960668551
8973,4312.904970856432
88550,1310.6084322282238
56958,2688.9556273886737
16237,2484.391263664614
13771,459.1915325976437
50904,680.0841808060169
10011,559.1535774542541
90127,616.2768338257074
11630,13608.528936553077
94484,1790.0815620715669
23253,6002.422463691846
79328,3857.053362242502
51499,1578.669483115713
32848,457.8774930000321
16314,1571.3907397871608
34765,2227.444572631388
66023,8647.126939531643
5750,2506.0988690606073
43404,2003.3747962042964
10774,4354.246883949907
84562,2436.838136154091
89249,713.9590022145827
95305,2869.293509604336
96714,2002.355185492935
21209,2765.104704789123
60750,3403.348175547367
64031,5958.260161445244
84296,561.9193616731304
58453,6002.435765417635
99451,1660.7495589233781
4713,2612.819623328519
69082,4002.9760920224244
63714,3992.1833154511864
82832,601.5126616342422
69006,2893.4013232980005
56814,1419.9324315776764
42027,882.5588891866114
65478,2956.451122507097
72518,442.5928397135676
53637,11829.596906072413
27144,1026.7651797057565
49539,1224.5398979502286
77925,5544.164404421565
55221,1478.9457901613494
75840,2198.996842377097
89290,5994.651597026741
78043,2978.985073282306
66361,1111.1073063811093
27450,1474.2985336064792
51815,1044.6911581610973
33209,1422.8511089007209
54905,2144.866720616834
96881,13175.672252441202
50824,3723.1804018860576
4571,593.0124934829906
42216,1982.3793956794116
10768,2785.3674198705717
22947,4562.965514757377
82327,583.8574407145957
17260,1160.3713451899127
69642,1077.1828748102923
90510,4236.5650587312275
3531,3261.0620614454156
13358,2560.5486058868632
48136,5767.005481421419
54061,408.8581950784212
96096,1647.4479803208835
3805,2007.3379963518275
77962,6340.155897908419
35752,12031.12000209646
12776,453.82423939271143
74569,764.2493701145987
87373,560.483802839899
89021,1718.122738440499
30414,4746.819087772434
8075,790.6278129620715
94218,4250.83349176327
1340,1757.114531172086
57335,2149.408260648385
27350,810.9931072142218
23638,2451.4952337216696
9630,3324.264922737574
32159,8035.177320444208
7199,3245.38825392183
65679,320.83256909840935
36731,1096.3963532121145
36133,461.98749265288353
36002,1750.342682377861
8104,1683.4669320823818
86218,6009.125462640699
99923,1382.0799335416054
9891,2748.7530056815126
79799,1333.4056150635865
65025,1090.2976744322489
14574,1754.683764137611
81977,3779.623341380184
78149,1979.7393049456427
27538,3713.2916830126305
78890,3007.8355396654283
75640,7989.588168293519
32415,1380.0156983819868
90828,4330.859944672181
57554,1913.8377118065948
24490,710.1237681595561
12019,4890.269016742762
58821,4588.484472238293
17978,1463.6752605614865
16523,8772.266949965788
66522,4649.375799638045
6758,3240.390175323339
52708,1986.9572592800557
66462,8216.003358092641
57533,1418.1503349382183
1083,1323.4549250965372
11151,3713.0548204416696
75404,3631.8154429112924
7306,3487.842576411179
13074,4964.6752159246125
36472,3257.755655447224
22730,1670.2320458859742
51634,824.5578208749237
77387,3481.0607053660387
46474,1209.6197522558825
50548,5408.2565914541365
3723,834.6444539703473
45667,973.4910654949653
98937,521.6875837164307
39518,6041.774620452765
98819,1605.264933046915
39930,985.3834929913967
17820,9154.353425581347
89207,1066.5161932249775
76091,2823.2531030115883
70940,766.4955234005173
99752,2589.0791748466013
43640,12244.462325582415
95421,2451.128764921653
73476,251.26471004570956
25036,1223.9952748647759
87185,1186.3953811960475
91613,570.3944144899765
21958,1029.4807629096658
52120,2372.8658778595554
78405,912.53121848484
77703,2393.2442225530813
95637,800.3963566818311
90154,2837.985281824146
76559,904.776556486394
44726,496.3616421128465
33335,1241.4338501019715
14013,2442.766381790786
20748,2564.9409255729415
14384,1459.787399074603
27626,1360.0168536900126
57938,1433.5068099592256
89928,1387.9485072889815
19140,1833.814340613543
29589,1448.5833693802244
25223,3491.3070151627953
64641,857.6564125442939
43907,5756.383332601087
91872,1832.3567961977037
49263,1636.9309006112035
23659,8458.527760413977
2083,982.4247244187625
50278,2831.8656796152923
93726,4131.492028200233
13483,2798.3707606298544
7585,3166.623606562264
16891,705.2779411064115
69469,429.80853782339636
74315,1089.562400044997
38531,242.24752279276575
58361,1022.3950827841676
23369,1295.2305217330456
54111,2158.524845512866
44906,1480.1587550776962
66902,2033.192246997958
70901,2241.488747593712
62112,1737.3424204053813
49996,4162.193765626607
32896,1772.7107395083476
569,2014.2098539594053
19158,1805.2051965011929
76197,3117.3999136799657
249,1319.6068651007813
65359,2625.7801332016693
61478,3269.4157540639612
94735,2286.2723343546627
38040,3062.3263618620626
40844,2794.3394389310547
94287,312.83504648911946
27494,3911.7247649795017
87552,1232.4398877629224
58384,2438.5827401083593
71289,1179.561582326673
509,313.39046867679366
50691,4009.853723827674
16102,2513.380308759802
50518,984.770453625496
59040,3670.4967544107544
52877,2556.917020440697
20881,2889.8253517746584
807,1826.1080718118685
78368,1669.4149231492588
86685,332.4189705692372
62798,821.834365337514
93047,6177.596846268064
85670,2003.2319971231934
66592,6334.830130031475
76847,6135.77244475082
1226,934.3050001148
31956,4861.205347006527
3838,5041.536216998566
78201,1107.0967155167275
93032,3455.3655466698046
85338,1218.607586764468
77172,3385.773001312753
75816,2976.123703684579
87306,1636.3820574472948
92054,17902.800325339205
49689,5605.507313606803
28344,748.8297977569101
78633,4423.781621824537
95790,2960.5581498536817
65271,2384.680451772021
40201,1083.6119735527107
87614,3641.1049873748
63000,662.0689128244164
31813,2179.1032442445658
34252,5174.019734433278
18676,2323.6325249403717
79951,1336.3384000443243
9563,4669.643380851678
3416,3765.726332781835
12415,1220.021774930547
13811,7762.905011871061
89244,2222.080445697727
36735,8480.241295991644
83576,2169.8722838063986
87101,482.4458423621419
48408,341.52083685558
54654,6436.727434827428
16519,2955.9362934031474
96013,1257.9029156326171
48572,2418.7325361482813
56080,1355.6488256760158
81952,9802.140068643117
65335,597.8985940732427
72394,5958.679161912303
71837,1529.46663761972
37335,2981.0098995926755
74541,9139.57566789878
647,4546.72154403608
37632,1085.9669914057151
60573,827.5382121176198
14148,1402.7569550443527
97499,1384.2583396568384
98671,2142.167654749352
89696,1451.5627588353416
56389,470.810391475167
70607,1362.8502496044698
87700,1660.9202273701355
53407,2466.847172728701
17877,5582.519300692492
22186,873.9342425130758
5213,1096.1092750530665
16217,6002.101177462111
84540,7697.767870073275
51523,2190.6650525558525
36680,1923.9011952903882
98173,2937.811254701935
36570,3762.9313128927593
50604,2800.4010662400387
60605,1931.759017185932
26918,1267.4705130176048
46635,1716.9695043616873
69837,1541.363512518138
69301,6091.536002079002
78583,3132.4496676154454
48539,1583.1781663158602
15507,11112.968109977479
36758,6412.503934585346
56207,1209.9101639285077
66922,2153.5962616161896
39045,1104.3522775281433
94458,1217.2124576996175
54446,2364.889941485944
19149,810.3018169327673
21813,2055.5872241928673
6755,2517.384694700188
48533,2051.402096453866
35919,1761.7044576222445
38671,1071.840548695904
40945,5020.32054978427
30312,1511.717364335329
67121,1241.4602481456207
86885,2955.8308271175592
1506,4993.172379204671
96399,3708.653996298251
92270,2561.6851289701453
72479,3604.840540217641
84585,1513.24763046023
33016,6332.419308116789
86785,1485.2252294003736
12183,5473.370796020429
19359,336.37678340149546
1408,8034.0701220809315
49201,41305.43679832175
64079,1786.5703177616276
79266,754.9254382127008
7313,3945.2548680612717
59383,2399.1655229486364
43725,9635.557101915148
72522,3599.458201464438
84772,2736.676017223264
36253,3998.983573731035
52325,4686.77723457438
12694,8044.390719136644
88084,3193.8738979102045
11315,1822.4461635456983
76713,1581.3754752446514
77033,674.1629359311287
36961,1068.7838184262262
24410,1595.9656610634913
63632,3541.533802333392
771,1831.8155107851521
96770,2639.294700525784
13665,6966.803108101256
28063,7140.04150316882
70856,3530.803553034913
13708,842.7677297175487
53555,1894.6968638409196
82481,2787.5185310177735
26361,2422.5879492130557
7493,2190.30801445394
9028,1745.5937470279264
36496,1075.8968205456747
62492,6003.837888359805
66847,1620.3080635006013
87167,5653.524563607783
40253,5432.7930537701295
56133,1071.98041633181
40770,3794.8871925336502
23927,8183.9713791878285
3554,1279.017865080813
1498,5094.683839762855
13923,719.7603077271257
9816,918.4700948885674
78014,5806.1620765672305
62002,15292.20643670174
8311,3702.275854968992
36914,8131.56257231852
72173,1974.4241624912418
41979,592.2438488461398
96803,1621.320945518122
5527,3417.190620046169
70218,1067.6095613367013
19993,2031.312056486948
21945,1887.260611428362
71571,1578.8860030800863
20053,1515.396961788915
96856,18809.96014452942
14952,1253.9944836766344
76327,4579.547504892813
60473,1107.5813981462177
69793,1514.7947226053889
62794,1906.0343646969914
9674,537.3998160120706
39858,2958.1582587968733
93345,1772.2079934936105
64065,1396.8638548489273
91623,1125.3906121243826
34290,2545.6885831438294
94989,4732.103662440482
2106,2055.0784606568104
40728,1330.0773041569041
36670,9261.760167972287
59316,4570.377979806594
97658,2170.781230963645
43772,3019.636263359423
13327,1546.4843780596084
96591,1070.7212067912576
79666,6172.55346605283
18941,1555.340342508693
16651,5438.389414057646
44126,622.7549945773112
81929,1849.65072385862
41280,1447.3520112310393
2652,2130.3247941901277
17862,3645.6023915806404
63094,1026.9678055408806
73649,2422.433903567037
45,2593.4516467149097
75045,1030.1791522459573
64872,2954.116525058231
40855,2756.869228545254
66174,5299.778558607888
22158,722.561516574938
61206,3116.5841583805873
11490,2028.2830739305405
63172,990.7479194295975
27568,1759.150815944961
20932,1072.4214188471988
72425,2602.537809446168
42734,1222.1397495390743
23445,5134.307918384689
37361,2453.722816903836
37625,1699.9795523027021
65333,5157.051728870733
67079,10576.008622890298
55772,3214.65947927043
36043,4859.500951539215
9324,942.9403173277179
61791,5730.657392948726
441,1962.9290696079909
19785,1235.2521291828205
78683,6080.158931887151
46672,658.7427415481714
19791,1198.8356357292696
17328,310.11260497578326
90733,275.8730040817027
33082,1535.4858128870137
37875,4780.880348073815
63353,4144.989216924288
11988,41861.63460303699
18023,1323.8170574677363
18126,2961.720228088226
54332,9686.470620064587
1222,1768.936036337039
95337,1332.321148524386
91263,1490.7762091432394
50221,589.3777172074427
46483,2854.7719518530157
62961,1617.1434421008626
33255,791.4404499586072
63997,5337.985248369945
27599,1377.6829504294562
16393,3122.981494750905
6933,979.9127032323485
94145,1841.8955952701926
75302,914.9260614182565
4321,3348.290636726159
56272,2108.4752407268707
239,1497.7076558427154
41376,6350.1257790811505
59842,1962.8710046180163
96748,1781.141259718757
3997,5501.844559151971
94516,1163.1845181626313
75706,1810.558580765534
1263,2233.8137749967714
63497,4041.1224339185655
75902,950.5438822695661
66934,4965.247085572748
86615,7485.344145742621
4847,978.2626267779308
21291,8563.598016146663
15249,1654.2079090112452
62547,3610.4962074549558
31471,5509.933827712194
186,8510.45430008846
29822,762.4694822104036
97186,4015.040064252936
19841,1249.2504576264487
3522,1045.749215829964
93361,1007.5764532957568
93676,3198.8580982657713
34047,2423.876233813475
68677,4496.491823588151
18008,626.1612738679701
55381,814.2044808292125
41391,2895.4040708323773
19269,2519.885761115565
25700,509.25760504037027
83437,3793.438551586986
76512,2052.73237107804
17974,2207.060964069383
61281,613.1312178913639
8290,680.871137981063
84973,3233.2209512433215
56316,1027.4864660260178
88404,969.690727485696
13702,4687.054598713171
8596,560.6072337159437
95999,8223.901303790119
21732,6350.2585569209205
37869,643.4645589079893
71970,338.80986041978593
55595,4247.566770251983
18740,11939.40313499468
44353,3588.8509092106087
21985,1006.947130836564
45540,1156.1411570255775
65016,1223.6488375782958
63743,6038.598235277414
30826,1598.3395420419436
33109,407.9227440384331
50456,4359.975334053096
76395,4617.933239612114
97701,1485.1464589793848
79797,344.07680385204714
36436,2300.335020085542
57778,4200.137330887117
2119,820.3607048562315
2384,663.6275987212127
71247,547.4877117184598
95869,14263.271539013103
94102,5196.922419891866
77604,751.4765901419039
47850,3036.280452797559
1689,2470.1166854123
13035,15083.11353480518
31095,3542.3337975188524
12828,2603.450779271129
71936,430.56216051286765
98418,1022.0011603272128
12232,1056.9457496442913
22125,9352.526974514692
27558,1220.1721191847455
40781,6157.620924596355
71891,1431.8556848010992
77408,1808.3059518390614
95967,2206.5784039791088
79583,761.7466652337455
3275,3440.679005452797
23969,844.0302221637471
19352,3867.337589866551
94113,2595.4775362208516
68747,3063.880095722521
65347,5063.09786426394
51973,6289.584924422037
60796,1455.3555554623467
18249,5719.5066504715705
68945,22434.95590673372
18920,3269.3641133795372
7055,10904.034455685944
98161,1340.7522579773752
71921,3670.749077012039
80515,562.0290878929892
30840,1080.3496692333013
93049,2959.8873377763957
20543,27790.329493251706
86367,6247.735346181824
84481,3840.8619504693206
77122,1158.8929045560328
25848,2060.4984823863315
26782,10716.882927164534
56239,10430.19706876731
13504,323.2222814733811
40108,1779.6598056974642
96319,1022.4838295981783
271,5725.315659507465
55870,1797.6154141243182
4256,2198.5611870360635
1967,718.2664171193271
64874,3502.0699415143717
86518,3257.5277387898814
51254,1316.4112776428776
59880,2278.359202971353
87155,3862.548993455447
24571,2934.4156179783486
62997,2796.7490313449543
90832,1808.9043852269226
22529,2911.4562207612594
69056,2354.9295077735374
81981,1981.8121611313413
87366,571.6754285987497
40953,1200.6628086546052
3244,11737.977174506676
83816,758.5628816201262
68956,2468.542840069508
14599,2121.5400848760687
36729,857.612278016511
96937,266.2980571631354
605,2701.3356822383976
67767,1983.915964737226
54233,1740.1179484658508
68483,540.2752393572333
93904,2108.2462539725266
39303,3977.544262277662
53765,7363.077424588494
80759,2032.8479077620273
34196,8148.394584926021
88370,924.2261585267747
82986,5478.282673648303
30435,2531.142919671304
86855,538.6064321154608
43852,7682.104618393349
90281,2354.5051239048134
63943,901.3192892685622
63539,8094.250345364494
50436,2646.925257523443
85365,2897.9307394340162
26532,1224.3286219925499
46534,2420.387355459941
26046,2802.6223585365515
62706,691.9483988041283
9092,455.7429722623639
58285,2425.572368682653
79146,1335.2956995240224
43102,431.61001097335014
62538,3258.0641309185344
93309,1265.0146397658561
21018,2488.6523475200643
45027,4319.730761160767
60876,1158.9442150001703
26412,6782.949723676772
72571,941.74012640934
95232,1081.2576605968256
61239,2182.449566898898
12693,2638.6253173182818
63342,3253.9967191030487
32670,527.1761554811907
52518,9289.784941709877
24304,1971.5832893229995
77072,3811.6670890582864
56909,1240.7437290649889
61392,6550.746268203595
5006,1141.3851772024636
53505,2017.6526091817313
40208,682.2052316228884
30004,531.7043567968165
93503,1566.697506914791
39349,993.5471897544235
6838,2473.3325706904716
96114,2712.645405819926
94676,3045.0854709908344
7378,2296.2085621011365
35201,1356.851892045105
92724,1739.524780659685
31277,1482.8425483377393
38692,3088.595328452693
84416,6525.776374385266
53496,9558.195138679977
77609,691.8394827044463
61960,3546.662078265094
8709,6282.689212885856
70122,2229.556635806898
17847,775.1757154934791
36992,1393.03323687931
78034,6102.802052372042
76842,6278.990619509406
66059,3080.653171395812
62973,2253.77178206146
30990,590.580989824517
32244,1013.6139428809888
94151,4601.507284853778
92957,356.21650914743645
64980,998.4306657166337
12238,840.9460668243435
65484,9426.280189045396
96451,313.9352008453261
53620,780.0021817961774
27136,5166.80184024343
27333,2077.392828026414
32008,714.8149068768229
68107,1912.8117052065713
45259,1833.5164745249133
10367,1207.150609393926
27645,808.5290407030456
15947,9258.48664047685
80458,894.551761539897
26643,4032.5492140878155
5511,1000.3080473823686
73214,2245.3650498743646
58916,4064.7244383746083
20770,1671.9382325575314
95858,1643.961846878064
36900,3710.5367603309073
95266,3584.6210455991886
71645,2607.1243071892272
49557,3496.287608412869
10761,991.4978370762851
13167,2762.786213640119
39230,3106.6876683351147
42069,2496.345780171535
76882,2313.653289675213
96717,1364.7730428165798
96362,1007.1096435825261
93332,2846.8129555627866
2997,2192.426491151013
79557,2995.0253253954584
96907,4035.2806271895433
42231,1215.653653404037
75602,917.6178165083726
13094,757.1479893144929
52574,828.7785189277213
43823,1650.8531125163174
23392,1215.7023260428107
93153,1827.3421354818122
85968,6079.244020257596
98281,2867.446705181834
80850,7710.00709198403
88777,3042.858603749262
99381,1619.4781725280081
34857,3350.620829907001
61663,3273.0469624415764
93242,1061.011257459445
86379,680.5007780604492
14788,756.3848744499917
79271,2832.1824130112805
70199,440.10555367821024
17191,3115.4418653645366
63020,4503.848748444754
90126,2923.7157315513177
50266,483.5727612156291
91512,9408.12243505886
31671,603.2850044094711
47872,3644.0262279231324
39016,2288.2495187883287
42882,3875.736048762006
2096,2369.682662621072
7941,3360.4546425881185
47693,1819.5677409508125
92528,1540.1265914627193
5423,527.2736605007707
1244,2745.959377242481
49224,3165.789767392122
32864,3794.066542536333
48077,261.0806058302665
34341,1752.7776916920777
79129,1376.572713817712
77344,703.8049697345915
72616,3438.157953856096
31955,5011.843883280686
91386,2323.4186373701873
57496,7617.873101516299
17366,3046.142593372491
78282,4653.517328505829
161,2260.737750265936
56085,10559.164702074082
68771,1167.2213982828814
62765,2907.4604074550048
75502,1076.3337602242245
2534,3077.1335394652733
4998,2117.468479772289
42119,3124.7943234267354
42275,5265.044484794697
86259,2359.9504813268018
64172,2556.4730613025936
29648,1652.7818040305444
36653,1456.5926275962827
23350,2412.588617227412
64551,4336.672079259295
37928,12108.445164337205
2078,3016.580778415199
92895,9460.011365242617
2892,2962.9584364338225
73847,1398.815333983318
83074,559.9692517893212
40553,1864.2715454699933
22107,2582.0478432261384
96861,1960.01966807657
46340,2308.869537197776
48631,1323.489611911601
18806,1128.6401751230903
74689,3126.549009710961
29731,2486.898577655059
52382,1637.2885320193739
68145,1700.494763257227
54011,1357.2452823673884
79681,3233.769827076691
33123,1691.9342680129623
51839,1640.35497999423
23724,1105.651692563814
27536,1036.616387829854
45257,1760.022505602521
71568,1691.658947890741
60085,5483.44238912952
18168,4084.1465951766477
8214,14116.210169531032
31565,1219.0619700610375
56433,651.0636360774782
88995,1762.1510879525783
79454,1218.9320068540717
43467,3557.777881419398
53412,2003.4148694855987
69602,3558.1519576200717
22750,3576.27499755192
95415,1221.9333212129388
99078,6911.50758020076
67322,1130.6641469364288
89857,2627.7479448918007
84985,936.0132353780415
98644,3433.637089319547
6103,4640.077649126603
34301,1807.5675614347028
95926,2748.1148545878928
28912,1762.0812569899213
19542,1357.0791894856163
52173,341.0868265106866
26718,2047.2074681060642
16405,565.7291201747023
99659,12252.71566669721
16857,1611.435617568145
73808,743.0930192279877
85371,995.6114974545278
29683,2428.546360798912
13947,4199.852871852922
97468,1741.7459820037868
55729,1381.6136338543654
55364,15055.480960804342
81866,1269.153172570763
49890,229.51184926471058
1981,3953.902351570444
32136,2482.235087894989
4391,11129.146760129073
22547,1987.148910136222
35794,7185.490137397242
72196,3884.945275283804
21806,2777.15456157554
32598,3029.307860994901
22768,3306.4664029722353
86185,2726.0511956272894
76850,2055.5990565395587
56744,994.6582062167428
36860,2783.0104844628404
11828,5589.828933037736
5239,2928.7085323362994
80454,1890.555999994347
26659,1475.6022632629474
78723,5522.040873937053
85864,2401.5902568941756
94228,4831.123546132334
74588,1176.1303422599124
16549,422.80184197831545
16034,4071.227273304398
18572,1043.837034284219
32112,678.4215346433633
73256,1793.9566078683667
77385,619.0053004986265
34595,1351.1229399013357
66633,987.374044967533
74156,876.8917169082094
21578,2285.4822969891106
3774,2646.116341000609
30680,671.1441497198633
81317,2947.0394720632553
40584,2934.1621209801683
54487,1194.3503920003707
66699,4596.228537534254
32359,3082.093915196784
95119,1089.133988456877
3827,7160.139288626341
13496,231.7133308594619
25348,1590.5401768599145
61196,1653.0375431000912
20106,902.8208203212678
91,1801.2836398065424
74857,2398.460037127583
35135,343.0747681984764
77691,1881.7067126530587
65069,997.2013594682163
66156,2238.2695592317655
60380,4277.82992529863
26038,2213.0184951829815
66984,6326.198040407191
74772,542.7136783013538
75678,1616.2574823708817
7975,1410.6517448071224
8954,3566.262593696801
54152,3327.944104174366
86891,2331.3628427957815
20161,1183.074274929266
9081,8811.969371812953
248,8043.000842091439
75038,1670.201461643467
43897,1846.0097870063685
47290,463.09205630462054
16111,1657.77183413145
30572,1372.4251247222828
81745,1318.5384849318225
44777,578.3970554568166
90402,1517.5291789856979
81346,3926.222065499117
87001,6287.982788504139
9431,2290.307908464399
9332,3598.708570156207
68002,3313.8769726907735
67832,689.4346561277307
41716,3042.504952412664
85702,4612.536167150456
77424,1217.1711976860342
91718,3425.7578104140052
18843,7406.111956049554
92383,1689.4356866333862
56260,1720.5036372880984
6924,1570.8037224771442
60117,9665.25472170656
52228,7728.181176900325
56767,1751.9140404772083
45290,947.5261566107104
8324,1531.4432003399947
55816,2133.7140480783914
98202,1171.9485674316663
95874,2651.8664793201906
59955,2438.836061831955
58163,2748.5430569174778
5301,5482.837578945806
78341,278.35151095280304
16558,1831.990398048204
35987,2948.389705911023
32335,1333.692402653994
15837,2166.95655037806
38221,646.301833340036
3654,469.25772834579664
27225,1292.467881680045
53580,1432.3867213966212
88008,4345.69028286805
34519,8617.167396109937
68676,606.1216962782933
41112,766.6388103171573
21186,3204.569921688687
76292,1806.896280999134
73666,1586.3286869819917
51474,2878.7988283749705
62943,565.5156989404246
79245,1211.1509366881328
11322,3033.805250004821
26851,1172.1851432156357
35996,1948.3296023414268
26363,1825.3562824727867
68673,2861.620185026944
87662,572.6389782506373
52502,367.1746519111993
21056,1379.592236706781
23746,2179.039454334666
5406,2391.793211447931
56685,1977.5637283311762
66468,3558.5138479985903
16195,2300.095618997693
83113,2477.288403004513
48581,1998.80285400033
83937,1585.671417079156
39483,4600.384281926322
15418,6421.825088986177
9390,1185.7660180641703
23732,896.9026410394491
26157,767.7929055573858
63100,4271.755338520758
57840,3419.2912540723723
15296,2337.760100330791
70215,1127.6996183615377
37226,3836.387088370971
75674,3557.533217944575
2046,649.6617811448441
82823,1728.4101786202375
17401,2246.8441294650593
30999,2754.0744082389615
88066,2473.186457380105
68988,6723.904019566952
5787,1564.0855164653346
35055,440.1193091189132
71953,5379.207964040325
69891,543.6673722136761
38626,1026.8669293761286
89040,1443.5390774406278
49561,1340.1109790757007
47904,3016.008603347607
34794,407.75605524865796
73844,1361.5616612745196
41836,1378.6475986666192
29259,2707.614599183978
29067,2568.9615899673568
35064,3138.4444965720636
44374,2195.2975988420117
66704,1245.3932260120887
22454,598.2144202027602
71070,4518.6926362133245
46020,2167.285921615918
99420,244.9538862107049
76909,3293.6786577304606
13056,1250.8806877570478
86813,4712.517718046721
74595,1363.7808419912333
35284,3599.4968671053593
53972,637.1324528013128
31610,3620.1412346308816
33264,454.2855648887398
8361,804.9113899139478
11105,3778.387953272455
96065,2907.364896042028
32792,9915.98396166915
22587,1084.3080467258953
6928,2779.9468971519123
68604,3714.934462902659
67689,5015.542377919618
43501,1447.9017850339262
71400,1024.3878967088046
33342,3813.450401379435
60771,1036.4708809082294
31176,5567.648522582229
83806,6030.862459959057
33616,353.98098963600023
51132,2191.563592756841
16124,4090.660731682701
71205,5822.384527954432
1418,960.6326802705929
11943,11305.107226074144
59254,421.8308844687679
9303,5406.547510913463
55460,6122.979725850989
34798,4469.551327444808
82753,821.40843728773
75676,3129.580283276677
67808,4556.394725165025
77288,428.53151399986075
64318,4457.467814622116
42956,5863.302695542877
9865,3675.564867437294
49404,1192.638319593731
39833,976.8516209562179
30637,2474.7468850754344
50681,10132.789458751955
73551,1389.6341207336384
8964,1444.8195927427269
46778,2377.051448593455
74607,961.7714606982619
98641,3512.8448680288507
81662,1536.8892525696103
84196,920.6132792373011
70469,3056.264290704759
90984,2031.7970578861866
42191,331.0618866512028
41264,2764.9675079354183
5593,6569.868920639966
3992,942.7609432342769
89977,4136.268862148194
38424,8777.066202088072
46160,2063.6531933302886
60508,13513.368144931119
51227,1526.301176743056
53914,1546.9931900197166
28342,596.0398889392857
80006,840.806081140495
22377,4738.856080467429
80183,4225.417787083233
38915,5972.072597040457
38049,5887.15301914174
55948,2757.979785837356
67661,13408.460859659885
79139,2217.478062096531
70060,2530.64246911145
2697,2519.8682325752984
67406,767.9963186656776
70356,6501.360588440779
22301,5154.606725960268
97625,1369.5850166521122
33688,3965.3980946628503
33407,646.5588840529844
84874,8237.42576800758
16610,555.9586051749425
17764,3887.1876938460387
31677,6312.314272589982
31994,16173.814011602923
69713,2716.1461876908425
64131,38039.818594201526
20286,2041.86857156284
73258,4703.539834071641
83500,5997.413032081234
86672,1841.0863670560032
75039,2319.6006142483266
90934,2181.1965633576274
58817,11549.469544286378
48050,3374.7156322881387
17598,1873.3637443568211
68882,1643.7046265980596
32882,1909.10577421213
84706,1211.738738537158
24133,1264.8012865233927
32919,2644.6598275073006
55992,1540.757910020965
7264,1440.1577766460732
8304,1294.6507641747462
43648,465.59381001165934
90424,5027.47648636163
58139,1691.2337496642199
65421,4844.3738851440585
40614,5950.920322091998
68185,1521.4199484931582
23082,3292.74975298476
7725,1784.6910132845708
84799,5124.6897894798285
17243,1591.4183657553626
75598,1532.3141436870799
77725,1999.4722429048
53073,469.47386176082034
32165,4958.584527935614
5613,7095.943065664663
13290,2372.5326414147094
31707,3183.9745885973657
85911,1260.5233618060415
82271,8598.967846413572
25177,1971.2314457087969
61647,3457.49391898205
83587,2109.3389671094787
40924,730.0149300076048
43306,4065.965065308618
10074,3277.8704118438263
43113,1509.867131378595
28580,1863.71473361019
86144,1649.656177243823
65131,554.4768674125652
63542,3948.235854882108
66956,2709.266645068288
30772,405.49950358484966
38172,555.0226600730928
9045,1037.3714785504717
51963,458.1082145401789
72993,2565.933612280394
72142,1754.3007513444343
54661,828.2109265936941
66383,720.0810598167733
95830,825.9295953181087
66866,4299.574913063968
8277,1544.0695708455755
33958,2392.4429941943895
54464,2645.56295582973
25633,605.1520881584196
95308,4585.3715604664785
45129,3955.9216313578895
22514,400.8916710592765
36527,2078.4928382860166
62013,1983.3102687704447
63630,1516.512812230051
99138,4111.233588241631
44689,449.33564330775846
47270,1840.4217565618017
29626,3551.5763519205634
23989,1458.5271579629507
94703,2047.991362576408
29000,11354.43156997559
74150,1262.5290271057993
44513,1928.215242637514
25337,2309.7036874541527
60180,4225.906944847495
34860,1624.5793526743923
32198,1715.1029936884777
84338,1027.8465251559687
48184,4849.5900513830065
37029,4316.5584266232645
57615,7903.326558601628
10769,1962.8654026909269
16667,2688.5598146016405
91461,2701.737182920865
47683,1023.0971665755746
81407,5200.2668361092055
25096,2026.2586024950097
4931,3409.978709314576
14252,1736.176008908914
98522,7007.845859184808
85490,245.7177307468336
26685,2682.675221563194
77105,1531.359754262383
90050,3025.9157273916453
34792,15119.11022651703
52557,4510.945063892573
60094,4282.701585309263
85254,489.76731955759016
62459,3862.8757462635263
86482,689.3804150940769
4217,1951.7267077423458
31606,2741.160816512363
66183,1520.1562456799497
78992,976.6586977874856
82691,2210.1498373863874
92641,1098.7519724928356
59688,1636.7876085917578
31518,1732.3767053262377
92619,1406.9286393797527
27202,2497.63366775778
17930,835.8808532966792
95804,1878.1027874091892
95511,884.4670189739106
82019,2094.4433076315368
20402,671.3689534281372
57990,6191.9078846131015
24558,3959.7618852872974
90586,1518.9445112289652
74675,794.3008472114647
47152,2533.9866926143363
81350,3971.8259505951337
10494,1424.6912047958006
88362,4006.6229984283555
58022,2869.4693499709397
54199,2294.202636947593
746,1113.6601947961167
59618,2703.7943500174815
6798,2667.4226761745877
11609,735.1338059934769
34398,1439.6491004684865
57250,10744.864614022015
77822,2435.0186226228793
29667,5625.01110254481
95378,1863.3362185777685
91907,1105.389705102297
86407,3142.9571292589667
19268,1779.2470759588116
56158,9280.39803199629
151,696.6996587611001
46539,3417.4683063265893
15474,6449.630479086176
73541,6829.062924762789
18323,278.3968323123236
59739,1082.5182691433545
35992,2818.654825596543
95433,1296.5273549474716
69037,1290.9123756061967
74795,1678.6485140551379
51539,2688.367248985149
75461,579.4077093999471
11482,2174.0875965869213
1956,7572.9725631091
159,2723.8798970958146
19386,254.50900731976196
49595,3954.096715558062
79578,4153.510184052051
84286,1137.6154943635897
25468,3880.3161428572216
53926,772.5370445481068
63857,2576.2948443927053
74499,3636.8752334158876
107,5551.079578794457
42869,576.7830343799211
41857,2856.684101304403
11798,4740.1224265076335
24841,909.4810886220275
75367,1745.7508638521133
6447,5880.025444536615
17025,3050.530753419286
7723,2367.1455529312925
7655,1939.7018958683695
96292,3723.4729961771177
46721,4035.700044943345
15359,862.9612737804051
17951,2510.633996968008
61398,807.905607184768
87338,1633.386684107072
405,1336.2975592274383
69276,13239.589478612395
17320,1827.119327764755
78162,3633.2100479067344
53462,4233.8766935346175
16396,5930.8865862793755
1323,3288.194725673372
73001,5764.407983146188
4996,13263.022462646695
17438,1208.6286730439786
77781,4295.873739913012
48549,4036.228700090933
59266,888.1015472757397
69402,789.6193927376935
43867,4261.179808674958
94330,2784.6735226870437
82533,681.7433589198399
12106,459.64257426926827
10351,3980.4004250916546
34441,1172.0731577231822
5353,1842.1607218758145
97486,2567.6466181315423
85656,3947.7280640080385
72700,3095.4105896418173
88751,397.9131244751819
15383,2331.6110774772123
14621,6483.183305205857
95743,2263.5072079459123
87184,4238.860954660341
2766,1373.0626316319056
32632,1775.7902768438391
54840,604.0686646124076
32702,3686.947937773603
44229,2918.6702887423244
54109,4024.224927340198
58731,709.9739088736225
18349,1513.353886453425
59837,11794.348371402082
31825,2990.286839859896
35730,1382.3039992179854
7750,5033.4077653535915
18604,1021.9700921130914
9055,1021.8075371364814
41881,517.1024079942822
70944,621.1617144019427
61078,4364.0774830488535
76905,1099.7207506770123
92898,2081.0327187743055
44517,1094.982795126197
85231,5326.681243881405
19650,2059.213318448872
62089,2777.750736066396
89594,2767.132854008148
48009,3279.2482736615257
94266,5825.312170787477
17745,3268.0658976440036
53629,1808.8978923975005
88941,1377.481242285889
30087,1868.9271551468112
6060,1695.7406099509092
78252,1270.4014121082328
48195,3059.04921020073
68920,7443.009591414494
72824,686.9681544038301
47820,2883.2555947059964
2084,1768.2100228743516
85637,1263.943822051058
87476,8236.938757510223
7397,1629.9905677624743
79991,2357.809059058365
28326,2607.6062608132415
17237,1441.9318045674022
75293,2552.9212236911962
93607,1419.6308879561357
56266,1557.8745610735234
90910,5345.188489139818
88775,1606.3554480737105
47363,1483.823378699394
24897,2528.512773365137
3808,1097.8945781223963
3296,2511.9368763546317
92408,730.0703158736794
513,457.86561708591734
17137,2487.031677607155
70364,559.0560947191816
5782,1674.6736746380482
54055,1347.7726646360122
2168,1823.0909236982545
18790,1761.9833974858186
49818,1080.288151676336
55641,1430.6699642476658
42386,3205.4422722251065
50638,1515.1651069033305
64406,808.879877003665
43557,1357.3578133425935
92507,1946.84701988301
44690,1168.2871372943846
13070,3341.8810475679657
32681,1506.2142720905238
73894,875.9198593551247
48880,925.9579888632582
50428,4953.966959715225
25115,1771.5776025181015
73228,1809.1101218864655
51780,1445.5836985150574
48655,5274.269951596917
37801,4990.239175125804
40952,1009.8134774471829
71563,6881.63152592283
38014,843.7204637120819
89947,3925.0091101196936
42960,3457.387278578373
85882,3171.0005469807893
33266,12114.160495456235
40041,5823.103088199395
75503,9744.449535013175
36750,1855.1526263201035
20760,3056.3123089959017
39570,2556.4790697653543
70441,879.7299435951425
41483,1343.2475749440825
97232,243.74111692093706
37486,1631.8194126587496
80621,3594.509087527889
76265,2190.2755624984034
69617,3504.1661222542566
77081,420.2874775348899
92259,2318.1029184671875
82426,9809.605203092939
11913,2977.100285591864
65802,616.2444700717649
91099,1124.8072674107982
3449,2853.259428274774
4366,1690.6665000123555
32121,3664.6295601958013
42214,1742.6363054833098
71581,983.6029570926577
2382,6423.466396665791
80865,414.98975585638703
5105,1006.3412223341675
87684,846.3279687438854
522,1141.719192561947
42883,16192.439691556978
59737,2012.7463899233508
34479,3186.6588009482034
31018,1040.5712840998476
57497,1371.4876017423549
86117,10404.743777472813
62473,2755.449810290941
7933,5693.114469733056
94360,3395.6983964471715
90223,10310.889291540563
53864,1563.9331191861304
19068,376.56414757319305
71077,9239.561945027399
95944,4180.487333665767
76430,1826.7365145355272
73696,816.8373586234683
50317,789.2498025986022
70626,1803.1682658436491
99888,1389.8438268463763
28991,2135.1518483530604
35490,4015.1846785280595
26674,4729.799929751625
51816,1122.6546158932747
60677,3786.271419834227
74737,2502.351407731239
69489,2924.6945900376986
10850,419.50939189275425
89299,819.3855646103901
8561,613.9501221462666
97936,2050.1340607123543
23567,10988.586786826852
64702,1751.6663556710482
48489,648.6066736886479
57451,2881.2699307656517
6511,2629.78967430241
76843,7407.067258206134
73317,1940.323871934485
15875,1897.0661022439072
68136,1905.7340913479911
75619,690.741636023634
9566,2026.0055257889967
52970,3883.860876065099
16197,2051.058642346239
11427,233.49631031942252
93751,624.479952507832
66759,3086.0391188171666
78663,2624.3952193875584
33872,1762.2622856566345
62740,938.1383324611948
86917,5251.753142232097
10425,2129.1204936027725
86372,1851.893764498347
82729,3584.3376003437397
58957,13431.692529802152
34723,998.2744246806028
41973,2866.9812287477585
4207,1412.2526510173216
38718,9186.386619465813
69199,11650.96222109874
30518,3082.9126428010914
47020,3590.7364113904264
79840,2055.305941631908
98066,2433.314037452629
80196,2517.066582755722
10870,2391.753187680168
38428,2943.218335156028
3846,982.9142636138669
74813,3462.6481422061897
44581,3398.677376173277
91170,3058.5322761094126
34288,5420.651211745295
35847,3206.9967637215373
74778,17195.835165785462
23187,526.0399853512793
78204,819.4376097696298
70093,5123.015083366627
35065,842.2876837444263
27781,4544.9316314222815
50026,564.5993891218344
9166,1890.012652276516
57449,4121.056024608532
99435,3726.5536645278817
78697,2222.4505209529652
59457,769.6334172530296
92302,1816.38872167104
7192,2278.0319329874487
93481,3409.7706282419467
59071,1638.6598808856934
75714,6171.277148388367
31986,2251.830426907467
26354,568.7067946889149
50772,6116.549586767053
98252,1408.0809256576858
91135,3912.2788967127663
98509,2467.16114884772
96291,1479.4621888308063
47273,831.9285032352177
76164,3291.4477156656285
59304,5963.219435371824
77365,2169.2390929284506
37187,850.7685850389846
41001,2431.8286454345834
83334,1080.5331065698085
21790,1320.7124479528077
89367,1039.5398413504895
59850,3116.4965020632944
89513,889.2905836935566
32692,4149.598358609425
40951,3580.212263395277
9285,7792.437605542568
63612,1963.8473795764405
81190,552.830292066451
79802,9495.873447288972
54457,1855.1803139516808
21865,2436.7979788433013
53440,1996.203243113811
46480,1531.3306797395767
70097,701.1940469648011
2113,6245.14013395983
91361,1385.4287221225143
37566,10591.969260992322
71685,6012.044283993591
25072,768.3450943193861
43671,4460.942555583316
60941,1137.004432332921
17654,344.0861239893165
79836,861.4523642479664
63468,1230.2186312856834
12827,682.2001637338858
69016,567.1811468383692
10923,598.6010951935385
47355,907.8360514284703
30458,689.1483557549618
50643,2475.7106110746563
92014,1791.6135685610293
98322,5960.614873068933
59947,2418.1700804856987
50637,319.8443333375007
21843,1760.979023738772
53005,347.85167610830774
97063,1970.4770703093125
42148,497.94354531735684
25620,5238.484014551804
64558,8254.002977416947
52601,610.8251751147295
55151,1727.1276501768239
51224,4602.409217704263
99854,2365.5437499512495
21415,6998.098108791369
66327,3062.493699653035
32146,920.6913322614452
62299,14379.114037219531
53707,330.69336115457935
82412,1034.8918832737338
41880,594.8174832337849
7996,11673.955682726746
65503,1577.6396351012684
6938,1270.045224924017
43402,2059.464717052456
65452,1136.3718008597702
12843,5752.3644815869775
98884,2629.276626486487
45235,3302.348277860769
70690,4407.180023867568
27451,2113.217526224094
71824,1330.916297105417
18361,6937.979743184595
40815,1516.8322470266066
6622,930.7384967420888
51065,2567.358910031915
70166,1990.625360316292
84478,2078.7528633396455
96525,7929.908471286196
29624,978.7287675325703
89094,2281.8562909171965
49162,1620.7613588575343
731,2466.0680991810978
69734,2013.6562107157436
47098,810.5334636613336
89518,685.4747975554159
57345,8156.796299383853
34382,2718.6368658511697
15675,1405.1044719023002
33218,1413.0604215974809
79388,6135.034990585999
17023,2269.023731637411
72712,3271.384161664801
64307,2085.017809716508
15463,773.2773846636129
43406,1734.6616049697548
53386,1944.4262258331785
36689,898.708904039956
31043,8967.240602571534
10239,5127.596752028296
34657,2353.302774400836
38825,8867.64638267568
42963,1117.986652204491
77199,2218.799734233541
31385,3985.316866119594
85895,927.9078986274478
5513,1377.0530391077798
43662,2350.270293318991
30807,3964.532930606508
11887,1012.5561942685634
34632,7806.183623911209
47889,2207.338354819516
2010,3610.496020479217
28456,1553.106978328628
25196,1996.4285176321887
79621,1213.3113388254883
75267,827.0999476088081
12746,656.2401741680795
18400,4258.967143733745
5256,3327.887593614149
9288,1902.7386948673143
24965,3255.8933123400393
49054,1824.864056375619
64142,861.2122661227725
48080,9252.514386437813
13,1625.5007023651922
28240,3056.627377795745
10653,1250.0706385030596
29260,5542.838588011338
88612,1544.7259421031183
5560,689.5683893298075
69552,1810.4495337380245
84171,3439.273101648943
62383,2590.5825908468437
11392,1874.9729436834832
79305,2298.02078649274
34864,974.513741874143
98464,980.2540822128688
14949,2705.5976048440143
71516,686.0615494523216
6332,3735.9028207266174
56584,5883.461082100186
762,1947.4962050761062
49866,6454.898681480727
45057,1756.3871500401906
22761,3994.2036324358864
63754,857.120028376242
22329,1093.4468567595325
31331,5075.335885125248
55053,5673.536735551532
81383,383.9052694431441
26144,2452.918401951328
14343,1453.7752086535975
36130,1024.0299449583001
88291,827.5611982557955
83009,2886.882177473526
61952,2131.2197411061643
98959,1603.7964672426674
78055,1128.0073763740425
70957,3971.757268226756
77225,1382.4999504071534
63920,2185.043273149761
15530,3687.0683285684067
9863,4825.281368127711
22334,3180.750284079158
86371,16983.53092627155
29946,2501.405553553648
46926,2847.567465353203
13532,4047.6966825761283
98038,1409.0757847865175
23787,673.3751128910859
36738,6592.39130508948
68807,2455.347255569274
41121,1315.5357380342116
12636,3315.3458864574773
35878,1270.6128101179302
84125,3691.0234516299533
32278,2129.8518347770255
90914,3518.9367028066663
56772,2034.0849459852259
26158,4563.74003251631
12522,1600.245734307347
74824,961.3057916247775
43101,3300.728563996864
32861,2379.860900943264
32148,543.8393582370362
11156,1988.1807331114223
22992,891.8765585949363
6317,4895.082790339193
97293,1617.6593800800679
41971,551.2626013476928
81688,967.0985121455113
83930,8278.139495603704
27126,561.7492676424562
22505,3456.6736933859033
40263,1340.9285904064964
19847,2667.723320597636
28018,8391.346303247741
30064,2386.950767621333
48794,2354.2426865978446
85444,1335.1242311409264
16554,1068.5152181313877
86326,998.9390954662233
29330,2072.3546962117825
76269,2222.060670045571
28966,6296.785014959182
37839,7333.318235915332
44537,3344.8707342776647
7635,575.8649102312241
34014,1061.2391259979495
24697,1241.6493044565934
88151,1265.3070812259718
72127,1855.9637970029598
41475,1280.5627552087144
55725,2496.401598857045
20432,4698.683408165461
99664,2648.6421379161407
59624,838.8242443723858
41012,2084.5995944112788
42398,2565.024814139131
95333,5398.3979789136965
79650,3188.6871198211575
91466,2347.1083479086824
49500,2245.7765099396056
76798,17854.689709774986
69375,2687.90915591367
6387,1911.9493502807113
59557,2360.1581494105403
96540,1140.72285810894
16756,7903.129842955065
20946,3373.755354129577
67400,4656.637035114705
99081,1266.8645141547624
14920,1775.1199739479798
22494,2044.9640424469565
62678,910.7371130785073
24054,3454.5171607321736
42390,3326.7956116763417
65754,955.6471170561421
88982,1521.0262806221756
60394,678.4621547855564
51506,3629.0827606965545
24315,7357.692796641245
46510,1989.4446193088602
26978,1960.5805258831406
4587,3691.162225474646
51565,952.7789923270298
28597,2584.152664171432
49885,4653.555502957997
64258,2245.067047529259
97690,2163.862067447352
70832,1528.3065357840778
95986,478.09597868117254
3519,1509.862518433285
43635,1486.7324830655941
99992,3850.33989179543
24173,919.3695900368901
27242,253.72287401389113
40229,4102.182704912776
13204,816.8441847414815
2277,2083.2364677806386
13182,2823.953509944974
40050,2968.6495287272533
30604,907.0250535824282
4115,2764.6569901909465
55287,920.6608106880967
66580,1994.8765599405579
53477,1381.4594190025684
17261,2169.4432351599467
91867,5773.482361991389
17501,4221.731769668015
56818,2085.9950246490935
58954,2666.280993980317
88425,2102.545198445915
3930,3611.0236122934084
74903,2360.1727067289826
9331,1396.0199765080142
28644,2194.773955437234
6835,3199.7623870194393
43237,2995.3944362278967
40251,490.0658282189503
42976,1920.959274285811
36198,1547.2794749877094
3347,1570.3200711839434
28631,396.35772967633665
96899,5336.274360335236
85452,594.393155768049
50811,1193.353413044617
58164,1884.0613560504423
78406,3443.1230656300595
14059,956.6175812176388
83219,770.1780474908664
55913,1551.1968106561371
25333,5129.022645446328
40225,5069.836467418921
28666,1746.7861779988552
26886,1551.282351784953
82025,3913.975342716779
10314,3905.6425944681173
65144,866.5960758338555
95825,1934.3079713547982
47816,2492.5678833562074
7315,11255.951346401356
34266,1397.6316751440206
36830,1392.9581466725901
68473,234.98495760211046
17093,999.1190241916953
89974,3367.2636244899986
80576,1409.973939547822
40446,1916.2386802334436
19574,2031.4052958536645
52753,1968.4140689865217
18786,2425.652022229552
32412,5704.735512810111
11113,1625.3680992763243
54245,2422.931161194809
91088,9649.225786611316
6401,2428.6153315848765
42097,339.2173445174636
35804,840.3268016366331
42404,1662.4347878638844
46738,1741.0355068570518
839,1259.6819668493706
12664,16226.67882821071
22215,2038.2409137345364
75471,3570.0623640923054
57425,4292.476725532628
67126,2024.3693584021562
62108,1543.7289384889382
91789,3437.6207388474163
90030,2447.653535089652
72945,5608.155161739958
99051,14845.038495882463
4589,6821.062775169344
32941,1117.6566951605303
39551,830.4676801350165
23606,2491.8269067736924
78975,1541.0069572617767
2531,1308.6210702524252
90722,2863.9514162470514
15993,539.2003122288047
91868,3423.045855859841
59902,1462.6727488428594
55823,5583.656813743252
66435,3884.3800684919984
66921,3000.3241305950114
23326,1260.935797963671
43874,1446.779476487721
47269,5406.641736678561
2330,767.569032457808
99294,2873.511174087211
88879,6055.42026490584
31997,1216.0208956398014
17301,870.9178970920402
35109,510.52431539405853
16288,699.2909028624781
70605,339.65940025379433
21098,3232.2115716600574
78088,14315.757323433732
69183,14113.541028822716
7813,2280.4370849362867
7728,2456.317408675859
29029,751.1387184903298
16783,3983.5934134021168
33840,633.1327266577592
66686,7236.619439469399
6460,1224.694971954869
31204,7365.176885732118
51883,813.397363496587
30088,3946.0984417131954
86166,3729.436565637338
13397,2305.0647904284874
78915,2125.5375025773806
90830,5134.6719211454465
20354,3670.4032652476035
62022,2467.08889170531
58534,2742.606137394425
80751,3550.5375808476656
78273,4542.99855225821
77669,3189.855088785072
59003,1382.658006646132
88064,7577.967618146568
9311,3484.373145974736
71552,2432.981436952872
16243,2524.2002104315457
57956,517.799950830246
23952,2305.667296116016
2998,2152.943162101468
29823,981.7976433790813
96761,2047.4937657303585
59359,2853.575476025219
58718,453.3409529591734
75148,1755.1451341728762
95744,6534.896367739573
44103,13747.567751558841
73653,2328.4504621653878
33891,862.0489524120688
1114,2073.2740720765514
31859,2136.9598783404494
27866,1121.6670783590575
25641,2909.205115039522
84535,3354.4221619703753
82038,2172.3636932109052
95506,2582.3820570703965
14096,5291.954570210965
31093,2194.1721131659137
18902,1994.1518637552458
81568,3031.222774082044
78234,1827.7920743621792
89716,2579.04267212241
82668,8037.964861102463
82812,1736.8547719368348
40464,2354.006075549415
94930,1344.3469807878405
10988,492.9627751522462
13493,2935.6868570805145
31914,891.6704516212935
65540,558.3378597612226
76056,2765.9014730847284
73662,4072.706380959922
35663,1569.4359898746666
6640,713.9624110675985
60942,1043.8269012984222
92716,3360.9160906405446
48540,1174.3717472685055
3195,1216.4882198005876
90922,5179.222902123697
43831,1744.53853248979
38271,7965.145402375204
18905,2443.0199804230137
52086,4021.292817351965
31275,2774.0419800850436
64660,2433.349555704746
39472,2596.923612317142
41981,2259.2013900390316
86902,479.92061332999197
84554,2368.999869524183
85208,2029.3575866562069
74544,4029.252094552681
8877,791.8711179663428
4134,3535.1873606689305
65987,1673.233360274548
2729,1817.1332532736353
3885,2187.0725234580077
38102,1829.3125925984086
51898,2440.948440586725
16031,5510.421241660562
66285,428.7083250722697
46871,2060.993604807583
86945,1002.3470466460776
9540,3591.778319303924
36937,4002.094598291646
64264,1688.0407310589846
89494,1542.8195212100347
10298,3456.651368155677
30488,3946.2270549157215
43182,2475.8447250605436
90172,2179.3043780349076
34031,603.9299392192561
50840,1707.143723611231
19015,2765.714668715394
51356,2631.3841643706096
47971,3086.7864618899002
1648,5544.311718382147
40525,1265.3733906345255
77334,1025.5865888768194
92515,3440.674764068212
65112,1526.4225292016017
89595,1035.4905739804346
40035,8093.665689352368
27474,1184.9229395929983
67364,2511.0443520956383
37991,654.7215208731847
52833,2482.551801302831
50936,2107.1838703626595
49437,5074.800352360003
63638,1116.7070145841324
31626,1548.134039490015
34376,2230.758764662866
40725,1734.1209285194357
88214,3138.284805388234
15207,16167.457073327256
16562,284.4560209946379
89003,702.0903775783307
18871,2402.554640448979
95486,2671.210883245806
72718,1730.6313224147866
93852,1188.9004284085042
18444,1268.5717631556786
50245,1039.5456874148201
65051,1598.4957907275618
2654,2869.392363725548
14815,3931.1368127818073
60946,1213.6426025177414
40241,1556.9096532627184
97934,3161.9269944937187
56768,2327.34093845809
63834,1439.7520054256902
36857,922.6114534481411
92542,5594.997926699171
98622,3939.9640992032955
47510,6795.169298231684
61636,1384.5870019604515
29738,2043.566687125487
16710,1861.2494927327587
27937,2645.6913751438115
77922,2878.4633296458264
26700,4655.255963555151
88633,1874.898692148675
53317,1892.8693249096077
86586,1157.651408800719
30359,2453.56846193884
64833,7375.193423370472
71643,3992.583202678931
1200,590.3212349271604
7422,892.792769526295
70169,2877.78772792727
38304,3375.9169047667247
11089,1961.176352216315
3677,2868.4550118393136
74768,637.8506654406511
95798,1094.4943388919341
2205,690.4722263348253
49708,1437.0226070101698
65122,1452.6517700718462
18019,6202.95858015745
15849,1300.6340984493816
63120,761.3204791200441
93793,528.6611124235073
12020,3158.5595143852647
19824,1856.4653954847463
7831,1018.3544377606636
29200,1029.7952045090792
83730,7453.800333007788
14111,1884.4947283145668
74985,1338.0001787005524
27280,2855.1370879091164
99516,1703.4513501180343
81363,10771.701754793685
19970,1454.5639142807545
68266,1056.2403877548034
57847,3616.283079271722
29111,1328.6288837459188
30477,1531.0883959781047
17083,2120.4421620701155
76944,1081.8077834025594
62025,1389.0714804907277
16933,1889.7000390043431
22805,843.1597062915589
86374,2412.2520388749704
67843,2449.772611783018
63376,4609.466232773786
59644,6189.566110932184
53078,1748.9863312634193
99028,1447.1827242526856
38376,6163.714703292348
40475,1337.2290490787332
37921,2346.617340713906
55054,1672.1399139948062
9988,914.8054123831175
88207,1437.767616368168
73761,959.016446023434
98136,2348.701835268017
28932,1623.373766606481
60191,5250.264627873462
31486,380.52929057805915
6017,8798.880031491306
14489,1076.7863130310964
80847,6740.317258999402
48639,1298.9061591571933
37479,3128.4290296986333
77004,2891.31858377505
46707,1974.2161257243858
24920,772.7388537556611
46360,10863.292779455776
90954,2468.616543902656
34180,3599.0513996426794
7044,1258.8921170935705
26480,7123.307187460169
72810,2140.302964450138
67321,10434.991192642978
71648,615.3607840931986
20399,4179.395630462438
4486,1826.4407453846113
55741,1913.1012245022234
84653,5241.549270225841
4932,2672.72985700513
32500,2814.9513446025016
38302,3171.3103393289725
13415,4579.174291251911
83613,3627.84448255823
60879,1504.3475168417024
8472,10129.461509831819
93680,1044.5409938803705
44441,4437.321270557225
55857,2015.9692875131534
63056,3599.9778374528405
82875,416.85336712116094
41099,7682.519699274626
21143,2748.8394752967934
61055,995.9139673144974
75153,3484.2543357670925
76654,4795.055163958913
8243,3488.209032005295
61971,1502.0888105861807
85428,1822.7752948604302
85240,3812.545671206945
36209,3806.6087869194944
64465,2741.684126938935
41771,3744.6660533032427
20118,831.0295141429982
60107,1042.7657899112555
33271,1464.2178541010153
98187,931.4625127715437
55075,6316.280792964499
22667,684.4278204957832
19185,6388.770630742983
56696,1766.8962052688426
4946,3756.9118424233166
72660,1369.1717868410972
96345,6986.335953437078
78,340.7125508845924
57320,2129.100888653898
57396,1344.825134917034
47104,558.8431018013326
83004,1713.0652526541055
14644,1750.3644320865367
11676,2449.354129654848
47500,1665.5588566816532
81110,6033.777491058812
57581,1680.7658122720468
69169,14393.731125311891
21982,2170.703451163431
64498,414.95767310659386
14817,613.1908304384123
67459,1748.1860698218907
37657,2401.669151473956
27190,8277.409170047746
65616,646.7112156651286
5064,2856.740189149472
72583,1215.2342209407184
81897,1513.8960617012867
94751,3578.00050164641
90525,1304.12098972179
21889,4984.147958629075
55781,12166.760180443254
23072,1521.0433223602686
30631,3336.173194181456
26274,6281.361955720732
80112,1578.799969976086
98597,1747.50512367399
8216,2145.830009595644
74501,3305.055615541462
17473,1719.152776288247
69860,3376.11706660227
61003,1453.8319702620533
5021,796.1296482682322
47423,931.2296280593539
42659,2235.3913956427778
41380,2785.3353923337654
33429,3852.5943525365637
98858,7602.631988377886
92411,6200.501501704222
86243,539.6210075368443
8982,1495.4120853107163
92293,910.4145743067807
20989,1236.8602885941134
9140,3474.006649536815
55099,2381.104267297576
72772,829.1437819809825
25093,2043.9219040001246
96472,483.43146345533665
16465,755.9922268018512
99413,1639.131604139278
9346,1903.8385596486987
72991,1550.5217153664614
10629,1584.4223995535497
25709,757.4427872718402
29933,748.4655520818455
32949,1009.1853079765486
89793,4099.963094046885
6651,944.1930285243815
24850,2049.780657875564
72062,3884.947508075506
6047,332.29906234566425
72057,1550.2603379994787
96836,1167.637406964171
31022,2681.600347609743
57989,4672.69762587881
75580,1252.6302644493496
41897,5952.601612602256
39994,755.4516077643308
80721,1650.2663698915392
81656,777.9739441982327
69174,493.35602226431064
57156,1230.3113727340065
91483,916.8544553328892
77332,2586.7353039048335
519,3917.2579558313732
37349,355.2878719115618
64368,1271.6324455820234
42643,3023.1028082676203
28231,2564.291642722034
1723,19518.299304798024
58671,5611.769286770775
59915,1213.6581843402446
15555,4104.227760349198
42924,11537.119868414064
39612,7562.458014065931
81699,4535.989160610712
24649,1673.0230777628253
71879,2455.7531761628397
26447,805.0994180080442
87166,2426.789755074759
33522,1300.2957045044263
70759,3463.5854985512424
33941,2209.6745790050436
58602,826.5428197550743
20407,4960.458201753867
73643,5994.4289630528465
55771,2891.783125424833
4177,357.67876434561003
46914,1704.4468382386694
57876,2291.27514757019
25160,2319.300414808979
84210,1434.4406815489588
55021,907.6578321463126
20218,1699.366884837361
80894,1244.62596306783
65744,5080.71662211548
82052,670.1541917123386
83753,827.7299977062876
10801,1890.4910843977011
25785,1811.586620182215
21120,2209.1846742355287
6010,2025.6314879351498
55529,695.349286705057
91479,2468.770970658128
41514,1644.5053185787128
59062,3805.4039354247707
56146,1373.4392921095266
63669,3019.2393694004936
89543,4253.007281125952
82889,1659.248329785213
38099,1651.959014684454
38373,2483.293578973737
31801,1548.702230119852
20584,1119.5241595733905
88838,406.4539144459102
50583,3438.0537189757943
4602,10942.534048225501
68407,1463.5568075334659
2776,1256.2306552404882
17443,5560.277615879624
47249,1579.9771756904722
91912,3811.6086120810987
45934,7620.080491590366
34125,773.5846060193915
33971,2127.503325167542
83961,2197.262831061731
66675,2826.900198278568
51440,2845.564442353367
35359,1169.390967322513
73161,1261.6745816158036
21486,1831.1453936528355
70313,1820.6169949571915
90776,6672.2914719442715
6136,728.3259184129575
69750,3547.2226323376
31861,5816.887068488441
36219,865.4180115396412
29202,1083.4334412719213
12444,1020.1014318533219
2018,1350.2604338627832
62211,1511.1975772742933
72022,1055.9783274794354
79974,4664.648197734322
62615,5260.219117612226
47137,2771.7362712040417
66109,1015.4756962670901
93832,2892.7725153071215
19106,7757.27644320987
78483,6199.164041462323
31485,2678.7528831487157
94364,1898.9524169949364
94887,8511.170668110988
32665,1874.0855373488246
87286,1479.5230778824377
96447,2171.685816580677
1166,2050.1638911650743
69068,10373.357786494662
91069,2141.403354522997
32264,2154.7531847953464
92510,3622.0412839992205
11131,873.058629703792
18035,7873.587279788025
27562,1764.6378945883064
99834,1251.361075017762
81823,1784.9135673942312
98233,1681.3400701105938
74466,3086.5912581525836
75934,2807.5592527969065
85472,493.4342078483325
9116,3769.2653637472604
59650,10285.74294840325
24435,650.4073277518569
86053,1987.7565790424205
55354,2731.7595666835273
79213,2101.2691494045816
75363,3495.136143007947
41892,818.4780933785682
58836,3042.191349832954
95431,1123.4812771274028
62879,2382.2970096869144
42518,5859.778158574485
88969,3644.6545890067177
31609,3648.9451132001527
18832,3927.1393119590107
67540,1187.991788591013
95680,2151.8490726018804
47774,6610.984102970534
86688,920.1877195226281
80795,3493.2832902801215
52470,3725.7771766024307
28725,1526.3967461369818
5812,2065.23835519683
31700,3155.5194944290843
64083,1805.9714345670639
54686,1351.6083594518
12953,359.4051157949678
23863,455.9304721491068
35496,905.5482458479014
5663,5211.5918430133015
66067,2191.4210174727386
3025,748.3466509939866
97814,9663.617199043143
43220,3543.720281911972
23992,2496.0431991672763
20906,438.89590034177326
63017,1845.3397346326258
71637,3753.304097625696
67062,2538.0263847788524
34517,1677.5374181337131
27530,668.0850201050837
70334,1956.6747844719937
30200,3806.84603904616
24491,3128.3514039668357
80498,17859.463370658807
59786,3756.8450873878683
95206,21042.62012715063
84781,2044.4945277129475
53889,13587.685315581342
86205,2598.8901679014148
14268,658.137313318715
34934,3326.2543119054562
69572,1773.4957331488254
71138,3490.109271358665
85065,4285.614918649867
47985,2151.264382632042
97781,1592.1056939088874
49844,4437.827620276859
43398,3477.041261332838
49981,1401.8297448558303
50226,30372.75188924409
42478,1625.1483237032871
95503,7014.136055010461
77805,842.6550680580384
89050,1478.2358845420495
24791,1977.1025675444034
63921,840.8795694691698
20199,396.39787400986637
68664,2297.898317683615
44921,1627.7579606999789
23676,1870.4063156839989
1404,7256.861088862113
22361,1201.3821500792628
97323,2850.1703925454735
93406,204.095653416578
64870,1122.582781553644
39685,602.2186826003302
23918,3143.9404469254646
73640,723.1055437768719
394,2874.0109683413802
98120,2594.0730652107463
85923,5935.912866115527
96991,1222.3677648054531
7146,2276.011319894788
95608,3666.6873377227735
11599,13769.067580793075
79645,5101.396791466429
45517,2207.2925651887026
17466,343.3213137678507
93993,698.92116730803
89449,5234.190061401703
92586,1820.767646290308
23071,3212.1408308800933
39222,2489.999461222451
92036,6293.615003415471
70653,5420.078754857257
95099,7194.332283813466
45353,12013.802299665449
22823,5989.083520335285
78873,1254.7003173042585
38635,1742.5366789720588
91973,6616.478589370084
14242,906.6954921738784
5433,669.316024990672
39440,1433.9895257699782
85377,7183.688758945338
85144,3477.3898939967944
60894,2030.051303990427
74285,1295.8931930573808
81963,594.0729690389924
60057,1529.4739645295467
45969,1967.0493304931501
50740,1956.8573863114716
38079,593.161171018784
78785,3906.314045048646
77206,1044.3977963328105
12373,631.7372551481412
43460,1380.8441896626516
93635,5481.966843253322
8413,401.2137993088823
38936,524.6015957778349
26573,3475.7985240297626
16972,1998.631660402808
29896,4968.68168236113
23296,9468.781826101304
52688,917.7575636355037
46476,1154.876972448182
17560,2439.6715900954277
35088,4804.509367808561
90189,1573.9837288944243
13390,4628.153919304089
33513,5024.893616649511
578,6258.859110463767
75760,3862.078130588513
83548,3020.9005620630037
82062,12805.696400792958
74216,1563.7016635802613
37353,1746.0703501594537
95140,2215.071700175894
23327,6195.086147955614
87635,6478.06359732593
71320,2716.2480486794734
43246,2123.087853691015
51330,1321.9405514180107
15128,1121.048825065781
7383,4101.636331457077
63877,3047.78350180394
21756,644.3928659552327
63991,2049.62501167064
71261,2038.1467284509833
31143,2232.291289149165
32827,1482.86926102397
28576,2180.931969033457
98887,1169.8329463671996
37070,5889.571220621152
37100,2606.62427982558
92718,850.1195262266768
60077,3195.018377549744
80539,6020.961834767137
89698,8477.944366771808
15958,829.7111898034614
15288,831.5588193930466
28280,3803.266114534687
1793,4435.86039140336
11813,1825.2199171528464
71603,1085.6870211196783
54319,2377.6008995235215
32820,813.1383234127123
371,4273.203412851832
27709,621.9137498503544
5785,7007.176018630848
57869,3364.6879184517
18973,4803.072934993677
55635,7108.317761425364
56027,563.3263177527604
44821,5679.180919136903
15561,636.8482212468655
82555,1418.8177322624363
15404,1449.0291392457116
7577,2121.374069628123
69332,2102.1652731915224
72757,1787.172697857479
7376,15051.711646888436
28633,1723.1986035667403
15135,1813.4638638587646
27873,1033.7194173744547
98084,1901.8363666710234
83292,1738.0273924004198
51572,1807.5069472484186
94021,14433.164512289508
13904,567.2316409236882
38809,620.9983326815108
17928,726.9976528992706
854,2045.4672609611039
91643,1456.0528684755363
22083,1209.078155188394
5111,2337.1183681359507
67853,5209.827760686905
13401,1880.9780865555206
83514,2060.1424991034887
62634,9441.56505570867
68187,5336.566999710537
37729,4311.631311362067
46321,3325.71264671085
80216,1334.2522158351899
18215,4843.446101169922
52145,848.7753951155162
6653,1863.3452387462355
75524,6038.427307818415
84166,1386.4660273896077
99026,518.4237942040935
23308,3883.9241441138383
55751,2974.3046153656733
87489,3472.187018948776
96450,1130.7720109142144
87420,1905.522900863677
27322,2244.388997330547
27411,3179.8187804391055
77833,685.61051855565
93272,1997.516961353327
28798,5514.8626813441
3940,1159.8895273960436
43007,6043.821085355896
24343,6447.167659558289
25987,1370.6220640675756
14845,2171.572314905371
11585,3014.8625782774666
3372,2121.5632603096974
91109,5562.1762879620655
94497,6406.157536817948
4164,2035.710861349185
50115,1529.4070777088134
46381,452.0326367981636
4357,4436.43622525024
63021,1600.9377024700195
91163,3032.098348823338
15380,583.0128171265505
45892,3056.0151142684554
5328,910.8834025218235
82098,651.228478939535
64122,2372.6651549226945
98134,1002.2397378274264
55225,3678.5171176152444
79105,1782.8722440934105
17374,4616.743670701782
19477,3463.1267934764696
23973,643.1278930766384
42151,1023.6214316394501
93824,1698.2054338953722
82159,3066.850910176576
51573,2440.43083077437
65411,576.7696868919855
81336,12400.013158849986
63587,4181.179933411414
72875,763.1777486069398
4601,1949.6232175776775
19129,2474.2313807794867
57921,6437.372601359965
76307,824.1401549243651
84036,2684.281747289222
35986,5258.43070552171
24857,1058.1916366275111
63907,7578.450924267826
23428,3049.6814807125575
16429,5766.774533958734
41899,1938.6926008785695
8439,2330.0113601547546
65137,1309.953516887724
90902,727.3338311531635
89200,528.2007485800234
57733,2887.800046297891
72762,3592.4339488114897
21667,1671.8823448456671
97160,2490.2261339843085
66639,1457.8440685522282
37139,1365.0737800090553
81644,1487.1253655215191
22379,1388.1407692338755
94344,6179.985122558319
44954,4118.248564294486
35155,3341.673242810697
8550,1200.4005725522256
28516,11998.81880681363
77117,1911.2325623206473
33241,954.5028360178422
24810,2086.438764634615
97558,8415.857080415088
5103,1475.2359797759
9537,517.965303512962
36057,2310.168167754991
70353,2389.1306863976365
57851,1724.8306814373473
71316,6129.576277429482
81304,1621.8149579902656
95392,2445.2884358354304
65997,1004.1159931531174
88473,4574.067721452223
6998,539.0193851323073
13815,594.8574359108399
72690,604.461630751965
51591,1807.9527547156454
30102,1543.7857335495746
71766,986.368390255776
35003,1629.073235821892
81428,728.7759328111856
74850,3937.03990602964
25245,2028.187034920903
89005,3807.58165029117
33048,1013.7059073874917
30597,3934.8651039096467
35242,3708.633500498337
12174,3490.2713006099634
54764,1980.9830520019466
7966,924.3497985815058
51854,986.85760675114
93231,1140.7345747364195
7387,592.2080790507741
69463,507.3015672155292
74537,1375.5349862495807
66868,582.2826957254256
64952,3672.7307719871214
41692,1889.943106043898
55832,716.8309565327519
8836,1215.796069575059
29018,2318.929452272988
70969,1615.0701163042036
61007,1345.2224277649782
80951,697.8592342330136
19104,7671.576422196738
97107,2401.7032650264414
71486,5058.654664193092
80506,1393.2837407598329
49625,1984.4042135572658
86069,591.9658176744233
47374,4137.189022896117
85988,1330.8043127323783
242,2852.663861381635
21476,19199.858083327334
55212,1409.1983439122453
14631,1762.0670265983472
71291,2593.776895622276
85233,1880.6264192562057
71445,3908.08667009349
93743,437.6441695263815
17900,1835.2513249048784
89812,1043.9279843456573
44216,474.90130227661837
74881,842.4657771509391
90468,557.1250122639766
63655,4102.00076434864
44002,1063.85370522201
30317,2176.108995637434
23478,11822.576318089566
16901,4461.076336369459
51303,1609.0570679882444
51782,849.2611775585453
93952,11181.223837240823
26794,2290.2714866177234
68603,782.6955550145567
92748,3088.1480970479265
5132,1217.93357274743
20412,584.4887636262787
3738,1744.3559357592994
8119,5926.26316968402
42022,6314.191533567651
4352,3964.8153983522275
5525,3393.1433359548805
88183,6027.010988797442
97470,2980.1948897507086
5860,1171.622813519116
12536,3788.8556758114805
96119,3260.937922032514
62371,4061.180888817291
44666,1581.0738133021737
34892,1428.4073210353636
91221,11602.199984374054
42959,395.2686799696126
63104,587.7613729972643
57404,4873.159158785772
53490,2232.904922184247
91576,588.1212767422645
96680,1678.6147708870558
87942,714.7076736191323
38288,989.1590606452708
47153,2145.994593808352
40751,4411.7918932891325
99546,1207.292058752599
19692,1829.096586034643
68745,6622.92183184596
58162,567.4239732272335
8004,1129.561793553313
15392,1617.3815360221943
19398,1410.882898744456
78752,541.1278279774583
83288,2780.4185069396585
69120,6005.426401032558
65070,2078.1589656824103
96644,1618.6772647170985
97673,2465.233453374341
6500,15908.969273048617
74397,6227.4770616023425
31013,3130.1668325937785
94250,367.75833525112336
97691,2375.0146402554237
72565,2772.1844214011358
50814,3082.053194061309
60140,2519.7405862598603
68194,390.3138457353138
1396,1557.2774402340146
16221,389.3843887932353
84408,2713.7596113066825
71712,489.8646462430457
58446,2938.9490817053775
53519,905.2751071636652
14075,24658.494808681382
6482,3520.2308587153852
32560,1802.5556528975067
55938,2530.040499931241
18516,3447.252315137887
13829,5988.230349716963
27533,687.2475695098725
44022,2266.958771125007
61175,7306.610594093227
26721,1560.5300987134458
87078,1445.714206913182
10644,2898.360374114967
58210,2138.2554970926167
89457,1126.9015589315597
44531,953.5640390718874
14453,5081.219099936513
82438,956.5786558862683
4746,3397.8121094270687
13191,2616.9898149983046
94829,2312.8119127152722
93699,2676.8630463073246
1874,4907.032274200664
94498,1820.956472922412
86950,2066.736772890667
11191,1340.2919905786252
97479,402.49810397412296
62826,796.4351504165234
86493,2197.2551365566164
33741,1598.745788050429
54485,4402.918855077164
68528,410.1860485461051
89024,3465.0235455944903
70189,615.5769638988027
18703,755.8450258437368
51363,1804.6629343205213
88629,1881.2621437617127
63982,2136.9025265932055
25277,3753.9943404434994
74261,1252.2477421359426
94494,6526.862296254471
36486,3806.5764856439473
34110,356.35622225401494
14942,231.59354899944205
60613,1260.5750069973808
13445,2756.5092267181913
22339,817.732295363353
30587,4339.431870151654
90162,2750.4953331532884
32807,1063.7814906742774
50626,648.3882041063646
91270,2183.033406407488
45927,791.7192038835647
7486,1239.5016618037182
12483,2411.414651519285
49108,2393.6006163283737
9614,3695.5612462473628
94995,1813.8509467556387
14597,1811.1269595968688
80061,1348.0231712929851
62046,1898.5117275763373
64407,2380.955528390816
96786,355.5709556703084
67176,1058.22183058128
11602,2122.7622482259467
30535,1929.7728386537708
64135,4690.0235214676995
97448,5143.416139603942
36143,8260.546946320783
26649,3041.4100416061274
38413,900.6569129583183
77312,4123.618062444863
26298,1194.0502940184672
4922,2457.094771538202
11310,3686.8291772484995
44564,5444.264882274949
1235,4036.3635405458695
52221,3601.9802797729335
6621,2329.134071575977
24824,1216.6935532768066
4780,2832.949013464934
50345,1651.1298642356328
72937,1739.5377768835428
73089,4009.5633712775616
88426,1056.508097564625
15889,577.5623746581485
86246,2748.5307391939255
30293,1088.5721883908059
98056,518.0948050529757
70730,400.6395361845725
53275,1425.478242948741
50515,446.5844870479308
62761,9152.367989538498
41858,4559.2599216277085
53734,1230.008887374187
51715,7969.202126156205
71450,2389.3648746482436
47541,1845.3415819374616
45652,1112.7241878043615
15977,4376.733721188721
62810,2462.8316490205034
92870,1376.4982152674727
14848,3929.051883178853
12561,1140.9250397380533
74830,1577.3986167017806
36867,4960.820381379051
11735,5211.092180245987
9969,4082.645024855374
52316,3221.7881020266277
91600,5697.965710586379
46854,1704.2580659085872
47205,5983.909833827913
68454,345.8944505079005
37740,1073.6638986803412
18588,2154.4889986659005
25957,5233.814446641908
62460,2630.047864204413
34501,2783.2701744693204
29951,2339.9530987307435
2169,4801.620901538946
61991,1382.8492160112662
73641,2780.520686420931
11072,1457.4734122916595
98297,1133.0315892202698
62554,913.6562698564255
97071,1210.3093529786609
6635,705.4983965187894
15131,4616.0427774276795
46201,3047.7723709112843
86771,465.4807755360538
83831,1105.4575523429228
53577,3287.0822102181596
18461,2213.5503911684814
1119,565.1770001614175
10594,1403.6062152038257
55006,4208.69591235029
72685,2574.2820493265713
31216,577.3726432423945
50187,567.9500587565935
93056,2261.3744129569277
47211,1737.8911491124268
7385,443.02463754458967
29151,3093.9232324386544
17882,1417.1612896218846
74192,8272.32332394959
25272,1235.2743465124188
42961,7176.596946130579
62230,6050.315089757382
17927,2450.9525633074295
20329,2604.683485188558
55967,1114.445321402637
78516,876.8348084292165
45068,1297.638173490075
5978,4717.086148392162
11861,7336.7942479171
48431,3709.3566932097265
9374,3736.3702944404145
17425,4061.588782410929
10182,1891.3817761996474
12194,1547.286281941233
38544,3925.6432337849487
72955,3174.9920363644455
79321,2701.72841332921
8569,1211.6418750425435
97988,578.0702347244589
32309,2593.5503884893164
18412,1080.2030165541055
90550,2026.7113313988923
75754,3556.760764353218
87605,628.6847437905991
82009,343.61646205418646
55894,1407.0771471344065
5324,827.052715457911
35402,6394.4059312403915
8036,3855.545480897875
77255,886.3182199975734
45598,440.4193213347915
71635,1397.052784942486
81509,896.6245695660715
14227,12214.63858898912
85277,1385.6508995752329
75930,1405.1560651387397
87254,14069.779827107443
6989,1296.9756491271305
9999,5353.750119266373
99939,2187.1980539656242
25782,2235.7228463956676
50782,1095.7597046799387
45110,879.7223471334577
96527,1547.586721542839
29198,1741.1502565003084
94505,1536.9066018808987
82822,3807.6347843091617
38251,1642.2286955981067
23488,10245.251217836276
73853,6386.699998761766
79367,1434.887114885054
4981,2945.941494936247
74852,2815.3472507877696
68810,2437.878029860949
41521,3146.870020506298
6142,2445.7486319271516
24888,7255.64489902485
18144,1206.3897387791028
19046,876.2854528820317
62261,2622.703883017121
18140,2133.088924439471
65320,1716.4605741848613
53630,1266.6068692496374
82325,3597.742740072856
98311,1406.3217384269344
92910,8226.54686079561
42718,2451.293609497614
25926,722.4854293174666
4717,3044.14878813739
55866,1902.200366256561
38401,2174.5902734670417
23979,1904.069050869603
7147,1832.4271850139123
87544,3028.723593165167
13850,1459.5811603523646
78761,6432.166588735447
46278,1108.1029042981552
96149,860.2099444877382
54142,1740.5421732702384
78479,695.8500552461995
71914,619.6482750974837
7479,1408.1197831566915
71855,554.7847271929055
83865,7578.560982317448
19881,1669.5000239253015
48260,1385.3083224442717
44632,1238.3852735627956
86639,1509.2580479966073
46649,6537.936869441219
40430,2861.943477657354
40098,2011.946776156273
81564,1556.5223282852214
13333,2237.190126836353
73154,824.9848872141831
82677,967.457845130836
72676,544.478867308707
645,1423.2625349891646
65332,2024.91196176185
36644,2870.6038828391456
37097,704.8766737015969
23427,6358.406861572428
68760,3176.2508897901644
88651,2626.705877968564
30101,8241.844824291622
72535,2124.226528595586
7500,2075.352040320028
86332,2901.7947327585493
62686,509.8565076378671
43779,1111.391137953077
72966,1287.035990062443
30854,3606.047480811535
55346,2859.4750537805153
60966,3641.397723226505
47854,1226.596410643886
29334,5627.276181613849
31388,7019.289473023756
76052,2169.430799404498
87692,1606.7570114994828
7367,5581.099870215756
29830,825.1295464899961
61322,1849.267362479739
7457,2327.074118333065
54812,1498.2881177138659
57004,7352.162236887722
80622,3297.525354772213
96819,8266.522621405682
95127,1377.2609380962788
84933,9004.299488197694
78049,2191.5733977940486
7096,4594.034498803035
22253,1993.171985280151
45957,2203.9097903771444
622,2272.73602609863
37979,4282.952190979401
77273,7299.861252534014
14720,2124.6738441687426
99975,4941.172987407699
22254,768.5431601078326
23809,13693.909666354375
81951,929.7531858255147
79030,2259.045821533349
49591,3624.8741101880278
62481,2028.945390743777
22885,2186.8037494093337
59411,1167.0957613622606
48653,2096.987820917614
8427,860.7725689947881
72781,1177.0348908066576
36093,2138.8785719315015
68395,2493.6397148872147
28704,2606.9444213715083
51592,3348.3594996933202
82152,1283.6299684730986
99480,2518.8287077301106
69137,1524.8450048062327
79090,1975.4796071471146
61516,1782.8099843950426
93239,265.31662709442475
89915,3044.602497163934
45962,2541.3849711029998
96838,4620.291818825006
70905,974.335305781684
98221,2990.925047453302
634,4351.940653121654
45237,3358.380983113449
5035,1067.6975740818154
2557,5548.4780378748865
95567,1983.8789830363273
48466,5883.7541262457235
33147,1475.246894503827
18712,5095.813549248816
8894,3908.7717459842142
19441,1574.7764351820522
31279,1165.4935695855936
78885,4645.639462293557
95317,5112.306360685637
65668,3526.0903013795746
77102,695.4910590951232
10613,3162.8792987124843
33444,1628.7778869927076
94555,1088.9807409687635
62986,460.4555908931869
4498,1555.86056613658
8548,921.519444205872
35809,3442.0659873601494
31640,2332.456047028411
96315,381.2364502701636
56025,1261.5994025078576
72126,1784.8108959973813
28050,11893.25412560239
45682,1235.9164689796928
41809,312.1392990992697
67692,4871.003379728242
11783,927.6893400069387
77063,2259.8093781950233
90743,2495.057475975491
52150,2182.964800944328
91288,352.2482926942416
95958,940.1032630453723
68403,740.4792809924013
56329,1286.7060536905415
35973,469.7576385129276
84473,1286.2621599339816
55576,1400.8354439795016
13960,1885.116714787475
53824,577.4933477441222
29062,3418.2324637874376
10721,7784.86706565679
55794,4667.482852230518
34270,546.4755025804304
14159,11683.784112422476
34461,1406.1107298985773
52939,2778.8413659785188
15581,1350.9610523118236
8540,1756.3658020829782
95309,693.1518140571246
78086,1587.7615348176475
9339,7906.0182138727805
36508,644.3315785637716
56119,2771.4901616895827
39441,4008.284661319009
95829,1831.4799544968387
53590,6174.140088159979
28679,4033.3539697636934
31523,680.8405100857381
56291,2301.9245248603124
68014,3826.1775073637255
6699,1782.7668666563738
24949,2552.11862395712
96274,1519.830015473965
1958,4845.480116389755
63851,800.3935807691038
88839,3697.972172498667
72732,5604.989943221601
80618,9654.269885457974
47035,852.8320829508216
93614,6108.943270600938
1196,4189.1007263050615
53272,5068.655608833
14418,2557.9796956146392
31313,1659.8479885904708
38365,1915.9199111158714
1210,2401.063008004391
85608,3385.034953306006
53805,3770.46124285401
67991,1813.1720813337345
38078,4120.547290139665
80009,1444.277071024493
78169,2321.1310302451993
56422,4256.125054077205
50192,2222.4407861834666
67778,1063.91796375594
66682,2515.336034184929
7978,997.6447613025928
77866,7113.028760267567
76956,3789.7336202215706
46558,648.2045715949574
51292,1552.6013437602965
93138,1685.948537481628
51581,6109.961374718135
93115,2421.7844063923353
2816,2839.2220856999825
97763,1218.8722514050653
78365,2798.0967059822733
44209,2056.976248980495
12624,462.60524483948984
89000,3293.6425701674284
53455,2373.950985083661
22202,601.7211944450573
45771,786.7855826265979
3989,1342.6342361226784
6916,1273.4731413931254
40839,401.67661185040447
77963,1039.8422293268052
37497,1093.7210705512284
85832,710.922993582743
7819,321.72200451459406
53922,959.859769513023
83667,1344.3775034167359
1459,7192.278137690939
23334,2660.072332650607
62557,1280.3819154352295
68975,2212.540134698417
46758,891.180495352117
18091,983.1681594636675
25915,2636.1978515736323
39790,3560.5431544009757
51123,1949.1668796775416
64170,10651.096559733343
70708,5408.516856533734
18958,1261.5994025078576
35325,819.7863095376571
55588,1498.4176518418599
45733,1645.9755769783098
64462,4226.62464080387
10678,2037.8971698950193
48202,6282.426615339534
56404,1828.2248981447049
94712,2454.6709557167023
26500,7459.025768371505
95666,999.0602602210472
25434,1102.386465900141
69122,2599.6192389675275
96673,923.7424527795182
25812,1822.5884398901824
60067,1834.8064240095632
77773,1179.016264062067
98085,4465.6041009051605
35677,1767.875103995592
58223,2365.4902999651417
50858,1923.1989117668331
58841,2931.0235830420784
92839,2195.658790652792
8529,5891.741147679493
80507,961.2414788343111
65988,344.8193667075793
17141,3856.5613515820446
41326,5426.486969950853
53517,794.5795723724435
21276,1460.0031786272746
48517,311.6074160515993
98320,899.0226692991188
96186,652.4794735545894
3292,1292.2059993852768
1440,1378.647786432637
88157,2132.2279957548935
82077,2008.1184819448144
84343,3409.931932112329
80553,10582.170426062987
1001,1159.89813843332
31166,3335.509763562426
27497,1538.7059510595868
9675,3178.0446751590684
36715,1062.9739751361321
23829,10433.686798012512
58951,2031.1740249684942
39072,635.6876338137772
49435,2982.8802379118324
56469,2581.1097448801543
23941,4058.1045090424386
7602,3777.613151737457
34051,9369.70201597223
70747,1670.611263983049
37914,2562.629454372464
65652,3282.8424945213824
62965,6891.0576406369355
19288,3486.7930371510547
47172,3667.278350448597
89573,9913.64088810611
59634,2494.782327104403
95880,6368.27762472557
56115,2506.9793591682455
76037,6060.716878445808
13789,4019.4823148388564
40882,1423.6584582810597
13557,863.4880723940928
18989,1393.8967914301118
62942,1019.8218500436451
60426,1331.0276597014592
83213,3183.402347527546
87538,2077.284494729198
18680,3423.0373287892867
32379,3431.409128531256
95115,1377.1154818885975
85959,5906.430614833533
17571,5586.826889867033
34712,1297.7178464162225
74482,1206.0691814980028
90410,831.0286972122352
72131,19701.935378250015
63709,3131.3170510073587
10586,1145.994546356811
88110,5643.615881877818
56829,3883.8261517573833
45436,686.773673361404
34744,1894.0964213574882
26091,1797.0261948441528
3124,2767.407905908906
82267,2282.5219624702518
62255,991.7764550571117
19876,966.036385852035
95129,1507.6928877943699
1093,1334.4892755897831
70398,1695.9443909983797
52340,1484.7959768385504
98758,2472.6132491177955
8710,2222.7135347536782
54688,5985.301862167344
27147,4804.176317315431
73075,3384.4191020184867
5457,340.8310942511931
69720,1300.7539266015344
29763,2522.3312657593656
60661,1736.1111602245292
22156,1385.0667672215252
51477,679.900317018479
67482,1319.5186653475928
76828,1262.598125960906
7523,2459.686674882815
99342,3277.705639739422
97525,1654.8343171246952
26319,7709.330990386549
39875,259.8736630868131
74954,4180.265268235458
99826,790.7316706798641
41793,1096.3198018901371
90023,641.3300672691981
14152,10991.172982391374
78731,6165.150589999465
11169,963.7127602772626
98300,1858.478346370925
90765,3291.5797981376595
3160,1009.3120461833311
29310,1345.5726942115102
12110,9144.393349097616
99822,1505.7866178611398
33025,23497.90822349568
55049,639.1284128887556
83139,2948.583086302577
10560,905.86057217991
30905,1863.4156840660846
31200,2152.3676925125374
90749,3519.1116027626076
69099,800.3681574504784
82876,2433.2909657165524
63799,4583.721873902049
13217,2494.394627481902
45036,1018.0397462512467
54250,1742.7354109141909
67974,3497.042920705669
6915,4558.457404295618
25144,5163.859176260443
64288,1670.7113193829023
11344,2858.351058613096
71534,257.90752922540486
27732,1782.1542900186805
20258,2886.265883421705
88253,4078.733678746983
47592,1303.363221880696
61814,2182.3768844390956
97855,2787.7053422279396
27766,6261.483435754178
7882,4230.5293969268805
75217,2223.7714143931403
47501,4362.009010416125
40386,2775.6047362623967
8269,1091.991405184974
20800,1890.2433316885051
28465,2742.0547601787994
85755,3959.558107041824
67790,1390.988898146531
94800,6019.376285042145
75133,850.9846274354853
54841,1345.0199089109342
69198,3182.1530059061015
24836,1155.710066870489
44283,7159.616573554701
44139,1291.416523064401
71963,810.6952231527066
52351,5370.927975409203
34759,7126.547765171871
80387,8880.863101988447
2294,1175.5034213722163
94254,1995.0684001600673
920,3583.0498792234853
41233,717.936385006949
64470,6298.0368749640575
9143,502.5065574379151
45334,4991.305844831526
93029,5973.044464715944
52718,2184.125943529052
57929,686.358699516099
5493,2955.5130282386035
6392,987.3071841167816
52524,687.8238024931347
88048,3296.821374564822
66901,9961.727786092792
6655,555.2487639083985
92125,993.8101648035858
49110,3083.7918037448003
96638,3602.7154998940905
17504,4145.03548336206
28340,3255.5706705254725
95873,4832.95595285357
22459,1806.1164024158081
39662,1841.294800452631
71952,3691.285611400721
40620,644.1856378988853
99264,918.3050117635787
51939,1256.122793298636
46450,874.0049207222427
93611,593.1346054813599
94717,1255.3895047118363
29324,2230.9214964411817
98103,2346.4925942638347
49869,2469.1173347404983
47866,2643.140838909953
22337,10082.693122635745
96012,559.5084858892527
82487,2410.7179934855867
17286,3287.0590375730976
61417,1314.0974253567113
80305,578.6563347780664
12749,405.27412338896454
74829,5913.52973383734
12438,1077.3517329033714
31252,8192.828108868724
32924,502.95835587964876
62385,1149.9824892835898
21027,1120.4438991585223
69218,5896.077301101091
49985,1545.5780728340176
56013,1046.1523960039729
68737,932.817493298505
83033,3845.6727695434843
21640,1617.3103075176884
56474,1636.8669099763006
74861,2670.310005874219
74116,5369.579388384498
53554,8405.688700896757
1516,3803.437442282429
44671,1645.1196712341123
4951,3743.5782595422415
31287,6071.30995302964
55508,486.8679468015592
44461,1113.1561136774487
29677,6704.9402837011385
63255,962.8729808884304
9524,692.8093586180764
52671,3900.5123752732916
88320,2044.4700289831171
36687,3597.3440317438226
19412,1302.1573494488293
5279,1559.3475857735268
16222,9041.333836537335
7019,45774.643365969205
4526,1023.5715617992078
44610,2512.2555991346267
82970,1077.4840050269588
83245,2550.5507129075213
31779,11656.336870688066
84519,8425.301394947968
37844,2184.419368105505
68511,6233.745847886074
92732,3356.1277438511434
29186,759.5683918913035
62702,842.227328179429
42656,4215.885213301668
70358,641.3113775604863
46227,5094.2177055732445
87393,5276.311420558298
14270,346.0240569628092
38443,3856.748226728849
9723,716.1617499570543
27975,4064.7407479318085
44948,3526.2735068043826
67861,1192.2186573912443
5864,395.40580125688587
87723,16229.285822071719
18118,4032.777993149614
24785,7998.006033838052
16320,2326.3118167795005
52789,4291.329389515666
14971,7146.295734372887
6684,650.831995439024
99247,1508.0588348220194
75170,1615.4445680576175
59510,3169.6674960621326
16638,1238.3101022836206
21222,3678.708725275305
20615,2931.4739447162247
25705,377.5444956080928
79631,2897.6359389217337
14481,905.7586556995656
46794,1170.2902858026978
17130,1118.1099011975768
82635,3395.3898692249104
87645,785.2713240308392
37813,8286.93047705323
67172,1450.7309368609708
60002,2629.352647295455
35250,1734.5579611322098
93747,940.458512389065
27406,5455.14401609906
18061,2575.662058185527
50880,300.2761628876864
29480,1186.9125651278189
72872,1116.5181886600903
96079,2277.418488775429
39256,2831.4338658993142
36520,2014.2279235711244
70297,995.2994156157049
60081,2103.809123671692
36289,5728.728998577521
36099,745.2100986051271
4026,1215.4821734615857
64325,1084.7885665743584
19400,4936.765215709465
21670,2628.665440339594
92465,193.35854497467813
22322,2021.444646404148
18552,7416.602141987579
27846,4037.96028275335
35728,1147.603533438995
99785,1603.1727883159906
99149,2522.4055064547288
44660,1416.1829622153323
37299,4820.94099133028
87120,950.1755607324918
65099,1782.7161925629996
37794,1895.935450449658
96966,2379.409977255123
12611,2894.881322751332
50242,1478.9217027332693
96062,2610.504131777206
2478,1052.9283775704475
42274,3289.8802018189485
82371,2596.0228735401665
14955,1851.3327229306983
96544,2666.3351125698778
90516,1474.834278593961
10735,1569.0911327600454
62035,1011.4936294969177
16048,823.9037259395355
13999,892.4057761665347
77159,936.9553466724236
13239,3954.9552831243645
8328,806.7611630357382
97943,3235.749561853687
77817,3228.772108660312
31240,4092.314145480086
44934,3218.8355903348915
40319,770.5252432103514
81758,5147.749159305712
34497,3312.5018011444104
2047,2502.06746495203
35110,1922.501313342395
19155,658.50025086854
57312,14211.7079495198
29447,3763.3255381407776
67456,671.6114308188842
63965,6257.743378515395
28481,618.845527527797
60598,4105.03935043168
85384,2646.9133179953174
83220,2415.1389222403527
17843,508.2038841786292
9975,2088.434619877584
28057,3811.895529932656
90853,604.184253961116
4234,1261.1157703370752
8749,6036.242494598292
30041,1532.9548764010212
63564,8831.907976538976
93892,2025.1456304869052
64413,1921.76566469692
70028,3422.553564305408
15650,1340.8409265855964
88752,3319.1467935017536
26184,6091.388147191266
39851,8870.63570250668
17375,811.3604795363442
8723,5723.970993336324
56132,16750.82656597623
80699,1263.177412545632
9193,910.8645789684858
55785,1565.9953189807306
37612,1217.5535831826
9387,424.8198927587909
27705,1820.2315616847295
90374,8489.185670932691
79624,4370.020481048273
42835,1909.52163184076
56688,2515.767776804935
63672,3988.6951649662356
47102,2221.2277644091955
21489,678.2588966483917
71021,6931.117212933859
40233,428.74199309736235
73329,2153.475082893153
75818,8348.157782051961
95020,617.3514620353166
8145,3582.4845449253335
86330,985.227302948784
72735,7194.701656043728
90039,2401.3672449610526
853,5343.434935447159
80211,989.6473393431426
35528,773.86112092502
17810,1069.5133454786737
38861,1252.52005180935
12718,2132.3647738332234
54163,2644.2116623744237
46530,2177.219206021269
74837,1386.4428653646726
67575,6104.468147448622
25713,14371.867894685769
47024,1944.8381854790107
71044,421.2710671546388
26919,5557.832997919586
42995,1053.2892407994075
94580,2868.113959462823
35333,594.3220967446769
24747,6948.8451601801125
40564,1299.192208846718
64628,8565.683865473571
86322,3013.7933169117346
85673,2605.1011483315133
12622,745.2192990036173
18750,3830.8437958062773
41266,1744.1842868167612
70785,7846.199697934583
95237,4863.504118472876
84828,596.356302668706
59417,1524.7847155946
36168,3234.670087056257
81858,987.02743979866
89931,6013.174938816904
98570,2709.3324328297435
74906,1472.6194344199466
33646,10142.090626779198
46932,987.9677712197777
16609,654.1382556095896
88036,535.6326000506778
12153,404.8135467517
70719,1761.5881045733915
58506,939.8872708182857
14002,9781.552873745317
95974,5814.2641592495265
51002,733.3093303372458
65330,2409.570551234594
16272,1834.629897035654
35698,904.7245885435514
69163,2866.5868426179013
22167,2947.936664116439
24864,4750.489253918146
55692,3352.4371633363335
53447,14085.693909098078
65035,1323.4975003949503
14708,8473.425191038814
23164,3889.8689382672683
53573,5615.589310064097
50662,3698.5866774158853
49401,5386.1035082930375
12757,920.1862034444674
86579,3483.369718439032
29762,10661.013762363706
40439,3611.77166640111
51987,1463.8747842296123
53252,1137.7777987088082
10911,1478.7496235336075
14588,1513.4935475767804
70553,505.6891577286615
96606,8841.384194791617
24342,1907.5578123622422
74421,1218.7723468670808
92540,2517.467683136994
99031,1900.227194385641
80624,1396.7790297713773
90040,1858.4363052058259
98152,1383.0571388112958
41764,496.36464784931894
47967,1836.4638300127913
35710,3238.997889741983
59461,1790.2505420851303
80218,5754.357536585906
56522,2463.2916781934946
67630,706.0846549419318
78562,226.7668901321611
2742,939.2248367828112
35514,2787.8459519592966
46945,963.1323212840509
61844,2832.1320098165716
70924,1248.5057231592089
89731,3855.785376782963
3562,1088.427959370389
52508,1450.8433434608392
51150,1435.564329899716
6861,11959.80526874839
47296,1483.1875026159294
31391,1676.764367298872
51760,2440.0765014300337
37984,1133.2099714640242
70662,854.4843292190292
92993,1126.0697001631163
47220,879.0354502821011
44168,2162.2604684798516
87963,3187.0034147801975
91567,3904.7393198058257
13550,993.0251586746855
42491,3598.6846486329296
1987,6227.621545399791
63210,6164.466581907228
45075,842.0709037451171
59851,1381.9898861639504
84431,1182.136972714667
91669,8824.240650645517
5656,3801.4785470241673
4612,928.0798407969338
97204,2267.9403339088626
17074,1547.3045479674925
5003,2544.043296316381
87955,1708.5640576418466
2266,1559.6796944618252
17609,3485.9546570016178
46731,4225.304145958566
44445,646.3723188272941
66561,618.2807367761724
39531,1861.3388824148788
78671,2649.621148074669
28388,2285.991486032461
98802,3212.070423913283
28198,2089.4923770551804
41834,1799.8721706286158
52559,2990.1860703269563
67552,1023.6675711072281
70493,1857.424756483505
50307,870.9522849475754
91808,11187.12437475532
5322,1001.6480741614482
3953,4849.523065514798
37392,1622.2134910044404
35269,5514.6324794164675
49778,694.2138901798351
75855,1375.468804042947
83803,5272.7744098233325
20972,647.8198786737257
70506,1204.9597330087195
95432,685.2928215242925
82125,925.3158012647747
72731,3181.0855605263214
7188,1079.2534619015225
90482,2029.193991831008
81451,4736.217217683003
9280,864.5580178531363
6877,2426.1250297021047
27113,6032.389642562731
95960,2475.691219265741
7072,2047.6277032782587
8914,4002.5206813373907
49397,868.6703626811124
90087,414.92548790689756
36536,3691.7856463902513
31887,3923.7285988363
72881,993.4641727501053
84826,496.84690407666676
51500,460.22120780803954
83198,3039.1467801708295
30173,1282.002184751285
84594,5092.003444706802
89339,3328.2140903977406
66893,1435.801607009106
92774,1992.6053536548284
19045,1998.014025890068
33977,1867.6214483232195
22024,1705.638704480474
32965,2056.744129724084
49563,1584.767663577766
12578,6094.866731085844
93109,5966.909923663827
69326,1536.0939718294276
57034,1641.2689516962248
6291,2891.0610433828715
10656,6005.595104288353
65692,3401.357348163378
35167,25320.52055007012
7382,1741.8518271417988
68332,2939.5284515125472
27550,3147.921359028254
6051,2476.440600706558
36373,3670.202477300358
18337,1528.5908208501949
2970,2196.051799977251
47902,1654.3196784779004
87960,2374.7381079133165
79768,3524.807372301037
67312,2171.4838043534
27910,2239.7463499420764
95973,1110.7467051751523
39384,4407.752194681851
12408,710.0252033396083
23479,3285.4592723390247
96041,3668.8075702208353
1451,1452.1379071615268
54081,1099.4888403358543
63886,3312.146159567023
32779,1645.8948716705086
44165,1195.126540674993
50911,901.6053799727961
35025,4748.334801093517
66110,11009.870685375045
79386,1103.6194409875727
37833,8603.876733626488
35217,7531.785236756572
15817,1762.3381143287927
95624,890.4350935714562
44061,8715.420456706086
59738,552.379012550156
3950,798.2742706750142
58518,3514.509653846909
44871,2623.919828223781
13464,1570.4566188847973
50451,5311.471960512027
9470,398.6062129993707
18582,2217.8526628526542
53432,2025.6411919146194
16368,3385.990760438034
25534,3884.9847332433674
64293,3258.6511978313465
86833,4387.726711898396
5202,6126.383379585769
35159,908.3737407896548
14770,1619.4532027295031
96271,632.1482372554473
13562,994.5811122502653
29855,1091.221382994314
84256,395.69742280985815
28071,2014.355147784432
48138,3655.834595246246
21407,2436.7542358011865
27206,1043.4915725711871
78823,2693.01070745624
58871,2331.5609444323522
42748,570.277552231467
99271,3393.807432629053
64110,5024.015719782786
39401,686.2709710693506
5685,2381.3094252464393
89260,1632.9284040184705
70333,828.9769992377643
10862,4030.6080657524094
53732,2041.2933765619714
2389,2686.2641784483967
17752,15974.791847500468
217,885.0700961968264
12471,3620.286677742959
13584,2303.6888580715968
15940,2425.839788326379
2327,828.6269369578483
95678,1736.3221755671311
75595,2522.873901418406
9977,6427.1106215051
28484,2822.1830040270197
56575,5676.14588899815
81922,1011.6397223630316
91068,3997.27124778284
93203,715.3156495344217
94037,2629.405203270476
97166,1906.0392852305474
65362,1585.6625346976575
90547,11429.584910191576
23819,3906.4107708159095
50867,653.5987013417256
61390,267.1957212038916
40900,4004.053095858476
64240,1556.5746293474217
42638,1368.7758143976387
65325,3512.8695039301165
86464,628.8822261330016
73660,1383.0266229158988
33469,687.1483672309779
73423,6660.443098206903
55773,3024.0423626090806
65549,2105.1231820344074
89350,596.1845353864487
26738,3667.4377612351254
89328,2051.534483820855
8517,2160.8793700697734
86667,1086.7560042394339
47462,1278.2989518731458
78291,9608.521849685925
6769,15399.062032566148
8969,5737.147690249471
99560,1432.4599987445276
19223,1742.67555810101
25372,5796.426688108563
55991,2071.2859975275933
6124,7071.776436777629
46820,910.7588751126847
5626,2223.155437048515
96927,997.1506230297987
87585,1885.0502018886361
29273,3335.167847494545
85620,4537.930746601633
70385,8251.492625483123
58371,8752.52502808707
83839,2050.8526726849173
67243,1544.296387010797
39659,1095.548929341286
37893,561.417545706833
71204,2326.936431772234
6726,7608.80545306083
53857,6108.361483347593
23220,475.0944245409827
64649,930.2851334894905
40778,4086.9115912119973
88636,2196.331174878468
49485,1245.8957465632554
90958,3455.2374717349985
22118,1022.5126349982008
72936,1764.8853282790894
7838,2448.682237534788
65673,19417.604784188992
63411,705.9055873183617
48833,2649.357822115401
71354,840.4178477359693
71347,9855.012917807091
10676,993.9609093445827
23999,7598.706285992319
13658,2625.3930767231354
6087,3516.445559906487
99419,6140.829562160567
54433,975.564179284506
41064,1375.0079433950718
10659,1063.4404497681621
93107,1605.2310109082425
26540,2049.4585869124344
93092,1857.3132342915555
63133,5287.632207400352
3568,1905.4546525134065
31220,1439.7580741217241
33946,855.6083460653199
80810,1496.8924715568182
81475,7315.817828569273
44338,4160.196505122064
41781,2074.5238374497117
49616,4069.7768284255512
80160,3596.8610865920186
17479,2955.1409942599557
60998,1777.8041180233292
6360,5761.757161041136
49456,2494.669442737675
91065,526.691521734143
75137,1216.1863412350885
43248,1219.9478545261181
96262,2277.548901967312
45255,5000.605367130152
88962,5715.694622949683
45441,2283.498515545945
80659,2752.046598285552
84537,2334.071443978256
29355,1022.2554662084849
63619,1430.3023477408065
46744,2512.873633943063
20301,11761.087728283195
80955,5915.40836536166
5971,2797.7478800294984
29611,3367.8290001840865
91685,4297.827524083051
47167,822.145624552395
40756,2070.07025430629
73113,3479.6054751860397
39788,308.11112027130315
47106,1645.0887221271626
19483,1245.9193926679234
65265,6914.386974472045
34181,1786.0529900650486
14044,4571.227613677353
12584,2291.1882125131788
76578,6525.596842978566
27981,901.1399175168011
78211,12398.010907716733
32098,1710.782724568165
57591,1037.3866684227967
66844,5926.521363724288
51426,1058.6040951832003
42510,1376.2965864351213
6721,1527.0250002275131
14337,1583.6607696412245
23322,7183.860629861179
33805,2389.3432056296183
84190,1812.9796057758872
56015,3611.609080890055
32547,1242.058550563866
41967,2622.883996022237
3220,3212.0870545677762
85975,6779.481985275719
4396,2679.3659987187425
79733,258.9755835901076
71256,2878.981398532401
81273,391.6409389280377
67149,4681.439523053622
75748,6709.670914019606
9354,641.6606361284043
17254,5040.050296347163
89084,6562.916616603052
68521,972.3933557472161
63736,1479.1168516549217
57711,2739.5323223759765
76914,1642.1886691748894
11701,582.8434140442859
12936,4826.916811375355
30832,1265.6468794877578
21595,11994.952476350236
2674,3412.3342339032197
78608,2552.9063567855173
1859,2237.071372568455
37874,4032.350690047663
49166,5991.57811412657
12969,4553.69810819379
89569,2603.3331034258367
50912,1473.2205750710043
55560,342.2751973965392
79283,3177.231866506542
35020,5122.063288869564
43794,2630.209289274621
44802,2311.867527891056
52036,5505.511797297736
10973,1754.637651317938
60147,1124.8921079565362
49059,4681.697910565503
3626,905.9965037048585
33036,998.5235360065697
82485,1407.6578063992913
10455,2183.601871812051
57731,4215.422773216328
33162,4865.370579148338
97772,2382.848889012048
88800,455.95993851943115
73835,7360.392234697393
45081,2875.8092566771024
99001,8020.632716836363
4594,315.27381171384235
26450,1339.1271834403665
90264,3053.281974842183
62067,5033.137442741671
30224,4456.362532853577
99255,6950.692737553074
18943,1136.097944954219
54589,3404.0665394618713
93840,487.13053515410587
94513,1087.7797795302065
61047,451.2601059170955
38606,5039.3136315065385
59283,879.0836389815643
63089,1072.840654265395
57577,1476.496881075396
74495,1850.63378840268
59719,2965.5125902195196
11683,5832.444916143153
37957,7726.049236777489
41660,3438.74460827716
98803,1250.21485888447
81566,2684.343410334457
121,2660.2661228552397
74943,985.9669622477526
3050,993.3601563665127
99709,8640.356232038059
27239,2243.7889177248535
53985,4554.453087927871
32667,4188.96170959636
59394,1948.8060628383944
8428,920.165109544617
50823,1713.0190937737113
83702,1824.6802243605825
19305,824.3177089512754
8955,4018.176462073819
30326,3683.2302591509474
53337,1528.4463037952437
24702,886.5095832924025
6795,3419.33627036812
77823,1534.1016380290778
13880,2239.2925291376873
95805,1577.5357267101608
3279,2339.7553773474165
81431,1021.7375207976378
26797,1345.5382565378254
86080,1864.3370790012561
57191,1214.5138446116148
85793,3613.635359160017
23432,3145.9481455421005
96557,504.9135302185987
21836,4441.894210162022
53542,587.6144842387653
98865,2703.971778490401
28158,7165.217144747712
21146,1220.8685429460345
74359,3040.0622581934163
10232,3611.2400107850644
93155,2289.9985505020713
80270,915.9413458457692
93305,4413.970274619733
69321,445.15295929467425
43251,12725.417294341054
20923,1385.6961073337081
1387,2174.7382644786935
41259,7727.653577369571
79193,1254.0049711684587
66521,2633.705150021602
7947,1818.757201793587
2343,960.2009664530051
52321,2419.91071452597
25742,2077.185033258966
48646,2081.711214147775
64882,4302.1533753316735
66176,1828.5722799888442
74827,10561.60638195907
14202,3920.7896293491754
28133,1339.9720573701356
64514,1528.8604822767145
65785,4009.8697129802763
66018,470.0437754528473
61697,1406.357963250964
67061,1382.8376162412217
51838,1351.2738294666965
64115,1721.5670266490984
92779,1476.6910874105151
97454,2544.2624284922135
8009,1545.9671535172495
53644,2023.0440238855763
97189,1973.2752706156368
21439,7583.389105454333
938,4313.420520791641
39096,2686.888600378387
23649,2215.958540477344
16719,3652.642700445929
1837,1153.8902074113234
22626,785.27968294099
33374,1397.895143460182
3877,865.7528427393253
22559,1036.5941367516637
37384,2807.255848962659
66950,2381.098762562154
20143,1226.8590659862834
38201,3598.6937282204667
70231,2379.893715378236
18449,3718.7777174718335
54034,1370.0286573410892
15637,3213.84888452315
18894,1419.6489375021993
63998,4372.614811454727
96573,1584.1609054397672
45941,2734.759932063143
92727,1618.707243839597
94211,1907.5022481329447
95517,4540.44058121269
97472,1031.8634413565885
91359,3742.660698843856
51366,8922.612136487105
76256,876.9269981762235
47815,4244.722567731541
34690,1709.8006950770096
77472,667.5004792522162
75798,1537.2736745230131
55214,3512.476437902994
67946,946.8330787425764
88645,1103.6368134965758
27541,5915.099969114801
55488,3131.100675926582
30793,7175.598322255084
17000,989.3721383531679
62077,1002.7355993063519
29363,11773.611903719097
86082,2382.462234466622
1801,1556.8475640013685
90038,236.6923704604589
8391,859.1372271390169
46629,829.6566742894024
83199,3426.059285008825
62722,6989.620484128544
40034,2295.9902750107267
48813,1539.8172764274864
25408,3717.165862072639
37080,2892.454606182375
5264,2859.4341508309126
91209,2135.4765242004287
95162,3672.8965003076833
71636,1965.8232212671708
45106,5171.38238298811
25041,7514.613528992647
60368,1813.9893975945668
22466,4574.931834641378
25841,2854.501630442929
13595,771.1093402502386
21451,2851.6749857208833
31727,1629.4901492358717
79062,1405.6076303206803
17587,645.9080097312298
92289,920.2994752051784
69686,8188.867466304709
4960,3193.216894260779
93457,4990.081745396658
27188,1012.8139125870833
66498,2284.4364853574484
69595,1100.2638861564913
75965,961.3264721800389
16021,1168.2496137078076
45366,1636.4391863192727
89607,200.50008205341564
10777,4605.154162990984
77400,4459.022179525164
8276,4032.728742459099
75126,2960.5547794253466
86505,3545.440842735532
67951,753.3154735723606
64862,595.7119048852023
83331,1207.352909953219
54416,1574.6208315157123
41924,1858.2166106783843
77175,3516.7058268037254
78969,1338.7357985146218
2383,2716.760595239483
44967,924.7385210378693
78517,2451.3826893563896
85181,1392.1600627682851
46499,10380.269083234127
92255,5431.9674480841495
36666,3080.933114109602
80779,875.1920198347427
26664,5051.988952159374
31298,3419.4817355036066
44684,314.99337013565514
65502,3441.3865491575257
58873,1967.0860965896409
26186,3671.2411262604564
99350,2356.6236248365767
62488,2168.547396896572
84173,3052.3414220216314
30025,2467.4116846742672
25470,1863.275730484588
4902,4883.494318348416
57702,20159.800510017372
80538,1330.0185672574837
32975,3567.9013051727284
2304,2543.283580506009
86134,681.7350760246645
3681,3685.0767063874737
56889,1363.4790752246754
61669,1370.6281930745222
53927,411.14150014659543
64376,1388.7458587737217
61198,2913.3689886996804
95832,2536.6097705391953
59226,1084.5107196596775
99598,1205.8955511422696
68108,1760.0156299755772
48771,1369.904915954293
72555,906.6726187528348
3961,5234.124253629926
17364,3073.1517371762075
56838,14756.157280802605
84636,820.3499198476645
82681,2434.1924534455334
55209,1500.4325228531154
29245,5430.3374797551005
6488,8322.404754730398
16420,383.6634217022997
29705,10792.51928807654
20530,4947.766953480466
12519,2881.566694417787
44766,2183.8431755649376
65132,1834.86015262068
81628,1801.0401863300754
52985,2576.787498578345
41667,1299.9714431207988
79421,5534.000752993751
57931,10214.59025494185
94639,3022.868614024785
53367,1829.5724590004554
50078,1065.2622303843077
27661,1503.3845420069126
17518,4319.137805771442
85391,2353.7988294906927
28438,1497.4163917563108
55807,2636.3255537173995
9212,615.7585241896363
16350,2778.193556517453
27597,1874.0407308634083
62062,2791.3087920225903
8504,1202.6239221723285
1784,6505.274190439191
12660,1211.2241252965198
99858,285.55345300570497
805,3890.121187635293
86703,999.7044500285374
77541,1169.6275245920747
98689,1741.2997391946851
63268,1688.407131594291
33598,9002.216404726385
63578,10255.180005546943
59377,6279.551856931249
55010,2566.5162498254995
50210,2569.528398881255
74324,1399.2408485819299
62717,1049.4767476952452
59496,2172.8511914184987
72211,834.0532651635132
90762,1376.1777572098626
68471,2608.9375800408725
5814,2567.3941260833963
16834,926.0333048891697
91046,2309.454878934646
28585,10674.045051936568
94332,2456.417763993686
49222,1271.9951351099976
51252,2637.6443177095953
81179,312.3533600826992
5722,3173.7813083406595
46024,908.8451874747807
57808,7982.999427530205
65915,3261.0237508431155
39438,9975.69950545577
12334,6006.506288157842
77977,823.2463234448568
91266,2531.6447921544664
94934,4250.088369674146
80746,4843.5670763401795
77369,2561.851718927459
57341,705.9581115928664
72192,1237.4085540646415
40487,1473.4028677576077
54783,1958.7861467144735
22591,1507.6410140937428
68510,827.9092679571288
13964,1212.0863774988056
21971,900.1677651004843
17696,1621.9527291182947
97669,1360.5432478616326
45691,5254.73006983856
93521,608.8172925002535
46809,5201.268528079926
69358,1589.7615822573
7557,7382.930343461392
88271,865.894815686209
60761,908.9230677864297
14679,3489.9831596037575
94525,2915.5755018468412
75914,6434.784730088844
46331,1822.6923476514783
49859,4477.627155859819
63485,1188.3058338374349
40432,5212.350834402708
38477,1442.2883310675925
18406,6589.167330928159
1401,1343.8208948948345
69088,201.3158249506504
30698,3167.201292898861
98480,2119.7138078072867
22235,2414.0013159353975
1431,4559.886131086137
72277,1109.0501587268018
99035,4006.7054667437023
91393,5424.545079665795
1300,1603.9107082985101
98904,2300.482951764675
69230,896.6836817023166
70910,943.1110527702714
80013,2658.2399383359243
52290,2783.2444145526374
43947,345.0383853643075
3928,1107.3422420067357
76167,4101.339804523208
90390,1247.591759588179
58500,1489.2637052965847
69652,2479.78742916506
80442,3957.7692095850603
86460,2238.4879247025933
26559,1293.6122854881623
9325,1109.003660345549
2911,2635.288617245484
20493,1959.604623764274
15055,1727.1446225308728
51964,2258.2542292747603
62744,502.0738942846141
36844,2315.1141024562016
21309,3999.540181057707
10654,510.8037281964118
58704,1617.3094070237873
48291,1530.834812522747
72157,4793.175556284681
43871,2436.492525828075
38563,1626.0424846674748
17536,837.6058775425313
79350,4159.79654542192
19333,3107.30211094177
14269,3035.9852294313555
36107,9426.554695162466
16130,3184.462894838215
94718,3785.6439217818356
9194,7201.274945986907
82108,7053.751714705821
90937,1347.0133701842353
87769,2038.735004533806
24322,3012.960353013936
47454,4561.31038614567
90211,3314.9134697829863
82195,583.718943328996
95917,2204.0557711054375
64270,1828.391636725889
26275,932.097755133436
41472,2172.6056040776803
2042,340.4660951549848
81696,1543.3537380848502
78515,3675.8654723054374
89217,3282.072056836165
80864,527.2309477285656
74008,2564.729424923704
83164,2223.430893105158
97595,2888.6428105203
58561,2629.7555096662095
6581,1580.4344870709924
30898,3195.0031293561524
51509,14410.211682669673
89109,14057.141759981265
55563,1502.8811891884704
83432,3539.3947643738115
55848,3674.5467297746636
68464,4002.0669726022884
77549,1513.5245248841907
98466,2791.715113526945
49040,1656.2367977102142
75194,2023.7915476248447
6189,2167.4747189102104
46830,5476.557296379341
31440,1533.8499727319218
218,440.89918521364376
52891,2522.2159989118786
26668,1257.5958259876224
60755,794.5131388976728
42422,7058.018366612925
42334,2378.9193335101063
3126,6828.673726423515
79333,1043.4267050468563
57801,3298.8413445093984
76419,1105.6315710429037
22530,2192.2369461457897
42524,510.74306390450397
81034,3644.9365786393964
91113,3023.352384278123
77544,6131.346177849065
77208,2699.142786651839
97773,10449.151636987142
48331,4028.7308254159807
84259,4349.287701504993
2312,2680.77444451725
345,7991.310688931818
92615,1433.7438332993854
95111,7207.046997448853
77342,48999.44461894327
48290,1649.7298633884068
99490,1257.6756142325182
69235,2180.4996846292793
63203,990.7994679235153
20739,2935.482471458478
44534,6274.38985269545
75304,7677.54253626465
73789,12161.858650571465
28530,5160.71021642896
13872,2332.499202321345
24807,5377.909862608611
38699,5168.730363515279
39867,332.579044686396
77635,1202.2010558876746
28200,1175.3403301888975
93933,968.764454569231
58613,5339.831291520284
52923,2321.762843191485
13735,1802.1906238709503
3393,4867.444094772813
17652,1823.7395193218094
46378,2025.282523507293
57542,1233.0023782961027
32589,3310.699318848377
12964,2150.608292472759
80166,1399.770388830166
59849,1475.1763385564725
22455,4689.03625389196
22285,1246.557938770421
27017,4230.017308624337
52824,1485.5321349398314
34538,2043.1721001354038
80816,3098.264791792427
35704,1225.8517055309558
90723,2094.5373376670136
24194,472.12567172487024
42058,7889.249654545286
20921,1584.9818911097739
60840,2073.929761416697
73646,4773.505028874719
27001,1513.7937262482114
48292,710.2183494734502
51466,1489.2499568761364
39236,1518.118143774343
33530,658.4239671965436
71751,9023.944724706376
67697,2206.3779042771034
33295,2252.8568323399013
87724,3054.919380678325
60238,3964.884486701747
4993,3841.386267646097
68643,3195.772212875257
15477,664.9203606006839
63813,3604.0616387776045
57255,2733.170253970851
89862,3742.71003744883
68414,2605.9389366223036
75594,842.4849219610915
53660,1741.2792544012038
64613,4596.815222147309
98097,1493.4905949459426
33481,1106.3015148400225
81559,1388.769193609355
92849,9750.176242309384
9234,1950.4651491735465
37088,2920.93597103347
81359,1121.6478235610984
78575,3364.6192604224425
16136,1217.2410916842061
28195,2717.80369750704
39121,1211.3051267368346
40828,2293.1718028724413
73485,2204.7514500785487
79762,458.1260563701678
72567,826.0274382416626
41943,2851.1541517570768
97154,682.0017742606886
38636,465.9917881274048
83415,1063.6610386777909
74818,1344.4941631155461
53913,5927.392688099504
61492,1938.6392292160122
92544,3420.0848521294793
24195,3067.446264567893
53782,1358.181398372745
76324,5351.602605258444
22330,4013.7851573381163
88335,2064.5967389100015
25559,2323.336901002089
42602,4669.569338764749
64446,1142.3340536681135
67918,3130.9379903127183
1322,1450.5971927508172
87502,2027.729771900625
31973,1822.7911617703774
82362,1133.2540966553554
84919,1525.0982159053124
81594,2154.3055498404715
24646,3775.6811629265508
63527,3298.029768465575
14420,2021.2490247385385
86691,1208.366937727443
76600,2304.1661950807797
90972,1871.7869408466788
41417,623.3553841933589
25662,824.6602858491369
19150,12986.056300199618
38743,7891.732118710632
22534,10642.974648643853
9006,1189.1060783776916
11802,4039.7117876280286
30693,831.0657879398367
80144,8061.991491021424
99408,1556.3205861818772
12292,2904.197145783168
65781,6013.166580393168
72201,1801.968655462785
21299,8141.350835452478
93510,1181.2140393659865
29279,1714.2398691695644
64653,1247.0120487518657
96455,1283.178573870153
52270,4294.5339647869405
4870,964.9065627604349
25442,1380.3571294594046
61689,2793.9102517259134
31321,673.7252237536668
96081,10115.368514500451
55410,1661.5849304152653
88734,7862.281163772689
52542,5743.599910518099
51301,10767.65391363452
93825,929.2745083419119
13495,4596.705348708855
90856,871.2968496139946
83397,3456.3773142492532
48030,1119.189862679089
83261,4025.4766894147165
77727,2996.103857826159
30926,6623.3112297108355
57885,1237.843385644249
98479,1053.5216262013753
43906,893.4807121414424
73455,976.1520534280406
45145,3034.1145804877756
18569,1557.9400511150855
83947,3470.2366588132795
13946,3919.9388578379867
28942,862.0361906176586
73624,5888.000687683605
17855,1767.6993048040313
86731,1160.2211776378067
97010,7980.400907276931
29633,703.0066469953352
2565,1773.2656853866335
73705,903.025615021257
44567,443.04741837940384
12370,7394.291319527773
59836,832.5645871568076
1547,685.6660856272281
57680,4610.049010557894
13533,5062.251999271277
59328,868.6137083583784
35956,3361.281158039313
22822,2231.118116987199
83051,2018.934669861297
10982,4129.027332060935
28986,7026.123301404665
67838,3013.6477079676365
82258,2706.780744780865
73236,2151.9104406486917
59097,1477.7796738059692
72353,7672.599627041832
52392,1548.7124258331958
57047,1057.8246833307385
38610,6806.985492633627
67973,868.8437337192313
93284,2303.1284711970106
23141,3980.399138749823
28697,5366.015521446079
65918,487.7573804433086
52571,1237.5042585387491
51012,869.1789755593323
21108,895.5204006377479
90415,1730.4735378205844
63230,551.1023385137665
98662,1413.4285822786696
59001,3362.112973234993
95937,3509.9211640573176
70251,1476.2388769395368
32266,934.9969681212986
63297,4565.713706024671
17207,8053.406728237355
30171,1873.2812631199733
98603,3624.5533046675428
35573,873.0490067166395
95077,1467.1650867929993
14687,1146.1861900532372
79308,655.3390507665621
72603,3692.1680160831793
72588,2893.360635879735
31257,705.4538203048031
53421,647.2129348350513
64059,1578.9854183995483
52995,4030.013024734881
40739,316.5566098096095
77180,3586.111871702414
43097,988.4109404056258
64877,10900.26677533888
395,1339.0645864870685
32733,2158.5820142508
18654,2849.1525319986363
60971,1548.1403168199467
54009,2840.200969082421
34644,6868.875460179848
6288,5573.106253149399
66333,1675.7887928089667
67281,5103.887217335834
36359,3691.0343007202664
275,760.0590119395013
15196,5143.354843171729
20646,3876.0401177065587
17496,4300.704874785011
49035,4724.57634817744
12992,2192.6402858212687
2468,5258.017199707606
62795,4263.712234969158
93269,1999.166363869546
66825,1380.4055553476956
79682,1537.6632144196992
16267,4829.8124400360375
97031,1219.5582403141284
27174,1658.6679565126965
11904,1379.9930554206412
47903,1335.2796863994906
57624,14327.490758878153
49975,2274.174590330445
52438,1861.1036059390594
39643,744.3040413998425
45390,3519.272986374395
56052,7933.897383677325
12799,2068.820009717827
5972,1115.1873613077596
7614,552.9850456812786
78024,3428.5443040858227
95341,1043.626737568731
51375,850.9842666276593
53902,2606.4597525825984
52854,2034.518097483848
80356,3360.4713040733604
67914,1476.7164564705897
85313,1968.8076105887233
88572,3079.7617247776457
32609,14066.818910151183
2649,830.4112019276793
19120,4045.745137803203
93965,1052.160362028722
10484,872.404252332449
78590,1128.5185349348844
46835,1263.3171403923354
3978,2268.891070261359
39288,683.0515277009321
78909,1122.7599541472305
40283,3060.1704544158083
14780,493.08581577277295
84847,1907.3479282963622
85938,926.3885618433085
43077,6929.677519788515
42652,2555.8437146885776
86542,2866.570938695071
38194,3991.2440440954088
11860,1658.8726038343393
15347,5208.9476619640045
64941,3159.284268112911
57068,2982.9081324221324
12123,23637.85287618989
57265,1420.8499616955457
65038,5610.873733731246
73192,2247.1218077060116
66120,2601.1937344546213
79218,1801.2896326668938
37995,6347.361217116858
84188,4269.275903377909
53565,2368.7940545287665
10415,2854.5389654146497
47531,4254.208803119364
64045,1173.2511629689934
46524,2017.2973986568877
84285,2049.4424442407776
97422,11488.773545032891
61015,14429.712680766077
86287,2579.968952882356
22964,1855.4070555212877
81069,5448.540352416869
94071,1230.5869344178607
81613,2654.907010601403
31558,1671.1512475367788
10582,6000.690699425116
75420,3019.55980587425
32166,2535.213191702876
5411,1573.117861652012
82348,3535.2688973749064
9529,3951.8458392822936
43585,988.2657170643874
20532,1305.6220304306619
96531,1642.5597498470843
180,2106.2609065587817
22077,3600.600179967621
39268,2638.369769392301
35876,1326.6581466161897
88613,866.1169295302806
64069,1825.0864640613972
90662,1919.345245133515
32039,589.6966834431848
77893,519.4097062820179
22038,1175.636277615424
91540,3028.726828663117
66073,3436.234144366046
31055,1051.7473928449606
47340,15647.938922187655
51385,2102.2639296683965
26239,2744.508656436598
945,1057.5556883203253
73724,3998.5618617008013
33412,802.8078364031762
7682,2044.6404987698393
36270,4237.448957546753
50143,4511.57686350307
39000,4613.690904828646
13905,2323.4186070182195
79091,5165.033298881458
51032,1004.9838503072215
42894,3570.1578511185594
97700,10718.336480201195
44342,4002.742762271686
77244,1225.351585107905
19767,1490.3239884988348
60536,7519.483680970104
59204,7322.221319484602
42181,2377.017519030507
20854,5322.436990362805
13295,10708.519289510989
52794,1327.9767888134354
66867,2546.585723164181
36698,2202.5548457994128
58115,1059.3174841711418
83673,2630.287845069342
79502,3007.4510499024254
42369,2759.025006873645
35647,1066.2889192785667
69814,5129.206174302278
8125,518.0935879681145
49016,3987.4818737587575
21941,1441.509958424261
42020,3326.1940406003205
89948,5293.4485737986815
93088,1259.3721306381694
32195,2622.1630881908186
91444,2867.823561771292
33204,2025.802502305909
71315,2465.2055287918997
87595,499.41396867329564
55570,4092.8639508722977
87861,46178.42311269868
71016,1187.0608836909007
78403,1241.7496187175243
80425,2537.985549197101
37980,1002.5442930087834
18178,789.0046048590067
78180,7738.236929725329
60037,638.6377400360627
13814,1150.3145196575144
50154,1147.8162858757244
61770,1633.4047578397558
56165,481.86803636913186
78471,2143.6982766585593
52490,867.377164162322
93925,553.872473554352
84002,1857.1358450784114
35631,2537.727820756999
30684,5468.0905136764595
16077,2132.2441239946834
49735,1481.8513504898974
73621,3345.7673329569193
29548,2022.4946322332137
30288,765.2933658492116
65162,7166.375137724619
82032,6988.216649563283
58367,1769.051780866644
59930,2735.3919421065007
83364,1688.9664431223925
71201,517.5826508465159
86309,14055.274467334739
20610,4843.1416951564115
38714,5408.311298072394
61743,1927.683476481607
79374,594.3266883995396
17631,1317.9124813132892
44433,2464.8976888116226
41950,3845.965250855057
45349,11677.368072875548
5831,1494.4748417232333
24351,562.2334469092987
68803,6650.024367202776
6889,2171.3576915658377
45035,1015.3011677943094
18363,1447.0884703530514
21192,1255.4429950399867
95813,2752.392826126596
44401,5739.207259910914
40495,3481.714184522976
84255,655.0518324136518
27947,2564.436635781078
45709,12619.366654294336
62234,2627.2810347167847
85605,1331.0994747501552
52576,1675.7467266013152
55625,2487.617004602495
25755,4328.355732521028
51031,2352.1710040226926
18921,1300.494350462159
28154,1187.1620001395
61677,906.6008279505724
8027,3108.92853564032
4450,3924.831366345338
29900,1213.3620535781286
33365,1055.8797230732175
58839,4937.908902133513
8106,2484.659340367734
53863,1837.2083521152044
30,519.204903249813
29846,283.68401380385274
19170,3369.9690325610286
70715,1517.3375185301265
24182,7398.870157304864
47634,915.3549856973841
41625,963.2040968429454
17277,3272.721991910349
75071,4165.896507985954
5960,7063.516680837168
5065,1535.719619527484
48952,1796.4267464716597
56058,6390.575348380462
9219,750.3668952499465
5422,1519.923938172107
42760,1505.1043646209869
30440,2167.4747599552693
95271,824.767028156772
13933,359.477891446112
33556,1495.5183246371948
70734,1807.5918137917497
92581,889.5318754556313
6936,3853.8625110772246
51395,1296.5384817868671
62714,1822.2532914495102
16137,2483.381502411375
8447,4060.261188694009
87931,1544.4748729157757
68400,1065.2303252463742
49576,3555.636209489076
48372,5850.623324082412
76082,2245.4144578466803
98082,5946.217705046927
88564,1934.3935261207291
32854,1745.683499545305
79936,1588.6811711063108
70070,4118.933880629058
6077,2783.345688331733
33378,1812.9814905397504
64765,1026.950991418577
62260,1027.4062817643467
69874,743.418937451814
26212,2860.810845838367
52679,3644.8623580678723
83016,5005.929899229063
53949,442.2502800448488
25625,6981.844398313691
32336,1441.8624157650409
50283,916.7562893534728
7580,1201.8394199792826
12184,2861.3311673830563
67966,544.768648429883
20387,1765.6165582005226
75716,553.2018462383271
98176,840.7233243100567
60124,2054.174274136394
75426,854.3297036465749
74809,3273.388693319985
87154,503.4707782830758
36693,1822.2952180784455
63065,5048.329478846436
7583,932.2534190169698
50099,5337.361134816196
45242,838.3261161053326
53015,7823.756372242126
65448,3378.16594522167
54509,1992.2775246978283
60073,1538.6955480983638
54916,760.3196230082674
58084,934.7919576123904
96572,1492.1081625464733
39693,1374.0585718121051
18599,2234.638755955359
56463,9589.256854865054
70704,2797.0361831409905
55255,1245.1944029922895
25711,5930.505053939786
34544,6017.691186416058
27516,4546.340463239285
56886,654.1476743282866
24993,4180.289627178082
94140,2493.9849147972946
78884,1735.498773052387
5938,1896.9206709979424
86571,1933.2626422470555
3633,4818.823509274963
10967,1614.9573192979262
74047,2908.026707624822
15923,2762.8707506294522
24418,1250.2476372252895
53030,902.7199570663053
80826,1230.3736691906015
90854,1671.6075184838257
83611,690.0633091525286
34103,1030.396259279798
32976,1958.5055055028754
99328,1393.8693379797485
16185,2026.093017589387
67622,3015.83963773661
44877,1490.6458291583715
42583,500.90058033417165
18445,3360.0640455261773
29713,7487.038788948885
69921,4667.884693806653
1986,1020.0535578265844
60103,12550.455997673684
39869,4347.3775058664
73310,2522.992168646398
62485,693.5403848762719
33375,4308.323359554091
69960,1622.6730085253432
41053,1866.9873946308755
88218,2998.759904097105
46966,653.0526283328018
94634,1031.4125550288238
81051,1917.1600524195485
18725,1785.0538329895546
43631,5933.599194271554
97467,6491.085580405656
42044,3248.4680468872743
35093,3321.091328277522
45805,2678.24042840473
73380,483.688694666717
12797,314.94154797720387
21467,6249.986565613979
44470,3351.646247829038
9596,763.6856331660256
21465,2225.572033624745
72374,4097.380596293368
72930,3432.7476223958097
29597,3846.9078163736212
35516,1052.2111905273096
36271,647.0079537420289
30915,7646.425311898578
40660,1646.1195111808227
85632,8535.00341652464
11816,3943.983385024613
10393,1770.7448065114274
30611,961.2185200365282
1183,1918.104557894428
6450,1891.1476863151431
32409,535.4221757269313
17539,2380.1213707907223
21142,1039.5038029483567
98851,1246.0582014742852
46132,4618.683109346288
35965,628.3677523625727
97991,1125.855687231985
65571,859.3132719465591
37705,6479.950973080716
97359,5735.535365251309
69503,774.5292701859252
87594,1722.6127638416276
9499,2182.092963071943
17341,2633.917319451536
32926,8171.855255818721
214,8439.774761583121
55193,1897.7761651656886
54639,1904.0730885619057
57055,431.9322588654245
1620,2818.9366303715137
42110,819.4782695562039
9912,5076.755645737981
57139,6121.061451097775
78865,3441.673744337162
54646,888.146492179145
93781,1369.7881844586066
76448,9653.392430027468
46873,3414.9502654033145
72396,3390.4260669686364
5195,1578.6212535101456
45323,1336.3029853350672
28300,766.3271486097124
7772,1341.7693310839122
18800,1037.7418654340997
11843,1468.5146565536324
77287,814.7711949112299
87696,740.3108707882039
43115,1217.0965882778617
50792,2443.7809962700426
85908,234.95580327625177
18383,2030.9985644998076
17778,3662.390082573102
9829,3549.9304319707435
32282,570.6523213314414
8230,1432.2022269575707
33258,1215.5656264195336
32488,2822.6726773796754
79526,3835.478590449113
93178,1141.8233884219628
37704,1480.0475254479813
2896,6092.503321264464
60992,890.6802367067683
23764,1220.0746895884713
1441,1078.9176191128513
17063,3537.004280166224
17362,1591.1073880420997
75024,13693.20600172087
26397,8152.624882656141
37552,5276.636276586143
92392,3227.882095268373
74656,1138.0250656125938
11480,382.0292419279826
19746,1872.9803843308364
33456,6184.161113854522
5621,4827.478502859387
39009,3881.5122447826147
91746,4126.5920186691355
72185,2942.442408209232
74898,1088.7769555472564
9272,3677.8827126950187
99568,2028.5272806144117
50390,696.3687786007275
49891,566.536291793271
57751,1093.7727401833527
82870,7000.586262911842
22471,4126.710517028096
59755,2652.3968799368436
9514,1804.1965040415075
95968,1551.758691656879
84534,911.5253952265548
85332,2878.009878882888
13795,880.9748416212929
56442,1507.2137301681807
97875,3546.9281562338692
63931,2463.0624047417577
20482,1772.80103774871
86781,3197.4075459035976
94783,1856.6812661383558
36482,2090.9352095112727
41616,1884.7548943772458
22338,917.0068200152656
58184,859.531056399352
38354,3819.7752290462367
174,2592.532498763281
74153,1291.6483270439169
84946,6405.66544892237
44738,4307.464591839831
26128,655.0823141681834
46433,361.56304455958633
44920,816.8310036348631
63549,2013.620742143935
2906,1312.4188691703082
61643,3186.210407020904
13172,6376.63199333055
49658,713.4724181882295
66146,1491.8358818469753
35264,1192.5201918642015
39193,2750.254416259023
71180,5984.717904972101
71958,2145.966349790845
56567,2276.5237925183533
89719,281.7712500533204
26445,3668.1527218306655
89955,621.4838518899679
19971,580.3421893527807
23948,1385.315883997771
10378,561.0457741744583
89370,1387.0605668148414
82261,2645.5189911105117
32773,1927.9094710341174
8239,4309.559117643698
75103,2214.6943490860626
19159,1082.6983002946342
25691,1327.3113979916307
48015,882.746841775455
26068,1290.2615374070092
45680,2649.001865972597
9380,5957.436109897197
28543,4440.779276796719
96926,502.7642058977021
4742,3437.16429456305
94353,1566.307217289546
28643,2613.1347103294775
13127,1377.8153305141777
73365,5269.258264916546
49487,3301.797666034638
35095,4134.048887912195
13838,3285.088182759228
36423,7161.303209787399
28389,1257.7825606506065
54615,917.5354560784043
22523,1588.0696609283457
36244,3711.18028346431
85482,637.0328121033599
64114,5698.3045503012245
86496,5066.423402103461
27111,840.7405209045427
43416,1830.7592067890316
78817,384.2912270672004
3117,1250.5074126875973
19022,1384.8422190378583
87062,11933.125230189373
79788,9551.63952982501
61440,3207.89939810273
6486,2941.5200455123604
95952,811.7875140396202
67208,6235.397171579871
13026,4624.344959036765
41056,1349.7110323924337
22655,2499.09168278386
18175,4524.963459746197
12435,5824.0360623141105
4195,810.459628947654
11901,16858.409556139453
43836,1563.8924207721795
29420,3085.471211240456
31796,4962.800782124904
25599,689.6766514543011
44602,2753.7896448224874
20939,769.9778918152392
10933,1384.8610833557302
41711,2421.9321266909838
22771,3852.2517505913033
22552,1989.6439637641708
28446,2140.8806314486205
52755,1239.156972192521
79223,2666.7843762581588
63825,2079.6361341906686
86835,6589.56254534816
48816,1738.5914068841741
62018,9516.118285774566
70183,1088.828735747465
1813,2341.427941224964
23557,3246.7559295674378
11934,8080.72351572542
51914,3865.9433485479267
82377,2175.2642009361875
85720,9536.314164690217
768,2809.619359291835
16201,2234.8946677607614
53445,1809.4355414295662
74923,1403.7482319044627
54167,2627.720607866671
77966,319.3176124198136
35688,888.3202594053
51540,2441.915094002888
42713,1026.036869011009
66779,365.1293147963104
95410,589.5660024329591
33626,242.56629335105788
75853,3567.3883501272953
75992,1842.4594026623104
94752,1449.3492316446411
78768,4589.841476035122
1575,2524.5884732646523
42008,693.7143466135168
59616,283.1936564231541
10418,833.562237204416
49524,1236.5714039863205
82351,11931.115429012449
82399,1275.8735139133507
99565,2061.3507487021343
99351,1320.47072899485
34499,709.2570772561869
30673,6011.199551063778
65654,2785.044296044586
64246,1068.9991875519866
79510,2703.1429263052587
61510,5280.738040039617
92254,5858.556628340433
14311,5898.445204883298
90311,1850.7201055636533
33697,7924.979689140466
51155,5515.740434841728
17134,1207.9044244341183
51039,1833.553030678607
81014,3452.3496995666455
9447,2077.685399727533
84437,546.7663190486376
19308,1998.6023126227517
35638,2651.6897889779457
65141,1376.328228712994
54653,952.9368327182697
23431,10100.318451654673
57121,2184.5903958434915
85623,617.8428645169917
92925,1383.961115338842
85059,2129.156915850001
32242,1069.6540783655942
33841,3586.1421342625995
95751,6367.987682837429
33400,2837.387879984267
73836,7090.40032737705
4869,14748.112417289978
32000,1853.0709068728727
97182,4005.3939764177762
17667,2117.5181893427093
27565,437.1133604839341
19629,2323.206029689729
10983,1646.8317061447187
73948,6879.043503987635
86847,4438.769454294912
83745,1062.421618987015
9276,2490.1361249502756
17475,6031.396749147045
32424,4726.340546695472
88578,1447.0886808509226
82319,4991.992544103691
83542,1007.1041609931518
73781,1267.1128165226557
71640,2595.5784081841803
46087,9107.05073372177
15041,4530.018342578156
89180,9157.38874893852
30940,2977.5190783033736
29472,1120.1831215400325
44817,2392.014840833042
76844,3019.2127585201188
58198,2021.9267317375393
92212,2639.876591760935
84139,1371.9584210832409
15633,1378.0118144271455
61168,1071.4948800798488
42559,1826.7939772954157
63108,4725.932921377558
19221,1538.7212020246761
73128,2038.9428136951087
65929,680.4631887467804
81926,1797.5749251142024
40550,3080.4466374831322
68222,1346.994382413259
72849,2268.1730826549533
70878,1895.3923636508798
80825,1580.38196267324
82294,453.7735031891057
13288,4192.323171024403
72414,15365.552175141549
26281,1525.6057361846435
83705,11038.12156668886
25462,1079.3052009034266
14328,1849.7170009828037
98905,4126.49608822436
85606,1631.5291987892952
62226,2835.564069252492
74940,11807.779302986964
59889,1083.34396877999
49051,2204.2124938525753
57634,4195.5550263754985
59963,1271.669511336625
8892,217.54749177174264
18520,450.8357808315758
94820,446.33960026763526
54832,598.2459764963172
12553,3432.7760671812625
75611,1664.1843144959587
19282,1597.4544547071775
95298,316.0497402365937
34411,2590.556677499412
4250,1319.1051203902732
61115,2503.8438481800617
87560,919.6912855037438
77911,338.7621826476848
28091,1254.392644150411
83351,2781.8913205607587
65956,9446.463681278874
17291,660.6603543060464
30161,1524.1535605012077
54698,1628.651590707363
66256,4004.9952796993825
2014,2021.577024543644
37140,1251.318928102946
88412,4535.363565512454
12875,2397.9220459104577
85333,743.6048209464043
93666,640.5361216529946
3317,5046.362783483703
21615,1333.5396438678097
19833,1521.6274906871881
83955,923.787945205454
59276,3436.274845906002
23717,12741.12054780641
4120,1062.2036665275832
4006,3061.393200356211
5098,540.8422673352205
11777,720.8335660282057
96612,4856.161094456032
52830,913.9688716615967
8940,845.492882183985
72788,6143.87429527274
99668,1859.6826471510187
72370,328.2419497025556
81840,961.7266709721199
24937,2472.176761489003
95495,12050.006502323915
49063,8775.693325640024
39574,831.7068008381407
72929,544.9896369637731
22323,1412.3620065178318
58050,682.2290172663512
96551,3565.7250211570217
55419,2027.066285999694
24813,9610.552319872073
68024,1119.6616640211118
46684,2499.0079641346965
17502,2975.5666229315284
85574,3495.4333030376756
49584,7482.772978512777
37857,2472.7193812072132
25835,986.5431922488137
5347,1447.5221351565992
79708,4816.42472082852
74471,1286.7636953059875
81000,1072.1395366016427
29434,1684.722703836082
13433,2198.1355163221388
65821,774.2538230858308
87311,1861.4281591170134
71649,2705.5916853094
80965,2477.890406266486
5361,679.3631090006294
71967,2626.9035548502598
60960,487.29829160804724
46056,6119.435436622253
54289,4293.894564325797
6602,3370.361497823825
16708,668.4262996631306
49851,4260.763431763484
74618,1376.891842796736
79865,1134.4879496774906
57820,4356.27622144689
38198,1353.6260491736323
73740,1544.1900751517292
92015,6424.680293993089
64697,2439.270727491722
8549,4358.682082404306
68924,1344.9305562413003
90641,3228.088004034508
89597,565.1953513070991
35567,3736.194348396024
10842,2131.65471413606
48720,2256.9053972118522
25789,2274.1481029466454
71647,3244.6954153801526
74835,3304.7322650057768
89715,3934.7543054376715
34077,9421.42530121552
9651,1115.9139630987036
26339,30609.392541682126
37898,4035.868236534349
23921,5911.332923813315
38174,915.8911281455682
36933,478.7595581736123
49264,4060.420130796278
44553,2247.3351182660963
13400,6095.845688419173
31910,1399.8340271874767
30634,7992.539753206676
10687,1996.1335463451203
74427,1738.8959393049822
86353,2978.043581674344
13878,1151.5908159103942
29281,1891.3507561638182
44239,2170.583323134273
37410,1205.3383268323582
71769,1365.9415568943757
80274,1339.6179929258963
4864,3062.1683964143745
37157,3705.513865486712
62931,1905.402846164932
71341,1055.3181373413938
16707,993.2052731388084
41920,840.053001968548
58249,2669.3230619904775
23858,5961.942411563564
10277,433.85290582187986
48249,11800.966313298602
9666,3834.7878514754702
90026,554.8491748224078
49809,1708.289583866329
86277,8983.931348006992
69140,6641.145383378452
12583,2502.6812046187024
56129,7550.805730342612
43909,4714.082002905509
62109,1289.1041357024671
35502,2861.8776568521444
88439,5966.622102660814
71402,1265.7047259224744
66412,1611.3453670006927
46257,3310.728228014132
62274,2562.3434365139183
26555,3213.9923309196233
20820,5334.11298225273
75805,2602.856784398473
53711,2900.9494747378762
11891,3509.333616396265
2901,573.8275793010537
27263,1538.8135008772729
25427,1123.6534018836821
80698,1073.236852816406
40162,916.1655993277948
89038,3954.079058393501
17595,838.905008289243
272,2887.6012422386034
47751,2374.9075567227997
33028,1525.6686944393273
86164,1885.294424765488
60603,1516.1586318074237
98797,1385.2056462807323
71055,1168.2729154117533
67044,3887.0552299431106
80676,1920.3768742856946
28414,2694.7920628227407
85222,7979.424879799949
51638,1420.1133042042115
65562,2322.299075290864
26470,3545.2802755056887
6226,3439.6007939153733
28312,7756.696700463972
71492,4961.6008062367855
41951,1074.546677512029
44419,2740.1793805911047
95674,1000.0537112253346
94445,623.3155614884895
93828,4863.194955223499
67589,770.1997002107219
90988,1258.5974893572281
13476,3669.844711606536
76097,2854.8924860810534
89356,2626.95238623414
7481,820.3189721645814
54725,3580.8246848275553
2878,1117.2835696920263
46594,1631.6984217337415
3999,2627.110759829609
45940,1403.9357458402485
15482,6273.164086319897
49391,1105.574261956171
70568,5022.137251556688
32478,509.81192126994466
77504,2578.4579641707487
36003,1574.6749284674925
24120,4008.884574019118
83794,1242.0291510032728
8206,3381.4792265051815
52546,2719.343774185757
94685,1506.7326590915384
39726,4130.097557282437
61061,2747.6884153520928
6897,2438.538641524295
35741,2758.7434062831053
42714,986.2938516159973
57333,4940.797972426183
11452,3505.4108258603846
40405,4472.1658707123315
87386,2506.121172733465
76084,1743.5638184610743
18828,1461.5530237680807
50866,3114.73552976159
11714,7088.189733882026
6863,3679.9165553562566
74352,1195.4544202423856
47009,2407.902803573863
63038,1095.8512956737598
95243,6767.32786082252
76782,1920.5183838521332
13067,4003.818392025198
7739,4501.34184274172
6201,702.852478393602
10972,1192.0995312295834
16995,558.9805091109241
32030,1631.8943797434642
94429,3071.268173608953
99239,3591.5269897749386
65017,1877.2112885281676
7558,2164.5104869129927
55142,6148.760276480268
98869,1263.8596818746141
40729,726.7545128319152
9270,3516.954428167592
18724,516.384787554565
30112,6121.67439618098
8933,11040.696445667496
88944,567.98643038289
87107,3033.651762791827
56777,1506.4331948410795
31849,1781.8925476351108
81033,1195.1035567841875
11045,348.5299553754565
19086,1713.1834589538
1330,911.5471471017108
56362,2217.3497991796226
7237,2617.0492183457563
30454,1853.2275371293945
19443,827.1862932681613
57471,5787.529058026258
32425,624.6176410423567
66681,3481.218705851746
6298,555.4827711376433
80114,3439.850253225687
64734,4717.562253015182
53975,726.7042782094577
20697,679.9058069034545
25997,2160.1697038007355
34390,2819.262595261194
92991,482.7588873704451
16318,801.9729323657956
31349,1268.5822390468418
89708,1553.3983736368898
58442,863.5694281247887
93856,2015.9902407398672
9522,786.1279983219056
87987,845.6956930317455
84790,5461.292772310203
7942,1909.2080441430635
50177,578.3765987070991
8672,9896.857149308817
69123,2362.7456358883987
53550,577.5307153676363
90229,2648.246962705213
97038,1608.742177478531
16734,667.8354255581448
8658,2008.0165207035634
28554,4962.934750342903
74180,5297.267850261929
98276,1818.4501772588933
25770,1730.1949334671147
93508,1580.7521303489764
96120,9285.447301349388
15095,1085.9075657436565
79931,3375.791737137513
47370,5679.24265417499
58596,4217.572151500397
57583,1008.4742787351428
14692,561.41655827911
35536,2944.413100566037
41915,1525.6233436667965
98499,4384.960181604723
29302,503.4056552524299
48422,5201.621767258197
2456,670.5504887523982
1381,1958.0965181365152
44856,996.2756142356995
38232,3586.4509890539853
37547,3602.9647848766213
60319,2973.58599716365
62239,2633.284747674675
16154,3952.231242220627
36773,2359.1356615189893
49474,1476.9466033604751
57095,2938.1666763874323
81590,2098.1412482017618
59692,1274.276988131336
86690,1826.0425844059112
30935,3781.6064124382324
21492,5140.019296815914
19750,6756.086683318827
37310,2136.9563803989995
77308,5025.805502599673
82775,11574.319921189373
56950,3361.780853645671
36706,2931.0886213916924
5069,2688.0172167996648
20261,2484.313139537549
60111,2990.98061696615
75708,1072.3559885431025
35928,3598.1799327356803
44937,7698.331495178173
97220,4733.980613515428
85084,734.6400845307269
63150,1558.1830547151205
22612,885.8627723418044
60896,1362.1368448054577
89345,2534.456542348054
30661,1227.0298627868074
92915,617.2247608581052
4096,2182.287615687161
29218,1144.3348143075973
96210,6540.031617142521
38600,633.6905564613268
34601,10464.671356817424
35272,3408.8827222366467
40969,1134.8232263235154
34840,2203.2645777700036
45764,2069.5329761742064
84488,1702.1506898275118
39512,1018.7725482921446
29445,1000.9836121494415
44323,1841.1501350513543
68053,1123.8228971320698
19387,759.3933267383757
49519,10105.742399188688
16017,1009.4956063867672
79984,716.6062949718887
74533,3298.3135874618797
47979,4317.254843065547
44807,1151.5957908196353
88224,7877.544073291612
8186,1503.3342882730824
5992,1564.1584047612341
79669,2793.8568166122855
53571,1707.2390343461036
86677,3447.1182913370944
15187,875.0933008119881
13162,1193.1237388895283
49886,1691.013081031201
88929,321.8236133619206
30791,12215.134038274626
81769,9704.389648208245
86018,1908.062222872489
93571,3574.0026525338158
2923,7759.7591647107
72795,3855.406114991385
51737,4330.404206961271
89274,1521.0794805134813
15646,1786.7211619760826
14171,3036.0301133511407
66619,2788.948066145595
33989,3676.683312547921
27270,1803.4469053361927
5732,2354.247838290216
37519,2242.2616712051736
54826,727.7886998531095
57794,897.3169472179453
21638,11321.75423867234
63889,2104.03229834092
23371,1241.7818210695114
98303,1337.7975235021045
48295,1001.7601066737245
99673,2475.171823074513
61428,3794.0124373742156
27436,3962.204615334063
28328,1189.131308980525
13623,1057.7536123322286
7464,4050.009584610089
81883,1107.1235801479907
90871,4738.496704833975
62954,2088.6229205874374
68138,2656.110270032245
29698,4983.639418368788
20793,1485.7056628193407
38986,1194.6089239477965
54602,637.5344859058874
69648,1488.1443215286015
4394,5227.935259992706
32895,1654.8518559122538
28177,1009.0434980725844
11856,3334.6777563052588
45584,3070.7741163595683
5148,910.6837871026494
48574,2461.0720584027235
33519,1720.9494391491373
57715,1500.3715561474503
56671,967.1132048774996
94799,2125.7972091968754
3646,1358.4973463872263
28820,524.1899681903315
16582,302.6210582719137
26785,2780.2832172213393
85327,2402.315985642964
57127,1427.5559597185068
2883,12201.415321747338
63410,6427.567065985327
78784,10501.840449317533
62248,5169.942060141405
96958,1224.7657551371992
17313,1265.1373705137064
12824,11836.464302011274
30706,2832.5720377944635
11734,3383.0056034613785
74103,1097.569994463292
210,6391.98856482547
30098,1715.409770821649
24604,7780.541813931501
78951,7579.470715777496
18587,2820.3168230901642
20709,1171.1931631974446
75847,959.2464105778267
89980,23247.87005044837
82540,676.3914563063029
80686,1888.9136695355235
33961,563.3101635069078
12520,672.3963011088944
31444,5598.195776950139
38119,911.8327603693233
8911,1937.1930685975694
5516,5277.1854373272645
57421,6126.760789914839
76938,1372.816806157959
87115,1956.6568230198595
39728,2064.728122945222
23650,4112.375809036508
77253,3479.6139235235455
29955,724.3124828835787
99158,2043.321040712834
59584,1423.4971024034294
66688,1750.7781258054222
84884,3879.2387639999915
4502,4578.163642402701
24586,2158.5952075213104
24499,2830.036472935211
25927,1080.7984570924593
67988,1289.706803688935
17916,3520.8030325240347
53379,3339.3312744700115
27579,2786.3552391269254
44725,922.260376647811
47216,539.5823331087814
74022,1540.2148278413454
3073,2485.2718764523943
8140,10503.95464113202
73877,1461.7773547771396
8497,7746.38770991394
3021,4099.22324073698
23155,873.8484235817313
61626,5690.173710396459
53961,10375.792174001492
13112,2048.6750792452385
99069,2692.801260830916
15089,9723.537222379247
46138,1262.0163036913336
73728,6594.449173805761
77330,4763.221843561178
81313,1561.3566711982787
56250,9014.244836557551
86601,2323.717014065052
2899,4084.535327789258
22433,12886.382095438494
59945,763.3633031205103
22367,1555.8779702331951
45835,2361.3292067123716
51827,8243.06291169905
34000,12226.240939795869
92292,856.2608686949619
93040,4527.907357734666
67143,3809.5310343704737
95274,1404.2025096589116
73965,1525.3814683436538
47295,477.38019282681944
13134,4889.599473314001
7379,890.0753574737195
16944,11259.88346893276
33690,3807.4410947985775
48204,452.6008933468278
7284,1258.60396051631
83042,1428.4983611515388
29024,1825.628971095366
67573,1334.5202981203518
84879,864.5985761297671
28374,8262.145079435963
51234,568.3623351173642
11548,2681.413095100838
6895,7145.407852079919
77435,4114.690309139161
14810,4629.422727652346
65782,1254.9844380170168
69730,2315.92844080905
86120,1193.3385464762587
65778,2267.4956632901008
51711,2193.467423264964
89828,830.9776995906936
74240,4900.919701253282
59346,3045.7260698625414
37925,2598.8969155890168
16244,339.81056051016486
55671,269.70010653269213
1380,1408.4470589532814
95634,2853.917640223723
26896,2002.333721768866
13201,1515.7263228445377
77026,533.2054739377897
17695,677.0876369669214
18026,9633.16430024816
14403,3443.1387593825375
88337,699.142798160095
91860,2629.8985985665563
98615,6288.840715281499
73982,780.4329148955749
28664,260.96571333390256
33485,5905.399297923397
30651,1702.0626434715846
22989,1762.2173540587164
84914,1868.8537159601071
91475,1485.4525564345265
96308,2687.712560768162
48884,1355.891949320805
34936,838.1721268878515
6778,3380.8113092840317
5467,1825.0742928762108
88622,3051.0601918626285
51956,5295.50657874075
92793,639.2655979173292
94649,3022.9133763542764
26641,13611.333681442089
43708,14292.428330771538
94910,1755.3921977578661
6114,1303.9639599681173
59768,1383.8527397785488
85523,577.1857343710709
97626,869.293412738466
26062,2402.0300093714177
48368,2435.9382829958604
99082,718.1920890736772
2908,1816.0043034067094
29481,780.3933933654105
370,1027.5412392044575
89123,3671.4810741580877
61660,1160.344465575638
38463,625.8985600233207
1466,517.201000853726
94026,2572.208329468697
94108,4036.6357927245926
56664,10034.011069876131
79190,1105.8199635446633
30307,717.1165135952963
26536,1524.0144395362647
21690,1784.5530331453754
31686,333.3102004123816
2572,3275.446162369876
61152,2259.851812184667
45768,4063.121754288625
35405,3126.8731593777707
77776,8756.015718107254
90867,1171.215658606676
33262,3145.8431113799274
53980,4705.835431847405
72637,1611.5872496509778
10757,2482.2872723117353
22345,991.2316238217636
75667,5997.42612104614
97040,4612.002657766788
68451,823.89669812235
96693,2290.4246123169646
97062,3943.903907742754
10737,6111.007273291181
42841,10548.807602304114
4140,1472.1609777737633
502,2547.12547386743
8295,2432.8716594417
96323,4267.356362166759
87810,1069.8875044975514
20036,17624.386494751834
40875,3597.9652154137257
52038,2422.4698022297434
77688,2455.6761469780417
13177,2384.633040156553
9085,1637.8415831917996
46554,2162.5826500602843
39501,510.44287226489405
73967,9718.415478164847
79251,4144.755024375067
30929,984.3958134886478
89396,3861.759998181505
5375,2094.196821071741
24610,5681.194861259492
59410,4954.644691616132
41373,787.8763047672958
82429,4090.538965924968
96703,540.4309606658851
90284,765.6749711919547
56477,2639.665063447744
39255,850.2377078801103
19095,2071.0200723089656
86540,1955.1612760040728
81686,2763.439864917059
84103,1713.8816864305772
55404,2410.4032304791044
63551,1271.8119780862648
8806,693.674475824814
98539,2215.3584913872355
90271,495.06122487544013
65379,455.81646692769476
98207,2638.6393607588725
39831,1315.5568149209491
66423,1741.3420254181108
52962,2862.149281171953
46994,4303.508393094276
57154,2514.953512090367
16873,2006.4168094533732
80284,3530.4781169829275
90760,1043.2244610461205
78073,7917.564655601159
71107,4507.902894502744
38658,10461.373052156317
33873,2326.237707810523
29210,1846.8058516366877
67751,830.2080540369327
86485,3428.880909593513
68043,1430.789361770403
98370,9032.845008526305
11514,2992.4168310552423
72856,13380.600311060123
90899,4059.9879823662723
73902,1257.9221556993057
70165,2898.493915733145
54229,5296.323401382014
23595,5929.9986232598985
44228,5634.758469130843
38156,947.389167005241
22100,4551.986396316723
73795,1876.4540483951894
43004,667.696065040038
84419,4778.7338316395935
52556,3553.6633602810116
47460,1671.2618548581413
34668,511.9266608538295
46262,1371.7187367168087
28625,4555.762692298812
48238,1961.0979793873212
70219,2071.455901229248
36076,645.6327235484175
57575,1739.7307268827092
96178,2038.469094437864
71365,2346.539897776023
79229,613.7768547746639
1299,3539.9223176089145
15642,8589.535667002854
56049,2195.941843527125
40145,3948.5667959465422
82121,2414.2270345440947
11133,2932.7637472535334
20214,453.96745031215096
65216,2924.605666505065
21702,5160.163487325788
68177,2225.3005625680544
92038,1496.119547164595
74641,1200.0658124624224
85496,993.1286495427382
85816,5242.764177309095
71806,2284.542875701387
59532,14732.91555523421
97003,817.0670342129454
7067,5080.417993471902
81415,2137.842609367802
24590,917.6662627589383
98355,599.7682437151221
39445,1913.3667334921422
52799,1290.0517363155775
94894,654.0681666556635
47026,1595.20795537177
97928,1168.124693159149
20814,1484.9684168108472
1633,2045.0042093225052
21169,9356.697202015413
77761,753.6952848769868
6083,1080.433358844101
61482,1184.9234289437838
38115,1871.3371854183963
1045,1541.6789845491037
40818,3636.6774813810703
56954,584.6218474409171
56284,1442.6608056307164
9115,1265.120513873615
97613,1442.6039311296006
12502,1685.4896821686184
30770,4835.928048831769
33049,2800.080772416994
80360,1151.4424400463404
72268,1475.430119741885
54414,2491.292276098765
79693,2854.3557228843924
96251,3648.376949087088
49226,2806.351763102956
27570,2653.444013444594
27809,7062.733476365594
11657,868.6771531475474
39596,462.8579590826902
51498,3252.790693114931
36181,1896.5897400511685
76942,2316.9243262165432
8618,3885.2600995590024
73266,1401.2510117112568
41765,2870.831183973873
56946,3867.9527322495674
40958,2862.7975398855488
98336,3848.9505918515933
92845,4669.5771791826
81670,2409.4954606530855
42951,18337.082262860997
93071,2346.6816609285147
84353,4277.6224532523165
22171,1239.8450357512668
63223,1765.2450507159656
71994,1257.0604351243371
85029,1596.7466687312642
38841,335.29563759343074
34347,978.947688739916
49889,962.7614316230666
61347,5567.789952875801
73840,2657.938263405909
21207,2730.758064454916
31488,1519.3826602056972
79031,1246.0350239419145
24017,1376.8751765015618
97924,943.3639241362175
9482,850.1688673613044
12422,3901.5078858999736
82058,4317.829532820474
71682,4692.348343121927
83896,2194.9335894098904
6019,6504.823328974949
6584,1393.731401679898
61145,998.4598993180077
39008,5317.431345664296
78336,2751.3147545257043
68282,1823.252867820039
61479,582.4758001507778
98463,953.1371448473766
75566,551.73113197073
87701,1414.982043149876
46237,1739.986167794666
75791,3408.133247776184
22735,1919.7397690294097
39019,1575.9486254650203
84901,8531.76700138679
80838,3148.905493455643
20764,2461.253204698874
47225,331.93785352642857
74039,3238.619235857459
81512,5670.443195831181
47292,3564.8680115344996
62917,2848.0546527291217
32584,4654.344806949821
31191,755.7441993726305
53804,1452.6121716585817
27967,2807.668940350539
26455,5310.154484985373
62417,4656.194930763592
33484,1191.3095356590627
85712,1081.1114891106254
11993,3489.650419484436
90180,3524.3511675841773
38972,2273.2393729324326
68045,1343.653069521548
46771,1003.1071763043482
36553,1396.1006859486556
73581,3447.1082752495113
13871,928.1892410569579
19044,767.8326225648725
74015,811.826665284757
22247,1864.5557466802982
79610,1927.6931162394653
91300,2176.9660768263057
8449,2740.439874506383
74528,3657.097018161157
30751,4192.147154652718
10722,749.1727670335184
40076,1540.764950141836
1692,1378.8840487116747
40461,883.4367129241148
171,3279.015129808539
86228,4008.3188691261644
30376,1361.1083261782032
28838,755.0229906677304
72407,633.3391689389341
40287,6318.18304480016
27986,1504.1245421710503
55413,1392.9804891172544
16118,2690.790432664693
83341,7885.687247216076
94980,974.2365008503259
72386,1989.1076417290237
88068,1462.949631092499
11564,4524.971062624907
32234,1057.4085063867701
91375,3697.916347237113
57050,984.1472383677442
60390,562.7447038390256
5946,6096.349183149065
58340,821.0785064656404
77343,6933.639897446846
72678,743.5186882144759
83391,1187.3741553172279
49502,1584.852268653754
78651,3403.8269694129635
87929,2081.53423035637
27511,6890.148015575672
66644,2045.4924431166387
3260,2563.6438423191116
93767,871.7385620565444
7685,1892.6599954721794
55124,2000.4488624383646
87719,2527.2200076468184
27449,4429.565723584292
55984,1653.4255351611746
79627,5013.4593127753515
76217,2491.601642189122
47101,1333.9623351548105
64250,1109.1732489744088
52129,2019.6973298870123
75291,2345.650690602864
98801,3304.768941239801
26935,6701.123865590158
4896,1703.502800683968
80394,2084.126711300303
21346,726.188521738633
8151,1259.60355134312
29842,335.42321097946063
32693,2650.7289669793668
5958,10494.305792930443
31167,3309.1932717228615
95756,2149.8453574791993
3705,1880.5950941736162
71255,1982.188945725971
14448,1646.4523488246475
70457,1399.9850256217396
10957,1515.9510174716006
62689,2223.455334101879
32003,1011.0631136357151
91896,1358.2907261455077
38967,340.15261995797977
61742,788.2085951570701
85747,1010.2612550455765
83296,2243.82779539647
66390,3853.358740476414
3937,2096.9450375936526
37626,580.6376916681739
40053,1083.4356787168551
36951,603.8722432672703
28979,4836.7297979724535
33445,869.5273521866653
62288,2743.150300006277
40712,786.7049766476845
51822,2503.097045240809
71459,2635.40601982273
9938,10388.210110599815
69475,2221.273490151264
58099,692.5533444552251
5800,2483.183354857111
78639,2886.5646078956042
68207,2412.9328095881665
51658,831.0698333377115
2258,2621.9024707938775
56074,2156.6737497968584
40111,2440.9864749785406
20034,1618.4926664223433
83294,1910.967292253939
58257,1647.8381905928386
39759,1365.5172876032557
27127,2516.3589279303583
27237,861.5074679600509
42871,3336.0886477748045
82963,2577.201579003751
2292,2779.376038810846
8032,2556.9862392606374
4328,1611.8512272218431
46113,774.5174409493745
55064,6349.332435873127
77406,2337.601334459924
63775,840.5224766653057
59620,5608.417006540267
7972,902.9912960435345
7350,2562.3207074871484
45152,761.0358149462587
87959,3109.146404761442
99077,2790.6891798572715
49287,5919.3269849149
74535,1671.7337959999884
62461,4053.313424522516
75018,1704.0437301455102
40563,1035.347823910927
83265,3459.8408186103684
50092,7534.15127118186
277,6340.746819113813
12848,1753.3644223106714
44674,776.266801547918
37317,541.8124485493819
73703,2791.9784600769012
94795,724.1150344475224
9251,1149.7635979288427
93340,804.4458397577355
85563,2439.196508617504
24174,549.5075838513294
83030,4853.445610104759
1951,366.5223761298983
58324,2125.3928920835037
47745,952.662172515481
30856,1494.0717307987047
60904,4613.72633200988
63854,15761.381577135837
52090,879.8053622560719
98838,860.3312900302235
60069,1065.6674060341475
50915,2053.136007438907
80526,635.3187394884892
31183,20890.338023358818
81049,8099.432408244903
873,5852.98586531504
51718,2612.092621222769
51030,1446.4841671161719
32314,3162.8433843963944
26314,1458.5485318753856
59420,3753.164452833867
45303,2838.112493850061
88832,919.4195522751985
91664,3407.1967315871625
5930,443.3625049461345
32954,1306.5125518151276
30709,2048.1411095391395
51070,1280.86282059264
28421,3574.6616493609686
39913,3375.054021688738
54972,849.5716465160963
86471,2947.3823386943504
18425,1193.5041068967587
74880,789.6178329744921
59488,4317.13455508122
46610,678.0972018135874
99087,1591.1614929211567
27387,640.4973438897686
3817,475.2833052989725
64482,714.5438698814995
49723,1555.9916981526658
6203,1956.5741829837052
15588,1202.2175017023158
1373,1987.710428853533
11119,1348.250053207552
83324,1637.7762651549347
55793,482.3107080538987
2320,1784.3382473490415
24623,1367.7767777979907
21903,700.9082369561634
916,771.1926882915106
6484,3754.255655306016
37978,3618.1048706387223
13723,12141.750107006896
30557,5019.799011968216
50176,1658.0935294581325
70911,2443.7875641532273
17120,1774.8336790908581
92773,2142.0018148359068
23293,952.46679132498
83055,6377.680280637402
44742,3974.8265119555135
97548,830.4587752943331
91383,976.1334578387817
6816,656.3811756116507
9207,3207.1742455830595
86278,2856.31774075705
77217,3583.8150340757525
31858,5089.49532131062
63903,2005.1663066618894
8930,1720.1059547580696
13227,3113.550087238574
51149,2514.680103299638
85991,1497.557591555276
41232,1733.8162395871232
91563,1815.2181169846483
20171,1129.410791431222
22762,5702.924526429508
16027,2723.1458024296244
78051,1491.298410131025
94589,4581.590393370934
51343,1697.318529545305
44626,7977.089802523341
2156,2037.031855023304
99877,3335.566382627603
52211,1055.5329443839487
99784,1352.953504611698
14857,851.8121293299955
81143,3985.6270037933996
3579,701.2753883903803
15660,1585.3898170968298
87004,1530.9339031123957
26945,1013.9154367603805
52645,7852.874263335769
90690,7660.214898490026
4863,2197.161687717263
46686,674.7500721365518
63207,761.8734518619956
48102,1600.0550573085884
61214,1254.4902430487148
68341,3999.745323032085
8590,2765.239867509481
4764,589.8149443586357
32900,1998.6246031425308
32612,463.25414359185163
55583,862.251080824678
24718,2554.645312707254
52094,672.6964800555214
43377,995.8113461685332
98147,1451.6883040006387
84231,4170.46869939062
51819,1927.8062584884058
8095,2372.6806376951413
75381,2040.5210401209354
28863,3248.0084709186135
35609,1737.5881490804938
72502,4207.322694244005
49082,2238.5443860340406
46710,683.8758915400266
81135,3979.3037104287596
39093,2701.846871122518
50269,1014.8754380884225
78531,851.3836165590966
67495,1869.591844515545
60270,1762.5702217169016
6066,848.0780442185456
24956,950.9351374506907
71539,846.4960025997342
50855,1115.5942966478622
45569,11327.089603217846
73890,704.3740919946958
4287,1823.5163112743444
69665,892.8239077715322
65896,1381.812505224356
22458,3887.6392534474453
33791,4000.02478582602
74841,663.4202119856873
158,2053.527230545516
68139,1497.3156281767237
66185,313.04594505816834
58724,2413.3236286979313
48555,1255.6303521622567
80187,5288.418882831792
6883,4214.897269999191
48981,3984.4660591062634
17393,3544.422223869188
88350,5336.610233464528
24076,986.3384548402358
76699,3728.4109746083996
12002,4183.5622699744645
30723,7513.525359506065
53120,900.9448743370034
26783,3102.3335152591667
95034,5630.121618520529
22314,1689.5111832088157
58388,891.0589174193913
20153,2003.2527337913778
64457,3673.116711989393
94034,565.79443839805
23098,7902.253007446863
63753,2063.3619284724005
24855,7178.267000423802
51701,2261.570452498878
99967,3783.3080070907436
77076,581.6663537702595
32358,1804.307414979787
82918,1206.6679109101121
15761,3961.88030691481
88107,1173.059885229412
26287,1859.9457776528357
46957,1888.6769241910852
21897,5195.81393327832
41974,4646.135931118549
50647,1464.105161337687
4848,3671.555217926282
72429,6880.273687229677
77928,1267.526495084924
75583,3872.498790624814
82792,1355.3546272591773
83751,621.5650367833404
67220,8070.869500315313
41225,842.2876837444263
1124,1084.4636342808562
53166,1488.4983630824604
96391,2777.278830446616
50732,5651.192852572407
80642,5218.297504178592
16469,1086.2895534645684
28982,4927.198989009702
90513,1603.5373767969331
16007,679.224262164096
6627,2919.7708193481467
90444,1064.8995217763993
57228,1746.7236553285911
92224,3496.8048447864144
24297,582.7119496403503
64966,1659.3915035457644
1513,1248.8098033525732
76442,4527.268408469171
57054,2689.207461144862
39877,5165.251821855399
82556,1561.6561372345213
31481,1940.98948373593
78354,1533.7730360481225
90878,4592.068961008741
46506,8822.487038673476
70446,1375.7910502857274
57347,730.483332646219
92821,3877.140145485453
68689,1057.762093215636
82435,3479.0809751284532
60556,1967.9338752548447
26799,2088.825592117346
25647,4749.191190634053
27878,2569.6816640239526
43701,3023.3942670667184
13037,794.9849370621791
15335,664.2578444759472
87731,3865.4867822577935
15852,669.7524037139946
26130,1332.1388451898997
21312,1236.2113021191278
87707,9057.446510679078
96142,3225.5919829276772
42420,2745.851694514323
95827,1166.0140187386971
85054,2816.482579232718
33113,1994.9990624916406
18627,1263.1591543076227
53288,2214.4855748816076
6211,2404.0472592860365
55473,765.6044219495585
80107,1179.010900611087
94928,5038.134280119586
74553,1478.2867239579778
97704,538.3992761675518
9915,993.951368320434
41383,1322.6268782922145
86799,2155.288628759269
7968,1576.3299416511522
41198,685.7154087792862
5183,4380.757972957594
21069,1859.5734588812657
76413,850.1389251988344
91272,681.4866288522724
29113,1520.3575688287103
76895,739.9349006007055
75398,2434.222507690867
36452,840.243950654645
66831,719.9523701738487
50675,1465.353270215827
24868,6314.673839898655
50833,1389.2554757379385
73280,3373.734087988903
92318,5296.6835607759285
88689,1336.4827043704247
8006,3741.866347774125
45989,1756.3420286152138
8130,7639.191274851747
90725,1466.8656344467418
52085,9715.194399409296
20128,1910.8573437396728
28126,2145.4512973247724
80197,9259.30680671639
23498,5208.372735531227
35518,1738.1039657212054
55387,3603.24535184277
58879,5092.947834287072
86711,4013.8754384251274
35958,21730.136593935036
36898,1172.310609667221
89491,925.2048763890074
86151,1001.4699520742007
99651,1360.4972081892417
66967,5383.150540949869
86931,514.7653722395103
81966,757.8305727479824
69211,1880.3008706830776
23503,713.4899859580308
89034,1610.320876859014
45124,3637.196572025828
3858,4586.97014336669
42193,14973.074854441295
34987,937.4153225179152
63005,552.9850456812786
85025,2194.592880061219
87975,2684.536511782781
38669,5978.832042089407
37094,3918.8940071820102
92788,5882.383179403106
5027,1650.208771673189
20630,1190.266896129398
24938,2920.05489727816
58716,826.7765394854528
71902,2445.258091777972
40268,1747.0730514408144
12989,939.7349854406768
10554,1740.082243419576
37872,1251.1403453146559
89951,1480.7580825011253
80065,1328.997482817416
5458,1018.3278932680092
70161,1542.6840209209129
19439,798.1488071447482
47348,390.67249785048017
51391,3745.8957650363377
25057,2019.4506628469526
23842,4993.797814075558
47794,3793.454971476378
99355,996.6865931938513
12375,2453.4975578568583
69559,10994.508419258387
13564,3560.983429825322
44436,1332.7087808891492
62786,1446.7085317354429
46226,5306.855357372443
926,599.0583883236934
7521,2401.8836354283517
22869,3401.870361678512
9822,4115.932387108481
40838,4329.963283103161
4773,1194.2114088722344
40698,1639.0958188746358
43851,266.9507276186833
24728,1513.4895505679901
97445,4102.385137895518
36409,2631.214848577702
93985,6266.333345842345
74005,907.5881310283245
75910,5632.256727549928
54428,672.9722634190878
49743,2108.9306456403096
83989,7465.18439147865
17100,3883.4571493117014
94775,686.117213239126
23437,4770.080508830473
7895,1558.1768391156545
45197,2296.1549875145483
65578,1523.849861994821
73034,1465.3221781685872
82836,2039.163805883951
12129,3423.9601235006244
48676,999.0366725835303
26769,2321.7990278182265
41606,2960.4039835958033
7574,4525.834264798974
53413,697.7474766475084
7892,1738.217309969044
50513,1099.383128014375
15293,372.3144291186586
60203,15392.229860891772
94386,1337.532011034397
76370,1544.045411992647
18435,1876.4702420563801
60214,4677.898934260287
77449,903.6919750907422
64217,974.2746686918364
66971,2163.738306755135
7896,10714.94641114973
30203,1834.7358120500828
52264,453.776347114355
92002,9689.00388467268
598,4846.463516624288
53380,341.12514528563656
57245,3702.255341719163
51602,3406.271738249377
22673,399.03244178800816
85264,1790.3707818281018
48724,14675.52986720927
71950,3974.125137818181
2217,897.031746750393
70946,741.0695876323585
4305,1835.3036023792963
23496,847.9906749981668
95418,2680.292956653278
45133,1209.4402605215257
71454,1316.502796620458
39889,1977.5205045281557
48892,2817.616801527251
501,7440.866215340905
14653,1650.2361824000125
43317,2408.7927119020273
31336,2022.3996651293205
64231,1266.1992141609771
835,2954.7011216639416
87332,2455.2243179392635
6542,3392.331088976141
41975,1229.1343707042445
95940,1128.1252421112526
14565,1481.0072279495128
77813,3561.019839962169
72984,2183.352771313336
7299,3920.4486745622094
94875,1366.3540881752024
58458,3665.6678686100618
24819,3309.64874743359
28845,4889.891561559089
67124,2263.311205924187
71188,2913.3108279272647
20600,3261.6786139516767
33422,1880.6147546320324
69741,748.630648810278
84937,4689.7415476201595
42104,1226.9400301966066
38737,2248.062959775065
68823,10244.090454000212
34275,1426.8397798838646
29652,1914.7850986154742
7954,2860.530181219342
72403,3131.9634074577943
34654,2477.1768607868917
38105,2753.8917360547784
61733,2368.6567536008456
58107,6653.187731301463
99385,841.4076687383866
95230,3063.209306909202
17410,2169.0257328805305
63282,5995.511566358912
78078,5487.956792001923
29421,2053.0516240984116
54521,281.624990886327
71693,1943.7217124492768
58069,1294.6079122414626
20884,1936.8189047257836
2457,1738.6464033462407
75644,985.1721092467006
83371,1570.5170775019856
97052,1744.3072802885717
59275,2188.4983709988887
48158,1257.4286720350237
44076,4970.293442100009
44018,2420.206447890396
81562,798.3913138005823
33461,1367.0218944824824
62020,1441.3226958243024
29516,1380.3308971322708
13612,2005.4681220292114
25332,1886.4753894420107
81377,4462.950678648742
87734,1684.8434674011164
83458,2558.37616667516
47744,1659.216252816518
82507,2726.659685360761
52723,1649.5436956392928
91651,1784.2556018158937
85888,663.2017267516818
87715,1069.2798766914973
44618,2460.4716471370434
1693,22055.540752731773
65351,2000.7031424826307
89276,2236.4149079806803
56348,4867.245377068335
2956,5534.466462811246
68021,2545.9061046853362
22237,4481.991953192843
20042,9964.206421256442
77877,2455.3744678534063
18334,1765.616204864111
56901,2356.6369834313236
25306,650.3930328177042
43441,4777.141134441724
29446,2253.1491486430564
95607,589.1527416838522
4019,4677.852546070749
63671,1602.940733758988
32714,2903.9460412500403
32902,3505.02150820042
41315,3342.8595709223573
16210,3735.4071682322747
32257,5896.132358487087
79115,15650.123009521607
51582,889.456948157838
12154,1250.9317875679612
3336,992.9237502283078
70544,872.5347359097672
86445,4080.2671952462047
93388,1423.2090621142486
95253,2276.1313195232547
86252,1118.6287403217757
56932,1937.4498294137534
37303,2787.091364072534
5526,2100.5271961777325
24329,3243.7726215390035
21720,2397.4568156484656
5090,1008.9311304860215
18955,2660.8853271194453
8537,565.5345112099193
43726,3811.0807158054645
33696,2236.9292491796296
79783,1099.7177453106897
45975,3167.7199991628177
15311,4465.790586187258
11101,3693.7107971769524
85918,1723.3756066419885
51504,5462.009874322407
36849,4575.244979642802
25520,2068.6783155093
13319,2792.3809680481468
54088,2500.4820982528677
27289,1889.4347801581437
93722,3762.2125792346283
32164,1231.2655943558345
68204,4374.595845612786
73888,1368.0725386112879
15305,3509.9097122201565
91108,1195.12238803056
48426,661.1475717675057
60817,530.3423424759593
85185,508.1829699141758
10567,3533.9264213340107
17179,2239.5674977660965
8053,805.7549891231014
26557,1641.9631413561392
93209,1260.4682775179547
33592,1152.881002264398
5050,601.3950635944802
25764,10948.484990266847
65994,5067.393408117027
36266,1415.399782377744
93428,2164.0036699185002
20514,1482.7215342896434
29664,2199.6709074516825
50425,440.6223362860399
97157,2748.306258545252
31044,595.4299555970433
47561,5781.65192156074
95548,1044.7612416123818
63725,704.7665530194386
18248,4803.409026527786
58146,5036.112006806247
30008,2014.8256156215948
44497,912.0528342823017
41127,3863.165241726639
69922,3983.908005279435
23600,2096.3892422829217
70298,1621.0585832693137
38820,966.726110954227
51975,1367.13293582177
77553,12845.702566207974
25178,1893.2020098031812
26057,1410.3928003336014
97762,2444.160525245826
11639,2222.2906287901124
33384,2187.563466069776
53461,6270.187846560611
28698,602.1169088135445
25273,932.7314283258387
76523,2465.378496886328
46234,2687.597508533646
60337,1386.0403097813985
75773,1473.732548146985
39106,3401.578529556252
71530,4772.0258749014665
43960,4560.97516147081
79761,8356.85362891378
85156,5056.237418504816
33998,2865.5823355471152
89256,3805.998572427261
32349,3138.179997800788
7588,1469.1745279811876
53730,1912.6811288699146
8687,4370.881812147155
6787,969.7113066990171
43378,7884.986745011211
14251,5123.354842658894
42395,2116.3203066564097
69404,3156.731983243949
39500,2312.2199566556615
61401,1652.7567925947938
98398,2095.5370642321477
99455,887.8612021089241
29297,15054.732130273838
57979,676.1785708731139
31936,675.3799568295968
82662,3020.552791395278
22568,2198.2860876419218
28757,3193.9352544187536
44287,2184.4789474321274
62404,4601.48040820806
48233,462.9372360444523
89487,1503.5492405934804
92253,1209.4517986419216
55303,8367.949355685216
86583,4553.581972629167
13952,7414.850228228358
82536,738.0706407237241
91601,326.10775196667464
65580,1651.2928285948547
41397,1745.7244642687392
35062,687.6094261593796
20361,14482.750238074472
73658,4140.772996409907
77942,472.1406513419906
7460,1205.4642665559359
10152,557.8815554382559
33567,2893.631716851096
36739,1354.8661819878412
53788,3485.438869839837
93765,1066.22573819957
3813,1050.796989920913
96631,3438.1979396490897
84371,548.2963605548208
78196,5184.091308781348
47305,4722.927153274915
20547,1545.6474423076752
59318,4177.548772811351
72033,6493.312619232771
24273,8400.993706889318
53425,5123.766730382307
22682,3685.8595027207693
74452,2050.8360936723066
35015,656.101361417427
97301,4261.290684158901
9304,293.89225073594946
99961,2056.143392656502
19875,2042.0305378240669
57188,1386.241288851346
99514,2633.588259651036
24029,20887.10909156879
46747,728.9163197555902
82772,1342.3481943673119
74704,3917.627957038759
54090,2436.2226512610755
67141,9206.73873968315
19732,895.5985374560765
58558,911.7173342531361
24706,975.0314743686956
7427,3697.223353268034
20905,3770.412325427318
554,1454.6572955372892
13594,2699.670429696058
29351,1828.4822049604802
78272,242.41701059602119
44135,1263.4324961717039
75015,2628.5995681852482
55953,1494.8013768240842
29301,10086.016565153306
54913,2817.092831239512
60898,7036.188777590026
17371,1207.0047253179773
52750,1236.8078381474718
10890,1705.1208654142476
13900,1076.7471769202155
71275,8625.086964862814
97534,699.3511392487688
15746,2026.0672632657945
51642,1891.343947912195
25037,16244.880220442614
74319,1955.0602955241097
68540,1383.9404225554806
30918,4490.526052273167
98405,2857.3854295388364
13336,1443.0578519810895
37333,3731.4999590433963
35085,1667.3005001254362
77585,3229.4861181337333
86839,1255.4310187169588
61255,419.64546162859864
47171,717.4017633857724
39617,3155.10025209791
89838,5152.081132853229
56117,461.12350800837663
53750,2998.6869022012943
81582,2027.4175481595894
49223,829.6586956807762
15376,4678.199110788957
38518,969.4444757554195
66443,1889.9221596106588
15505,803.4239732263835
95369,3446.6437880944763
68918,2207.042497813164
6788,1233.2888945550665
54749,2710.2352695704644
10634,2035.7343191515495
13717,1973.6181422032191
92096,638.3847459257042
89401,3113.992010445635
89704,2048.946577394784
80101,1355.7401974034233
93696,7685.710455010355
84670,2021.683544364029
98769,2743.7901938834398
21891,2028.2024793454427
77301,2999.286289958236
49022,1643.216787600812
86843,1160.9772620368472
48974,20992.12256161117
78015,897.7780386415914
54042,1545.082158276745
73147,2677.4472328779343
75616,7121.919551697968
81616,1392.086707251421
84120,1084.0471848411503
82306,2696.324593344237
79500,1152.9342087035557
37173,2869.3564721568696
30725,5957.49227415626
68005,1160.574482303664
7551,4066.9800331380675
68785,2705.4834277194964
73591,3924.6125299331948
33337,1365.3565912596657
4078,688.5829094384928
63580,1338.4448383557337
73735,1684.8314329973043
32513,1660.3284549514467
10135,1287.9036299462327
2936,1449.353843020821
17985,2514.1618073537143
51695,9478.947931645464
14896,2579.7656014595063
3413,1441.4997603224233
90750,1248.69074220551
95009,3278.7737042625413
30069,1558.9281550222202
36010,2370.642641896489
26999,4486.456958984074
94427,761.9825814198604
62676,2174.2782825198465
50762,3002.144113371835
73656,1536.8023876086643
31522,705.4972845679853
75329,2747.005321038663
1505,2187.7425413537153
23763,1401.3604433210426
75549,7852.1814144842265
2771,960.9173817665285
21874,2824.1302877405765
11705,1302.4117292315043
82247,4865.409215055832
95614,2882.802694847001
71721,2871.963090830063
75489,2713.7990270543687
63405,2323.162320923995
57361,1163.199902526404
48199,540.9115202447604
47446,2043.2539557565788
40717,3974.034151193068
56676,5610.81482807061
5866,1360.8562119817611
28899,3197.8525568594428
22801,3358.581499459411
12506,8429.586500790938
42495,2023.678566716351
60693,7227.713161764493
75661,1308.894840793129
31397,10543.47503237483
58906,1360.2471203604355
42764,2085.9660577290592
68402,3928.943113723377
87698,3655.0440301779217
74741,3502.072631038911
25399,2042.6020295458538
94970,768.8298713763145
44203,2184.53786485295
49315,1445.35628816009
53115,2171.135263568583
75175,1583.486435154692
38614,3059.42327512665
1287,993.253572135687
48802,8072.682009584415
98658,5096.166173565022
36576,4539.335046097867
78053,817.0124487779126
84736,1882.7288711844137
64505,3920.2594035779807
57244,4439.682434031208
11851,1018.8392775651583
98845,2603.7009178922513
17027,2045.124761751624
87369,2032.3808049659326
2035,3065.650783780976
91759,2766.3033023146163
12208,3316.431286977897
55086,1254.9698691551314
93664,23749.107367568227
94461,1726.6340976087943
74557,1812.6734213918187
19599,5788.241345561166
75627,2777.0128046938557
67727,1687.457130600837
75026,3761.802459715722
51949,2579.989051799151
92712,2887.0047151146823
95326,2852.494907102273
12325,1933.4924061887689
56155,14169.287321884687
62279,943.9631515694178
59257,2014.572137296111
23673,687.4412994211352
67117,2818.4307545867377
31154,6217.826443034134
11115,1871.2587301442345
82165,2038.659185279827
42295,1825.0742928762108
78640,902.1050649472268
54172,1237.6185237679827
35129,355.2940066906869
40416,548.861664265687
25126,1534.209731015967
76147,1490.0214739005717
37236,868.7775591215637
68837,5573.038447062988
96906,1332.916367519072
91793,1795.3191114516114
97732,1111.2198813720888
6845,3245.8765201791794
86679,201.87881787002968
4528,1226.4108676210017
84902,5196.369255775097
54707,4310.443183014566
1426,1779.7555998517685
6431,1122.0830823084411
29720,899.4313602572977
65590,1736.7647485950154
78918,2486.997609697459
88485,1900.6741818248279
26650,5166.347772976568
4687,1230.6528695710815
55565,3398.9834279945803
80212,637.8655369034175
80448,2167.2860924121746
15839,2556.5938108876985
22894,2621.6004893954273
27039,646.630144728243
44999,1669.4942612353486
89515,591.4366140012172
53757,682.3828782043996
16379,4036.2160900532936
28499,3651.4563571336207
300,840.5835251889287
974,1377.4340389894899
17659,1945.9974033423075
25106,2149.428995699389
99169,1319.476648307813
66791,2318.0973643793573
47830,6219.202022419157
43354,491.109063037416
90786,3345.6703687097956
59471,3035.4954535163743
28681,7882.998279257699
59777,1835.3951247543225
9201,1019.1980992115044
58856,2842.142326269973
47487,382.3255899761227
7567,664.9540453552495
12456,3701.5592582778368
25237,4705.880100364942
55578,964.7032265658394
90487,2420.3507362453583
77178,3153.205541765562
85952,2421.850000629125
66345,2455.3093951456253
17488,750.5110696478787
73263,1829.5890130171874
48171,1374.0786592419133
56885,1046.8140047093632
61381,1382.3580753548713
30056,3570.9506865237404
37881,703.0864659711197
15447,4023.434209553328
93759,656.55675766865
54135,1531.9245178535778
3497,1900.741535441961
6274,4162.158222012386
30617,2381.9982797151065
36658,1387.9365660238923
19624,331.9415527754273
3612,3245.913594970515
40104,7717.582668662568
38583,3679.040281203563
23466,1250.8707283329602
26675,5366.418335990881
95471,667.8596332481162
36577,1886.735133197789
49286,555.7472968311037
3030,2755.472699310674
70284,2206.8355631866652
26481,1010.208356960139
46497,2923.875646488245
70751,992.5123516309923
56783,1799.0237356265588
36326,1157.085683341892
80829,2130.1202077434414
4517,3187.978753504795
72032,3743.0214276175207
32231,1835.7100145723089
35577,13963.726008159863
10819,328.17393188227385
5827,1260.373981190596
23545,2321.3423011664395
4079,2710.706284097861
66935,1237.6064057441604
39941,5008.645325993094
75362,1282.5132112991034
12599,3423.931154126824
70014,6835.199832782917
92875,5930.5732704387365
82259,4816.965012380763
12311,2746.940107573023
45278,827.1250553487731
76306,1861.9014812230225
83832,45214.73686647183
85052,1181.7211028137617
43634,2440.644881281914
93234,769.865497801299
19455,2422.0715476431265
35738,4295.238629347095
20633,653.6605117964979
77714,5047.300632592595
82649,3764.616070924191
32805,3530.845734075401
37184,1872.6084050982868
71794,258.90079029361823
30906,14348.792084877596
1764,2634.9168318156776
97979,1605.9041853583124
87744,1374.6761130257375
1529,442.3182831017417
81565,3363.781029789502
14225,8335.633785611053
59172,5413.038777747382
46815,5300.739227294819
64881,12558.706503037965
1679,942.7063350905555
80206,1799.4887812066743
83758,1766.8289835168496
62392,8632.290572242933
39262,1604.3275280898138
59827,4614.416855536201
85350,7168.176366645755
30410,1889.201156118608
66377,2672.778324968443
43140,753.5004519969668
43447,2174.934475776874
19865,10648.049720644314
33935,768.3438774079618
81055,2969.6777814268917
85528,4561.733397662872
88858,324.80850387112656
24766,8691.215548426298
17213,2342.2116777787664
11580,1607.072218051044
28738,1988.5960392611769
62944,1451.2604944634354
35273,1022.8045185686093
22460,6416.752772711481
20559,5931.640462914842
86225,1913.4275924614356
49525,2533.334866084082
68430,340.5141743005811
38402,2954.8372669204377
21643,4709.120524250021
52599,2392.67197736324
10100,1829.8450569959314
77516,9380.582067145839
93600,1866.751727280999
13148,3577.610808755481
8890,1332.4370857142426
75650,1825.3726687129024
59100,1994.1072583621606
85839,2258.2141777926754
98446,225.83292270435723
2505,1945.1745968431494
5188,649.4858869123786
64713,514.6853264204169
98108,2006.98259500334
92188,691.2174439916913
20250,2316.606011143652
11737,3010.0911549050497
8245,8162.3206969427765
5674,1713.2891768442469
58189,4222.729772373147
41755,2057.104152909552
57138,3933.790351947371
18195,4666.695054639853
39667,2734.282724234401
93516,3195.5575889978372
41676,1569.4196806996779
35854,684.922402257618
69540,1120.3422536800294
11800,2508.3177509860666
90560,3286.1384869834624
30111,1279.6846882108453
48729,2230.4364455744653
85742,582.863592165295
82995,1500.5857776893827
74358,8121.715409152434
11531,2782.468711957683
88168,1508.478277772037
19544,2348.280163158825
70773,2447.546007032217
49322,3606.7517335294583
75223,841.1558562925075
20583,1520.0533029122612
96072,1059.106058801115
635,6060.304149436825
64314,1255.1162149397258
96685,2297.255506733368
51529,3351.617259173685
21936,2711.322013893701
96007,5718.190959722348
97255,863.5182527117951
33650,3369.8055720187244
75606,621.9711915785178
33625,1466.2517583081776
67227,1530.3592057095477
20095,6361.483313865198
6139,1476.5404566347709
49199,1769.723581942191
98218,1533.1134027728722
69272,637.3446618248402
67285,3232.781257371735
66404,5677.812682354735
85797,1273.8692741751922
29706,1391.7409199244876
58130,1564.9354556819649
45620,3655.0457838204557
46675,5394.420101936765
78349,3233.9605405458406
6311,2694.413768451027
16091,5935.599024673421
91865,1255.7346927891338
86087,3785.5269304788508
6177,2735.6966901777932
89677,1636.5844596797783
9556,567.0463130831768
95802,12665.0513692496
17932,2826.1554459377153
12683,3908.9498469666064
68199,1108.074673516606
98734,6042.366432968121
71701,2172.114169310133
8379,1603.7638449203373
87231,2979.672112013281
48236,841.5342153574844
85571,717.7167547298628
66272,1091.8517906745546
11079,4027.306919848173
36238,2836.142296193235
54500,2642.09318341441
53776,3306.157281089307
18593,1913.320677376483
18129,5047.508151248386
56195,2170.0778208737033
64033,1026.9114806316486
9567,1513.4339202978545
3982,1366.0146365780163
26522,8255.366109229299
56894,1894.1381899231055
13514,2425.6438804696777
90535,578.8261600355985
851,1387.328757476046
62308,2841.9957471129064
6590,6508.965347949607
8285,1762.8330419964975
17417,1688.1945089137014
92430,4306.397970118675
79184,1436.5441405264698
90635,3941.1530377003114
67273,1472.7336076215024
59909,4552.175264952029
88700,5643.1630518127795
56191,2482.7598549893473
62600,1223.5139867889175
2136,3342.050183901303
5437,2299.8200906511033
9754,5335.665107973079
19683,1730.378169533443
11559,1838.14255604872
41683,1274.982824847796
72582,1678.4229639830219
22628,593.1894181607205
69422,3186.7399170504505
27961,5954.229571062666
59710,3059.3447565600322
79575,1324.606266572233
85037,2042.5706477826532
85647,1644.5806433422765
56031,3938.2790286701593
57349,1965.743017394254
4881,534.2797468807685
73489,1129.4060839471506
52259,475.4106936180911
6193,2415.1054121627067
77979,1226.8904874301259
58997,2983.071801641396
39447,688.2922871556406
6231,513.4720901080013
76246,1397.863517099811
97406,1615.7343867266732
10060,418.3246162741864
60000,1165.5077036622647
52415,11218.738584627868
43511,256.7296143356663
33468,652.9681625238735
10535,515.762871045814
91195,1193.486236434549
63454,5024.792710093916
93132,3410.0711586603525
74044,436.525185998097
7785,2563.6714074579036
30425,3435.035702948488
81714,8025.549474640571
94979,1781.6572554736538
4011,3771.383057880548
79697,4214.351862275946
63106,8895.241514814712
41946,591.8076276267453
71,1186.4278741719868
20779,1068.5918659798938
55882,2108.2870034132293
56931,474.0833013463735
57019,1119.6191062758085
82001,3268.4354935371202
26089,2687.6815048236444
17576,808.968081612424
82264,4523.342676170469
2635,2292.5586067375853
4276,4885.196741745235
11523,2629.1027594754073
76950,608.6967966309371
43187,1383.2600474372919
73012,1976.2338006042298
63522,3875.8685156252454
81863,5100.885637016981
50888,1509.1659338743639
59596,6362.349945790507
7084,939.4652156431624
45611,5171.448670035326
59182,613.3369539857082
20810,3033.553723210253
83873,1851.2497428273487
59683,2023.176897052386
95792,1330.1571011977048
25292,3120.2198907330294
22333,3891.1717848451444
47781,3805.8363335273552
32454,2801.598249919907
35504,7178.107333595672
58025,4519.590068741646
83928,6084.943247987041
89912,5413.069975732704
70875,3223.7269231880523
89391,1227.5400621330723
50044,1021.4943875015836
67596,10271.603079773375
66194,3140.5624460686786
99011,672.7958249474593
76687,2669.567034876194
65068,2031.0740224700899
10875,4621.229952241493
65550,5473.2467905884705
73026,752.4188681858608
7228,3794.057624179415
99764,9962.855105469707
17151,3477.7130589468998
15551,1584.1112762699815
51360,1841.9208114592655
32588,2260.2117563342367
77552,7172.890362559954
14592,1200.3648434558702
31124,6426.629246099341
46863,1582.663314481326
60439,6464.602576394697
36040,2125.5543824249758
60359,667.2910574339548
14950,3938.5824789440003
20649,2418.380286187181
57887,3046.159289432845
93064,1874.217736348036
7412,2042.5125097132986
25152,3190.781198407697
43700,611.6752601697784
88094,1302.694415832922
40826,2424.8697885162023
5921,7709.512533801197
61959,957.277260887508
68531,765.3413429717707
32950,3229.914700812661
64831,6724.096528763834
84601,2755.716055041477
58521,3567.6382954516625
74771,1802.3794676577882
28237,1225.476630500669
87179,5567.934529183245
47267,9967.815207928466
5217,1849.1442858251382
75342,5865.23021872488
23014,1892.985294654308
79573,455.234875221009
39578,1045.0589400054664
56305,322.39412100118324
91815,1164.0643129643888
5793,1934.4968110992231
1745,1523.1227494352615
39775,2874.1097027896185
85097,1414.7506890646443
808,5665.922773268537
61902,791.0648517122925
83425,741.3364270726373
82068,996.0718706792609
24187,1174.7234937885912
24000,5675.37135620269
77048,2058.1737493856654
31466,2162.6917058998074
34622,1236.8644422892085
76558,1419.980305809823
39628,1205.8396878853023
98266,3295.3414169690573
56877,333.8469962834203
50204,1664.6799718278694
79694,25520.550291240077
87130,1818.7447039669325
54328,9579.170944656447
47006,6835.914385426216
38800,891.0409509433046
73626,6051.849571772843
78653,848.4162427181741
16803,848.420295842064
22422,4352.804212979522
27741,1026.1275350181968
76885,1380.6413190953592
43126,865.9486921069424
28558,2654.3012533146534
59920,7598.64592341096
10416,3510.9712210140433
41709,1583.849334382564
98380,662.1632725255541
3521,2005.4981991801951
10886,2048.979496158565
11512,649.0326035064475
88420,1573.4991214457732
57353,1028.8199858014
55546,1142.5561636942405
96489,3631.668770255777
91960,1169.425370407135
70281,18625.70844894041
60169,737.1637326877697
335,6398.904296647146
80493,2786.543486170672
80318,5994.1381260932285
10908,1900.020960092706
69336,2978.963847800938
56702,3309.4751671252334
80315,2124.201644543195
89122,980.2586493659707
16033,2654.6775092996286
72973,1739.976435255436
5603,2327.1015911174104
97864,1041.0017665861767
28060,358.54366269887663
89263,3730.376466691827
24363,1352.4104434129051
53085,1821.2611077131203
7546,7277.094914615369
57841,971.263313683498
93766,4223.432486320688
41617,596.3442266397421
46556,1842.8213258661287
94162,2329.8005287125557
21185,2425.444765416681
39326,1354.2166621375377
72005,303.58205588005484
49237,1497.8174390113427
90061,402.3870413699038
59677,3115.8989184663315
55244,1957.8042943690803
79065,4692.598094092654
31002,1244.961772691752
67927,3755.501486689017
18656,4332.829276340064
58606,1640.8095968847722
99464,3651.4148867683143
91702,1525.9158615812519
34122,5906.144072233717
36691,1014.7790231054178
63350,4700.733757301874
34896,826.4105445546052
53929,1284.367047587544
40325,6434.69250492163
74439,6371.686558306396
6132,1285.732402914437
92579,1852.930381358739
90252,2978.27102146385
92745,6308.075678850943
91612,1468.210969873832
69623,1246.6510753309026
40039,1310.211030700431
95039,2162.7991910606897
4810,8074.734456582853
28378,1228.4475695469453
28146,2089.6299652522907
54408,14964.102540817055
33088,1896.238767356179
84179,1484.8144339378796
2520,8661.43621422001
95095,7230.173023265445
10186,3375.925272979989
278,2799.3712549668685
67600,10710.998916970286
28941,2530.7335847796185
83653,2881.876523208632
92319,685.5515645998387
40463,1324.6327948878136
42082,1040.3734902273814
17996,758.219568207825
39492,1229.2698542593957
19736,3104.3890273498214
60302,2345.021042287394
92977,1311.995448791778
95791,981.1495524029752
14606,2636.1354390224374
97494,2581.347354676324
19619,1110.8732330977123
31273,1059.126649318915
96396,650.0931920816687
52602,312.23453385441314
29500,2884.67460443832
94668,2583.3539109559424
79289,3200.805614411452
15989,1443.1191246611625
90477,1343.6483514437848
91200,3416.7375024618955
152,2207.8970639399818
70482,2118.5123077138724
11619,230.44529510383038
42433,770.2549071865417
78617,1575.5661349131776
40694,1444.4789058291008
52699,733.1282042633965
87670,6495.57498184527
76822,585.533870013945
22946,2348.6262846931363
87203,1645.701661579227
52945,1482.58960332594
86119,1693.1733138453526
70565,1450.2778798518411
52972,1881.475188388067
32449,712.9231947604502
98942,2878.4227652993054
21189,3511.397619499423
28297,3530.112797956064
4831,1993.242923159928
62078,1330.0349985580378
62846,769.2156497697873
92564,515.0524205204147
6943,1445.92730619961
1886,885.7486089968924
95181,5646.532080107036
50755,341.91215534799056
70464,1853.7351094548537
35875,1790.6880833612142
51438,4368.8176133888655
51080,1213.4892464460354
91467,843.9507867776516
53680,1711.0324545087299
18571,3664.4072981727395
69264,4061.597414551947
78615,2244.4515882310466
37895,2793.9993128484466
520,905.9174119871923
3856,6354.72445697583
44343,2363.334147539795
4657,3558.00888261179
50827,1801.0904779554899
30065,4535.095884836361
37368,1613.1439052379792
44348,1907.0270276262868
49292,1893.2999993805886
43556,455.45129674797994
9441,749.0438547821379
19102,12052.460893463158
30239,1233.815175133709
41076,4536.648197022962
1904,3671.9941772678726
94983,1671.710839152502
31969,644.6833211054528
82106,1429.3352338908169
96073,2401.0679777416767
59305,5698.465592400104
57412,1994.2376443649491
7328,1481.6369256046332
52375,1911.0825046964462
14790,1028.9576987421412
2362,509.521259778952
19937,2760.2435881062024
43571,1814.1135954179056
96528,691.4859174526043
34447,3462.784517022846
24968,2271.9399362038125
9458,1255.710085776493
3313,5134.782572690579
11982,566.8998989822392
29636,7237.759265912275
85812,2215.8089549446377
16352,1008.725152037009
94181,1104.7244024703532
70318,637.5949904981718
31714,305.9189091590065
48903,4193.605614789216
99860,1148.0653535203855
90411,2591.8836506437815
10209,1073.5799733476092
2841,791.2290834427868
28924,1443.0331578452688
39656,750.479598102891
88203,1523.3575287838905
49574,4418.011255402676
92363,764.8872502816939
17612,3113.883976367234
9843,1068.016869904712
18919,2867.00512502615
33538,894.4900288765049
17909,3942.142086112651
68640,1478.6672555653734
30584,4047.0486419624
51143,1917.2291363158822
89042,2993.0094976384053
58378,1484.4019282614806
11967,446.90741656644155
15930,1339.9290268270192
65090,4172.689844166641
80222,1558.2967915904594
94066,1776.3625472505805
53302,2586.1079402820233
25512,2188.2120478603333
14475,789.3329912832504
11962,1202.185165608321
86435,1807.0284007226583
4036,2036.5108630195346
23484,1235.6448466021398
49118,1510.146488769117
30660,13531.0726113793
5820,1212.752764887807
67513,3364.8222669778456
46142,1110.7555641934764
40363,1850.505472648248
36275,920.8527377152938
85100,3550.2254744807287
6425,1944.2856101426792
20735,4984.302609555762
46967,2445.636898791727
1640,2622.672782543698
11503,9434.5484937007
56623,283.9663001434555
68508,2231.802363066986
42310,5431.090273733635
99048,1444.7978909941623
99086,260.21386224213626
41235,891.6569338516787
67129,3358.0948401699943
54437,2325.036314490714
95672,5725.0315764459665
4227,5187.1023525764385
11905,1569.4182286389337
34359,3255.691983884333
50381,9572.876022144379
50563,870.0236508490854
28683,3571.7953066009204
25242,5301.620086618125
15868,1269.452902488562
85774,1064.0956744759762
43524,1516.414326332832
81674,5642.006532089163
76996,2492.7117239353624
15827,4026.6430421318237
25218,3121.937403704908
38565,676.6826325485922
34342,560.2212920391431
35335,5708.807283309074
56407,8211.181119125558
10273,6397.0808796584715
16234,5307.186339901437
59491,3592.1436056264884
18356,1363.121126280938
17625,2346.9449525908535
72198,3948.444692736369
81003,4218.972768550293
27758,525.3038518989791
54127,2451.9924913988943
7013,2378.3429553159845
22865,672.3327068715865
78986,1697.458278687806
39347,4363.831650645522
35605,1187.8783564026517
68840,2072.6041221012783
43190,1587.2354625193493
2448,766.0904181185728
12120,642.3137386245603
60336,1731.3935182423575
14556,987.0958718786311
22297,4807.9044462258325
28410,452.434089292431
52693,1666.5542052149838
11925,936.3238992340904
9439,341.5978586821021
61150,1768.1493871138746
88791,4837.024757408799
84037,338.90907500331554
11137,2153.6766674421133
43650,768.2113120438057
36317,2796.004189231768
23699,458.69683552242543
92711,2621.713483866059
52268,3956.051863782821
19988,3996.3592617055147
61593,580.4071181665134
73143,460.047677588123
49356,2652.8167166450526
39800,3273.095667483028
6064,6591.88485521934
47948,4110.620449365193
16478,4594.242240468336
72014,10615.67128092921
67168,3844.188929697109
38237,622.4014882110762
63204,3365.58198196912
60251,3073.320906106377
95871,2255.848610984708
40070,1238.960878279624
14398,1149.4846961889082
9939,3601.735025755336
16683,5414.95934073586
53329,735.7057022349355
15537,1252.555452922499
2539,1388.089492783289
88480,2265.907914823787
47789,222.0759398180745
72858,2024.2165751376504
81199,9158.2693039427
11461,6044.270537795411
39973,450.32986043833466
60004,1103.4389910399675
23704,3778.115406379376
60095,2628.48419333688
37750,1385.0606898986432
8972,7352.308591604389
82899,2267.1976251458464
22138,3177.5981799749493
58848,383.4958407529044
95466,1054.9495228777212
14094,2755.5523169868684
31752,342.2336812360822
25717,4850.276091687695
52295,2377.6880649980008
58034,2818.400748558787
55922,851.060645499771
63382,2077.627023674719
55088,1247.695594632299
60218,3561.9661415906567
37743,1135.6152463101282
99397,1262.996882789836
74664,4177.785081702725
92351,605.7354470505005
28184,6220.161242186724
49679,3336.6101431201137
14543,5779.466049749032
84830,7379.911684990525
59785,2204.292273586444
53597,1044.6324593170211
12139,752.8610771078195
38168,3479.4142730202952
50085,731.2985335078705
11185,4385.186605965089
32333,2170.23647137718
84109,2050.4128230346546
56457,1833.465336719125
69187,2041.4413024556575
6737,2827.233785250625
64992,3701.4938864277715
76911,3063.2781883400708
91510,2373.148885710024
33577,932.1030689419723
56721,3572.992053284413
68982,3867.660295811631
79950,2213.4571413947806
23379,5159.158593072076
24994,3603.7280917600588
25773,3145.430754312353
26296,549.314457754108
48032,2081.6259336223343
75895,1445.412515741144
43655,2831.291423660411
85584,8452.7903725422
76086,973.1414882416499
86642,2972.328535857418
33574,1454.8610996057926
73561,3566.8031255083292
70859,2863.300289264959
14661,4639.634931626525
24593,8082.989516571272
83192,2418.5791949566246
23292,12355.754298933047
16739,1527.5382816959625
37595,307.1044275301847
19668,2094.246381726402
72509,1205.8146931194353
93253,2219.942728610335
23036,552.005978944153
65674,3237.0840552042423
27053,1041.4835687914385
83218,1812.2850381775029
24087,6991.646721305086
4627,2185.5271834788537
2419,2689.2441138849927
2335,3281.6750381108363
55470,1472.6712170433645
44578,6326.450360163674
43205,4527.73553443531
73098,5488.623253968701
88000,2407.8995342089347
2071,2038.7466194691117
73574,1262.4531484148026
3848,5928.769868324673
38832,6535.177415609454
64828,8227.326461047798
55170,2439.6563302356467
93931,2418.118789936667
6879,1804.5417503031526
45852,2034.0424613487273
14245,3174.2828758633573
61441,1444.0361370134378
86739,2684.0200807477654
76441,4824.918532841394
54361,567.786235836356
75318,2831.8091253758635
98612,14676.686925705426
53970,893.5646234356637
20183,9540.082141176636
33995,2215.4048391685556
14498,1986.7534351359398
59796,476.3900202921378
27204,1551.7865909282943
15937,783.8007975418731
23355,3082.8754968293506
24676,6268.168052433716
3597,854.3114831197603
70489,2409.8574827800608
77148,422.72069030953367
61149,1978.2609614539588
94175,1226.6825932443774
64694,2476.4890040982937
21759,4616.408545810287
73303,1947.425535462069
97824,2656.734456903541
52713,1765.698591415156
57464,1719.3503017553085
75621,557.3402302210277
75604,840.9463015642862
78773,3724.6388901900655
7801,1787.555796079833
79817,965.4986946251049
90906,2428.212058500549
81334,7376.3333758768995
75599,2357.3262323804174
9026,9103.485605116348
33887,3468.7283607556164
23529,5348.15143755668
75311,2823.9471316570075
26619,2328.2206123947753
52225,1743.4081473962515
50879,1380.1618925652365
18634,1831.2197901790062
12314,3289.500362798356
59138,2470.5680729922283
50549,3617.9615865814126
88854,6359.473901832998
85521,6200.257437973378
99501,1915.7555717715745
34207,4855.814700493437
69729,848.5035528407298
32826,837.9998118057337
26383,1227.3397039320096
23377,471.75794404531956
89324,648.5029174066239
27806,533.9875274900307
61013,5965.44364437885
19426,3765.682152187833
86361,1162.1726376656034
26187,1280.3358555878515
1462,4193.991736765895
2291,562.515750849257
53583,12341.316927974502
17506,4149.953584209182
10793,1641.8189467891143
14965,2670.5743553250795
3103,410.67746252248077
34539,1173.8213485047256
23621,2337.693768590249
58416,2376.777425439052
78563,928.1711203825373
93742,3004.698437836304
66131,2048.090163239112
53237,2646.8111788097144
62625,1913.1788758280475
57891,1164.5062103282467
42866,1304.226936531434
19603,2448.8919185699256
14011,1341.1075702565913
30365,2286.705891151839
25569,725.8104167302902
24235,3952.22310686909
39154,3529.253486893811
7375,1628.4553695253596
72128,514.6292326649337
26252,1476.5351993873553
36614,12105.36649777209
18990,2679.5350135129725
16802,1831.3921693713285
67612,3460.822301975886
92265,5898.733714714567
57263,1690.6978301850215
76229,895.2033545845602
26866,1107.627855270973
46712,474.5254213477903
1763,1999.4263317638818
40601,2917.3768676981676
6036,3648.4209325037687
18577,4456.529605644271
57740,7943.334986884494
21040,1038.2729778861046
6120,3758.746614550181
45216,4059.2079905789137
83778,474.19092788616314
22326,1464.1420177246373
12058,1988.2592506407714
60507,640.2434383084684
2930,709.4375331075354
67719,1980.4687311270561
80758,1633.595956097474
13362,657.7417436745317
59202,2166.6085969076134
49515,1794.1666708903388
99739,1006.1687313381485
70348,934.5983579505108
27197,6061.726699637769
72961,4020.259225187743
1999,398.70596317361765
28851,821.1377443811142
26452,1870.4544306326375
8259,2704.200742198941
53133,2430.3656792302945
65412,1584.088147321367
56187,3822.923994356882
68495,660.9802782464973
68516,3918.6391371832406
72431,14396.962906226103
42428,5763.295009323361
39569,394.3289868743206
36074,633.8216435943285
7650,2553.015714732832
41866,1020.9645755329385
9993,1314.611639293456
41825,1525.8132765406244
20444,1014.9346845154823
83250,967.7768725795177
94222,2203.11713274067
82980,4333.916665119442
40757,565.217262759241
41051,3133.562736799767
29806,1161.0917439264429
11842,399.29121031838616
20551,7208.133637567472
43302,1387.3680570149918
17542,10470.564735069309
91369,2298.6623625535435
26340,758.6205109805376
57714,2815.819294115932
49620,7146.8367199273425
6313,3663.3209612205633
91380,2122.0648752705483
26169,3359.754163371256
8520,2669.5467033815976
43665,2911.70746741514
73565,5219.178071989565
13391,4530.051555196741
27914,2695.5631481516766
