person_id,predict
46195,1369.7639902351539
27086,30650.16446225605
35080,2879.139873693372
15409,2224.650621173324
97759,788.4147453822579
3822,2048.078687264274
89124,5404.82334545246
18328,2088.5823956664435
34209,3090.839510265433
99188,2120.5756370594604
80157,2117.74140396845
1829,1901.235705844178
71702,2792.1923932383334
38023,2002.0372125799338
37913,11730.969015092189
48017,14891.775264896145
30207,97.63718138427976
19088,11784.502327997705
80837,1228.2813651298807
15969,3235.9662878731124
83502,5851.928003487368
29388,2043.3540649117515
9933,1197.2300830094719
75690,1098.5468973258508
22498,1570.0179919822176
76557,1388.6223288831047
33865,1554.6417764388198
64383,2192.831919813746
69575,1757.5489129577772
83925,128.12349853373144
89223,5674.846616597357
43819,2511.9133458001857
57852,2011.7452716370437
55011,4424.581951339391
52998,542.732482573218
11204,3180.2905765552264
35338,1349.1854228857883
52981,1495.0144611052574
80012,1637.833277284812
38389,1390.2378080944327
97537,209.7230458059321
97303,1258.8748653017374
75358,4889.02652824761
71187,1060.3396471697483
30096,1093.4901108810977
37745,130.38996474792248
9628,947.3947848147445
10146,776.5731656515936
41005,3270.3906992117613
3797,10327.853006528283
55363,2860.5854447743955
90339,1188.8323099742638
68830,1552.0967576617218
77698,2626.9386933844294
75451,8121.58877194296
73969,1209.787033047378
80146,889.1841743299565
11347,956.9227640768636
47353,2297.8170305791787
19283,3070.4190647159467
39640,4219.4165534273
77043,299.2553891564212
74801,2083.0545402797343
37678,1573.8395654537571
42405,660.6397628218565
29130,643.0217554392939
50359,2177.57043893593
47188,517.4243867667988
52715,339.22272503438035
25491,3221.573091175818
12959,6931.002095436885
10860,3062.136121856206
40275,2363.955135572087
51171,1523.0120950657433
60753,1776.9146409079574
85066,12113.770321533437
5431,1112.3514898941744
42763,1506.4218755523434
23516,1380.3402479035026
56527,845.1848718624797
9040,2268.9961726654556
10606,2318.0322835545853
31984,2111.840208418011
58515,1743.5979588369514
85576,1622.6853785522414
18612,3530.140612378675
27903,910.5749142201166
74884,729.6997379234144
14445,3000.7007647777136
27135,11405.406275519948
35924,2290.430545480296
7778,3094.5663410796706
5303,1919.020834016331
76210,1732.3556761490145
7857,980.5194170789046
48293,1288.4046389382606
85933,745.7744670261045
91003,1134.1738948936281
63344,2981.018541361126
16520,3719.86751001806
22841,6949.544055359051
19557,1892.3740819719856
87151,3380.140754728736
38464,7861.662447789966
12634,7683.272574993158
10558,3314.5111254535645
23652,2373.6474641351215
63004,2789.6975970393387
94174,1196.7701570222716
96924,658.3091915983309
2537,1090.938924749159
70656,12816.813492186722
60618,8852.396622073084
86222,1777.897811262155
43999,2100.998580298538
96289,1129.3143654133337
41997,1737.2197215954031
57238,1525.4542040213332
38426,2755.9256787471095
90552,1788.891434642952
91549,1957.9613361662123
51981,3573.3523482471014
29959,442.5371877291036
37366,1503.841588524042
71832,1181.4101412564924
9711,656.4133475562794
99450,3171.43280176555
57052,716.74846248731
79478,1630.9727604834106
82912,942.3698560571083
57548,4393.440419618461
25318,1218.8305523698104
42567,20346.30081860559
38212,2724.9073412012494
99736,2553.540185457159
1053,763.5861596058521
10142,2804.81517822179
83086,3130.4994107660923
12763,1295.6810298721302
55005,5628.0924994566885
60061,9759.023550967471
28990,1921.9490780592837
21906,5219.300977538882
94538,10721.831273297623
71198,3351.747428400722
13022,5077.776082999337
95041,1300.869957026484
94450,5120.896200462925
44752,1287.205925836607
1164,921.9151255986526
60537,3712.0078345637307
38325,1395.8860176833282
43037,2448.926934511499
25127,3148.6144474991543
74206,2311.8212454901836
58918,5831.177404984701
68651,984.7335430179569
25193,2738.704767401224
50892,2539.9291928118478
2208,6614.909893809834
36228,1085.784384336027
58380,2530.0872043194995
74999,2224.114986758682
9785,671.1056815132347
45674,1119.2776532834555
50161,2725.985526043331
68279,301.4988023668643
33930,2666.39707715504
92416,1863.6141152507266
21479,3940.764461652124
41832,1160.5055046824891
35418,1633.5618052299765
86953,3832.5990766144478
25906,2246.568957470601
60917,4966.9206528157765
97745,1602.7669975122144
35588,2385.582630276072
78076,2946.2050805102544
48056,8598.986358208731
48251,1248.5936818183732
44714,8288.500671058311
24758,394.17422067328016
97736,2606.4563984239867
98635,2819.7220226945415
7509,883.3216269008994
33093,2673.8594587920898
52873,2877.5970795201883
50571,4455.452600898172
72657,5956.374317573236
74354,786.3196380813401
11690,148.77850360935827
97430,832.8208931700829
16686,854.3496059660738
99098,1955.3960097151687
39153,-29.61457167565868
24515,6152.238842119361
42430,1524.2840127116042
14555,3271.004690609413
76691,2827.812623815515
69502,374.1124493969596
52326,1338.3544117648694
17674,6002.171045937575
85356,3017.2352877142393
61584,9335.122012859556
12494,1872.8438265326
68551,1581.4227400662944
34169,1361.4598236766087
92647,3793.2305489926644
14157,462.65303965857674
44448,1656.175179280934
8796,639.3383351717903
49821,1925.0811828811402
50252,1513.8244462615048
98332,2076.4452870367195
50306,454.9785085802773
11393,2953.471851165186
99670,1161.6442057737158
19697,644.2173765230564
10280,902.1556422426588
982,1050.966730761786
86680,6157.637065602859
46136,3892.93480067814
28285,2695.644049530357
89520,7066.827269540678
17556,11579.004980850272
50287,3786.085232206953
3915,1115.5318259139458
21923,3831.499047827967
11129,169.28816595702347
99478,2467.6940367524694
66044,1951.835986681362
74283,4634.796589066031
91104,1647.746451145274
17508,586.8382583946604
78712,2297.4194382475625
84263,2627.3063760306304
5327,2506.657681988945
25347,12340.546796297222
10463,5639.357141891566
45986,2512.0950465490637
43411,1022.2461625605174
69109,885.4824856998757
24817,2708.807846959551
64483,234.07276548516893
27618,1448.8959743833188
56611,-33.90320345845339
52664,722.1327351631053
39587,5624.394071211135
68725,3936.153727286781
92974,4187.385067110478
45832,671.1540199841756
60815,-434.45551801927286
58775,1551.011651489037
94629,4223.49898767014
23240,1396.628806831221
11224,1347.772536812678
69566,4851.602884327107
35823,2908.9729166547536
36557,1763.7453190419453
56171,2653.714294932172
63602,1417.629751802805
33951,1429.312168299647
58901,1064.1447559192857
23451,4333.049500051612
41849,6471.117083413417
67279,3221.2505128755292
63698,3420.485968146453
63409,2485.046560298565
84229,1580.5224942527238
31178,1742.6049264109952
27695,854.1852100577325
92187,3105.775041014965
37185,3065.9542163429896
51062,2292.8402165206708
47134,4578.066913137466
37411,1281.1136735420228
40911,2201.124470400523
62486,5194.9107590668
24113,3594.476955416608
38128,3523.5910821595216
89017,8520.978772789567
49097,8924.674079314816
4873,442.9636617493993
59499,1223.073370186074
94792,4446.759107091273
71726,1476.0823460130741
24250,2338.5131326436244
28500,1676.942067256198
73078,875.9429939894644
21067,3688.369593056497
79412,645.0624495542861
75752,7875.4142991017
40085,877.0363367022405
99102,1254.3247246226638
40651,7307.981293162633
96480,2974.8676036507677
56352,2701.0657676298506
13995,5249.526722741231
12817,3456.6322137011653
80580,1246.4006443310327
17167,794.1399707915261
28920,2065.8316266319107
45564,1571.9334213766297
52016,2677.189119129413
68369,776.7226330985832
88050,4006.0506271641602
66038,4322.701512069517
75199,2431.774367272161
30503,1091.945896747513
23459,4164.54803391475
73813,1157.0324560811923
56144,2739.9548863253576
65914,3219.341917227815
82682,4088.151612399959
52339,5722.721455700434
19415,2658.8823118650566
79391,1864.9494531032492
38713,1637.5254554877529
17124,4214.775145615724
87735,1413.0563616117252
49928,10179.16397689496
24481,1562.3831026160547
22312,2397.7496819313337
6607,4466.679379286752
65976,1372.9502480153078
31046,2084.3961966385905
17338,1997.4808799238049
79170,5481.786904986166
68595,1312.697642449447
40542,949.2385799530921
87728,2663.2593872690636
9959,2562.326770194812
39811,10848.768834368968
438,17429.365490911427
2957,1792.891119998968
96840,1884.8123549202091
14280,1611.0748299766765
9351,4005.773595679766
50111,4873.249076347577
10805,1480.5638369860208
16308,2641.225190322336
62019,397.21440497662843
84507,4368.131232836038
60129,3334.011436818422
13943,431.28637697758404
3363,5331.088018543568
93208,-559.5752890993845
37713,604.4232250258847
77097,1908.0613775100535
13426,2138.3063754682034
20515,1639.9210497712643
70324,3238.3933292795823
52710,1982.8672170724662
20474,3438.8501868897843
14493,1945.4473875511917
95279,2779.636453100354
18413,598.3671610876968
67605,-173.39749601455333
3174,2142.135721870035
28772,2066.6351499011607
86286,3985.4707539841315
26147,864.5146338879722
9355,1213.1835330928834
70523,4541.497147130184
80254,4137.725985388389
23215,1906.9454325176875
95042,1138.2934244263033
41216,1896.0766880315177
68534,549.4874461731656
94662,4187.87361398767
41497,4310.220781313692
75270,643.2423453369302
34620,2155.1289565898496
11500,3658.5134955906724
23092,4710.447719547971
99948,3231.8579176360104
23013,1568.6987097121146
76076,2637.43417088114
73720,1242.067805764486
43768,1562.972429800394
57096,696.8330492738523
41328,9271.498396837747
49884,1536.6607832082568
98740,844.7352928359501
30614,-346.7467768497768
17769,2542.1821725686405
33191,2667.9021711883443
22272,4280.927009313272
24118,5532.201141818876
95184,2719.982181575322
16069,1821.406578578189
41964,1697.8932617806604
63734,3672.096468694598
31943,1581.5025979292923
41017,3992.377775330883
83591,1354.760013555409
70657,1133.0099717097778
41885,759.8725298823283
6776,3272.2316353079827
90809,4670.293036810423
79488,3277.471021307465
59774,1378.9448100660543
62431,4907.28410088486
48713,1671.679898658317
35190,604.2359293933555
67271,4659.263875549711
19829,1286.6654769529573
23634,4355.020514772066
91725,1823.7195045127805
3834,698.4967725001397
74676,1617.2198946899607
67756,516.5318644561539
2759,1776.0719699295314
41986,3286.620660375497
50169,2154.8490512035687
47327,448.04355880314324
94138,1047.576095137355
98314,4658.682939991484
66531,4832.106292354326
44815,1142.8795673121422
16430,1178.4831493819438
93206,2432.9556095925623
62086,1634.7571763472863
32756,2226.677735524652
10096,6101.833860453424
32022,3613.912826030787
57148,9750.6341805911
8534,2455.049060625871
82442,942.6768604290874
72926,5218.5247164254415
75632,7614.364595568559
63035,5919.136398533885
9828,3375.5378589274633
92056,1492.5474172755926
98132,3743.4785697617644
74042,3788.275091664481
15572,5523.590016389902
94153,2980.927052082467
18732,3867.9112800969683
34933,15689.77785916
56579,685.0619142997798
30941,631.6040465822393
45078,3309.267669418302
63961,1383.8991128986868
77265,2771.077007741521
3429,1246.7229311323554
25190,1556.3999027659947
53594,5696.350889094005
14987,4722.484008273948
85242,2724.7900486650183
60701,1185.0621590623628
83056,125.91887289632086
59080,4700.63059286083
35105,5146.770686264729
7321,1029.3097370095684
90524,1780.3357123271637
14210,666.3564899701369
13844,1135.2602060097406
11771,882.6772323371556
23373,6491.2513532145185
67261,1154.7579836411255
51097,730.3215381473419
54511,2244.4326858234117
69997,1308.3381377920414
80551,2016.234170671043
63085,510.1141539733253
4973,3679.569403661877
5136,3798.415623941298
24720,726.2780967487056
28330,2290.14233205814
26977,8718.467319349495
68858,898.2663031580519
62601,1406.6032967153997
17528,255.289256718459
69909,1262.426416284221
70691,2771.8163598090573
16376,1276.8096423523434
59479,1726.0964270259935
76840,619.5690056971548
44621,3573.600708123568
62009,2395.870170392912
64574,552.6957822471668
12663,1852.8079997049222
6487,4270.533638717284
93787,884.1711190342626
65302,1917.9573064548317
81232,1375.0838145210087
97937,2722.0539379746474
84407,1427.435630308652
48602,3807.1740086544796
35050,9610.839639300759
16573,3250.9180056769183
84959,6167.200846337115
22259,1371.4555955767491
11409,2450.231679735757
48092,890.2209365327171
840,609.9685196370106
21550,1249.9125816834135
95656,2009.0767377053116
2379,8999.605635574788
59730,1293.9843656257244
81534,14253.661096152158
35852,1660.7611440878372
30812,2204.5521859320097
71217,13192.722314153114
44217,1529.1961627456467
42114,2338.632731563649
40978,843.5573484671154
87867,6276.055460873989
93625,2904.72895242069
46891,696.8716342945954
36358,12357.100428001137
35962,1648.390934892733
2397,552.6896875273533
71084,4178.2206905855355
1098,546.9680657008871
59528,5259.716550899181
56340,4007.024670651571
8831,1954.0524163938726
21882,3283.511269898742
56271,702.39132485564
79310,2030.4825586303587
82614,3954.697516599462
76904,3121.817540396892
71531,3059.2195643577443
34859,319.3136552027054
25619,2023.290654765817
54565,3828.3563276490827
42849,-455.1865360722077
11459,553.5366818991529
74562,1354.1920464406003
44964,1510.3882841221985
53947,1081.1760416390725
69033,2501.506984737697
38603,2900.999368879481
11245,2182.194803107275
29832,1316.5498550553666
95146,2283.035476203354
80127,7982.533820153624
15057,2762.810961951828
28172,1440.0086196190732
84951,2506.9019739819364
49147,1151.1918572976792
62135,2496.708215678516
97394,1134.3594431974684
22808,1638.2785739801475
35386,1833.9023766671344
71406,2070.983100688939
97852,1422.385842632877
7061,3005.4416976291714
42232,1642.5508123644368
7201,6295.036490164631
64889,2023.8338612769808
11551,3340.9030597349724
28813,918.8069658975755
50032,444.1290844352834
87871,4095.5881075653683
82689,3592.145514800016
84925,3175.53188898349
7501,3133.910914895138
5944,4700.814129284474
27067,14343.887168360276
4972,7244.959645357647
61259,1315.1018517645957
21125,1018.7106839708003
62157,3058.002673339422
18051,1366.105985160027
65980,2534.7376465084194
46984,3705.353453361835
49229,2191.5023415516034
12320,2475.8495771366497
55972,873.187697200166
79121,1327.593119783994
10464,2076.902259804581
71980,868.2650918547333
21693,-295.4977174989376
95854,4309.917315653069
15098,4037.981103297802
90961,1633.065402172715
39505,5121.459388914507
31319,1257.2719211494787
59258,1689.606016387588
67084,4384.641791393079
67754,461.2032789948894
11574,1236.9941371635518
94920,2817.824280686481
94394,1329.3677861379479
25326,2977.8004992270126
55916,2729.0340690809844
8495,4462.8535506801445
4888,1453.8405752362792
96477,1377.8405576285013
20483,1639.3820170524368
75664,1707.0010703634257
68409,1380.4898118874708
3636,1455.9630405637408
78166,2171.0192381278607
53108,3094.0865038470965
10857,762.8956426602881
50768,5541.235024689588
4404,13455.478043513358
78700,1794.4622255009629
22590,2711.074264295954
23028,5594.623570786687
91708,2221.904620832522
19471,1770.106727208518
87222,1708.672065600854
96155,2117.9689037546673
85257,1240.8340545232295
1612,482.08983615190846
81697,5457.2514228010705
80522,3003.754038394049
42158,6368.362454764441
91271,1619.9249158294247
55418,2758.5639505315226
35056,4769.343536638237
54314,3790.498917860289
11614,3458.8223009790463
31661,6377.211572699518
35205,1289.9964599535565
81968,283.3182958998991
64999,1679.488357651985
16018,13799.075673229221
25392,2669.3184580318307
56240,8873.91325281796
66638,642.162653711498
88885,303.1366465228725
22917,4660.894993656693
81075,1415.629364881061
78545,1072.6039189180137
17973,11452.357142577417
27463,4922.694622100622
78810,3857.5286154332275
33828,793.479427643164
50136,2025.4331731006837
13179,2775.224513175308
36615,5887.296176387414
78426,6776.960383138656
24064,1221.2910309936592
29204,5917.679673951341
8070,1071.0183511785576
57590,282.21880716093347
35661,1242.1386869157814
66951,1916.5251272278451
50659,788.913055093698
36629,8432.918311828997
52714,1392.8269706673254
21210,5442.11236211568
4188,990.5095793631422
94213,2471.0791127760813
96254,1510.2974054234564
96524,1450.3736798264426
95754,1829.7425930937327
60495,2699.9373761429288
25784,816.240138844098
52840,4361.504227697472
21653,1237.551085318716
63800,6152.38346090607
84867,238.4026331001478
92049,3901.4274187776286
74389,2752.0911312125463
59309,5705.440588762369
86851,2632.178774861366
94686,2511.43374416434
79341,6271.499994443315
63086,1508.1526037891258
63484,8188.527477226039
83050,1216.1418379878346
68288,9650.135803595094
82466,4163.120844618421
61963,8276.9964041077
4417,2171.928238557538
39254,860.180687756696
42486,2186.749083057801
48678,1992.8278509555812
47845,6265.094045439539
16468,1824.1147556041872
54513,2502.6965562143837
29947,1379.8645227432226
60391,1569.2037174005582
85021,3147.37925727164
55666,11282.354703716977
98660,1290.54531156845
10825,6062.02211977168
49635,2902.530017394524
92666,6167.14323355721
18048,2786.9876923248185
47754,2723.7904524121873
93096,3913.8097284535706
59434,1246.7590554705885
17324,1052.3788671920584
8891,5625.696896204014
50569,841.4218755067486
78083,1764.4926861563458
55760,970.2631284002628
51603,13975.630771817734
65799,4695.0911667313085
7802,11714.679833227456
42918,2223.1115139965577
34026,3793.009489404902
25779,3424.4926802066743
21211,962.3685712292681
62066,6997.859124233839
24852,4313.0354554808555
41721,3058.314030426603
96989,904.1655173971567
66838,3780.5880387102648
64132,2661.4022983993955
39161,7872.2743821840395
67292,4764.662720026268
5702,6468.825557311136
70201,1551.1393510308972
49193,4236.30955277069
14431,1299.6577978682153
49765,1751.3278078435928
83911,1523.3045615175147
63259,2212.659703927261
11863,2624.0527859737895
53231,2238.2395752424127
44340,1421.095499330188
43854,1467.5747772229888
75091,2359.523213951601
4732,-581.7732773605649
94815,2681.5260306736086
52434,1964.7376363226576
79890,1208.6051329757238
58511,4568.3555997286285
19072,1388.5114309188016
69844,623.1199052746961
75956,3409.4498051909814
42661,3289.68512915626
16629,3820.277974266837
88586,1912.7084817054108
77912,2213.9396212314987
92078,1084.3596965369088
5381,837.3464590414123
53136,3221.3316536754555
6566,1172.6162927942105
1310,2281.1317870120747
87647,1566.4398984864943
43761,1718.128990808389
81895,3184.5863094635133
58641,4096.473824507082
46694,895.9136644081277
34124,2486.9017218743093
66466,6404.816504802585
38775,7626.424324270523
97584,3558.358396726576
16656,1839.6799183107205
67432,2765.884694568946
12205,1846.0927140554065
65508,3720.6999143728935
68811,4326.388974506647
19864,5937.152566845245
88594,5623.802389501642
5248,4390.027818756794
33027,471.5251991440964
83040,9088.529920180865
76710,1417.9716189203782
95489,2189.842826253982
47441,5922.472710370579
74051,4471.59275729844
58655,6000.41031803833
35210,5368.056509963071
37352,2314.3278526882204
65161,1878.0654031982695
30662,2784.2225284956776
80485,2830.597795933773
80084,4644.119376938293
54781,6960.094762517346
85486,2192.692335327015
29752,141.379058991497
4500,3636.313149838979
56923,1698.221659612645
52460,2692.0887752584526
75731,881.9753321061467
50585,4296.084206817881
88833,1064.2787576370242
63115,8798.240248487255
40598,3540.551411902837
80098,702.8610388201378
78419,2615.3519442881707
18279,4008.4664449473717
72524,5012.24499424743
66108,983.5888321770767
93640,1984.524829648292
43085,652.5039273410544
93525,1902.9892385883786
10086,1553.2227237642314
56764,2688.9872317943946
14640,2923.7623646427764
64055,9212.786514890402
91097,4524.047704925239
9097,2016.1648930614003
33044,9899.152472231006
69483,2459.6567142144645
63688,13087.054856235492
77615,5342.29952078967
23930,2147.8508806878867
65904,694.4555568968713
2365,992.262271557614
79598,1387.7833436749934
28640,1148.3187162044806
57506,1190.6055384076944
56629,12597.792355459154
83561,4423.520154528438
72345,2127.229386311327
62048,2216.1861445395025
781,6136.15803905017
83014,1573.397145350786
8838,912.6281069703673
561,5115.235705517179
4166,3330.3105006220594
27490,1832.7415158266838
90238,1707.93996849862
45462,548.3007385628698
2641,4391.961913893189
74660,2018.5948673519108
74203,951.736453848795
83577,6351.202705666814
12720,2001.1778397806088
58580,3764.398812050589
63456,1596.2693102166882
90820,6718.644966257498
71487,1171.3960543846565
18174,3544.1204742864093
80118,768.2699693861728
51139,3225.4048751110854
66583,3141.341194444208
94658,4705.131146207689
81640,857.7199996855452
86339,3771.9363682081685
556,939.2371074866614
10539,2474.284766038254
76790,1168.2225535768425
2732,1492.783913651991
27931,5048.562693482792
6959,1350.493509454962
87503,4655.326354413754
41234,7164.78080541961
72432,14.938960165114622
82300,48.30717646687981
54657,1200.6602004847214
27811,5327.103786726186
14691,2589.776765489408
60031,1591.5246420461604
33311,838.2174032217808
48013,1900.4238420950528
68244,1588.0256844831938
42726,5429.176340586941
80869,479.9369107515922
28303,4256.734785944691
33002,1480.0794284571907
4656,1990.00835379808
53706,1700.4904268771766
5465,843.7786944938211
24473,2292.876904741227
44556,1399.452050069141
25244,4140.790217503096
17491,900.5008727327868
87426,4649.209344064663
2887,611.4661337945868
73437,4763.183547591135
10311,921.8183590227973
60500,1006.8082928673703
75393,3142.085279930693
18093,7770.373946015666
25877,2779.309877626458
73868,1136.1078799692386
92244,8105.749977788103
14303,1510.6421726290218
9981,1983.2489008579696
9019,1372.2105101690977
2017,1919.6570992626584
85739,416.6244977192746
86547,345.4097617969351
52778,2484.2574530054044
27229,6539.885942462365
23011,2178.932363448223
20373,3104.1986043341813
75972,691.9689359449571
94909,1531.1296949915945
52949,4760.927917747194
70195,1589.832619517179
73636,963.9234673579481
30457,3094.904032397606
18064,1964.4506224389106
53459,1235.0661057511916
35760,3131.123147808442
81489,3327.848628595777
19480,3250.5339441122255
23180,1875.5022877847446
49416,1540.5958940356222
8780,202.53793978114527
73400,3579.6790749218735
58028,894.2326092064231
1660,26025.804291813773
26347,3092.0204897393073
23859,-8.82497584486191
43440,7635.577100778846
60617,992.4447828056418
25837,1731.0915859126835
74516,5718.5327424284205
26563,2396.9853602083576
33003,714.5929827518457
19368,436.152550644686
21931,844.8899910673281
79525,1252.2511102845847
55210,3829.703057639939
95508,1174.9586306481315
28840,1912.613055470449
26468,-448.1414995892537
23345,8513.236747137784
77473,2882.688533850206
7992,1439.2596328345844
23446,1243.7884923092402
83067,1434.1340165122015
10872,2741.7881001317683
83934,9772.335551112988
72401,2546.086112828346
82293,2911.120957532027
84203,1824.6527125042342
91617,1539.2244356498732
83493,4750.641705315645
82552,7963.273804630921
79801,432.1311065941668
79520,1401.1558852067874
92376,1178.5953669907472
4692,7706.5772654358625
56088,3245.736033508742
95182,2437.7186545556388
18128,741.3458829343303
27920,4902.851629293517
50220,3205.9956694450743
80235,2789.2064815197273
7926,1299.5955079010687
14652,5345.409950545003
42958,972.613618286412
78825,2661.338361682222
91544,12238.63998188444
22372,3675.7571001313154
94927,3475.738840666255
54315,1855.7583375088698
49342,8348.17914324248
76000,1283.367316068241
28846,2455.5583138828283
32182,3422.46052635827
38053,1901.974300374727
71736,2690.7808738973476
57814,907.395858292688
20169,3726.2688668708283
11394,4656.783069736017
15501,1665.509856027033
54213,919.1959350305115
22648,1156.1068392440357
65098,6574.051242321288
39152,1634.2891906735756
76123,4406.328657674339
76183,761.6040444937485
16242,3648.2772267408013
16705,3277.098838791756
30431,4166.713781298447
32153,5545.321831188277
85407,3546.567842114925
16776,5247.059895230826
72367,1186.605593649534
56127,-199.162073601281
78543,1864.8856639162864
36174,1754.6298704491858
48470,1428.9406610532574
85014,4688.186980108628
41251,750.0608129625498
35545,6783.047539423126
67463,3300.3843793312944
84637,785.02197478783
51522,2343.059334952583
68986,6667.570807182019
49364,1279.1946305764236
82206,1928.1859566068904
97340,5853.461318543876
84549,2766.2228975932435
28519,1117.8730675532206
85000,5192.42554605096
94951,2525.1093175062106
82557,1174.9919953765407
71264,1136.1897398037827
76063,1492.6641998659588
58112,9160.711951734433
45727,10070.107091964697
58697,1066.03536456866
56926,6807.9275255259345
86961,6548.941966022652
94546,15690.708849583387
96596,1182.0326949175706
19326,1986.5037458530094
64548,4311.443565975987
56091,7162.981786084994
64942,3101.5517338597665
70110,1949.2433662063982
39050,1436.0753406983495
93089,782.6014443956778
99197,7636.15449583271
47050,4933.068057140411
77787,2773.805512294267
94452,7257.328032204334
20427,2380.2151400170915
70141,536.1072384205827
76955,1012.9041965238521
41330,3202.4173362499346
51083,2491.5234258373466
3653,3957.94951193345
45898,1828.1556684421885
87787,1623.7942421519447
97337,959.1404937131274
12357,1321.786326166613
58557,3631.4473204863007
86498,16033.506423228526
87430,1829.5460722857515
37609,3863.856792980847
33762,2101.567089858473
51226,792.4795640343777
73695,2394.9822876990434
65794,1578.3076801335187
13675,3123.1042599660723
43612,1391.614054450651
4754,1545.2492968880497
8760,1900.7609495778718
95113,2998.2874594530913
86912,2762.359719301804
23762,1584.7635252026994
2898,3915.841839772538
79314,2416.0177786142413
39125,1010.8238104898319
39391,627.1670502959714
84542,1831.2374513354594
79633,1034.786771861478
87460,904.728283628333
5284,4915.537008706329
99036,4869.961142557368
82437,2892.3569789275703
44138,8786.408458549715
20947,1261.0579818713086
34705,8613.292607903073
66977,1677.236544082776
27087,2075.223643808323
95612,7887.39242895136
7810,3221.8267460237644
72210,193.2198310847366
49513,7638.241664560965
49086,350.70459029294943
86808,2586.6800230716335
9473,-114.05362612111776
37038,1619.0867123230146
47141,6322.905619742724
38474,4286.790221445701
52111,4792.952310249782
26290,1612.565749114191
81547,760.1607910348939
43637,11773.658865312924
53962,2178.1248350113938
86522,1047.325289887669
46477,826.3284989236399
54947,1906.3807900062236
475,2817.0873723417276
99023,1099.228282157871
6952,2881.3497863238804
95542,1595.784152221615
57862,596.168516950228
52654,3153.188228205699
60854,2055.438857849583
43154,2568.552334704748
1615,457.62878236988945
5566,2010.5180223230095
82352,1059.2345219159865
86633,607.2583448296937
3321,2035.0477824290815
25416,596.8919491898455
26413,3138.3317913132432
98036,1583.1421887921701
48941,627.9771794935687
8139,2001.0692379670882
74478,2156.8915662522895
66874,333.6643854971521
94267,2702.302019330331
11792,2491.2960923638084
22819,1603.1906395450883
6920,3636.890113420148
2580,3150.1796128014075
99008,1745.9120372812808
59350,2539.431819383719
6095,1964.7650121980855
14908,1282.2624725681567
22699,1519.2969391138727
96300,4159.153466483462
13631,151.80275632873054
33389,6403.1685050027445
74760,4747.6074441764395
54678,1578.1587930494616
65693,672.3179145174772
22736,4601.853721508412
49385,2875.968621672609
27377,2453.912583401372
28971,755.7467543394168
67556,6782.581576095725
94630,1933.4766882144327
87121,1272.2236402358412
67055,2705.0743000402317
45929,1149.8541196456176
73604,300.02274073429817
1781,2270.2689443196505
7897,4502.785919452198
4638,1475.9068213500896
15859,1974.9271792153086
52077,1728.8516875623684
92039,1358.8260090848698
32134,1818.8372988687213
52071,2143.080462926331
16475,541.2536466123638
66087,958.0129700394405
93549,2201.159031794561
95848,5907.075345998261
89981,1819.1384826042395
75770,1172.856170866335
91588,2783.50790407746
78007,1325.8766422791227
35547,1456.0053040931516
78129,5516.491073448608
57118,1384.3462699085076
26165,395.7074441507875
93240,1655.5366088291114
88831,1706.1551137596216
44256,1410.9112303994734
25895,13538.789965600778
94724,581.9233087051757
3006,2047.3642929106477
66340,1828.6827765980402
27717,2501.7058207567334
22208,948.4027542294889
95476,1627.223839487958
28409,8291.915681171118
52311,15154.390437811235
83061,2812.5556189930644
80819,1844.1815559049996
60502,8129.368433003299
95393,2623.2468834284027
44202,2256.541584901438
86559,3427.706880015115
68888,758.4504763119703
24987,2821.696711290219
82403,7732.711904675106
74490,1205.9737718140077
71248,2050.1733873078656
74483,2730.783940461016
38523,2063.327956511453
58299,11024.829249593851
58487,2133.283188476884
19968,408.53526596116444
55844,3503.2813079243597
87919,1653.02874548941
26253,3585.9762266197586
18529,907.8372539248476
80,1576.0763950309229
34743,4228.337106632588
81586,2072.8588183256597
37742,932.5897330860203
36214,1661.3292893686075
89524,2305.9755880457806
71132,2091.5851840610794
69324,4094.775233150084
68315,1234.920127465984
20253,1602.3510207033878
37190,2213.843881648414
6559,2945.8970812437055
42998,2615.375953357843
54234,3337.622711670714
53761,502.0305310822637
38854,1993.2122339531347
58615,1937.5655791553436
85676,6995.224772033736
80636,1590.7688167309825
81587,1180.4080959307803
51184,3374.5299938767284
60007,3602.0030740743505
97972,1065.7701309763602
84152,645.9566812580206
63112,1492.9617748613073
641,2299.5092465174534
86968,1692.5888706023416
56523,2336.442145268539
420,698.896634520368
56167,1996.5567047961558
68100,3891.7040340875324
809,945.689273429874
73332,1735.5224621714854
84322,3671.0287316343406
64496,5365.413776309317
63816,2063.883261687942
63153,10147.446535878576
37560,2156.219934700749
35070,1638.3636258608624
70820,716.3398152508166
15647,3257.7518850014653
42032,2090.8784036192355
37465,2460.287831929958
1611,2830.118769003454
66602,1213.370782772784
38439,963.0627939435385
18796,2749.5176950938603
18619,2987.887062752893
91377,817.7571969402097
20378,2517.0589395918396
66647,3267.003711504425
29537,2462.518812943642
5883,1793.7625805897999
3216,4351.702227486361
92759,2231.8187318330693
79851,1799.41172139421
83716,1097.1970195855329
88926,2777.892301051606
54784,2149.5690143407455
33269,2000.0704431096274
17870,1659.233808507327
62983,3548.1530054296077
15232,2172.298466438547
15935,10231.155853301043
47207,1851.1884397838712
44452,2703.058270614267
82334,2904.14945589084
51993,6731.417542062987
98636,1902.4835839404295
37364,1331.0309136022634
63078,5259.222073041878
37814,3562.9331361909935
2432,3637.729629747768
21792,1393.0998841556093
26628,7143.587897006667
57742,1095.9044824928542
52130,3779.169944630216
28318,3427.4114637308685
86042,3970.1514155147015
50394,1470.3880515702376
65714,2279.3919707176556
68639,1380.3315784733586
58333,704.112204457303
94001,3630.779885444867
18190,10788.05703309674
75401,598.8928086821616
14099,525.1354566294467
71335,5192.728853189492
59899,1051.1873293564208
3832,1493.3362632182952
30490,781.68523086923
21464,1119.7522942848855
2805,1755.4670142357156
85639,1477.6730322028493
29686,1639.4518571856295
59455,1036.4664958394296
67765,779.8369143444233
37999,1616.2378964457148
35368,2047.9359990868015
91566,687.5557172234007
83448,415.3775511190015
10122,168.69414217172925
71433,3866.9565527306913
8815,6562.137839283641
30831,2299.774713012149
91410,516.256822714292
13606,2225.5645714776233
21326,3000.6133735259364
64267,1972.6696676530123
25113,2211.9899598740813
32382,8819.702461302062
40894,2077.426862596806
87966,847.2029293197429
18503,-652.4271137907253
11799,3045.6473287672006
65973,4793.141579364805
96499,15592.117610806692
51241,13274.619579515384
34391,2000.3870510072825
35308,3693.4892093817753
29922,597.7766579349454
96332,3382.7015236278708
71136,2937.1039885734376
55615,6127.55640344874
223,195.30237837993582
3340,1648.8976044713302
82356,1804.6427636407416
86216,1276.1759089131037
93458,1876.4490299302088
75189,3432.749852225924
21336,3348.528304330502
86005,547.5565989397437
35154,1991.0660215413657
88112,3976.9688037350043
98216,2320.343667547143
9213,13890.91156123017
99572,1140.7640559286351
30370,10801.624030184288
22575,1632.244740353316
71024,1637.1572162346856
49738,1105.5436053599196
48444,1651.5103941569491
99259,2322.416985080653
78692,601.8720524655346
505,3650.5280620240205
50815,2534.905634969932
94801,495.9853170423439
87331,1217.7344676912621
67214,1991.712909347369
45301,2145.9232739741997
22105,1827.1909973695692
86626,5193.597192052144
80801,3879.5840850181
34991,2811.4165407191176
17895,4199.597492875828
26395,2055.665647587123
9327,1826.7889308325687
14795,6206.442747290875
68675,2477.9751378740125
58988,1951.0034004431775
43475,5555.361097628063
50262,1962.1793250221867
69790,1517.2490224988455
90873,749.9300530152659
77970,1483.3568751912444
8993,4475.1368668642135
16866,10042.863806385358
85722,2928.2866693391497
86009,2891.490914142264
8059,2044.6494079116412
92149,14425.733939980144
59446,619.6485283515344
36538,5674.175140513395
41895,2182.5467660217864
31314,11172.132068374885
51880,2245.895779437858
93980,1831.0542008694233
12175,3684.403314522694
72725,1074.3576278379655
70487,2941.010507400147
26150,2073.186213569506
36571,4310.961172205914
59480,1386.796872174492
89255,6876.7352062139835
17056,3221.8120812265806
26756,2577.445608499837
74603,2180.9213731156847
13472,1041.7368166948895
86193,1611.6476393883095
56152,7900.5064741004935
45444,4112.707520438456
15577,1945.7692731177037
40353,3473.192843052249
95234,2177.4503373198604
35311,1890.7403150610007
78748,362.82305259707346
12895,2153.0310959447443
79164,2466.5781318264344
25753,4443.591274275063
40153,655.2585060712745
69360,1782.6281637908203
9751,1683.9578992017896
37493,1212.3707412593549
55813,2785.6877142062385
39026,1407.561480164014
21257,2427.839322581008
98195,2325.0415012024882
58590,2006.516901083077
28114,3160.473512827437
40847,1618.723293015255
68143,3331.608140391075
31340,6576.475410599824
70485,2284.713413560783
15873,1645.9064212445005
11645,5081.372681115602
99908,4337.470940401547
76766,2712.8084567263318
5478,1946.252029582578
82107,1104.696733602574
91141,3243.531197918325
88088,721.9738940093921
93536,1848.8188577668961
57379,1837.2194343983197
69155,6371.821623408068
44648,1217.6143091262052
63440,1717.127032275327
39946,1110.7534274160116
31088,110.88658456704343
40753,14940.83157659524
83700,1042.7758689195298
68952,2680.933953320059
24578,-514.6734438717885
27047,474.6162079584187
86478,3485.002264902886
58734,3064.895180388616
60881,3274.9383637541664
16340,1557.3379043551554
79288,1887.6367508161418
5295,5691.063968279452
98393,1874.9130164578949
18427,3062.1327058272727
10355,4755.922134688848
59127,2519.6562648257177
13608,2376.330398623623
85352,2061.317187551227
95531,6103.425160429215
18211,5400.617445911796
56658,3426.672063323733
44491,1443.5359496976484
24869,2342.711553124095
87583,1805.7185665886634
2808,1881.342085180006
82846,147.202501049891
95693,3282.6265670691014
71439,2574.713312304507
77954,2161.2253220187954
61419,1445.9145091589835
45208,-48.15517012807959
74250,1265.8344829793923
81450,835.8107591037756
70002,11128.205225004556
91804,6323.609094910033
10154,984.61712312689
17992,2852.2161684630437
16483,9752.64928028532
28748,198.3641459541218
4661,1832.400435289312
53134,4877.872071565628
521,972.5499965436265
98286,31553.471788806928
15943,3610.38891514091
10234,2986.444123571967
54556,1912.0819969126949
7669,1299.1001825867274
25059,1209.7846286334802
44026,2112.205270985787
99346,3850.9889410381747
37964,1806.9948819647711
21460,3306.548313649434
22366,4373.200126793867
53024,-732.2815683249555
93975,2355.603860279958
72100,3023.0556063324
18471,1575.1504367666253
21421,1343.755186770536
72835,1636.537992849308
13355,1424.7478416702647
65163,2823.6897098775144
63483,515.0939516552598
19518,4159.379743340648
98467,1707.9875798461287
29909,1956.2581262062945
74673,2445.533780343863
8271,720.8060794967869
57494,1187.178407369041
8079,2213.037400909652
39460,2877.3001089792087
69003,1290.813550164536
96888,3255.7580820956
47579,765.4304715999883
28398,5161.883430447153
18756,580.7518114700933
12850,696.953718556395
20656,523.3004131550506
93131,5936.005931279813
4248,1753.6997158954548
1655,1349.6664889886802
22546,1000.6370362625976
89108,2142.664958975317
22116,10351.245090768844
68865,4473.0760511365925
83921,1395.2481999735974
65804,938.0776584106961
5816,2680.549370907949
48743,293.7860625852336
81074,4479.599173810473
45632,2724.505878154068
32679,1744.9547851954987
94144,3866.934645144545
44601,2898.77842533125
29382,454.7547598778774
47173,1448.4509449020302
37001,2777.714482267043
78530,1698.038332490731
24224,1866.8764897618523
26775,4078.621599763842
74654,3481.972057607414
55154,1440.522454679091
84466,1445.6931733718184
92631,1402.4084679090365
29229,307.4142947606224
71123,550.115665191634
20554,13238.486438117348
16615,4594.502459976636
94241,3277.2081380946724
45493,637.815772190545
49925,1612.2730923173026
56141,2395.445927714323
93936,1718.3176689370628
45026,3167.9092606065255
17618,537.7049734166212
62914,898.4907557765364
86439,2286.5142453213634
85848,3995.035521926275
44739,20392.402303557436
52818,1839.707518480864
80554,1610.7412016476
87291,250.96359917437803
74380,685.3399668753409
34928,11050.054023674229
78137,9137.486447592524
99978,1695.2629820474988
7157,3117.268714194522
43240,1417.7087995823963
13335,5529.110983579994
10020,1842.6327226297556
73213,9277.46141019686
49675,1520.4096526293843
20894,2706.716952788182
61437,45.36706788694164
66937,3182.093865133106
50258,2850.811760551109
85784,2218.189430614234
31783,1612.9157505572587
55085,1019.596404414804
41344,229.42115287483375
30994,-477.26847954277855
12259,-62.807662749773954
33129,3056.6764331859245
2458,4793.561535560423
75019,2217.485881717532
20811,1372.8445069728177
59059,499.4439918779899
41957,2027.0723884322463
43431,941.8035312315969
1832,13482.983848513592
90665,1592.8030966992683
22900,10424.885996227376
66166,3654.076932193779
4024,5868.527937849607
68749,14064.669856200682
43266,4279.99901847459
40113,2065.414379239771
1606,2078.009209020744
82696,-508.6908060715541
74725,1309.503672695258
97080,2116.231350489868
80145,4466.25468464723
61979,1402.5189114183295
21010,2368.9855378361563
6824,-239.0700700743032
54897,4326.349803523957
6565,6146.803467337795
31940,976.1026594285404
3826,2494.5630823447127
82638,6219.118256007287
61865,1760.578933097236
47480,15749.567548787554
40804,1061.6295586179008
56910,4629.627190388639
56396,2526.5502618006094
26179,981.311579418626
18890,1439.8064512789451
82617,2084.9801734155308
69065,4326.687088231902
22720,685.6965806678486
75162,1746.6190422882626
24496,2950.6446176625145
88070,2659.5839400113487
85768,1184.9363575053612
77880,2816.3219681256533
89074,614.5593788721135
24856,-125.76534090522046
54968,4401.620783123969
94164,1916.259406949071
60679,7974.417885044601
81527,2417.8434911808827
2787,1048.5834709631408
61667,2847.8571961953708
94362,3433.4240955795995
12926,2473.3682047999705
60267,2861.393973970661
52640,8604.215783153006
43512,1274.163407278369
34927,15165.424439125745
37820,1253.7070905691553
108,95.60509736005542
84877,3990.700731909941
59628,2482.0803168429175
85782,1852.0441590637254
78836,557.539159495017
34959,5520.479161935045
3239,1720.9117419111856
47530,2118.923279859191
3977,296.578616874609
18308,1530.038616203663
4145,2550.7382036873832
26631,4644.538635708718
95605,5091.646038840486
44525,2396.9229174782995
80083,4729.468458260452
90280,3197.0531651622287
10826,1214.085452734338
35174,898.9164535625123
3593,2648.680573567967
10863,252.35563492779238
36695,1660.6223912772261
15785,2756.8017992098657
43048,779.7158982529618
7900,1493.670257299365
58319,4556.462368683216
66716,530.9356729196547
43624,1010.1611020497417
5931,3187.583272325328
31757,3176.3745326477306
2903,719.8543875128062
69526,1574.0544655799094
46376,1561.1581936747434
99934,3442.1507820075562
60937,929.2408358562125
6453,1969.4574284715031
71819,6488.901828992814
60922,-280.45151158631415
54969,7029.831336572215
42646,3859.2494528367356
70283,4299.012580564613
21324,1657.193253668644
34603,5673.880356601261
97341,1619.2508880144444
78147,16644.536242695824
51090,2364.17799577987
83108,1280.081001468956
28563,869.8665844316674
86527,2763.990840861634
96944,1125.2078443470186
48530,9744.525345253707
72531,1589.689294937788
33994,-269.91338900825303
97725,5177.130491800452
2172,506.3316425205476
74399,2762.27712649666
28147,2485.681411231547
41689,3529.3436893963176
5455,4375.207682224032
77479,2143.42249201866
5532,3366.9318640718725
95362,580.8859491538747
56337,-577.0409856311599
89623,5371.264292723587
68150,2414.269916346925
60947,3826.6999104058846
32009,3249.262875854195
84026,433.7428728398845
47466,2606.2324654323847
89656,1946.84828810074
81892,2055.4926239717975
14635,2799.709536635929
39258,728.1072654145755
464,784.4810030184126
52341,1820.386779540296
69855,3233.1802161390156
35140,2667.9376507750676
15287,3300.953272815539
66238,20.35002916030362
53957,2445.3740955095936
54285,6997.665482761091
22683,1281.1665386447348
40331,686.2573406295937
71615,1116.6127977259457
32320,2509.0945748166196
27021,4599.450833313954
51068,1858.6598803887919
21315,3501.98443236241
74542,2785.876806017096
8378,2380.9126104641027
85760,2585.2237219923454
64830,1311.8148363817008
74066,2167.339019094974
24207,2592.8586679713862
28865,1815.8924417022668
76360,3291.320225680068
47422,590.4225894203732
62872,2838.7327594174462
26465,6413.056235181373
90250,-467.1658273858029
45565,3667.811955833137
74640,2620.738350752453
91215,849.092702808653
81543,3672.4283860315436
86265,3320.179387071256
85368,3700.6905572594615
73039,3364.0505319234144
8747,1512.8665326944947
81247,916.1460107487414
74208,1829.1332002414083
57901,1860.2913164555016
11075,1884.5161791412563
1341,1962.8721504755285
654,2220.0288443938043
10235,1530.7958603663883
84007,8641.915168305291
57945,1482.0617166220022
84464,4907.3586745195025
75940,1221.7511912534396
79005,1988.895660061518
6454,4262.412843709678
73978,2569.690940514908
57358,1072.9986026612673
9685,1129.1713685619306
60189,1342.4302978417481
71117,2133.808786459262
79171,8008.403581745436
82059,3489.069368041864
1678,1924.655824394716
55112,5057.779441501744
50403,4285.365937656106
99399,3823.6297110262462
16082,631.9774195710679
55164,6164.5701804162945
51510,2694.723889993434
89583,660.0135571649016
49568,513.6930976849271
24631,1915.6046258657916
24469,2145.697770841689
92589,7978.931688971859
99871,1763.452566886197
53493,1270.9763767134668
59157,1524.352373622014
54091,1014.879966485255
83531,1791.8741203360871
14071,3709.33383016927
67318,4293.0804277186135
79590,1398.6761248488147
9391,1964.4890969711912
31366,4286.5929253981285
1338,1825.568898755345
36163,1130.2159475233157
39916,1971.4013482844728
56983,2956.6365361147155
64426,5317.814181868068
30825,1263.6730943919774
69014,64.03857153502031
14678,3098.4372418736293
81059,2810.9523368360997
46789,3191.6659175735535
18947,16748.569630830927
53075,1900.2372066820662
20628,996.3084334882533
74468,1293.4013033286456
24929,130.5520375278411
42121,1604.9545129471044
17427,3369.9906847675925
48336,2782.9493454431063
28807,4438.986605975502
90872,4589.383329037549
86171,2088.3224684974266
97671,1469.9573656643597
52500,-568.0772890945518
15631,3506.949073938374
9688,1068.125296258535
52797,2143.5815839609695
21183,1491.3368811596756
97635,8602.915803568536
4531,-538.5930729861802
55775,653.8277980437747
52677,487.57291886989924
65474,1186.8548602348883
53783,3214.4751732788286
15381,2985.2017995876477
9913,1382.249756287209
47740,1308.3537805811088
74323,6906.613371675461
51355,15436.137176219818
7706,764.3496854947934
74612,1130.161506131235
70470,9459.937233565444
93878,3610.1406530383274
74540,3249.5018863736373
34542,-158.55772880328004
41003,845.2740646521665
63912,915.4712771234931
17032,1914.9754433198332
62203,5614.677749969326
90611,10888.674738427952
92356,2073.807174237794
46668,2946.3648418765947
53111,2640.1976618030058
51824,473.24464979287677
9154,1308.3413185763475
78795,2302.4407568672873
7956,365.51275042250427
59148,2454.648987764919
31929,2226.4925296611373
44312,4822.033649030262
21587,4059.3743037358463
68578,1924.217020741593
86488,3148.6137094127835
93854,9660.827236854033
81810,2963.612638784609
63453,1810.114726716882
58887,1785.273383456606
57175,4193.378838059711
82616,25.598678914257107
64954,1793.6222137734119
30517,1005.2688650438386
58905,1189.0442260584787
17989,1549.6321424335156
10030,2485.55875255559
8608,6205.789660788947
73575,3647.0490594983553
96878,4346.060270046092
90071,1779.680337513411
9676,3567.218920490898
76837,4848.037467637578
61994,2574.932092497801
73768,3562.379024375624
26601,39752.89490667941
79549,2975.749183305935
34055,2023.2246985637812
60457,1374.5649167336087
93255,826.6784070291087
57736,3776.9377959379813
1835,726.6510352816258
71901,1564.4097115233817
66210,2087.2402022996157
15970,7189.168417746021
67416,1991.8328496067834
68706,12886.947043136199
14619,2623.4777089843246
38002,2309.077812817276
86381,-352.1456562628214
29492,2311.555543070038
9600,4001.5562615988088
10296,1490.9105512779706
7123,587.5331348655327
24934,1090.3690498359738
52853,1354.6876053021506
31576,3680.321598936499
54210,893.655604152309
84428,3067.338010741153
615,6682.016420042587
77350,1082.0233007835823
37222,3023.0335700773812
99866,2819.0385381045135
15762,1326.5389895987078
65729,7088.123193138976
41853,1367.471781121149
718,569.1659457878736
16328,1095.7066436956125
49467,3226.4653079591913
99330,4669.923421683519
56114,5442.193861480218
26268,1398.2907680324452
49176,3770.4931648356637
5956,2879.2262745112994
47393,3610.1694602787234
9660,6528.356587061029
37619,1570.699747202871
67650,1445.3869550233076
69396,1559.3412700196154
52222,3120.282212867075
7335,2043.569244310906
47075,5875.319761909089
34582,1328.3250799995462
55689,1343.5007536320136
27622,3541.188999805329
73141,6926.43085353507
43032,5596.999871481538
48850,590.7025749038785
39433,1826.627496780415
40046,1646.9873748123528
58403,2513.9979990749916
96427,4298.926054114293
82310,1313.9322059407764
90648,1094.3227338289603
19128,1880.7254109215228
74046,363.7384752976677
13899,6700.61823674497
88053,499.15526753869426
74147,1090.1713630165568
35855,3237.57012144088
61018,4426.037128789723
29184,6333.083304522146
35524,3944.2797299563813
8502,1782.3180239652036
3426,5712.213568540519
453,2815.838377578805
36608,8162.441143176074
44352,9728.369160091825
3696,1436.7616513890885
85353,2835.0159368040663
87046,3513.229945527903
95870,1028.8035551879284
9670,1897.4594384722345
33184,6050.463828463664
11526,5109.510075683616
733,3000.6809088614514
8791,4812.540506931416
95189,654.4720906104012
68929,2298.343950323375
88230,3654.680550998795
68834,896.4707127845641
28709,432.51021746188053
24539,1899.5823412946042
87809,8569.992017624856
53148,600.4846087139922
40580,9545.559511014875
23961,2810.202840387289
13163,1418.6688443246921
44913,2579.422806862114
22250,2481.5304425518407
93405,1790.4159093319909
59335,1751.2931659276057
35084,3933.611570897582
77274,1649.133825523118
46613,1041.3707984367015
80395,2951.828491148928
73404,1387.5518451520047
17602,3173.7115279487275
75462,5363.914375472095
98582,2393.8191223236236
64931,3061.501137374594
97487,865.4996376396293
98006,3251.859600355692
36203,1174.0818671995703
6779,10035.365776319275
36017,1062.1376847509282
40727,2352.8599006265827
21318,1807.0341628666922
20123,4517.551409226806
48669,770.5711384734177
67745,3545.8887662299503
97932,917.2488404570172
34972,733.5320313333746
7781,1414.6590864120217
64705,3069.6859274858357
58630,1195.0931499610624
92517,2013.1262803073082
15960,1453.1912887046383
60629,1928.0006424903272
54206,4699.821323810643
24397,7614.99527760936
72640,1930.0513732067107
64556,4184.17518956836
28682,5298.459311803489
50750,3675.6821333071753
82759,2385.277084982442
96110,2342.8237400619078
27513,2679.3720713289904
93129,5660.183394830041
40133,1227.4737082739125
38227,1923.1911126394125
98727,2535.418047725716
53430,4837.8498403174
61717,1770.2760974537568
90234,2314.164034508068
64773,6096.166860903421
4572,977.4092571199449
18304,1145.2556731111226
20384,1213.011999633166
97733,638.0410492236692
75454,5998.894870811239
94029,2769.043226617008
60799,8821.700869383127
57036,3236.4375565690534
21955,1678.151303044185
74388,9010.078936625412
5840,2538.2837995903456
89770,868.0881300871843
1006,4911.977817620289
56554,2138.447772011854
14424,857.0757091451842
94810,499.575421372715
33139,4555.797816677319
76613,5635.815435351274
48122,17143.1887486848
88532,6721.913783178783
69815,3371.212291100627
36960,3202.750299492954
72315,1397.6111018534843
42488,1928.817865026179
35832,5823.936194504602
41732,6563.746190618205
75513,2443.2573833529727
59690,3605.966529985177
70187,2842.552562055037
74136,7687.805067677051
98186,8967.667102133124
90462,1730.5298527550935
17684,1289.1235003140546
75352,2496.71653647771
6373,5667.256656238513
31201,4013.4168523598055
72983,4111.307717245166
35322,951.1064485498291
70294,546.2903613125836
68000,5292.878521384497
16590,2469.6641844413816
15908,9852.218168424362
93719,10790.435541571653
30656,2137.1049209396692
43970,3043.516926992049
5244,1188.2033870435243
36534,1563.956240031744
29754,6392.654936909273
72439,1350.7433352438034
84500,3831.495110866475
92818,3132.8411183122516
67748,2141.275306195702
76698,722.6693033761157
67075,7455.634626889206
65254,2715.1437859090684
59065,2102.097744935547
93899,1237.2655953842104
44923,-182.1747388762351
12025,1845.2928095985048
24734,1349.085384500835
16025,1901.0741406153243
96876,2338.1021997952903
7446,943.5717906789969
23869,1630.0987582304226
68357,1399.934648632207
55019,4391.755083712061
87783,3172.9728472300512
53176,528.0636505656908
7864,15088.942156148854
40970,1288.0390928721954
33446,1152.2320727197948
49220,-310.1961979007424
37535,7563.6259786607225
3628,4420.756220944745
48959,1770.0770174575553
95900,1510.0197895124247
4578,1678.93087759504
15823,1288.5213973495388
68265,1389.618277724082
87652,718.8614550144594
47364,919.394367791766
72629,6362.203703133565
34996,2350.948248394754
2142,743.1945926408725
41719,1826.16485111992
86064,2788.64005471464
16915,6643.761880699732
2991,562.220461331141
75726,2426.9447602344344
31588,1369.818491123583
27049,861.1422447029263
13630,1089.4915032472763
43649,2566.509622269055
91754,4016.073165621953
45714,1532.018402583727
177,8363.256390636658
76335,545.9013993955191
64091,4406.759138629064
41696,3675.7779227820915
77952,972.524321068754
69094,160.74077406731612
79639,843.6398860175455
59706,2970.720197220269
16892,2352.732113800922
80397,2610.1631814916104
27838,5407.831387194263
98818,8930.811932298313
81279,3480.2698182845265
68767,2077.841144179106
6770,1511.7954861723374
74653,3010.7639205387077
47651,7065.616241706598
68933,1140.3275050019392
35541,4313.9851527738665
92600,7354.680393235509
59647,1960.6885723552793
30272,1552.0147838513335
45574,435.91787259183957
12719,3700.376904030205
19869,2226.4979322639065
9393,1758.88497335776
96584,2303.51057154518
78677,1657.2672854017576
96411,608.2181840844014
62291,1553.3532612169051
20186,5188.122109241167
92207,2284.5311990840137
51587,2709.2315684114897
27120,3800.8942309545573
14887,5390.7407180168075
49540,7217.855600616507
86958,1803.9827126918194
63662,2055.0792658497903
85351,2146.998751942757
86348,1631.40041877815
8096,5128.199675344554
75369,1617.3027305278604
80887,2041.617642105011
64279,6844.929869623231
62034,1590.7911712597488
16093,1357.664605831757
96866,1894.873743382245
83329,4310.6037404403405
21070,1798.4371349872274
76038,9182.177384834344
19670,4920.553767375795
44941,2931.5005113863917
1579,986.9345104408767
87224,5466.983343503747
71505,21053.194397153908
49252,10304.232218213998
85180,1313.6106587583463
43468,1558.608193316281
86591,1200.9530203557092
9861,954.6598922908415
53860,8405.863869443798
41697,1914.8634243361898
40963,873.563015313272
31089,2775.3472276822613
1879,1815.34270528755
12207,1577.723603933192
17081,638.6869688451925
1061,1621.4033674531904
93688,1990.417678152419
79656,811.9260256931893
91926,1779.7062965872992
73634,1562.625031663244
83893,6475.377412878295
38082,1902.6027353705174
83762,2689.553804338145
58149,888.3718127834436
94010,3409.705818551624
68377,3719.124641499701
56317,2215.5321370089596
8400,1562.3189915317512
2470,493.259014835432
51431,1562.1103631710198
1779,1962.7275549322771
13505,3035.863012148328
83111,861.8809037087162
88845,3716.706120664506
43541,5962.77700433613
92776,2930.1367128327834
46915,857.9754944101201
6671,744.076562497643
31330,440.977358854057
3038,15442.723835898736
37135,1459.8207502815908
3651,6097.864391116668
73067,15302.38267519209
75511,1337.1166591299948
96071,1448.5981435105691
43020,13127.193771734968
64108,1043.0157852485781
2155,3077.8116020543944
65426,4682.660962734214
38423,4325.042967868304
36907,10268.910183693986
8560,2153.978642471897
25370,2759.850813719716
3526,4000.7820402943157
42332,4906.958077397256
42080,2362.019194567332
65690,1866.219908998478
18904,1186.3517971474798
46007,1213.6994401706515
14616,2317.3044641631677
99414,175.72913475888572
17152,5139.7338036798
54282,1582.704546786198
53966,6493.01855528775
10729,2893.288795927375
69467,1386.5654445322166
28310,392.067647980768
17229,994.9042793375161
94017,978.847681236919
4180,2478.581450908754
73440,2868.6314581653123
68699,4071.167957168062
69839,1109.9289496117754
84742,2910.2737633273837
99850,2398.9251418467693
47551,3751.1743162456564
59989,3351.254945916871
23685,3571.3282421161234
86428,1162.2765646521893
52196,3164.665471214471
51790,2291.9765774174775
20293,2297.435577847975
46176,17233.599496727096
51305,8190.189402427007
78171,5616.084805379472
36421,1636.9627458779028
24091,1547.2297164315678
69206,2696.609348524671
75830,2100.7799910655103
14483,2386.497471118893
34809,2794.9069894618233
36435,1608.8984569019171
52297,1786.8902542527912
21507,1438.6709552193506
20645,2886.9817311252477
45678,4153.687933264334
27747,3246.531011454618
37648,3591.069258459061
24922,642.5297971528007
1697,71.27093865899269
94896,2620.6915432924884
58562,6666.877653859332
23780,585.8540711157339
38235,1172.3795323583563
36619,511.51698308520326
34133,-51.67145167679655
60962,3860.440485248625
91346,1066.2498113923557
14373,2006.9257732877659
20000,2635.0754691994266
42633,1547.9448461151665
15370,3649.5500490654676
20601,3149.853283519242
79755,1601.4745736227264
72278,318.1614966798252
73879,4147.537753634088
41171,1136.6557588548944
43887,2446.4532238396114
52622,3991.8206845799486
5333,2896.942851269844
7703,917.6547766148783
59312,-551.9434431568161
83308,2328.0013769542184
35296,1871.483569101927
53273,3069.779924702382
33031,1286.5516586961403
87159,837.9010629410432
73546,1010.3841121242999
62410,4238.078800925141
11999,3655.1516884495427
38611,1464.985265041652
61860,3940.740270689763
83484,4731.471479151811
17256,2916.7115496067813
68884,9880.9475625558
33132,7820.189672166417
43134,1399.7036031685147
74836,2551.2374301586015
90043,1919.1583977469054
11678,1968.3689640628581
66586,4458.693426223616
54461,2581.466078863374
44078,2477.476097854197
58633,827.4417829966537
73870,1089.840349101496
80421,691.1079808637205
26519,1721.036128998117
81276,14337.31009068035
52523,2421.3745371581217
67902,1012.4080813732935
63328,-329.498351435931
53118,2739.919735337795
36393,2292.3006891512805
21322,1152.976014820355
63489,4385.419042609791
2317,3522.7982003901025
97797,177.64883489794556
45773,3026.855428851844
92673,3593.42438847914
3483,1543.8678546446317
96826,3573.6972458629684
16685,6515.245584772713
65355,945.2318260666839
19295,932.2695514074717
82644,4474.662000366993
32115,8863.658062812305
37977,2779.611293522378
82414,865.5865222291609
46640,1329.0644123904972
23578,1606.9561954493952
82030,4910.801835910618
67334,2537.4962655536037
63346,11429.676304072718
92186,3912.6394453504945
93928,3956.9540422884656
41718,2418.182043944571
61443,1071.1820161292335
90438,16404.775434390125
92575,1899.6476834778987
28711,2094.1073525658994
45021,396.6228314801119
82071,646.9716691778135
12630,7431.604780141404
73839,2371.4503677760154
5632,1403.2290420135091
29591,1338.1587099970398
16675,-134.40129832412276
74948,2866.856888517219
28109,2259.2474409426695
21661,2025.861679589249
90047,1720.6871538594849
42868,2510.7444527893376
31067,9118.734907948452
90737,6418.493703258153
51353,4316.069217428848
15974,4035.4434024595816
57367,1677.4926829717929
91044,4140.145379869118
78750,2880.1252239387545
83439,3650.699855303242
13481,1579.162041078499
4813,1984.3063112441087
42415,1885.352453860787
18688,1355.3053093521494
94207,1180.5570533025061
81498,830.2829935786726
27048,2862.601269331867
3094,2122.100005200098
24839,5725.687677362842
89553,3256.9687824011894
22123,2784.596873690655
739,1716.848470279033
36441,1977.7436637842093
20855,2469.8750634610633
56817,3173.6346231336543
42073,1206.670072127154
82847,1110.5333496509384
97881,5493.750011321587
41343,2250.004405797031
70211,4197.276900766556
48321,4327.309229616495
55091,1189.4033453041939
44977,7562.484637422054
84295,1256.835926589978
90788,22952.09977709115
53086,1604.8497840164591
83887,1630.930666700735
16829,4778.724883043186
99000,3445.8695425738915
17146,1349.0445377753726
78649,1735.916644070103
27328,23868.92854935051
1588,1760.7649220440799
80202,24242.471011781767
14216,1489.9930378497315
22556,7437.321303325803
69768,1335.92648031913
65967,1331.2613492030123
91067,2299.5367778614927
56236,3171.7136363172676
14582,1547.8851429920282
14715,1428.3938817671697
23235,4446.871446368141
84625,3409.851256635426
24896,1572.7163726430435
86647,-21.95862589590888
86600,772.8425718858634
93909,2020.6023327571238
66731,2592.820768435291
6270,3435.4204077938493
25162,682.2769928746638
89932,2051.319039088271
69011,4534.446100476422
91814,1304.2807406558063
9100,1398.0571667532595
14195,1134.221910758808
60849,15262.937658323162
79001,829.9308765524511
18488,3892.518387414443
14919,2365.3887034299505
57271,5783.286539424822
86927,8335.246574601306
48082,1530.3819988328733
59593,1664.5720275760898
92638,3217.806232037131
15556,17245.50305275649
44645,915.8446077267017
38908,2231.610428310609
80714,573.6790883669696
89988,1272.5586910784932
96076,7478.411107071994
15695,1644.56207363684
78181,2359.72515420982
32097,2341.9558822557347
42212,4307.431438016724
59285,2779.877793045567
64789,531.586583698816
96311,4716.357122068201
79100,2290.5268543736206
44652,3890.617612171059
3132,14168.740114159236
87512,1225.0868133202616
96027,674.6542632904684
46924,4396.478093472195
48371,1961.9324787259882
35699,1195.5508527679394
76021,1879.2549480359191
31329,1426.5587210276362
52009,2151.017614695912
73083,4616.252467230204
71951,2075.8142748090513
46898,2351.2429614226403
98246,1432.196225186719
2964,7962.997346874767
752,2659.2089782311914
99681,12324.956698093089
87092,1123.2317376856327
7075,2757.4896201562537
25852,1787.28607158246
26077,2053.915585733628
7287,2863.100798584663
91008,3460.87355897987
90528,249.20583450445883
11248,3313.121406110418
62454,3300.006458381933
18671,1840.5259209922644
83918,5201.218913523
36312,8046.211940948728
66237,2947.6485999668625
93656,16.078745053774128
73497,1451.5149293405457
79834,2001.1578781430512
33076,5382.3372972782345
18562,3429.599253537941
24600,2019.2620703256662
45405,15435.032561334046
31845,1067.3700572041757
51872,2801.1053781647547
53184,1567.3377841421843
76308,1815.21318032056
99800,1315.0270083937312
37111,1591.7262791619023
51397,1578.2727958987707
88665,1711.4941789482027
4577,3801.686820023108
60076,4039.524285908862
27691,5577.528631974807
86425,3743.989404585706
64527,900.4638995824962
95026,2012.9464094671516
78184,6642.296722241774
12074,2327.7780245635818
44204,6853.435107038807
74436,1350.344792090627
56121,6301.1596918215055
11738,1179.4219893007985
46399,1626.4576785678125
61630,771.8802346770535
30142,3574.811366331804
22309,11881.32468092323
21366,2615.5948970043037
83171,3580.0580041816893
49189,118.02582403407496
90461,1194.7349407431957
70556,2618.138289733179
19071,1653.813121203428
88744,1527.055126024682
93460,1934.6190951435278
94088,742.2416803263277
77345,1159.4183620334102
81080,4414.201100103565
67308,3443.8828579570786
41522,2714.2407027907557
47707,5876.4617757645265
62918,1645.2044760719036
15933,4895.1343145366345
76143,8977.067191072434
99852,3227.2492672387957
61786,1110.7697622469286
68562,4982.443984087138
43146,757.3510027877451
48367,1346.8139841478846
56501,1228.7724943064613
21933,3162.0256053365515
84012,2059.2837306956103
23710,2275.2585296846732
66352,11770.225203943977
70572,5540.988608946787
51126,587.0631681668383
95984,822.9689725065937
74076,3419.8592772470624
79353,3246.2428979456163
18644,473.38235701881376
89792,771.6215171913718
32521,1659.2783818533403
38122,2344.285234130777
63892,4288.77913351102
32419,2412.123802667232
90866,3839.1956556417485
36591,467.91560469086835
9452,16888.86275102073
9315,3313.8822171901857
21974,1161.133417515232
67122,1637.6304760233359
43235,5574.121110552991
28699,754.4336736696059
7700,2783.5856628954098
32915,3182.965135578569
4016,1219.8228627862318
9369,1698.5719781303012
49204,1100.8339530018234
21246,1073.5804239838417
26069,3103.4126925435003
683,2258.235163976324
67694,1611.3349713314665
96476,1931.1218048456697
74684,4733.582302327281
84536,8123.510902132555
36294,2487.906622919586
50018,3030.3432435592667
82650,3347.9086533757772
66091,1277.0343918097606
83233,1338.279155400548
46953,1111.0533232035532
98232,975.984784558897
49881,2142.7837072809634
28452,3683.106671362643
28308,2138.0071672208096
94278,6008.844177799022
95742,3659.410157132534
46685,1402.020956807638
24500,3448.8655187875943
82023,2857.1461770782003
28740,1961.7631515847618
45836,1070.5813358076848
2105,793.8391197522387
51913,781.657573358998
2955,761.4521246492704
17495,24.19781752373774
53377,1107.6090267539994
92847,4625.400803856276
65228,557.1884062659883
41361,5044.708732811969
4534,6046.99219406657
37168,2903.6625949365516
49481,1873.5086184118272
72846,4793.274371284546
12597,6576.75055285682
65732,2435.9660328466625
41004,873.3569095560683
39571,2028.1522925320437
92425,3407.76794294778
28491,1306.6058850850095
22660,2005.991830003969
97853,754.0054493783064
63428,1222.059787690342
77870,1200.6956269870407
39091,1819.976903473887
39174,1680.0203208500484
25579,4862.051108629986
44721,2343.5872740407676
74980,-389.02568099507516
16163,2127.024893630216
73212,837.9832176762884
21917,2195.664008983062
55484,2821.69645603581
16188,2570.1944112334986
58217,4125.619765457414
99980,1619.2364962058127
15328,3329.2040989266134
633,730.6081851241852
61903,1945.8793425682725
29381,570.8960236234475
4481,259.2632273005488
12197,12460.30585395617
88573,1746.1486293365053
28099,22840.45107346015
72476,2385.2137443552456
77864,3606.324517962216
52110,1034.8769826630387
2443,2579.591521135173
13711,2378.0888134460365
18517,2674.9225364585004
70491,4058.0296150621703
22079,3982.245882411051
40835,5394.303331361325
95761,535.5927012289208
65703,4414.1260964878875
66855,7493.831418256327
68252,247.82321395466533
89336,3533.7040818070896
74584,3195.540912811802
38314,1012.2693368882042
5851,3651.6659647290094
70996,1635.4525306697915
83053,3450.0712267199024
37851,1726.3173044183757
67584,2779.83413710216
60948,1233.8761397812264
62560,2641.447494140167
50207,2205.433673244075
8409,1470.5804473723279
4938,1235.0288240933564
87053,1518.8415594065482
56624,1695.879211130529
83739,645.5338034758893
28713,1309.7584427179254
71740,944.7996107724293
29241,1540.4695848214556
29996,2703.006296418325
75081,1706.4595879619023
66439,4534.496579300918
27176,1195.5301416339248
56033,2109.2489713002633
23790,7706.531275186478
22585,2960.565977742093
43613,1471.056623164458
4057,5360.719783640891
57512,1799.596630695606
56276,9203.098202963527
95694,-25.05016791677008
4300,3909.4578740979478
5104,802.6229331084683
34183,4331.061580335082
52887,2403.3962461766596
94405,2344.4091933628833
50222,787.1183717760468
75491,796.6312144999742
15090,1528.6968848073398
90218,1439.3020360677328
92279,4905.842516386589
95840,3300.9946019491704
84492,1413.955830653139
78940,1944.5539138518043
28994,1029.9733573642197
6577,3929.361374191789
88055,3103.206320839523
15334,336.41917679481594
9957,1636.4503761307521
30067,800.4315451908046
95631,3582.6491188912964
61399,1632.1539435832763
27909,3638.481122036131
7288,2850.434757786939
93275,2174.9699978520234
33116,1430.0662907062297
77279,2076.9109475975783
6041,3238.6059796239374
39742,5419.6832765279705
13548,969.0989972640282
93963,292.3607063930426
76989,2334.3268109576893
18469,3214.6818082251766
73738,1794.5354412318277
78667,872.0019054514842
18929,642.465685379078
24281,1702.1985646052585
49267,1855.440110107138
57224,4334.254175883461
60170,1314.8678382710273
73204,5482.805830971494
3913,229.14481145220907
70179,2773.275485287156
72225,2302.6485563612787
18766,2501.901259989965
5083,5158.88328213402
56225,-48.61914891118067
74110,1247.0562739266989
15565,5742.752665949294
95286,1716.3680139074602
80050,1784.8812420583831
98256,2917.3694275992607
2345,184.3742048319882
444,3227.8475923828487
46922,3018.6905433112925
69022,15148.862377401547
18547,5538.44183390432
99553,3465.798734898204
67413,1037.0386084240727
34578,3706.7753851844027
95267,1908.5956535937767
87998,7481.497954554765
19474,2186.2361398841845
45294,2116.5031562733375
64475,1259.3865061386814
11338,2852.3702719232797
68130,3656.911811811343
64151,2086.9107328517316
37443,1340.6838947455235
67742,2707.767534097219
92926,1308.256651180197
10750,1706.3984757563107
87948,1196.497756285446
11244,306.19669225943926
1898,3875.5426250776422
86661,1523.8980139300738
48858,4107.838495166754
98354,2542.7061846114157
75869,1988.1267497470337
60526,2133.2741154941123
39681,1535.8703404712983
29966,833.3601752502364
13416,3225.5421640060986
56881,2923.600399553017
49486,3456.1100473997235
80047,2501.9237227434924
85568,1967.199912468468
76010,6078.372804627528
67054,9885.197855861437
21496,13604.572526635235
31718,1619.2150110350474
20125,2194.5071036506138
66562,2395.7101959341644
66923,1067.1159939787144
36913,2269.7875992357385
57227,1444.4367207925102
18858,1608.8434095352818
7216,2467.7527020857583
93913,99.68373419751424
10881,6094.185784627937
51416,3644.957119975926
66290,11392.139247253694
97688,2887.10372241763
23795,1249.4523333680067
53326,1925.1306438549177
15077,2248.6799699388803
71754,1467.8148370868503
92805,123.57784560893651
98783,1714.440936174521
97771,1316.404713646517
99622,1264.886540048843
60775,1718.2465397815276
49077,2467.6194444341836
67533,1917.3737316520499
83622,2062.0711748540125
98395,1319.110970455933
60885,675.4474599873379
34935,1086.4369020905638
90857,3721.051446755584
81379,1354.156494369217
74470,3034.5577254038585
29039,2925.3455331597756
99492,1438.9042752518544
66910,2589.400230843168
34696,2883.814797681379
52230,3958.664771613884
28826,3864.5764351128137
22537,1361.5590169320176
42798,1594.8413513079531
73691,2872.0887748513915
36923,1293.385615038721
82022,2161.0891033447083
3583,3869.7618465961536
61059,3725.7022986898187
76979,2109.5514169998746
63197,1656.9524210060977
47303,2607.9968526329694
43493,1564.9846049929906
43485,1348.456230771827
38728,2816.809772544862
20192,691.6530585840223
85215,1068.979562489168
49857,2445.7701972388786
98410,2406.9272480196887
64714,3458.029148465527
69376,1223.15564543269
27485,824.5614423883608
43920,3602.788981789085
42083,1239.5871132424581
75396,610.3231205033262
84145,1516.7437799535282
33110,1950.4548219511641
50553,2306.8620617010656
24658,1602.405874026601
20964,1928.44292308824
98896,2282.0321711963643
11465,2276.2765775765224
92606,4411.622355758148
41627,1139.5907304387983
24202,1693.38866033275
57741,1568.769890824954
57768,1994.9742853045948
55662,2644.2448332143013
52623,7642.507230435322
95779,2642.414099536982
95633,4558.798895295517
23716,33452.27527417541
75168,1116.8036336369296
76478,2458.378310234979
2225,3010.70356611926
73110,6758.914822169918
47695,3161.7697274883158
72421,466.0232625757026
67734,2382.434147546436
22995,1990.011099805586
90774,1525.9829868437369
68532,2304.0513160875885
36799,1148.3623643998822
93137,7440.492027099268
88116,1124.9007871090125
47626,2593.8565728363556
93196,8976.197723107955
90227,1611.1103142517477
27672,1917.2441987526556
53781,3912.4415818345897
43559,4291.644450780533
61599,1340.0843111960694
95957,3148.623959321546
8783,1888.7008725908966
18976,1672.093960957329
5982,3564.181024094536
48314,2876.780690198153
75282,4372.419913360702
34982,1311.5001848640095
26094,2004.328011439702
35745,1624.644706889381
11631,1081.726673540219
36429,1318.1302108726672
46240,857.1734473163488
32948,3548.899136068619
55,7154.302228163726
20176,1682.3584306810417
75240,420.669280820578
51749,4129.27772476194
99890,2146.6640522235784
25583,1607.7646496621678
56306,6634.335774071556
48966,1892.6833105235216
55723,4041.7867469041735
85077,1297.7902926260576
88252,67.08100408053724
22489,44.75030654996908
92995,2733.5165287264613
28536,933.148968588418
86987,2277.08123983305
5432,861.2934088405755
69042,1494.2276743842222
41596,1176.021832299154
19537,890.0998090709313
11854,2619.304594250394
38344,1695.9564301007947
35365,1960.6069019336037
22360,2362.315091778708
35306,3228.5346898274775
29921,-39.220246516499174
20914,3585.2726077948328
47538,1359.8757052638698
63865,3035.6008219695673
32974,1239.5116587031002
32602,1339.5543232458258
48404,-233.44126337322268
19299,2698.5489601108393
61880,1632.1267680878614
27158,3660.9684760554674
61242,1426.428474836836
26299,987.2833862643156
82929,1510.946448864499
30209,321.3556904781235
80557,2975.585883376882
93512,5878.883217013748
19092,3124.5428459311815
20216,898.3305258301857
68394,1302.3746655015084
30790,483.7245312896739
71207,1598.4974124964374
82311,2740.8032038251163
51640,1307.5166220078486
95201,2922.614304920493
87128,3852.4020289423256
18378,2083.276773551246
31891,1401.3720215951562
6267,12864.830291339482
81940,8595.597997275529
51503,1138.8473296340667
25703,3830.748366155075
81209,313.15485028537705
7402,2259.8847409665614
99698,6150.778042903537
51046,10457.307536355253
9064,1093.845506857686
97261,1449.194656016533
78449,1664.1447470439425
88614,2086.6245408705895
3184,1797.3064585075274
37972,1882.4815451574977
22961,1978.0501116019332
56208,3813.233764095053
76785,2408.030463339769
9017,5527.71095887937
6528,4996.884758429422
6900,554.6036827578528
89224,843.5810487081781
50962,2174.665777820045
3331,1211.7933831924265
43825,806.1924813958713
665,1903.759884931458
7853,1618.3502242348013
32200,1197.5912524731175
3392,4195.817914443711
75697,1099.4435265583134
80177,1672.2304266350338
431,4517.154278621703
32466,292.38107011875945
45473,246.51068572029408
90188,4076.7551628886913
21673,1578.801363950446
29358,222.25307921368085
63593,1271.1054326112103
82550,3505.4681579732182
36328,233.59176791981645
41843,1598.8075962878156
74138,3003.6800412447947
87047,1251.6147711947242
28868,1236.993240949549
13796,3120.1574583453707
87336,3907.2830201549864
28423,1818.8950679926215
966,2768.2833055357046
52650,2836.51319193443
36491,1514.469936799661
63364,914.2006439620427
2518,979.8551799772886
93802,3922.867823588081
92309,5124.716289791429
80249,3820.882168810196
91795,10171.59975355587
96402,2577.2017033904394
57306,1602.084070719689
65480,7412.887828400526
73064,1641.4715287966208
2810,2224.938557361697
96923,6994.289636704854
20654,2784.396488889764
72389,3941.947220234621
98594,2397.0957547520866
8204,1360.9200776484922
38771,2884.673029212241
2774,11379.290220012823
30305,925.5734387036209
51861,1509.5907871646432
14978,3104.4006872569116
32256,2476.857541560166
22453,1947.1166143608364
91057,2000.251981486324
85857,875.5495225671712
99746,2450.710339427331
74447,2169.9984619409624
94567,2751.7751450203177
64380,2443.6753791953183
63864,1462.8099451072067
34526,964.4995149272108
55345,3621.71234324789
40324,41.300858558686286
41837,2495.6511860038895
9099,989.3217665229704
3105,1300.8112101294419
77061,1963.6610252956116
68814,1895.7240994317426
50793,5328.528642259597
13663,964.5030448491707
40337,7183.411126202702
79856,3377.792538532107
53662,966.2605212299372
14671,4867.480441073356
55543,1319.9388042716532
40135,8088.8736984745165
95386,2545.3708514211557
7139,3374.402982954362
26498,5167.551192804816
13916,442.0139802139024
55128,1597.6622895058795
8473,2672.9359211610863
14141,741.4574065194806
1848,602.041375427088
41084,1160.5433576134683
43760,1001.3210660483023
11486,1447.928261387403
47798,1112.0803142703394
85750,3970.606130792451
87631,2540.038106745331
70490,446.82877003253043
15739,481.25585329947535
58673,-514.8760465032947
76227,651.9981731200469
59253,699.2142537253385
30959,9018.319985919867
26547,3054.2452815238794
89245,1493.0383794916493
16951,1755.284226709488
15529,2435.9699766971075
68977,1287.3414237245001
91358,1772.9951914902194
53766,1983.211097987377
8558,2396.586025964846
86934,3290.7782890065037
10270,3643.4120008910913
49530,2460.426446175656
37634,2915.2584052511334
69679,5301.007288358787
25426,1330.9737065256281
8866,3563.352604322534
41818,2038.472597582711
75157,6854.235823717828
49307,1711.3314874162957
59249,1412.8432662826517
23811,1434.9723502506895
27023,7425.769702195287
66701,2327.056951247087
54560,1943.8941497211365
13465,5870.357555352316
23935,516.7650152390224
66790,622.3473330776696
67892,15248.345194551843
55715,1306.1671224654556
80335,1686.298542054552
30006,3857.260923525293
53358,8871.351100310456
15002,2227.699939010495
75537,8765.320214992327
24014,1531.6400003624794
87537,3728.182918100688
40845,6757.697668945887
72325,1958.815159660065
51135,3171.5253460370086
21995,2132.3122715593854
19607,1280.5916329651823
17373,147.37110980009902
10385,-7.346212069896865
76632,2418.6363582806944
48433,1486.028090836448
60959,75.67113258971995
49461,7615.382938658221
37289,304.03850633736647
53103,4423.590020227464
6162,945.656175562508
40068,1058.1551775632151
79646,1028.1471373848126
85087,3636.7844072959283
52053,1383.4841514610512
12231,1363.207698781202
24036,1043.582448233151
82789,593.2409914297941
40807,1641.762615898768
60157,58.218777838647384
46318,1853.5222878131103
75867,1398.8636144102657
25186,2278.6860292755973
86135,1591.4661525679894
12954,572.9009239629804
90005,2274.1508562385907
6707,1462.9442789965892
97768,2388.9331853017693
79784,941.8222430865935
74659,425.8266095678109
67162,1081.503774545236
95776,1405.1368884837857
35221,3551.1560126868203
45325,4176.860482442388
4179,4163.25884516014
70795,2036.0094772541565
18833,5029.62983159261
91469,889.9136205551144
32254,4102.61655783366
65009,259.0742193243568
86457,1075.5561384595226
72564,2593.9214879309457
8402,2179.448411312572
28678,1116.8587158374203
91233,1603.1539175155467
13628,1032.7166560746746
45442,7669.901146134114
26938,1630.2656318279428
50900,631.7514630626993
45750,2488.558059759145
10315,-792.0643588489638
76358,1386.5081261142163
63534,426.42896415290215
48983,1647.9473155687845
33250,721.0074712070918
16000,6158.326510913187
23221,7216.342443584072
26323,6570.512180088339
22095,1076.425244335585
4750,1800.8178958731044
48323,2786.642694094637
95702,1182.2026980987953
72183,1626.2786011009384
57155,1282.7665503534718
44771,1018.2974306980586
84334,220.57371541069324
83313,1141.0183400153555
60052,2359.822095483695
47114,1895.708758351126
88897,1915.8973837263597
30998,2743.5339011299884
28101,3968.514742949885
70939,2498.285456939128
90531,4409.442018444306
54973,1852.8533849116632
97383,8647.84401103442
95412,2131.5227709357805
25201,3870.916622840478
99362,1642.4864962185643
7364,3138.0990828388667
64101,2941.908139729383
28501,1119.131579946753
64852,2227.4117889610334
40456,1005.2721373163859
16948,1266.8175783960082
44835,4019.955080138233
44859,2717.87940827709
52686,2281.050231057302
51892,2508.507170275626
68711,719.6189857536833
83750,871.5134429495865
52544,1136.7626617523124
4315,2175.2313951652786
53892,1849.326461190498
84378,4358.217190376333
95153,5447.735462654178
79899,4364.15019603531
85133,3050.057062328754
25118,1866.6385856947222
44127,2191.143627189995
59384,4539.294723716341
66060,5079.1185502250555
69834,3370.668060476557
48345,1551.4946157970903
38347,886.3829010475656
87165,2347.268484511598
43807,2192.6389101674094
40989,3136.1765882197687
96567,12950.530322273771
77080,2136.9976552631606
52121,1531.055246562455
35310,4359.050933552655
52347,1174.3022593203495
19048,3249.7831545191716
11233,655.8724553781867
68692,2876.3867710559925
2677,4940.734546236234
70843,12285.835944346196
33330,3463.1315687011574
51793,1135.1931863131567
73962,1534.783955259521
72226,3051.5725046464886
60424,3254.907362506277
14937,2662.631924854957
49761,1073.904708953578
49990,1160.3429882416694
99590,1958.7100849867786
11785,3496.292543122061
38703,3229.7446785146713
51235,1477.8231851363244
31850,1768.1755555349082
57094,1429.5391427806803
81076,1191.9519543729584
25071,3671.2597346181083
10814,829.0861454221281
83186,1884.517411128144
29226,3594.8986982867623
56485,13652.860644820012
53567,794.4120271177926
80412,816.4509389318446
61080,1254.448339031132
85195,2146.8405815720726
98679,2809.0647581142985
6732,1154.6882634874873
77039,2716.1353761704113
2143,1086.4856388238568
20362,1172.1357680185324
79134,4931.091874810804
15446,9097.311232793996
15772,1864.5939995583394
91760,806.8372086791296
51414,5412.18447018109
64180,1906.9666214789795
75617,2247.104820832408
51900,3203.63292647632
83990,2873.557797587635
73197,573.1454727284354
65815,3819.1001669134307
74736,7007.6563876445525
35833,3833.44788570727
63827,5693.048061509151
97765,1397.2169529697221
41365,1099.3128247289528
25843,3603.5659912291976
64007,1197.0911528320557
11786,2067.78608331554
39807,1653.1701691910093
51054,1622.8289088706042
8948,3676.2875583508594
24149,1918.816633868115
28182,7643.9725423699565
35543,1333.49184639557
13352,4504.662527000323
49817,1842.9194360281133
36075,1048.011597892374
2224,615.0191624820682
51333,8300.785612875352
6214,2312.0409120988666
29331,4271.840249396103
35499,2978.890959981074
50324,1590.0003740287243
8071,1593.7736992189607
23544,2992.038405022055
76767,1294.18174620022
53623,1009.7485427221923
98031,2423.046095721016
95555,4152.812575950656
93320,1040.3222173422032
56857,663.1217389195117
75692,512.1447256493575
46718,2348.454205035493
68363,2657.2022725957295
28360,4018.2082914304915
50122,2363.8358639272647
29582,2700.778010366559
38993,990.6932677760888
84654,1131.7959495016348
57038,13990.867346375422
75720,829.1604860522243
16458,1601.6120799138862
76958,1013.8867912938858
5763,1491.2307981348404
29634,2121.9883352225147
68443,7508.421000948447
20356,925.1131261336623
79771,6472.731063084704
95613,4974.948134273505
88556,7050.284059842199
84684,3360.223337800474
47824,4975.295156077004
3623,1612.6881104201875
29277,1037.56618055753
82553,1815.7735788463463
65835,5034.982319244017
57823,2646.610901246216
43838,959.9433963174406
5075,1888.9164290984322
35362,1123.4005084034852
46148,5214.141590427145
12709,2182.5904236110837
61572,3369.62076454335
71088,3397.9155893999005
42419,3167.2101674070377
82885,958.4302697006565
28066,3497.168557874872
92813,2566.4158236064795
12581,6254.731267400284
47212,1746.1649708089326
19371,1010.4386751421957
65783,1512.1434376262137
19638,1022.4653462067813
79508,1976.2676077224007
39168,5375.789210956871
16909,1783.0799154402682
26418,-33.70583603250998
61432,663.6378585796269
32583,504.38158065488005
89913,3587.800692506999
91058,4297.267032995661
76952,1832.4167033760057
94768,1551.908607543829
97315,3039.6477208767574
69397,913.7452709655099
39085,647.0127766505152
52947,1871.0319898493635
87497,2549.361882463797
76208,1259.7696396911824
64408,1434.8879449483202
78422,4166.881255809942
29483,1446.0904097393968
56666,608.4630097316895
72118,2002.7669807586196
21672,67.17686724328678
72782,2180.6401015745614
4208,79.10822709643708
55002,4801.207105223338
98477,479.8180956033425
34115,1082.1379788285722
60498,1786.0950158537457
47476,1532.208226442538
94575,1328.5099638765873
8394,482.965692113622
86234,2386.411260474475
25098,4613.248834533673
64955,2061.6976129106724
65432,1661.5049378095275
7372,2225.353386389683
97828,2054.706668832011
36445,3875.8143810064066
429,5468.622798029569
75561,1577.484771441063
49501,577.5298792094823
50660,1674.1117057880022
86629,4401.9846412437455
13807,1038.3649512657244
56188,5923.9036356840115
91853,2094.538724076388
38061,3498.99089542878
25855,790.623463078879
722,5094.881130226553
80897,394.7028275016678
13091,1206.3980024476887
81608,2385.2741702460958
6978,3435.54587981839
81673,-142.95198953684667
23286,3034.7801031868566
52189,2059.2595215410856
51205,1801.1487833867923
98282,6299.107962328216
98826,2964.0053488991853
22363,231.33430067437848
97651,2468.4580432870584
96646,1909.412964192631
73941,3537.3040452858486
40833,1190.51501791196
61655,2430.1797257582757
13345,1968.7767349020216
75905,4224.826507887861
11668,2319.3966226448856
56735,4903.872684554484
80263,1822.1769539486138
46602,2656.2781701731187
3427,2760.5043816571215
79824,2237.0480188660026
19028,1146.4261452569503
94158,13747.169085256184
16110,6246.716560285107
67568,2930.277194320699
54920,802.2513357319203
46782,3008.471453620079
62930,-387.7944084896608
41908,1552.4581404273304
82425,6392.720579165474
3128,1839.8691356245436
61184,2332.711547214655
48777,4185.27560968806
21663,504.8001613163333
26554,935.4464128362147
52266,5654.218079471166
75224,1512.5000661068166
84238,9735.07877852896
41114,14194.303611544381
72320,2332.099740100205
53818,377.0552323458096
59550,1562.063924062873
51192,10650.184100206676
12910,3844.8524952032976
12591,2280.5023102058803
97801,6847.184844463571
62656,1313.5258716434678
38539,3306.952483326412
31125,978.3793269316484
9874,9506.636785328217
3935,5534.262961726085
5922,2331.7201244364487
62243,1155.0564502953666
55682,1576.5726324236575
36700,1583.9705328347136
82367,1732.2532753674952
61524,2519.2593361184604
68757,4421.671907651812
35289,8003.462772616627
23590,2024.8922614198132
31390,1332.1437289128326
26293,1570.3211149764634
86759,5214.426652213627
30126,2988.167090999593
93648,2272.632605452177
12818,2879.2720876246763
17991,2613.685134338005
32377,4900.190785576013
90344,1207.3374956786129
27156,713.0244785817467
51113,4616.892952035887
20717,1330.167350731473
70354,2921.538887550651
64549,5873.683560219684
73333,2142.71886632953
41822,1154.6046102862792
89314,4151.767077085602
32410,1682.9034501250355
87300,2052.830570258982
27965,3815.0001548987075
3725,1125.4779077190888
79177,1052.0604098868607
65323,4867.922979031984
19430,3702.0380394122853
85102,2161.374724787835
85393,4177.745209760099
31611,2038.2792344456607
2055,3445.4954103170985
19719,3377.915938662086
37181,1341.954402081934
21373,4066.325926956721
98763,2025.0040092813445
59492,1864.7503928176675
18487,1017.9116806859961
5975,1911.7336924358683
37188,774.59150688008
51637,3673.6468531917253
82840,2137.8256850455323
85314,625.9220224967366
84977,2624.7867791192743
7564,2105.859447484424
94988,3108.010900155753
30863,2927.9361039071046
87590,1863.1834197016833
17018,14167.407987615396
57480,995.0903005163691
11862,3053.085205902253
42250,5399.39488360643
80014,1468.63845018547
81574,3877.928594003917
10223,2508.1159445150015
40943,13860.097021841155
31489,764.1439293429539
11544,1365.8225485928942
15337,1373.825768173957
77191,4124.651203392323
32477,2486.4901546928713
88717,887.6255877168533
12747,3225.9378907042965
45789,2205.182860067237
62937,3966.863274190255
44314,1365.8395496959574
93903,1597.0785712269635
80609,3445.675192876958
7587,1260.8630908406121
4671,4478.356888244922
22684,2340.955286719796
4198,1656.0936346896663
61488,5354.260607241276
43862,14004.808737024237
515,3025.799946420432
55137,6118.896913563958
87389,3277.5678840938876
9653,1002.4201168520385
66446,1698.785048373423
46708,9938.461476069508
10102,2220.9280031505723
48212,1647.9072423535754
76839,6474.877018932585
65425,2208.4882672036565
34944,1017.5561636544535
17086,986.2765990338776
98543,1570.9344588894915
66426,2121.4515328143825
8872,2348.352605231913
73040,1683.5397995419867
34078,1371.0154287971154
26815,1019.8731683581682
73865,4886.269945839559
24114,1048.8357374489315
12544,1737.64507600972
67598,6968.206360390586
18727,1839.6788737699485
61165,1132.2301086113707
28961,1978.18656979013
90709,2598.0063883379526
51953,240.1704509317251
65032,3359.8221895481174
25888,2700.8612813391655
41059,2753.261574769442
14286,2022.931112647138
93815,374.39103616421926
32313,1907.637799060837
22051,1846.538979825607
88383,1441.0191937131904
52093,1687.903139769981
38292,614.5114037592102
35659,1065.9778607388662
43035,443.5686735511604
89648,1727.470639477778
20313,2611.0000861889935
56845,3422.7907397943836
11019,1913.2982584101449
70816,1812.4682605521841
98353,5265.107534450811
87826,1519.6425917488032
55703,5389.106791370527
46473,3209.86265516481
16735,1722.514664263266
81978,1005.8053737274836
201,1426.5686386446964
53021,1632.4369215825639
34745,7053.142926854096
65583,29919.08615496425
86730,1164.854392066779
55278,2018.834657773165
15251,1706.6690512516623
18015,3246.498875516412
95599,1512.4149922257243
860,2916.807911152063
27958,1262.2253321908834
54413,1197.3037753062963
16460,2440.5068181279003
79365,1161.5021157328947
35893,2038.2553827258475
39190,1055.0829079745463
33324,23117.32990144493
52437,2639.4244772680886
75850,3009.011339917347
78753,185.244012687569
8607,1194.3454904277128
40437,617.0235211660138
21076,2797.0281363869763
37673,3225.497644932814
88642,1118.7842430770206
31918,2084.286168080253
35707,3702.7482562416108
22759,1905.42837371412
77478,1273.4560496929143
80983,975.9092577296688
6089,815.286547454426
39588,4587.586875007871
58539,1322.8474409018404
43502,1141.9380254470293
27997,1263.3506067854305
35693,2111.4350671753814
91180,2060.5072997559614
42175,2873.83668765929
80097,7671.941513495266
99831,1951.6908655647753
50010,2723.3990589832333
25076,1175.3132903816245
40317,2311.916257116807
40979,823.3055518846413
2986,2611.1472173781326
74417,3459.265853156955
78713,1284.6252676140953
34172,1831.047912966688
83614,5520.188848936676
84758,1996.6741130946602
78635,4251.99453572864
70327,1941.9671843841202
61431,5647.566438672026
51112,10296.294936450759
86284,1909.1759696859351
46330,5072.584251449962
45623,1048.1660005371532
63067,1721.2291057513503
84779,3173.1043894220934
17977,31890.109930217564
18948,1607.2262508014333
7538,2621.4899135314135
85438,1715.150360303237
81278,2221.408590907472
5949,2996.8036776185086
30577,3680.8261231127353
28393,3829.4444902288083
30381,909.9606686388984
3133,2434.040322779826
91720,2833.2266979221804
24957,3959.4871635921395
42111,3429.650510982417
70882,1340.2491882049503
77190,1050.3339364904623
14287,-438.61528274023567
36940,2051.503214947755
50043,1242.3637256462152
7352,862.5811474176194
36826,5088.965245579676
76605,4339.617540037434
57541,2537.4669090117036
97290,6236.683175696186
87600,1732.5156681569435
43508,1130.6092656654555
79751,3073.9720359600615
81961,5566.906273616205
92547,1459.4196394403252
17033,5223.329543470114
30556,3322.9737082176234
27491,24966.626039489274
39455,4216.848350062304
19084,1304.8520567903847
15848,1714.0661085346878
32649,3072.0231226207925
68322,2505.031606152612
331,982.9012316424523
72437,2726.327113685601
36684,773.3480921283044
48438,2379.74981163295
69079,5313.974910773638
34581,2675.549293938446
83205,3183.9024859180818
67239,607.4451009530612
92240,1523.73354331263
27733,1999.1428983081091
85141,810.8475199870645
28227,3375.637125145483
95096,4264.1800282253225
18695,1519.6127194444357
91171,1276.8474799425258
47686,9269.41808489881
50716,3296.31622584125
49526,4618.1501590255275
49733,8312.960298110915
15931,1842.2396866053632
84616,1361.8212911131304
30780,2774.594419276218
1081,1733.2744103602163
8189,1171.2309959088675
82252,1625.8579653835725
61273,846.056041849863
97713,2420.14614269147
90698,1319.8975879326235
16327,2866.591780063007
30887,354.622989143043
18493,1857.9417719154137
70580,1439.642699534399
1602,596.9478698824687
36265,4252.872942336253
80555,3239.128225863833
12146,4556.116496656821
97536,2883.987170988253
68271,1812.6267575118393
47544,5794.176163341473
96884,5063.857168770465
35849,976.6492971337111
6951,2341.7194955856535
71169,2813.6480151646065
3611,3792.852333145232
33773,873.3844333992774
58020,3314.297608984889
43917,1060.6596522410932
6518,5161.9552027967675
8908,1479.3976046342218
58649,1643.6248457802017
56360,2568.31187645278
78139,1609.6440704724191
18651,1770.0086070072596
37475,1143.7378719436065
92286,3836.2284218183036
43057,777.7997755452366
4841,998.7293083894051
80963,4718.001758950054
45520,2039.7096648536512
52186,7141.934022466407
6886,5418.411727510806
35446,806.3498467367831
267,1231.0806180152163
88580,2909.615334798642
45206,2973.375116984332
1656,1560.6514228868878
65709,834.7472434732958
85174,3630.040804954413
74314,4286.0863662297
67615,876.8793678365482
1430,7341.159076235182
54125,957.9091813163441
64295,2317.4858372978288
7121,2812.9173110681954
95426,1296.4394247587024
50033,1702.0687525505136
23340,401.5976772100598
40252,7265.660593856273
18268,3554.81195852724
45922,888.8359063871771
96636,5336.858732028564
61982,7481.396827169957
54216,198.47700356748146
98929,2852.874896544842
83315,10528.094756233066
24049,7994.207941352503
75548,641.1127258482325
37638,5137.747479150059
50694,1489.1599614327629
39342,1628.0114298228714
33219,4861.000092758654
28715,989.7310464598927
16392,4471.867638682705
31495,2577.6954362319366
1613,14990.775534153647
73073,1241.773285943461
74225,1202.3895420484132
77170,1045.5443654208152
20380,-261.18386543618544
95403,6338.184973000147
41941,944.2983680497182
17776,6267.605280623481
10090,2109.6719184813537
68111,1576.5011105100907
75663,3620.195999149423
35789,2809.1036385220423
74234,832.6448648367627
34215,1385.6396263417105
97929,882.2946188333763
29383,1664.5286501845842
13528,6235.96515993763
23664,9806.418665443945
44702,1374.203914924357
44057,1056.8834377076141
15158,1592.6950465938912
46518,1851.8757738414038
29440,2462.500509692012
69630,1040.0369789083438
61203,9035.798849935018
21194,1802.8634412568854
21861,2025.4679005833898
192,1405.0894220024547
3090,3049.493503522601
14119,4074.8005505474753
59101,1727.5043497681395
25650,1624.4461547599617
89464,2431.8336008916194
65938,1673.5256523776848
47521,5229.33450076072
93967,1100.8513664419834
29175,4035.7327646208028
77132,2698.1704396806904
12952,660.8233117235245
5154,2639.0191216327785
73086,798.4138264543494
67723,2503.4354226598684
50090,1838.503520979508
91538,4314.100129239272
61685,1044.3350335478872
72355,2630.3796116874028
76489,2257.555856497388
79023,1831.8572076295445
31755,3556.9312544202903
82476,9865.144091196024
18600,1156.3763241145189
34969,8661.644963698194
78221,2257.624230971732
23259,3939.9611682002296
32841,1776.8764334796897
29251,1255.824174640606
45531,189.83680024089472
7542,3882.07330017698
1397,990.1104872214028
45407,2236.7899089285897
42392,4661.593957488147
38720,2101.042173844178
95927,1857.2912946550182
75244,2926.8090011439313
14933,6301.406387206908
67852,2398.079061422081
36663,2493.996977944469
70287,2630.9255965773373
11325,1933.6461691312404
22393,1346.6625423361793
30174,2073.513800522125
11324,8867.426137929542
15824,2763.9247624780446
66860,2613.244012995335
51248,13411.928478301488
74755,4568.267709085435
10318,1384.2427112800247
16602,2411.5661279742117
80945,1373.911914956354
65724,15180.101298309872
20679,2339.3704402668855
9929,2960.318981352601
800,3949.0714449962297
87032,1842.7039217368072
91229,1680.3493419834967
27374,-25.731300142192595
51280,5665.513090344956
2388,1575.6446078494705
29038,1803.6497279739601
52451,4025.3314709122783
76490,7064.818396658551
45849,1756.5185604998455
75051,3025.0933274958707
83354,2719.3532566846734
86197,3137.802928155012
21533,3378.8887586899436
33970,2081.250868764194
97453,2839.3975830311024
88860,2159.250235021797
28645,3059.5479210994126
44812,2820.732618153235
40606,2290.2211679757966
59711,2075.8339077735864
32538,1394.5646639750908
18957,6749.2291222879385
50846,735.5046765026218
91308,635.4758585533536
54244,1231.8359893082088
81093,2000.3368281110397
69530,2421.7518687913957
37027,2130.9238351513586
8159,2224.543167628472
50392,9043.226665037517
45404,1653.0887092704481
73071,6091.469581588279
88454,778.6109716061255
92330,2980.391597975816
82322,7795.367500542921
22487,1632.7038568289731
86236,3185.0201200152746
12779,1689.8864333592821
15689,1211.3382100476774
40612,7400.949085745196
83679,2370.712532303212
38791,6144.734075649982
29550,2370.446151786551
5565,4191.590293809716
65337,4328.864673547046
69753,2072.782057697469
19942,2309.1529323019486
18265,1211.4442721759751
49154,2038.0434409899647
91041,6118.297450542188
39590,641.3900402667446
97640,1784.9963671977569
41663,3326.429157358412
78188,931.5679375170675
5096,1451.5520342546224
93547,2270.2636393536764
99753,597.7178981877719
18938,10589.296878033478
44162,2310.649569480401
27849,1143.0276371024202
95525,1735.4526229796836
95155,2242.402639000686
67505,1295.9508422726599
90060,3394.281566431298
99741,2966.47294441548
13972,433.1636973586319
28861,4933.975037206089
62619,2823.7483572106803
44144,2913.432160890709
11703,2742.7647615179844
15936,857.6649265418032
83555,5704.464036624396
47858,2086.171216611755
96571,3895.217367279124
276,5637.361733544061
75142,1377.9844046942471
35493,5622.3079002124505
53229,1091.685512824165
49628,912.7703230455472
92979,1202.9477916284732
32786,1254.4936574247126
80745,1494.1755599004032
13160,1795.3235187628545
57530,1202.0105125756627
70763,4972.995409687924
12426,2969.5528086269856
83253,2342.6822749776525
46492,2158.3991581715245
80687,2239.427456383747
90889,1280.8069981420322
51316,705.0077842562441
13057,-265.4439465894611
85382,-350.68115900470366
28572,4743.555376529667
54925,1705.9146521823627
5394,2187.1339775849465
61983,-105.3049585208837
47509,5323.536161486423
7098,709.2647555746726
62519,1920.6366453064013
54258,1582.4722230701818
56495,846.5550512747659
80125,2183.306407119062
71302,1236.5277815244763
20346,1643.208788370899
39148,4909.9496327754405
89271,6201.448307503933
84786,534.6377578826819
8784,3658.1531792537967
13706,578.857339616698
44349,2011.9285475201686
66467,4455.12187525583
32597,3928.185858401614
69494,2059.3219253482175
83879,3722.077240786289
31049,2740.869706487234
46192,8346.834153531494
71543,3836.3181526893486
24008,3852.9927923089344
60828,82.61915462366414
5991,3147.0392722867728
45642,4968.059800082723
88834,2225.275638233081
67916,1626.0497592954039
84731,3369.568959590738
72750,913.326609485674
33234,1311.034024239983
24890,880.7587358122187
22625,913.9991266791785
84851,5041.128973991103
82971,1244.800563852707
6944,1665.3054961603161
97021,1886.1967096496817
31847,2213.38024866902
48958,1334.9652452140504
39374,2991.477032228732
93891,2244.4524019784094
9755,1606.1411618358215
53328,2253.5245281510033
77583,3529.5620558720398
76356,3207.348606403848
29049,3782.137848597098
27512,5153.618833683783
39791,3642.904010218567
89296,5816.134162383555
61690,4263.241418158512
44987,2668.220946998276
80716,2668.034130295951
52411,2780.870750058315
11951,3762.6920338922587
9070,1386.022948365041
99207,3574.573866498224
54379,2294.8426746101204
58767,3275.6268450801767
63592,1944.4136814612405
93775,1251.2819348997182
99724,252.93500382727052
6314,453.3094146272756
50441,1855.3319622043787
28403,7569.615893673183
73785,1234.601030878218
36414,1577.179534778677
67216,1157.9471446472417
22093,2870.2072565977023
61082,2004.6537669579884
63751,510.78257955138224
41665,1429.0975525445033
12968,1018.2858994980356
16841,3167.6036995266013
43471,4698.590088912203
27942,1175.1034290912817
57366,984.7950736965322
5045,634.6317675706105
12918,193.73488515502686
66129,1583.6081719608283
64089,2682.5499383451356
56313,2748.3965009218273
3125,980.5549847847487
15478,754.9824205616515
35779,8727.20423586528
17297,10279.643118279688
28065,1790.1653494455477
38567,8930.468524811222
26724,1957.4405607559388
62788,6415.732560973253
14491,1513.67256287105
35802,963.4440122538881
12702,2947.6542006398786
27545,1366.603577624101
61223,927.1528542822421
18467,2436.8312028697255
13917,462.5267061682198
87227,2306.7611893939193
32035,746.6735881753489
26321,2156.460514730791
12841,1075.4099957334852
64648,1771.7117150308304
41664,1311.57070427065
66012,1674.167928177988
86380,885.5819546587622
45587,3723.1855027449537
25892,3768.136130664388
47682,429.28103996043
79035,4180.956331161638
94221,2561.467669240639
49258,4074.780451907654
64451,2084.9323133968273
63431,1394.761565132646
76,984.2710533057261
27370,1721.2645628605899
49763,1485.6727902409589
69205,1264.8497470073935
46593,3178.4180318493795
78302,4546.201921154557
67601,5111.3291854128565
18250,3769.513896376994
94610,1704.8062509451302
20464,2816.3126846841033
24050,875.8107054004149
28843,5779.734879754895
47867,6144.174537747418
22639,690.0056897963009
4027,707.7563631968969
93841,7080.172603718673
48873,1430.8536516033446
14341,2788.8299817876177
57578,1998.4929946565178
62542,2217.3809658516266
59956,7425.81461553449
94261,1880.6946875793217
33100,5859.579863013829
60265,2187.9751478578437
21762,3181.416744184417
35192,4127.52506805359
16766,944.4168828096567
34315,2839.734838680036
87236,106.79232441926524
23330,2207.6352552914204
37338,3918.2601958319487
31765,3484.499127465435
12067,8040.764345368606
94434,2784.6150976843646
61563,3629.575219898504
33471,4509.059312613161
74139,2496.248846239219
97225,1238.3739258616251
8404,1991.488246929116
43056,4253.248984909041
80237,784.0861679665659
47975,2203.9959438053306
11595,777.0843635875417
52506,4213.9064674704105
91362,1048.5688672751385
33793,1759.7652928586972
66992,2488.1648889331454
60475,2834.2987969265005
48506,25019.536767270212
94769,989.476037042552
43408,1510.990103445377
78195,2425.8717849472223
82000,7738.681183342942
97523,1142.9264250030565
33676,2293.6647346193054
25652,2565.7956031274466
30830,3936.6295662240964
67894,863.7816165108989
11968,2949.0722914008957
59096,3323.861309732283
63962,2555.5773945333513
23068,4251.406816460681
89018,5673.775496804707
20023,4030.5512013790158
15363,1768.9007166661713
74099,2825.92398762624
33904,1302.3563983569707
92206,7596.38233669725
62766,3442.2137678670215
65350,3162.8682208743935
48125,4036.188165682348
29318,6195.2074154103975
69283,940.4099504016262
68498,1965.31235802178
90821,4984.681588237646
63139,2317.5564940360127
21109,2001.4008875947382
9568,1195.8227560139721
77300,3098.355045965553
99156,937.9452522364418
80003,2957.9086104081625
6071,3420.063465917344
84113,2460.7608423109914
76889,7922.920411786737
92835,2098.619803194073
40649,1508.3135701296264
65871,1810.8381623991452
16965,3324.203915116638
6141,-537.8674346590878
24098,2593.930447568852
30629,4675.521661880022
22793,259.1215671312816
66488,738.4524608712686
54910,2861.4728544767045
18340,4530.078007034016
28428,986.5838924911882
14314,3605.657909358056
47360,23465.681712811085
86575,2100.0756113648085
98062,5354.512485859659
35923,4082.070456417238
91618,5980.168968733765
34164,405.7263509832055
31835,6537.644854689172
69857,1022.0521750103976
27923,3215.9152084086363
99471,1426.1491534566549
78859,7777.692641450455
57687,1428.348944533093
51507,1360.6950043876177
77348,4114.110030879603
36461,2353.589080190496
90683,1631.450258059187
57534,4776.658520182726
44577,3003.5275639206366
80530,939.3341233414558
38880,4110.000109803988
15545,1929.2603411792184
50227,5486.672669263841
91194,506.10691673306565
4133,5489.975817708366
31141,338.18978208936005
8837,1081.3864723502656
25719,2807.866073942915
19806,871.8547980783205
90266,1478.4096092582458
97504,1431.010225219171
82136,799.511854641109
37664,5196.678166073908
76015,1495.3847188424174
9163,4620.382968083445
26895,2963.9148914939924
81774,2473.4840026380725
26939,643.2566768592551
876,1526.6477592574784
28257,2611.1628591414014
72408,1526.8276570903322
79343,2436.848251399968
38774,3399.6934134058947
68813,1144.4341876994226
86484,1321.5410487628255
61914,3384.1276476400585
45533,32928.89641566241
32651,2156.734401385089
804,1940.3363016474332
22029,2306.2791687718145
79014,2643.2292297043837
34449,1593.0641758954353
88225,5403.50748741201
27359,1390.8545100010388
33435,4239.583105238989
53051,1066.7459668315423
38465,1579.2151847947289
73051,1159.9260683041266
57765,1391.2652085273567
33007,3667.21886707654
99006,1998.4611540092533
87158,3425.8138039196265
42103,1285.0773571529508
37640,4391.973256248586
47061,1710.7206171046457
21372,1210.5032771317583
26346,1375.3609673877236
55862,2066.4745290940564
44876,405.4385678996905
71434,5369.75911496514
79182,1054.745382305599
66096,7904.309584504889
28589,5997.68910053472
79611,1387.5773814667918
87490,10035.358216477212
83760,1011.3675463564123
67912,2943.5337304337286
90225,13722.870129756022
25651,2376.5480007067154
59256,4147.689622808369
9486,476.4147165119957
70440,5146.29189083685
34009,2333.109916999728
39805,2250.9208557858706
92476,1350.4085113120364
91579,3250.0699524688434
24925,1541.6432784594572
14173,2078.9849836613803
86609,3602.8857030546887
61156,1178.2565508903308
523,2029.9914238197387
88849,748.2622752487459
74780,1436.8910006665474
70728,2319.0762636326217
48235,7451.680278641204
46014,2040.932023536098
86477,1196.3343781287658
94096,3666.5161915709973
36920,1921.889816228565
92750,393.6927088031148
38380,13445.66130044912
57062,1613.6666149055563
24141,7845.123525978205
38927,105.39185035415994
56722,3146.896123671044
48206,13954.260667415876
26392,1108.2675612280395
8824,4501.1111726793
69186,1592.474810638049
90895,1296.500141569656
87265,3304.7522724143764
87687,2147.408745860888
91596,2166.2343099958402
27514,1893.8049494006873
15820,718.5810954367143
96510,11607.795234651956
39605,1394.7940368918685
44073,6930.270137824281
46413,1225.2930853949747
31791,7190.285422720479
77202,16386.531435980476
61823,4715.411447598552
46648,1571.5760875442338
26976,1822.024638832207
81734,2321.059526047337
2005,2440.35396544418
77292,369.52273607553616
42341,4051.40036152249
92141,2405.241216814799
9649,741.1896312373929
45111,7407.680809730919
15017,2587.356034786552
13503,2843.8201854424105
70972,5992.471564428128
57185,4122.023396731985
65854,2351.221229094691
50062,905.4508089241972
31253,2480.3946586496336
73261,2444.799602215683
62651,11781.677854615822
8434,6424.4582836989775
91138,812.5600429268143
51394,2605.9902622625514
59841,2816.2685164852314
25019,285.1881606467591
47198,1608.0255094255285
22001,1069.8432348837837
53557,3794.4358030270782
46471,2213.7912475686962
73895,21346.30441914105
3401,1086.1186962792954
49962,514.796251067175
57495,579.0142370287926
51259,1295.1105345229698
75597,1059.4741023066954
89784,16099.367103910521
18993,2773.82290152335
8966,1555.6820561509685
79119,1519.1742081834404
59295,1333.1616216962643
15027,1713.5340672202997
93151,-460.9186444363213
97375,1252.8410727817613
62189,3080.674245721408
77223,3821.704675400727
48115,1600.4328044219956
26039,2559.3267560108366
65635,2367.330745167735
5729,506.75675315397257
12829,4290.342017261937
11940,5578.914669440233
37346,4736.800947964362
65720,17376.97600363758
40444,3837.757762740637
11995,2136.4672413835196
19589,201.74061619242912
96282,1667.9175114119832
28385,2072.0700153838743
14969,3015.7829251749567
64450,15839.400499017103
3987,803.6201066991725
43544,2191.2361709530423
62854,1772.519200154307
6701,1604.1805794314428
8387,2926.7925326490945
65389,619.9069416482325
66549,4170.873269087266
27727,1068.3696720714256
53416,2012.2900084321095
41169,3672.7080628563663
72481,3351.7097449160256
29072,908.4119083578526
55685,754.857042132574
47072,1158.4094974004265
13790,8261.706672577846
65797,2341.93547329868
98462,9036.761860176655
19997,10039.326908003544
1947,5383.014433276335
24070,3043.5540845828577
62581,1109.8906167938799
97970,449.59886731877714
38777,3476.21906931537
67076,1897.5661085930508
84118,1355.2811315377844
44240,516.525163600536
46354,5227.123172606836
83523,3895.282716940006
82520,2671.112397495571
58368,2046.056000600224
25573,7447.034399615766
93195,911.5171070871538
65764,2548.0769345129365
48807,7085.028101102464
92675,3464.852058150437
651,1378.7859530012793
96532,10177.217664530046
69718,1396.3139220869662
62658,5645.648299050004
31033,87.02060022717251
75571,3302.1238225039788
96649,2367.3355341286315
78624,6303.554029692824
16957,1423.0736007594387
17392,2028.6745914259316
40516,4150.905914476599
86795,4874.703122437446
96284,-681.9347708613286
60733,2679.3627452425676
53099,1817.316403310434
22030,3404.438915768527
89068,592.764718097822
18217,1324.5250097682301
27024,1848.0333703715435
35124,1981.6187209504205
26206,16961.745433520224
77576,3735.976033734461
12094,1163.001646217287
37764,3399.649029711292
70241,3969.1233388249
65238,2097.681830465692
86725,4596.264266659383
4739,2033.3028161400318
80595,745.5160705559374
1118,1083.172993078972
23121,259.18531872303356
71811,1647.6218623886962
40146,2445.87950719084
38180,1752.9302606051651
67040,71.82477146575866
92676,5948.778450186677
31036,9232.869876916793
48896,3716.3727910138464
80142,1792.035300445845
72035,1536.442220656184
38149,577.8406780463738
15629,3749.825870287012
116,2688.264599075421
80616,3647.721692143911
29879,103.5405327358576
95847,2098.585948138576
8737,1395.5492436925692
79594,948.8391225171026
21682,2505.1031539584997
86017,974.6829859712934
56951,8316.372460269964
8263,1032.1433827073333
32326,1098.6681059876819
76233,4039.197316676408
98738,919.5789549303113
15008,4300.068213297069
59775,1561.0785156612878
86580,737.5083612060735
7150,229.2505155423937
48693,2155.370691290545
92583,389.8837124889669
15919,706.5281511884386
23694,4480.439296382483
79224,2032.260235499095
91329,1975.2835700263101
95063,3934.7362840012606
60046,1676.5236765657273
75004,651.1132269637792
44040,2149.399775060835
53768,3675.8041181835983
54114,950.5415931066327
50624,1663.8786053912158
32070,951.2830895471361
94963,4218.237063065398
91392,2045.596894599949
92570,962.4643342097561
63959,3929.3210691889676
74129,1109.982948076898
55853,1917.2979662993673
51731,2560.393171743955
24630,2508.9619594873875
10532,2477.938981012894
99180,737.4419530746854
73328,1241.9085993780782
66588,1010.709243740705
7718,4219.75564092261
61265,1234.1667128676168
50786,2235.3057985469004
9415,1896.6398540660907
30547,3176.6110712906625
50978,10860.88345846206
10855,3447.1072059279154
82497,3891.7763686291355
536,1362.794661100645
28506,1651.8367913508298
14186,5689.788894384855
77417,1573.3854052693387
30936,9934.207390075308
44493,2889.80609373253
38695,-79.87031047761957
88210,5974.1284633105515
76968,695.8002853686148
65207,-197.0547691806064
91120,13117.135979581351
25768,1616.1283883260166
57508,2491.8442973232336
42473,3910.6479691755585
98180,8255.299714890261
68419,2461.2546407121417
67010,2209.253312277784
31909,1436.8011369244014
40628,2075.7789771666635
21983,3191.105312794625
16744,97.11833402842831
69963,7495.872382039231
75064,1553.3632282004337
1838,479.73195327092117
7688,4048.7725885686305
34294,2492.0934957666987
67722,2373.943746090734
22698,4767.340522269306
41258,3174.330238327537
96588,3019.469177311841
11568,523.8422748101816
51758,5017.305664923901
12912,601.6812241738098
2316,1491.7022360772635
83650,3271.643759561276
97117,8167.51339491821
64676,580.2670716247358
19882,2159.1978322261702
65707,2268.573599363079
1817,1247.5838220056894
89869,2197.551194601811
78852,924.4511589268673
88567,1649.4928054549375
58889,792.2425361670039
36746,7.839253128253404
72466,6954.5686611019255
4456,1855.9263722139274
9242,1320.228558148744
88692,3823.8511849945844
43314,1003.3185223491123
89653,15428.26643272032
77119,4671.320052203736
99656,1083.4276324651319
68286,1690.8670740194038
63975,3683.863400778234
74547,888.1411809276806
44539,2628.8479751843965
57380,1261.4510990158315
85691,2926.501766143866
51349,1464.9727520472338
25487,1994.9200316773426
30816,1454.539463745828
7980,4388.6184941915435
9423,4495.021916927782
24781,1333.5050694721535
16103,1274.2603310443228
83122,9244.805174249956
27279,5130.289200902419
81558,3568.431137606003
2184,2108.17810656718
15315,2125.446611870223
44829,1458.1033973491458
73277,1776.6250791056952
59548,1904.2263780250332
35178,1028.1385367684393
2822,2304.6884313969867
55567,1420.0572214332115
70196,-253.3376292401299
30811,1746.8917107900506
73344,3591.4527998900517
29569,4034.2899159032427
43577,8591.31789046973
40065,1163.9491155007063
10161,1084.456895708894
24487,687.9812364207182
2644,3647.545583197855
22340,1185.3473786704635
66271,3014.7372322407123
8595,751.0688349783582
16155,1793.3670732697087
85961,1976.9690441450791
49327,4696.6387229673355
62723,1504.8464394906973
99968,69.92866953427028
8732,2069.7352975344816
88988,2733.0666342467384
29206,1662.125050710463
83708,2596.8729807625978
64616,3525.130007150308
63462,3319.8790028294416
11145,8980.44412100916
56785,904.0841580504493
29892,4136.625879276572
86313,1521.1786811252236
4150,5665.857624657456
35142,639.1123406957854
24659,1810.6215994603147
2114,437.04117936676084
96949,1825.1194879903421
50404,-117.13456022182572
4488,4266.794463943233
23,3023.3784220777643
91653,578.9341302793982
90473,2755.1375990930883
4353,1643.241203453032
24501,860.002648863062
71674,2854.7277696780475
49297,1923.1870580140453
22760,2576.5172411000667
77099,1559.6102962722016
58079,1586.539081880354
430,1283.4626788992186
98340,1164.5899325075425
2623,2916.037326811681
22955,3075.1447039452573
57532,170.96429289801836
30076,3738.2858014430212
49549,490.3955009360934
75957,5764.963983132063
34198,2851.472142491086
47856,865.1859048997244
67663,2059.6684399831256
22445,8289.40894180084
93972,2882.5980655909307
18450,10277.841424763697
59321,1587.5398051515958
82154,5856.531856032879
50282,1931.7721782291421
7885,5818.202746673243
50836,-241.31680950235386
82639,4102.195944720769
45859,16319.627644970804
51145,1292.9022613458233
42952,8116.573978080835
81982,11936.186199061693
21588,19911.398846197877
14638,891.4328246140926
49020,4735.739717791819
99947,1109.1038072561287
81025,6383.553326325461
14443,3607.137589052811
56189,1264.3679415381534
25645,3308.3229610597614
98358,3476.287726361668
62853,1959.0704029045364
64404,3395.0665884627956
53130,978.5723887794084
75836,3083.3614614565404
51862,6878.4602422103735
18868,6904.175988210061
58463,6918.302172138156
67625,5171.742152219933
24180,1249.4038472266957
89186,11524.721953168162
13308,7479.768880821835
9216,4615.7941785896155
66730,3803.912014770929
46680,1952.8962638528374
99637,1693.0630737550757
94972,1651.9506943043434
98078,3843.4756972569403
37159,5500.911052766369
74496,3652.4003727828103
34397,3366.978917577878
81002,9384.077242634863
71171,2391.1950901087744
67849,15983.72329790435
88537,3605.688487410676
40706,1364.881335669762
10342,3156.8121335370756
55596,1975.176229016669
47017,3429.5017973854096
4855,2302.278169865009
27424,1918.2331744148607
26365,825.7733356966191
88610,1000.7750236317115
63823,747.5498078867299
45239,2252.9322795137
85699,1853.640628244086
93853,941.952657000882
30707,3375.108530693537
64456,912.426512038322
84098,2441.8315112233036
62738,4096.699971273076
40492,7339.366534847256
26995,978.3643552591311
1032,884.6782709150166
15754,4125.117757775297
14717,2637.071935172543
90778,2584.529497816574
51849,4617.975665361146
81953,1700.4440518812114
13178,3916.3283960765525
18277,1663.20402558476
11135,2262.614588123539
31812,1265.5926420162882
65661,1037.3816459314799
50341,233.3583601366945
26537,11891.54278732862
64469,17630.0713964385
88318,2015.5040038969819
4867,2004.2218493007772
29448,2340.284828335499
91316,4275.486068866856
34153,138.7293449332219
41168,1134.871043647151
39720,7959.313730598562
17954,1694.9784460830392
22526,4031.125702929723
38740,1598.0749770364619
23118,1834.4507769937072
11077,1213.3460558590477
5155,1000.4467041659682
90811,764.0056532279145
19329,1738.738865948133
14991,1588.9425475276366
19056,2278.196488891007
49863,1062.8928072911658
21591,2078.332110973697
37646,6038.570020031556
4429,2943.7636446366732
21989,6521.053801112352
44843,2236.0242365198774
56383,7014.252622510302
5597,5904.456119237117
55518,114.0983382905888
8662,3721.1431615843558
2885,2526.4124288152743
17604,2608.9701967854016
27595,8276.344785260178
11011,6325.71326082111
35285,2186.489620897491
89627,2995.6982464437133
61933,17073.784553791105
70448,1424.3386616053785
18820,803.2440583374228
32569,1115.8121218443293
7122,2473.7180956800903
46674,1700.3669439599482
78988,1725.2085144533114
68276,1289.6119627070957
4088,1190.0176660069205
34066,820.5348251728824
68697,19434.038108840974
33647,2641.0991827772345
59387,1331.651189195176
50050,1813.3275284891752
76389,552.4965391399983
90696,3377.4095623771723
93700,481.8897152940235
37627,1655.507007105933
40967,784.1042102554584
10926,957.36023160169
15468,1241.7803426510663
16731,2107.1601577273022
35787,497.0715984466883
61706,2030.5702865076332
30764,10939.661028849223
97953,1216.9587447458675
83554,5553.541660719683
62796,1889.1581967322938
699,1683.7893628827237
98363,4034.574578425956
10962,4916.832453810058
84444,4643.823773698839
97357,1210.7421176558532
76252,2186.0479041755493
83938,1912.3833959417266
51424,4243.636753326776
39036,2080.554499066934
73897,1076.938998537305
15217,472.8044578224558
24899,2579.229572266303
53816,2845.801675884948
23080,2788.7253441884695
60785,3559.910156853709
91933,2821.037559065664
87488,2029.2100388824567
16302,1344.9198038185182
12641,3685.0091806528735
82751,5736.767955830821
94515,2213.2576790633448
57784,4921.114202720584
62032,2369.831351263059
93586,970.56628825394
1489,1801.5074664831322
19522,1317.0955747923927
99194,4237.832604225033
34142,7690.142555682773
79803,7385.193865499717
82548,6146.766306955792
86273,1262.6209251461123
86032,1935.4887500680356
98438,1125.4780613090652
17072,2443.4887936723717
64570,1967.931358786064
88490,1984.3653163094375
43199,1948.2163544688433
35072,8154.982146857801
84107,1126.044892130673
12695,6071.500978459489
5441,2338.4201532942534
18316,2866.5996764710426
23840,1900.8825884999321
35652,1435.1248980054788
67086,860.3928771981314
80236,12849.467267183325
1175,1372.2193537725157
16986,197.4453464346534
21660,2230.651744748245
17738,1592.4019271731804
3673,5276.897065555871
11377,5430.876015872399
46561,1067.102364360274
6262,2686.256342944194
94965,1175.7337995122189
89159,615.912080861327
70649,1507.9845676757773
85621,3656.973377969223
88130,1139.7185832139357
72377,3382.6032302063086
22557,2266.3874869747365
52597,528.2216149378187
46526,1447.534846419724
15564,3837.0231622342662
84923,1165.8413556041642
74724,5087.632296801343
84906,1423.532230299364
27015,2644.5068634818244
27235,3242.3194176089073
20370,3356.687720841503
52868,2932.5142229631488
74815,3667.020940859944
46429,1076.947696273961
1889,3962.0394752212237
79041,16762.89147570399
49828,1626.6215942314273
26859,2610.260126393817
86325,8767.590978925748
1819,856.7406237569576
81068,3421.2682945672877
71857,2182.780658399175
71790,1811.0249729602758
57697,381.1750420518397
41413,1230.4281396301576
49926,794.6661234733392
18234,2133.027331811654
40376,2831.090698632011
14422,289.7449939247381
53875,5943.304541535057
40051,5033.836170904766
59222,1478.2254249977832
42409,3256.9959328073855
50016,1488.545112005363
77285,55.01356192758976
4262,4675.944269184396
71395,188.01577340844597
41058,1520.2643898254232
12290,777.5597773498002
64769,1302.7795842116575
1894,1041.370807669261
45619,3976.387355138189
98967,2028.6009926342633
50047,1733.2683125969916
48029,1939.7362061955291
99332,4402.352684721921
68969,2835.9026347644017
15764,1213.9895679051465
1215,3703.2462329701607
39770,12288.47679324163
32751,1463.7387458282778
3799,1557.1011050432894
43311,1462.7973940395536
91954,543.6036504385424
87419,945.713431377078
54849,690.4290602556403
44759,4403.668337022158
16345,2811.5201215231436
75096,1705.6417846009454
8629,813.119380639479
42493,1087.081541140671
6815,696.4781810552045
69925,20113.82500117801
77537,10536.297214030605
12010,1016.8841687775594
53049,2509.552272314576
92664,9554.977388073788
24795,2518.893783012486
27267,3558.0969501899467
11915,361.8826357580938
13997,3429.9227893533007
62555,2457.5946554595757
77706,564.2476675407374
47998,1172.554734956284
25859,2913.330296655557
46841,1606.5354442024
82739,2748.2467666664948
78105,2024.8792734260078
83044,2144.1246876507194
38874,3351.583641925023
17036,8929.992419136148
24412,2338.719752636462
10026,1905.965935848465
57483,2866.957089200995
55397,4653.98791027416
73737,5039.835633392419
58797,1441.6247356342856
75568,4020.15582416201
99488,2821.956883249411
62953,1478.6608010654863
62296,3860.5538314320884
47128,3266.0682544764313
93907,945.8845219787636
89331,825.0307249109828
78600,1416.805297085114
52505,4994.054166521175
52245,11461.008071520726
58711,924.9349844315561
73223,1528.4477360957699
47049,800.0647544951494
97858,4980.441028984516
37884,2747.6170893928324
22993,777.2190564213565
97490,1900.5729524653725
56933,214.94049285082792
30422,2262.635073576293
67729,4327.879759142218
25319,4508.576229807258
9238,1951.3141741914187
70056,2695.167816961438
63878,998.0534146457076
54885,8666.882963989829
45367,1644.6260156981555
62217,1490.916637466858
91890,2329.5637888671854
50234,1163.0642133550837
8585,1368.5577065825714
89733,1616.400498284383
64097,1932.4385087309847
57944,1509.1898600123404
82227,3137.7446639353157
36464,1532.3364743836942
5600,6946.076084739651
58661,4912.06599990088
84581,1680.9339582471803
77320,2304.890818805973
89134,2036.8843398051445
32871,1082.5297217347206
29453,5752.502033331108
48860,1528.3380428517353
67929,1562.8392885707217
59237,3005.7417248308484
15484,1914.062323967556
51195,5532.398058508136
76588,243.63860140867155
39853,3341.8599971133867
29545,3957.957679378325
16626,706.3514527108096
25894,4020.1838745395194
98870,1102.8612229017276
44855,1048.6175270176227
91834,3735.521426442153
64779,1304.833620929764
12777,611.3479796685083
49256,2759.428096817701
11014,1101.8014620032736
64195,866.698620607006
30345,3194.9698008657006
30103,3794.7688297858267
77581,2785.3997888085123
38267,472.54503799679924
69574,2762.882054583396
6906,2249.694824857382
27313,2311.837188302834
59348,2447.832125618121
35060,1860.1557629521055
87932,2950.4601845452416
97693,1699.9030286909124
54262,3554.236358379091
96872,6773.994944996026
5514,5753.097035344446
86834,1511.164759697428
38456,2914.645202344993
70545,465.6083506409436
2349,4112.120827646675
78980,2443.4036917342914
98201,2068.281681395845
14103,2240.145122824267
39636,4623.432447338617
54729,2721.406386018866
47765,-322.68932669459355
34179,1625.686131292081
29588,1055.63217346499
35930,1526.0748960718633
90077,1127.4349054660688
86907,12677.865582356597
32988,1572.5157817007284
50999,5939.657501539818
73524,1223.1770202606176
54197,48.04380310083525
48114,3547.740597826012
55949,922.3290245169596
83862,1072.8054217463332
5689,974.222010935769
87383,1473.8368091589523
27814,2465.255741501388
71671,1255.103007535205
40823,1413.6213774312037
72019,3345.8552969825287
4186,184.58111981286402
50943,1808.752505331188
71170,2194.8120296737825
41835,3464.803709816333
89135,1624.3347889719612
20539,1812.1406931872148
67167,3834.976787388396
13800,1285.2059855762582
95906,5040.950640996465
18480,9706.713665822725
64638,3610.627994944831
80224,2154.357253791205
26683,3925.6319675316045
38482,4881.81407157905
73942,8924.916134969564
59808,1468.8506894344573
99065,4647.059541042466
10267,1586.294458332939
44293,4608.368942743871
65083,1672.4711806332007
65208,2318.653994694618
11673,103.45533465712788
84871,953.1013589756271
26020,3228.3372595637284
77616,686.7204994485301
37943,1418.4834295622563
2170,1181.364757687414
96933,1778.8282863872591
12665,1833.6601661463776
67027,1368.5250827084265
36379,3601.9567491505795
19372,2471.7638706853386
17976,10886.354526326246
85922,24063.332667892573
96746,3392.3084883521196
49200,2407.0255403965202
30609,1033.5034510318537
46521,4740.029131548165
22275,1832.141637742009
16579,6086.441727778156
82238,1427.7144868949044
17786,2568.7668409985167
90463,7329.471635284067
41484,5013.00846152492
36885,5091.862388866681
6295,801.3404281742755
97641,4041.754950750498
95419,1818.0424303354002
92489,3655.4245807319558
63143,2552.4566575509675
12567,1136.822539335104
56217,750.4906293263743
98251,22.45753845263016
69387,5553.5845723879775
72943,1722.7084561131187
40639,1716.4119241754483
12681,4536.067236644034
30303,1596.5329883079057
45964,973.7655770535439
51526,10476.438937168608
24382,6689.41326361509
78107,1155.8205512696795
85591,3315.808383060895
7504,3219.708188718377
29790,1476.431957892264
86489,2168.532203955605
49039,3246.1632657745577
10900,4934.2666701726575
74401,1077.30150498699
48105,1425.7231223117892
88175,9779.40682966121
94520,1615.6376767030947
95652,1920.6189271944518
48740,4583.078791816431
61687,2353.8450374325803
89678,2188.0868641235656
95053,2746.444251811593
13424,2274.7631469766693
99635,1504.965077799036
13928,759.6786333318214
76536,1397.2135841127492
3979,1952.5912308929135
98699,3736.57551699635
5339,349.45351575453924
80220,677.5753474239727
22945,4035.4050877449513
64176,2422.4353894184546
55605,1228.0096676979733
25246,2018.376328890507
14871,1047.819031729955
41267,6804.758251987435
54895,30607.047869195652
23513,4777.761359233724
42031,1337.9267443160902
66100,257.3689644679739
27060,2714.0915893209826
46950,1153.9055578976227
13202,813.9190449426715
67386,54.59170398861352
33183,1529.186369759756
87216,7262.98677741766
52098,1077.1991266659734
36678,1641.9713188810613
39952,5713.87527206213
70908,1272.063828219491
19375,3674.524235292356
93295,784.5729213127761
74081,5877.016106770663
94129,1420.0396738312756
16092,3665.776565576865
71087,606.388651697383
90989,1765.3283092330973
12404,7209.511605473437
76484,1175.69345533977
13736,1385.195203595361
94593,2762.2845079122644
2942,3328.2667044613845
15279,1437.6441411085834
22164,1322.7988063447324
54534,628.1583411138763
72809,1137.1961052115544
48254,3690.1623852661323
83712,2582.2300750654404
12512,2204.4359478041592
58349,4886.589416244651
25771,1429.7120334501183
99811,2028.7952299899905
4625,8237.109469269693
60623,8841.344878403575
70340,1163.558750345068
82390,4329.64297477808
4639,2310.08174119838
61269,2746.8437781440193
92878,2219.6301324549804
60464,806.3845085634894
26124,1228.3671993686876
79961,1463.3626953137627
39098,2249.6822158142977
33169,2987.629072033398
65236,1144.4063541107453
75035,3288.309431010794
55827,734.9997210814745
93330,6788.661328024589
59856,695.2811817949205
13693,1614.848058821012
6690,1381.4572285221484
30948,2550.6456345940105
40357,1179.7798302674255
99768,4475.058974181022
98119,4643.549164429871
36694,140.5484363692076
92312,3276.417628121672
18629,10748.216271924153
93693,6527.37918539364
30278,1410.4438040398622
69369,4820.331653941096
65150,1621.8942254957067
42543,1526.772713789358
16196,9419.61179767488
11419,1609.429419524331
36454,3806.3187379297106
94608,806.6871941959935
5751,1755.7766525880795
84208,860.8378800792107
99115,851.9412166763468
86660,2291.0358241817576
97243,1690.5328653519175
97321,2468.893305718537
71738,1427.5819230509433
78319,3803.9075702465398
95642,1425.4230786688627
55034,5394.387221611503
25255,1663.0886919208476
68615,2231.098282204655
88620,3010.4034631022614
94090,2158.290598124041
34789,1642.1914582776487
14413,1250.7997759246946
53116,2006.6957997199963
81867,2838.934439609006
48061,11307.6379623768
48245,8587.128784069859
85177,3272.8843024171015
53696,3280.525950722185
71540,547.0092006965142
14004,2573.7242486879804
5896,8953.03193007163
93552,2189.3095308067986
47849,2539.3578822956533
76573,1151.7403715375967
12791,4611.145672502891
76373,2542.69158964677
55453,1365.264042679988
39319,6818.172664533107
48358,10073.040713493661
91155,1493.9445456742765
94425,2905.2014090729845
74699,1497.5250604819098
69423,4631.076855333868
92658,2011.037399217517
13270,4901.1465764970235
84204,3228.021092643762
82214,2268.853898864565
85008,1789.5041090663879
63306,894.0986813841027
22918,7722.739560693733
54962,1469.6629713172056
35106,5630.198773510433
82546,367.32777243739656
37106,-89.11179928776619
58569,1257.391319510206
5355,1324.2482338033296
828,1905.3373687799656
95388,1077.749157284573
57119,1347.1926354880106
55874,2277.525285276235
24488,2683.4166193238725
6984,1222.278592457691
61581,1982.3546875414718
44590,3124.037354084269
59323,3378.1046056607597
31903,3987.710119478812
89877,6629.87738086382
85112,5432.8076016416635
69687,12361.918649886255
24645,4544.975866866697
4921,1281.2195507398687
76858,6127.765371463984
87432,2906.221694338834
40562,5362.58428644474
5848,734.1374370089461
94327,15802.285664460163
33978,6917.98364342051
1435,8102.755988886827
77515,403.8835280700587
15085,282.65562708134075
52267,1665.4214881018504
87710,3146.2487952725296
47982,17351.352747850113
55461,2048.15483600934
17212,1824.1811547368086
14883,4742.678523536083
51021,3705.6775611137205
79652,16672.9290347095
26060,1854.2174194380761
94881,1927.4367521222393
73736,6406.751776891066
61408,1628.244200003633
65841,1226.7509492534891
70775,366.0308576314874
61734,2292.0983784365876
8574,978.6609231578786
25062,13931.09425355838
34640,4150.873824680841
58947,6718.739800345853
25637,6976.069550009075
84311,849.1142724677811
36269,11858.693453623959
51997,4853.90704030135
31130,1799.2450636811993
19433,741.5244432754812
77984,2851.5589857614796
99991,1114.4060709232713
28579,4585.314622646756
49777,3679.006117959668
66444,2342.431480630121
92441,8961.884491722458
38556,1909.4589029711688
84460,1935.208065708014
27847,12018.946227321452
44154,1171.5716649998003
20864,3132.7377223801213
30924,6910.7087361914255
98260,1834.8830747361142
88358,2968.881769025976
72885,4709.940339033012
54069,748.2954072982075
51967,1487.7585213572265
76193,1094.3895055672656
31224,2139.5191491828596
8992,2856.434932324996
58684,2048.2500805239342
56315,6809.430945486885
56518,4473.803048871345
72785,5583.826300053699
64621,3315.1165421418955
47594,3403.782964558747
45654,1552.1599402198817
17103,2451.0176653466215
58809,3062.734494067632
38566,1842.690859335964
19290,948.6012867413074
78240,2502.38086781426
37686,1631.3407201131743
47921,622.6496763607356
3467,1984.5047075967977
15439,-4.8015271008166565
83774,1729.8495739642724
70336,2193.811229317166
34378,1918.6536111325313
42147,8626.420424976573
82457,1309.3759002299194
11499,6857.662854802967
35297,9022.375351393632
94471,1222.5431354045159
2714,680.0339094731494
97913,3110.22340675245
78495,1011.0774853323774
32474,2083.1478730244576
98574,4841.23546785744
51917,2132.0957145919006
96185,1617.0486257826933
25777,370.2974874864535
41949,4188.601820612695
51982,558.3395512925435
84352,432.84327576232226
88568,1460.9010666863019
30504,2881.4968835975037
9261,1129.6776814454306
76697,1410.2096477538753
76565,1501.3650045673858
15459,1571.7621708642491
71954,1204.3373380858252
72301,9700.32610568417
19134,1401.3692951915932
43948,2829.1537421854064
85415,995.8952594535895
77518,5321.796742780465
27736,2287.9167373431737
74549,4446.986394595617
41195,1366.0387235142853
33824,2465.9634924729216
93232,1690.2288514275162
15669,5727.07417929046
43290,1835.7519527834318
3704,9647.33046431843
71947,1175.357556184771
411,1052.746832167133
89430,1520.6367522835121
78305,7547.831484093313
18510,1155.8887243360746
35433,522.5071444470404
20813,1303.5717392975748
52935,10538.577799592247
24506,25069.44961918948
49325,2112.1462750707815
95327,-105.13940881996268
97497,2270.940199127721
66329,1669.7704111899313
55499,4309.876074278923
61789,478.2188660648817
67314,11340.139229669485
86299,-308.10800775464804
79868,1691.1710301898459
53323,841.3960810759545
76939,2878.4462564122755
88952,12934.035239480956
40677,1571.579246668954
37787,2200.969186114463
36725,3387.9758733976123
91826,1772.700206777187
61400,1145.6832191548256
32636,1729.0587627998827
53405,1022.9059870250703
47980,2454.6192888914084
10509,1930.6855956151107
9119,4637.744050553738
59828,427.59898114224507
87559,4605.680464282743
42681,757.7802214711319
48652,721.6239808682999
81553,1738.352109672595
77551,4273.450923377247
59621,293.2952513096193
96055,4301.254731347773
94936,1253.6902683148392
66032,9700.47244020359
63893,1951.1976911164418
49899,2799.332032799044
23836,3648.969302044369
57667,10314.171130798768
33508,510.3121841666871
23796,3515.914241560619
94993,2054.773587614771
97925,5977.501244001499
53715,5086.401886350375
23657,3667.555399579983
66643,1727.4168664071153
2430,7.03951823688476
67720,674.2040371213234
85927,2221.957880984872
47388,13216.438250321893
40551,3672.436538473983
96444,1321.6824329666665
69441,2450.4879223897037
12297,-141.2141867812952
22461,4801.159368791398
59860,949.9974714121408
42265,755.8716022523276
22597,7444.761195937417
19343,7058.037280214709
10403,2806.4606383024475
66841,3391.0803048486728
14589,3599.7732601715215
42603,4422.3619018490135
46832,1346.3325611174246
97141,9058.799158091822
93817,4126.781486282245
59891,3636.0092772844637
89145,1951.1063820035984
4181,276.37190082769666
79495,2291.746959872843
11309,7.079311755749586
70474,2591.999755145758
12687,6407.196604700304
90365,12219.546973455943
34218,432.0492409984954
81637,1217.805341085027
21657,1212.8126680248643
40037,2878.0907693484605
5574,4442.884555451346
18775,3101.4719421648124
26083,1453.8362545037335
8022,1529.1129313134043
95307,1833.037675451507
23998,794.6573287581373
89754,956.6912339130004
95819,2306.514490840318
91143,5741.240027578223
89638,2719.888818283078
28029,1278.102348502598
93631,1404.5367569398823
95347,3665.8324484148193
59536,7698.405985958628
25235,1156.490164801431
51882,1981.523580085822
48926,1464.6583201898907
87221,2138.2320550647305
7242,1033.9307110396257
4135,1535.878525996935
72388,12295.750306664251
3253,1202.762617170628
51211,1272.012981756221
80736,635.209035957675
17901,3189.534002353368
55246,1730.1757099854428
26255,2929.770350448932
66865,1901.268444924029
86826,889.8835250538568
68715,1304.459635627894
67192,2258.434371080864
77423,4587.284882762927
55998,4650.333986929752
29128,3470.2577088785642
34284,2342.1389840009715
49895,934.7827135613675
13688,14774.096176518418
50423,1029.9345063884548
10553,5786.077038461143
45917,2609.7655608371706
27745,1055.4205656642139
27603,118.20092720413686
60381,607.515707699597
73623,-204.06113800622643
85247,3261.023216727525
76122,4311.663466275211
54789,4639.794997983679
13117,2089.278947640769
15013,5772.802712876452
75061,2421.4549719132233
56821,3239.827117128295
67548,296.2445241886171
94335,1964.2774561080985
25664,1969.136197388573
76604,1439.442742374812
3067,1093.589939248211
42686,12492.099766497147
66947,3761.082625037603
27955,1075.3994145848883
1744,15182.605861972608
92366,2018.1291208559865
20320,11143.465838315053
21735,5966.205367243751
79215,6563.677619890408
23000,2316.68096946444
65723,2171.3654504602673
97278,874.5597205524505
23263,2229.8627928158785
62138,3769.294372570551
21497,1438.6437926484614
94011,2131.5148441862466
69666,3247.7382471161573
17808,3428.793991927192
42139,2210.874543664701
59922,8662.42372553702
21057,3478.4190207486263
43014,1407.5012859267931
26454,1857.3584178985425
80713,7745.66481249782
52005,2440.860470481564
85771,1622.105312252282
95991,1119.6966583626063
71660,5195.073593217934
39182,2536.6966657849052
95591,2521.921899617706
87664,978.4545882778566
6811,2605.2431577629204
98541,1372.7678834636
31317,2098.420136648443
86050,977.4404796415893
34547,3223.237788911387
4107,6732.008292642833
84342,5080.175880338586
64759,785.0030699896224
42344,2736.650498019698
68853,3819.084921083238
59957,2574.235784641175
89866,3002.835623128265
922,2068.8463471616496
85638,1155.0272492210274
26224,9117.950000950976
69020,1109.992806924016
78350,4464.81676122946
82296,9220.019462599608
81615,7549.301792864683
32076,2808.702516569943
44679,2474.164157912023
19080,2646.207490566808
80382,1059.5615074944922
87555,797.1446575948517
96928,2876.0859482883097
40848,2526.8023130928746
34948,1701.7540839404755
88986,1810.0441019568368
14813,-513.8195545912167
87882,7113.529697785742
19914,650.3577150683132
3259,1256.8934894097606
25234,5575.484973145143
45470,3176.9221579045707
12729,3147.0883921468308
92037,1734.3307537130777
46912,1343.4679336764962
80707,942.7760490121696
78839,2439.1751992979925
3303,2240.331743432467
80076,27541.913252756938
14745,5119.514617272455
47428,3418.9346806136145
5140,92.51478629994563
38917,4410.0960877683465
1478,1252.250502287215
32429,2347.323002070893
50785,2371.366918575497
27456,2845.0382826714895
92853,2732.8929275353244
50658,949.1529024622632
23418,9461.849616955627
20277,4526.997731308212
75569,832.6822811719112
68406,1849.7852878313952
31542,10200.184171674577
50004,1199.7036655119082
11699,653.0641823119563
37955,545.0973656204483
91267,5241.726054673016
75787,6213.0773154454455
11165,3097.6212523067234
46991,1143.2890844240092
69231,2104.0524766909803
83804,2660.6592179032623
73094,3066.6623884087526
60892,887.8210604743376
18924,2624.705120042895
43230,6557.439013368366
34636,2463.9773530759585
47618,6413.880594047273
53883,1196.0251011552973
20383,3235.227144527835
79862,3084.74797110499
47503,2065.4123301707687
15851,4928.631316708253
1282,2445.804793093881
32868,1408.5697458671611
54518,2838.192305485212
57488,2970.1933935844477
48388,3081.7748612384485
41458,2525.7785838697664
21084,1540.195338124121
42954,5824.028673352017
57298,1557.7313896981004
48258,3360.1331798645415
55299,1272.093197157235
59863,1315.9007418554133
7754,9029.821419574331
44205,2197.004014936383
55055,3090.8873294624273
54645,4117.144872138634
52507,1683.1955493077999
75236,1848.3843988139454
77724,4551.259894340142
52899,3675.4038591761578
54918,2366.0034850100214
96874,1695.0414293643662
72112,5383.845751714088
5200,1490.7129908148231
86563,1341.5547545997156
46359,1023.7781164603248
35629,1752.4692848796146
51037,513.4234937224883
59558,2375.0995155435344
71876,1145.4181469252799
7731,2124.889812357038
91001,662.1517636188482
36679,2254.647492773246
86521,1139.408857440882
70633,1717.5581330448867
74942,1277.1236719401522
33223,3522.6324656613447
61260,5197.203987689829
95706,686.8637966194451
20734,3753.642752070053
65613,287.95722270765964
35654,3039.2352651441674
79567,1254.517010493581
45955,2090.647162628252
34232,555.7633007756804
61294,3267.5092403413105
69722,11217.665663405682
33619,3169.177473054923
16773,3817.8898055694403
32675,2185.335572900155
13195,811.306954388062
94000,1114.554646544459
48468,3294.247926708257
43746,1755.5203598214769
3610,191.60136271638294
31126,5358.625662240252
32748,1595.23157255561
10864,751.4726904652489
89227,4731.206802984806
46536,1828.0927363187116
35890,1061.5078153224504
81988,2320.1839783636597
72044,2938.4512154295835
4049,1453.7397521359399
73719,1746.895199576711
59976,7705.198396090672
70742,631.3089346447232
94945,6161.939951112927
59699,609.2377418741171
14128,1740.5159246638227
73108,1889.576843081789
25265,876.5765242922475
13436,2136.698242615924
6724,168.5744569441099
4795,1780.9591523707475
45001,2620.638366443919
84158,3986.527152296063
618,4145.789508834662
51785,4450.719239038508
24438,1818.3273464047393
70128,2457.2436630524053
39988,2528.044701726487
1618,3077.7493434215617
86104,3796.726788076265
17733,2012.2912427700667
30664,1981.408481031313
89142,1477.4848095497077
60531,1594.9984545949173
20359,3022.4398216639993
82547,1508.5190281948744
67670,886.1900280266018
27330,1512.8637367229921
98348,1968.0426970477101
59832,1049.7394810931328
75211,3395.756017440306
10303,2430.762383041944
44025,920.9073950304887
52240,1968.2137611232276
96067,1169.6512033497438
62616,2001.7140982211968
60694,4349.501213221289
40522,1778.6343952975187
61105,20694.931402325332
79962,3424.712068756621
5585,7759.795014695519
48038,4810.311028480369
84284,2900.858169974642
85731,1762.5118254124231
29882,2248.112176741642
91956,698.3173515737103
66915,1379.9476374482201
41133,4208.880554768226
63499,2532.4208483293814
60386,2116.087584377638
74998,91.364110245152
78592,2253.34964817506
5449,4241.343726881019
17445,2619.82636390973
43722,1149.39405780261
25979,2055.7150830705314
51764,6045.34540573364
17111,1990.190224536859
19004,11509.311363550041
23091,869.5421879455462
1968,12182.533185531325
81058,3703.4086092513476
73866,605.5177449550242
54600,1144.7598131470459
60794,1951.951010175164
91631,-608.1067902196455
42827,4901.811857842996
32971,4002.527883225631
36967,3751.5402272967963
83900,1169.1995110046691
50891,656.3392180590222
85971,1072.1094282302797
17397,5673.049993106209
94807,3817.046713700024
43728,1552.2061638867685
44959,1162.0370843861833
12098,696.184583426606
20299,176.70360752199622
74423,705.9592375958673
17405,4020.4341595633305
6205,2901.2838138749376
44221,753.0058661505386
64709,357.0675966615063
56843,787.2979721217421
74119,210.6770581450196
51100,1891.4460915998839
53056,1474.273626366425
86443,993.4170285210539
78840,3361.148036720565
88757,83.07701825748563
38475,1731.1842620207087
27010,6371.958884337193
16167,3348.4826802394246
80877,3438.20617010817
44699,2465.890661150436
29557,1958.032585000922
84015,1354.738888900677
26670,2120.5631839931148
26448,1970.7322211756768
28603,5675.001569803953
25994,509.8150855122667
95259,3314.1756526736276
65089,12211.619403647313
41839,2073.234650623059
42547,4864.170613055405
92554,2758.062435392592
45614,1323.6798779684887
22094,2877.329900238715
46251,2368.291278945288
14775,2975.2413464270394
52300,1905.46804521219
25354,1499.589821317952
18473,1023.754857944165
29261,3390.0586113661534
15068,2361.1127597721525
39817,999.2843682033522
38468,2001.2361360068567
49283,4955.092774370846
11540,3234.628235267307
85032,5339.7800055199095
33338,3060.026620680258
30565,3629.504471799759
24799,2378.1124929833804
83960,3448.427812362582
24204,13838.156518813417
88240,2406.12903954806
63658,1163.1682831304379
48446,1285.228350415318
62767,1850.7638776135652
78520,1493.9085187050218
46003,1163.9095325441276
24743,2533.8293853577197
71390,1990.7225455945943
78032,2643.300380571857
24078,3224.354591189548
94672,1305.3228455297212
48304,2643.5163171227114
46605,2714.841372595471
83367,2975.156483599066
1158,3550.1770723014847
31822,2583.82892060958
53533,471.03356707750754
46549,2064.916334582881
15488,1540.8017626029937
99715,5001.901708655378
31631,6199.319401941577
53259,4044.77366590728
54401,6044.579770740422
51378,4113.917985604725
55163,7202.164400305848
19842,4558.854009955132
68773,960.5186591643742
13046,674.889315939562
65498,2028.4396314279045
96190,1220.8243548678065
96550,3625.4156173768197
97163,2626.251932903042
91198,2702.2313155125403
47308,1383.8493241549522
26402,17297.72908290508
81050,1098.6418436624976
99299,2140.574833046974
54930,1402.1132024638828
79483,94.50285161243664
49471,2573.490104259438
36521,2642.417786354038
82145,2378.266814617964
83200,4197.3366963172575
90927,7249.186690747272
68489,2059.9848942745675
64057,10352.096432756665
89346,1604.9902385070122
96456,7811.2248337487445
39815,524.0609777909681
91511,2527.5022380315886
77347,4124.979252328378
33309,4195.423924861546
44356,-421.4210609010479
84341,1430.4830335981974
66356,10220.786473033502
45862,1442.6405170899166
80488,1291.2958577187728
66798,1102.0653551100813
49155,8955.298938816417
98357,1689.2481840130731
50910,2988.4761939469777
80866,1343.446066543524
117,2000.684728788093
45497,199.5897294619549
7630,3565.389396783452
52417,2637.721558913973
58758,946.4668233478224
69649,2259.0719885279523
11973,25398.508014259583
48755,4340.539304645148
80393,5814.055782148695
4493,298.799746151456
35815,1156.5069146545702
50711,930.98303988315
92567,2204.5518156786993
24648,1077.1899288516588
3886,5680.843716560628
68482,5024.016261982785
15138,2620.48996254779
85708,6751.410967641237
12873,1644.179811272215
77087,1453.453807771015
77509,860.7072262958222
76507,2154.6191997934307
13679,4294.39935347799
12978,2827.991768842781
94496,6938.668586160083
20146,6835.6832027767305
10641,-57.980543065606525
79034,1817.047028767116
23572,689.2538561371575
13570,2691.3517397567334
17173,1526.6065421277726
16617,1376.1324977527238
65291,558.4911452384176
52747,483.07830747590197
19660,1862.5102026025766
44227,8408.24780742171
9476,618.4464840204464
4130,3345.214334118385
81233,1214.4247526047538
90213,2347.5225412438376
42994,4189.266286110466
7948,3435.576574314412
18152,1184.21144025701
77661,2649.26273023131
21247,3062.196537092412
60935,1708.1971063653789
26037,708.6067199724685
66196,6447.51965092749
99394,2255.461974990497
65033,2578.8350788111607
23124,1852.06660540553
28095,1406.904160406897
23196,3394.422442805806
58078,1863.2971934331126
6608,779.0635662773325
40261,1029.9732625999877
87330,694.6104460966453
33701,2045.1771106021404
14759,3111.388977989597
56793,4100.596055689504
9986,1934.6495105553868
13866,1151.9005529231354
9438,946.8214982580175
92859,5973.044555949639
91578,1617.1616661021549
41650,1500.8866373845149
49021,1127.012757131362
92409,839.049335541672
7639,1420.6840594439068
5249,1497.5171362052065
46614,2783.88703602754
63117,976.2072351757606
10506,4994.485372512445
35672,5204.075917311221
8115,1090.8134966629364
42787,1584.656202763119
81440,2651.3685043832284
63797,7028.700945321479
42990,2983.8056123959327
7633,7158.593874146003
74507,1191.794036401675
36473,16699.294906696883
76296,1719.739243986344
47138,2383.2238192182185
11024,9081.075817650399
42132,2276.924518851559
85132,5106.2878520322765
91864,8998.798665061116
9330,1865.616818633249
33784,510.6211416753313
95585,687.6129638950651
7621,6341.068578183104
32777,2292.5669664052816
25626,2995.06368908641
92502,2464.2223177953833
78256,3809.6172125155517
10470,3036.5189085804923
86964,1629.1579328611003
86896,1675.3319211715152
40834,1344.5684567582643
85334,-31.55272069161083
6616,7562.871451939679
62338,1131.2188379684558
90383,1590.6151213289568
35947,3509.147947473648
20626,1549.7484688893164
73176,1454.3073994423416
44039,1805.8696914873026
48994,2002.8980628514514
66564,3090.3616869165953
71194,5241.612945661338
68413,772.2575035117161
146,2844.671059640958
96713,-224.92803903854747
30275,12179.23640106522
92625,1673.480372424718
82671,2066.431841584097
53245,3178.7978454035288
86791,3087.987961054947
27943,1613.3692386963344
58091,2129.5506476012265
52023,2396.7055469243974
47680,2003.400421055369
56632,1881.84898278813
27637,2605.2350044287114
55398,4725.264404862141
23105,5629.761574214376
25506,450.249790800769
45143,5615.626711279679
85271,5033.995430970232
3506,1991.234311607947
45838,1520.2386581253459
66162,19476.148304966475
29110,1653.677430156095
36006,2558.904988008728
99817,810.3410584071603
55837,5786.153621940515
89268,3188.8153916834203
15195,683.856675659466
84979,1597.9252867349478
62245,1403.2294789041744
83660,2283.0145004456317
57824,1215.7088621261828
1761,1902.6580890242865
45571,3696.152071595539
7631,5215.781815252755
48169,2427.8696035139037
49294,3470.020528931134
9306,3054.155814636788
7544,1525.4122413038203
57357,9268.291972331292
76057,4127.9006677324805
27033,5241.730855197854
16702,1482.3005436211515
99949,2192.582399818554
54230,2447.447073818541
93028,1116.9332714947636
20520,5337.362164600787
312,5483.259061676162
75646,1063.689198380634
19682,2509.241451934224
57218,969.2412757031061
19981,829.4587531720276
3920,267.63186921038414
40075,1873.1834364192355
96383,6546.158668845892
5197,6510.070673184264
11992,4679.987455056047
40171,5539.9938877325485
92938,2290.844473365638
23406,3219.2509034481836
15390,2149.3677069375053
28788,2814.3228508440206
69989,1248.6292565061904
84759,1993.0081949708808
69798,685.7239115320754
73526,3122.1843781240264
17293,3842.71237676576
40107,2187.834921381501
30841,1243.776814440589
26133,1439.4649367799534
99496,2270.3205890261825
75146,1804.8204655724712
38621,1286.0359789155245
40975,1382.6499043970052
78331,3154.5895703116735
81342,12660.56451502077
80242,1276.6458027185813
58808,2780.746416246331
45482,2441.6808113813495
83779,2217.4526947760446
56970,1353.184192964804
15176,960.8472140227645
24805,673.2836116648177
53307,814.0786457727072
37538,5406.250184744431
86473,276.8949285829858
79462,1915.0987705904404
76096,1186.1911899210395
39630,5244.800462660378
20904,6787.7865151547985
84552,1281.4594623352677
39332,2057.955497519408
50061,753.5846319432976
49043,3204.745125416362
61270,2611.2599279977735
13875,2328.6137047886423
92210,1536.4031222396206
22630,-467.65892435803835
63235,1022.8542702553391
34286,5453.645176194652
67153,1302.807717395217
29577,1768.3079978912422
94922,2818.601414284835
94080,3002.882275068976
48879,3351.8734183314955
43051,7481.82076514226
44220,2769.3480103330285
11241,1680.3990947853695
35245,3380.742852606785
89418,1366.2440450953577
3787,3125.173194330594
81648,5102.249470761689
13468,1927.0513727164544
65279,2534.7613628396884
59072,3901.613342712547
68334,3522.3026410861326
93897,7377.978823388479
67864,2115.324170584978
41787,5149.577647875885
42054,4508.841654244053
2082,2331.2519390870157
75214,12970.749988172982
15365,1733.6033419730036
91190,925.5519516148192
37679,1258.5314946609874
1070,6706.174677989793
14924,1258.1092076088253
46784,5534.659890742602
92325,984.2470026666588
38484,1810.2490184614217
40341,5312.582892425508
98587,1528.8425648287243
31418,2416.9496670337558
39490,817.3349500252011
86508,1568.9403337957092
28835,250.2277257933033
16294,4836.019530104766
26414,4425.264564159592
84795,1913.9070545953741
46687,1069.5149927425905
42705,930.111053350443
62433,6515.853401889989
40285,2867.5837923121153
55719,2573.0408055025073
57995,1046.1382196171653
73,3894.131763027864
70363,7818.458322430565
94904,1811.1953629308946
92094,3045.723954554569
87228,3820.9976326456144
63420,642.1319561725709
73227,4066.642276747787
64790,6775.511342274679
84869,6848.371104169992
51550,1306.0258396945192
10677,2724.094231052097
93984,1686.820683020712
73822,8777.21379035035
7233,2226.2134077814194
81563,3784.8449336051576
68530,2222.0323869471817
23470,1218.2168773368926
53467,849.2786048749758
597,4744.750006543892
56321,4915.098646536842
40723,2369.838642057542
26798,3341.234768497439
6302,1257.6137014768747
54980,5954.876171731283
86632,889.8213899831544
55665,1647.2188530117087
78578,774.1383537583756
5357,1388.8895023293653
97382,197.3179816274037
71976,1151.5087309584778
62110,3054.3745373856946
99761,2718.41719837979
25038,4081.8190618643034
26263,2304.468234276068
32248,568.883231066291
96782,1360.3849198802573
72395,2711.9236659250005
11766,4919.303931872405
53525,2638.2431266540616
36651,1184.4409095219617
94528,6753.874257733304
81197,1108.2450320314515
62666,2591.8548773170323
34787,4035.5585304918754
16956,2532.6549602581467
83039,1861.4363469648274
49697,1766.326676714767
33822,2892.801083384084
2229,1658.7498229027829
397,2248.2790994824886
20777,2759.547589725829
43763,1762.4920230777693
37998,3114.410196725583
35392,1255.494571075742
77560,1898.3561183779225
74260,2165.5894551452075
69796,3959.6923406389137
36156,8333.314397265262
9727,1654.8582986062856
56683,415.5371059984341
80178,2676.05344479711
95524,2718.0042330854744
49326,1275.0661762208365
38898,4003.96444250458
74219,1181.8311736458982
37910,1706.0863001270327
90007,1979.6233161650987
91580,2394.7811070485877
32085,8522.71467335676
49215,907.5306120858459
32869,14639.846993011772
12545,934.0081969144521
78550,2493.1923209544752
76922,3114.907218357894
12713,1612.7240129898014
85048,743.8646051718006
18884,2202.706968526033
51413,1791.086370707598
10869,2352.0716857475163
83365,3758.8818232799636
80123,2784.080607212292
34399,979.9741053456355
48209,4401.31207710069
58185,4846.713361779794
33698,2498.5683694326162
5808,2822.1960869330505
95213,7006.478510475283
4223,2280.7941944302584
54824,2020.7549096566058
176,888.1789559245262
47021,-279.2701149285999
68215,8470.294622735542
10027,226.4975344668096
85489,1000.5578899072361
15025,1099.0362374002075
35727,580.0629060337246
32183,3697.3817322143673
26678,4505.858127701159
6949,446.6315200061299
60908,2588.8105293598846
16959,2415.514231889222
3829,2756.069168616411
17262,2172.2935262644337
29356,2211.7359397558193
90115,2939.4795668561205
6902,1726.4224426535015
53146,4114.301522706838
59166,1097.8986616249313
49362,1146.0169463035527
82464,504.28048582146357
70889,-634.0213290483325
89966,1649.2803316382572
33489,2127.9970017216074
39139,1195.3313540672698
99265,32950.294363197114
6399,1821.836388271327
46332,2257.5976399536476
25618,2290.895310073534
1732,4425.008597819767
54495,1970.9196145200717
63923,5175.450124778031
63519,1224.2400014866944
13732,4598.736263856355
74846,2603.301735271045
35078,3494.8561763026532
89230,857.9863678112829
61729,3620.9175834287803
50199,1308.677636339733
84247,3184.013198901572
12007,11566.503936449331
82727,1973.7068891000145
67652,580.7437297507386
96987,1921.4896592856894
96064,3734.883727945204
3291,2409.285643345019
23970,2379.658749014895
89264,2644.1899771321437
32752,2475.924755072596
19423,5647.722259110626
94397,1533.4851004910838
76257,1822.415156384069
5841,4923.838513813419
73854,1775.0011331689188
43908,510.4408959164548
6633,954.5303051499336
88600,12120.903053879321
91996,2135.238741154966
89173,2604.9489101592
26571,1564.717257801678
77371,746.3823368107546
74688,775.2425726579168
45779,3527.3217107805435
62610,1317.1766484487434
52446,3539.700493020033
6613,1392.969471856668
50924,915.5675644423545
79138,1441.8298593644572
18617,576.7101346031877
35203,3794.1311642567753
23976,4758.772141151544
80190,1619.1751080569607
72692,3060.5834544688178
21029,1493.082065988894
66972,4707.846403537938
3229,10245.32967557367
97551,801.7100496180069
74662,5710.573077786459
67567,13064.582554033614
19053,1451.840462326495
26120,2139.7125444435924
94363,2174.153965751081
91753,1156.0586881721565
75923,4276.05145582753
70015,3442.751867638948
20352,649.2866673887074
67871,2706.845666638507
34297,12735.178726687993
51664,557.9320525287735
37695,1386.484961746477
16553,502.8485627277614
78607,1149.8871356649215
10745,808.6989400618818
96970,907.0549394349573
75544,8180.71870326474
40714,2941.3879174715703
14446,563.7498212056635
82134,3504.631537689248
32065,6437.133606481754
60662,1975.157120387533
56320,2628.0664850667918
61832,3321.1821810974925
14520,2280.509965054377
19466,1653.1744308795464
45074,4673.71976766903
6440,2473.9582957471243
69299,1874.8391318052709
21404,915.8668674737178
56299,3332.751959028947
4763,3332.6095468904514
85985,1837.9713918597506
37453,727.2515050008606
61828,5396.739111736488
60444,2261.3746405243755
52118,4252.820498857609
15538,5030.264314066078
47739,6081.838370228277
66338,1207.51447249887
90700,1147.1965160788882
38417,4437.081469769846
73909,2791.647787156282
8889,733.1498542920835
87249,1593.754844293736
71621,2622.1697346370106
56439,2153.8216937139387
20100,4525.381748428703
28841,1943.1454816972432
16872,1966.0216431690503
39054,1788.90727209631
65743,2703.540765764189
70296,6169.691843683796
57923,2262.1458083534408
27465,2636.179921645955
37180,2576.643769449535
96790,2337.919178155101
56795,1040.9430772292103
52131,2065.0365419852114
9058,1544.664437740601
15457,3274.0184022354797
89753,5962.202313269778
96895,1480.870493839599
44535,3356.4658096668772
29271,875.5723619087039
88923,943.6741626994376
44651,1637.6600524211167
65817,2836.6587588124376
51912,5442.2563180935485
37007,1426.4094957209136
81667,2252.362440208109
51158,1823.225956612449
91186,1167.5106409293967
96370,2878.422629155083
22908,1448.5994280845339
91633,2874.4063816843973
8456,4242.143266339319
14366,800.8205380463983
74620,4882.232395013467
53546,1333.8185936520567
15040,1166.514041206884
13141,3951.2038165898707
98250,720.6123874962054
45265,1534.5008235013993
15781,1399.7899347459556
73468,2213.6065480990756
6376,4880.739511033111
32842,3086.516650683361
66679,924.8789213673476
94246,9785.893672453694
58759,1116.8126084588312
99581,4289.885865229842
76089,716.8493983721492
24332,1222.4608706453405
82381,2211.511313590737
46696,3265.030584237543
46293,881.0421665503491
47312,4488.850478554109
35149,1435.8638589427483
83956,970.338104080055
51322,1458.1400982673
22307,2455.8438614778333
4345,2813.8484132153862
31024,3162.2500703575715
18227,4961.695238352939
13396,4452.6854357135435
16645,520.3228146720417
66824,3159.885016825911
28787,774.9473925983516
24249,13075.571692790632
61972,2593.687810081409
87345,9525.621042775216
32883,1985.5431784701
72498,14213.136831810305
99994,786.2834148705479
29405,1521.2613644248595
1622,573.2982532821643
43158,1876.5270933731547
2840,3535.5837833289893
40247,3802.108925969913
42758,4813.702504547752
81230,1828.8977557910114
47041,621.6570235980953
30494,1052.7437082934393
18532,3315.0433560087613
330,2697.0564404973593
70891,940.9171251100784
66047,5177.260091817847
89587,23510.5258353772
62911,2664.0401172702127
34032,1016.3044543708647
86035,2049.863741065702
29599,400.13852949873626
53315,2930.3534546450637
31617,820.6420998023432
15323,742.3027083432125
37423,2290.2358334220526
17956,3815.635155728132
53872,1035.8400466101757
54926,1520.9827268142167
30713,1584.2474010657334
6386,3219.863409191649
96939,5572.652207725909
14319,10000.072158542607
36018,399.75648455298233
56852,4082.390915894134
45889,259.6372213981017
52681,2398.764468540359
74368,1823.2197836331256
25111,2688.4974056987103
74531,2729.075125445279
63712,5548.72034317306
34343,4217.642901163166
23515,1113.612357549218
91955,4343.249503028146
72391,2212.5267735036527
52831,1589.3047590023407
67435,3375.175092755835
97218,3372.9698464225216
28051,6373.522570828153
95928,6185.425632655533
89008,3556.9027041425165
69180,857.7312791139675
82926,2477.2551693070936
4323,5767.427348803265
52156,1347.3883076958468
12457,2570.7410257332313
3603,3265.8371089303523
32265,1662.0608175364002
7336,1980.927604089649
2060,2102.2896738080785
57201,3621.6501634489096
59772,1826.489189489832
80390,974.5982769406096
35555,1008.0085854450508
54117,1373.205511014051
60687,708.3090794553668
26191,1795.7927627517674
72607,4820.71265284356
7125,2124.5839857738547
18731,1399.3208331834157
53313,601.0404938444844
37229,3307.4405399628067
86037,5329.240023751909
12169,1149.6925478514718
20891,1226.036272670065
2961,1025.1559676778588
88657,1979.751467803611
9803,113.2006890589455
7176,1634.0476353257388
73826,6270.63000686228
7644,608.6987208103697
37906,1046.1930868037048
93171,2847.9381701047896
4628,2191.7875580470736
93955,1736.9253951640198
44762,12942.855935246109
32245,1202.0455926976983
92655,1776.454226640205
31169,1243.6303320688266
85578,2186.107337575755
879,3193.0680015856065
40645,967.0386019612756
97089,4511.89228931386
34921,1934.4545745498629
72968,1160.926719654246
68293,153.17844971117347
84116,5661.114469205187
23213,876.2982264334969
22228,526.5532043495923
41533,2387.411837334153
68257,1293.1891710929558
32421,770.7919882876386
16514,828.2348770207846
35970,1189.478027278747
76008,-95.99568501005797
24051,3804.0188582319133
35087,1449.4905303212818
50158,1255.418318447831
88956,4208.903105231422
64308,3570.3965297429363
64760,1018.1993952259218
25180,13543.509593682755
41541,2810.6573151842404
47827,1585.7321276962903
78192,1114.224539199287
8418,1281.8958415444386
7715,4429.93391490134
56628,5101.8466620151485
36431,9661.368755057538
43751,5837.572369284741
40861,1674.45104538742
38248,1601.3105119484062
59095,4001.557670742375
85785,3152.2194387889567
8407,1972.562352048505
81975,2199.1893903613545
41735,2222.1187754837106
96577,1189.1474016139628
94872,1231.605586051412
61617,-70.61311021144502
54366,1563.4882906430798
78123,1346.6835183361732
67932,2111.198744530804
43049,2272.309221094489
34729,10298.200109285284
89220,1532.851615729142
16578,10709.409088660215
13452,1643.6828391979388
93264,1199.2928806732948
29193,927.6459607477768
14274,1533.4726140045645
64822,930.5808802009574
52561,3089.851590931682
21626,803.0224276883282
76583,3762.8815388300395
91974,3114.0706362219835
80876,-324.02201554847215
32223,857.8547008986679
8131,775.0969162387546
43889,2276.809977703496
84664,14683.317077652879
86662,2364.030542136802
80158,1807.7761526748504
33073,1007.8114772346062
13385,4335.231670820697
91986,1942.2525571452638
2049,3983.1799786929328
59294,4268.701550431234
53733,3279.0434629281053
94797,4065.2218271228885
27527,1944.3680173617795
48977,2868.1923266805625
53410,1487.2998677521482
56459,-330.67039289064724
86414,873.5128911834099
87911,1176.817505177079
81872,1788.4907314166016
84508,5813.690220839592
1914,499.78020292169913
75034,8543.655886767307
2054,5191.830610592084
26988,915.8490526319424
135,-466.53499495172946
61073,1009.9057922030534
26884,2888.704052522509
79881,5717.621468461444
23678,1685.618343574176
84838,2014.8806698284204
20020,2965.5079505529807
90796,3785.2319329983648
15473,3464.2064171178026
59581,1290.3242556458881
87633,2431.8849060029506
99676,1258.8584438760467
64479,20071.651859992176
77314,4955.377613638404
99489,4219.646324574851
55026,580.3116660688784
592,1397.5073634011092
94863,4297.576708644138
63604,3215.35924698575
52960,2838.58085928075
93865,4515.426742012759
58576,2136.662471165525
45722,1518.287552544035
68931,1188.5394675291845
31852,2710.518931651282
87450,2332.291982892886
79563,812.043168242732
98234,943.8619421939029
829,2030.9674284726366
31484,2569.3184340565663
36983,862.5344721970714
82123,1182.9644919988655
81311,1899.4855368775438
44582,6358.323085704863
98213,14618.443464682461
84846,2167.7603650156466
85500,2013.2341784856962
13437,1887.5103690271371
93789,1174.798706695573
50060,4480.569941244535
58134,2495.4871336569504
44597,-553.9653418265952
88862,1609.4422424642999
498,4153.91772346856
81796,1993.8683216481031
90270,3689.9144275933822
5385,2608.588082525167
81984,3407.4515910658406
23328,3111.6930930856215
57613,1363.4250267093257
89028,3717.966216910668
98426,4590.654484058098
46457,2471.5860041078486
50113,1206.7892157964225
82584,1307.5152325992235
9299,2805.092124201186
29073,1170.42747762923
49013,1470.6481273027398
11104,4121.450564494672
63651,2377.7923482906635
97247,3100.693280987718
72381,1725.3853801331763
18094,5032.547770743334
33442,9832.75071523276
47430,1071.9658011022502
27400,2364.1812935355815
46046,1401.6865313125472
2628,3122.8727022435937
3247,3988.7955408108614
27542,2632.181312880733
58429,1761.1958252884242
2367,55.815956527897924
980,4641.75351429915
94899,2169.1969641662085
99493,1877.9107219335856
19873,1858.8586961380377
22743,2088.4359248286232
76731,3412.1967949308146
13840,2417.831913434138
71869,1013.3861841957087
22418,2310.1270320819344
76897,2733.0081995564647
53428,2008.5571812478304
10997,2166.6030370572607
24442,1276.2206001704744
74945,3304.380111936973
5512,3404.7802743057746
91530,1610.6373419221982
77650,6021.852204289638
21997,3192.297477395071
2462,8294.489171400317
67919,1219.7022465049095
14533,4681.985616112126
11444,12289.260453964036
38093,1398.2118706820274
70692,2452.4668932967334
28207,2575.500171225125
74488,2560.0092707332346
2540,3954.9852462485774
74893,3226.713594988345
5730,4240.087613278957
5847,3501.649110506203
12441,1005.5913854403225
78293,6247.743005848044
47711,426.3165576572583
54903,-480.50635154666634
68527,303.85898728272696
41409,2115.493147357116
96422,765.9163650631294
9512,1048.4554130898628
57782,1059.3343324340267
25824,11184.166412606988
33090,2289.776771226025
15342,3412.586393251957
37063,9492.49482672925
19867,1734.5394402330933
49788,3899.996127156934
77933,1399.6107185932397
20920,3571.112716967587
98576,9390.08720624094
97882,1841.2376308136502
19265,1673.6484127101282
87036,2344.9327771847875
57910,3644.1983559183527
86336,757.4734982169966
85979,13909.858894195138
10104,1615.431347255605
48041,2008.8489097688187
68567,1115.6684276720362
51935,1305.735590894934
33425,4047.6924400280805
53429,5444.678005957612
4681,2886.8481678869066
35435,1282.1061585067528
10091,896.9975390142035
54577,1814.8430144802699
46232,1874.021181830988
46082,298.85193526043986
74608,1434.8234143427844
19330,3893.75682919923
68935,1193.9233907671028
26934,3872.079886095323
63993,1350.8726592447483
7622,3221.6414758064566
96789,1521.1666369322875
54790,1445.7155897438097
17299,2020.0631061987895
11647,2173.4571545335575
70023,4921.853888024155
30601,2043.1019101017337
3209,6287.535400606856
72351,1908.1860343031392
37962,1676.8163612480676
93996,3239.36750067829
47913,2775.9576752924327
414,2788.9571778797254
28222,631.9053921963805
23739,231.91875525444812
33071,1986.85487500173
6169,2266.034628737286
40164,1898.0773583521227
51206,1103.4393608301998
62928,1095.3195487605262
15037,1502.4990415453904
40846,1107.9092443074874
42920,1865.1128002543858
27096,1882.8989420239113
75280,23487.0784898739
11824,2489.396846165706
2307,494.9425172373103
96247,4148.50703382785
91142,3798.23780908666
18848,1232.1126960090319
36546,2087.9570225346506
9607,700.7060650814865
80906,6997.16513092648
38630,1489.0900501103215
87737,1775.5867825855157
50184,5996.460827014704
21573,1155.4101782499488
63663,5864.406192054113
52285,2086.282519053699
66429,1380.9446829865674
1500,1128.8809293164363
17008,1702.4746667490454
84646,2959.105198953993
26337,1519.0981115779182
24739,427.3075695960697
28719,2126.1244455595574
84024,4602.779666981416
34799,2930.707337648306
62302,4084.2853590608174
41889,1452.130196952664
26474,2586.676394554265
51325,1504.7521626891707
14902,15104.612937948923
5053,1515.9898317947218
35454,1065.0204677309239
33708,1726.4781996229908
52989,1509.3712463538145
2781,1351.4825567243888
92752,1939.9338448161454
216,1722.088463088293
7534,1293.3442663387086
11067,2274.0048364657896
53104,1928.9262383407586
50935,3942.6496220620234
66371,5726.370503281405
76771,1761.7415634091037
67419,853.5350595503173
27341,2612.48137338303
15374,1212.8203761907448
51256,15156.275289931655
95093,9733.367723894255
25456,2295.0160522585506
98820,2271.9269947415255
76090,5019.362335161504
62506,4005.6851246943174
46969,1040.5281909453943
50530,711.5814524716752
7000,2838.780929284373
53050,4337.933905220719
53744,4545.808945953778
73018,10812.674794403563
14612,1096.473968176948
98913,4312.038348727342
65694,985.5473924201451
85197,2550.6048840407716
23214,2817.500911889095
19315,2020.450220939336
63585,218.41708595510772
41609,1640.7819113920646
87797,2393.342478488731
84854,3599.9082657085632
72199,1693.0964839209694
30014,862.4250231266242
81382,3113.9347600803667
46769,54492.65384516051
26309,2404.7541374859175
11713,3766.491863248733
69372,4957.825070509155
18256,271.9869415891776
75419,80.70194917804884
45309,1090.9771090378313
57668,2868.7866833873513
66036,1769.5745576078095
83658,2690.2175718494195
91098,1461.031414672946
26024,239.3979643187804
67336,3846.4199713367434
92972,2114.271065529212
66107,724.2125498751102
9610,2221.7373560622464
61746,1374.8290828198337
13526,1924.7683289334902
32414,1556.4548923946586
68791,2191.836848158326
67357,2204.0280472889276
17565,979.9718844894128
91577,4321.89649148329
19189,1401.9211493579546
14277,5341.050622579207
72776,2744.0793026321285
23873,4754.971559591444
15971,14300.365106279576
39575,3894.676277751219
40763,3569.7415822930607
5204,3760.9399363272
16689,3254.661097152186
81918,2865.182418302361
15108,1429.462828536557
37194,483.54604546571454
39220,1808.9765053422543
98957,866.8900687276209
9394,3199.2716762799864
44940,3821.2815215128744
78554,2576.6598142956145
60167,3911.3215980285827
91870,1052.609677054067
22915,4054.815379184638
30842,4989.371455979486
86606,10140.040708566965
85937,-498.0905722609714
47069,2414.1229251695327
40378,1136.865284042744
78922,62.260604491742924
69596,2516.9266699467253
40003,1044.855513027454
42836,1487.935228180313
88267,2294.5444080001153
29859,517.7347997839365
59681,2164.866896790143
16992,915.0042778373172
4707,6296.564734013626
92927,1811.7521168445655
20706,1130.5935630781032
6593,1401.3859806542882
29115,4884.592934923154
50132,2338.531042869333
14031,1716.4003345596896
79829,1012.175279603829
6881,898.2594018877921
39158,2437.30649519655
45306,4784.25554273445
37250,5128.991025193231
27035,-84.52188285727607
11730,655.5141886307306
65715,2013.668352564056
85497,1781.4797359060535
97311,701.20765051545
39555,2172.3727645749955
63639,3439.0783312334333
68059,4069.1621908123234
60461,1736.8015881015008
6323,1594.3045049495886
90016,2618.563798165286
94077,1323.9368647520987
27171,2061.7558847424407
22570,1583.3837876271537
70222,-246.66949444236616
57432,478.82404939227854
47851,3388.074529748843
93094,797.5753182094695
96381,3812.0380405511046
61825,3887.7024423750354
87789,3177.5813723951487
48445,4051.315247833168
54481,4921.895927060552
7917,402.3860288235028
86670,1668.047086781927
45717,1701.8692460863042
49,2692.9245292664777
98005,1544.4348002035085
51613,2674.308317132652
67817,2199.0280759059974
13485,1143.0248043214624
23280,1018.5305443549778
52775,1555.6901365930062
90065,2099.6964381964535
27677,3218.823910190618
65891,1221.4711424621278
59123,1751.646530267386
69673,2489.487492196109
32011,2799.671417653798
76870,1628.2943317131965
45384,3482.3627052894467
6150,8394.376235312731
90153,530.3771042772369
91924,4226.5700289669085
95195,1155.9741412187423
62903,799.5566381890831
80331,1110.2403559256786
60668,1247.9735319998058
40114,3512.4459696994
69440,5232.629952597359
18751,1941.9063204791564
76589,3519.450124585535
38930,6096.443596475694
92532,1609.6974677637013
76328,2340.675411226133
81508,461.5896100193413
20390,982.0180011447537
27393,3191.10880822937
28249,1686.0532196156087
39950,1059.0335377550828
8667,1431.8396276099434
77658,2082.855338687285
28151,1208.318599019277
46308,3069.1004873796055
53286,4851.810691152972
62808,9514.932501477106
35786,1671.0849975181545
2940,1079.878100073658
20174,2004.0036648381965
84301,2033.974400449264
78335,21165.444483459905
86695,711.7141847384737
82997,1277.6398897091603
32162,1685.0810841373204
94767,3698.2029663433323
8306,5616.262653801929
30294,788.8445287777326
94324,1249.7415146238527
16084,462.84371561046146
39073,1159.4454507609707
23414,1728.6908063953415
90265,977.5798100504098
32794,494.5778209698128
9795,2032.7484864240664
49514,1528.3609577029033
96941,2006.314664693948
65049,1113.274540093464
48746,2115.330298666031
53301,782.9281516090923
58588,2694.303489013437
79109,1996.4377394500452
58838,5650.133059636644
46501,2634.3750616094135
6245,746.3637603521174
34861,1545.8396056092352
96582,1259.9778509708003
99171,1485.0882076603157
50973,2725.4131225456363
35806,2363.972696352247
13728,1744.2216791134447
92998,4688.253417853237
14575,6158.883532670665
58402,1340.0374757364575
82455,3160.7777042277444
99588,1013.966743904703
62541,2476.7472014355926
86819,1016.8960548250307
79609,1875.7350078239883
25674,716.757766534171
20827,2208.5294254221576
26475,11121.020094923791
9294,2028.898574516821
20246,3690.5654031718486
33410,2334.280596873396
88061,1388.164394614109
46877,1149.1666912246228
11752,1387.8020348453342
36173,1507.9377429043739
43095,3563.237435958788
8726,1924.0332647134092
82039,3977.079814757413
17765,1637.3929344611574
16681,6853.297612193934
90393,5669.89545544318
75184,1533.1330814161347
68051,1773.000553520358
13685,1103.5924663529627
37280,2595.097260849563
97272,3854.1594776716206
61235,5308.747152121522
94067,3326.7910584159426
51038,1418.8884582785395
53210,269.6600150488107
2044,3464.9254136027353
61646,2012.1597675937112
4947,1480.3838354524105
33885,1010.1683548803003
65665,11212.439467866254
59366,7122.351344701847
95194,621.1406350727184
8619,7301.470180365326
88553,2348.5119009877726
59780,1989.5964338496099
3620,2803.489543337635
56840,1614.7535337745055
10112,1381.7200988071777
48062,3712.8764639575134
44565,2406.933686069931
82100,1739.6792942919058
98291,1431.040254116152
93299,8906.809276342043
27647,5733.20879148642
41274,2515.6929158284556
24575,2057.103158993369
85914,1811.4328736830007
55852,1445.0665936856903
33539,9573.265369310786
67636,3867.7557846692666
80325,699.4225356115167
28217,890.1933420772648
12526,1939.6655002203252
77399,3836.261599900332
31229,12391.52162789153
6730,5554.927114521866
91608,2291.300366800779
77735,2793.4974992374164
10620,268.62066368346404
24161,1084.998886136901
95324,-26.891353118749066
14854,1671.9728303739973
90455,2560.259243276355
29164,5274.867744648678
5216,1634.5433954106534
72176,3762.3470804978615
39413,11086.557524760805
15239,3921.3512622980134
50965,7300.3538241703445
65415,4447.290033013753
70371,2763.077897556565
99320,1891.7648902621006
44143,1255.5222980578483
29994,136.97645806034188
58208,4926.08837280062
82954,-185.0197937291514
76065,752.0586217652572
38617,3131.075538733323
6964,1446.1409597255738
91217,1099.3373269671379
56357,3001.158020067178
96865,1069.891402992368
79586,2072.2554845849745
16588,991.4368783986883
12405,1932.5569023081785
16357,457.4711578522961
16423,1006.0617897500879
58244,4025.790686237867
5970,5990.349567227706
38779,2068.956657469249
23924,1183.0628208327503
70011,2324.2643443176607
81348,973.6318140542062
45507,189.02953672817966
69800,1640.0667128786215
33897,988.1033453321411
45359,1722.7407568937224
1284,4588.198187104589
66384,2774.9962841797956
9622,3058.196767520486
1623,1709.5530404807437
58011,1115.549035922108
32671,6116.520375911192
42728,714.8585301915368
81138,1050.9265857482128
30164,1838.3153181567745
91498,12498.846732808635
26523,20733.002361337763
56508,3864.127957129019
40872,6483.798596014198
18591,4651.269211369225
94078,-431.2653186637717
52370,1271.708600265988
98840,656.2171073874097
58017,13250.885446022858
95543,1160.8053907394024
67514,16054.40839239692
53646,1329.8125635729139
64902,1770.4545349280852
82941,9598.912216837456
37499,1154.8500936122864
15253,3643.384641972723
95835,1851.3372483177864
31642,1910.5274135148888
39137,7328.436694799638
3018,-541.132880137432
87768,1902.1233872530827
19309,1604.615643553223
65047,3587.668446697721
10507,972.9491144253907
66071,3120.6631370896303
95783,1291.4115105166925
541,5480.903681403252
25721,11762.21141963444
25422,971.1555364986207
12886,2202.5692686638727
37238,428.1948108658971
17984,4080.034116330733
30839,544.2833112024869
9701,1110.980363653281
6200,2954.4065416393055
68680,3908.1566081554633
43367,3736.2623990668626
80706,1476.4142164146288
48916,268.90614439250385
14694,1931.665676629722
92541,3110.0608624567476
83851,11046.60737288156
35896,2347.36791304737
12141,1211.8775164854933
99629,1155.861021736759
16576,2169.94154915772
93651,612.7023339755101
38916,1663.6075762902035
71270,1684.8163001671119
5054,1321.6156096385007
96229,1777.170985487308
78694,1086.1031687136683
31069,4734.8791188846135
21090,1186.1028443942878
12263,2996.224658479815
5745,3964.7581528939018
2001,2180.2400934560974
84843,5771.970996292843
44434,1390.3450914211912
11128,949.7037149112521
75927,4613.326116292787
51331,1767.2580756573238
31057,146.98947032415617
22119,2160.638742920786
32601,1669.815754316385
16740,2212.6965858376743
40130,13023.160496049119
36073,2466.5994488437295
52786,7083.65030964885
47132,2463.4597486219427
57194,8413.05314862456
90449,1155.9505358525275
33310,466.7086110388959
39507,1842.0593192735248
91036,1440.5915132519535
6639,-159.2383349316542
74773,2267.292949675395
90072,1222.7745272771149
32822,583.8367859071673
47522,9183.316935012963
44768,2095.449022282355
64210,3752.5395970535606
84487,5005.231091863873
43196,1437.0516723235924
49822,1644.7596255801516
22888,9277.328557992234
95809,658.9408715895488
25374,7171.828358518129
61816,3551.155002039022
19892,1388.4355548729372
24220,3682.1097082722317
10435,1957.7777425382856
32338,1738.3970347970035
3308,1064.4283448672704
56342,1367.3566246687892
75961,1855.2145400335667
99202,3717.7519459081354
86767,4054.8447113176767
93256,1427.4142949163552
81129,3310.931072878769
61886,9666.753112037808
59162,1923.4572435345576
62041,1229.5423550944815
38086,4379.591665117493
56030,977.3565320709245
62975,1960.251100284191
50702,2527.8802711964154
57457,2358.0608164633186
20546,3414.6784314524916
54693,2093.6881263372943
81121,760.4464798018798
54753,2865.4675049108428
67865,2270.007376305063
10791,900.8215713573804
73230,2175.7590667569675
81908,2228.441691151362
57030,6694.577443197562
84082,2167.283813813
26878,1872.3062412498862
76114,1961.920403468483
24171,1832.9469843250326
42582,11337.844567737637
20141,5226.38461162645
55370,1380.328260274504
70389,3814.081813576762
4629,8488.303587972543
10032,2288.6539118093224
75693,2717.4275776090362
57833,1436.4942999593668
71033,1000.4152741531548
62873,1810.0011318199142
1348,2005.3188237801912
26065,747.3198461995871
81145,1675.7374567514125
13474,1891.2939949551724
52987,796.7994459518231
50449,1742.4837010234617
42499,4545.052987067963
5556,5047.353290262192
85261,4549.733954283983
21511,1785.7435649095964
68621,910.6434076541891
54821,3645.2400787036954
17866,1742.7694349461344
84423,786.355799642989
79832,1760.4021590376435
12460,834.965600167839
26838,3265.254836665111
22139,856.1959663978951
40008,3858.6918970955767
59143,225.2547957172219
45909,3027.08401157171
10662,2121.837942239563
40579,669.0487549971117
17651,930.4139001763656
20074,3360.273388343602
61549,1621.7088813528658
42163,1059.4349108622682
65054,1397.4302331732288
2241,1551.5632579031535
81511,3015.732813062611
32698,3164.588754026524
88527,1555.7207627163434
82355,2386.949560958368
22222,1924.9050951738654
95075,1965.9640076302837
29308,5455.3308337793005
49348,4303.31445483831
5583,8768.272155898452
88232,2744.320330833517
1022,225.53115386450463
73651,1481.1799692378981
51681,8300.13010861137
66396,919.8522144144799
32886,1089.0415475204268
42610,258.10576503985794
5844,1836.783821878817
39652,-603.4641267874877
29333,6992.940135404107
89961,637.9709814621101
71536,2050.7120016503386
84763,5123.963074259156
35312,4992.936097026486
18081,936.5953339869361
4235,940.9945056019997
19227,841.4112151838217
92175,529.1278348473347
88310,3773.631722481018
93286,2813.704045873752
15234,4226.073474746629
75394,5307.05916802209
13492,5315.068442009609
12960,2938.609644889658
92861,489.4334011073852
15444,1504.5615548999863
12050,2351.970984496181
61795,2506.868563766874
86590,6432.170007475877
65477,1626.7506932180693
47275,1094.5956193774432
81284,684.130015336028
49688,2582.3533741257015
29169,314.486457729181
8694,1337.996064728592
61526,2831.5991404370984
91569,7498.31839087146
23337,3895.9386984482517
70402,1006.4332761665846
46417,2689.7465383155563
83556,751.3732858436665
87317,3358.690076782642
43221,3788.529004835383
22106,1446.2225122233276
18660,2359.9731595737708
95130,15511.479883641488
89615,4366.500856911419
9954,2515.576017184773
37958,2521.67373060814
64988,1708.2756001447963
80348,3118.439336778008
11847,1146.8205847856584
24346,2797.8183772408456
37062,835.4740321121626
68064,4524.375805096553
61379,4728.259892212345
15591,1788.752681555189
20991,2909.3866593491643
16219,3696.0874410892034
74201,3383.3840019245977
60012,1270.4169423830099
21567,1633.501032640215
50897,2004.1846509395734
19920,604.3185646721613
52867,6475.075865788294
49418,1106.176520776024
86963,746.1303930410954
20871,3481.902943591027
71586,2464.292416089802
7887,611.723943000814
79911,2513.653367186088
56686,6816.8837007460825
31999,3297.283287186176
20475,4987.848441837932
74714,1204.0663903083423
97569,1514.6395454527437
9897,2596.876029469406
19945,2691.6149935492413
92644,2343.461305930607
57504,2180.8946653605376
29098,5631.43777168856
71959,1198.77698120286
11158,1337.4692604535976
35019,1431.484209607142
82096,1509.205416830896
89348,-458.8854600609711
96750,4197.80531829462
49705,872.0561142695933
7909,1173.92733961649
27175,1674.152688205901
58880,252.00166737263135
64037,1246.1465746280037
3144,5103.76643682981
94491,4820.448681063615
20983,1357.773079683635
10155,5479.253743660283
15379,2653.6975270262965
17019,7498.931235023502
92610,4297.858486711304
49185,580.9525851990884
61360,1472.636674829052
15983,1601.7075101979585
89278,15430.421448812293
34068,5027.767156622436
32524,3863.4757565178575
48151,2261.249001662669
35271,3172.5985485993983
82120,4819.419753192791
72379,912.2200013187357
63183,969.0500055386019
88265,580.0975914756445
39150,1028.313665100376
5836,3186.782429583406
73168,1613.1378676559257
40488,5597.038498551574
57517,6801.664905646325
80256,1311.3517543387838
14331,1329.9506998878542
18834,3151.0446008218023
88893,1435.4964219772983
41571,4948.3754913678
90146,2962.8358360714037
27477,2998.000876266681
48134,8099.442821538525
71388,4403.327224057457
23955,43832.999463437365
33570,1557.8889759994872
69875,2678.9245616790336
75715,3335.5632199445167
42586,1392.0118605839548
26352,5423.078110317441
55153,4273.699642951691
85073,2262.918964103672
30463,-150.07472389179839
23460,2679.3665842903283
350,5590.152148503308
71866,3086.44686212783
21035,2677.6112140679734
85863,750.3875777339022
16811,6268.134618490845
34836,1538.9213611181426
53991,1194.2260836557143
88345,1107.0936283046049
73608,915.4714234067201
1047,3566.632995580277
54383,648.7237976706674
35040,865.0310373199159
2584,1033.382958973862
74993,887.2497490869318
54084,1366.017936234182
55175,478.0804423743821
4213,3353.8545841438026
55526,1639.1153097460976
28471,3455.579641001373
56408,5702.3485183888715
43308,3499.2951944675624
62068,21438.789779489874
53478,-276.82151723777815
82415,1604.7545730948973
20284,692.2721750884871
98776,1973.9334883789504
18717,1443.1209346529918
90921,1596.5825943582763
41060,1723.1308852219263
4955,1320.1197602780262
15893,1009.9341414266878
38840,1575.9135876326454
61177,1149.336749689348
49736,2127.759569412909
99880,1482.5808158056066
24055,4696.40716167139
86669,1569.063720697361
27843,897.6276156815447
14402,102.96850952389104
99164,5773.217907537028
32652,1179.4953597597555
48104,465.43857373229685
89621,388.38440060879566
54993,7866.7622526582845
91455,1675.3426856467688
99526,886.8690916049272
89426,8.500227729535254
29451,2335.594912520985
91827,1701.1422487485136
14123,4115.595506811728
13919,1470.1595060877657
57845,1554.6963816749735
66757,1438.9760355715507
6645,14739.86327552891
69992,1909.9932027251402
70237,958.4837330472092
95583,848.398189208383
71351,2442.2167139547973
4880,398.1643273669706
34476,6847.983131332802
61801,515.1413580869585
80901,2899.0354531716584
34325,1954.059816227677
1077,1353.8025015359126
21100,4315.654249140614
19960,-377.7403967537384
86343,2312.735875851689
39037,3903.0818673339368
18489,2915.071356748109
4524,4114.204079018601
77565,3587.7148126607794
98521,1100.3907506446267
64721,1402.428571716744
28876,934.0751342365033
11332,2685.7486959121693
5708,3565.073629089526
69820,172.5449977357266
64632,1646.229559558639
55057,4397.409533096868
80267,1582.7170997966996
48538,1105.5699233659652
66249,219.0218065449285
16614,3504.1969529072494
98248,2012.7080421967066
58932,3267.6349862857073
50928,2110.7530626471016
53851,1950.9388611429624
49334,2921.6482038756294
69854,1635.665819679316
39547,3351.476925301596
62238,1895.7170137011315
43623,1815.984806063818
17241,-61.668713304060475
58519,2579.14926234831
40391,1826.835895027673
7135,3107.2452351314273
1407,2114.715053556377
86172,3185.7392920440307
17756,6037.835204038042
74710,4797.892827952084
97408,2501.9499148174
75783,1018.2303519127636
95536,2265.848489155855
5974,4783.358264835094
42822,2335.1270458634217
51856,6517.735145680749
22341,680.9741950845319
6000,3288.934662821583
9148,570.0730201692645
57514,1158.8513237424468
23647,1409.1170455448528
80678,4466.314043130383
43107,3628.544990412596
15455,3366.447927147445
55399,4822.881161057107
2433,2896.747247096154
86201,3385.391110659545
78424,965.0355893647288
28702,8101.743189947487
94532,1593.2284058176433
92531,1676.121540746747
12949,1888.3254966704965
16650,6398.132650955726
79632,1619.592720688463
79445,1120.679270242786
85948,1639.3071779279721
17514,1096.7491408455262
72236,2222.1729318794155
85808,1150.9060029353077
35870,1065.5324552710508
12163,2945.7515401146266
44337,807.3861750839878
54404,4283.139107928253
38882,1164.6463101260388
44980,6795.3275780953445
60257,439.7630514678144
17666,2170.6958788808997
81132,1122.5697357337435
21267,2432.5706685344157
76310,-192.50082845077577
34931,736.8123822816669
41421,2324.5127636788366
74567,4049.258841571147
89432,2317.4375871941575
95686,1624.3802647428984
96150,2317.731195978621
61066,2115.4495338837496
13208,1930.0783887420282
11530,1361.8953848415504
43160,2867.3565547182616
6780,10294.374735579928
81529,3635.5444599068514
91781,1973.3496976275378
56916,6734.619990459421
70369,594.4741689240509
95651,2851.1030970038423
55290,1329.9374108266156
96016,3866.4845537546676
92080,628.6286915225546
84740,1234.2711692678831
59787,1078.4063410798062
49295,841.8540796828534
76102,126.83308252261759
56270,1791.7952407025437
56226,706.6957583762951
63675,2453.3004547228056
36931,2058.4111664103043
52055,3026.9673112153396
8951,1590.3398962166948
17782,1175.4672834215735
8996,13981.63666330462
30543,7566.337539515134
84556,4768.086424141144
11745,2973.7639615466587
5524,2326.3466433620106
42112,5436.002910362935
24314,1667.6864908839161
84453,2942.1161182952255
55581,5842.872593546554
17994,1661.6896254547687
46751,4702.800030377197
29242,1819.4480916884465
21749,2977.531719697012
26658,1644.4633588868437
5544,7272.717714974206
82762,2718.0073246512325
45513,859.2439287184607
80533,865.4682341876842
72506,1721.1760408721582
31437,1460.2812318637011
3864,820.815132097714
4706,4246.295868489768
28692,1006.9245927462025
487,1190.8079854887524
92341,1632.0366283681733
91123,6140.148194125363
74356,843.0221906816491
60748,2827.674928203313
38510,857.4093330970127
73486,5850.692759531946
70047,3418.959316395629
91602,2924.915152691406
4740,1063.447252773124
12507,2650.0866977470537
12832,3699.385134054847
34521,4226.663744124262
33973,2894.1403584272534
5993,6981.947292214494
37020,1994.6582984225174
50766,3550.8668368567846
33416,4160.343785695885
34535,1287.0283183211864
41780,1895.0193140170181
83492,2614.540672269266
2695,960.4610758261006
90416,3148.546520321435
56078,1196.2679690784908
82646,560.3580178147267
31605,2453.349240484169
56604,530.9908514223689
70746,578.2360629109835
24727,1499.7246389047368
52457,4331.931216117011
25902,2502.7663662044088
80465,1209.2872326603256
25604,12506.770978728524
9343,3161.7429654245616
89286,3317.511993725327
18360,6437.573973237117
19809,1355.0015281401834
6030,2893.772880144018
41829,8771.581201861714
12517,9974.513502229429
17138,768.478489183226
9902,6867.517045448096
75779,1506.1419199111633
13692,4533.384633134894
25053,88.60449527107357
23399,2499.7378443796497
11346,232.72873726463285
1669,1988.9812649687162
56190,1867.2391784238353
31203,4759.208143833068
14794,4431.113652657002
99884,6373.500925995151
32550,1840.4413208341139
69266,6756.37484967579
58504,2073.0800400129574
37581,2326.2414134223827
3274,3410.6762739833844
22977,1559.1810869900942
86076,2443.9993094458287
49496,735.1107711404338
11389,1940.0909339821258
50311,6533.934535979534
140,1301.854974136054
55602,477.7266213304956
10381,2664.502994773588
61773,1813.1696160357756
4956,1381.9313823749626
92475,6603.113869530231
76537,3976.740903267566
91984,1745.5577360566374
57465,632.751102169665
90406,2595.5206760980964
81473,3408.407775313309
52744,2062.3528398260814
60151,1280.7896664586592
82231,577.4054802173932
20573,1510.7304006947993
6163,897.9553664968557
73598,842.8933990013011
14364,5461.415092249921
19839,1644.8790367907466
12911,1286.1390401153867
24975,4697.676247208383
19338,1634.017711373425
54479,6969.758019065035
9682,741.34913497151
64418,1941.7870407802434
99906,1800.6629938289182
95629,1569.9925073990812
77014,4769.304092011778
28100,2121.4438665374737
69866,6168.237783069659
11234,2109.8502928418784
49677,2510.360384571877
20108,5142.608803494244
81983,784.8733906123316
71842,1893.7045018040951
36970,3842.061866897875
74997,1370.017884886804
38286,2932.893780792184
47726,2241.694097480124
67063,690.7169149310748
43298,1336.412360316128
59918,3584.7149051071533
52543,757.9903217060655
95975,1031.2271684962393
36082,3478.0932925820057
13458,2293.359162808244
47221,3244.63105837631
5802,32593.221628968022
83478,6052.106954495906
66709,5615.932497018026
54047,4045.5684346089
2760,924.171079730987
23827,2815.7366592387743
5278,775.0281478504303
85902,2357.3814786691246
38953,1623.4474823832647
16823,809.4735089171118
82489,2666.272746336479
14203,1329.0791532237845
95911,7411.49308218507
5834,1263.1698652752007
39226,5224.010178851502
89962,1779.3822035770884
79695,9068.003021118126
52443,3437.12976852971
72523,7261.357431514825
84604,1613.6240923903918
49901,1443.1717885783914
48815,2590.921206086393
60684,2988.7828722188597
4588,2342.7650257576843
94032,12328.948677430093
85921,1416.562280227311
49052,1663.9317755523882
84038,1802.3370624388663
83447,766.7307173043109
14984,6318.951467831132
62031,6182.5930695419565
15707,3132.396332521988
33281,3000.99175668995
73657,10076.278873469968
52731,393.16811564106956
17457,973.9394550702727
87013,2259.7255681876304
51146,516.026149900862
48307,6604.059809210899
95817,1852.7388210432666
34567,848.0731602747028
17024,951.5814468088374
90388,974.8637093974321
57197,2734.400580427112
74872,2147.1764459867322
22476,2008.0342261723827
46053,1218.7402310096622
87390,7445.686893248683
73209,3007.1761604835388
34475,3732.8134148754325
3001,1185.9951023282265
36813,405.547614752757
59927,3281.292256369871
91448,2622.20450066356
31596,9450.876860442779
35390,3379.283174255323
399,1351.692359561282
24871,3362.92842313655
43754,4559.360014591963
26084,2170.7399274500585
55206,2792.928513141528
57232,2928.2711551503085
93829,10026.796321249603
81578,2372.4527555456752
35014,2543.2061248467317
83521,3557.9999799221073
94502,8072.95197065966
1696,4697.623201103107
136,131.92707901105678
96430,3967.754571916469
78276,468.36479487373026
9509,7658.605729143095
55779,1814.6160807404008
84339,1940.5144017198947
51392,4112.16577808106
72360,630.3868336257192
13765,416.35408366982074
94978,2132.256767202077
36083,3118.982008968234
51716,6969.455098632513
9001,4855.2932799086075
5177,1469.7229683500582
58000,4546.374844687248
19148,2614.807127033572
33758,1932.1667873744746
54644,2395.578221311171
57205,633.1622846717164
32230,4635.801645961352
26338,4305.53463710618
14789,1899.2248741765543
83306,1078.6766452927268
78259,7952.454825592414
714,4669.308625495277
16438,2515.8740086488388
43694,1843.035223121355
6636,2754.7807267892545
37829,5911.299534833879
7623,1987.9056464677374
2021,1081.6274842537869
71190,1903.522387911098
59853,4051.240300454221
93116,1407.0360710729587
38733,2806.6918938560325
47214,3704.5030302643813
93720,3888.4879223045914
49678,1777.29741719408
5610,3823.9582626727865
54243,883.0416090737372
33298,1120.9870000500946
21764,2892.800959537154
30947,1766.3537539317517
1549,3347.436402400364
2755,10153.583490983514
88604,3793.1298140987587
74566,1184.0909648898814
90307,2180.5042079679924
35150,3132.9314890845153
71431,1859.1015911084583
37115,2612.976221656968
98527,1240.8687126855175
46216,7323.182210338116
71634,7211.398651403021
11837,1123.6411109739033
84213,4813.468259849483
78437,3896.7172897749933
34100,1597.587057222816
92405,-323.07030875166583
94319,1371.5248487406461
83187,4892.871680749468
54382,2125.5896173125634
67299,1712.4841494678064
51208,2655.596979324304
87055,882.6175046875369
33721,1281.7630070598616
3370,1818.723747478056
53475,3968.372011409904
57716,3608.6333542118355
24755,2192.0078345948464
17983,552.058109951789
5867,3331.444671861689
73414,1222.7327056462404
71710,3277.7632345713055
56044,4107.153689300904
91513,1570.4182203463156
43552,1032.5225056063382
89016,1270.0359812295665
7092,3636.931624462149
60293,3132.208724009045
6898,2317.4097498816336
22632,2831.886382042102
88421,1630.679921799301
91056,2688.9812716314955
21203,631.6644435053668
5665,1476.028130287917
64782,944.089219097908
57973,1454.1937629223758
88040,4313.415158577955
56691,597.7640131495727
31447,1511.2288508321935
31417,2917.2094214156514
62293,952.2811603756163
30475,3084.2394786691
39187,493.3221036355544
32973,1202.6012786882611
90509,1143.363266926055
45318,2186.717420777246
18002,1599.1060576714985
34141,8359.850061609557
67543,3278.7741976550074
90826,1114.269478373848
92075,4030.865335595202
2976,2434.653402170516
22344,1776.032694982735
17672,2590.0976855274084
1203,1191.863263181007
28915,1653.1828238427238
20330,1829.7823279747165
17288,3678.7591912600024
2702,5830.422854216003
33005,2290.124427928993
60890,434.0632288144234
25058,3205.0213314471903
79976,4834.270881867929
1245,6199.032775940272
19877,1392.1815393995053
57883,3131.8205711829046
93567,571.3491289646054
27773,1559.1610899023517
81573,4690.625629153072
64206,2638.844714983611
62317,347.6269824683718
20950,10885.269008426128
6396,1762.364236956762
44486,1514.11795020809
44767,466.9905069451902
74573,2437.5268228440636
21148,5618.548123291704
37846,2415.582729355566
16473,4050.8534967919313
35828,948.0427296969901
89045,839.7870227561716
34677,861.7806063973089
85837,4117.672792899018
37798,2208.425001436156
68328,3990.311069542299
52396,2034.5050053831424
18242,5784.5081088759725
99231,2535.9733812404584
23526,2255.479320969358
89882,1275.6447742127093
26015,2395.606148365386
87099,2589.176391686532
45430,2573.1416437444195
33859,2592.4230195710265
29444,408.962092000098
80273,1963.0760861128852
60988,4311.552880253719
79040,2198.1955344617472
76348,-841.1190576585586
24253,428.70864478660314
29602,1856.3175178512877
76276,3702.592301982907
53192,3521.447973195316
2271,-14.344456557397734
86536,2158.5935462944517
23360,768.8916406248063
71992,3757.90983221846
85256,1138.2517725227708
96694,8146.715698160603
13224,2036.1896897053664
68553,1310.3858145711192
43179,2228.3789117252536
99885,1731.0066282036191
62175,1321.3101087340756
54033,1259.6248669116244
38601,3854.267135667603
47162,2225.5639307173196
41184,10444.650273229225
95007,510.150504899987
41774,2363.7696030726893
57351,6464.934423540982
54880,970.51679124458
94168,1618.3782604188677
59812,58.731938656870625
97252,2252.9166817651894
99763,2370.6596586969586
97266,782.6178126161617
94448,2239.5299701776717
86346,1545.3080734839632
83475,852.7071554895265
55092,1645.874329186935
60049,1116.184228486492
55286,2678.0478447215614
20500,1001.8617299734306
97241,1667.9459577066361
3380,1340.6947619416096
61900,3937.5628324642603
12322,2604.429632270495
1039,-622.7636469504405
64356,991.7241421332574
6464,1321.4159371992992
14507,691.0191265477197
7662,3127.3388886457
64887,14427.643529735356
17629,1036.959468919507
19125,1332.7157652198157
59326,1840.875902440669
15060,4426.038697091526
23126,3267.990476432266
66046,1417.9373595043044
17566,1671.4945139692863
6571,5717.600927072921
10903,690.4893772214418
95965,1787.3569080533962
97905,3825.9279916114183
34121,2336.611060300043
23636,1314.3270984299165
62900,739.3369362152289
50494,2207.509893981298
45921,4092.0922120015985
53806,1557.089418747319
26359,3214.728011946224
21061,2087.0693892051067
69077,1858.3141891778296
15267,1313.8125240941636
10396,2233.4261167274562
99249,1098.9217198956203
76726,1448.235188471729
91823,2295.322664481728
56192,1445.6966426995532
19778,1721.492662861047
3324,6831.379029500882
19486,924.1145426182147
75900,563.3266718571722
55859,417.9038070672668
48608,-677.4022203685727
63046,2694.918137413391
32021,1198.9785443097749
13174,2047.2165372740353
19693,701.8633057744983
95604,704.5648596042315
25158,871.2898579410657
49547,5501.552131763425
69698,4509.6538082510715
70614,1921.8741958264516
67148,925.5119450671823
80645,7014.80000485233
81281,2737.0434756388395
20842,1588.586731605762
86210,811.5245612201334
47674,1259.0366385455218
98077,1280.649738509736
53868,1258.4227096560012
2268,2761.9365641252916
69836,2489.28376077416
485,912.8710464517453
9604,3412.438487955669
1674,1559.4304667805504
86116,4750.055651340881
13244,897.3177307332658
27995,1040.218117394454
23245,3130.9973260159095
12218,1970.593682003691
66597,586.30969970968
7878,1262.3239925836765
81583,2198.429910078089
1467,1587.1231412402003
3333,3479.115966937462
14191,7950.4289584899225
14769,1619.7354029113562
53254,377.57646278342963
61113,1719.5469314835732
4927,1957.4289630423393
33150,9068.821034493298
47060,2944.7611701368987
7179,3408.1241919497234
27559,2272.9675662529944
71800,3618.535851734102
4770,3425.171623678157
62102,1920.682494864774
28468,6162.982314385751
16814,1332.239444415764
59988,1344.068435394824
97869,3582.700751608371
53834,1266.4819938920928
74868,1170.3116330437642
31052,2167.6397304792927
53327,3009.122873124917
13521,1933.6106742125921
77595,2385.0136815713186
52580,4645.974979152752
70061,1112.2113174590236
93998,7447.6120223059515
62445,-240.65057192428412
55355,2531.3263822340396
64303,10828.315004471737
77969,2074.056978620363
14884,3130.6199226517647
43343,2086.245752848923
41411,6754.350976341695
65386,3110.2685445012085
26666,3182.614426652624
53885,2155.433100850934
49213,719.8410173084999
95671,2003.9436512837347
9049,2786.7918377509377
95667,64.81007163197546
85643,1217.8404102556515
20888,1386.2162475590612
23759,1649.1728266213745
2736,6759.555835580561
69448,6122.235380437338
73533,4318.264231959085
87238,18552.496533784284
49480,3076.184672274701
50958,6120.717328529476
90707,7200.138652543039
90184,1354.7206208178886
37119,3935.115142832805
85388,-391.0855564365693
7308,4221.012260253707
22905,1463.4538485792714
24124,43.51609485248082
60816,1891.4775429356255
84607,547.7702974108988
79256,1398.6179960363547
18747,2807.441625382329
92085,2297.1316517481196
25934,5050.112413761473
45049,375.6926535465309
91150,1109.9378015264624
72382,6624.256270183277
2252,2004.096208239221
30667,1578.6713091897145
44321,2156.8639770026202
13145,1257.6300227358988
70895,3162.716508084351
74330,2629.6105876637585
60455,6362.310595024862
97549,-127.15708478497618
2036,4327.798784115573
60847,2308.3854473722604
82199,5857.029238204037
41556,679.6086044082458
11123,1724.8097360146887
88976,1172.027007278647
10199,4127.620701001
56830,1023.8984154707405
18966,79.39480615614048
78057,5664.017508138725
77487,3466.7829221347174
3917,2886.0849737701656
4530,1379.2359339253849
75225,4310.012173848937
33730,1122.3086582229753
30485,2429.2436598269896
57707,1267.180235672005
40540,7313.757072039032
19342,1731.5645422102878
18857,3250.2003910805843
4926,2008.6062160634656
28854,7496.096390664632
72352,4859.107255297629
80690,1654.9724661048756
28424,6157.906087269806
73393,11774.782268808001
91891,1612.8839722639946
28775,5659.615953752707
83380,1949.7336292533541
90979,15269.674280420955
1687,829.4122541185498
96521,1589.5162163001705
84916,1555.962579876722
13921,1004.5457164999061
88626,495.02320643329494
51767,697.1041437137046
47224,3686.566150452858
65129,3502.681877889348
57311,8111.414397787083
29834,1282.347568552519
50124,4562.876313799072
25568,3480.944795663118
71935,1696.7451748788274
92722,7919.795186674669
55714,1147.362049680834
82326,931.8420638561192
39772,1033.9693481126342
68992,5119.379515946795
72067,4424.326001126712
35381,2517.0535975865296
86733,3537.550814332573
89395,2313.6448302144245
60243,2222.558747463743
75718,3138.9584110733367
16574,13394.763833186576
21112,1861.1972237332611
92009,1295.4659153320963
15050,5043.245885148375
17149,1708.3130621956902
94043,1586.2194091558363
91568,2438.8698902915203
63491,1162.489384970473
327,5481.591395230317
59171,6.7506478707400674
29908,1183.8116175998575
54371,434.68635797979323
64617,6045.0943087185215
10126,12729.788060833465
51750,1395.85600501947
58387,6268.530219826443
93788,7237.51044479948
42791,6456.292765885682
28885,7423.431069486614
21145,3374.3857685216485
3802,5626.564506172593
4982,4132.288735913166
32510,923.5629947191173
59572,1658.9905654640008
23218,4373.427685255744
45070,3657.616228061219
35570,2760.2544378956645
43437,11778.78982692994
80562,2001.6766800549563
228,1915.623587224696
38923,1105.0847552919295
16176,3394.749405072343
69098,2509.024277650524
99534,1589.4629762593959
53065,990.268126652888
71065,1028.5219929237264
7302,2478.2799836928534
87829,4023.689789593676
30156,2105.2452937995463
35231,2379.596017214434
41429,2335.3093732189122
84504,2190.631062832038
67611,1577.8877835846797
8656,7667.146501454506
99689,2771.1562931578333
90917,2391.4170812789234
39769,5490.843734308597
37205,1672.8111842044796
44318,3163.204197409852
57235,4163.506938805069
73742,1851.0386580510753
87114,4296.979326497852
15809,2442.4831273924256
25157,1348.2263939637332
97506,787.7110270343742
69419,5598.587381953843
35287,919.048223022648
83541,2867.0497964434667
19807,2076.2430588600864
80288,10634.761249510777
79635,2687.3968331311617
61102,4601.406739205604
22975,5023.639652860014
37285,1455.246177545178
24261,1655.221258941563
73355,1691.9343752463565
79276,16186.151657960409
8158,3527.0711983600504
83357,1577.757061324813
39536,1321.4868634102386
83790,1745.6310013515213
96432,1011.8649132442829
14623,3740.572586361065
11528,879.9535361321978
85380,1601.690141887781
51847,263.8163036084543
83146,1844.2959339021302
27417,1265.9269866710924
26325,3117.4281891378164
96098,6841.351018276478
61103,1263.5565075399832
57113,902.8786655180756
38242,974.4126379181539
9860,1937.5442479396486
58973,2602.202146589629
7514,2387.5605333616613
91514,3523.09816532174
18891,664.4940618046503
62664,1522.4628156552121
18565,1427.090785881735
34709,5630.569322778435
78932,4081.2882441935953
57076,7973.284191843992
24998,1158.683556454927
69911,5076.580822317678
1939,1633.202775104209
74842,10844.715492451138
38467,2230.1717071732473
14943,5791.105426488963
25941,1295.8811924097304
2386,1358.5592825966787
25594,377.56293791795815
53157,1713.2618189486523
75297,1761.1927069725073
25173,4793.353833539041
38618,3031.0485196907894
46409,1791.1461645186444
1272,2977.1263911559795
2029,1648.9229132949145
54675,1325.8923711096477
4552,1372.6985353200148
3679,2778.5475703168345
52804,2127.7562835181907
24011,3599.593646772082
79292,2478.8982125406787
46502,4039.8158008780633
30198,1172.1213989933285
19043,3035.1409219226935
37666,746.1221221712526
55579,993.6884640290709
31265,1608.4046324285318
46739,1223.2685850493071
20596,9662.548517587198
58762,2782.360375330175
3420,1568.6235696250915
830,660.8921156027827
31781,1295.3170097781372
80569,6030.802451151182
7477,5010.138428283407
41882,1491.614746052091
27748,4933.467926413728
59603,2677.7856173258883
37668,1726.504806269918
88755,3134.7385283296653
74770,1931.0041148722503
26885,706.8248103092965
82017,2685.950245478959
8210,3273.931169696929
50229,10977.469726657055
73779,3184.405356720667
56654,1179.7549490293313
21895,2963.464276185673
71934,3399.98463749707
88529,3730.5077328559432
43108,4013.5456721652426
60871,12004.115603909046
28245,2385.8388980369064
39546,5761.154796563757
23441,2442.4541371979153
38081,4742.142772260351
84969,293.0991876668386
99196,1744.8913735255724
73484,695.995909586527
39731,5903.4004733147285
36822,1095.1970877157728
510,1652.492916454062
53909,2583.788720853473
32005,4499.093283720267
24392,290.96458956002607
77997,1814.9149347602463
74111,397.2396016982948
95698,1217.7499501565062
9760,1472.0503003377116
84241,1682.1159732079482
45926,4210.369777898748
29176,9489.779399778112
32518,3144.5105753099824
2399,33415.330201084005
91857,1900.332892427818
44030,8451.296547493755
71220,2594.5947028250234
63650,4211.808939114306
84448,1501.5656417221185
29608,757.292500320118
7172,6374.197054553009
78215,4174.0357421799745
25328,1917.0960086908167
45261,3168.699660535579
80503,5469.726374696119
89835,1797.7453344246092
68514,12924.218449404276
87800,1132.8749176302172
4377,716.7656273938442
8567,1052.551340438963
32963,1292.9314467120598
82483,2871.6671479790753
93221,1605.911418113776
42201,3082.7126225336174
33834,816.0477200899122
4375,7832.51221776516
86975,2336.7793565988914
72921,4390.987427173029
34824,2533.587197345153
50320,7890.543663119693
24935,3483.532263827233
96052,761.3732342392882
32574,5000.815791549143
60516,-227.9087593319955
74963,3814.926721641771
87234,8240.88658810264
30845,2099.0281868058655
4163,2026.5368326805974
32623,2981.9181058815097
6505,7140.4690602879855
8802,301.9082800065353
18624,5974.677288105004
73849,1675.2673182492329
39383,3343.106072867965
6027,13115.189185487576
77418,993.3753483103337
63867,2525.0191399159607
32305,2899.28548156901
44447,3590.096908632658
78243,2307.8403588256415
55695,861.6088976659871
47978,1973.0207119112742
46529,1981.2899097584468
48453,3239.2552403923137
64719,2872.7500896133442
49431,3356.412356451966
1682,386.3520318912997
37559,12952.23301793015
12849,2318.8141423072193
75171,1839.899816295007
3432,1240.2221765434952
3123,4020.9669061791287
45118,1460.1758599294749
51358,724.7562375543166
79268,2536.493267511367
79786,2972.60432866468
65213,957.274360191569
92478,2223.692796494186
42684,1405.8122230342951
44990,1524.6710419201072
6513,1945.0973103072924
57419,971.0655103806562
2492,2254.7613832850934
90220,3103.979723920629
27853,488.90108450923435
22256,1042.0680002030335
38176,7950.145861403141
83057,4133.2926723607225
36216,4938.8757900617775
29756,2675.0464907909136
20179,3654.773026430119
78065,1034.0248646796636
39532,1612.3070481458844
89106,2553.4327887657396
87876,719.6697181382169
17409,4938.619594877611
90200,10564.823881548204
54679,1183.547873587087
65008,2133.445508049679
44279,602.1185829862029
91787,298.00159898138645
11779,3569.4856008239
97437,1340.9859108649975
36382,10017.253433841297
22400,1534.7275725543673
2472,3101.0074089934533
37061,2996.728409687679
72045,1741.2481169878588
44523,1044.8935586408506
89456,1178.3276950433183
86924,2088.2063656243818
64880,-569.3656726270365
79473,1021.6978907783528
57239,2152.8297316262524
7755,4877.901388765197
22092,1431.529950405963
90231,3272.546534446026
87182,751.5055533529003
42537,898.7533273061781
87640,2418.8496713055783
66246,3674.990645304108
31650,1791.034017929277
37099,1609.607985684761
14238,1075.0300050489104
35920,2714.6690062488983
94193,1358.1156528869474
99585,709.5190013751217
72532,2339.0370836010406
98307,2516.7164744888487
5378,665.8640115532689
4670,9442.844239232323
21883,15313.690581769628
87943,3576.6067521430077
60724,3739.7460560284817
20783,1403.6989448892095
85542,1420.59102989568
46897,1671.194868343395
90256,1828.124412465186
14601,2024.8551962925983
98149,2851.0936660461425
84861,1530.1263659937204
60328,34.15996606246745
93662,1432.2296268496511
45079,3217.6226222593014
61050,5515.027182789606
19284,1363.5933403753988
4540,2457.105689401047
93580,2511.7466213494595
30016,10842.118110416606
98958,1720.6658405594212
58637,2758.594590736562
14246,502.4343470850049
66254,4614.296077363539
76022,1434.05980591169
91136,1090.4160648741727
47498,-94.69037057631158
61412,4242.039596957
68186,1241.1881379352722
20230,5531.350800786403
73528,7469.586630386032
90170,1698.7007232811136
26056,1488.1863029917927
86354,2835.3321302651707
7625,11123.781551833923
27168,4321.509088662076
12649,2136.0976292728706
96898,641.2072237594839
83180,2125.0742600041294
2754,3627.978973015964
71483,5569.379664927508
74779,4125.985865228626
30438,9077.925232040792
77126,1074.2596484614323
21649,5277.8642756594745
48413,2978.850647965599
14332,2777.074036868579
6800,799.0669594986839
29353,774.0807422550811
45589,1081.150500019547
16290,2167.1139203114144
95349,5474.09951559101
46980,4819.518900133673
66719,5211.775247489928
22037,1872.3037535199712
48684,6583.935625297197
738,2743.924275836305
91727,5864.239691204102
39111,6906.149601779543
69986,2054.4647686883836
82190,2241.507213025613
63124,1637.8036679878971
18928,1202.967569760639
78478,2668.3226991515385
98628,1255.0121788323095
29963,4811.164206744206
37167,2617.1201679111173
35318,10632.499587998474
64978,2352.3201373373995
93686,3573.8011465408927
22299,4253.978083077257
89388,2108.2400961925937
11743,2133.4336547434805
10151,983.6820949118865
78242,1447.141729385965
26451,1781.231637022443
89501,2061.0954548368436
58536,820.6065885058088
27203,1150.763949613066
6794,1311.1534521894769
25995,2292.587615059174
55385,5241.238587342716
28875,1764.0573427334327
4197,902.1649816080499
97566,1687.925326688155
93356,2687.7855912619234
24317,1139.9640389613492
64054,2355.471131144856
11728,1367.2624269751914
94111,268.13254385446726
36552,-614.2556455065987
40027,5696.556462619724
80769,1513.8423974605985
75528,11353.663207027
8268,981.5609486661551
88526,1275.378578325794
45795,688.559025180984
29462,1162.2001120493137
55352,1147.2100189405837
33297,4869.984076486952
15044,4267.400626742166
49816,5030.089498500849
99640,1210.7752136327213
6350,1918.9033989179532
33967,2426.3375679707815
36190,3020.1845756902712
51393,3764.458862176817
58043,4244.8188536320185
80514,3572.3642295946524
66349,6717.598047020316
72369,5155.68862180248
64490,3843.98951766959
4833,1553.8731075632395
2167,1815.1789477751945
73432,1693.9730143782149
20018,2158.721876673326
17116,1967.9539171980364
2812,7801.8148420666685
42336,7081.232906389372
26784,4764.143380528551
39657,373.79875572252377
59540,3776.872550307531
37510,1460.5359546546906
96049,3021.9150174026627
54082,4740.17077678422
2851,2468.7453886113517
37574,9676.319061930655
47322,4009.5691339456384
68688,4470.218602351125
51922,8321.346197088213
39695,1095.1142267217892
12062,4042.9548260867687
85119,1206.4608542301016
60672,3896.846493963409
17439,1300.1996530659144
7316,3140.796936565135
20193,2498.8383272447923
94834,5687.191455887638
62841,1451.4539378884438
51525,4694.342387042567
95714,3910.9233075454044
93409,9119.377013767593
15704,2485.091691078687
35069,2791.7802963485497
64316,517.2905253272766
48991,10351.196739629184
52294,568.5855049822508
60443,758.0722363943587
25751,987.3666161344263
35267,-680.8057636104686
75763,6852.6976757712855
25085,-143.58272680029677
7090,2579.7440903146007
74788,2077.4236387450064
70695,3995.5800406024405
83206,853.1895739874813
44475,2112.1215586858925
44195,2937.6499301814506
38430,3692.2781245741303
10828,29.814422522218138
88381,5746.387322999763
3351,1043.5851869112944
79102,31.941286185111494
71305,1258.6012568600336
25383,6314.584148836436
63227,1832.2241808297917
14594,1445.8539789309102
52001,1517.3593872855972
33054,1893.1659825137456
55487,3998.2007655280463
28355,979.6232796275317
90244,5139.967815008001
45803,5979.1727048280045
95384,7811.875689115095
93283,1910.884133429237
51461,1162.8204662810526
51569,13194.405046898524
86468,579.7199005081438
35251,1890.761601551206
25428,10343.09034761444
95382,6332.831493781717
49667,1165.175501174841
44519,1206.624056390811
42811,4441.534499864622
61052,5432.874985134857
26973,3016.8742944049545
51879,3177.0711818754626
26941,1259.0617126137467
22806,2355.503597236032
11219,1170.427189677263
99609,5963.385350316164
33482,2337.7243473792423
9720,468.6853499333938
43400,3068.8054035916293
39682,4737.183422834019
26577,3391.2507819189727
42581,9085.097084908062
47909,2090.4442305810853
33386,1181.7980967435005
10897,212.11642691726456
6172,1717.5815587153286
72837,1737.5001142048707
57518,182.85996863051696
49825,1384.1615312002623
94794,1133.1389711647334
84184,-345.9941380197315
27018,1046.6522992443406
78938,824.0414191294922
32660,11670.071757284808
49261,3180.9173564130697
69108,161.03606785763714
8463,355.03034955336534
28618,5004.411437244469
3575,2073.7336715961087
4039,742.9380494535053
27162,1689.2967344219294
61231,2003.0745753807169
64353,1162.5474326191952
21118,2905.212419647679
54835,3551.879443268117
15659,1940.24925101852
94215,3212.414911906016
32107,1703.8431756726332
10073,1616.027187896082
43372,3332.0111831525664
73371,2691.2121650023064
58700,696.555952616965
63802,1473.9883399149803
122,10935.87889649675
67041,1299.0472511276575
9748,1768.2230759212753
55597,7099.620548799327
33606,1894.3495615383508
50669,1618.4364967678093
1504,19394.985595474027
57916,3293.6616661924572
32342,1100.2502858418175
33874,1403.8271358587099
11872,4273.061507062359
69832,11168.344361670457
95139,2029.1180532306646
43450,3097.888073405032
32968,1449.958336727655
76636,830.7089271707182
71594,1100.2297342517286
8640,1771.3091235924257
56483,3960.6500143466897
93835,3067.831785815142
86349,3744.534790080271
76488,648.2092100041391
51741,3862.6535228660846
91833,6094.683455624854
89528,1783.697140864045
41520,3296.4145683901165
38768,1445.547863652033
94948,1068.3842802676031
47164,1498.5789787936847
48904,3156.353807961665
47087,3412.9795644158453
1201,1909.1131595284633
88886,407.5570866181838
27790,1939.924661385048
82979,1281.0549678534244
98390,5017.078386878892
39776,1725.957213183667
84121,1872.6529028015689
63608,1037.4446565329927
25727,4772.921845870273
53195,1533.4919506687306
58243,1829.180643365835
46819,5225.286531909692
93462,6033.172722804728
94350,3154.3972996501707
23792,1751.311451055016
92185,3591.2186136255737
33792,506.6448254799743
19003,1876.3257483258571
71927,1183.8788502665057
80482,3120.764629184708
10895,2300.925879890344
34038,3077.387045057786
49699,1727.1470373686204
71513,1416.4547737067387
65148,1427.9127363471061
85668,1690.4831497938885
52336,1894.2747490866366
80809,2664.2647536589566
73330,7653.271325268127
23692,5686.910577105392
18167,1125.5201172820534
42727,645.1760555075693
51076,917.1655942425177
62099,2585.852936241359
52941,2099.9625798484844
12676,1480.544190126364
23655,1824.741459766079
25035,746.4508572116497
37058,3853.3076653681155
69965,2817.3368587070922
65225,2286.0544040486548
46586,1766.649910003319
16239,6311.215370033047
82678,1733.9800706950373
50552,5441.0469930105655
8355,3260.7663499692976
71827,1009.3987302484948
91348,961.7502171336082
45147,2417.3718195829524
56855,5711.652558829391
98470,2850.685689483305
23342,804.6789074496619
55366,1886.7470992545827
38943,3215.8532649421786
58052,4285.32711319663
36098,2425.661421277927
69164,1317.693548357182
72031,3369.4399262004667
87945,1611.8607449021115
25792,2284.775859705521
29316,1849.0301641620918
29505,1046.5671030759609
37448,68.19857557259957
6686,2441.8671269442902
12213,10686.14018248706
58686,1351.0437833325914
97623,1379.3488958833495
82623,247.81694197451225
68269,7838.63191097033
95395,5362.145200153103
36509,1751.1109193020502
54638,2073.7762200113243
81134,1964.2354854224018
53725,738.8239834771202
2163,1647.1175654606336
74333,5211.967142857771
65752,2059.388780399254
89192,2071.6401762866617
7358,5220.521450823519
13890,2189.488276898056
9125,1554.5627118130687
22903,791.216824573577
97521,6694.277245666923
61179,2184.457188695316
76508,2162.179120120525
98949,1513.552947670863
96164,2182.5878375607194
51542,1577.9876558892774
77001,3548.5195049415465
40090,7868.781164260606
6074,7870.158935488716
88455,1975.2492395546908
60490,19392.169601516114
80808,1151.4789668432068
74167,662.6736141348347
36894,1435.5288568656702
25447,1576.9137235354642
89060,107.99040403625804
62830,1830.8130968263433
50280,2261.8174490386655
67136,11422.543001385213
86694,1589.6877256239022
70634,1854.6308505410661
17780,1078.4168786081686
62258,3420.745508130481
38412,4211.658866783604
98600,2591.4008041566494
18062,2877.2374928890963
66595,5112.291934828517
85685,629.1358069884723
70608,604.1152420260905
60021,1080.152226682706
49247,755.4959456206311
57608,7862.131059077806
2076,-265.14109240533435
73979,763.560826307742
76174,3227.10135857629
66965,1737.302395296863
56856,1866.215626174809
18975,1599.239465093298
15401,1342.8148030875454
734,1128.539424448114
71695,1575.8794257160653
18553,3695.294455665719
60406,4653.779177949791
23438,1326.6749916329904
67442,2630.324242197774
31513,1266.1199484601557
66406,2433.3281760892833
85695,2383.330545904925
43407,1244.4401458083626
42592,4206.449963506697
95737,2524.804017011525
12603,2787.4663189641556
2869,4916.029717052778
57114,739.7146073477743
8165,1582.6349723903868
62452,3937.8588067260175
95558,412.05293264054944
27590,7306.9696167972
61662,1511.8407523188062
59731,6905.697946581069
48590,1741.5173084781975
94620,4199.096551514325
74700,1488.7051094412782
55541,940.5246786631214
81491,2982.285360123332
3071,969.1127068849587
32434,1515.1129419330018
89058,2119.008051756325
93068,1071.4529435279615
23289,1444.3961545857283
84405,1228.2695280602284
93022,1170.480248833523
73411,555.0503413140555
10134,1992.6780052525378
80338,1729.3754002923588
75312,319.24201056850234
40722,756.6145772596383
32850,4783.868325731066
90278,6055.562521650439
24219,252.41717321776605
4835,4396.627718784633
68919,1027.7730603490077
96314,4448.7134885613805
62477,3588.332556271132
99700,2366.48049057068
93505,5671.281764684093
37698,1517.9145399682593
45409,930.6098659361423
82587,162.84145809592565
65933,3019.926778334435
10407,2704.615901615155
93838,1467.9788415229882
75813,1979.0300043323728
28296,1199.2639914718084
16748,21459.15054807855
19285,5379.527409782253
73903,748.7966377480257
50977,972.5877586113966
3984,5522.057418679758
8678,1785.429978234923
47627,1093.097702174297
12737,10344.328566983866
93681,67.62904526137481
30415,820.0689431862725
79866,716.6576064263681
62576,1453.3529001774787
65716,7677.265872570204
62307,16342.080174647734
26800,1010.1625812637003
76222,7683.100714358945
9594,4981.259108907629
86870,6126.931203143766
66502,1353.663318895724
82458,1187.3968535704016
81037,802.1740088587403
50511,4515.269872788837
24125,3230.9148363467825
74058,7673.581853028175
16371,3130.502971304277
44662,6186.334619857936
52012,4969.776913448307
96171,3746.398875065933
59033,1299.4066841007807
75794,6339.089415237255
10759,1793.8968097122402
81890,2263.8477557432366
82795,1125.252480494527
28639,1342.18767858499
70566,1981.8033326364935
84005,1757.8423284197042
10309,3442.252866650004
55371,2588.3796878547187
20678,4630.900884394844
56377,1158.6424745627291
21831,773.3450537158938
31120,1284.7396605846434
45793,4176.490838399609
50301,1237.0539948149308
83117,3558.8229712374778
87125,2495.326598404428
65935,1556.0612869859756
90632,985.951364243836
52902,864.4150197199765
25466,152.12144692137417
53194,4174.644109582949
54242,1951.1715725597953
175,1192.7379327836597
20082,2600.4987409065566
23031,14402.432990411053
1976,5844.691098659008
34363,520.1362911079877
67002,1311.2338289832956
9791,6179.987929642148
1269,2475.4931141137495
71913,997.2676458135229
68710,839.6992424236796
84165,3590.9106621958113
4269,1656.5455989893107
70670,1226.4582845296463
85997,2217.301683120477
71908,886.9324597967625
60196,-39.95726365174005
95770,3125.4422910927774
24188,1038.3230885784333
4856,4767.1091628316935
59577,1755.620037546775
59511,3940.3131905571736
4426,2829.612356657656
52022,2215.3197261428204
43922,4796.379325486062
77774,2178.226516767305
96896,-757.5058676174576
80744,2201.0124488697256
64746,1501.9434304522192
56023,1866.566973826937
55200,4640.7551856530745
88996,2506.7741446275763
99938,9272.723435285967
45915,1284.391181030962
38526,3133.1799835187826
62685,2299.212237703393
17061,5584.191570169179
73074,922.2323844565881
8939,3971.419101753224
38282,904.7823811554008
31769,4303.274135908157
34500,3609.526172761768
43714,2194.9237584473285
87137,2854.1892669165227
94621,2461.5025731281416
37231,1184.1259780652017
87603,5054.595439970966
77293,1437.6759483149704
5147,3481.626778776648
55509,1448.5444280262827
66209,3921.706287550683
81111,2470.8454776841545
66556,7049.008578114484
58644,4286.516265768821
79857,3214.2956050380553
76067,3194.1892331133777
59219,4769.682290106852
36406,1611.714194261825
22060,3868.1154359685565
59659,1275.0236673093746
79900,3184.721000723675
78417,1352.1107237967713
97409,4485.840482722758
86787,1695.1716909657687
98807,1409.163294013631
70648,4092.7514489178466
79960,2949.7833495016694
49394,1540.060588223279
1412,1136.2357584965966
12586,8261.425262276414
74511,12486.701498117425
28701,1527.9944125560328
33180,9400.620503285645
14023,3118.395261324844
88292,3451.1531921371143
10580,703.2576682893823
62578,2239.8124286219345
1406,2677.904464358513
26244,3200.724429218465
99869,2587.450095097401
86316,14610.238136876567
70812,4447.57233591559
61451,1913.1476957173277
38462,4752.463837360785
99626,2594.0893913699574
86568,1571.0523917538821
5034,5610.855072054468
45117,1734.9005404107752
52624,2183.1558499185094
71249,2532.935628908712
26703,1014.466102225399
86640,2084.1796649789576
62198,2962.4150148853146
84411,2141.5748271732155
78496,4114.334735163852
92201,1485.3463349134986
7719,1294.6813077612205
67329,3077.9606671231422
26828,3296.313229310597
20612,11005.860224119735
40928,947.2745069579191
34105,4054.5472433973655
45498,6001.786525083402
9641,6560.737520560431
44429,2479.7639379038706
26844,921.6399607195935
89306,1611.4391519601518
97249,583.3382604981607
76092,1599.3914086528116
45268,1362.7553620167987
94803,2753.733316533773
42675,1297.807939519253
79206,1211.85410124386
67118,2950.132654131444
91521,401.3335631836826
85721,4287.093525321869
2951,3774.198789208037
69227,3121.80248775678
31499,3006.1380548190104
15310,2436.3209491822445
83558,4950.369072944364
39059,1464.360133478252
47367,528.4434427522665
47566,2528.7681891177313
71782,3000.889034663045
71301,1887.705332458749
85396,4254.869190620514
50083,2332.7287409180362
18815,1296.3628726854467
37926,2059.2150631435666
87500,1264.0816918221035
91855,2070.0742584734535
25322,1631.704763451505
31001,1459.0160755303623
994,2251.724808304447
8196,3106.179008649142
41797,2708.463199742893
48823,2008.120147571111
455,1498.3669971653371
29717,2106.2484551425714
10646,1515.2145981399735
25988,2060.210133735908
44381,1973.1172629104835
18784,2072.7662868901734
18540,8118.685765217472
83194,1108.4493435128034
26331,2335.529955943297
63253,2199.6495445704145
19715,2921.5730409294188
78295,750.7800238092386
26373,5055.420298407934
25175,9985.44387406048
92735,2175.0849698144098
7746,1125.2648559134013
33949,1310.661112956729
3357,1610.7270514527354
94229,4990.958263573881
99457,6692.802119021455
78808,3410.632252717623
47093,1770.182788019769
34287,-321.2206383156954
35208,1181.0177630680346
30194,1417.0561223837508
27040,2608.1452316194896
86554,3984.398166169009
92545,4207.0956340736375
17102,702.176330019191
85692,3636.758544016796
89789,2512.223872916359
7937,2036.541871556568
26111,3995.7799478592633
45134,1839.830670915855
78952,2060.8512192466555
79540,7136.3105649507625
43888,1097.196592937054
37225,240.93902416333822
61621,2364.852371131413
66367,1538.9769831949584
59867,1965.6410650552102
91447,1013.1815772265109
26550,603.5400894187396
11626,2717.1286374996407
5645,4954.31667832271
98672,1675.5776624278042
86903,830.0371053355343
26087,1980.3526753559984
30487,4969.3623550408565
14894,-396.0402329388171
72691,1730.241362324492
48432,1734.1279435742417
8514,132.32300317493173
6763,845.1596136290777
61539,1323.7029607942754
48618,3422.816345344933
35183,3331.3774045998775
20220,1181.3000009590992
47493,2087.09370480887
73313,3499.0465305671028
40600,734.3477056203042
51255,1559.0137757660314
83777,4349.82714173895
41400,3423.602286819047
58137,2561.623264549564
44914,711.5048544698752
85442,11334.464750150637
62418,1072.3160354959246
12431,5904.618104078951
89460,5769.744883173145
50183,1298.3488056836804
25013,17729.317824614143
98907,1151.471941518766
37858,1932.4986870665339
72175,870.2652732545162
16119,2039.0934597765595
81369,1289.6560760980906
80761,4484.543219897484
84475,4663.422366576102
98451,593.463332021171
27421,5549.05095564566
6458,2940.143678067401
16193,2619.012472066669
55340,1947.617170702292
88565,3317.8458760781837
97067,6478.369337800591
22058,5003.083787672982
46690,3097.0923396169464
35941,2855.480901444122
87213,1577.5174882906113
42858,8816.762219215138
40017,1176.187239917956
64364,4017.632270310947
92778,1379.776474561529
62216,2975.3351445380854
9989,332.607287263314
38653,2450.0853293316395
47647,574.7057154760096
18831,1898.2730346604922
26411,3701.4857888743777
3906,10756.98427064656
41530,1716.300403963418
61079,3312.8727468629877
50738,4044.9129825837713
98296,2715.0882036826793
76849,2432.619515519108
244,2495.869207260117
76614,4079.0622187623603
73349,16923.551735828194
81750,3099.527388633185
89364,1343.2936562170034
21461,1185.4595427981249
71607,1428.1944253664474
93141,400.2253816493908
35769,1536.5313335896062
55074,1937.6496586637807
67300,451.84554842009857
8061,4492.004062687429
32197,1700.0350442824274
77125,2702.524894510218
31826,4079.310464524133
53278,873.1476835477542
82914,1920.686939581177
94969,6146.3743288750775
84928,155.29791457188685
10670,4280.929343054255
33737,10589.095368382996
57535,764.3672016016558
4561,2971.043312727271
89504,4946.191660690282
1301,131.55350955047743
32743,6548.109420396613
19786,2743.7179091172557
39898,1362.2359870179125
78724,2090.890413268884
46633,2099.2906309421414
2592,2388.99075646623
10680,1320.7541473265192
80524,-263.7498317184918
80314,6507.766518586869
32185,3097.952593471103
26221,6443.191474288862
80734,-704.4975470878062
33215,761.7651774603919
45167,3053.835933037473
20332,975.2410211984179
31863,1425.3998850627868
38834,3880.6361408707553
40616,10812.831434915925
95282,927.1685006610173
5769,1988.4111689309452
98321,1444.4466351774113
14115,765.7400259302631
22714,1299.711334501193
62982,4681.069971744187
78902,3611.9815920333067
89750,2745.5881903601
4894,7401.785044994715
20385,2830.9817404161668
65847,873.9127384307963
10190,1698.011202794861
69551,209.22557037086335
87210,1982.6526488052004
27154,1725.1714891662282
55478,1643.9901123501165
89924,2591.709869204934
9579,884.2445165728559
58138,1953.2842900299288
45033,4029.171462736508
52491,4446.539744010332
89228,7712.166547952293
66973,2141.7191071623447
67553,1349.9445780470674
74065,1794.3617060575043
84697,4183.595148842682
19536,683.5546457553919
96415,2238.7692469065646
46757,576.8778148470487
45400,5643.6412876784325
67037,1069.8691439228646
38823,7020.747549679581
32192,3953.8053966991874
94202,3731.333427279134
88855,2569.792195382366
73452,1157.4390495361758
96266,1299.5937023474298
40917,1903.3218386268018
39163,2247.4292668335347
25500,51.22085310580542
74950,1445.686608992481
57010,1088.9920399513062
36422,2871.74668150831
49953,1872.214844838235
58618,779.520212936477
62405,1597.9534719042713
25419,4711.641193524989
54717,2396.964039907356
91695,1159.153131982408
372,2382.8371347103384
14938,1839.4802578213423
10602,438.7611833772762
63160,3051.8969723510013
9508,4027.164950617122
79744,2041.1950521062897
15862,4033.196847352011
82994,1435.0733602622545
87748,3760.84318221362
23565,2101.5882936064527
52900,3876.269205146654
8928,3259.20014118171
47029,3314.3146817532374
8809,7005.96233364745
53551,535.5914087058809
63151,11560.503340588693
84014,3500.1279322763444
28455,10391.312584515135
8772,1712.0908163905285
98788,1265.3854677140425
91682,1280.5583615165551
38310,3091.8636961412794
82291,1829.25844074223
51925,1897.1254352038816
64171,1073.4387362975567
79763,3198.6371837969173
47424,3482.7717576765826
33515,228.38663250706168
58207,2076.8552516819336
75347,4068.262861649756
1601,2546.46718224448
48603,3267.8223264508697
6199,431.00484571001607
41496,1333.9063408317938
5779,10427.73257131614
93596,3747.8866343551495
19428,1586.338332435978
37151,2229.66532508299
87634,885.6294558115469
77176,5955.504734870381
92437,680.1533967858195
5537,2286.8728319946886
23106,2918.8194028051785
72759,1526.1460788200402
82530,2257.2629380705857
79854,2222.675374991677
46095,1933.4440585486946
29549,-751.6608510581327
58691,1110.716069147923
17584,441.86307603313526
62756,271.39481897506903
45418,929.4347807010217
33440,2453.641889411244
55350,36006.622014213885
36105,1469.1527246221713
52140,1667.8879019862306
26360,5227.241907474092
28707,1315.5440691448653
11303,252.54242062356025
96892,4481.483800775024
78286,7263.328844110138
31231,1542.1748028374514
78445,29161.851254596542
88989,2203.49173688385
58489,2199.874158022121
90090,1543.0169567434168
81627,3501.6979893545263
71484,3167.96586053008
75587,7.260016571744927
62186,2022.3901900561027
84920,1050.0880971464776
64962,1797.2810466273427
55939,644.7941083399678
68647,3466.6816513606063
53375,5397.276989625132
9943,1334.2035782198777
46587,7300.86632906202
17084,956.5673930610815
86761,2181.7335605113035
73613,2832.403574846902
78379,6974.72111370851
28026,1650.4106855060227
2985,914.2436231613383
72896,1465.7483023183713
38483,3479.547553819918
89946,2756.3360465334317
22315,216.10912142939287
35934,104.8397530222569
87923,808.064891066655
9177,1119.6663375121702
57215,1843.1068089820824
9712,5263.325759055877
38922,3945.544400947317
54411,4498.845959034916
54900,981.0800654082395
36582,9190.128135962994
76016,1900.81612558791
98019,1022.2963622233146
80677,1898.8272992158716
47883,3279.795299037927
21082,2830.492722395766
36971,1580.8027117226861
72331,1057.1391118874544
75827,1528.3148788700364
58750,1483.7819430876807
93679,1787.2713923789759
67641,2376.0239693472076
5892,3065.2590816876655
62806,976.4661678930152
89185,2887.8238068418614
53408,6891.513989339292
12338,2873.6472539505235
56193,3094.4679596462465
19634,8304.244614191559
75155,3436.208042251784
73665,2646.459353152171
16679,1487.8157493760718
20001,1745.8817046672848
59573,2368.1298724372964
6239,4763.533190364176
60932,3754.4742422154163
50409,2584.5233868248542
44453,4884.188025662588
18145,7776.765128781838
26276,2804.441893577905
38498,2530.0004181305617
56606,6836.895956688173
15333,16146.919562688721
43780,5991.104239528051
47469,1192.7699879158745
18332,3297.9018761552898
70573,5303.801913938984
24043,1109.917073430664
30995,5718.312019568059
79479,3077.9752097093215
41158,876.6049800926749
95777,2528.991929171189
9621,1040.7328967916505
56502,2584.66028094545
47400,10280.326997214706
21812,851.4235147885934
14414,571.7486132982226
89523,10206.29020606722
61012,3101.826734539787
36256,1763.7686492351484
61634,2004.5311495830467
32126,4945.744406017373
16298,1751.4788981651518
42270,1526.3951363834703
95228,2907.129655561741
81057,-192.36802019255856
73884,2909.736557416595
35132,2914.615517494518
75231,5309.034693096768
62926,4833.316494072123
67387,1495.286793760598
62421,768.6339237730044
26987,97.04824377919158
36717,1384.9098209093472
67078,2226.040306031612
61877,1530.2069125923986
66113,1976.5668562045435
6421,2634.245662426819
74394,3594.573345486355
42909,77.9565323191132
42563,6052.8200193929415
55542,1319.3173218287861
19583,2244.6416301215763
29336,2126.5871088160566
23027,2866.86301641525
92108,1117.460513571832
18310,1687.668296858233
69394,6530.4280019207745
81189,2849.135760884958
43321,1555.8413151370746
74808,103.085679680888
40332,987.6385923876942
10041,5926.171695674666
33624,2110.9903404069246
48587,3700.2578085948976
57792,1368.9621745297986
36202,3358.918743740924
35170,3318.7817271745757
53867,852.1705478942513
30592,6463.195881703193
38548,1211.4421554330474
24881,812.9827564732182
58937,10984.335576961563
14808,1495.7258313255156
11187,3337.521241218316
8938,931.3558699149471
28290,1192.9926988755774
51570,4610.8518818222865
57511,1268.1903279397393
35615,4063.5472843007633
87039,842.7586260470416
47358,1215.580054043579
5231,2234.9511284320934
71116,11045.701444276638
20669,3879.385320374767
28336,2804.1979458073283
46098,1539.1791809278498
20411,2167.9658084188322
73556,3128.1252142894855
48398,9171.869438243342
71716,870.8736330290867
62337,1900.8020808960407
1562,3882.388951601419
21888,1322.03639873474
72433,1398.745276246682
15509,4286.231475412436
39493,2079.5824002252193
75058,2732.206545554738
94961,1478.8155286843835
66137,2456.274867677048
2089,1005.4222403283343
43951,3123.1578356796736
82909,6533.353417128628
24081,3224.6516813695307
51005,5937.2332094507465
71411,531.1031743736185
79785,5785.675427691418
31217,1315.0589248859915
73174,1630.5155324907178
5196,472.0398416887233
98215,1517.437787574835
9616,3262.8234166214274
69994,3607.3242491242445
98469,1345.543984048777
80367,884.8345002615547
19932,3788.5069229947203
6131,1702.8440099302168
12950,1491.9917904750691
82080,2654.870668667409
53203,2532.2866832270574
72559,2672.350889539638
27636,3671.4049754418984
38784,701.260197995929
62024,1167.743481073589
65651,1256.6699643706738
61420,2733.9295865047784
71867,1116.383793144008
96434,2709.0346766167045
20666,2400.2289825842336
81385,3643.649079103705
45995,7235.282604935435
46990,1760.7457353254324
74422,3105.521877964292
15963,2610.930030217787
47450,6232.617501532036
2554,4790.150180118708
60810,1309.899227993676
3639,2049.1431836884767
43382,4323.665465707142
94455,2355.4513761774006
9770,4114.651274165772
80372,1733.1655093697793
85650,-421.5790223023123
49649,7537.172798465144
92500,1509.6571319315872
24840,2133.9020310214573
1993,6879.9115457659955
86996,3090.8708926822733
70293,566.7147953655958
60458,8015.586944288597
34195,3992.102122160131
84573,1001.6168299605497
93229,2699.872294330283
76833,1725.1610733145233
36974,1900.1317931450749
61136,2390.4161708926113
16673,546.4431083324853
56982,5215.064120650364
85554,1823.4457650690706
81404,1763.2054320772875
87058,16871.61430459886
17218,-92.83873981558645
62834,876.9455218556227
60019,1846.3700009435138
65080,1168.2889484602038
72285,5321.038267078717
9681,1578.6353256122866
41201,2306.6783107078245
11611,1033.0622432645605
99333,1200.1712287971068
27342,1248.7794813097557
36106,2629.3686065042957
53656,3121.3083271452406
55977,1521.0496864603601
77500,5193.66604706476
85488,3755.868060962714
84749,2106.5395983422077
60723,4733.09981865306
42694,981.9732428910529
64536,2616.728636810363
2240,2350.2117930772774
17564,3545.716854472828
14786,4356.136424617266
10446,1474.5423450324847
67676,8689.298447877045
83983,1794.484674473404
46400,1117.4575799667182
83212,2489.1209407405213
32102,11985.817058690995
31856,3463.5703652137704
42429,1472.7274402890425
23817,2006.3898717608201
77203,3798.5102262875425
41321,960.2996233787544
65357,2523.217304685507
30408,3221.082625564704
24325,1005.8352684184374
55978,1726.4195217442784
66211,1623.7772185949857
98436,2088.114825344341
22211,4140.387859076296
10807,4541.312405142972
19369,2163.764840480673
58913,896.8467074410755
57491,3102.0056670317676
11150,2408.7661448577956
24639,6334.735484766265
30380,2682.5959099366924
21019,2530.697947272345
60594,1233.9372814389772
79863,1721.034745466307
95895,3078.4458127633798
2026,3443.1729989066994
81721,666.3555381759534
83800,9708.194088175911
12299,1477.0440830112016
94336,3298.8064603341654
99190,1122.9749066177942
16696,368.947698547031
46720,1189.6212613012149
86338,3148.9767192272193
69451,2852.07592612058
94526,722.6986455197361
17275,1919.9353221744486
17915,1683.9817791683217
85009,2387.1438009972508
31400,7415.0642071851835
53601,2588.827197660336
84349,2560.652069641973
75750,1243.7333847171572
67634,2836.2360494519
42816,1905.4868430398092
65396,4398.242848209571
65958,978.9447414126062
3165,1282.650574640727
33638,388.011831605083
85516,1288.0763706709477
82202,273.55943564992504
15915,2730.422983232492
85520,650.090025301165
81038,973.0054616283419
35694,4173.484835159398
90653,103.66408901743307
59583,1786.8744891917704
85304,5513.84574288418
46790,1413.490563002832
74164,5129.5039423623475
2529,3372.2479560305696
46249,-427.2962516311668
48670,1677.7872642517927
37859,1427.3622674666926
11759,712.3839615724614
32075,3718.09296398241
93026,1368.4228017327591
58505,958.9581127076908
57248,6957.375684505971
73788,8636.42997460286
79724,1415.0161679176922
72484,2060.708914963861
44849,7650.419024284147
79455,23216.0089645712
82139,4035.0415601709565
85373,3030.781918688865
78008,5596.209919464995
96773,1517.400153342625
69286,8380.029309930715
12864,2148.6490818546026
82708,8552.480689205779
22380,2965.622407387397
51051,4581.734296663249
47844,311.9600071408154
6820,3827.1087644036434
61913,4032.6906158149673
67161,1151.555892328703
95176,4394.941458628325
62733,3411.9282377153063
37039,3026.0030508722457
36248,4583.793501492805
18326,3927.5359489957013
58946,1926.5624639007344
62259,3351.8315299946316
63321,1737.414895363206
61585,1823.266770010201
93843,1311.2136418971854
84140,1873.6068312629632
54603,461.29784778825797
21085,3191.7996552114146
53895,1798.9078447385978
89215,695.1450754340776
54684,1165.4403118907585
5918,4766.238250599148
83403,1434.3474452528067
38912,2619.0727531490884
65900,230.1190687198573
56520,4292.991164544068
44904,3341.8766249920336
48799,1065.6969726385414
42911,2816.427652167316
13110,1716.3807537411385
93099,3641.497790841657
6685,2989.474471246354
63793,6200.443647063046
83904,2379.8383312557057
26142,10726.806281279369
37158,579.4052729208356
41069,1967.0027461359448
87819,1596.3577418639666
36902,1107.27682597609
35147,4971.483320637129
38888,6978.449717717369
3887,656.3522540896474
66632,4447.012509908404
78119,1398.107770192708
7807,1419.946840854694
31181,5737.499764059827
51443,1473.3515068063539
80426,4440.690974719381
37777,1588.8352264668815
58205,1112.559392656034
20553,61.2703401048193
1714,2301.8172454679634
90052,1189.5384265119887
91784,888.6460620506314
97392,1415.4111437796282
76774,4969.717383346074
93582,3357.047600384991
62582,1921.0975526961988
15022,3260.915379192762
48859,1416.1336743465854
2638,1236.4322683063829
81178,1358.7423596949589
4029,3016.5412475264166
35263,2611.352111927454
98892,2482.8393567373305
47831,6764.194504123258
91035,2935.227257968039
58443,2355.9669781650255
47369,1452.622486866307
46881,6273.153008371818
46749,11863.154997964217
25141,3209.584566140414
36667,1046.130986962878
30749,1488.7510755601088
1289,2090.87500543462
68448,5599.90656140272
43446,2085.723258992982
25923,2948.9916203146377
70658,1937.7805454737493
66052,1265.68286551553
55755,3175.725497768345
52223,1361.7702992807167
22485,13412.782748173722
61514,1082.5322006763072
88308,2099.229779389635
88122,-84.7387666528357
60853,1407.7098076076118
32944,448.36033786803455
78300,2476.7085185772034
50777,1671.8879659608158
66458,5362.1814460918995
75127,7462.143289963604
78038,4944.716384345176
44238,803.216260160144
19551,6706.544540393559
50806,3213.1559116782746
17554,6867.460475171027
60155,6752.010444522861
39428,3099.8120805502913
68479,250.91128409151224
82669,4327.536846003626
48329,8361.996536557592
19671,2486.3719594017784
74088,3481.2138240738577
67011,2231.184834959541
33882,3878.656557512949
76671,844.0259918415823
77415,2938.7554345551453
28928,29376.723012542498
7239,2417.1287585833084
30450,2263.244069438365
75093,12396.799641177859
37339,1848.4285048710997
84135,1772.627307309087
12690,1168.211791962332
10003,1815.7399131590862
97387,5540.510259807794
70481,1777.643008977457
42067,4411.886684262694
60564,1507.8066404779424
54805,3592.2472495774346
56638,1465.4678548992338
74721,2447.9801504182997
92772,3038.51376241562
36113,3768.8402656509907
53135,5078.646841025013
43972,1264.198670308268
61191,2580.782278873521
76483,768.4296259428438
26930,3064.8533881485114
97222,5445.442134501218
65909,2406.399384117705
28568,1100.1643923969314
8203,2386.989568682393
52886,2678.6919557022375
76686,9582.16437143391
38454,5052.756165099878
45685,3318.8589601641133
50011,2391.6082196445604
79339,3696.070335858358
34054,956.1341622555733
71676,4215.585943008837
948,1715.902922300762
7498,3804.18261295596
18166,4099.740264311656
74384,1426.550968869375
10085,1268.8278640949911
13268,1216.975263384481
10889,8929.152089264171
99250,1692.1898929812219
92399,2025.1541731726513
9172,3204.1893938823355
98489,1402.1490917342817
97923,2150.178531928652
66780,8327.139214174009
27026,4961.388694284536
87977,2606.7545704789313
59251,991.8247207574177
88123,1889.1989958979482
77894,902.6511280883451
8532,1967.3725309386452
18420,1847.6468793570107
52642,4336.755999742897
66591,2057.7213559142956
54801,5639.96502279663
58342,1757.398085867053
41720,2706.7872854209595
73765,999.3628204177012
6185,3340.5891263314634
7638,2642.3084759240833
50380,1536.8499842204465
77166,3020.368969142418
31039,1338.2462425417743
91236,1006.0443167841154
68695,3652.9045856332914
55101,1108.7843500501785
48865,2798.697124986886
30526,772.4553097404219
32823,7190.319249951743
65584,836.5596384926084
20298,1840.7764110058058
5783,1663.9971308786733
90377,4304.857209875941
91154,822.6098891680135
9706,1284.2655576833008
82612,71.78990847130808
69674,3101.1335279260707
35721,1623.2615320005875
86413,1217.8702148346429
36232,3694.745364552058
73430,4155.259630865192
31664,1902.6868270204602
31228,3131.6940629238625
79209,7248.5642690284385
14162,1817.2933737452788
96106,189.3977252037489
74003,1859.5370068256498
53705,4431.398800818961
4819,13690.231997842227
63114,3666.2932090484114
99812,1253.6135446776516
5654,1147.3483906680858
16940,1130.7166833519245
25699,1713.2181389142124
47761,1747.1148916169302
28809,2750.721466508555
18610,2354.293186757053
37000,2721.176543535812
13830,904.5401277239562
99977,1766.1191801708987
36767,2451.495433172833
90613,1558.2897762096136
32781,7818.28127995529
64301,5593.203580638849
15579,483.91649732275755
41715,2194.1324141780633
24094,1857.7552039555694
17717,2919.1985643959133
11492,1399.6401333384665
3492,1638.1493283213367
70136,1029.2298178498086
16990,2325.2782484317368
93145,2114.712242518898
39675,8986.158885684326
3181,4108.072528494652
82922,1388.7450677461925
15756,11768.491654157893
51921,1798.9352457164293
28821,1907.1673963711467
35976,2050.0824863724947
53299,1089.593139366404
16781,1259.0464885781216
7262,1938.1832572107728
57543,1838.861740436474
39613,3324.715361036809
4933,3248.843632473254
64750,4679.567073910386
76991,4551.044829509277
6828,2035.1807001202117
17825,2487.9564725729106
46880,7790.266436236589
77162,4182.046183443802
10496,1329.2001832027322
48922,2204.228979151307
69774,1684.9062858053685
11433,1727.6092714650558
94811,61.372965813037354
82543,2022.1366636439438
85457,8529.40601255893
19235,840.9177729557518
30619,444.43390957113024
42464,1700.3793726031995
93020,25756.322041678643
49396,976.0023854165447
43337,738.5269996046927
77383,4406.4039966400205
9534,1845.4516686866834
83889,2162.0003684829207
2242,898.4728118883277
95052,976.7203804231613
67193,1399.4058979519486
79127,1884.0442420176798
84226,1124.248338922866
48600,1043.4760947799323
72182,1357.1843544340418
98226,6100.177156493335
14519,6084.967616724646
46517,1982.4563694624953
19744,28297.321862499586
88511,2034.5082109820337
25890,1747.2682861978428
60664,2624.6596536163506
65264,931.37392654219
73103,3704.0682988416106
79407,3138.5307185534834
26827,3300.9202387766845
90976,3143.1287261756493
87206,1329.4046641830168
96847,4990.788061055662
66555,605.0508344683653
31221,3359.5563363711044
5426,2660.953777413388
48739,1470.7956064553714
67301,1189.4092090517825
23358,3820.0408257544204
76919,3077.010383896375
67423,2680.4211819874818
3252,6409.182726795054
43292,1693.58553065606
8570,3430.822955904939
28654,1473.5817104416992
88056,7638.801499277142
60417,1033.0610140089257
10279,6476.272910521717
16389,2275.1717263472433
38262,858.129730691478
16706,2291.1891060220323
62340,1867.7767926930546
98055,2216.856521595426
37715,7074.444248378797
61611,6478.047238290055
40898,1897.4088720152145
8661,1167.8172857047161
69792,2355.796856776154
68117,4042.989987948582
68805,825.4447362601327
34590,1161.9669558439919
98200,786.5210443858082
489,6495.940513000429
45534,128.25348251641526
24846,3442.1432612754043
94388,1284.2703485041588
51969,2452.4475861681435
29888,2421.3302014287683
9359,7221.200540985215
28989,2409.037611158029
1369,1179.0896005599725
24614,14626.506646011841
27329,3621.9897985255225
45505,156.8316319121418
75742,735.2078775469172
90194,6219.164192438015
66772,5385.238939467673
27836,1727.218193182767
4268,5544.374061678236
36642,1921.2222058033774
59985,1749.2984418235485
33001,2156.3192832697882
82647,2896.478791294355
96353,298.39590959897714
45067,2516.51013406706
7070,983.3949003647595
25762,698.535691786441
59112,4796.334092267318
82987,1017.8284090865318
91659,3420.6072445135705
98495,6756.9351747189885
54948,3646.12481225418
10531,2504.3974009037474
37838,3537.3832674790565
86994,2565.319687063735
87706,3737.1783598077204
79258,2899.2806236638926
12237,3357.3144740748985
52243,1260.953758764067
34362,2526.830483644493
11202,1128.1974396870505
23283,5563.249252740545
41906,3932.9195616156303
32295,1860.7981643308024
3657,1681.9180381151164
17089,4583.338308168575
79756,3504.7059694476106
45643,4587.498619673143
33462,2830.9550613740626
42707,6286.427355228096
46131,490.37086735392586
21115,162.51965733306724
31581,1965.1599798841949
43492,2251.0858055751423
89043,1428.5707305411975
66720,2338.0113163914675
78296,3131.086674349198
89298,3071.425052641688
95027,2125.2749818954326
50055,1132.8181549574888
10388,647.3861168678991
29515,2317.678153004147
27799,1549.4234652032537
60133,4263.629679436874
54312,3012.86759594777
95290,8826.520977061087
29307,4430.517126369535
89480,3214.23404197333
47535,5322.6598570365295
95224,5558.2039124980365
33662,1983.0984965072275
52510,6196.219428413656
60290,2418.44875062109
48053,1614.7095531375865
82920,4232.077493830392
90767,5668.090900876223
66729,1754.1852061815455
44929,1928.7302671564196
22600,2015.0626879030501
72799,9160.057862697897
85958,2451.3951911212293
46869,1724.116805435592
36852,692.4334796061585
28214,6336.9763095737
68321,955.4594493865675
44585,1883.116663958449
35774,668.2049112612831
69031,610.1980064683635
56118,1278.1348463152008
740,1922.9016823423765
54353,1939.3563661381118
77762,2360.246382613689
9927,1060.5450824903455
2471,429.75465085491305
88531,627.8636376701716
58021,7796.562404391483
80210,1939.1656237398029
3700,646.2751881589602
43724,1741.5974741585694
97731,2770.0505055398376
49062,3326.979056869086
64134,4437.125222773044
80619,3763.866086231007
30885,1999.4487809707532
12475,1561.9225932785444
15990,3069.213702409826
31944,842.6035764574162
29502,3011.672747608978
81464,1476.4261139649752
91024,2255.5814061569827
23300,4612.9259126403595
74512,7935.2812662726155
33999,3370.0213237443154
10705,11309.017736818165
46345,1289.5962476909308
89113,2639.442187281378
52604,2157.5908491774026
6810,1390.7188236280408
84273,999.9664527256109
40119,6113.897851758734
55737,3336.3429347223882
79735,1263.9010441868677
51893,3020.5306296073045
94189,20524.3517712678
36177,1869.992344522983
29280,1326.877934026783
44840,3629.879473934639
33350,1511.1165171397492
28183,5073.954326362671
18202,2323.7906936541567
75879,3147.7798282363847
18979,1992.1634397593339
9932,2961.7012416590255
82262,1282.474574890192
4590,3655.572361333829
67499,2500.988396087565
4796,1058.504904546092
42897,1052.3087011704638
23324,3880.238051115605
16317,3322.330242541904
11706,25972.010033020473
8903,4433.924046144025
31552,4656.649625211405
90196,2565.8093020063097
54995,2639.287860019784
85274,6095.246505426316
2008,1298.8018785135241
2198,944.31224487698
63628,1152.864133049629
75601,1085.7571390402295
62153,1307.626191038023
1374,585.8564556863075
76883,1592.5975752449208
36109,1884.9352980526437
98240,8417.609560028755
5662,2075.0668677587128
34375,18013.629546175478
99524,9770.078681452398
96699,17327.253822555347
20276,1007.2560900590661
60691,1561.774706165777
96466,3177.20671158536
57617,3017.95939744047
96404,1392.439405041825
54278,5394.2338911215675
78342,1764.4606114510682
30771,1892.956315289003
75771,3014.480506964605
33327,4033.1749422616326
19431,2527.495647283383
42697,4745.767936952958
81973,4461.466299367561
81932,6226.088544688619
6255,1959.215119377002
37728,1046.3938927082982
61222,1715.1181796632807
51533,6302.204626540036
88506,1107.9335620144216
86744,2187.1551231217873
76898,2966.6366391231786
70881,3237.0191142594167
35485,4275.39173613975
26651,11194.376427946216
10773,7045.070728030716
92521,1687.7243188197267
82504,2729.7508776931786
93880,698.9362833887772
12015,886.2857211122282
21752,7907.482413080088
18490,1128.3515834543628
16181,2275.8679500163626
13979,2259.875098082567
36580,1302.7492908187987
31259,2444.340179554452
52882,1547.5620759936278
81668,2435.2618388217443
64741,1835.0552454100907
87586,16700.291267084147
21153,3504.157390801985
33146,583.0086632667285
35449,12703.408033986441
67073,1444.1846240962245
23823,1615.1525379575446
20035,4296.848215470307
66264,4908.911384847963
80135,18682.761574906
71015,1216.0048415357014
70152,3578.5125600037036
46867,1852.2082492360366
68116,11387.102625140813
21429,11371.299784034287
49274,1833.7200579109306
26824,2445.770515318577
68098,9681.2549245011
21559,2701.890906846672
17841,1216.4193137172933
73566,855.0236307037744
65338,1875.2973823948894
94793,3174.392042548924
28205,4946.24050730963
11978,1496.8536734802747
2177,2618.3440537652095
29553,5303.1907337747325
98364,777.1965092932023
80997,4117.994666868164
80477,13663.746760371687
72722,1776.7336514743793
71795,1354.3784448389515
37269,2037.2228349452794
11178,1498.193493400705
13146,2429.908651093331
73515,3013.8188479881965
90615,1871.6412843258115
37244,730.0864060310605
60968,4039.69031673757
92310,2489.69896638961
61070,2773.7787245772665
21389,2419.6155992664385
30445,1257.2072768915782
90142,1844.501901307926
16120,1850.9130745481575
45828,210.62854637400596
32645,2644.7190562339324
18940,1886.785129561129
86966,2856.3484288529244
7582,6506.957942579087
36634,5140.121149150651
90176,6885.316132227401
44915,2407.388368997098
33380,3547.4561934551366
43762,7760.180180223518
38371,4847.453108326011
28221,1572.5511196926122
1818,2070.424014608903
39572,2133.381763010115
11556,1420.8459873123766
11787,2991.650155859227
36186,5008.822057406211
52636,4231.591064492131
18994,1680.6194428040194
30150,3247.8633380253295
48058,1022.4999361812797
93594,2750.48792397479
64331,4021.201889760974
82931,895.8084651774193
63566,1217.6129599680517
87751,5184.114163796556
37769,973.8822983003829
99550,2126.9160576071213
38564,703.783176777923
81429,1841.788344996051
94746,898.4452279628154
72748,388.48844246535555
41543,9184.119105795224
75382,4988.946075006932
10178,3758.5638418900307
11893,-206.61582336568017
32564,426.71259103909415
12748,289.7608727183033
66724,1344.4367712671146
4008,2613.5202816562655
30249,2962.2810990714424
4800,978.5343841555896
3098,1178.69010435798
62989,86.44624762911008
68827,1203.1646406921946
78945,3329.207687568464
24905,1164.595770187831
87201,5687.291362527813
41575,1535.6893834219668
65308,2543.605513926071
92380,4694.021546235057
76808,4008.06259655546
80438,8885.108881975715
57364,1638.0340921949714
63538,925.2390930802558
50459,6416.575606197885
85626,1460.9005517565556
22120,1199.517140637196
66593,12074.165384288279
98974,1454.287097559522
13598,2071.0785856889297
95570,294.8777227867545
91978,2065.7352340188954
63185,4958.006643410012
24498,1798.9885003889822
29141,5678.333059653011
91446,3979.8793081202216
83922,5465.92922638747
68317,4367.86975943569
13793,5574.523066806201
34191,744.2568465287122
92707,1038.4514516719246
27819,2432.0991987800235
25034,954.7157498843417
77842,3484.9613133089165
43964,2545.5693385814666
76013,10477.02234497996
85978,3375.1564294944233
52052,34.782881502652344
54929,1918.7313865231417
86422,4575.994119841489
95690,4113.532307685189
1868,2974.5928634827087
43183,3670.7035261641854
31536,875.4052127144441
56994,1892.8518773803773
88150,687.7474257223739
16187,2315.6306727617393
18647,1358.7222533338304
74774,813.6032317774343
37767,1101.38325126393
14583,3475.4149968489246
90506,1623.3538017672076
64420,2406.7417955698475
74895,1537.9878322722461
71129,7394.714808248536
99162,10529.412388491648
97610,1757.3278927274546
59047,6086.593483745154
53070,3086.299028209516
43074,2594.179706038435
5166,1993.7103781068822
16687,1244.8292642132487
58316,1217.5497431409653
51938,990.0260341968192
74661,1772.5168192461595
77121,1820.9301975361357
66851,1161.9355084939748
80588,1935.3098613198981
48108,866.6139611400495
21342,1002.6446999564187
20278,3076.2075117035447
52674,1742.8915731235786
96483,8609.560786765007
68290,1830.7434277008256
28731,4328.478010151017
50478,983.3702859315135
51346,3107.426696868595
90354,3536.4994511906457
62984,2585.015552123138
84393,4899.463949335743
84084,9273.851376835148
54226,1175.4321412536074
76796,2037.2345125370477
37186,6285.19902541422
69126,969.263617827789
97788,2887.477680284698
33878,1677.5670011907177
94862,1351.1725240239357
99865,7423.879679568534
89470,2560.157330488938
37730,3542.053572297923
78772,1274.1951374625123
41638,3622.5922794773996
83740,3989.571423150362
95715,3218.4673602850417
36346,1845.1875740895678
89316,4600.936016390871
22142,1351.4340309009108
5998,-103.40467644949786
41868,3805.7240950880678
71278,1316.0041111533037
9694,1743.0168683090817
21126,8341.870975632717
22654,4890.289519252798
44658,1077.5771872266942
10734,1521.7588783181773
13375,3134.581657380041
63265,1190.1213268599017
21343,3603.478325251368
33344,2642.6741162790313
2950,3392.169956269297
38959,1269.7598093637416
24295,2289.1981189755284
38021,927.1555150969994
73763,857.377344322319
86820,479.59538127840824
70160,1379.5673790139476
74429,5140.983505837036
81402,6505.707546407217
33316,9185.915840439604
62583,3209.1303549600802
80239,957.2118246407063
882,1826.4367081835778
42568,5859.549083045718
83503,2091.6588945720373
98825,2146.988181163977
90640,1854.5156958531306
79344,2619.19627255727
20401,9220.755955691464
64381,938.3379708025877
86766,3217.4905198499964
57904,355.0474608151444
99073,2582.2263008099853
98881,9689.038440875147
22539,1749.946105821689
33099,1802.1982457154782
691,1265.6037573007343
87639,3250.779982319116
37804,2314.6406285037724
19845,5378.922400939267
99935,628.8103461428755
66186,1465.8168028805421
37015,3122.3155002850967
98950,1513.766718470115
84134,1247.963742883423
17999,1188.7864811961927
93717,3802.7839405023665
8563,2958.778235982717
2293,843.356258769345
5875,2702.6207920220854
48577,1370.1113743426204
42159,2185.5070472412212
36853,1399.6046798561665
76220,19901.526759966393
52165,1631.750909656943
19383,6297.202194928411
65241,1280.2170164530999
65439,1155.1891711171634
133,4969.251562487865
42842,5000.909750256217
14304,4935.643953695842
57268,1086.5643704213458
63221,3692.618042532462
66795,1627.6136360204162
34863,423.85586913173074
13974,5405.6037030394355
33636,4334.54574368145
49426,1326.5225955396918
54796,1038.149865781469
47931,888.6372601969092
94607,8727.919920559358
14241,4561.599544970259
52227,6254.440061152407
97134,496.48335490499676
83450,1645.7812026797324
20024,1955.5509446220979
16149,1809.8144894429847
83112,11420.968060612093
92650,878.8589720608429
74238,3539.5162513822092
7451,931.5547375766455
92636,1520.9128487223961
21199,2172.3652443852093
3304,1073.6843398157498
17662,222.6195125546933
12542,3135.483580984844
96358,1504.5565547701872
96048,2309.817159535547
34715,746.923875419332
15999,2450.7513311018656
30264,1538.7861511134743
54441,1658.706930775523
71646,10367.282322869472
76333,8973.462834368867
13051,699.4779935844708
61511,3675.4001406437883
36300,1146.0049059399948
44986,1063.2014085837563
59268,2722.913675955904
99597,-525.7960227284193
56449,2174.711024242234
35487,3008.516161050523
90500,2999.265545230832
47233,2428.3656305331083
566,2949.6975208818008
36719,497.3414067407002
94205,3100.3417556013574
27643,1440.6912086951297
12302,3189.7553195794617
20949,2159.553391239776
75028,2129.0861996145168
70716,1044.4296418475233
42456,4890.0150034710905
98158,1984.4255803522735
7391,1407.8445599539264
96097,1508.9662888914995
21328,1603.8017403750196
91677,2485.365858238087
71151,937.4973830724521
76786,1587.2576632261607
56813,10379.047184940908
7694,12004.557515937337
46470,2842.7594106649794
45073,1640.674419537472
44388,1580.1308311337352
80459,4284.169430829685
14509,8095.435931105873
84269,1473.0192474539726
15590,1548.3659153203548
59717,14383.691227824653
48376,1126.7659751494793
19094,1601.026037519047
57440,4969.906187938578
31925,2433.6878615306014
8827,9505.894617870603
13903,1649.7473789363198
64583,3084.8179867546983
67930,979.0632982214579
74306,3706.303191005626
76827,3907.725345845247
20163,1354.7823010525144
51733,1821.3063960259124
42438,1736.1923659379581
53624,2239.3050259713473
4440,2598.646045412722
15992,1583.0818979905293
59184,4283.552815932783
34175,8440.383241636478
87310,4012.5952623050207
45181,999.6911773420716
73019,11349.885396858026
60735,4993.996334978468
80297,1278.662881396228
93511,1941.1659392074077
23684,2337.781601184735
69210,3906.2588996351224
88436,2299.6881099063517
3121,1471.9851597919405
32637,1991.3329037636115
83099,2876.379565623307
73893,3469.688253935233
51489,3121.560108096993
45798,3158.6259202288697
89351,1843.4891343846048
73058,784.2526588184755
96837,1597.2379927826532
81307,2221.222094314604
84546,1959.2284006458021
64599,4253.066613186408
38114,4312.243735302209
71706,8240.494243409685
80881,6686.069057355367
17289,2199.7883823790125
52918,1093.0738811855563
98995,-95.05998867489643
11282,1370.1526013456591
37868,498.5743032573914
25114,1977.1679832633613
12261,2128.2044714841145
62249,8521.066888918656
47037,439.79050773246763
78433,9103.980508988272
47826,403.6266787252689
49646,7900.127618163252
20965,2019.7724556753615
63652,3219.267029626929
66008,4111.319009754214
2009,2438.3620798162365
73706,542.4736648903172
15273,4805.725586523657
90678,651.464626862029
59831,4076.4926932674152
56884,748.6860868106633
12958,1235.5964880269385
96277,4534.047170738086
5911,970.2644104833516
26777,1635.708290760571
45406,3203.61423523144
85716,805.8072176908122
67779,2028.5733643662534
69562,2494.0843515558845
28962,2936.5214184494153
14647,1236.735537195917
94506,4147.944258946728
91597,-18.657900854905165
19718,1114.4868576505683
85183,3704.826841284658
85502,799.171897402332
80307,1757.8886999044696
89321,2621.2631437286777
72922,3449.3901337947464
96739,-206.8333952348239
74280,617.3944313604584
9964,1657.689080138824
25230,1390.208298340326
36200,352.98708999261453
96403,1878.518935954001
15778,1674.7780036364013
53117,1010.5114063946166
69409,953.7870104564072
9370,2584.5020133351472
62201,7102.977755928075
29134,2861.8738132988956
99410,2240.2640021323796
11253,4027.2737527520258
46861,2089.938260086151
4020,1739.6744737967733
73900,1403.3864929972924
54357,2950.745618535804
18182,3485.246895119907
99627,360.9502019835609
49839,5435.203973768257
6855,3055.461325043536
58437,1377.2288476614021
24633,2281.222561510803
63956,1615.946588192747
94840,4483.076078096388
68195,1016.7245040607413
88792,2161.1803603314856
79850,1538.709645649048
11621,1731.6742215462782
98075,3989.0576048412768
41482,678.5966251832565
25395,1620.9782882608938
37848,16842.774328532312
23885,2628.655923510333
44983,1709.3425789801313
88010,1771.4893032680745
81065,4183.762018745782
97048,2348.1681342752026
88087,3498.1950319106118
56059,2145.9351098356738
64225,11108.020627749975
27492,1174.79362517547
61500,568.0506194655518
96248,3018.649924240299
83654,1378.9870852687923
83115,3256.070066296123
31097,5046.091956846508
75016,1478.1646786643541
11039,4913.99897552909
65114,5322.562695203614
73324,2144.026805637385
31271,208.92438784593196
99837,768.9437094492723
68137,882.4431039171577
48203,-33.34103308414251
38368,1490.768587033568
35270,2446.7724267602866
31367,4174.000524293336
58082,490.434036126936
75968,1369.53658398562
28077,2498.0830459302706
73990,4329.4483680338935
62963,5812.1241279854885
97447,4958.849764044078
85202,2053.582712583534
70717,2356.4169620475336
58395,5358.071065940308
86324,1374.2394192756783
93411,1680.9637466255347
86825,7916.842500265374
63664,4648.111376959271
35553,2742.3056898827845
28708,918.1033256413448
13211,4630.795190394322
4201,6522.845256728202
72346,1245.5336661798256
16293,2802.1597994941776
62026,892.387249266943
65374,2340.6692349275227
87969,1141.016778313277
59483,1446.0596539227063
99933,984.2177150794869
4678,2228.4725618816146
81221,1081.929783336197
1708,7297.366325434476
1344,1217.6035876023534
70095,1167.9932565323552
98562,4635.7052081258225
30468,6752.364482789744
12650,12061.264414362246
53044,646.1091234573114
14107,2137.947914489092
12868,2185.9839375919682
46722,-138.42414990686575
59031,1130.9956145523875
22563,2457.554143582466
27820,1414.5722925381788
69660,14672.559148912847
4423,2095.3015996690674
60068,1282.31739131954
28556,803.8639903891681
10576,2205.704658606887
28705,1350.5072123269774
54997,3000.5993204600964
64725,5024.422430802786
51296,2527.2396928389107
46653,1804.5830527571868
74350,2661.342462786538
17713,1369.149445412504
54482,265.3173904996497
55872,1253.8907564260821
91152,2274.4206347906843
92204,1443.0629183105757
2833,6815.496562779663
80475,1004.2126807534378
26466,3452.0910463620125
7401,1530.4526092482988
3690,6164.00531366774
54582,1976.4938651327316
69864,138.685973142482
15061,9926.640444894627
46157,2565.1482221226424
92920,1303.7624803918884
18355,1784.1883942981083
20707,1226.79104292158
8628,-73.74648539247119
60683,3736.5239868643407
59943,5023.670054363656
67626,3793.680893281777
94420,5832.476473107594
425,3524.6517875401332
69044,2528.752857286047
38254,1597.4460399239078
52125,2875.9067373666057
92492,808.865622597325
63380,82.61004884958538
64635,2422.788223808432
26569,7860.754137036401
86871,293.2519836455117
74867,3668.5308593866002
92829,1029.3877963254981
98717,1175.204063093955
8503,4145.387977499048
47306,2629.760133007849
955,1275.2581665504067
92971,9815.44453851742
11028,1821.9318696475884
30512,3906.3962186395597
66801,1240.271357614241
62516,2367.1033539298805
5647,3759.439590303004
17910,1281.6199389583871
38905,768.2750816897269
27332,757.2341165714329
91307,2927.4458421863483
85741,1746.5499143248005
20479,754.4073093658671
56626,2049.737957162594
38265,3679.3239294805576
43829,3301.211532824807
36058,6713.1710651156845
87909,2434.456579456014
42299,1158.2877938655165
29949,690.0947942437233
76783,1366.3783788169612
51124,355.33253867863914
64857,1316.93819500059
75037,1398.4414954416497
38111,6285.367343482694
96553,1408.514824027152
15540,3421.6789710246703
75573,1549.8934788768488
42917,3138.7601042746846
74767,1961.7577659973479
29571,14767.528139272456
16053,912.92546144589
81148,1010.0082885888019
84467,1221.8352184662494
71361,1757.889968230099
84683,2884.1301639938965
87832,873.5354844411681
1202,9506.423246781791
2051,6298.685899438171
18106,779.4032932834843
81884,1935.0543191041859
99127,2705.0365536055015
95620,3475.5549207135587
28850,805.0181528482071
31731,912.9992316571434
54159,3192.3125886367957
99804,2626.0876296836677
30570,4773.371031639105
68092,942.0606021243843
34355,3239.5466023669605
73267,797.689578420905
54052,3557.6280460994603
53598,2323.1836371314166
85663,3437.9084923189093
66452,1223.2982023516902
12439,920.2054097055261
88696,3162.2739062891874
54711,3831.82525669147
9742,4274.230518895108
78929,1388.6570413612571
43122,2292.9954276214057
35191,5202.68713765083
67576,1624.050671321114
36564,3126.3339225343843
75778,1888.12516685696
30784,3787.1560030548867
23006,3481.2658883161052
64166,-706.0156902333711
15616,1606.0598301150471
69920,2114.5453926982264
4766,1837.815396871095
46754,1530.8853732789316
4355,902.0372753182614
5242,4078.418699065642
65048,1862.3451310830033
31138,2106.645617904326
45389,2355.2163923928847
88095,1625.1686659803377
95028,2394.57411800754
77414,1513.9603429287613
77644,399.50740732461963
40009,1733.8378240721527
35348,-551.9222946139707
19661,1937.3931192501298
76403,1008.2823722679504
3786,2530.4075379481983
3561,2065.077440895619
85661,565.9817382646984
8927,1981.2451211269458
531,2650.3629559824008
19390,4237.8203899845175
72193,8341.574005948407
17303,979.8658881460528
53305,3541.092270975293
89443,1882.5858482576714
98070,708.9419947057731
73863,1486.0567641176463
18675,939.0316445592912
27547,5683.230472174675
54271,1956.3634443851292
78134,11192.283182118364
71215,2512.294196459753
19783,3933.5688388866724
1638,2021.8251328303475
28926,1474.8250958320068
49968,2310.4318664315715
64903,1325.9797984407746
75190,5230.803415859793
16157,6348.170712697146
41107,3044.3794944429983
54177,2969.5259477575287
16385,9414.34979356884
87613,1392.3262566821932
49578,1866.6410696408425
88735,13869.726805131222
75472,3975.9566714572884
29044,1376.8217452514018
76205,7750.131121513296
91726,3853.2879749118665
48929,2949.058257355548
98175,1475.4253167029128
69813,3130.8223619926466
79279,2400.580010886627
50607,4035.079413032835
29794,910.328409522041
91064,976.2962445756862
92874,1371.8695704448096
53815,1551.4226413827728
62955,1360.209192486558
23604,4332.201985910582
94866,7481.262042814765
83465,2106.3853529365624
7428,546.8687675458359
24476,1790.4841944236962
99165,1962.3339532739858
74441,240.30110451243036
60259,3791.166618577306
64421,1000.7624615276827
47048,1934.7729772178204
63103,6406.699055379543
81947,2251.0377257985065
45371,732.8437428135308
99469,2244.209183404111
3644,3106.7342995066665
63804,1473.6402287353085
32536,1006.8207507306424
93027,3558.862017210503
10939,3499.884271936478
95067,1440.84404897054
41423,2049.15233549625
50517,2152.645610182648
69208,9033.254862449892
32147,2025.084983980704
33764,12891.92578495709
54561,1788.0559554172146
72132,1826.0451875667368
26175,6995.865496923701
67354,5712.815349260254
62442,2122.3775624526197
40083,983.2722178904978
63695,8573.935031705501
74318,1601.5405454465358
99669,5317.482038583894
86853,3308.602191823131
12872,18.59902444427553
93318,1474.0819674706654
3043,4764.383874421462
50418,897.655652111488
77758,2241.6679354138173
37390,597.808223621666
79522,4296.830450474193
16621,4549.250015995613
99366,1180.6473582678877
98285,1649.6949803775874
91607,1376.2764457928174
17962,1814.18894976088
11716,3525.792271671643
41576,3698.2677308693906
6765,1018.6871687126395
59722,5259.314044014642
48414,1491.8553270038979
42109,2842.2582739902628
48667,1183.8687927450237
15209,3467.9838174102165
34107,1458.1213607867812
75673,3757.1983969791922
81127,3756.8268604692917
87147,2637.8607879983197
41624,1923.8471851518016
76290,2822.712389580911
50466,1969.2504139194418
59967,3271.042846459409
85487,2287.14219899913
21177,4108.947175575422
11711,1974.5530989270922
99532,735.6207020883089
16254,1906.4531140380195
65092,468.7508342636638
98863,1896.6047141399454
48931,3428.777006553948
14536,3267.042859326833
32174,1534.1598205941054
16043,880.46001097096
91635,3542.982287686446
86055,4353.798646049635
43332,3169.761665846152
13220,1110.4790383979953
10491,5259.167467774057
9644,3175.603296315899
23875,630.4893686327073
36872,1515.9758686257965
56120,3084.397734600464
12235,564.6097493506418
49813,17486.32059158291
39882,1677.1801627287452
94395,8401.30430972689
24489,630.4833410955125
58623,561.241517057164
8673,3804.5617122077706
86148,1299.9898576187788
59893,1131.1742065665558
28368,2150.883940215068
41930,1762.1116309066233
94263,1914.8050006832084
65223,1553.149179104661
44888,2704.1294729932524
60737,1680.3587268592973
75800,11047.762080289624
16589,7086.69934301773
58952,2344.3017208515575
93464,1176.0208398324849
4903,970.693688690485
23880,308.8370630675604
95315,3477.4380455300657
78834,5201.718558747624
34097,1437.6934501476599
78907,4519.461090751037
93262,6307.7259221999375
79072,5391.239319980235
44377,2951.693994272138
58922,2074.1099882291787
91769,1958.7012845623126
46581,1676.2807012557537
88135,2763.9221577992475
53197,935.4909304280941
18259,6801.152074501866
41325,3627.835229944765
62235,1529.8536558107685
56517,677.8678420060542
52769,3101.123564967604
83457,3175.02043067682
37836,2719.6146559531285
97866,1551.7107857294336
58354,1832.5935372364725
60153,4855.2961781211625
11945,2500.2470029068245
99965,3797.390662971937
19173,3097.7920320702424
29750,2111.4074209573937
24454,2139.686255056488
78638,1866.1843532252499
92454,6768.850890499871
77476,326.33516509193805
13303,-97.06316935126415
33450,1332.969997850987
51156,505.0362383087786
57395,6452.892903429084
29576,4935.16523670023
1592,1441.5877981473764
34854,2840.943436839276
31728,2864.3548142203804
6768,4502.210918889292
92114,1754.6252701806466
40221,1021.1949088912879
86797,2734.6929727536904
61656,1356.368784879784
1576,5957.2539293225
60830,1216.4007103387194
98194,4871.229054410851
93313,752.4436675174256
41700,2354.927586169845
48885,1087.813667267565
18718,1531.165615898185
96388,2536.895174773881
79354,2553.482180328143
3769,1246.6430359862834
38650,1362.0066594687369
16875,920.408748289382
90130,717.7321907963801
58222,690.4685970165388
73932,993.610423988398
51119,2305.276664867355
38632,710.1428498280529
94888,1015.0489496802556
27771,4705.84861740083
97589,1553.1915616552742
18641,2340.6591886047936
56778,2980.099679578714
70396,2095.903050030924
37542,1072.4362866939364
8081,4506.496250853589
61455,11573.377874517919
95019,-722.596328615924
18233,1336.7785937787976
99987,1924.3307524935556
52057,3975.0214596106416
29555,1852.8396962355102
83596,1749.978931049049
13234,901.4379336266775
89161,1596.6067074147222
67396,2245.515079092068
77680,1806.8184183987535
48176,1605.4060238555649
81060,12310.740631988243
27265,2484.6561590514884
20139,1371.5623683936574
81119,2039.9244215312592
13096,496.5750416001738
53801,1909.7376254177693
61696,1126.2748307968373
21841,807.6888332394556
60763,1553.1186376133546
74339,3234.411404207267
94511,3008.6298503861067
12206,2374.283491883762
7474,2548.3821414851773
61077,6959.911896567573
80445,1193.563298304522
48085,389.4027075893273
66236,5459.093541279928
30155,1579.774265055235
77865,2922.7840632956477
48116,3288.128942434587
6091,3994.777172256531
44278,1863.68047981825
3182,7003.756098458253
42513,1095.0856317167336
88740,4064.8156753614594
94217,1232.8903299390245
18451,4309.636583300907
12168,2812.7700543024353
78280,1658.803308622189
29620,947.7789996623624
71813,5664.688736284929
66896,9704.940356316232
84054,867.1398790941166
19893,1498.957375321963
57301,732.4922365183397
48256,15047.488267579236
41261,6489.5587227260985
83540,2585.77069654147
31144,2214.785133817789
68652,6173.3995886954035
40613,3763.254005493036
5342,3151.080903588552
47611,2388.9782874166767
23835,1619.4935641192442
64630,240.67977519444594
60245,7577.375559332098
90517,22.52935088833965
9223,859.3534033144051
92601,1369.3418698865516
50448,1955.2086037104982
18879,3247.5676808131975
33154,1046.0165840185473
83580,3052.9619013776605
84277,1986.0015730592581
5764,151.32777287784802
5040,2794.875249472887
58272,2480.8586178460673
4965,700.8426196016708
73630,3417.5835189932304
9515,968.6263065084186
10643,1182.2091737173632
14710,4503.4076299541675
69578,2167.4102106936316
95789,879.0756665024114
24695,521.7264883179923
57348,1052.3751383315994
54161,1712.5389101177532
43684,3646.184300521277
25459,2410.537473098676
30585,2102.689310304234
35625,1639.1334083870638
14874,2105.906956706879
3138,1522.546992546716
52802,1435.5099360186214
31704,5452.194046520232
87513,1356.1075429472776
38136,1568.337238451727
24966,1290.9283096892732
45997,1195.376775737198
67223,1060.2081799499028
54818,1870.0720580514371
29119,1858.241820504851
85126,2375.3689497686837
13212,1491.0324013255645
79345,6925.785310445699
35461,6745.431543292446
37016,1310.5438519266354
37083,2922.265339133874
71003,3755.8558075623587
50541,917.1577374220769
65601,3254.303434143414
92115,1827.9828607551653
89262,2172.4005235822233
41031,1306.0583498536116
15946,1143.4992787723163
85781,1256.5811534196318
54017,1645.9241154722406
37849,1454.4812722891165
17800,1246.2349273937625
20925,2312.4141993964113
98656,2858.6147632715497
11418,1816.9733333474144
25331,949.3719768188075
86156,6200.290635861587
74307,10236.54010186837
20555,2573.5487748088613
35394,834.507733603984
54166,1221.4905619254132
19257,2290.507915927234
94643,19194.74042101993
61610,3241.302887856367
92100,1515.378998884015
10657,1760.6183425602037
64102,-46.78644687025826
89953,473.2346764769777
18825,1210.1520988871703
45229,6090.332765363607
24160,4134.97580561657
11510,2806.00998506182
92239,6510.657190321674
78855,-123.25914651853509
63636,2302.100392993185
27273,-115.84280422135907
19250,3373.135967656677
8188,12320.811063767027
14296,893.4374794169016
36827,2639.641554989566
50987,2900.6324748955312
3455,865.4621696590375
95225,3070.0004661975913
5804,1129.9706391824834
77619,1057.8721872362185
63043,5256.864277966851
49275,1682.870827966605
44546,2514.8535060512495
33754,1848.1801278020243
80473,1130.7052012396884
99472,1495.2711215341014
99911,4435.623187897345
41490,2415.836970899932
46688,1105.3145636539284
36417,1474.6976354290687
2577,3585.980654535253
99446,12869.916169735267
54944,1147.4246059742786
2928,11803.83346022803
67671,7720.725962613643
84379,4532.769654518575
26527,2731.5353268832177
68297,724.3200661310566
45326,1051.898130998983
71307,1754.125947542857
52141,2297.3968927045116
63463,83.82556075389493
89721,3046.915179762891
74387,4096.516947566856
89080,-294.7580633962998
6277,940.2870079092054
78965,2819.3633236339965
20343,1156.4964102779459
72107,2423.6051236072426
61287,5120.875967886158
22320,1530.5182193130036
40024,2865.097307581775
50575,5945.187485562398
50029,8687.334023324285
9781,437.51400274673324
37457,2386.515560863757
54736,2028.2312248246403
71642,457.65440488664535
38891,4569.452780246264
3224,2799.9567768497745
31307,1486.267844567748
36858,1149.7305965910832
62116,1341.9496504053386
67170,1900.6088048762374
26663,4512.773397795843
74448,6298.837588277341
3199,688.2078991861417
89969,4632.697321728886
41662,2882.229888351125
61512,2842.0082468117607
53900,2352.13594895805
51299,968.6932470350876
30284,1342.9134542032184
8020,2409.4299731748656
69831,392.7009185913448
88071,1558.4622980230179
65274,3399.7215144824754
46954,3772.042937582888
3975,1788.9622170912285
26424,478.0095423444118
40517,530.1929506960532
75736,4208.028653353073
96306,438.9919439709561
79019,5335.0005309966145
76596,294.0063434779022
61811,1870.5214393689428
42026,2209.5365966523095
31961,924.5391654812111
36477,2124.9957452813323
67331,12759.22288644121
61227,1904.1666555983243
85161,29135.322883027155
69772,2158.523955691931
31952,7091.536778995153
23702,-29.965201535504093
23951,702.3522760962314
25844,5692.309655091543
16179,1447.4592674771775
56218,2186.1186635236627
69677,629.3268559175431
51541,3623.698905071735
62411,4664.150957877552
65676,3072.796319871281
90523,261.53434077441625
64947,4132.035340452444
99353,457.2124008764513
8148,6705.007765460198
28882,13786.485963008252
10636,3109.6272274341345
14818,3734.2933714733495
81004,2496.214778308728
19808,580.0902438012963
13036,1772.283977646536
53497,7551.380152315191
53027,1062.784145340147
47518,3289.643183626652
92907,1842.137539185766
39894,2976.461639918026
52088,3397.3049064795455
19031,875.1269000512771
58143,3603.891227763809
59790,2350.810740844223
32151,12021.644396853426
5169,4048.209225510171
55008,1954.9927984707638
45700,2519.442800720104
46810,2413.570451678005
25796,9257.053530797843
90957,1635.5749190202341
17353,1600.7430482248187
37630,1287.64673177227
18655,3204.1777277383007
98632,890.4469753424219
45370,3840.2826209616014
53255,2557.0958754071094
63673,1276.9764987184735
39304,1494.031015082473
93136,2297.468229078453
15292,8364.812075636126
76259,8927.13267370591
32811,8051.724208989977
41000,217.7658212052388
9725,2464.139042658757
96351,5074.491390260898
29632,852.403057247895
40372,548.0127636382213
8987,1902.124562474567
24097,2033.6408934054523
80999,2775.165559821537
24451,3470.7721041128516
80724,1618.327616528192
75812,3103.079763396513
5857,788.290404816456
98548,1031.2900006473383
76519,1976.776972947512
64053,1118.0608262099845
16920,1672.1717941161917
73467,1048.1881422491533
17925,1177.4008791401052
41066,2681.244154127023
28004,2084.265797338478
62962,426.1555586575141
43516,3198.8698326568706
98458,1352.530833494006
54857,7987.858291929408
80079,2015.381054124068
57137,3581.3151955946814
59462,4371.900492695566
34886,2346.6511186680746
42238,1588.2243587944117
37239,8504.172088075136
93030,-147.3303113589809
38036,1342.1297326869908
47613,874.3216647441191
96232,7199.963045441955
15709,1498.511829048824
71159,7479.697633524414
77323,2051.612586867579
53083,922.7905911591092
14187,3980.864932234209
51221,1529.485816087787
65893,1514.7011922674355
88003,1030.6619096807271
79300,1307.0577008188288
24497,7143.0009839139075
97848,1972.053907108335
80355,1936.1647895931135
64333,1117.5673277085443
81923,2652.5019808888746
80657,3218.38295907528
31080,533.0622509534342
81522,2368.2715463961777
51105,1425.2305389833268
55028,1226.239055725217
4791,1914.3487962042595
51923,947.4798209854202
83538,1033.8799383404366
17967,2292.250039423537
19303,3074.7562976713907
9344,3908.8433214804254
2500,2341.3131973816357
89636,2187.6808456126364
32004,3214.986541059925
19436,542.8051056485292
43531,2955.923858595038
65876,3283.623495873846
38489,1296.9763925952134
18040,512.3660436029045
49766,2551.675967680542
32960,2346.3420075753065
37294,2603.929075808052
81141,3508.5659542845765
58211,1298.8056532492665
34061,853.274831427485
32015,1101.628118635535
88287,19444.328219677598
34435,1159.25820755508
47126,2421.4413464846443
77174,1637.9970042195612
61435,3397.5044102036504
41948,2670.182917706456
47334,3447.5867417799227
42300,1111.045501389191
12119,599.5535486818849
64743,296.4021807172535
65966,3563.4619448737976
26505,4856.332412130154
34610,1290.4522225589262
97493,370.26243108839344
83970,3505.070447331655
36621,3825.544617723704
77213,3683.8245943686275
22803,2964.495271129763
58467,7965.991135445393
83552,2707.5809408600917
29804,2073.3586793572795
41599,5114.013978319164
38939,8184.314619796999
40288,1719.971341800354
92486,1863.487224624144
792,1027.4521467573586
96497,1277.102109747807
15469,3919.9212730761233
77219,2076.8756434640723
3576,2482.2097915734817
96401,1949.084983022437
45392,2202.725417363038
42626,3376.0968316583007
37792,1744.2960602114686
55396,1941.9398003978654
30000,3981.904415832525
17017,3762.8700856284704
7636,5671.4842722451385
7267,1203.3250629571203
28730,16427.499530273068
42017,2400.282067228018
15913,6072.530856973492
7513,1035.5706211243755
45233,5838.829278913055
28486,1879.2632567875985
52207,5450.006521729867
67977,1948.0661481679317
75055,1406.0420172876993
62309,1061.5573643988587
15985,1083.9425948210383
56981,940.3267846385579
40931,4242.017508810082
62870,421.83258263721336
76749,4227.729706661685
18754,2126.199887831581
95460,4006.1974924834562
53319,2368.675940907855
29360,2991.697601515591
89160,1806.8570517006797
16457,7470.166545656836
55803,3826.09139632071
9003,985.0136299444821
9032,7169.793799059378
98637,2784.3538536592464
96787,2364.6353835828704
8426,1298.1558316053383
61625,6409.736903276526
12069,6753.794394987143
7965,1757.7047677415433
81170,2128.6311841557927
36035,1961.3427492958344
92955,1159.848885256828
29386,5062.879120051019
10145,3822.9979538088924
99636,9326.324680356065
27412,6694.189658988468
21104,1981.0875564765922
36250,-741.2068170694511
34993,2219.6720773528345
93646,4448.428646227143
50588,5888.670387408489
41250,312.92361975028507
26513,3434.991748109902
46326,2746.6866736105253
71890,4324.878146626298
64687,7367.051323087717
56481,1489.8703944715448
12215,1849.4395451461728
81593,4071.493606243006
80878,2156.4468477036307
20685,841.9078590802424
35219,5336.458059289182
45264,1968.975027414214
35486,1993.2719040023487
15079,1208.5883888299277
20819,1999.160381763242
21282,995.8715690424633
88098,2154.0691045077483
60121,1846.056191600616
78251,1435.8941622183356
86099,2488.9208998936597
79089,1253.255723951895
774,3114.154222018114
37533,1711.1324254487224
13304,3391.414149742236
64422,362.8408810087394
51567,4124.715961457988
12452,3437.19588681288
61819,3713.9366581638483
28476,5275.353441603427
46703,2100.3370333449075
60788,2158.6025037266754
8803,4400.161852840262
57369,2004.3716589049513
37785,8369.846294649471
46402,947.396838854349
69319,1557.0432973606667
38233,7263.540908144954
56123,9100.201821211704
14502,1273.2145394996887
97114,1867.8431100161588
27710,3717.9618614054925
59441,5222.529957879498
11817,2794.3603044943097
9836,881.9808808896096
15673,2034.991325942823
87350,1444.4074848206583
42383,6212.5948510757335
22593,363.62446738713015
10575,1659.3102531441875
18892,7764.501622725029
79601,4065.5140563480277
59763,3445.029933875741
30548,2281.8004730726593
93183,3042.9779270585664
18402,2774.3650855288574
17772,21086.34528433255
39263,5224.558424288538
21459,932.9293340828626
7027,1949.825723795553
73273,254.75094962110506
21242,555.4238987597328
20698,1325.2939717117547
63073,3102.756998542163
2796,2592.0612172675155
75182,1692.1989746537422
23237,914.0944450475081
57609,2431.709802017491
88346,1326.195517506033
27179,-183.03786007703366
27398,3932.02925209214
77736,636.3692806072759
55564,2627.0189470254377
13583,1582.5170342000147
29777,567.3308072517907
23353,1365.743129428763
98275,1262.868644999729
39340,4161.813690269499
74282,2669.928447432638
58119,1695.252046340845
18320,1409.300144801553
30901,5643.721857753047
27360,1316.0066811373745
28119,2332.0604456261526
64804,1539.933927925711
23477,2021.070332365217
88470,721.1699445520826
65931,1772.4161074341353
85248,5089.42832542197
4152,2033.2527607771733
62526,2938.7486415509784
49887,2503.4571061122533
79748,1827.280984174032
89772,1292.0564482086406
89778,2875.674024992774
17898,2110.2766615506393
60280,4303.797841962669
66666,3417.677435367287
62991,5936.898554498287
89358,6543.006176819928
95296,1053.7301375674483
33678,2224.1352447489076
4854,2903.819660904055
72148,1381.5734227508037
60730,680.169511106973
18992,10415.974165875836
70409,1199.048850160184
15020,3501.0652391933704
39715,7407.4931220125
27431,2756.046093152896
5599,1644.4764824682304
64728,4002.1150077758757
75608,1885.0602686928437
77167,1729.7040697296914
91841,1498.1607539391125
44596,1264.8478086913487
35439,852.5533035803601
73619,4150.153258613986
74746,702.0049986185359
79953,1469.5845947325097
76765,1991.764334853362
35398,6515.971729170818
47582,3944.37585021056
4218,1935.3108146119873
54703,4789.537724746935
22294,4064.260987072888
37377,1467.076667665755
51060,3913.389904479032
88520,2274.435848493435
17562,12228.83054318383
26786,1618.810138075965
38682,2130.9846055969483
77786,1.4029153280448554
48846,1076.7012860357868
71344,2884.229590374288
77611,3998.6722379143853
79556,1251.7227226369678
56542,1988.943923360156
20900,826.888320797385
16831,866.2548772678588
29641,1036.7960332934954
35182,2218.6352618068668
26064,3438.0892843763977
45451,3111.8414613388913
61702,1296.2531118340557
12448,1935.1437225561563
61372,1552.4049284235539
17945,8447.95319023551
63159,1216.3705738910267
1484,2198.3173204074265
93969,3743.5181984022283
99417,1692.5345360338185
87073,2741.7335435342434
20865,1506.2847211079256
69954,2326.2034624181156
77816,971.1072806634702
75807,4926.997492686395
94603,17386.18155640208
75464,1780.919843440552
89070,743.4655369813281
34714,3295.805967256254
54327,4878.31513742967
7983,4201.137366041721
11729,5689.160178095617
28402,1161.644815914738
9038,2575.126658912228
74489,1425.5434175445062
87065,637.7226585554258
50254,1362.863409412374
29359,2746.762231788066
67677,5839.596220482979
58038,1115.2521982341104
72430,2190.4474205919087
32722,1704.6566924406272
28934,1169.298763407322
35959,4697.316487708249
12942,4529.5033176929055
33790,2944.1714087410714
94716,1122.9306578884966
71237,2129.2523237066434
17228,2341.6188747442666
48079,2308.5701170408965
82286,1282.7228212811383
60719,1532.1744176020443
46951,3678.7215149888166
181,2716.3776640583988
12308,4599.132748760625
78547,1034.257451539671
28338,3119.7009075993515
67241,1125.3079888545217
13697,1506.8616740792058
9253,2739.1662273599304
15718,660.3575912747879
57172,648.4283125731345
28827,2375.1696886822906
36460,791.065435333353
30482,2058.5705868056457
70970,4559.763006764145
29517,1286.3804508853655
12533,742.8154367454717
60301,1447.1471037638848
94602,3063.9658999865355
94286,3999.4081377313555
96725,2483.8177531408433
72072,7772.861411287041
27041,5591.06266669765
21535,4976.027438446315
50952,3832.7028699118773
96574,4074.883802568434
22310,7446.267523234629
91337,1157.6906924359223
53363,25349.735873375263
15318,4784.583372725568
23701,5617.162552295163
38272,1179.9964247169019
55907,2646.953720655182
18527,684.1061712445835
39301,1742.8706129311433
57802,1645.6274859862312
32437,2801.2167711067973
8799,2065.2265540629096
12806,1252.3113548323872
7735,801.3685489424315
81309,2198.959046961547
63458,9655.38147699173
1363,-501.29880219961706
24283,795.2938487056413
5935,1762.5099752524022
45150,1957.3786930195392
37670,3165.079665492499
57112,3305.3826368544023
21017,740.9583603664228
51056,2133.9358570294416
42093,2117.2611534610496
79872,1549.0585287864728
91921,644.0138581115825
82391,1249.7515162054624
5222,4536.917465983286
13297,2083.3238266400404
78351,2339.565072415815
86237,1957.2458388199043
87572,2607.477543668151
65097,2648.9459689251835
23856,10664.495722922602
75493,2715.1528481978044
86281,2227.601283745268
84765,5767.8307919036715
94027,4411.7345092267
16161,5852.9082630599
93889,5958.325035958093
51197,1673.046918587504
73592,1504.5126349430288
30911,827.975487257966
68227,1260.8034219714114
12552,1021.5994930550778
42888,-249.85959561933987
96704,-436.312813144521
18492,539.3512677452154
13122,1081.0624707529578
69421,16142.26336872124
64237,2723.5444026513587
51439,8848.911549283675
91852,5077.191868445155
48024,423.6613048659151
58965,2106.519758585299
68030,5898.356647220249
12288,7895.591018963643
63317,2413.9839291799417
14954,250.55028591986138
48551,1294.8395696947482
44187,5438.613524039321
93226,730.3062308443004
10362,1888.838555357449
90157,695.1482168245197
54283,1879.3374056027674
18203,2761.751027319748
63250,926.3420602878996
96851,4689.428729713224
6320,381.41796234583217
7617,2621.456890004636
63039,8024.1569795829355
64173,271.29479545903723
83378,3842.655493239879
39510,3859.4515039625553
84365,3862.2951242210133
80437,1936.5489755158997
9023,415.85561335547345
39827,2253.2499691233506
7365,4127.149020261935
28400,1038.8059725402672
51362,3451.82758863584
79286,1887.5132062414548
23060,2084.4763985615955
85282,440.43639021288936
64023,569.0034412833043
53584,5649.900833651009
39848,4657.784886699035
68925,3981.5983612499854
13656,2194.6013322439358
19849,1182.1214671670332
27871,3506.830689087484
78093,743.0102934881984
55080,9581.325881346034
40486,23703.674527357172
28457,9637.101471879188
4853,1756.3791394926366
42123,7132.009585190867
64405,7234.391858963121
3318,6857.665055361337
47543,2253.5164802576155
70286,5897.191288071008
41919,867.51927437837
40775,2621.0101393648065
72580,3168.8211391539962
53779,4985.197217832041
91478,257.4340396426396
24406,1303.9022576681355
50737,720.034434169484
253,3089.467426154909
53847,9695.91184255663
9091,1355.4858178131612
92585,2228.1349825903353
82219,2356.670638764063
52407,156.76298797986692
81990,564.244116141158
66288,20098.50448267306
68247,1994.1061236334172
68614,829.2003924768469
95668,884.9610967346139
84030,1885.9031259562576
63556,1876.0491281095028
70625,2395.888736549236
26041,1019.6115077149693
642,2861.438708430932
90777,3176.8885553286955
54178,3372.610353461287
23605,2043.7441862748349
83772,1818.2492895749874
62753,682.8823158577807
29513,2264.614519604572
40467,2640.339211459915
6426,4419.383905352698
96045,6753.872673325319
19825,1451.119804956541
49186,1003.0979802142738
56529,4932.434503061145
97139,2269.983468618142
24973,1033.322824214882
28014,1114.5198626180918
3440,1182.6821717665944
26971,865.8441807854465
17687,1014.7214270064278
49543,3246.737687478725
83892,9680.729376257881
21873,4591.060562207139
27072,1969.8825341210759
23442,1503.4593365341639
60403,4132.388922121868
2322,1950.3953122995028
2221,3895.9794700287066
8180,2264.256106515215
26028,2440.742001556293
3139,5226.960603769905
7576,1974.2125716189594
52924,5963.08053052578
33009,5566.114747492498
85262,1372.9838536550046
55804,2448.3702157550897
67163,9659.819974574155
78220,1691.0460061855495
47146,3366.383035506718
61271,1527.0531055699676
46823,1483.9841909533925
73507,3955.0375269030174
77800,1490.8219638997307
79207,3140.3383709385116
37828,2786.6534684979742
9501,2581.984672672572
71276,4569.406889030259
5633,2585.6139974650005
90507,1346.0116385286096
16306,3159.5088446867667
15626,1622.3058982244713
30682,974.7960578950365
63798,3460.1186875944995
13165,7878.118414498244
30591,1246.345131560562
47547,2465.5236075895223
21226,4687.40765201267
58638,239.3376662593755
40641,1760.3015628903738
99434,2662.894604905981
6756,1438.6170432747294
89735,2451.4223989869447
30618,8138.1538433303795
84704,2227.295933457769
96662,650.2079293973984
18758,1489.9635064989875
22939,2508.208052936181
75670,4049.450190361988
36878,1382.8122274542793
30509,6307.43402789476
2263,1274.8871409767517
62758,170.82773565149364
63563,957.9132749836181
82169,2617.750429528388
73096,786.7200979661889
86979,3998.286064087188
75631,1717.3471763642895
26105,1434.8833817697168
11756,2257.6098034188562
86846,5098.073108402914
47645,1097.4822737611998
12530,4598.913120287834
27196,1288.190763665119
50413,5130.910894876533
58013,2147.945403239242
89400,8943.414933400854
9889,1957.0930976648526
52619,3916.903020460772
63045,3316.457842908152
63818,4473.168220004834
41558,1609.2983217652536
21310,402.9151618290289
78058,1855.8307767847596
52746,10958.69509363933
89591,2562.2653586165525
29475,1414.318767859707
42174,5784.309660749439
13376,2408.8357094362727
51425,1708.4215185118012
72994,4382.97915052719
84361,1087.092974957734
61131,2956.2789631646137
69818,6350.260000916805
79860,1233.0920255106212
34841,1902.7949753277749
59600,1793.2856756043932
44792,707.6349809741014
73599,1790.32288039677
12785,3686.5695097222538
84582,3771.403573164032
45104,2632.6425850045744
57988,825.9266007253564
77719,1549.6534502783666
48734,3024.955759021247
51063,1712.807888150841
11750,2149.785860606409
41455,217.96435944614313
48647,3619.111459041004
25094,5777.343131655551
56070,5888.008785007891
19566,1498.8595720386902
32235,1853.9802706994603
54185,6543.79558712587
27124,2080.1127678627226
750,8458.385280194572
86101,1760.3239803973215
78373,157.68776596583393
57223,2635.0349645938854
2844,4657.453463720898
67627,929.2229571017565
43316,10798.323657424611
6840,3013.6899357452176
42291,2050.642074374037
28976,2235.334201247214
96022,2142.8404410325634
76368,2623.256293646079
27252,4961.1880819469625
89335,1702.9631747843616
30560,2728.957849684401
52404,2778.952671030289
16076,4362.136864915838
16191,3149.554830783576
28857,1857.4093468116341
49966,5295.996411203395
46631,9528.304688378277
30241,2270.4039622283026
16431,1243.3202447297654
68078,1449.543928101029
54012,1127.0650619959079
54526,306.04927888745624
40592,1695.9966049911504
61407,277.2116620923366
7530,1745.142623490554
81287,1482.544307221895
89959,1304.5262987043916
1121,-663.3736150131626
74886,3523.8637620191253
22846,13534.368791211611
96014,1550.3100540111068
44968,7429.414941888665
85479,2732.371259616639
99723,2406.806222171771
60030,5223.861912897778
8578,955.7397013918267
71597,1129.0493214176777
91430,2726.893270082108
9141,278.39019465321235
66282,1155.183527895687
15062,1431.76310666786
29831,1559.3888813791386
71155,2334.8504816339428
3625,2155.294563383711
45184,1542.9213724585484
37045,1716.067476896703
15867,1463.8361412840995
47494,996.2760461504208
71013,1360.4639670610236
42326,3288.454839743333
96897,2875.8761846918796
3060,3555.1653981528075
79026,7165.903584051703
62783,956.2521180022454
21234,1617.6636868410685
67813,2243.7852467875036
11829,2438.255088202149
6887,416.2467184904385
45879,1392.7219643278277
82013,3893.742269168348
53965,1247.3913450085638
85807,1732.273902048547
50500,1223.5204988154328
246,199.9334589111836
39012,3254.5212757297286
73535,2401.4347050443675
55711,3818.4844482299336
72424,6768.091547616825
51597,1654.9214461511497
20885,1779.3025306559125
20059,1907.4090243688047
66957,2615.455694041846
55380,1942.4483066152047
8931,1891.1667754991379
13555,2143.9732968867293
17712,9603.16436827845
9618,3970.7266756346407
96470,1731.1365122467491
51073,1892.8839792927133
98111,1398.966235741249
41528,2247.5819767398943
1756,15552.456511307533
93970,1874.4452015196325
33479,2441.015902405539
76378,1024.4493594632831
33151,1349.5381802546226
82773,4913.630818065195
15080,83.97678160985743
13042,2483.0864082699354
70571,191.4726690903408
27939,5091.228086278704
83366,5644.819674207889
40309,2188.7359664177447
11479,1279.6825738080383
20077,4711.363481203282
38293,2530.68606472747
93494,781.5985706327751
50297,1012.6274869775875
79432,8068.215576682052
96576,7147.704389044589
75082,682.5532140681885
84497,1550.1982712809286
19886,1086.627461359968
56710,2669.690157000152
19631,2959.084256858278
52494,1329.7336470698042
14530,1355.9254646931472
83532,3686.323630579134
56586,5147.3320628707315
81735,6524.822995660754
26725,4886.638052601273
26612,1429.092261839598
90654,781.5901790129005
69111,6290.834791339641
64766,3540.8889710658073
18574,4907.853035904838
65762,3665.035418101144
73041,2091.967127576002
34025,2769.7051935934696
3721,1819.283693132595
32527,2222.4681481456
91416,1129.164450980772
69787,1766.4900826017429
8029,2100.859819195533
20071,2640.868064834393
53529,3332.6688641438423
39107,3182.628984212456
63482,1833.1577945255592
35964,7152.016580067085
8702,3615.4641004327527
1449,707.0975923803553
91219,12872.707634599783
12127,1565.3713497860927
55254,1785.0670169762325
49454,5442.823337739221
46363,1619.2660127160884
18005,147.80254362542746
11008,5381.936890582272
29974,4688.597891742578
52808,5144.524962096528
27653,2068.74621902749
72409,2341.5075248105513
14167,5448.874396202523
3780,2957.5177554846214
10292,1586.5475911450258
72378,6113.483348965431
32541,1459.0328725045542
76648,1603.1091909747029
36068,2083.677721104698
47256,1609.713927501301
61345,4718.385883739372
37676,624.9193644065144
96995,-111.90548628148736
53169,837.0752269889563
89194,3581.817270972825
14545,4827.9161691538275
92513,904.4883324771172
81185,2238.693116483126
92572,4336.485254086541
60835,2851.7092782441546
72546,5550.377569100379
50239,1981.4263348789993
33565,1264.437442431236
14429,2068.3880806403504
60289,1100.756202761771
24674,825.9536291232666
43103,2500.597379281924
51175,1293.7581515902002
50594,2465.434120054546
8923,2300.2808633104964
12188,-518.1840056884075
69731,3640.8645424847773
93593,3773.5698314137026
77832,592.2869239727961
40587,4953.836692962015
85325,1862.4197261856896
87105,555.8434832033367
23917,1414.765368034456
3844,3579.981869110633
91017,2730.367755077862
21957,3207.075766955704
8572,1805.7107223741855
74527,12941.485200283047
36384,5269.902857088967
79450,807.1857306149213
21218,1456.4186840786256
77376,2497.891510191286
83765,1468.4881295111004
94070,4031.926742498532
63668,2167.8786599532255
57439,1367.548448420816
79986,14299.961882034773
39696,2744.7374754280236
10387,196.9416695542136
99801,4972.003848724118
82750,1292.6764350931426
22853,1324.7843046892026
36805,1360.739015393634
51082,5305.673426302084
50733,7217.4350692431135
15521,1082.0474090580124
49998,2754.7300331395245
43985,1157.15932330053
48324,19027.95095536556
81106,5639.628566188271
23962,4098.153351481969
25523,1769.6103994949215
91791,1555.2165386241281
25061,2922.4430503957524
47055,4039.659120937115
24411,6639.59902242574
19742,2846.938366497931
24215,1992.0689816144718
36789,6059.360651329398
27148,3098.6840194297147
82801,3838.5225754334397
13959,9800.538901811235
51590,3018.1319929930423
351,3117.1785523053823
45487,3044.2569319834897
56397,2339.327090176266
20028,2304.3625962557044
57098,2860.360141396829
66706,2703.0358444810854
23669,3602.007412053182
97835,2222.8765030186114
41202,2237.863709222336
36347,1772.0498201888952
16636,4063.1418976230734
22621,4097.742341009493
30166,2263.7352612222485
95107,862.4350329845788
3185,-53.31441050452304
95428,1371.563635773608
49893,2575.9971880263147
45238,3865.65529599975
24022,8876.97097284704
73300,4336.67063673685
15395,3209.074018173662
35128,1159.9132197769686
25164,2228.534253042716
96807,5237.71381131085
88560,1718.8183187858858
40718,2509.2704077092912
92024,1340.5944211804026
13836,3521.596618105655
3606,943.6466816245397
95204,8317.655568428796
74170,2188.86971181067
74556,1706.2139836570768
53061,1109.5084895255823
85795,3335.4017582670117
20556,752.7964591841737
5898,1761.489023450221
55429,2573.7674400704896
99578,2962.918785883714
97235,3051.511000340568
35456,6758.418217849042
67111,2106.9765516546177
89588,4012.388223297324
33357,6414.9219476296785
97539,1717.9310507660216
45668,3026.2089689705563
42319,3194.3936184134454
2780,6930.4543475918235
65680,1913.496208659355
80523,9180.00492443327
23564,1521.2897620502222
77990,1948.6994539895275
26811,3056.6193332525268
34466,4086.8576753932425
37114,4193.0648620809525
95856,2992.20173679602
89088,3801.234786302762
20109,4709.328053825816
91474,12299.80185267224
74398,7436.322998486228
69343,7005.6868579018
43318,3936.26033291773
2342,4829.133190540993
44637,976.78904616821
93921,2047.6162021397056
50769,8098.676789212765
66304,3107.2144918363283
77394,708.8374739582705
78893,709.1922255343134
83529,3927.8700158740444
21020,2117.6149163254377
78031,6624.741478171994
66733,162.67177304803772
80025,1415.860270934093
77512,324.79211988726547
18515,2736.5727076999615
75811,5256.328120065568
56026,1440.9405334519433
56128,456.89566874663797
18981,2163.1715766566012
23725,859.7626992012488
98877,1208.8634780587768
74966,926.1500299479058
71157,668.0338839119295
18468,3727.380983303356
5159,223.44314520503758
45198,11554.595727694377
46484,2119.7596289947414
20874,2175.758553504569
65239,1646.6556508484493
27834,1722.5661326365096
22578,2931.7065041210744
74851,3123.074067796734
11970,1584.979764157587
26736,7981.163259337046
35817,1548.100735317339
78621,1772.6545154090709
37591,1340.9815937904123
70486,944.9197802576459
94084,3810.5329151086517
20686,1757.8633557410312
73616,2356.869736829106
11946,708.8564904665154
12260,5065.483510457984
36084,1604.8600769418767
22602,1802.0664068869178
29679,3287.208569834497
41041,2190.3526629351954
7902,612.2091040900341
97944,539.141917995626
39502,568.631004482414
47261,4873.878042201912
58269,1866.3059807997756
15748,2829.3888545151135
54320,3343.401335938509
64950,2141.245336233229
20017,2825.8580864992955
9162,1753.1392339327324
51624,3824.359641481041
75120,5173.616726886897
77037,5730.9645197411255
68941,1332.9370290944566
7598,2201.77308523676
28886,1297.5451587575099
30834,4471.139142765767
73772,980.413902820666
64990,7649.564106718144
41037,3342.9425399645347
52951,2626.162221010028
71392,3140.0684121127333
6710,1252.9664645971611
99624,1805.5586274226139
1980,1549.059922180354
11724,2229.773359523832
74078,2200.654323911475
85929,3151.8397575026884
46698,832.5297160912928
9188,2180.284730128328
24952,1013.4772179041711
64367,1012.4340724726635
16470,2563.873819519005
81213,4111.209478237758
10577,10745.716596366969
80085,1620.480773204711
89171,316.10028616950467
96943,1941.4893848138502
80891,2198.224812800305
18198,2446.5363236187773
97615,1306.2649743343868
23419,4853.19795230535
4830,2686.099485591537
8289,3032.7830817610447
14017,74.18396310707794
85836,468.93559120695727
34504,1432.950632897479
57431,1316.7850601338318
90651,4034.971855480683
15898,1275.442351832818
74642,9145.938883653414
44322,8878.089212474919
97977,1275.5652988918378
28539,310.5469120922003
51746,1472.2715745249948
77566,960.7537415732454
27361,1948.23004782356
79257,-116.50802376042202
57783,459.9304605181678
22681,300.4554360848215
50318,1865.3182304541417
3958,4199.756040542999
3717,3954.424240061116
58298,4410.895168562406
4501,913.786108774405
14864,1017.3833621443068
48993,1977.0575601294695
44122,19589.99680692939
37123,4019.0620366725416
28753,1439.5311445272719
26900,1081.1622838873964
20868,2588.3938521211717
18816,1866.8962179874213
15280,4731.654661788921
83305,5154.102022477671
49999,1956.1950715629414
57761,1020.0846234530827
26176,1360.5228824739074
22880,38.295172684316185
20594,3971.4197245735286
20526,1285.808258474839
5630,1092.2494414218932
70384,2246.6160866276005
93548,1092.4957447835836
21252,3557.330218362172
1350,3622.474204032254
27063,2677.2820694654783
65955,2350.476318417441
62467,2235.3862053138364
96471,777.5041991291619
64925,1906.3551017362677
96134,1225.6892570491154
75439,2258.076765679989
39932,2901.216323467911
86462,904.7660973442635
53198,1085.1032760479793
92168,-324.26028333071827
2793,2564.6157554430083
86012,1463.9319807608922
95768,4342.266535201573
21681,1325.7700634753046
62602,5931.154399261439
25668,1816.4789520585443
98428,1114.5993198450324
10521,3616.2410711668017
2072,1519.0575999308544
40452,11540.352048579185
36946,1092.3208590561599
40187,2745.458768126521
15433,631.9232164348227
27907,1660.376699898281
73845,1250.6129659174712
97920,518.8521711207627
21441,1486.24179690333
78434,-941.0677002354669
17661,7911.253127024296
30255,2964.3843550018128
25365,2655.2841279264226
63986,2878.720922649165
25435,1226.5142782066946
58837,915.8418146888889
53772,3322.70736731994
87519,3407.0844197504725
40272,1427.6442859328654
59313,-878.7343747672403
14729,4593.078061536742
36371,6538.957446806327
70437,3119.2399882262202
62114,1461.9432884183675
33142,1524.5570988876407
65625,1554.2641700934037
9048,1955.7251687503745
43405,1590.3949374389722
52771,3620.4127111271146
5575,706.9910386283364
11448,5113.01022472248
43877,1778.3612334629704
52975,514.904657142788
57997,2281.5094482023796
17777,6492.038529649559
62092,1298.989123001391
2151,2094.828130077315
41639,3627.9705647686806
21376,8914.157897528563
45806,7319.868981705846
256,8573.78820497586
9013,2651.897603289225
92928,12644.570152852692
5091,2997.6856899658615
10963,1387.0704975629
80980,1006.1962555765622
83559,2276.3646669386967
68376,307.79905641600453
26707,10524.81793283455
28211,4490.50580146217
96174,6507.353772342572
42722,3520.0140321417616
32836,1301.843429646498
84399,13394.76030338346
98713,16279.973085738182
62805,1244.6096470599223
54407,3957.3404086608607
75662,2133.2818269106065
47226,731.5588919151091
95786,1235.9780917519338
99123,1718.6568453836128
58214,3053.266183029355
36170,1198.9734195945211
69439,5749.619927566125
1482,3119.236225380187
2762,929.9001487051642
34069,1272.040221451089
64846,491.5090343893444
97116,3771.9749337634707
13417,1863.667888398299
93745,1508.6781884328052
33418,1348.7339714902464
28970,1651.2168025425258
28048,3427.802380894342
85880,4979.033958629499
45126,6736.22045305795
25056,3016.114029056449
54519,1503.6440088825511
74372,2785.813533500824
77368,1047.7734195728162
28735,1675.5894276394588
91118,782.6060835472676
96467,1909.7672302233045
41925,9579.104557516119
37854,889.7777433815054
68756,1652.3303400632185
12842,774.4776448088996
59403,3553.299162231847
62835,1685.2050246319002
59678,3571.5191989753894
7137,3080.487057746803
77215,6823.452803393637
84046,1330.3900443326133
55320,668.566169599143
91821,1771.5965971326682
53976,1163.7452370871106
21758,2633.816131356167
14650,6233.805646489811
54648,4892.980891210008
39634,7914.727381127466
92480,728.8264531519994
48106,649.2762599570879
27865,2908.2270227558506
80362,4647.720837484995
75095,3684.061885777709
68849,4618.946462732078
36682,7214.13416307486
48327,1031.2312691003353
42368,930.2480167879476
93763,2890.102370134442
72578,614.2242667054934
23773,4140.902263091744
13647,2783.953646657382
25946,1153.6852093251046
36142,2539.5786001776905
41872,2190.764971050594
2963,4074.334114834968
99711,1693.4010804067907
24573,3406.773561288446
42532,1217.7499661550219
33103,2272.7048610297834
85871,6850.584937049094
95546,6538.284458889475
67741,9328.753448806208
13825,1364.2556357309277
79518,3792.2400820430735
49948,1345.3504702199589
25896,13301.395818532565
47151,3057.5114472288205
74002,1227.5436209614081
71336,2880.550639506397
24197,1724.4566461378136
57753,-32.218357785244734
25311,1505.2107627972914
24665,1896.8022795108031
7169,4229.903514177229
94126,1288.7131350726177
72343,18856.90390441819
45719,4192.686649750893
47136,5528.327874653551
74408,230.46306042085052
2875,3553.425822762151
34716,2205.2556919625604
34618,1013.600947754861
80287,5413.1452049279
11646,-329.2550742714252
11849,774.0294117419598
53676,4475.590441630424
12134,-41.399318259740085
95060,1416.2843848019907
92283,2985.8300786464683
44133,3024.0726708113957
43070,1503.594009477817
59032,2082.4349217395975
7677,1630.0500862457166
6872,3989.557352475571
46200,1158.6903623534463
95320,1248.8641967244548
74873,2780.2856137466283
55140,2412.6499991067417
59968,2405.334532775531
20127,5739.12011328343
1460,2006.31024850896
8016,2541.8796099632327
22937,2129.748718666466
61737,4888.833239189565
64690,5658.512534767408
41959,1960.5719420824564
13209,1548.0011074965441
97229,1030.2559047167738
29187,983.0831209288531
65894,683.046372736515
60921,1833.3416679184259
31246,1953.1691091615533
37832,9007.77671848553
5884,1978.0318599978118
2214,7865.201975556396
37211,3933.3752128797328
25386,1557.2198838029913
12451,5606.198737358745
49518,2983.677199313034
43651,1123.5518623460193
45655,1994.22140616133
56046,3310.9611048905717
15696,5104.251579959926
56293,5973.465968489314
32210,2121.2392428260982
28980,3738.999548699816
31056,2459.0010074452566
76393,5491.856872915232
70813,1763.9662063172539
52618,1551.796211647404
80132,736.2094543379553
55097,2159.6313043992427
88899,651.2839430086124
59625,4334.227767148874
81274,560.647051355133
34417,2633.04041991515
50799,4833.219476389575
8860,729.4935571536435
49652,994.989183422439
70109,7956.437435172655
23251,4325.756640106799
68580,3958.193352569509
23786,8053.742976478303
29438,1772.9185454326703
16477,1532.2983915185964
85239,308.3856698586128
23492,3992.7437392830716
93249,5760.673692787473
28621,896.5802104637869
67012,4153.87120136355
95135,4519.449253452772
56905,2083.325190959561
61601,5644.637045400228
27973,1562.4647229977309
25849,5698.555135575629
12419,4382.009186108413
98069,1592.7836251130284
49909,1255.0774186104204
69032,562.0103809068869
62880,3537.599286960555
88815,985.2642831736471
44543,2248.2751816963473
40690,1481.2046681253742
40465,3851.3152435161487
86936,806.9667706862961
26993,8729.15787120664
90202,3694.0312947359325
50348,5642.959131750761
3135,1497.362898217366
46855,1594.7128449425472
54537,10306.816228535052
56308,1260.6025832309442
95939,1195.229583058865
89805,2301.0243718647744
47970,1847.4229528979454
93947,2373.3181800989964
19110,1748.2651103344751
17619,2056.488027514036
13131,5850.927947741578
47208,2883.489349004055
32060,1414.6486550823315
79410,2244.594405986655
66244,2244.2565807827054
66691,1524.070246896972
57983,2991.142923444253
69554,7672.583553094017
28914,899.1916634271338
97608,4057.924672915309
63838,1549.3647946222936
74223,4799.883508561068
94404,4198.677685965959
20058,2424.4558125890003
45116,594.0660650239693
67030,1431.1532549446483
42529,4822.461783900904
97309,1583.6263107437235
90094,2675.951727353402
45511,3688.4278332528165
77311,2715.582111230255
63897,10139.994339916277
51165,2105.3035645710934
30681,339.22196561222427
54137,-209.39871653421324
25404,1099.0755199897808
21260,3484.205435893766
22744,5179.056899634043
73011,2783.5656497513655
78527,3951.291564375834
78759,5534.785981874091
2932,3432.753093143501
45698,210.8323537715096
75109,2686.889918221889
92340,3068.3925015584678
1852,5635.0039437646965
88057,1233.952524938688
27469,4623.220126524856
70329,1411.0732202525996
86230,3128.637566499965
74792,1231.1373280566663
83333,2929.76822803236
7658,4197.839962030879
20681,1994.8648913069637
56944,2115.9280761717264
53452,2135.5734014817376
57150,1544.288619159171
88387,1377.680804825895
60945,1752.1420577714878
638,1391.172099985879
54251,1604.8850663798926
20455,228.52750595649923
54294,2502.290752538425
36268,955.6360606640305
44711,8398.81065769836
98986,4899.716324846259
2897,1110.9401153471317
74904,146.68522822057048
74932,4227.656063220156
67901,4113.4588773346595
77143,3779.221111363765
71955,4298.986136299882
25105,1351.7072996128463
53472,3231.7296939844805
25586,2266.488304101799
60979,425.4971494010879
5452,1803.739443953214
19147,7201.076637521906
66858,1439.1003425184817
39663,926.6943203716487
6134,5496.895661052387
9170,3931.5458502555657
38435,1317.973558109461
30914,3492.7465746834528
22549,1516.5207293520002
92617,2646.364552723592
855,1740.8185006512524
76410,767.2906867766087
17524,1656.5203008148355
4278,9972.31051519869
76474,860.328916716931
18505,1703.8316931139161
65370,2025.580064653774
74095,4062.414078493351
4916,3198.3431311909267
74629,2387.881460804232
60630,4774.932700918498
90677,2255.1530520569117
17660,1908.2140081630018
48586,4371.916960113569
48366,109.85358483300979
20969,4320.475918379859
72284,3317.9628247572873
27954,1099.4561625834294
40957,1623.9901658978827
36958,805.563330462679
34923,1134.9968797698903
52590,2056.833503260964
20070,2353.914052844076
59333,1499.4643562083693
21738,942.0936234841315
30996,5612.369970946314
99430,6561.408918572544
51483,3132.277558452153
78528,6708.075136866172
22787,4537.916672792496
48130,6194.7539105372725
47537,4883.506216803802
25480,4239.228823104553
71841,380.32947489420167
54236,1359.1124436679665
84789,1409.8772370143893
2038,1210.4990043975654
79820,1319.1597680052519
8904,1257.0757467472458
40105,7311.268643966096
39691,1469.760261808599
52183,740.2047516264411
98445,2814.5051134065084
62200,991.5351350234432
85404,5849.858881153454
41969,2532.6300807180405
58967,4107.136388068466
16979,2969.5637078776017
80213,9159.203519034763
19925,2070.5633334389154
33379,2519.216877517369
83597,2282.5851196720787
50385,2486.3157211623957
99085,3476.9029909726655
54113,1178.3571661768
45385,5624.754552068656
43653,2180.5921511303586
13370,3452.2604514177724
89620,4487.57825756291
30851,1498.9526363153918
11935,1022.9224419045181
39183,1614.3043360846136
21808,3808.9095965755046
55051,943.2616378608777
41819,2352.7741452023133
70858,28098.141055657055
4221,2026.525888796151
82544,3241.9375613830875
5823,1767.1131516978335
81160,2417.7192180205207
29269,1702.9466566381852
54211,917.1962166290841
12532,2579.745143793419
48738,2072.883407504432
86789,3381.9013498484983
42208,1582.4186111090862
27785,1204.5592000940837
90771,992.1713772563571
71463,1616.4675341424938
91355,5105.939903075734
25288,2600.7418544576813
97289,1472.5254138997561
78037,12108.19335134206
26223,1204.3033914761118
68903,3624.520283059114
29013,3320.9203464580887
62054,1645.6370790002795
4475,626.5129271296182
54878,5403.193456262801
68382,5520.781465643375
78820,4149.606395896874
15170,2824.090417925362
23294,4685.24192068796
24158,1900.9999967640433
21380,3079.758942951496
41204,1030.3482420984728
86555,914.0450519175283
39651,2286.014967456696
27801,2958.5787528497867
68263,851.8751194133852
40375,4264.9181654079175
29135,2065.4062604907713
28040,496.63068164143806
81729,4319.644460169207
72050,9065.349513250105
10076,4170.441111361416
95185,1319.8353907703909
56609,3550.438635471488
59081,8009.165325491783
89170,5092.925056785354
11524,6043.986385949433
97686,958.8297507294869
51576,11040.390028987144
48069,547.6651735781434
24169,69.89074629469178
83135,1745.3144445124162
19051,9646.48268939073
17170,486.6622177191057
65153,571.0966840215187
12998,1280.709432126694
85492,4933.876428166932
38188,6744.563727731802
15769,1442.646144365881
16443,1253.4910400652607
94999,2023.2299307391743
48482,653.0139100056181
48370,4229.373037901511
95325,-512.3936855336497
72372,11968.559827194971
23756,1829.5943279549695
54811,11131.749541137666
6615,5349.286034653007
55659,1128.2770965760456
19344,8226.000549432025
26717,2425.183759320156
73242,-139.25762236589708
9979,2389.1060972357127
57479,2764.4875789844964
93523,341.2330733605031
55532,7524.330245614206
79684,-319.11145830474015
81448,2276.970573385667
71757,338.75543888570473
49210,3798.6248313874244
82568,4407.08858891757
87209,2871.4035098719733
73215,898.9366580645665
7686,3001.487997560985
79400,3601.6890365146824
75335,608.3265932131617
37233,2869.2618351535343
83634,3008.361838378093
52253,2218.1325578531296
4957,2133.6023037453506
20235,3373.281252131562
84483,2189.261649360943
83736,6838.573718476635
48156,1954.9025301463944
2040,10086.188779468852
42413,1482.0726353318923
84230,1111.2873945149654
77685,1936.3285820217393
35102,2183.4610557355695
84745,11456.756380327339
2747,1318.1415674599652
42616,4242.17637421976
27467,7631.814092835804
7893,2344.342991106775
8956,2606.5642954119385
39727,1675.5895662208943
61466,4708.803341479591
97354,946.4276462054204
44193,2383.98624518867
54804,2584.9276292591885
55740,7098.067768257505
58005,1546.4710905457841
26271,6841.145654794446
66852,2652.368540981118
40927,1595.5565438431527
5521,2149.715805933852
20066,2275.7589098809894
30730,1381.3056836469104
49249,3022.6625479660356
80858,2510.69257776826
97372,1389.7612558590445
13757,1466.131939608853
64515,6817.505863328504
26588,1187.909440611022
88571,2063.3128662605636
1609,2602.549881679365
10999,2237.956660081733
74962,1145.744699713263
70098,5660.776839814458
28573,7607.918573268346
8855,902.4180247794848
36192,1515.579606735938
30708,1813.8200334429894
9790,7905.296170348278
8267,2429.8408143273073
39282,4392.715606855384
67629,2755.924500441144
67409,758.6870490207198
41371,1667.207516502248
99056,2183.1531537985447
42142,2328.1592091006405
73913,1640.9870373366302
74762,644.9987333185618
14113,3637.847180515789
89301,1188.797236413955
44917,3528.114130818443
40018,2344.7530884346215
69425,8973.030281703108
27051,1825.7075084962164
71666,2235.94591542095
71506,1143.0863971226458
83797,7683.116986625266
18813,5776.637093754376
2483,2746.237902832222
31475,4441.859869797782
474,2415.6694444131813
80920,2854.4191827760365
96043,4595.368335179782
54785,573.293636687466
93300,1480.3550944041463
82193,1093.473322735509
96112,1908.6115483935707
88747,818.6787461271606
66554,3483.089940829047
45980,2679.97827234922
94573,103.22286378232502
46423,1652.5051820546164
5874,2138.6350645362827
88937,1716.7607494205206
94876,1268.853346938905
95689,6151.278089475191
63122,2093.0490293968587
18605,1072.5263188661975
90557,1965.618365362997
61354,1300.4214514932232
9121,453.08297095139915
21405,954.4864735068259
61490,1335.4690192712105
49497,3024.5285839095327
82732,1318.486016972769
29161,1557.410531244861
23497,2163.3215090243107
80815,848.6117820854997
79879,1206.09425763923
77040,1663.4767177019282
91985,969.5616973183169
94014,1518.6225268312878
13258,1132.1649953764477
43207,4200.9553185835075
25069,3403.1147593767387
93603,2714.382530526965
24823,3558.3676159756005
5584,4950.151061891099
6334,742.4451012590607
19516,1153.7627541967586
21031,1242.7547820658733
19823,1563.9408037399935
41710,9943.207452951858
20867,399.37564339094524
89212,1929.1178716935653
82396,2139.316739800268
64338,2441.149322612918
31544,965.7467403276778
55503,2485.846985445589
64884,2007.6290081414732
44186,2231.745357259754
38112,1259.0253429052445
58321,1418.3926935441814
10666,5069.754092277898
12758,3047.3126062263077
90205,2772.120577283667
74574,1321.8389502788987
79867,2975.3376291491218
9358,1352.778751474562
45988,808.3096859217903
88818,1780.7021208247525
51347,3387.5631961690506
67255,7117.729510002371
56350,1597.0178377022148
2175,2329.523854369775
20781,5916.712528098351
19733,982.4680497885988
64799,734.111114479474
78628,1431.9142402368084
25225,1655.2131289055355
47962,2039.3860615522908
71223,6824.891741746911
62791,1229.362708154148
75283,3338.6429114338825
3288,5919.915723304334
92182,2089.685117822366
315,2835.764812555014
52102,1716.0009804205858
33369,5536.115981469891
84860,2288.988749342838
33560,370.51986419236664
27227,4896.986165663408
47690,6286.173480636335
42062,5120.156235272945
74115,1483.16283596219
92249,7965.239271576207
8766,3120.3952997471
99168,2262.6256388159127
49285,3337.4020315681114
98847,1773.1412334789297
73316,2461.047002457907
63595,3018.3129378098183
150,2264.038486313535
65816,761.4818684100528
94885,1484.3418355729773
65295,1109.1352808607367
4378,5232.623656203539
14040,2198.2841004124793
83735,1945.4591739583805
32339,2092.659579308365
19578,657.4086439847038
95719,2442.525453610968
24762,3327.076913312634
44784,2873.2521226720387
56545,765.8473084349516
67957,1933.50419538378
14386,1058.141039184396
15652,4176.041152232956
89631,4724.374558165071
10324,3204.5444488697904
41499,204.0167375472106
4680,2706.7369972218585
30866,1967.0103831033587
8492,730.7414122399787
54257,6293.310955032984
7145,4044.000126974467
57446,1359.0215522902845
93271,3843.164473433033
49144,3404.2590567398556
36669,1181.8088723615374
42477,1429.398006706488
62262,2818.0540582392123
68575,1327.338465275559
97862,1833.5457172333597
18811,1265.2860278943526
96256,4287.183796405775
21131,659.510886731453
79131,3386.6990815080826
23074,6862.499233493747
83124,1646.3065655361174
97532,-537.6198833087465
51825,752.4007366778046
10000,8101.308099027093
52237,2931.145570411831
59546,3874.0507242621766
10444,6649.380881564084
98475,8178.905011358097
71000,8070.827484493797
59247,1648.7591682244406
87003,-82.22766161580057
34350,396.66953562425533
19255,2994.544187206343
56827,2323.7407784261904
98560,475.41864181562596
17383,754.8324265194569
89702,1009.4547813367144
94890,1207.3481586999792
9357,6866.0813153585
15026,1886.968103592224
85206,2104.58596044769
27896,1412.983441527368
69650,3039.4907475632795
90338,1012.9479376572008
19773,1692.8772825223418
87778,1310.4661112607491
13407,1098.6707383826265
4603,1029.4623599415495
20879,1375.0877348353706
56934,3460.862808037465
69243,1295.404332510313
66001,1236.621183272111
51230,1957.066628540832
53621,1826.2233978917104
31739,510.5276192809906
35354,11697.655654040635
3837,2008.871542587441
1933,2618.0478473524363
57909,6505.613081499546
87623,11573.563421761131
48987,615.6907782881422
49507,1335.6959796549072
3841,1729.8052517830092
10823,1089.5688115657767
14436,3299.307702120209
48674,2639.728634252738
22564,909.4879482320111
44844,361.34096992553305
58870,208.1946881199092
27555,5467.737458962489
25609,994.0595550750486
48067,3932.5987412668637
18240,781.5239282382531
83547,570.714217558635
8464,1694.53233205765
63729,8568.217333642464
50703,2314.0944785456772
92328,3557.960219265075
60985,1482.3677597690394
90003,3502.981493945101
17949,2879.0170671447468
55954,1695.3728502279134
62368,5874.048785804946
4664,1387.5578538134514
74124,2887.6083678827454
59388,1371.3389569632309
82522,949.3772746478021
41116,1856.0280063295647
7447,3316.4605608909083
53802,541.7698713896598
84649,1670.9793303229421
24656,1095.9537069995781
94368,1066.3074358753452
78702,4009.250796544924
24582,3270.9943603764773
11312,1568.220952994191
2881,2096.0528245091573
39284,1249.2827874859158
43535,3634.588058316563
49409,2645.4398360170317
67128,924.8742366550409
10345,12963.041315694078
16397,1389.8453414017445
42475,2450.0062701478896
28997,2288.3336530748593
69407,2871.2497754383458
71071,4521.017491324815
66184,4244.631248598342
3226,4805.468074596609
83742,792.8786727596703
82884,1377.717438145245
27551,1290.7389164454585
43504,2140.825866583696
18539,1480.0415247885394
55052,4455.770710737343
92571,3041.9524273773204
87611,1077.2455935273883
11051,675.7696224740939
55877,1109.4161925540598
16246,1957.2302331655217
87226,9507.597580709304
32465,2039.514144355764
89849,3861.4396102131823
93615,4347.975356210015
96870,2812.3655748111405
15534,1912.9501791108917
97483,7134.379875897763
54450,1101.7790466569927
82726,931.1672344337503
98237,2883.7171001733723
97055,1838.4241577729622
20579,2303.4594394307514
329,20765.246007260655
20917,1821.4632707300188
35569,4249.274352902813
145,2628.06342762284
74669,2145.539832523866
6988,8559.656085580344
38050,3310.9424303853975
18114,3212.4358217948634
49112,2744.1670480803223
32218,2867.7955996119513
81005,5303.424558127301
67425,1935.0926050334235
9958,1480.9392546520812
82659,903.5644710592214
23270,-68.65680786539679
70444,3474.5296948500013
55277,143.8171578448828
95989,1328.5804865619657
31381,1293.7880867717672
32897,5908.202564156715
59539,3846.888713515944
69898,2669.8341837176204
86174,4794.489647860804
26421,1271.0886196820934
65244,7111.797403265519
52373,704.513246090497
20568,7092.069543101685
61043,3126.7725188376307
49459,5792.592634173565
99813,2359.2838413676036
23394,2778.464583158261
69576,1571.1998726270876
11264,3406.4118044536767
29811,1095.887743943114
6059,3051.0356366897413
72841,7700.611927226475
46210,208.82225961933636
97817,192.94753993619497
60479,1946.2191987954695
72773,857.2134037264896
7317,7141.750394903966
67586,585.265847623532
21684,1880.8299534804044
61534,5239.475820858417
22398,723.4684565910648
77558,3965.324993042835
18281,1588.9422044907678
77022,932.588177721706
90656,588.2591546052163
91733,12714.374959274306
46864,2242.9167466650224
87149,662.7568479616803
84794,419.76913079645055
60791,3295.7414163042336
7854,2973.0477791396534
74396,1514.1056901326192
75514,947.5300045934141
5643,1154.5575953680009
88806,366.8799922386961
70952,3458.084589666114
68736,2232.6370132694396
35209,1665.9007499759741
36964,1052.03588062277
69075,2215.130238171808
95197,4665.95182873702
31780,1973.6050511817416
95684,1941.8204633598034
7310,1075.3476415855375
81147,694.8473742779452
18139,389.3513651532594
95071,3958.8126780613998
86178,5464.440946314375
31820,8507.412412880447
73631,13596.9823471101
75542,2318.568457341332
48677,1808.676709758543
66315,3156.076590163791
87770,2172.850730017959
88257,2171.961683535943
31131,1398.7277999135267
81140,4664.655874921638
23256,7439.935958081421
73504,2330.266991749234
41213,1358.0943910934393
29317,3032.1688053696043
49360,963.6122495947238
92924,876.7940970887644
99144,245.94679777037072
19514,1368.2448798374762
36391,4072.290789752045
31134,2698.7472215455437
1909,2305.291608113917
54643,2624.6866441141888
27778,2630.554507169888
81592,1261.3084070285104
89687,830.0626771063958
13322,1759.885646049922
94436,9141.241250515235
29815,1918.9490265132
41292,8406.25489644794
7922,400.97867244355166
64920,13098.929952470608
89803,956.17977738955
34667,4533.610884647538
34139,3616.174607223601
27684,1453.245303084209
86683,1094.2171783948388
41253,3862.9395285411556
94689,5837.369793855425
1877,2166.554297475892
61892,1001.1954625581802
77296,3949.070437703704
55322,2049.7018505287433
47705,1541.425616711802
1281,549.0850757677822
61956,1751.0830345451636
85387,1344.9630330908917
58276,3313.1303280876
95405,1894.250074230345
65734,918.0039630972847
78448,8198.680860399714
54176,1744.000165850999
44745,3452.2259448222276
52327,1779.1160139241927
22544,4524.443685413234
17727,1640.1264228695422
52529,5413.6574591060835
30650,770.5649511461888
79494,1629.7488407592232
58591,2724.400078286139
34370,1968.9734725816184
29230,3307.5233820665712
11763,-105.64055164395222
6670,411.28525045994866
84156,1593.9125022515386
17664,711.3285305369363
24860,1756.0827511703098
11174,1089.0358744456253
88065,1251.4170832719146
30281,4678.673624052068
47577,33843.27514551831
23127,1692.4907850639522
61104,3256.484580132566
39299,1751.3845211796104
92127,1938.3252573258976
24765,1090.996597894978
80730,8710.496806000889
81245,1240.9266565364287
6190,8451.360127714559
26482,2090.2572463789934
4436,1961.5273678818214
27118,5013.9987134447465
30868,1136.3465860971019
70019,4867.645398664272
78894,1031.373927751878
59964,9459.327433674389
47444,3694.534527291655
80756,2750.2539394534274
60860,3928.897284388338
10562,11732.002503804051
18022,4406.647370446236
45369,2354.758751854926
90219,557.2820128196531
11166,2209.7826904937806
86187,388.8555230329421
1659,-174.973015362561
2912,4828.112708546068
19163,1544.6517235462193
80930,1263.0187553561977
77086,2598.9310311658483
61709,293.3268101174508
14081,-445.3099519806401
42792,2092.709771507622
76770,4126.568810037009
32930,1858.045633522817
39099,2963.812905029119
61633,1865.95753520945
26636,13352.190867895542
22172,18688.75093075882
81538,497.32813662614035
11108,1215.061982116561
87860,6180.3821800501455
74758,1168.6978030547557
24099,1357.3050010887491
75104,1220.3044242609335
55883,1948.2637891931938
94825,1685.0466103136184
15854,992.5617836151723
53284,8156.775759733423
52054,3176.486304774506
29976,1582.3450391607012
39966,775.7394129351887
37241,4572.172297886575
75277,1860.972480274763
53689,1343.4796525608253
12417,1192.8300998547643
72169,1782.3373488566317
49191,3146.5064596900206
23617,3602.3345589368205
58579,1376.2156386893557
76202,2514.276457156825
91679,2219.2423333656097
12467,1762.2080710535583
75865,3108.235559094722
98016,3816.2129610986353
82228,24230.24990139083
7783,6174.079681480258
81731,3095.4751219575887
96936,3154.2212233289565
70851,3100.330373004058
24003,5838.145914464267
7161,1826.8092372288602
84367,803.4548124038079
21542,3545.992932559025
73322,704.8657740696926
84073,2167.1953204525125
50326,1027.2653814381692
73377,2618.7702031085637
60767,2056.927067999979
3881,9479.891819331711
58656,3798.462456082587
94100,2686.269724879016
14645,3328.8644241058328
47681,2576.0245929249777
18534,960.7400742460281
26603,1204.690962151643
65512,1324.80412812323
74500,2488.1663670637863
43303,2989.617744217625
70138,793.0773101053887
33403,13385.71465179547
76896,4090.2717702737627
5107,854.5211411041178
83525,2462.802561093841
8331,471.86270759850595
9544,3949.0038918690243
4311,1467.699192467865
51745,4930.7002815656415
53837,1411.2526587671618
69252,-268.73320265641405
60620,1895.8092928869212
55234,4117.532830057811
97740,3212.0490746689775
94328,1697.4193721714073
88004,5754.265223444071
58568,29522.14475376033
97049,659.8433014245238
67772,1894.1784605409991
97345,1381.6305648138505
75271,1865.7563224058565
85595,4473.184221307609
64523,9687.943949014953
81236,1216.7305746939855
19416,5052.65700902774
19341,1748.9909531931844
70983,2378.0421045094668
48768,1419.5262199199951
21081,2942.0888121893504
32103,492.4333600446889
27737,2214.739886475443
43770,1203.2751799248572
27238,4800.370937821523
55227,2563.109245559308
1969,2343.1363513559854
72798,1527.6678266754147
79451,1381.4340664014726
3421,2680.936995559146
45965,2025.540800282387
92262,2226.0626090753544
48779,5264.519732034177
14591,-440.0402113917671
15676,2716.4583606450124
66862,1097.465415222077
10365,2626.329237708879
25172,2127.6056670979033
75331,4355.790466216292
54665,11711.273677400106
66746,2751.241225011136
62683,3189.2710395241793
50096,1090.5303562489803
45414,3197.9116344166564
61893,1230.2743139467207
18501,1447.7925980224832
62915,4052.3776888436023
70777,2797.023842959814
44504,2586.889356248418
36584,2589.4026823397644
13393,1150.815022177152
25623,3268.2803246618587
8821,1457.2000660870012
30286,2424.1092127856546
80787,1038.185817517347
12189,-522.7237749412488
55679,2741.623913126994
10849,2108.731331231212
1840,8966.238824693584
1778,1778.7143465283498
21725,2728.6442269246477
78028,2973.8164386772182
58674,1683.0354967594537
60148,1778.3733276307107
8988,1816.2260308647076
67420,2487.8813131966017
11757,2481.5590852757355
22368,1849.3302486782868
54674,1593.2524676778894
76983,1017.1971756956414
59013,1604.520997943393
1978,5954.652786660037
22371,2526.415932076929
71877,-110.99793594715175
21398,2193.757143530739
46948,8169.287442636664
63387,-136.81531279502997
64869,5448.704426365972
1326,976.2466935257012
35096,1864.3828932882482
8375,1185.9969587287314
4271,3065.9474505474427
33654,2883.448085990614
13881,1104.252526121751
3990,919.771922170256
73234,2665.256231422717
23640,2512.358408894195
75085,3364.8105669854754
47064,1929.932373613743
46292,5643.42357784718
78794,1838.3881566245518
41068,1753.6658413389976
15388,931.5127708696232
21424,2630.038679623847
83714,2352.561568544465
8068,515.8752446140943
1514,1388.0718452210585
83089,-327.38939988195443
83593,1357.5136607031654
42688,1360.5163713646116
71317,2439.253219935485
97809,4447.058585283934
86344,2216.2616011818905
92268,1330.4022863215032
53528,2374.6810842403233
63164,2957.4960825541993
72434,3361.943484238874
35443,12989.27699681434
13727,3608.6993384207226
69304,4617.483528624712
2157,2278.93561740122
74572,1992.4075789695357
63896,3502.5275138415795
41861,2158.3252039703943
25214,5016.767467560514
91930,1621.6488714211248
35945,7471.3999096926
3591,1607.3636128670546
8484,2074.553718019002
90893,3501.697468232187
16752,1071.9196596474803
47280,2465.02822271666
23574,1337.6257928955774
53932,2941.591661461697
79073,1701.8382409654691
26031,1337.1915434993625
36828,378.0346702305451
6382,7408.971025857682
73602,1944.3701474508384
10093,2004.2713956906332
78427,489.8171333386799
3716,395.0640339773008
89830,181.5584484047431
58540,4936.477891294283
24767,1615.7827721187055
46764,1262.5029707411331
45341,3123.1336984158183
46288,4240.4573681276215
92958,5286.05790420622
73686,1992.2875692819691
93130,3340.2594252515323
28432,812.7647416817476
15657,12787.142072596022
17359,2318.91225306231
95088,1755.3524157237457
7579,1268.6947916373192
97475,251.9018338918122
3755,672.3429145843211
79913,-360.5742043388391
11007,5485.538430799063
84999,3903.006764573894
93532,636.7729107562468
49921,1931.0307318056507
34401,2870.4717042421585
45435,668.668021870722
40702,765.0314852622741
64774,4267.666877273908
31545,3557.774060773002
86818,2581.274507361916
35640,12787.68801876488
66966,-65.83823534115345
77826,6031.764979786674
45869,844.2438842557631
24538,1031.576818212061
35593,2843.19064023624
69603,2918.82559267779
20639,1699.0846787649243
25628,2568.0535544591858
78222,3829.998501568056
76369,2493.201022040729
48001,15045.031908015293
65245,2291.8419151788457
36869,985.9112217319571
37708,1064.0237512936255
76861,1066.0063419395774
72053,5555.452936464639
21152,5150.476695771459
21918,5216.688495616583
30802,2351.280547086965
49992,1602.1808579078338
36007,1346.50291778669
30741,1150.17837304761
88896,1364.8919919157715
75158,2639.46789241118
38730,9194.815909744873
33796,683.2293472321526
35685,225.42550064163242
54618,3481.1154303074245
32050,945.0751479454884
83352,2814.3345762716617
1436,486.91172740088587
43664,1293.0621223385288
83498,3545.35710047354
93669,3488.847749223614
16215,699.4444919623947
44512,2250.070818209825
68633,3749.2521189408008
37887,2807.0081816253232
5657,652.5744306436768
38804,1634.3017579836308
86474,7359.033822702026
75384,8088.390369252977
35778,735.7874973488583
48252,8522.743929711101
54130,2138.5895825681855
9516,1726.974702118816
64126,4968.468803193292
52296,1747.2803230471604
88836,2680.9262964851787
55669,8281.71793990592
10021,1888.8635063979357
86094,2097.0876513724843
37950,189.31081169357867
83360,3343.107868526853
43211,381.0058761399805
88416,8984.70133489204
42314,991.1945170884528
45567,403.77231670471747
38983,2134.6482795983566
40786,4903.994553046151
3379,6256.358190093727
95413,871.7836119871913
7086,3184.4718921437247
37947,4553.506007739413
22182,2883.50131622981
54759,3600.9715317482414
13523,4781.153639989801
49882,1304.4749667868891
71399,3899.776197681457
7782,348.89316336082493
98703,775.0831829965691
3309,12810.189330931715
21206,6219.613342619359
15619,4130.1476569411925
31902,9825.401243254744
94725,2421.217759929487
69049,761.5770973746439
55847,3565.5541116734107
86394,3622.921658621954
80272,9748.032698873438
23100,3600.445747353821
82026,533.6726218061922
19238,1315.4084528024464
29586,3528.1938250778603
72253,1071.0779202559384
14578,3892.4109975850624
99733,1507.8217691883901
50135,2368.54807508493
23362,467.2480211026573
87896,906.7102529533267
65086,2565.360651499821
56530,325.4312326845011
37781,1716.4396908741207
11679,2137.5506681623265
94468,2181.081305202511
47263,2315.20268822445
21191,2260.112298685933
84254,2759.2824928405034
97770,2176.9712528207233
54875,5815.723964498091
42514,3307.6966575697497
37089,4970.40633868394
89984,1614.6994803584594
5171,4683.086516902639
10454,3018.995558261835
49370,821.7595142271575
48027,1199.0097814088826
31804,3322.6144550563718
17897,1701.1924521885444
32188,1421.515393391538
11384,3264.698875138477
70904,5962.969374313361
29618,6644.095167526582
92154,5268.952735483663
26958,1359.5237917897607
91144,13924.297220919803
65095,3404.7276079281114
32812,6707.482565480343
25382,3624.241389009524
54773,-414.85494449540874
8219,3014.958737512785
5372,1361.2116421465994
27429,975.188120222333
65659,4226.346111498413
95297,4000.0074193388314
11120,3598.6497136776316
94809,6087.100988119941
51310,4304.271192492055
36419,4309.754512647131
33880,2550.9852598572015
95820,4378.786015103859
66505,1397.1970243266628
34565,2161.039820765225
62396,16030.475655150105
2678,7987.309778025092
50898,1604.444487366718
63441,186.47453846420012
31623,1897.338982911428
90350,2442.9276816530096
72281,948.1952905326866
76874,446.47656693304043
677,7755.507015518888
45172,2539.3688744770134
26680,2544.5180131385314
47389,3876.6611458405264
77247,959.570190842468
66328,4311.377795109626
34637,2266.4689445249774
36953,3086.6922855676803
73346,962.7849426972875
71060,7897.01999683668
9408,-392.3153877227646
62749,2681.77125224477
92131,4496.110701797573
60589,3847.131815547676
81137,3305.3455812475713
6305,3179.242749737982
98167,3358.9309282241015
69368,2704.0350146423325
52948,3013.6663758141794
26384,1733.944565931768
62813,2364.5034682163114
66518,1448.350813356933
17550,1213.1706697709524
71203,629.0147571811513
59859,3463.298761801457
61657,5642.946714818814
6240,4402.90868769057
58239,4453.447740112209
44498,520.7939746188458
59585,4116.622796437316
50590,5250.964927911855
596,1852.262485927617
17821,915.1136431920158
12837,3003.804197308101
90076,-150.68759081817825
55328,3552.5763079932585
97150,990.0122126326723
54044,1536.8051768409678
60195,1915.0601262478654
43489,6521.831360208583
40808,5347.45937229453
33222,3546.640355062185
19928,1103.0236301327977
9555,1304.6139946472563
40118,5543.48879089155
2265,1359.6657004717517
67338,5465.793881131224
28779,861.6206324939603
14526,787.8641286281436
24683,2357.721272370965
58062,2202.452423991377
81124,1034.629164360183
97211,2722.8968962466834
28561,753.8115833825987
14669,2276.331882461929
44731,3091.851802584203
96207,1559.7042108881724
92503,379.92815312399307
11885,5632.21745944811
90948,2582.421776903955
11812,2281.849946575719
27651,1420.1514680276518
21821,450.1222705476539
79348,1469.777517537792
84602,2074.949621551403
23388,363.8845468463596
79168,1813.2833418135533
52051,2071.2013270392094
32834,3576.9794538208334
81365,3403.4975496892403
78128,8073.699629404389
39623,703.7375795705693
98382,8364.407797719334
1595,7086.2859804414275
44184,1447.2112220930358
67146,4564.774410964743
12385,4158.5584679515605
10655,280.2386434046239
97044,2237.74058648886
2553,3510.809155480472
53458,2097.8971948099284
44105,2737.58175685009
27011,7429.690850014029
23778,5677.109939839724
64791,1463.4046751482501
44598,1844.8463409581682
69541,2118.7011772647347
49564,5963.606738133778
84648,953.5806681204631
32528,3142.3729565642875
57860,4134.311118373604
30493,10012.40407649285
72888,4941.273837413593
84913,1573.224895390449
11283,803.4766419202938
22263,2961.5555623291207
65440,1064.7923716425862
97538,1948.4473884230129
25571,3737.4596229292138
41331,4438.245270681786
70395,6042.423669313053
52485,1962.573883510132
14684,5450.693016068552
49460,1672.1474150514437
15043,5103.33424341738
84849,1674.9887129182252
22428,1023.7751398977243
45675,2346.963927894596
19705,1632.7040813055614
7606,2607.6528331455056
78637,1822.4479743997044
2992,1388.3261739018908
23158,1638.8542273744436
63933,1512.8550398741431
93574,2468.6077789469673
36295,5138.639845479929
73493,965.9630498977153
23272,648.9826315479268
61476,1144.066463993328
473,1116.3615180288016
93675,4487.752309174466
59273,4603.729624445569
57606,2532.4083334102816
69002,4311.252288039757
60583,2242.8051299832305
25205,8790.019628294249
74381,2668.6384183146993
7312,1613.6883056359115
66287,1700.6454949113217
15064,2402.457352952139
71789,1667.8284064182344
77664,2903.6074052680406
95074,-432.4578629471698
39065,2685.5386031498692
50807,35769.3353804921
51213,13291.563910621231
93826,1184.0532746095714
29704,1217.6365335462629
50556,1305.0589978279868
41046,10017.181704348986
51274,16980.668968148842
9971,2335.0015836481507
85298,3426.2226950940494
9972,3145.441243695732
90858,3208.495860256865
70975,2676.5055946637094
40390,1382.9940579299782
43536,951.529570329435
68645,2059.6944423765794
17107,1446.7205550051199
67525,123.37386053655928
12303,2081.9624822497744
23656,2674.8450329975876
62971,643.77301289668
66286,2075.2687273792785
38097,2675.4354120623775
27362,9532.835907129258
68274,3518.217674887342
85753,1293.2182632108525
75036,2105.2931881777417
38269,4681.692681414679
27066,2050.4974841694248
1843,1570.6144954910778
89990,1423.107369019378
23727,40.03136259114308
62133,3638.200279859213
46652,4328.849743010541
58171,3963.747753153145
51755,3059.782292618216
64416,2044.1606239821463
70320,838.2747825411057
99268,1738.3536663504324
92134,1659.5004394997093
34302,1621.6316218526654
65400,3693.592956009272
89503,1608.3231882626246
88459,230.99046985864788
91062,1494.1859445797159
73047,2360.895464526452
14925,1063.3496891153309
32024,4709.226355692828
90966,1609.0326287310895
90232,2260.3654956730243
85010,1847.5067027259936
26807,1550.2945371136707
82521,1555.206532938424
2074,2058.604665760132
59965,688.6329427642231
54239,1958.9752336828196
87641,2076.011272701119
40126,1983.6670420169016
59260,4076.880334247394
12643,805.3717425673922
12029,2294.3326543840312
10728,350.9632436401271
71002,10599.220275185897
70393,6798.155271403436
2162,2319.5224112988917
14471,1993.3533958842788
49083,3700.595049927798
96986,1955.2070119272057
51991,1839.633538676697
7256,13174.495446874203
73858,2459.8882783217
88557,10287.546977488102
97789,1773.2056079249821
71384,4363.6129269617795
64048,7022.0439299303625
59821,3258.587604251307
13524,4148.662858539517
16433,1373.4878699323708
50947,3233.271392578351
48648,2757.133745651937
91765,844.1089082438075
16464,1093.8505595141355
29237,1677.3913270093376
27948,2066.516070875091
46719,1468.5762062193771
88194,2296.4872239787
26985,1612.410643899087
61527,1074.7208374361767
70609,4262.507252516001
76464,785.3368745365965
86308,2087.893851556184
41304,1285.00931435031
46627,5424.3591419520535
45552,2900.535528623028
62592,1587.0583127753735
16406,2797.9911649003843
84889,8085.261188386981
18025,1297.5622404080714
34524,4948.09721118712
73100,1544.3095956849734
86894,842.6934671995023
89453,360.20619676946626
93369,1400.4147315007149
68558,2486.9505959683675
85890,2550.3092796624273
576,434.6335747860585
91423,7716.11800947638
33498,1844.5993016008388
7973,922.9817708893561
83664,1703.2460630404998
61775,4312.352839600214
21388,7698.72478094736
70654,2702.877281737606
24632,2576.1110558180517
38958,7036.621222387361
82962,1723.840777201975
32847,1788.0620348326354
33064,2930.8799450170777
40964,-447.5019627279571
6827,1202.9537724133897
91313,6158.110151626672
11442,846.4507761239006
96051,1732.1437774308388
87202,3022.0824338018338
68210,2002.730847194776
11337,2320.2746835117296
68249,5764.689359588018
89120,1935.7883980552988
90285,1598.470730708766
27556,2390.1773734805965
62479,2583.0434891315454
31613,2560.5483051558463
88170,4456.567201273501
52639,397.9562358937419
79989,2152.292657064691
42800,2689.734207167129
62631,4635.584202925257
89254,4741.926155053694
61887,2817.6766528245403
60307,1680.4587926808442
14869,2607.6577046260236
14230,1095.8492086850774
173,7291.224460128206
84792,2872.51846635227
23991,3757.132934714024
86049,13135.97358346295
66519,1471.495422593032
49639,5117.960954653984
95193,2575.3541014467746
25514,1849.316169988642
75600,2816.1161456180625
23551,2300.5988381522584
1582,4249.247854508351
25403,3406.045174047193
59158,1151.43539825796
35026,1227.3523325849328
67578,1089.3394379784331
88719,2540.615406943796
9948,1435.435163958246
30848,4700.18235651175
60759,5617.694640749794
4508,1782.9921716868794
76758,5789.125079410218
77986,1558.044960118711
26604,1754.0181487817342
64892,1122.4340743390344
82324,1219.3082640775397
36337,-370.4445871761882
12590,5368.937200606382
17308,10476.194450006009
7163,885.8851941715202
9218,2052.8842971657523
56789,3654.649373116016
61765,1171.4768747141816
35432,10918.022104142576
94860,1309.7384373556097
98951,4224.565581407552
47861,1288.2596977299113
27005,6268.607018721489
80587,1225.2857062043604
62121,-10.3590501936078
12756,2472.447375403108
10892,3421.6185675201577
43991,8807.850533782605
51335,647.339147912136
28321,2039.6618928481978
28895,1134.0703926022952
75480,1311.7034407872352
19955,1793.262133343905
460,3912.201017857774
30060,2615.376105721473
86183,2856.3482003674108
47323,2627.856320362638
72469,1269.0605041616082
72447,2875.510083768763
72303,2774.5728884760383
4215,1020.8413278291746
96327,3949.74477462531
59674,1547.5436021948071
62126,3946.159948842948
84747,888.0529223886988
71118,2494.994008435504
87518,2445.05960978844
19019,1768.5482995211328
94764,3664.4924406746673
16798,2811.0341712090567
1768,5938.628319014551
55126,795.0845510803192
36984,6360.290315720329
64144,2360.967580088779
78079,3637.72493630217
67739,1472.9008530093924
38299,2118.9460913779035
10326,850.4613370922561
14457,1867.4620862175627
30913,2264.795834087896
76831,4001.259129237701
33722,4773.36319731196
23260,7491.212081407195
36408,1477.0034358759235
58755,1716.1988375920807
36037,6253.05641469733
46255,7549.254535256901
59284,10417.873599218186
25798,3815.4567214784224
40016,1224.8368016156528
77389,4243.038390496197
8500,2175.4683481076445
78324,2607.73912528592
63870,3932.8036149731943
18108,2477.46589376328
69315,8782.271029841091
72247,5521.0621355283565
88206,1557.8021552005125
95198,1166.2424884220472
34018,1359.7097404036508
84688,785.7523077043593
68921,931.8858642360319
38911,1472.955813361575
87308,1737.2454511102196
25666,4103.988826099284
9220,6651.424776060434
80725,2696.474606990985
1438,2545.666896071936
29838,2218.9953749326287
51338,1914.841586807814
48719,9819.749953975092
3974,1095.9489644297755
8886,1291.5284335513302
96235,6669.525212120711
28855,1212.6056887824175
67204,872.4890104049014
7787,1494.2529570518773
92113,479.420755837883
71472,1775.9321428078117
11832,3526.3614561793543
61855,802.5791524307247
26063,2084.075985578755
29021,4980.9236961247925
7276,9920.117418977428
57453,5241.318939274763
71529,7227.5592591447485
22836,1721.6855352069756
97233,8001.626982002918
74375,2037.7750268004888
63362,809.5413688889853
78308,2325.593384072323
64593,3746.337555104806
87112,5078.894454680212
63745,2177.171763272636
63554,4409.893377284746
70888,1989.0380699387092
40766,1253.3853655264256
62956,1872.3118400807502
81787,901.8008680081284
81070,3618.35943680059
35978,501.1336108031978
40747,1098.4988310608765
60571,4742.134708662833
13558,3481.0904312547495
3529,1032.4442497311538
16386,1371.529510616167
14823,7215.874721649025
14504,2603.8131571532554
8489,982.954877787743
83241,1679.5207609187921
18099,1512.2003481635747
59599,358.78129944371403
4845,950.2717257016329
11162,1040.857128337549
92273,3486.852732665225
26917,3191.596776996482
92068,2329.864803550441
7849,1638.511456249421
86206,4522.743497536089
24591,2345.466078986175
92434,5685.740724845065
60410,4093.1509797521385
40156,685.552800681312
77740,7740.563999601907
78023,4696.979384778762
1149,1166.0220810222936
48047,785.2948328988887
68445,4165.862570158534
26975,2395.9223933375206
33817,1320.3068841408285
24581,3617.848586195819
82242,1611.2197850613138
32061,1105.8852502794211
50361,2158.111403380422
82674,2853.753137768915
6691,1135.9184100902903
34404,1376.6642078050659
81157,2377.1176732233153
38326,3658.525488870152
62737,1314.347845461995
72914,720.8991720768408
83881,3052.2483809937285
41984,2332.4839439797615
42211,1443.9572186964892
1650,3138.0250500375196
51869,1167.8182203822657
15429,4153.352730205172
32814,5232.508231914753
77772,2284.501503290877
37131,5084.816666593356
53289,1970.0651706687079
84809,4207.801792574895
62681,7165.580328402632
54434,1647.1316524229835
13277,1078.184775466726
98601,2467.1197417384747
16280,2237.911045961707
75797,8491.89488031116
57895,5064.477709556384
38473,4965.025153116581
77600,2186.634936247056
53773,1475.804903431011
12365,2303.3822398831107
14927,2764.9139951835023
44060,818.7804138018901
62979,8911.570103458056
89275,1734.8802606041831
61123,731.8908117987412
18357,1705.2914555901227
32840,2170.8130549114676
90430,849.7820031305046
60877,1375.6688394316425
50674,2286.180211040776
60418,1236.788473728282
95540,2306.7127963930716
61192,3003.2066044896856
91302,2329.3482204723027
43487,904.8783169984445
73609,772.6040653331702
22421,1191.5390241143841
14370,1296.9602468882058
10840,3625.6949782003694
30530,1774.3913975914093
48887,1581.6357495733655
11118,2311.8754669371842
17510,828.8735727718758
82194,3065.861730241795
86715,5639.47834275496
48515,3007.0256295968315
23163,4605.953559853931
77316,3638.75001867489
54611,5501.384998471827
47955,4534.759632351297
74723,2722.73619952671
6874,1069.5506720062695
13846,912.2351612112016
91716,1613.9066908563293
19461,972.8161141893861
77182,2340.0690843234497
24796,4898.635937263352
24209,2160.7329152771254
84496,2019.5858568511564
32217,805.0078660301501
62017,1443.5451491111348
21932,3268.9103269968796
25250,7705.802201929061
38398,9626.328588107359
91294,15901.155277764085
62236,7199.947519511441
75003,1953.8699822191297
52466,4245.977625825572
81642,2669.699218042507
27200,2669.369428058916
42106,5460.509768769644
80873,8412.482860497805
33495,3533.1135476852987
75132,3505.1449636084412
5403,3022.919365405305
20271,1040.5060964488075
5240,3689.1536857490273
17709,1550.8990207083216
50349,1607.911260952124
3345,709.6594074096379
94109,998.6218365418208
38747,2430.8056871209137
63901,2728.7967299889606
75922,1176.297079798106
72462,3027.3337912370803
6573,2086.00094587614
79814,1282.6289745312797
7938,1418.3153000389811
43276,1140.6807147462619
91128,1666.0998667956683
55698,4607.508932503345
99716,3833.921839448989
54112,2392.280234249612
10150,2919.859976798479
36712,162.88658631897488
60331,11889.832868677437
10978,1133.0347268869436
42115,5502.32696614063
3866,879.1955516009202
59064,6611.740875846681
15714,1852.857960398664
52364,3834.658368962549
63859,1906.3622004048207
4736,6610.6509888218725
53219,-103.55287067324844
16309,1312.7422552306748
32599,3804.9193804068263
74720,4088.108051086344
75072,2304.263997803716
22893,1148.4723340129485
83109,1629.964186459834
12248,-189.80225946874953
13965,427.9144369385549
51654,2501.5630386011817
71428,1662.1498732559269
98640,2040.1531129538523
86024,495.26125182050055
24800,1731.969748591939
28442,3857.19166936799
49747,4464.05397735925
37610,19104.57596751336
78544,1865.8744974094209
71127,1452.5900320907776
55849,2519.1975291970584
33670,1225.0671212917414
50486,4472.139442506208
79086,5576.256491514872
79564,1676.34048603205
72323,20567.87449457169
6822,1691.2373329599484
88385,868.5356526461333
56268,1216.8217452477334
49279,2182.277649255204
1470,3034.119082920603
78857,2297.732365474114
73331,2503.050700274509
93210,1479.3222594817603
93918,8524.890327786215
15539,2065.0612113927064
71915,3125.3691596114195
77355,1778.5233756278906
17934,2100.7677317600123
86377,5848.580798956838
28642,1354.7743207202302
26328,3209.136048379075
74392,2557.613308553822
52352,2962.0328503888077
915,2442.723117917364
302,2463.6910145674337
28275,8965.444380625111
30342,2228.5166361559945
59862,3249.232300133074
18343,3331.623269773694
71049,1776.488396717907
77113,4601.2364855298565
93222,1250.7033568744027
14336,7130.11637687416
73760,2559.7849937545816
20477,6063.46644266009
16517,3672.7948430025654
92985,3899.3051889566045
29808,557.8493847102336
96785,2138.2858753531837
92642,6211.430427260651
37882,907.1059865442016
81159,2446.0178117098358
94165,3106.1803122018023
39124,1941.9155627130508
78521,4023.584184156115
93009,2201.410401173861
52,3334.7949566628004
50414,1458.1342077585487
81351,1070.8328888611518
47927,317.95099824802037
69823,984.8958178962348
90622,5626.928730813641
317,1776.7624554572403
6971,906.6102234370992
63276,1549.9588694380204
64194,1850.4139525514556
99427,1012.1699590427388
49045,3151.301138244185
40767,1898.05480358489
20689,2245.05155670406
4028,944.1657627350851
74503,2430.7543143704024
65633,4956.462715184138
44267,930.4529496475861
70802,1973.7778325592108
47375,2276.2842758965317
38536,2147.1670875580485
34211,1953.0257966983427
94183,1002.9634857388196
72448,1397.747446717095
74844,7978.112708958973
95263,1468.0401664663204
80285,1859.1961323218986
90985,1219.7174382872795
88033,4099.188985086277
567,1485.8978376594082
48824,273.1592817278747
88179,2387.6490511674706
94572,1029.462495490484
42859,2224.967080723363
62552,1454.2084689717785
64896,1374.2652477103466
4693,2683.2942098311432
65183,16101.820752347661
90846,1355.7847168603776
67582,5058.248055107577
37282,4156.312451439651
21845,2069.2152861155832
9650,7202.480232231114
81665,1230.121789814204
41072,4505.721385053199
88101,476.136010863449
90372,1215.50542314216
61487,851.8226654162518
60242,3596.827307472662
87189,3982.4804571339373
96313,1809.5000088968336
4017,2008.3703050523995
91014,763.1100982693342
20164,2588.8782987295945
86909,2614.705738157267
11876,-3.009352540729651
61329,5248.270679172662
5072,3722.563051591508
57798,8259.962269257365
89322,1345.7464912667906
54501,3234.871660820917
97513,8752.059394123466
41634,1048.382666659386
38837,6443.866842017464
78801,2084.5696116011586
11203,2388.3087245698916
5318,3730.706244401063
7164,1082.1772639826977
24147,1235.519761114318
39468,694.3378240119596
70309,-424.13018070588805
2480,1697.6100366148416
9322,11011.994444977092
23405,1100.5535587980812
97376,1265.8102898366142
74508,7940.096669736332
99576,1110.3139020053877
29585,5193.969189428264
72083,5031.017586443531
44225,3056.7902722917606
35188,1306.0682167425148
68970,945.4996953704422
24572,1722.8546719514131
31210,2278.9592835885346
17623,1373.8394890538834
16672,2220.621881627495
78140,1631.80302516778
96446,521.880254212751
66474,996.0557461485814
21028,3077.0197527809537
8676,2101.087496605759
553,853.9844119567015
44675,2203.7449057106287
70380,3289.283348666544
63983,7007.391427883965
16568,2767.006848125205
74491,1951.1192439793585
1168,2996.0856633641047
76377,4465.663935134151
34473,1746.178073598523
64582,2212.518809981861
37988,1767.9608004522204
19575,468.9505827437938
38418,1163.5998801887222
39661,1597.325060012729
54866,778.0449372945664
45170,868.7725254535717
53448,1926.6950524751712
70270,4821.455594950132
74274,1464.0621694125107
89717,1795.7829322724574
76768,3380.764383326843
94,72.71491266980775
35822,1906.5685006900094
19899,2054.726360702742
11190,1734.9293811778955
91971,588.6579506447988
19912,728.9489004952375
63200,2420.203828913347
16375,2996.316979413206
52238,2234.9555992833702
9536,35.51144801501141
40707,1661.6625831717552
74220,3168.62751080348
86481,6490.065155371052
46592,3737.362268408079
73904,1775.5564013753979
2953,1204.7529507952936
68894,1832.737665080502
72399,6056.899244050627
6378,-670.7400698893716
60636,3304.3625865896065
89001,2291.092438472152
43882,3318.0579348493784
13497,1491.719954674385
64497,2915.5938842504324
7448,3938.1402931904204
16057,4209.979971404551
37460,1139.1995742195759
37345,3147.9771283826008
49726,2698.3805604628637
49819,1602.5718679684514
79825,2691.3897581675947
31789,7814.737378425792
63074,521.5991164968909
76975,1645.5902985996818
81855,1326.2827517577543
11682,2238.237576850298
89919,3388.7365551889066
86092,4055.5038482230893
41045,1730.467069658234
69217,1849.7562763162052
70885,1577.522320013678
55135,4528.384079933086
70326,3754.3664203696194
64063,1261.0486867575146
92,3294.944268900866
68592,3097.7270246915073
9451,2274.3064916305743
39888,1068.298678340997
29561,3201.3610840281835
94851,2023.0613985290406
92468,7398.990797554003
59910,345.17883466700187
57660,1450.5256156036512
47589,3137.14186446061
52942,897.8872804171015
52539,2865.6242747629
34881,3897.6415956222054
32994,4717.064933997323
34219,1573.4252019109776
98646,8949.56484168742
77810,1826.2562601710592
44150,2582.145985008323
90459,2288.082518408306
28824,5734.470381742907
41159,3176.2695806287466
94082,1794.4736696312054
33012,13806.962732843987
44518,270.87713604145074
31187,1075.5078031753364
66490,614.2680977026562
28404,11373.201582451187
64181,949.7942393233939
98626,2667.476645882008
61901,1295.1585317423414
68625,5500.909857071258
34701,1436.4754936860154
94754,694.0620042293463
43228,2923.751249978084
94258,2834.08323825135
96863,815.7970919061117
74334,3393.656585548458
15364,2646.519635879002
37680,4108.471425764361
4597,1119.9311558549798
33385,772.0527536360132
11090,2703.1013117928005
68822,987.4257732269011
37067,2927.5703906307926
76236,1590.4791332325995
41095,2307.8659069767323
857,3489.1924389024753
89692,451.10009850955566
14529,684.4345558347559
35407,966.4945887564513
7743,2056.159205480919
17904,1091.4340417689264
27594,3817.61371700265
33434,858.6332438766722
60782,3655.858454657668
41952,1760.7573288333024
50967,1258.4678188789458
17009,575.2653066170074
22357,1338.3411010283348
35367,462.54991662945076
90868,5266.630555921817
92980,1911.4432082723808
75263,677.6476860278194
29850,2690.996358483488
19894,1476.5092955513592
80857,2824.719147831864
80680,1347.4808385230708
62604,1346.220251529738
22532,3279.7340960552137
12701,82.29456540503406
22925,2562.8901978639824
14397,2399.6978770394744
20722,960.5459629131046
49587,6953.310450854648
99781,3541.225488160857
72734,1317.9253168264581
28758,-242.44235511826673
31189,10820.65615013344
52915,1577.181965196593
89901,322.77728527503496
63332,14065.096760250433
96820,2389.1795019143924
87485,1430.9774570556615
30228,464.25487935464525
22812,4782.38342755994
28084,1424.5112108631033
8681,1631.5373102251233
20145,1176.552164834488
13941,1851.5233621390778
32530,4795.555007219939
88204,2264.5562341968434
32907,1132.0940204876192
80805,525.8676386760335
17706,21346.910738158746
47605,3201.73223849145
85498,3266.4672880436588
78392,3410.6037988324365
30973,1296.3350585352573
63928,1770.8686183836462
10177,14219.664944019056
99050,1147.1586049820462
80916,1846.601792322862
33256,3342.2143576897197
97440,2510.081441240957
55306,1587.9442820381628
64824,2974.8860424455866
35346,5145.012129907644
36290,2100.534004954986
99962,937.8521021143033
57605,2052.267922727061
46114,2556.81549090538
27882,2691.3478823008504
7702,3003.0099874861935
2773,4595.4973856633505
41187,570.4431289182016
95301,7719.217038902889
78413,4922.128947202802
64794,833.67811917365
85450,1382.961096095154
53645,2892.9159043312866
82315,2130.3519460261714
69711,2201.643060644011
97727,4800.002892850371
69320,1615.9929507069942
1290,95.27329256409348
23382,913.8745787522703
47999,784.4600285752181
65618,1092.646829609846
64834,1114.2888181619282
58556,3630.295165447627
94601,3480.1077672652546
28246,3016.942710514143
26334,-599.5455925405495
21912,4338.177514599829
37290,3257.4793606157345
44081,1146.597116219617
88842,2408.557372251362
71272,5841.981140802483
84191,2017.541319365663
36236,2837.544676829075
45037,4737.358597504388
76077,2080.2184778442106
82090,2164.15358175405
97633,4771.041258000166
98447,2027.38567709241
86838,5846.844070548244
46797,1904.6067716479677
34234,1608.8250429143527
64677,977.5300621866263
54381,887.4125636682611
52593,2948.3500410932793
20767,3034.828735512858
70959,4496.357340580626
31732,1026.6602660946046
23137,12868.710239773507
6216,2717.133171248271
95005,652.6957418665315
8108,4453.0477857737005
26730,1028.2929450685733
88466,3912.9604265725393
35616,2636.187498339128
56989,7499.901702105661
53710,651.1759597775981
51194,181.63145413381972
1067,4867.771896787372
21705,4208.25609308012
34185,2041.332127057679
37856,842.6891891745099
7414,1366.7989701966267
59960,3145.8050837983933
584,3957.8024189904468
98331,715.7165504921163
32707,1792.3092493294
86654,916.1531854421869
63731,5413.316294221814
65346,3066.840591779018
78622,2293.2872962918773
6958,2626.6634409573044
21287,1959.1418236273391
87853,2562.121170746421
13833,961.4393028490877
42184,2000.3844024222878
67139,2604.3041753806892
99494,7510.010665940631
61676,2351.386105952692
37050,3736.9871481614005
87786,2409.2494065888422
32387,2583.155223315337
62058,2054.9925651577437
77331,2430.983606209823
38883,3332.5490874882357
92765,1709.4786958398747
52615,2650.7966657850334
59806,2543.8829982105044
11987,2079.769225113663
26229,5836.278159212672
62213,7157.943774757119
31497,2577.4933365790284
13646,1437.5901583654372
25928,2555.7401980601476
19314,687.3938561755167
75645,2037.2903666066172
30396,4166.67264108669
24445,5556.882861025384
33430,1205.6615025998153
42801,3435.5056999551152
44548,626.961596350302
38633,1160.4031509102188
31026,1958.8173466787878
42818,1737.0199711250566
37398,7875.372320864669
3499,5121.67170603217
6673,6386.833640364626
19800,813.1647970646422
86655,4514.253969231143
91661,1604.7914218074038
25334,4704.025931725271
92028,1217.7568911388908
28815,4963.600525934733
67182,482.19720626049684
80248,3485.4253415816443
88548,7252.570861780276
43675,7251.934256127684
94826,1365.243428438605
11062,1680.976894922603
44776,3388.0355778483854
87356,993.2114874333301
94321,1974.2477301108513
47349,795.1425897271615
1651,3335.290147784707
47664,1726.2025132668462
81098,2284.7120244720854
85241,10511.63719309061
95812,1661.614446011768
17568,606.5425155335479
33267,2936.97928967888
6698,5168.924396391102
10681,556.7907553804444
82042,1848.2054710804605
32866,1369.2156973192177
57287,2100.3740580360854
49293,1872.4431375820775
68704,1161.1290027705004
85060,381.6705793618157
8496,2642.521934212583
34531,2046.135885689664
87313,1829.5309386929296
64849,1181.2439050763155
57946,1822.6727999643367
30248,2123.6170468007913
25981,5895.020016874807
53414,3489.1067534024723
19627,1107.7106300060605
18978,1936.6955858746294
44627,2206.7241277443845
1420,2566.4130734030186
29668,901.5225112756116
74732,2054.973253058946
99543,293.8265230387974
69759,1094.677186047455
67215,1407.5677098344909
60005,4627.910787570639
70338,1284.4664892227556
66150,1197.4479269191902
88621,1163.4214903623679
56100,1650.7386542741858
20154,369.5300337529884
38284,523.2325005139014
96343,1786.6198911673882
54538,1115.4389935854224
36908,5741.486728005695
16128,4768.768552076348
14079,1084.8785974257644
75122,9616.700954023294
5952,2383.0787108183767
44946,408.9952519419994
45945,1367.1965976881756
59882,5199.381787285261
50725,1928.8577661800239
95258,6920.994809670134
33910,1177.332431808281
13309,2710.838928732348
25112,2966.291401507689
65874,3157.849831931519
47302,1995.6023546698505
14573,1993.7768826122651
84528,3282.4445483237796
7033,746.1314062096103
41090,3985.955771884989
18684,2656.0763254205817
54754,1663.101599575766
4320,657.9720717488381
82985,1958.8348148293012
71774,8739.045637054962
34471,1840.5556161038264
601,691.2156282813062
47227,2244.0491690301155
15097,1016.8751059310289
92695,3706.3220982244748
41035,1193.861955331669
65430,1073.3135601354165
38965,2082.5880447305362
95816,1010.1455329175856
58634,7217.322466620718
11181,360.80330193858117
96500,575.4756646067926
79667,1245.7393765187103
68175,2091.164081713747
30894,1911.8645587870358
83957,1556.4210561741706
58174,1316.9982569696003
99046,365.7762610685345
92178,2116.1195383042964
88673,1398.1079620545415
56017,1342.4125949168379
35985,2093.2973586857374
67760,3145.679313852241
90384,1880.7297962164316
41240,1488.5318995341545
94019,1203.3830960014966
62267,1463.509737891849
17980,15713.546282274523
15171,361.7518580580363
29901,3521.391625702965
45753,731.4255351673919
87878,1627.4833809973584
74672,2513.850089703226
41002,8788.009873545336
5595,2864.8651170606076
95477,4485.980925386437
37543,832.9650501029141
85045,1217.9594272556678
56844,847.238978071724
46156,2069.239586888134
25663,11790.591186093794
1665,1382.5648434446302
20363,1895.2247382080975
62095,1399.460370925583
86848,1976.6231559890925
90352,5912.558570049425
79394,605.0143012647659
88533,4000.4348250776957
75702,2152.1148087913416
92828,826.5283364169745
81270,3316.293674185855
75526,4792.5828421271035
12131,5129.2537112646205
77315,2028.7270715555596
70171,2927.477674115724
78947,1801.8882325476968
38090,1869.3541625056037
81115,1316.8251535345607
35630,1634.7027455505654
91770,362.3681091686399
34747,2188.2879269265027
21572,5110.370010857068
9576,1629.8238669253772
42542,2365.651114578978
47384,2328.5183898959294
13053,1573.0376357103646
56455,5877.417543646268
34407,6429.203205926615
28279,6378.710481039592
36110,5207.983300849179
69474,6617.079523023314
58049,1188.104312906008
88314,1707.9474868166585
64832,2616.8418532954643
99909,1259.6055719474825
12392,2101.0893251134366
80586,1050.7383222145895
8326,10380.168863490075
30510,3980.0610740383536
91282,233.62479926339984
1357,4458.409111637489
9862,483.036965949922
82161,2107.7919322682233
84278,6171.190340292935
88475,1543.0167550276792
13398,2024.0592249086678
39863,2478.8532465601966
59934,2099.4411654060686
10527,340.91856166761227
81554,3632.131167411905
90840,3606.2433827710365
61845,570.3727711471629
12130,492.23609839981145
58972,1553.9070822162453
83602,1279.1205526480971
74587,2311.500044971018
23775,-458.9726204962035
37009,1455.6815683947043
7133,1899.5984332743558
91122,4910.936879402738
67150,4628.234033711284
26757,1961.067394643252
80541,7391.461592950788
46996,2391.8065930661996
76146,3662.667778338278
27191,1557.1299849760162
7528,1207.4130748178968
79120,7022.82278211291
29192,3554.397289731627
15272,8001.278864534499
49756,3226.824631472642
90999,5322.086413618794
25621,1534.303606277022
77150,1231.939144945854
2607,757.004490298038
58197,5335.5566460473365
74936,2372.479823276187
90273,1123.9634959009604
35735,2914.151728466873
65985,2750.4131553892607
95219,131.52037314124573
73203,1596.6798698420234
20335,3013.7124848755425
84180,173.17887006547426
12558,4237.627183914558
89713,2491.0766819566934
38620,4058.7364136862425
57912,264.8736367448446
92602,1388.3308355944391
9526,710.6888867598313
2664,1699.0611752729665
80851,2729.0069568516333
82027,4093.962986705059
55733,5000.962545715748
21440,2734.6500841558536
9884,1180.2498397506565
43273,998.0274464607346
1327,1094.6454752404825
36220,2142.740902590762
1664,1629.8331482931735
74987,6531.9921575490935
86307,1695.877867920566
38098,1621.702412158626
9138,2812.09594671612
11731,1945.7137500333602
97714,1614.564240651362
7788,1786.9890749483982
29771,3728.9327370689784
66375,3612.847359732472
8763,1178.8644491823861
30690,407.5974454481466
67064,821.8677869344046
2006,990.0985830984482
73595,1489.4176477859064
28902,2431.1987412460935
80540,3849.469591910936
74357,11768.735365473409
1392,2520.9741086403906
13704,1127.381544046962
94507,5555.558182482515
91565,1172.0522072075032
89326,2623.7535550836983
84018,1250.123183309252
88134,1554.482549031382
93982,9752.985683263614
29643,4151.768756380838
80856,983.6515285289724
30873,828.604064996457
99336,4870.050569424313
84771,3120.563456550403
88817,2100.6241536715543
17995,5038.436163465798
51217,419.5250781360728
40548,4295.894233371338
23630,14588.414202046928
55742,5545.497167616238
93879,1273.87705553441
97149,3885.3025858684823
55358,3456.117880449235
69353,771.5853731143743
39250,-9.102726585250366
22756,1171.7893035655538
16810,-134.8588253224284
39866,4415.773631906732
96020,1816.4092075063932
39481,954.7327282022634
39944,1266.6996396526906
25089,5656.001317559258
60585,2049.5393737896056
9510,1398.5724207730145
72158,3906.507312041711
63113,2436.945214435314
52472,1781.8986113477001
10541,2600.7123236519237
42113,1664.6433314436092
37129,1875.0041392938767
76140,1438.726917482149
23814,1898.6606340358496
4555,686.5882974728256
11618,2531.090750487751
60487,3626.3576189328774
66493,3309.4918296782917
47014,1213.1248838670126
40077,3463.013364598207
60377,404.1270639396903
90367,2379.7045525497406
73339,1993.554811467942
60658,1861.5680249927752
79551,1121.5124623231459
55814,1197.5313769727327
40658,3889.77618702456
63323,1801.6002960110754
5979,1792.7139822589354
76238,1430.175731484666
8011,3489.954500472465
67382,1437.7116385458844
75143,3877.0506109700527
5746,5420.284654844387
58831,357.9062181531558
57656,3523.4890538216164
44336,1727.6815421948504
56338,1910.0895271117108
5076,3422.4757342843054
88992,2173.413648753819
33383,1557.4327287075575
17264,2964.2974825019883
10156,7307.831570557044
66204,7277.454810213734
49957,1566.5818725397799
80423,2288.4990238867695
3667,2056.436478177047
35233,5799.950465796203
18408,507.7593891292795
61605,2806.1373131458427
98262,3782.349421134218
96227,2774.6155137005003
48969,2719.4825842028195
31725,973.2910306420581
53969,1256.5258926312135
11304,1824.2415708778271
11977,1060.760531831841
30190,4632.082306818556
98761,3243.669670225574
37056,846.9264586178588
32436,5487.50588703597
52739,1771.9502697309767
38886,2122.320906604132
93156,6909.707796389241
48146,1916.9176427819637
80067,1377.8916835362816
49440,378.90773287801767
90947,1380.9136051288538
76149,3561.393867423691
91564,1978.6287639318684
10489,1489.7021475303336
16961,4005.502907375012
59043,-316.17111831350667
76422,1497.6134946395123
1861,12149.719369874869
22742,2360.6969634624184
2134,2462.4830222148958
40923,1366.0738640162153
62353,4190.659555675462
43029,1964.0904125108077
79731,1556.8984270818746
54505,2835.32496064352
39231,353.0039140164927
29730,2440.879519314539
73285,934.9788199615232
10221,4674.366569317594
69625,2060.492375645165
73102,557.908440622858
31289,2759.5204243396547
62864,1910.2147304649955
83747,2027.8890310596144
46005,19562.770314815643
51383,1449.3713817585053
31917,1277.1909020557314
85779,10926.861575514862
69984,2310.530443860136
69795,1873.726168566448
25335,8584.594592632191
29907,1841.547730124933
13271,2906.900185048721
32238,280.74732241033234
63946,2384.4776669400608
55926,4331.380029048074
57809,1126.5188287381266
83572,2512.9073522760855
67307,4891.972526502412
50356,2201.3986784546996
34001,4481.533353249346
45919,3804.3630572638704
48789,932.4651513623749
22468,1603.5002108423396
31014,5776.972299169793
16713,1550.739173722971
68809,390.1210831440303
16094,2979.0903929272595
9340,2194.870065788653
76708,13246.54811412026
3893,-49.92614774705271
87322,3145.8846081304364
37770,7641.251530532148
14904,470.4855016530805
53925,2027.3885769654917
40321,351.4474618023596
15440,1720.1439820027824
30090,2051.736056689115
37946,4649.846508645578
16953,2605.7199585499257
79378,2428.657003452875
4004,1264.6179788743366
11782,4600.713915611411
27964,2045.7196833285398
82697,2323.3813560515487
41786,2070.89783865143
93111,-33.5645478060178
44116,3258.934471687323
64348,2210.4744237015984
76674,1404.9928338441564
72549,1258.192660864111
3666,1170.1139352609598
70803,1265.0897824497956
24478,5257.438942700956
16227,748.9245348817772
21426,5392.8211835562815
45824,3510.4601862187915
41510,4182.755063184737
73275,2011.235232508555
96781,3259.2789731005396
64182,2528.6843187259233
61060,221.2405712891914
9980,1930.1750635703975
46741,1488.6286114327113
81073,4118.818569259586
3407,1908.6217511961877
11171,1744.7773387775596
13609,7836.325893764308
17952,2618.732178256112
27277,1874.2237045376778
95595,2169.277228737103
47533,2658.234597015691
269,811.0466892885629
82401,4540.987923404316
19432,3668.6466725240916
98565,4158.3388095963155
74633,6233.931895586722
27434,1574.092899039667
8782,4996.914538221612
96057,5568.631303007984
15830,2609.657525866948
77073,6180.815263779623
34165,1741.9833400674997
1705,2427.059229318569
49779,5449.95274606707
56551,2709.7315365310074
10607,1616.2532786774104
8952,1148.3706302007577
30389,2500.0804431977367
15532,1975.3932482822615
54601,1494.9813208259457
43742,1982.5569949290427
7193,3172.7799801530873
84656,2167.4860118864135
10447,2098.7457186169904
20484,946.7178141649338
79636,4692.722564791538
44327,1183.6585037239802
7403,3760.701241074937
97617,1773.0494838884224
11624,1303.2122234657563
87415,4941.786125009005
16268,1525.8262342038092
34222,2504.6370179396145
69050,1430.5682681726353
39389,4975.378234524071
30981,4504.7045507129005
69485,4502.953651498592
27236,8095.770648985846
76678,4123.519421030493
60789,1510.6569448770128
38502,6553.664901906575
5530,3564.245765094551
84835,9040.297865847813
62166,7538.27394616481
39680,1139.3845622613776
11778,3056.399327902236
36597,313.33203136668453
46802,1047.0846560861896
40862,2875.0879627826453
52388,1586.9034410778163
30957,1487.027112345751
74597,1556.54554932768
40392,576.4619557337442
96777,1259.601527915313
19041,10583.681149494132
60171,854.4649762389713
46609,4956.379418691446
26909,1702.1393879042519
78565,2593.912153193005
56770,1471.5369828412086
19868,6228.62687242936
74125,1262.2317750277898
7453,2576.197014671284
13133,4675.625811101378
5747,1953.9035140756432
98057,3344.345951837471
59694,934.8014826595095
63661,6402.735282300476
41769,1028.9739692136495
72160,2604.810961082247
48736,2310.889037773396
74151,1114.440859124149
27215,4154.854842230887
84148,4306.5761760312325
79749,2260.2540871167857
16407,614.910143280496
83246,2904.129707403229
92041,1642.7709156751425
40896,1106.381766784516
69838,2916.3540512907425
59894,3871.7847955400457
92536,759.5139484928081
6600,1810.1315408582695
19232,857.4495822828276
17923,3210.002642105996
32717,5538.074726702157
36178,3363.8866615327142
97356,3448.061549826701
97696,2737.796703009043
89817,1847.6997282392217
89732,6833.264438390414
33913,2619.974983390952
84992,1836.0084419131356
58587,25977.38135569248
14554,6230.62875981167
73692,1528.692235173903
85559,7702.192588788529
23693,3649.358133977968
64631,1318.598412152167
3152,10028.454608920552
8069,1502.8662113541682
65429,3087.6683583584027
73085,274.9065255433725
28829,3087.528334903908
27131,5421.839098451542
8001,3488.716350866171
42678,2240.2251825401136
81478,1548.7246976300303
89742,2346.997498202717
15358,1655.8289299542243
19038,2677.2087117027377
32761,2535.7095130335347
45281,9033.555948036483
21284,1808.7433206159735
5941,3622.8512228105515
17381,8695.555517174344
54666,2293.1361792805587
80988,1556.7573595351187
34039,912.0097607700909
69241,1992.205432771133
88960,2769.5025159989764
23916,681.489279095797
71793,1132.9265118101166
71074,1391.3021754167817
70976,2885.471286712117
14532,2091.2158811081017
97871,5327.126072020454
5020,2277.7785112659517
4769,3373.962208730829
39429,967.5895603389399
85004,2731.15388375664
26225,1982.6155190672318
20372,1393.4761312312849
83078,2128.871928331002
76954,1336.1563848555747
68842,1952.3064433139207
36404,849.2550843391555
78567,2472.227236460185
91371,4176.001209483096
87989,6095.050009907933
30152,454.7313114245221
88391,586.3131958616277
39712,2993.7497614086105
84713,837.6402584716107
84078,1965.393745489794
72778,3747.656694151335
25740,2324.520156640442
63845,3325.2635174802617
70927,257.0025685237588
49242,1949.921659009184
54658,7071.21080092644
55407,4271.639375332041
97888,2074.6031906860526
21988,2686.812280276889
2288,960.7892024169787
10066,1866.924857711269
13147,4013.212443784908
13740,1177.2485430125648
67970,5938.474353773571
83489,1604.5407245737451
60582,3459.2137318690225
92226,1937.097995548258
50248,2401.5451793250386
53359,1497.3373409416813
41758,2066.049058800513
69738,3130.2059288637456
77751,12014.960716789346
2016,3541.4786379769885
86714,1191.5459642422084
93485,1196.0801411768412
72626,1404.1689285183738
14129,956.2231774783008
48843,1370.7104313862255
70854,1263.7198662040832
32308,4644.9992673995075
37109,536.2903056873774
85827,4680.653564396303
21942,1377.2488822818677
16906,31.276399844796288
99004,1457.6124882273662
97630,15747.800373437987
44799,3643.0200091544966
75105,5931.720464046495
75371,1435.211145378339
8706,2477.7362898932515
67762,82.28590278798401
21447,5926.82189968991
74312,1597.9927779394602
20607,2611.0336042049726
82475,1853.2744727488096
28685,2014.1736785857088
69878,3431.9179034994186
55293,4855.684923460582
48259,1700.257961852596
28789,817.8646813963546
2599,1421.6760667515427
5127,710.9699528022861
23012,1350.8262411831715
33011,2156.0609744241838
40005,1746.7155174665963
54668,1435.9098348588204
78850,1446.6595763661471
52503,10369.22090298681
67532,2128.3489572449885
55243,2889.0836287778156
2573,1844.3280108696224
27867,5804.6193120807875
54486,3878.3494740032957
81403,1516.5129341816155
1455,7135.012778340759
34661,2936.740835796368
55060,1026.9612939580802
54101,5349.752479202475
96526,1159.854816608443
7144,8921.531387386869
9905,1988.047398721751
95596,1667.149226502959
57564,2400.759082469428
60614,2007.6371067415475
15430,4249.222540042366
70705,8092.768945420369
37572,3871.3924012129783
80559,3818.73112456871
88746,3669.653283352653
65773,1443.0318686902237
53697,1119.4760685379424
41279,1378.4917895777617
24583,41909.75440594996
95980,1341.0588557245346
24826,1404.0015832405652
74593,2175.1859272705315
37944,2265.6825891089666
52401,2574.8588466179276
38929,7234.415417334561
84679,3384.199017001658
27115,555.0347156564394
78380,13618.691244321275
28570,3614.6353543273503
18088,526.376788847831
82810,4911.904672501502
85328,3951.8658447652415
58041,1590.9335327126314
29719,2535.5271027891145
16004,2261.948278590585
29172,2689.8715141442735
741,3646.0949285227525
47056,2799.521762840912
5541,2230.0116630448283
64213,3762.7840646069367
97412,1000.1571135497311
43236,1031.8396585630298
77466,4046.74459442281
56732,2151.715563247517
44483,1388.5355177930787
76158,1580.4139164210073
32732,2094.4804170011184
63059,1182.2076958787925
56450,2836.2043885952066
6032,1770.5111577141388
26795,834.6399057951426
17315,4951.941518460357
23654,1096.8000961924877
26698,2112.4638235892853
4349,1122.7882757951884
85448,4032.489926322226
19720,1906.129011879103
81657,3263.7939640916443
17459,1566.6229105875695
28234,1384.2052173158813
56441,1531.9009768051983
56865,1512.7574962565304
69436,6667.798367150031
30668,9033.055795614535
98688,1958.8036519118498
32668,3830.7053316820306
5238,2056.458764632897
72116,257.10277142313316
56451,2498.6965885792733
22298,4584.585555014309
70420,2831.351887162168
98254,1436.9908935086296
4168,1092.933095186213
13378,4362.3964029203735
76936,7854.118008053488
30991,1224.5087549268574
62699,4403.98878077625
24790,2154.947822178863
15103,1101.002179606402
27338,1734.5656174175738
12698,6758.117182734026
45627,4054.317782278757
87672,507.75312578827743
73352,897.7966692948457
61659,1546.2633745839362
8466,1237.9603877619102
7905,8309.445875762081
92891,3662.821367482625
56038,419.64079267305897
13003,4845.514336992008
86596,1351.6893981423555
4433,2563.5433045008476
65795,1779.9359253138662
87515,1082.847681705026
7258,760.9146518383541
9966,951.543404652647
66569,4128.485535464654
682,1709.4969308992659
8778,1296.8331137737555
33863,1832.5768625099454
70937,2790.1332418522916
22680,9023.055814467381
3804,1031.021752281103
33275,2835.8179625821713
99281,6251.6668112019
16935,4315.665293255238
39233,1090.0539744899315
80369,5638.34239433936
23343,1492.642624482628
83107,947.3355328135581
67885,783.6077981823328
44533,1695.6487920353588
77746,2422.335499774591
11275,1519.0364069589195
8257,1859.0536455820165
14189,2094.147329589631
34188,1602.802939610841
99499,4809.882418403142
41329,3737.417669066628
81720,1934.2993635371665
73233,3828.7891759118093
35955,2741.2203563565213
70943,2679.77742832684
29610,3871.7700343875504
84975,8350.017008372168
27610,2438.560495251971
93482,1338.457993727985
16846,1370.5531987522395
18743,1770.6013533382938
32522,1085.904611527682
66911,1558.8343741321232
46178,1656.6498322338657
1450,2792.8396349981163
55710,2378.7215162848925
96688,5478.408834129543
18079,3267.272597711014
61477,1117.5294745665974
59829,1274.0711052151378
83641,912.7009977723637
69590,957.9685280926569
19555,1930.6481231547016
85276,1399.2527459995276
65750,6332.587882402107
36323,1962.1220339749796
96145,2244.8864232802334
97205,2424.0700551972554
35146,792.2505466995772
10859,1984.7329916574517
90177,880.6308054263836
2069,776.1153960048564
24918,736.6480462241361
60372,1668.698030011438
22479,14063.733370649728
85930,8766.672177227392
91691,1667.5045203451352
83196,2851.795903552678
84595,1884.4737264605867
14236,2849.4467158913817
29207,3639.3838211191264
80986,1313.8569022136962
36645,1518.3796413797559
59673,2098.9010050996076
71083,1457.1192114570094
29296,2459.3154851972704
21024,871.3638493711933
15981,442.8805115033051
43285,1499.7974526289017
41659,1544.898470606477
9033,1085.3984812360382
41935,2356.687522286601
27956,618.2034825469163
88718,5550.562860613619
27515,894.41311854777
69382,3767.638885006128
93626,508.64553916806835
46081,925.5619352388208
13731,2800.595240999588
22349,1590.007892923305
97206,5302.297272076596
11966,950.3878358747793
30236,8403.428488892296
69196,1623.0816786575633
13138,1295.248713528566
43950,1061.625750697105
89861,4179.705668371929
94561,1625.7740164081574
7260,1341.8037544365034
81063,2255.2937670180754
22573,-160.68130313192523
55130,1535.7963045054098
27740,3799.6758270105292
18685,4445.113551202433
94061,4363.609333783631
22569,11858.715488317059
58995,1119.642997398937
36790,947.0177734896461
87041,10893.634530884021
85945,2223.95927526385
36797,798.8419108249941
81899,2411.031216508207
81792,2134.03074739178
34244,2039.8423284270261
2192,1619.254669496694
42744,211.87869266027883
30386,8507.773613925783
23368,841.789165553605
86152,1653.025951640951
13851,2404.4055770819778
61257,3873.1989730643413
83916,3387.115374601491
36402,5541.6444074973115
51908,1765.1193311590814
34625,1927.5605613587832
25068,2341.9435294926398
39427,1510.1130720817714
6206,1592.7583486570234
34939,3453.3183022825733
26542,2491.3099692591577
58713,3530.0072734580413
64344,4801.736629656829
80548,1149.097737438784
66557,2889.0088003651176
33091,-169.37423183816554
81312,603.2483502655346
39456,481.24155112243625
50225,3238.301661757632
23020,1106.419801422816
71732,1936.4380174297366
53291,1772.6418840316246
56138,3118.292672665847
33457,1943.8014181100048
18903,1715.0810281139798
54780,4004.1371543420937
41702,8399.185265313652
4441,1417.568559867344
90403,1358.453152549465
50179,1666.0863248308804
24419,1144.870398417609
47804,568.6815978813311
81639,3254.892060768172
12496,2641.3209849172313
9232,1917.5112239322
99999,2274.9785279706357
29690,1944.9089763634267
94877,4389.518442556781
31580,1416.0716451479007
30671,-369.82246575415775
5317,2018.8507842499753
37615,6974.4389975274535
26501,2336.2380939636873
31456,596.0287992334679
60562,2636.1389419146008
98122,4437.126806883218
4211,924.4743645047492
60459,869.7408427094297
68220,2844.292037303064
34694,3528.4326229726375
62874,4674.586041444094
53977,2127.18153395608
39178,3275.1311903564583
5363,703.5251425239535
48855,1314.9000134275734
33502,829.1576024876881
5505,1175.2407348586703
86652,3199.23520929871
95319,7556.854727534869
86202,1184.5830650286193
54619,1315.8479157841748
75556,1607.9983037035781
30009,943.7745693971292
34594,2111.389748556532
15857,1244.9003123767757
87305,3533.5673763241966
27455,1839.8621593873595
88542,2196.216465768221
32053,278.5103524991687
2698,1323.6106035786324
8743,2681.0670624448876
75857,-426.5438679839799
54467,5816.7626132657615
43835,1951.5038754135367
88396,1653.1203675258039
51719,5465.169645311631
24135,4774.528896209021
20545,1321.5292121441398
40132,6727.487383204327
74957,5523.147168423235
83460,2471.214723441445
97364,551.3234445456937
72070,1379.6498938644336
88940,1907.434929620181
98343,2888.202685498804
42403,6862.797409503998
15004,995.7898699082971
15100,1646.8404604141317
32991,3346.775405396303
68584,4912.455648753919
87329,1077.291464367674
59916,2670.180466674753
87233,7769.686320336994
71023,810.9537628915436
21940,734.8775399355163
61604,3011.941967527785
48989,1088.488382542986
43860,214.56044973836106
69357,5736.184345272346
41341,405.65509802142697
36070,51.429253733745554
9961,452.45049488722043
22603,3827.190084960097
39286,19463.161082386294
7371,2481.3666078401784
70652,3638.780913294354
39017,544.6523737982202
85865,787.9363764268987
91010,1290.7386846411296
42987,1960.749394891484
83663,621.1233448552666
45998,399.02724554681663
4515,1128.9313850329195
18631,9282.872122782797
14294,2030.5072467581567
32476,683.1565064524789
41177,34.63706129742013
60225,2019.630402177931
45712,7682.100274509827
52142,6638.01579814513
64611,3644.1692391271463
85984,1529.7514418289447
74432,3037.597437288105
32486,1155.0633214322015
79831,2505.6947239612377
43858,24950.12496501149
18107,3309.849182784188
55379,1063.0961886181262
80594,1810.7558590830772
91603,929.7929431187004
91381,1863.4503269209922
29708,1503.9485399053865
72947,678.5401746443722
57602,4081.7183743655996
15962,869.6906759550807
21804,3215.43682835337
83497,1434.263127530522
88754,1420.7387281733963
90492,1761.4404621122533
9780,1921.0847547248109
8845,4900.114079196931
62807,4027.4363421624917
7273,2904.4875999510377
5366,3056.8810359983786
16277,1011.1553558109049
54606,1665.7164904444323
18757,3393.9965824331466
45615,2342.897546357878
4950,2763.462016942103
92770,1833.6906284260322
36887,4302.09000657086
73762,1423.3389956938618
1019,3246.461198382965
56410,3720.3285432514685
73810,1503.9288918346592
7,-450.0068728844135
19177,1795.1106014585785
3183,881.1872472293389
43422,6727.962434749443
71537,1134.2566674919062
69853,1457.6436699683968
6221,2142.4590548912647
16927,3288.9937860137243
32837,3230.118956478796
52525,5050.65200106289
74072,3052.9244478540754
78428,4798.6976068439035
22633,4155.804532991891
17464,2921.8673405988798
71804,982.6089431066748
13155,1662.9553246259786
54751,1182.2410040324876
86519,2068.5583136577297
56417,630.0800786398408
26390,4058.047170578564
21258,983.7274977171901
9586,852.6657228066542
97501,1741.689806137354
81956,2923.20110444899
11884,5724.133774293234
30878,2876.569837963028
48867,2341.1203952634173
53535,1372.2409298313537
82819,469.67227779034056
6579,2638.419418621327
59864,1394.039240129342
21319,2722.789585856718
54794,5869.266588711367
82406,3197.0410915584594
83022,1424.3512951866696
91704,2119.3587127844785
15188,2200.447159960862
99228,2382.5985671994777
18134,4127.246079193705
89447,1419.7084235709967
93469,11505.982984949545
1911,3813.14561554388
74121,1741.1433170041753
23465,4547.162358157498
34665,1055.2409550822385
98968,12148.997003346141
8211,3134.33729861475
44092,5065.074817009603
91103,-7.853303667480759
56836,1150.739605146648
16192,2179.98805410224
50001,1847.8217797866414
50426,3057.9503881037954
7396,1168.4416315003314
73357,15506.616774922799
67177,15711.488939431896
35510,2130.70979183241
9174,31.240675571912107
79509,4882.137059562262
57982,2821.5209103530674
76194,882.2928232267086
67939,6052.239532076086
51784,1000.2626444227058
78253,456.67354372646923
23444,965.5920553870819
88607,4131.990418425587
88461,327.35527236912367
45109,4136.485706056322
82586,3030.3616436032685
47809,1877.0091021900143
96593,2912.393556855118
23906,1188.3055777183645
52735,1720.3141344335327
60462,1838.3450467207151
16790,2176.2170144667452
50507,865.834448480472
94226,3120.5427799859417
65567,2594.8679907021046
64003,4091.694922846933
73201,361.28086619818896
2482,15496.120929233202
79334,1243.8493310660206
75774,1678.82871032196
83195,1221.9819316121475
86063,4401.925432967812
63226,4616.787691406081
20580,10704.095698992642
46075,5476.574810284772
25722,1097.355102855966
1645,962.3976943492348
31976,769.3438652362424
29695,1228.2950182150385
19978,3472.31760061079
41081,2260.4830692345868
29791,1934.4131811318787
2671,781.2394598478122
87992,722.1906905033475
70180,7422.167341210521
9991,4717.815632000396
17863,512.1404044576116
2131,2570.434603021664
15382,2038.1920118923497
76168,3838.2891244991806
52381,7382.026241174708
7850,848.4945421486618
21007,2258.8993130757653
51881,2143.1791873721877
50618,1180.2703225592668
70842,283.5580678151987
13349,-88.72017139158652
94868,452.5564910954481
73527,871.1936833376121
53665,1697.791951025109
91376,1860.5960382002152
58570,8127.031263180146
6347,2842.1781957637295
25808,2553.863811357397
95116,1247.9647499531025
15855,2811.2536461679433
59648,1763.7495198457873
11651,2973.7142287636025
30243,1084.9519886806656
83974,1698.3389069501575
6297,1698.3282983128888
40851,2906.3482317680814
46900,1178.5927481676672
83147,299.47908752415924
14465,8358.402710903902
52540,1651.961997023757
29784,1163.988350305392
75656,2963.67474883299
79615,1484.4440664981203
18558,1340.633086244662
58654,3512.421286731894
46838,3563.82163594246
73775,1850.904074849764
22102,1887.1527220149214
32285,2618.4122502145074
58428,3042.6379245966887
54966,1991.3259218738795
10163,21196.974017613386
78298,1667.0551070807949
32713,1903.4407171210473
6539,1591.4303368622259
45055,1313.985293841749
29891,2349.650648160161
69380,5270.076970371371
29125,1201.0528692061202
7594,2074.9984315703546
27500,3103.5470549707043
73296,3619.6229659603205
23065,3724.989419618192
47337,1178.8349558666127
56726,589.1037415265841
32570,1381.6802797402897
18494,1298.967441299134
13508,626.0370991029513
98925,1182.6761548641052
95069,2863.6255588161903
90501,805.8770190912851
96089,1672.2725226232824
75703,1323.0249489266848
23747,1731.9291931260354
96419,3854.4765823089037
81249,1748.7373416728115
78159,2237.0386111125827
49056,1377.1914828095296
2070,818.398743418456
36772,1362.3233696635425
30028,1134.9997944155339
39766,2724.1588692094265
81865,790.7965937934059
18143,6646.120203309231
30716,9308.405522421148
32044,3426.5655120614533
23323,3381.730173597266
83819,2119.8935004870623
81183,7674.126399138291
67316,1950.022258699219
56868,1301.792212113859
34334,1473.0195501652279
10157,2364.994995531679
52044,1911.731235402572
20113,3346.8701780889132
11538,2242.1300918290217
26432,2779.9105886537936
74420,962.4789271519594
4161,1328.2512049838979
75207,3759.149552770244
51237,640.9271186160977
79281,11933.519485110135
34738,4523.858096028983
79947,1526.365392771132
55672,6291.545700373203
92353,1924.9884269019767
43284,2359.438932746227
82357,2027.191785086091
18937,1370.5209571583073
24367,1515.2902118329912
50848,14076.840995896238
78216,1129.8603577943904
66389,352.6416905667129
6445,748.002572053183
29671,2065.4541902579886
29765,3207.2482804635665
34071,3168.7059333846823
79196,689.2708520501592
47565,1687.2086691129653
11960,10695.939555191511
92156,702.0144498233449
95138,-339.04636448927977
3108,5665.393550777246
59803,5927.886973350598
53549,1740.849639786581
25199,1956.0197137130172
26237,1222.8467098829396
55516,2380.1027164156862
10121,5200.4217603179495
36573,2424.571356092349
5194,1756.2942773384432
17802,2500.529250471555
19919,2389.447473960739
31568,669.5144151178888
57183,685.5930129023595
59701,4276.728789213748
18303,1794.8223478030538
69939,1601.503682065223
50632,4564.469727777095
67226,1817.9412353461082
23426,1232.928187000051
21830,1556.0732846511874
92640,2681.6876216136816
91730,3068.3327157834256
14787,1203.580404522666
42124,4056.457571148655
72891,2018.0920268472903
3859,1815.6023980437524
74592,4863.063828379325
54249,2403.571333245942
16428,1276.6068350060796
63657,1624.1917552793532
76872,974.6545807720058
23506,-148.18801881356876
47236,278.77490312020973
92429,543.7458556114516
13640,706.0584229219967
9832,1765.335897926823
6647,1958.416689045882
18341,1096.17888409208
79095,3491.7292799929396
78691,1059.3649405541532
83623,2795.435919031136
71727,4437.575504215974
72557,1092.1929364024472
8985,8472.907454260947
33227,1776.3275968072344
6102,3376.237876147321
48827,5072.796871376066
33175,1022.262815755003
14663,274.8581562657914
48509,2159.7782690793356
13716,1137.0872929330494
396,927.647666256803
34016,1397.5074695303315
68596,426.8345024174905
29416,1244.8434455776828
66280,2046.7683767585213
4909,635.7031755957455
27075,2036.2390971633017
81683,2506.71667860095
79642,1420.25339990966
86858,11052.474575237826
71405,1033.8244097440856
5591,386.0063154115023
40837,2357.060147369333
7357,2692.1332330563846
58385,3526.934430023201
91587,1921.4488160580697
41645,15276.861944820674
19588,6287.024834948291
7665,2554.038157981501
46265,3512.7537628232326
56541,2181.333884489859
83405,2045.551076205662
96042,5312.1777884617295
91187,5687.319741798942
36069,2281.375873922906
26692,988.8197348231238
45809,9430.007027988968
37945,2275.628048815076
64526,1984.8015064705198
25965,4686.793997422975
97609,2388.082025729092
1258,2118.601418697548
79135,7107.327112221655
57382,2618.5752941660166
78397,4018.9835419669857
14368,2749.5007426607754
92359,1357.92100781081
25260,5102.932165606281
10210,594.501720354574
12582,1130.4963742967516
63234,3318.240954960997
44442,2455.2160554057505
39799,5636.264407453276
76940,1420.8098609161757
72063,2784.861743659503
97096,2024.0075761843116
61195,1425.1891473425985
83917,1397.9273525819945
46780,8231.453262451716
33907,3962.253951376388
98345,1156.212393796513
85376,6250.91793143217
3023,1597.7906391122729
85190,2110.1974432727416
30685,2488.110551449434
67202,6433.943763708552
73617,1818.3189112948617
27714,2069.0226605250136
27056,1436.591881781052
75452,12633.551509843754
46147,1619.2601756485667
690,454.2246915881765
8811,991.4019620358631
82783,3569.825708493526
18710,5357.139727088429
73092,1148.8862441065212
76964,2074.7853364823495
84791,1759.432378408027
26831,1149.1934903037895
99775,781.4963435652758
69066,1888.7517733774034
66820,2291.8581456187703
47655,1612.8806670339654
33893,4643.568892934907
79842,1451.8879460580802
2023,1221.318271942121
34147,2683.9337013279337
27068,3940.8274157643746
28819,2276.463725684864
19529,1138.0602159426999
63980,3788.4256386445436
60852,3407.5565007116197
84160,1226.9381616450528
3812,-438.1928008062059
82164,1704.6334465026198
63954,2670.4813323118906
99554,1795.6248815283159
70817,2605.1089628747973
61083,2576.2137062498305
29339,7808.417790736285
20816,-115.90081896574111
48457,1900.3425401182253
62739,1003.3447501355595
46496,3113.6138399574293
75734,3500.117186256396
82826,11559.746098743868
65749,2951.462141952545
72217,2428.812759918891
94060,1115.8361747156086
72490,2388.7197214169323
59783,2808.2103210211194
69548,551.8580343545545
3943,1326.7702043019399
18999,1770.4649651692523
12424,4328.232770581485
80217,4506.208662632717
69004,5470.113128536204
26874,6153.561541037814
36171,536.289417866687
50497,2707.468450394809
89727,889.750375930068
57370,-112.34508071902928
92374,2588.316034231766
33208,353.2233374790758
42192,7927.00836839324
33069,1761.0008837667006
41057,1159.750515811591
30642,573.6211503946324
86359,3473.5231321116016
66942,1436.4767278273334
38591,5510.078970838889
19662,1525.2801699253255
3283,4366.0848521716
83565,1195.045163310248
15475,6415.826905061085
9655,2130.3898934523577
29224,886.7231856748344
91208,3851.200071290047
24663,1620.065271897119
88948,723.5414217827743
81911,3632.857239211382
66722,2314.4217415812454
28590,2946.0289326455454
34880,834.6113657039105
44477,9249.634736373675
86806,790.3636183943258
3354,1828.757596342555
18417,3676.877162901081
21283,664.0067944761158
81200,691.8985943208645
62323,7432.641940725462
89047,3996.424192394444
23525,2089.2325796522564
70443,3225.0363471011756
66993,1250.5093076822745
54269,1899.6470760292282
15204,26081.94860242375
73899,2398.293795500399
88825,223.48305074575865
34758,1876.813847279444
85503,2543.797189974554
25203,1968.2509919228078
52737,111.7488298220178
82499,204.97592211794245
27170,1417.7391640973487
88172,2710.9506382039053
7140,4321.489006952238
3019,8864.704218383613
26661,8407.728333368479
54778,4318.982155395584
63831,4576.050147387428
51809,1798.09403416229
22847,1919.0209901557585
18642,752.0542522556275
22722,1121.2374735098729
44456,156.03882149610263
63738,2013.2994846564666
68254,3861.2033096979526
95399,779.0397389433438
66257,4927.009707777046
52663,1412.512380318215
12176,2475.0718230227126
65072,2273.32318605829
5409,1442.2769853548907
49623,2161.1896779022236
74049,1376.6321911837363
43861,5300.276533824117
14292,-399.1436055004215
90721,2680.87435656185
22124,3346.589424637258
11462,1870.4854914150978
36659,2461.749928135231
83755,431.9893125252611
113,3417.9834413511644
72814,1198.6505688476682
18855,1167.8850345567198
37449,5100.593904047706
30201,2115.327741055118
28445,3178.090394735722
53564,2153.1160369694103
61547,5855.91195472472
49236,2032.236261111433
80049,1689.6118950823209
94529,11540.205102189713
78642,5075.342391068973
81843,1952.5506574543072
50211,2684.2389848919856
45851,445.9279825645335
4482,1071.1235004105297
45590,1161.651777397612
17304,2009.7198450977912
53659,2666.1814413199345
82601,1470.13983703468
44708,2588.8758686043243
43043,1740.1056350913666
70823,3796.0870112879643
70833,2273.3951110609883
79614,3315.683326891713
43583,1308.2521642218799
31665,50.48512060042049
16064,1650.4574995605653
45272,1539.9310740499886
83891,1694.9057617692465
58560,1325.812166980235
68973,5746.786840945684
6805,1491.2943480659355
83582,6115.417465743498
1527,5849.939547800107
80034,2500.178721213777
29262,1817.6840284673879
11751,2078.8997584384147
73713,1384.0892555642495
68949,620.8331688644917
67434,1257.5476337029195
23663,2847.755260326935
73150,3620.77721956088
74591,1832.0758851739538
84414,8423.198679543577
28511,10678.684805804436
11998,2456.93542316801
14077,555.0085251436653
77242,2202.775785499144
75765,1307.5580284841699
46435,984.7122308258163
27534,837.752479816103
19958,1789.675413999692
23462,1443.9463756005002
34503,1078.5864034815504
2625,2567.4874874669863
64559,2004.38091680276
36856,216.99411978462922
50554,1769.6020310182248
63068,1180.4239233194276
6973,2867.612153946232
7866,380.1902988661777
88051,2845.617101757315
40022,1593.8645583069683
85308,14012.677024070701
39095,3649.8120094322126
36823,5113.115390777299
67135,2285.7496057545986
30638,2158.407685610741
95982,1975.0827256700366
33862,310.243329149514
67602,3132.7503839982446
23575,2679.8541117307823
165,2068.138643674507
74041,2063.6618974712737
69620,1780.9508752903237
8073,9387.641049760365
88739,5669.711492644737
59173,1964.208155602511
22268,-498.65905391679826
2486,3521.735318633901
28987,3081.891758523543
45834,1285.9100113354052
89137,2753.6907546124758
15730,3134.5122869660163
78833,2727.6160929864127
27340,1073.7991811043944
93924,1298.7439683530915
21921,9755.069798753913
61380,285.0333816694506
96902,669.4204557576572
50682,1594.7936671126618
47928,2714.05269107733
9480,1827.7127082067702
49932,1236.5720938989107
69850,2291.711865541213
91202,2248.068747064942
11152,5688.211814508848
40733,2143.7339893252292
9753,2564.822400763703
14350,1266.379586897986
11976,8229.112875432107
31877,5610.166439839952
98350,4643.034653690885
41942,1070.5345900917346
35827,2135.6581303599937
4388,18815.824689602145
50729,2160.5884927321476
5109,7727.618314160725
22441,2760.5932498908246
63318,6265.946289353824
45015,3508.497265153543
55291,1979.9275815309816
12047,1617.3700340504513
51814,1252.8499089014986
293,4814.91354455361
11111,21848.828872430495
61054,7142.732748502965
8751,2286.914989348722
38705,10038.564270900737
60698,1891.3443902369022
6708,2721.421867761134
42091,1253.8862107990658
88695,1509.8794953990569
3557,3246.5504335697315
70963,5948.392728353742
996,1310.6271290149853
87504,1956.5667547569478
5765,2965.8749117316647
24543,1332.4774114060538
47712,1919.1071755276826
71551,4026.3605450220675
17039,5486.951216337512
9281,4037.7044305631084
57908,3389.995769664452
16874,4250.580670543365
74144,4494.32962734561
48034,695.7223391838224
91373,1373.2963853868227
68410,1352.4795871056585
85495,1789.8459303101354
77011,5660.783373544443
85364,883.9640119728128
9560,800.9342865069657
99976,18688.397867001768
47406,999.7216825063256
11088,1530.7178076877276
49338,10901.723970289635
98681,1535.934544370819
10893,196.45716436593375
1285,1520.3078233763
47750,1857.1612777224955
83249,2234.499954125201
48988,1461.2580203449024
66539,693.7220495243992
73751,1165.2707893511324
78996,3801.855873672938
63868,583.6065029518627
74365,1481.0476322033405
34369,1802.326581497272
52162,2702.4483833927243
39397,2194.66135163936
39344,2761.5098270206954
83131,810.0904975935186
80379,678.6270452311901
14112,5222.864686796607
20506,2714.447045305559
31233,2313.1608522381694
24184,5360.68493336113
39621,5960.795176264115
2286,3988.5434179129406
30364,1318.276986112351
68717,7583.688381158598
25028,3085.548094285168
61120,1247.0827358735314
16449,2197.578706789769
92223,1684.4329604620923
51321,2844.03859477446
51584,3174.0126676452364
31346,3773.136897207362
97956,2058.4344541411183
36385,996.6530528607582
47496,950.9272764760926
40026,1322.2832909356948
7812,702.1986208595349
13387,2513.253554518833
83314,4287.167158909541
8317,3040.2565709147866
12060,4657.388699622323
91191,1471.6397791701784
19776,13738.122075166964
88090,5442.116642667365
71051,1335.762229997158
69300,1500.3331990889046
22482,3311.2411299703126
84665,2163.474127240925
98918,1597.6324612412527
55141,1354.667894134223
13575,8124.970139751643
28082,5175.005297567737
96971,8049.166200928516
66668,3644.4642540140585
28686,2454.3986291158735
82820,1421.4982488387768
89693,1180.1005611118753
68449,2711.39048166997
54168,1805.8026442752707
49449,1046.569498932411
10992,2671.2833448658535
62498,3657.531319715442
13719,1917.5365790562796
482,2302.3960806657797
85531,10602.711882228352
17894,6385.342228258749
85540,794.9674059400422
58280,2001.4002781324366
29809,1292.9303718816245
4789,10108.784770888784
46462,5202.166223331895
41139,909.9871752111603
99589,-519.4274911168186
25681,5305.0592355542185
28655,4498.159850607603
49499,1042.4167831390264
55180,2016.3864065425269
40374,7763.297267374714
63598,-260.6688080199274
98934,693.5193085403675
27598,1500.2082444797825
82523,2243.0160751082026
7129,1646.3464418731703
44907,3351.5851469833815
72295,5220.580501599436
75200,2934.9094200009768
67108,11412.174903005765
3200,1298.0128804901378
86342,7734.486307810409
36846,1697.5120515355686
20056,3496.7735411057706
49273,1263.0757833043854
99628,1340.0403839082146
22718,2879.8317113496737
16847,614.8913455695301
63711,6114.013135261012
90323,1314.9200964233737
23549,1144.8857146852288
37113,3688.2666198691713
94313,1374.8310625221966
56565,1185.1784499483974
41021,3677.6730461797574
4193,6626.250606644806
90080,2184.998230632503
99559,1909.1661883852264
89403,3545.21497648671
98020,4330.5576170415925
90407,809.0204149349738
18927,828.5877330327985
30921,7875.029991891917
22856,1428.5231566084203
53973,4375.633755106358
25390,8030.723493150332
24923,2261.827247973968
97743,404.28762695381465
53290,2747.517494030236
96716,729.8358684474033
35036,1133.5602048365536
22065,6966.437334248415
71836,1613.1426449887722
50107,676.7740895098486
3652,1296.4368752734913
13808,2964.179210829003
68110,1738.8014760680094
49483,5073.397648802965
46239,781.3518309836463
92777,1710.642111654965
43844,1598.674260705886
79205,3109.8831262761487
57994,2492.30350194569
49124,5149.597251418274
54024,6732.547427484472
1857,3067.7946520104097
16312,1522.2182811503258
92045,1043.4725590883509
83798,2631.0578949394867
4595,1874.483237643782
74938,341.18886444081636
49351,1065.682545175021
10412,1867.9817985937575
46793,1268.3398757891146
58874,775.909690115694
71868,1674.1380100851243
15134,2238.5020025521544
12291,1296.4083569394438
27996,1390.3695028765378
70262,4863.740476443043
53695,2312.349709814473
85455,681.0458776392256
79453,1143.649893898721
72027,6205.746276083981
88333,2659.3163471498206
17177,4752.575226734069
35009,3309.204125030085
22425,1464.3429154473288
18578,1704.5382621134636
24963,4178.140547034144
51307,3324.36720814102
85772,1021.3045509221229
91074,7708.283712883578
28187,4179.0078184219465
75483,2855.9809992840815
97638,6112.5159275216865
53731,5594.592518995201
79758,167.78855846399892
66964,725.7320109898637
11053,2160.064493596581
1867,2455.134015640572
33738,1332.5599313471976
45274,7145.162505913461
58706,1541.9190491685258
95577,2386.7211300056742
69193,455.60989641931883
52848,5341.062233358183
80974,1323.1328713803719
16493,2229.619484291844
71378,4887.278608110453
47972,1570.4596888899318
77101,1400.4680811918279
12111,1707.0940312097214
10942,2121.5167621200662
47176,5401.825061315038
97930,3046.1109013519904
57171,2311.924030387353
24403,2296.5686371205084
95995,2294.710948072656
44237,865.19461346566
78706,1723.6062860111924
47096,11045.527183813665
82338,4910.117674869893
80635,3853.1745759187206
58430,4941.182296103753
40813,4477.482902373684
12093,969.0746039596065
64994,3203.593465862351
36792,3681.4743999894554
18615,442.83137686554664
98138,1159.229950468925
42972,3005.8122660255444
74251,3510.8041391473307
52298,1550.3719579184444
42282,915.3503373061112
75397,5226.883376305457
61319,3699.4643842402297
66040,6704.9596046562965
89876,2867.37196305078
8591,3139.7782403072124
72893,4467.853257514014
79828,1820.1586994709928
64118,1895.364110253594
83159,4376.084630280602
90240,2990.457410913586
66881,805.3000204585869
57020,1972.4059411362748
3903,2467.089317015598
63101,2672.0947104488114
59861,2946.1007325401783
6522,2370.5871309597132
42759,2499.1172529555765
2958,2214.3401373880674
14400,4428.320021134748
79629,1087.123594790039
12048,2933.2016809960946
30398,1241.0674402898912
57386,3649.1533502771736
45223,2283.5860924707194
28443,1406.5747362967281
54535,3371.8439228080874
93606,8439.241267402162
78887,1492.5111675371213
29772,3075.095160591056
22832,5723.02866140414
85707,3398.673126651176
63633,1909.5266541459855
77620,7043.626660764614
31942,1256.8408141338205
46977,1492.2122935949756
27222,2265.238607524695
28627,863.1604088062049
16359,5760.9250716364
74298,899.7366357016713
96634,3661.25439004299
53211,3595.651853432467
47667,2145.620620531674
30074,1858.5554740980424
80737,770.1059129452133
77649,3820.2237594324015
16930,19620.342969192578
18013,753.7316929989825
92983,2689.7346544282905
86138,1003.35749118784
105,977.1844339300828
73298,15299.186179138436
61097,1456.852286877198
73195,1294.751322128137
89425,2123.900220169617
97004,1184.2121779422864
32137,4494.196083890256
50322,3461.7698046581995
81519,1279.9977808626572
48243,1680.4533477751802
17240,2907.925949745043
50546,2979.9111549762547
24681,1814.9013014698685
7330,1722.1434430766253
64322,3274.4600321412668
78971,2329.4634464103992
421,4969.444317962943
65873,2168.3942486744163
99347,760.1815156606372
99145,1063.548344002505
13617,3919.1403347852574
23554,3123.234048599012
5221,2169.6556073385423
97242,4748.260209280579
81293,5384.224144569978
19485,3253.986672167388
7104,3822.7825020836726
40057,2145.4679151511564
53240,4283.106931506205
78972,578.7941928495584
71907,2448.30929618742
25430,137.25578842757523
63302,2184.2289724097805
59108,3577.56210497975
31383,7495.657978754609
86886,531.9639809026398
50367,2160.2219934263744
13766,3506.8361300916863
38181,665.76568682896
2828,1964.7578782302714
78925,1138.0172907787965
91319,4313.845815068638
57279,875.2768620646248
99182,876.3856400904879
21205,3543.0521565867007
63772,1314.6164919444059
16584,4533.072608656636
54594,3172.327567257758
24277,805.6300462340373
31112,5178.8194384488415
37788,6092.102133049051
28613,4085.6034820182977
15320,3917.4582647533944
1791,3979.8784298345618
42387,1738.1625612799296
95823,507.5052319491883
45818,3462.211968480079
41302,637.7263444934056
74127,637.9772504072662
68027,1205.9737572335976
34277,1505.947752647292
48186,669.5958853305174
20041,2106.678821556692
53277,4945.387822640617
53671,3895.7527829673563
29199,1396.0803101362649
36740,6955.622628626295
66298,1597.343174191134
62721,3673.29268665057
49031,1778.2567310963598
28090,1116.4286359975813
68170,1230.6069272410923
77573,4205.941364574116
10370,1382.0675499650156
17811,2132.0081990188164
51493,1468.332007947352
41867,7361.0985394551335
19549,953.4084226149803
63967,5630.040829001604
33851,754.9044116587093
40922,257.1800108333264
44299,1936.555078703334
58993,3739.9237966662545
26676,3014.244313458338
17671,3050.9568140958377
34220,1092.0533749717924
1180,608.5054772070512
64699,2246.3748703678866
45591,2164.2369073567006
12726,3402.045518990295
55015,450.6503191417828
31274,3175.052646476649
9774,4294.586334498364
8393,4250.7059686001585
30580,842.3670615523724
54095,2242.6497852764032
37824,3702.271304791559
56633,1655.0897066852942
67737,2422.6457214195825
14814,3892.855099738148
13294,1645.9281535039472
42068,1254.8621907561865
21141,8957.76178077936
518,899.9672051865582
45171,1349.1643523022558
47862,1272.4541048756278
44527,13351.778089649617
58401,1513.0150844444252
5865,533.7889304358996
38781,2028.7520595914793
89872,3341.0361391841543
3944,699.4185395331851
32782,1771.1680728246286
7673,2506.0119157495883
97663,2780.954431203544
56546,1068.4657639832571
82999,1315.671540345029
20534,4077.877780582787
23402,577.1962962648431
5790,2262.2512421666074
10882,6168.6059594432945
46875,754.6967835153059
82313,7476.231323736143
18456,1585.8146700238212
22144,2074.574855374414
25312,1763.7343680627425
80717,780.110101517555
99584,1342.9272513827386
38799,5574.563704254833
63198,1994.3569686326064
84221,7468.154417566821
60861,3299.2595840044282
59639,3391.712018596214
19208,6397.124837971045
68307,1867.5960080428056
86150,972.8155132705156
10227,2120.1872636723665
71348,2277.0999190723114
82103,1263.9461858732357
50277,2028.8744081003038
72679,5868.884979878334
50964,78.57630308273747
12521,1294.8047988280214
85266,2352.58709854366
41790,1014.4212527588288
71559,1241.8552355481515
79552,2855.02502586518
81611,5254.351669565525
79823,879.0501566603425
22384,3018.693376723033
78157,3043.932496577014
36274,459.7645329393872
27900,702.1358162903812
70158,555.1071508589503
57643,4692.973417251507
37461,9603.771273056336
91902,6112.362986994651
25489,932.3911556166213
20112,1016.6134145846836
3141,1971.244640989926
63145,4165.143265190197
30930,2182.8649708213925
88191,2368.645069703292
52153,3800.079116995602
47161,2659.8397813067913
59432,3928.7406244170215
93908,1550.9002170160143
73081,1075.417951947696
45477,1034.628834090839
41817,2181.440971247957
68862,2376.8431759529285
57781,1357.1892348273668
34365,4074.477571397931
60760,1543.554011196546
73562,4691.332145855273
19535,708.5541454321115
3462,3307.7369179183697
57329,2989.807957542807
11363,3111.353658007459
38724,176.76433098986308
63336,2469.4297733988365
14875,3271.60520769014
9952,3417.263111626794
72398,2383.437461903998
14946,7980.978434990611
53639,179.06202301494886
93090,1837.4009788774529
37138,1190.012193802373
88784,6238.258767479156
85671,7747.542685298077
99309,3700.4430769787778
49751,1523.7681128560398
3833,7999.926687384627
70723,3012.463186581889
71798,4681.765450246676
19633,4430.646219147122
94741,1418.6513410966218
42578,600.3391757748723
45432,17763.903523721936
22877,1439.3509807631358
71040,907.3073199742043
69742,2335.56994629355
16059,2209.2167332236254
67887,2117.9473473132275
62908,6921.894563148895
23975,970.1505220629101
79889,637.6005404258512
42706,1977.9735583441734
7946,1073.419637057747
69060,-88.86419734026549
67534,3885.9410213665333
76672,3542.273787656388
7712,18787.649628236337
74871,9638.701799756791
18765,3892.688008788565
39926,3816.0598131549514
90206,2990.5172094077934
80990,6827.792777061148
16640,2012.9211134009893
56656,1259.0812257387884
20743,2290.8274225587356
925,2067.575995786373
85598,9836.913261152404
27822,4931.125336205219
96094,1380.540315753126
88528,2187.1744886010024
95713,1556.434646501125
41582,-66.72230952796053
14859,1779.397792525451
46274,427.0935632971318
80359,21522.43241641522
58732,2139.2389205821687
82337,7951.5894343878235
80760,2812.4940332033048
55867,9401.423569027262
91345,1812.1933393551355
2889,7031.278283003854
15467,1373.8372480190355
10566,961.3986418186446
42038,1257.0762251211609
94225,7680.370973509285
70619,1414.816196085405
13388,1691.670678905148
77270,2676.5721438130868
96846,2871.7184403481165
20761,2816.387865561015
93434,1207.456123578127
89295,4408.186345952661
17848,1819.2569655035832
16542,2465.7041488872565
90145,20009.72091883845
60883,5292.423754092786
31868,2845.0147489849405
4204,630.8310076369671
48140,1164.4712325489686
70613,2156.72267920626
36774,3575.7583656923734
70349,2063.298053647576
59554,3696.1543371182943
14015,6086.167140273494
63407,790.5515936849797
47632,2162.3955613483504
35048,1003.6339859297968
42107,2739.719780462177
79244,2540.51107322878
83515,1067.6870982405485
64640,7173.800420840971
58060,4000.280898405842
19695,1727.0281590662087
49170,3376.207537910404
94307,4236.852500135081
90991,3717.8052061634585
23504,2252.2478953088403
99151,1094.4941811855515
22206,1468.945237681708
84987,1939.309442204527
86282,2720.6473738281807
38560,2053.0954621937217
46165,2005.3644570383412
39824,532.5285782514256
20466,155.21082455625128
66559,6197.839740604924
72445,1935.4266542511582
85992,2629.1945248350767
29712,2807.4401222505207
34652,1467.2470159713894
91517,1847.5028747209547
84421,7426.247786461414
12993,3510.519493189157
37589,2235.967431217526
81012,2440.7469003724564
38364,5498.490088634992
53923,4403.877685164598
58396,-232.28520151550993
89495,4263.375986636114
74426,2534.830195637014
83808,575.876506519347
10169,1665.9298744709026
14701,2011.48681986102
38521,1334.8434369736851
91665,1620.3096395216364
1589,2643.3639780224235
14488,1440.590461445011
35851,742.061056511564
32276,3638.0231762728426
1125,1872.2551845448172
90645,7224.024485376065
67619,2337.677437778364
1875,1655.026816824998
2409,4225.414016642295
37907,6985.811835214405
88513,2256.9772973201734
35332,69.63791801750449
15261,2697.18844953148
77999,2061.0518294200356
43044,501.4707499503629
96977,960.476891696092
99821,1647.199468909112
35248,6319.125393658005
17714,2905.340128289786
66206,259.71380677737125
81849,1892.2006063715528
9565,3093.461088170665
59876,5934.106195052593
73032,1244.1026674556547
74400,4527.295040477265
72115,798.5550857027688
39113,1434.9265034381524
50100,1653.2658266858746
3965,87.70357875413629
38140,992.5508424151403
28380,2324.5048047996133
21196,2011.9393398572774
89442,10531.782819809265
68174,10811.831386733576
78018,1079.0802043108624
84418,1401.007144841944
93379,3025.5737532372304
7768,6213.190365096203
51944,933.8257102125913
10103,2205.950321555509
56911,1807.002637756727
11961,1251.54531371629
6415,2313.1236864815382
53703,2518.203632208395
30329,3735.597986491143
39056,2061.113238994988
76085,5185.467091519902
71286,2977.2989664341485
2052,1477.2597514277827
94841,31398.79981505312
93665,4446.082991114473
5995,4010.133710613196
2138,2896.5604519358017
71481,17081.441691736538
28262,1977.2118164849853
53071,1847.8506333475052
2231,1427.9028122206637
5629,1402.479953127839
84155,2506.21886435177
7230,4248.439760350198
13249,2013.7485242040025
78963,3576.2063842692933
74786,2974.8456353867923
17559,2961.544368252611
80715,2314.484698082141
20468,6143.818884345862
27523,2730.311034086096
52174,1686.939705010803
40293,2862.3284551944776
81987,1054.7570574018773
53365,1332.483371298712
83959,4001.386334679239
54605,1373.9082997037472
88074,1201.0941339201322
19804,7244.034851359404
85164,1631.75283882229
95808,625.5061804796487
54005,3347.5716073116732
917,1512.8646048482115
66116,1739.3000798632547
26584,867.2940880567462
63794,6022.8969975221535
89952,1027.2453372019281
85465,1856.9392599568991
93708,2428.2506522391677
9381,1543.3016663369763
56248,1065.0749750590749
32952,1584.2695834200035
49140,1369.3791193755565
45102,1408.875533401831
61210,4166.121871227477
67092,3302.2253313803167
38333,1711.8262290608022
94487,951.4147188036654
38852,8091.973639212737
20738,936.9601841201124
26101,990.0955342056777
24121,2019.4430538196207
53147,420.12121558793115
4002,2058.760289669885
15738,2808.6175256873044
72897,4206.845294302076
80518,1341.5311082426529
2830,5543.621934484896
91560,1630.7741430903548
67289,3039.0733431632507
58461,2690.2942836779594
76033,2245.1577864994624
42450,2432.334482327369
3588,2023.793083777855
77790,3814.647546933476
4851,1343.195162606116
39224,2306.2663533894547
5321,1088.8994473073535
32249,3311.137516239075
29342,1456.074111803901
40570,1783.3950658510603
30045,4188.848381956972
38629,919.8035842551508
66806,1764.219305105579
3131,3435.446452231406
73804,1148.402892388336
51672,3871.3477719248267
49214,1598.0324518980633
92387,675.1634804222704
66745,683.3186127413419
72004,4028.148385951545
59161,2946.29934547789
16676,920.8907355062029
86115,3998.527730424852
3909,1171.6643177777096
82625,2097.844776013756
84,4454.023665256347
28241,2301.195208360184
40242,4272.873578653726
12705,2309.7297890274313
39177,1128.0100220614781
78974,10354.92036909897
12241,5707.164857363113
49316,1802.1715008467606
61217,2610.6879115079673
98484,2899.7571906080284
42407,1870.7021573715388
53230,1897.194921116269
49642,2189.8304845353537
80606,1182.9377577308373
14977,2810.8717777731154
39417,2246.562674459472
14179,2540.7897083712664
22715,2572.070900274484
72521,1549.1347893127777
81695,5101.670797811669
7007,1627.0483455047074
47085,5595.881032566984
92155,1086.2034051437859
76967,4233.048265492515
59949,990.5841914029365
88273,91.23637254502455
86849,876.8316187613841
33441,635.5159519493204
5675,6017.499500999349
5507,2006.3280583789342
42597,3213.629519736266
71965,2668.75586113088
65499,5072.305688067947
37660,2450.6034964687487
99887,3227.627226647217
31672,2932.1303429748345
17913,4239.958062591516
6088,2988.5700331636226
50829,1127.6719691910253
49475,1384.6719914266205
47277,5606.62885152548
30514,15314.419316120131
84633,3288.5747687092503
16536,1381.9347801844133
66567,1122.1758887261344
8092,5742.144901923001
40279,2681.039593635944
99465,125.74686393175216
24198,2184.6574679116884
1129,1760.2754742580828
1038,3823.8299847707513
62358,2292.4971506957063
17534,2824.159488889696
1567,1204.0761504922975
62129,2707.6489845636484
48175,290.5465428385796
53325,2404.6228180805347
28717,3399.87462309501
56277,4989.697202902818
61557,2936.131491040356
59489,5832.909389357337
18768,2761.7457559126474
64580,2130.199251282087
50990,1437.279463743222
38806,1738.56260620036
10709,3421.334891904433
96385,5160.353510285671
47499,3554.9134429872743
36319,5521.197432535083
39006,5390.1675268329645
87012,2499.7525942764532
10622,1993.8319754942647
49012,2324.0794511545505
3110,5136.054441323046
53959,1915.3898885161466
57208,1822.5036368880587
78499,2485.8117461774673
46264,2625.5370113598105
88816,1514.3203114606408
715,4978.78479804564
13554,1798.315512082421
16207,4615.032064443147
96869,1082.160254035935
87606,1483.9965086098282
71369,1586.070020167127
83142,6772.402214423148
15836,3965.1413904451656
58662,730.3610086832778
22264,3055.583285575846
21060,3585.767873683134
39341,2469.3836602629667
60535,4118.47646372386
73530,1273.0334203382672
71179,2920.14870339726
8156,2176.649378525035
99855,1349.1506237443477
52476,4300.215818561919
75117,1629.7979139903305
42256,1477.0249462116276
35792,2741.1518898520335
36021,2765.146472124572
92473,2961.173401594401
35253,6413.342182990291
93008,1849.8909252601707
50455,4289.098897752366
83452,3345.2784763742993
66068,1942.0974311252685
47571,2600.1993416566056
36763,1327.7616403607558
59578,1620.105625981275
78068,2166.9220200563695
37862,-23.736862934629244
46106,6514.189652852646
48544,1269.3313408939157
36470,678.506442368659
50175,3603.2138375150653
43633,1464.1516762103142
59823,2028.5914306465484
90693,2150.136194196425
89140,9469.773123098194
92218,6586.625098112987
58573,1473.2591462373534
36350,5749.404679060884
78467,4074.5070996150157
83720,1784.8864601961668
35377,1094.7018146767264
86965,2452.0221533035356
71703,1503.518518553265
1425,-338.9655523251008
81727,1286.3507361734232
14060,801.4528023633375
37753,1466.89800537183
20060,2919.7192473648906
66260,903.165568481676
86355,826.4390319957815
94727,5161.621204075008
88921,900.1925538710625
72793,5323.241057585043
87477,1928.2287487735557
90187,1378.4069782630518
55334,3683.648012521964
47946,1044.9444656091273
42370,562.9444343893911
98745,1882.4603953135088
92616,3036.592227657838
72279,2058.7735298373536
59054,1044.0919105726348
35098,1343.082796831868
58632,2927.500222717285
96691,659.605027633334
90134,901.0709896821108
49843,1191.2367245337464
87525,2638.993604396108
44296,2452.8477735298397
74647,2191.608556682536
61503,2120.7512651890656
1247,2262.48169106021
64339,1302.6219057308208
20155,2385.070646758803
25575,1913.284952383253
65521,1514.568119662586
29323,3545.85039756811
50476,1564.3529880570463
17647,6024.273344725831
2147,1074.0572122791891
94121,1914.0613787263358
41077,1554.9383406761149
88165,4232.178912174095
44911,4574.162666034418
86179,6039.320499183246
28013,1130.6401129801297
21696,1456.3118113917221
92501,4284.636878222382
81789,3521.6294393024336
64969,6372.460432537313
45045,1735.4418499764893
36617,4157.466540801949
5903,1657.838198979472
3731,1417.0188293821043
10340,600.2335882308603
14093,2304.9381922550956
70035,4574.3069477433655
67343,2925.240384731952
9360,2612.0425327751495
19613,1591.9654590241216
54687,869.2007491261038
92271,7140.277362930512
88399,6221.2551994744845
46333,1730.426213543812
5250,1193.4277378120773
25287,-17.428391070059206
46169,1323.2927140478873
21316,1584.3980581569153
10143,743.8474094475578
48659,1442.6543395094072
97118,1540.9870602338365
28833,4270.187847939615
5167,1850.5452017253529
70665,2392.356296007213
31188,702.153662810962
20236,2491.94343429117
1594,1117.8097900527964
90251,4729.799397146459
64671,720.4578905222875
87051,2439.7265204387045
43038,2064.4773556106757
1554,1378.1730134635632
24946,204.64986298949088
78729,9323.850407596963
20644,5670.748747459991
43465,1293.802140010237
83717,1482.5930728785543
17570,7112.402388615448
66391,-4.997390271281802
64571,202.78738875868657
98754,2897.0868195760586
31261,1286.437024956028
92804,1105.3185634891197
45195,3833.6969118261945
32170,398.8118443090907
54193,3219.4497043571505
95579,7279.369634758157
81609,21304.18848756326
99093,-389.0681762284589
72219,2551.7925501892832
93480,3239.41884231265
41310,-543.1318127943196
37198,3800.725915912891
97628,2863.812886884591
46582,1477.3500438095166
89155,7070.429016620958
83236,2275.7470971187995
53636,243.8934250109096
97326,4710.864324652158
52197,7523.097767788919
77695,1639.1513760196995
27452,195.26173643430047
62657,2492.3109241208563
86816,934.2144118151796
96903,1733.7683059723552
82208,1719.5314816354842
56214,4037.8915209563174
26981,2303.407017700674
9541,3931.5609032983834
30362,4446.806027510288
54425,1653.9351033428952
62484,1020.5521926316633
62751,4975.435533345448
90581,1457.9886783894963
63194,365.47197727592265
4259,1781.8771240468827
24267,3929.696856558776
22522,1873.3313447923028
37911,15666.367438259284
95757,4179.848344743906
32090,1081.2077245830096
42244,13159.136622112132
58338,2399.617190948857
60201,1909.1144624928595
58574,2361.2544909218927
71437,5702.618126963025
84326,1323.8836982980065
71801,2130.5379885312027
65188,4438.646914171315
8198,5648.296426410288
62998,4139.490025237201
93263,2839.4677035469917
12596,3024.543432546109
24708,20617.179817179604
87650,1599.849338821583
79498,4154.139845206415
68836,2363.244424172268
96776,5374.719232733796
3976,1464.2134025915261
48559,7883.4668075300715
54735,9676.126942675148
8874,3125.8113253330084
92276,1384.2572370362159
83652,18358.011855473327
66640,1241.3063061637677
89117,609.5866010388663
74191,726.9036314008513
73462,1626.5509443754447
54036,2708.0342120817636
80605,7483.226273444862
37847,941.7265135627586
33427,1881.624994706977
13770,2454.171678488185
47058,7855.944970551671
43806,1379.121368730871
58608,2661.691116039503
59987,8120.233405867766
86318,2170.0783666237976
869,842.9518611841513
68238,2206.093931413177
35077,1210.5326171166125
6746,1362.1732990283717
49299,2129.5842989918956
85423,446.71275851639894
21347,1067.8179830534564
62729,2728.2891321836214
68218,2323.5080578119623
59538,1925.3016270741637
11910,1728.9053102412959
49842,1923.6975292677703
3057,11119.371607024239
31450,965.982877041984
71847,1922.7231891560727
11560,1085.565414385058
36499,18533.576170292014
12613,7789.566227467432
16100,345.2865036140993
89666,1029.361489357425
44011,21105.393827037515
75226,2160.183384572497
3307,2394.5472597147555
13223,2853.1848099599247
55549,350.7731963689853
78238,2794.3126598627027
33159,1182.1213042973905
70086,2076.473954880781
92453,2135.4786528042205
90533,2344.0965952328415
62005,569.5009276677456
76492,1641.978231897678
87117,1770.9847393884436
91458,2784.832228726362
69516,56.99848023648792
85693,689.255338591031
70413,5407.694191970251
47735,5075.794560106035
35071,1928.2136168784389
99830,4195.3442448238675
54525,1714.89425584641
26908,2283.3000545123577
49862,3890.9650002703484
41165,6418.312000791586
76386,2598.7781564797738
2799,1641.3284348510983
99403,1728.6993139621268
461,1116.650774164179
15914,1797.0408947774376
34106,1104.3797738673393
80545,1567.2544264402095
52379,6120.264125766667
75174,3059.7663392464656
96104,924.3443689112137
92053,1536.8415539943412
82177,1199.266916562567
68160,2655.567901041372
65666,5186.465689253173
8801,2652.8293181258464
81201,7733.087246932803
55257,1384.967010387591
83490,1285.376310306318
92945,946.2645218874836
68599,643.5445251534038
44306,5638.799038133468
54655,879.0093902187391
14009,3312.129308641488
52262,4110.718570819055
97012,6695.807453147649
38317,4363.186880053541
66,3466.6454281210013
41681,458.840925319957
30273,349.8294351828581
66028,4691.053329226058
8755,1222.3356210706288
82176,1790.8674573892774
34366,177.44387787101732
10765,1804.421714705035
80156,1021.1741171674748
87872,696.5915610034945
97815,388.3546894979563
57447,9299.707242120625
12493,3189.019352215327
74627,1470.0379054945565
35189,2472.249907363887
32002,1817.916300283278
36065,1449.914822846093
89602,6363.144357744755
63600,657.3240899932434
6716,7235.346700651709
55990,1499.7979031753443
40919,7124.721784015639
10320,2545.7425862685677
66762,589.185297386729
73117,2484.6650172472755
67545,8453.293238741535
45203,11890.484768088976
35043,1562.2295020328734
95730,2430.1630696420316
6680,1672.3615844282585
27683,3227.1612394810227
94441,2071.2960471055367
68316,1585.730247831756
36284,4470.88340337515
5614,1190.7891829164046
73517,4787.835259111331
13604,2792.5118401678747
15627,-228.02850860399576
18085,1824.562041653487
31350,1262.506747540384
69399,3973.463509247031
33830,1684.6621959122294
17903,1501.983120521404
46645,740.5037712424719
12005,734.8154750678532
35480,1363.9882443176011
89304,1539.770058696257
13266,667.4459783281836
65541,2981.829498926876
8814,4162.832738219423
55917,5118.807689066349
78708,2913.9077112784616
99280,1735.556045149087
67831,5363.95966814674
69309,2426.2075369498225
11923,1326.965723128852
54275,-221.43052836060588
34159,386.4683782016614
66792,2834.898747124451
45282,4120.935124452301
2845,4267.099097172813
78011,1670.1609805859994
52707,719.8135434187075
72365,3245.822302676492
21292,577.9473167598471
26504,1688.2636113890976
36459,184.1677670333379
81830,1599.704863643149
49241,2356.0991472118503
98876,2308.4749487021772
36524,2379.9246076661857
95557,6305.757425145607
87828,1157.9034045136655
18573,1394.9864482918997
38808,2699.221756064393
9740,1435.87698989523
13379,2459.1893295950686
64531,2563.944084234313
62784,5706.385103642271
64299,1751.267107639456
12350,5946.481994503997
76363,7850.32854232725
4635,3379.967229443013
69581,3851.7796031911103
56563,12476.937183998034
61004,937.1117949512463
9118,2575.944781821284
28008,1534.619909216376
31399,9017.969994328254
72305,5038.043418166699
14699,1872.8394254229202
7082,2445.853653947697
40890,1423.7598114035445
77792,153.0555693097017
66050,7148.089697040479
48483,1180.770792411502
1204,1209.1495829977312
1512,1836.8900261298957
41342,3359.541774379537
42945,2667.144614088641
51207,2370.0050754182157
78844,1553.5355709886785
58668,1762.7615059408001
85186,678.0483363255403
85001,755.5929920809713
27764,3818.589018584977
144,1047.3973942647544
56663,32.77315507066487
32718,2537.6899209741814
86708,2793.6769938144635
83888,978.7021266323168
59004,2235.162286840922
43480,2911.461515481319
12395,815.6881319895929
41504,1111.786824590647
21297,1946.6878402327743
72327,2306.946871566519
72935,993.3515105683728
11883,2177.8546471737172
97644,9416.51258473294
60364,597.2182361011805
51675,3129.3917284291483
57246,3470.216199790168
38933,3072.660418189873
36229,2758.487973349176
40429,2507.3734467863906
71321,6844.648129012818
55996,8649.828240161285
8123,1694.0789107874875
91874,1622.9362319390027
20807,1467.2196776149958
64128,5179.85917133257
97426,3090.8770370063216
92557,1226.8358454116083
44732,1380.94258899233
4083,4730.866381736172
52888,1228.621590004298
2369,1288.3532836326758
70874,995.5527539566028
20585,1784.7241561512185
67937,1652.940616054299
52167,1730.714125191142
95458,5282.9572398178225
29788,3456.732975651784
71589,126.33783498172215
63165,1023.5491991679883
29357,7910.224726974469
13518,920.4229862757938
87278,5598.1763377999605
73838,1790.4147674110002
34111,3256.4868814367956
48665,3608.8741306066263
21563,598.9563773361633
57987,2174.158356023949
35596,962.0384823298855
68165,2081.148319699847
93091,594.7044254876737
90964,-661.9449197046661
92667,1294.4728637558355
74377,3580.4595953177877
35940,9857.185075395391
33229,14795.338428195948
17516,1257.6024274296615
76876,774.9037911797022
70887,1210.6650526202257
44650,3545.0346669746878
56301,2655.5787190382266
46447,1350.9198438864937
18137,1983.3103460233579
87136,1090.1221723426297
68976,1316.2990460873561
96850,3602.5906014993952
89357,4515.706448613769
92020,2654.4380999423165
72086,1328.2864964661817
93812,3320.667828891388
58203,2288.9939223019296
83252,1483.0339547392596
2558,1915.1309407549152
66069,840.3297916682923
37320,1613.332399193571
3698,8104.95125480722
41813,5072.722670109358
2877,1898.8212291719308
3059,1400.2129093971794
25883,834.4591086077858
77118,1322.4354509450905
75475,1573.7192859686902
34607,1404.9923731241088
72496,1364.189797883295
47165,1063.1093834807848
8650,1538.2120356219425
26394,973.1002218239346
98716,1412.3698967847436
95648,1909.6848435968914
11250,773.9471375766366
90608,3894.2349863549352
97053,1682.2037232372845
39533,3035.6004988645254
45913,1383.4370769043926
16425,1111.5084705344552
20110,1172.021073545011
99956,1217.1377059060542
56582,6356.315718452424
43592,4082.8477416695305
74159,1588.3867371320903
7549,9139.581094306719
39406,1106.705208491549
8191,799.2064444723605
28948,601.0312447400465
26996,1926.4092485892893
79360,493.08084810113724
72547,1104.8452807069152
10238,2156.033542461649
18625,2737.193144539551
56580,694.8335920741442
31663,3580.64821148559
64642,2676.3666881337977
69327,997.170598205209
59438,10887.68103396727
69707,574.825579137243
86298,607.3714349567772
85263,8545.572342060259
72488,1112.3497583974786
76203,6217.477256715092
63686,1725.6428899644031
29727,6114.960413143448
16498,1637.9227242937054
47283,4241.047421903477
31908,1973.681639136647
56072,2700.91428764635
59297,1367.0965883363601
52105,1269.5063800465105
58945,1478.2337446443485
20037,1794.3982037094995
29972,4487.931740246366
52866,18567.904869884125
3745,1732.91250616943
10228,939.6100681829166
34263,2690.3597756430418
14618,5069.652954108144
85041,889.923456299794
66400,6348.34895777624
55120,1686.082430946094
86621,1837.0713817259175
49972,3141.070586669267
29133,-365.3870462249306
80027,5980.018544387294
96608,3419.3273395117044
61613,1514.6972617971787
53726,613.9935058045257
79152,1078.4630499048044
15954,1205.130460841729
49503,747.64544771174
32928,2803.1190624335704
99703,1318.9591332088398
84020,841.8302348617672
43084,6535.523578958335
44938,3165.601115008054
7711,1914.3444829345494
17525,530.1053861705359
67795,1.9265437288840985
34951,7217.629934163155
18715,625.9339446483455
64185,1479.1732564575414
82431,2008.651573491939
95283,14928.154330989008
85664,1683.343170705246
94828,3955.567120704495
6144,1068.1514637146443
16066,1658.1975981965143
29518,5176.558836333657
95,2211.0742608610594
26517,2899.2112621789756
24806,-572.5067422167394
29881,3993.8309075349466
26355,1468.4844928666057
69524,1846.084330902907
85321,1067.244592292046
87015,1651.6071588912428
11451,948.345300473693
23579,3688.387126924498
29054,3497.86479508414
67956,5307.050121423196
21629,957.2285177146505
33077,2323.425348616888
11160,3182.643472829308
36745,2511.62750317566
58327,868.6707432353405
94253,2822.2482003292803
79369,1760.6107634585612
29155,1581.1743877949962
20617,2444.091858462939
9635,1296.68846808618
383,1099.9863672894817
93850,1214.9292302087229
96921,-93.02662868665902
91443,1299.2044711034268
10931,1346.1380367158272
55143,1890.8276699869014
54971,2097.580239519908
27319,1043.199987066056
1364,1423.8178570227283
46565,6159.720000613741
17342,5942.979493538414
12078,3220.1127833872356
2757,1365.1769553961362
3130,1192.7729744057906
53686,5321.8981956519
78453,1002.7943075763183
9728,3046.654753696134
66105,3146.255541593349
901,5188.654998877327
82664,2280.34198268068
75388,16256.240842078274
59901,516.9630365303924
27649,3194.210827686382
85108,2014.4243934034253
53316,11461.049510715537
17389,2430.47561932377
10356,8005.563892976737
81687,385.0032020350627
54391,1047.0949368762504
66641,4055.3834071774772
55177,1987.6197202050976
45085,33.73012909772842
79704,1648.8966898743072
81251,5890.372185440585
15034,1957.8465245829566
3270,4735.404440905033
20762,179.83732121999856
4010,2183.468919856894
69512,2553.173307254814
63515,2944.466147132779
9548,4123.550695668279
42838,1523.8790064979712
2907,1406.5736461132642
21977,827.3244584632644
23808,3318.109362489536
99230,1827.6063975686
50259,525.5084279135044
86906,13371.518865502263
73473,2083.4260932633015
41097,1110.540652711999
30803,3751.7686710821754
70855,2869.130785457092
41443,1036.0496846253673
44529,4279.86803495477
30902,1306.6980449779485
64998,1082.5565980071215
40817,2476.525396434876
55885,1900.0114083104932
44500,3365.8722731439666
54191,2486.7512841249836
20280,7646.163570366713
46803,1766.0137351600983
1465,2063.034276954247
2582,3788.6360326381273
42570,2279.081685749231
64934,3057.2049412549613
61592,10310.57089643825
49421,5260.645184185772
63503,3910.0029627733
64184,9614.645898990173
46504,7419.240259374219
97217,1355.7751411365675
27908,1145.0387024449242
86266,2265.2178256352768
95527,516.6586157445095
31211,945.9375069245893
60442,4646.021996472044
34617,41.04651583613804
70766,3044.8377904656054
10237,2721.553408165682
4648,1453.5837351513342
5273,1738.2613131381424
83189,4203.698902717425
1262,1947.5319958879186
60510,1462.5083425998328
76155,5403.863496311191
26032,3958.568344274191
69093,3070.683834151121
77921,2894.1997238824692
17541,3343.5611761228733
17413,3016.0593765643034
94848,12174.441262299415
80766,1924.2590957544235
80396,11394.871602557216
31445,4628.2502925338495
31301,1776.4968487823955
2438,1720.4893582220077
44258,5575.603652313797
58824,595.8871718754967
92183,2843.2357693497993
16269,1870.893135159304
56677,2799.5803177125954
90627,2120.544140942236
11865,8325.857662217557
62851,1025.25934843897
47497,3804.6986048898057
85748,19250.710489959005
98091,4033.5554378837164
45337,2379.807169396324
69700,2522.1813794990276
38323,699.8494491757383
44118,913.5454524137199
49898,8571.090622916176
21919,2528.923704810115
95061,3708.2198347710496
44029,2766.974885515495
31892,1507.4875811581705
3730,3731.538670101627
38441,829.2296901211848
16606,10890.06952247446
77651,2282.187037056529
32798,20608.30457987373
20005,4134.464929613895
38675,2569.6836119065138
82790,2856.6087433714088
71427,489.17560181712815
8345,3856.0319397717885
91389,4960.50770482
46350,19957.853927902986
19488,935.6001805979836
19595,785.3827494110933
4640,1329.6617013019004
44735,1731.03989009021
36251,2706.820468671697
37688,1980.1352959552023
41604,2443.637319852801
74596,1285.701963591643
3485,1351.409793231992
55731,1370.4868234983924
61032,8459.658814685266
52806,3729.2046708080793
1152,4475.7376371180335
4251,2204.9561992022077
70484,625.661966529643
59753,430.4752483126763
37344,2274.1355420704567
29958,2448.90419428377
29196,4585.694274850869
26684,1134.4021363276038
21223,3967.3032926886904
14521,1826.2337603987107
37982,3820.3428718657874
91230,3108.490676658009
29927,5621.247214822133
95013,1710.7852512390068
13034,3383.9753554200934
32831,452.9732760794136
1584,5605.434175897865
30208,3505.413144044904
37463,1072.598403389352
51087,2207.685553505953
98304,3143.8825725617053
60033,1437.0063630047662
4538,2228.6979377995967
22589,670.6420371882032
34444,1621.6217540884033
66802,1564.7032603434286
30938,762.1180009534255
45479,1085.9648366194097
52072,2437.262522693016
30767,10234.092281228905
47870,4922.650744573744
95437,1637.5856553209903
92940,2756.1850345719786
54515,2287.618734530221
9523,2325.874854554102
41515,2335.970937895819
6739,8532.813178431843
53351,4296.34824375741
98002,5476.270764546917
59627,2304.0464986476004
78061,3660.1603881579344
65319,2496.8705447048414
13314,6148.73102839151
64550,4616.424709041502
25042,7233.523554763535
87646,6021.046672869712
7465,6317.295399278946
34326,4280.930617346339
63985,555.5521772039365
10158,1399.854032628231
20623,1873.7801191658198
95559,1834.826370593741
79277,2326.3771000910965
33968,4025.781036245355
94657,4090.218911906718
66402,5247.273882909853
34848,1748.5606761290298
78828,3283.314103509357
62158,2299.271725732582
43713,2254.7962268986444
58508,1313.3621263941704
75844,1621.2893568727313
46513,2088.1511026209923
25484,1443.7078419406093
57925,3730.552732303117
15853,1322.725655469661
43279,6500.223340531731
86756,3255.6417181301194
21095,633.8252220227268
64704,2566.9656624458144
70214,1119.6593324212895
42777,7042.334253253006
79142,3730.7831410124318
44088,-146.07090936783106
8385,2682.146195453007
46893,4969.637303285942
31774,8171.916490937784
70143,1322.1503775649521
4052,5192.677635866703
55912,2139.99710645125
20396,2129.674999162865
70355,4003.4063432634007
28225,2697.9546852052217
14873,1362.7438859196768
41898,3581.553318107308
50138,1575.5286660535407
2779,3153.219801590255
3560,108.7795609660443
59361,2313.3288557669043
8221,903.3071271076224
95878,3308.112417665897
32054,949.984360607808
40679,153.93438223781231
93716,1009.3986373102989
66684,2303.342675545046
75456,1066.6210670667806
88484,629.0140024963416
59794,35200.99901784797
50240,2576.5305710113735
95414,3948.4296987422213
79818,3552.3249629046686
16361,1612.512588407661
71141,769.936917629565
57478,2702.8765680037964
46726,1618.744859245003
72500,879.9067401618372
89187,1913.7773771537916
43574,1383.3065046570382
84182,1907.914299077295
27667,816.7415320432856
96389,4141.580983637913
42380,1103.309308237448
17339,13994.870915078202
84299,1576.0693682381748
54591,4095.448942304762
71926,2630.632480312006
60016,847.2492809890186
3514,1002.033061357196
94759,1364.6782410657047
68446,935.6909888712157
52279,535.935653664932
69933,4555.583151259347
10451,2819.70125894045
67814,4964.578616427509
64017,352.3082775832627
32341,3370.8598567149184
68754,2943.980410028497
28156,1980.2854113351425
48681,4293.508261141858
23801,1578.5428204587015
4367,20297.42421164812
16858,1535.615628575838
17310,-315.2166412757074
11193,9694.9494075591
80364,1975.6897568321465
64360,2953.8260676890973
74817,2232.6313947707677
96719,3241.673380347979
11576,1706.5881094424865
39854,825.2896328691686
69937,1458.8745468278212
30387,1451.058277628104
9463,2953.2981361287834
51708,1974.7060687887174
76184,-693.7405764793093
46711,2496.210290404218
30095,387.1913871667184
23415,2169.1406347738853
59452,570.3669665702819
90360,1444.8440940262617
82760,12260.01021782126
73320,3508.0154277316797
94342,703.9598823844312
98580,2915.886378439388
54739,4526.080750863045
31111,2294.089347829369
67965,-77.86482399159468
72675,336.576452076587
17522,2745.7591822227855
57173,6378.406163427652
75424,1651.8459468260166
56589,3576.1771585269926
70810,1615.7683975103917
3556,-147.66802933039617
82511,2433.071791504075
41459,2432.244769279586
93389,5931.937464661514
59278,2445.2294401715462
22304,1620.6122304408182
97952,2696.3158559427893
46886,2380.04348028392
40769,5125.615669695858
25026,1890.4299647899766
89344,2374.91183187154
98917,1305.3896076878796
94099,1332.3894808504033
53722,-334.95511745215026
88189,3916.90574537848
3175,1719.3085249197727
16504,2339.957966961936
46348,2586.1275638026927
68223,2388.783287793791
89150,1464.4304333512728
77659,7965.523567193655
17398,994.0582495959734
88014,4139.516016009158
54946,1851.7024993985294
70552,3409.072498927847
15147,7723.670794870658
59447,1146.6167249655628
6354,2658.6864666678584
80400,5767.918270574574
8037,2349.3523740472333
60732,2866.8405143353857
39316,2235.497449254185
57234,3079.3635953592798
46275,2191.671739087307
58693,1792.9168111976
86705,7023.089605168103
261,4401.8554395612755
57429,4554.179298609442
82495,1134.9427927205584
96200,1337.4327769208621
44979,2524.073619519115
75777,2740.3359063818943
19758,3202.77743626404
17567,4885.65122627228
54547,2182.377856468093
8014,2076.1764071515454
99308,2229.7445782734558
59211,696.7197917524372
17699,2032.5468130872282
5476,2783.5979995894213
84126,956.5889776059294
43063,574.8047852553736
9191,1264.8128427784368
17911,1673.4501831244108
8881,1183.8386323959949
32445,10286.964199878097
11380,2066.758120897669
80643,518.7472967782082
4520,1316.4093818666333
68484,2459.582401396803
25640,2092.3329032676106
66863,560.2482681462325
92266,3180.5318271124497
44827,4356.116462353638
45653,2043.532064864138
83870,3602.207729978438
51110,5077.010587727781
12802,3404.952053711022
68326,2633.4153460503003
97607,10375.728872500596
27,1722.941637854524
96542,2236.2559662371614
82932,1518.5220394463454
11033,1771.3407135795474
15567,1857.159155747633
69433,3396.3977124558464
15257,1315.7698366345403
60237,-200.18062761773763
44994,1991.522942021903
13113,14988.963351104772
25967,4173.914233896505
46461,1665.6901435401257
8465,1629.2077511645268
66350,3038.34413837795
63879,1227.187132935143
58642,1461.6415557161013
20240,2353.4997937942135
19982,3836.007745042143
14322,1203.667409008704
62137,429.23529703741315
4292,535.8169238398414
76467,1075.3099449349193
43543,221.5152203077032
13755,1731.8307288982587
56294,-175.85058162127734
73217,2580.7608457541633
13280,2830.2450779755154
84404,1185.746979612236
75629,1405.6139833847183
53833,2507.370179555547
21729,622.5481463277765
47320,2546.375415823959
75046,452.3403696776627
86490,12072.669155053625
56384,1651.7355620391706
57493,3331.264628075274
2338,946.3111210903617
37992,4624.848985101991
57789,3859.3342379609635
51954,2748.3912352250745
27970,4918.1048192422595
46949,23325.078658041108
56327,1995.4081138493561
24461,15156.48357615057
64187,2795.502943099084
3949,5773.045521392976
67651,3042.086335409542
10652,1651.63689588384
14733,1548.8028876177991
46505,616.7114452160499
62051,965.3120813340533
21270,2520.6181716992683
87900,3725.032204224346
87197,3326.8644763824987
5895,3207.7008752622264
17520,1267.6513812189205
58473,3724.597897607009
92400,1711.5351435255618
9879,2424.415516926994
66199,2078.320298484051
65505,1530.8490561331737
44554,4287.225258686125
13237,4760.5907772463415
53322,4448.406102985513
1487,780.0210987879509
13806,2062.5553670963586
41144,6158.151746047783
90904,5354.850201933551
18668,5843.778917972251
73922,4030.6436144619233
75903,1734.2263162687616
12476,6678.6884416782395
13128,8788.696354758893
85698,4194.558644408292
74734,1688.583980717256
38605,1523.7426322179135
4239,3533.0429338233516
84834,1082.65961104097
31816,193.2054496313417
54727,223.21347871167427
75591,22.72572752781616
6774,2522.9901599724485
206,3760.1386909920807
27696,1974.826134484202
9195,17214.26345091105
4605,1602.2324130839856
64772,6936.533987818154
37599,2181.0801639277006
74864,1393.3595922995878
36299,2950.1164449213966
30537,3746.4368449807735
91037,1690.4795355503422
28793,1274.27482988056
83231,987.5400859200063
39077,1105.0400659599527
61101,3742.7389345227843
12499,1373.6641368811083
45837,2643.1785677358075
77083,8030.047191330342
2863,2834.627603354741
16777,4498.178256508761
9427,19.97099103637038
55466,864.4386785685115
46917,747.1611739545096
55116,364.04239655358197
60678,1587.5685695496436
45663,464.51447163991907
18125,892.0618119307355
35810,6386.948212091879
65397,1814.4312902399486
23209,3771.8640508657104
44037,673.4059619573964
30626,3995.9123742343554
67511,5928.316353718887
81905,9416.729782204813
1806,1236.0590511999744
46430,817.6339513275889
1854,1306.3734191733524
88284,9754.315444248106
30520,701.5409395502443
50503,3152.7055845414566
60521,-238.62390627535115
83064,3171.127384417726
18936,8370.27824797867
9708,1381.4006802593203
21357,759.8381473476402
13077,5774.371582094374
36987,3209.672339166047
16366,2519.359178778511
87409,2588.33304310153
12883,4038.6271283293045
17433,3127.517430064821
45893,4249.511314889463
68476,3996.440074421253
43362,3065.723125652344
92780,9332.065395052616
80630,1126.6632026335724
46472,917.3186943064538
68731,-7.417466379609323
53072,3937.682013761001
91177,1064.0038216215908
45018,723.5273788635104
41243,5545.105344032226
25298,6309.966427745623
29623,2508.307794533179
40684,3567.9749462212726
62534,2667.1169186876014
24717,2883.109826395062
80908,382.10780462123967
7561,1315.6451611473772
52334,2573.6564312265127
37454,-407.46675144555593
38396,1328.0795688312746
40192,7456.829596095236
94977,105.136616446066
66991,2038.4205062342
91686,2366.1090140104848
90150,1625.6156388694712
87328,1701.657262749448
96273,2425.3758199470612
85586,14258.548364745915
34950,1518.5960597117173
15686,1612.4419021034614
22741,2159.886254879054
59830,783.6790301348037
5678,2226.6772633587707
66158,2872.4123217454953
40541,1106.7436945451327
30403,1289.3636038931218
49538,1762.7040582814557
661,2195.9429045775455
84385,4517.335875447762
82541,1382.9774672835497
25861,8512.288047637088
26446,1383.9060054677425
903,1512.7806172648993
47581,6419.308966413089
86840,1039.5656202438504
90118,4782.252994727311
44740,1301.17093205739
96125,4448.548737786316
59267,1827.0082939867227
38348,1795.144492495735
31517,1197.591722801274
80161,2527.0974452460405
28727,3064.466067314733
60056,1865.2556972171876
48296,556.3618504676206
24106,6387.278132727263
86704,1780.3296489465924
86548,1240.9144803204663
21610,3427.6086326710783
38520,-221.34253843132183
39453,4130.285617524349
70466,1622.7369814949016
36005,3261.6270348471944
46892,5092.006453319899
45752,4125.500117590958
49476,1734.7763508306728
18667,447.9756544276752
10249,695.0248848011233
46590,1132.570562840564
55964,1832.2430873428855
93868,1297.2743576731523
53826,1100.9715611892289
40056,10422.336303731501
40581,6489.262023984366
77918,2042.1420482843323
32884,4725.435106815214
35261,1747.9721668519214
39723,1485.6045202204473
68864,1714.069309615522
39548,3304.9554060042283
63272,1279.458914222566
3973,19.19139788452412
221,2319.07883688832
21636,1108.8164564343292
75373,420.1293169760593
75403,1909.2543139392967
48143,2940.8209146369422
53556,-170.42295887927958
7369,726.2200291551103
31541,7979.072381636413
41013,1792.6177290298838
3065,964.853801124098
23797,2677.252718931963
30669,870.9838487801799
12104,1103.5463729190478
45792,3640.011080634628
59590,1411.3298556726163
72376,4119.34818347965
72251,1095.8585130123242
36050,2935.6515219405005
18021,1565.6665220806785
62536,1027.1541998765256
45831,2285.758243141482
28700,4091.5148883076445
11753,1448.052148705976
15262,1766.6118201483093
92505,2795.8505781968033
41933,2180.969442280482
56928,3880.17228533713
13142,5894.575298873895
82692,1978.287487818337
82320,1602.2861666674785
32923,8868.844328448744
38925,3515.052484030819
85766,894.7658926282529
41999,1409.2279984097222
44943,1849.207825314795
67855,1508.6786375604524
34998,576.7471518387583
72645,3499.5694739734267
7804,9663.47310949756
71572,1080.7731393508957
46398,966.8469258106629
85980,1658.3579802177428
24176,2577.086055571138
84206,1154.0042583954005
54872,1248.0744824005951
29246,2388.312093013061
92682,1506.2470624696834
68878,1937.0348967038262
14664,2128.393236680506
16463,6364.7700271812755
42135,4786.094424350631
29025,1705.3500352564442
99792,1709.910749217706
79876,2703.1238157636603
45191,836.4336746501986
70248,1989.5070812423025
41581,1332.48970272954
866,2029.5062982342633
96377,4798.199288340453
37502,896.0247988429901
60686,653.1028742202452
46097,2197.1122079531287
83919,2403.195325254675
84172,5966.010830409841
27422,2750.9931534559887
16231,2147.1900789558035
20985,4317.630140350826
47879,2538.2634999387005
14130,2328.310574067803
30495,1933.2961007077333
79746,2613.9370614048994
13412,85.63090244161731
46365,12286.383781730716
24101,418.6424798368339
57584,1203.613377652523
9468,10249.0658405741
73382,2758.230205822938
18348,7884.004795270687
41435,1731.540104166371
41830,1778.3308414866847
68985,2011.9607984737838
90012,780.5831010280904
82675,4691.93652650008
38612,1220.1503987072774
93791,1047.8026088669262
8736,4764.90012022299
27546,1480.8049549738098
73283,1104.985778421853
29563,1139.7761230016
81540,616.640452137909
95499,1151.0131161864037
13690,1416.9670646127306
79116,16667.400871034893
85178,2430.486885935852
98198,1024.521409214336
43828,2118.08536024583
36273,584.381590671353
13338,3475.5565031602196
59404,2224.5983208272655
60014,2102.0209958169444
20736,32750.046177025142
24321,1694.1530825180553
16850,6485.938646572451
65164,1351.6995288902235
50437,2408.108636226536
37681,2731.8668341286566
7871,2038.4457662114548
45179,3085.785199339666
99387,4995.801437703962
71436,425.6622833120118
84845,1170.1373885723042
46424,2235.47119667595
65293,1076.637986691997
27003,3495.4424444935084
96188,11613.666062095934
33748,12005.795207960433
19175,-391.10635536316977
35384,1705.2984385725495
4637,1928.5459517110573
76723,1685.1093801204004
47746,7688.230599880704
94249,3801.3762275382473
26732,5807.605185759084
15767,2936.2736250033877
40545,2963.4541762697545
92879,690.8288920875143
91298,2438.451820436935
54339,2113.27092874248
24408,2753.896044748646
53666,2685.0009332367417
44644,2044.2890675458166
89421,1709.5013691143279
80116,3526.6094963894584
61325,14337.004923050152
44576,812.3260768564915
61023,871.9109800516862
39819,722.2379616486314
77563,2032.6214612475799
53204,2831.596279599038
51955,2913.9776394120922
28288,1353.3603115094988
57838,1838.4749616005502
41578,13.49127689234001
46555,1911.0722206780224
89578,981.9793373114035
30956,790.7408083691344
23266,2185.77368132089
77173,5274.99535622765
31264,849.0358413735567
46103,616.8595590653131
3271,4686.85369277504
14232,1678.2408645978012
19081,1089.218457263395
83012,2405.3682613640694
35463,901.7522601534365
78338,3582.5561301114776
87108,3332.263056763636
98955,2590.001222216678
97381,2357.75212003476
52310,6397.483661417804
17544,1351.189148154136
11769,5902.94143006895
30133,1632.6023819939926
28323,3165.6260778326446
82110,3871.341591591163
24574,1147.8885247158028
46224,3289.7620901673404
97459,843.7385767553778
25021,1048.995657484998
10884,1471.678211728151
13238,2741.0817324977766
42036,3327.827787026399
4585,14229.879422268443
17635,3245.685543704615
56513,6809.407236285558
92710,1338.5364827352896
90903,1301.600618754896
7907,3190.180859880643
34017,633.2516602119572
26587,1720.7728216748171
82551,2879.362365898476
80419,1670.8148205398431
15181,1847.9658057975548
27248,2195.253750915244
64480,1537.0739082395053
79777,3024.441899679889
36921,2225.2229923637988
27731,1317.9492209595437
50440,3605.0747897413366
20131,1216.3008442323166
85678,2042.3730290468116
12167,1279.9481111428877
68421,2509.5926859151796
53751,2857.374316268021
98263,1861.8148096301013
34924,4771.406581879386
19623,1447.87320909839
94062,988.9466023730611
59402,506.00881391001576
86897,1830.6537923226647
17498,812.7730267355273
34062,4503.347510981739
84743,1606.515755297492
50600,3319.305015762533
77313,1660.9479300011972
13432,3380.1186495051456
88585,2329.7208309317602
80464,110.00889270481866
58329,3829.9502932499067
91644,1140.7384120112733
49190,2063.9987234303567
96530,2293.5127080723964
65699,1994.9331448411567
67224,1821.9704966625068
21251,1601.0864803886966
77359,541.6064560262184
27460,1608.2646272950064
22183,3188.0148802381823
41388,1917.4927266124491
66258,681.4938107721614
24112,782.7040903498769
77267,4418.385526947756
48400,1865.3025331395381
51549,4272.766932593629
95002,2814.140372624393
72306,4793.988234894611
27540,799.1418460384944
2206,3329.3586604798843
83390,1496.2975750415117
15424,1299.143245515546
16310,6482.5283850092
11057,3591.0975408715603
38776,1662.4582702852335
28751,3036.278467245714
75368,2273.5959347530197
82069,3525.655312207417
48300,1856.6189334175383
1186,2075.3198542886657
3227,815.4908612440836
32204,1838.3210943351055
48882,1262.9003126110447
87281,2585.327515400001
64928,2168.5175587144245
67899,777.6741481102126
21219,805.668745841278
168,1327.7204721813741
45025,2182.7173211208215
66013,-480.8566438480557
42796,1660.436057630187
50101,3477.6089171306394
12096,3045.2143878506986
37766,5180.852691067146
9888,910.939566637669
15829,2349.7256691106777
68391,2729.5188850519817
32127,893.6809776099963
7776,3096.1052997298943
60790,9051.372581284693
29596,387.885312872198
38246,2785.6974963401253
94864,9139.840423994232
89232,3512.8715471074565
30188,1794.5393952534162
10101,534.6386743208786
3437,5272.87533993446
70438,13875.234420122053
84754,19721.21371499516
72638,2334.623921963923
27027,2158.757261411807
93343,1140.1140036455204
44676,1498.7375523189821
89349,1625.1062074066929
3718,5870.702886935302
35295,4598.178359169918
32345,1465.8698203379922
6268,4532.67332960417
91936,2374.315391223733
93181,1339.0917764468031
12760,341.5965659901176
69515,4206.197898604602
20828,11652.351232344303
71475,2280.323744650539
97774,1126.243405782414
87382,492.087922038173
83052,1191.877612083972
81087,3226.9371113828515
31119,692.4306808491338
37473,2357.6960176608413
31139,18385.846311256868
49787,6939.175787790089
44361,734.768879054458
30026,1114.6143325162934
4416,1457.065757744926
64533,7837.2961986495975
53143,10350.650384353243
91796,2650.6160522528544
3543,3879.9136922764656
3852,2622.7631261827955
94533,3130.0905042509717
78573,12565.26637731473
77390,1553.3627394958703
49361,2684.8138152166266
73038,4681.213540548174
24737,1549.7800788861596
26728,971.3721064252863
22013,1000.1077604509701
32821,393.20400026531934
41622,2769.157709835656
63617,14906.639179406042
12657,8316.800961191879
72088,1382.0110331224255
29408,426.9468762395054
14190,1736.526060815078
54048,2997.6610581150862
26490,2499.778637401678
44468,2248.499940763253
11586,1882.5244101832377
31041,3478.130209718302
96182,1150.1804994638705
80090,1592.9715855962368
29228,1340.6664480572426
77100,3652.5034496116878
31404,1166.543043304021
8852,3587.6450247409966
87511,707.9882124135597
75722,6186.278579651285
88907,1596.117903431414
75952,3279.0551676676973
26393,927.4466020150362
42248,1975.1855831914108
38008,3527.052383065225
89198,2296.9918722038337
55582,4574.703768183884
76933,13133.104648860884
94303,7314.070608824809
43560,1045.6911820464707
12411,8927.349284654762
37696,1187.856831331681
61678,828.4917685173696
53138,628.4705525685267
61989,184.35335381594314
59176,896.0795901537122
86876,10673.160977236392
38506,4904.969993640387
49762,632.3523483268973
10017,1503.767008357635
60353,7208.032534863842
34429,2381.8794827554825
26027,1053.0318527333784
81805,1065.898593102594
18482,4651.544600969085
27749,4269.543495328277
52233,1832.315671130053
99518,5659.539179378471
49057,2308.6103131648474
13669,2577.745279657094
66725,4950.041341868492
48584,6653.554476675619
48798,2458.945506323687
66320,4338.787582487936
23261,3263.903589390334
12585,2421.2144163901135
92736,620.9143771945355
75727,3749.796610540761
13854,1729.6998854367555
61783,4120.7883090549885
66058,3727.070535429058
92800,900.0399628090195
34908,1802.902347903709
68658,4306.142270275368
20323,4487.252560295892
28581,924.3756747166562
15377,1106.5401790143096
69508,1794.2242599280603
5001,643.4170248431797
68368,749.2073684517177
34432,156.03623804221206
23032,2226.5598300069414
27234,8359.785798483666
5760,1017.8741724437455
79076,6168.1236905969035
31530,316.63958731854063
51106,5438.103563485385
40984,479.9646936873646
42576,2567.8239824438515
28306,1257.5128224579976
92424,1134.9934482723843
3631,1851.6310317714003
15327,3058.8226639833993
37373,2548.8716503468277
20080,971.4495989530324
50531,2017.530364930893
78819,39504.5978013188
31802,3195.9012738403158
46934,4022.6789478912374
66819,1629.2715900174205
29107,850.3021067868085
42169,3225.378856927814
37616,3173.4894818047364
5996,354.21517905832343
6159,2563.299785980518
59541,7559.196037162679
42636,2124.3184935916943
64970,3398.8469427016234
36097,10116.951446453677
65832,1783.4073334824357
28406,1683.4216576350036
99136,1276.945726874139
65313,2723.1027701767675
22991,3682.6766516257853
74577,591.5550471905972
42955,668.5539135543386
51559,1622.8136739685672
46121,2448.1895969135785
10829,1430.6660740237794
72066,892.854645120548
39922,1906.410680467944
57963,1578.5080269741702
31738,4954.340286897257
70162,1183.3147203807698
72912,2990.065055480204
17247,1391.8158811373546
82087,2065.8257137875344
25001,4412.815804004802
62661,2256.6226205208936
53508,6560.381558128905
3350,1669.3501339667341
74024,4005.61517279716
8623,5081.5987900850305
41690,1445.815150064082
73518,2664.7485172190227
91910,3186.973326223451
48194,1875.9758364366028
23381,2346.3282913769795
52353,6058.790482044578
41088,14836.38986695777
1078,492.2645993405813
25922,2827.2967618398256
75002,3787.0503325343166
92613,15114.790921144013
96925,2204.983711979402
10095,1697.9028232269673
41313,2421.4778170074233
35180,1787.5769427412838
64847,3096.490969294315
26396,1474.7469307109327
77678,1464.151844038679
54767,3301.8496252923337
48311,1806.3952074970211
83003,1481.1340913709923
15658,7098.03067349993
75582,2491.8738504586727
50728,4955.879393608691
71654,1571.1778884375753
24691,8802.498982223402
15795,4265.7799763231305
79512,1198.3674069514796
72029,634.7791431487985
25409,2492.544776096347
36167,4142.884788531967
90897,4232.899999393899
25009,537.3449030710226
83275,5070.440592315583
62850,4172.098528236152
19940,1128.5511301182996
1444,1197.534976047134
49583,1551.8311075004463
48760,2489.2158271695034
8664,1684.4910819259023
43962,588.265990813753
44974,3669.297215925568
34834,1468.4416950336013
91264,4888.079294669096
95097,4273.802593847844
69110,3470.152843416936
40454,4858.10024418634
46036,4603.604518067713
58696,4529.863507652966
78981,2535.8326497396147
98205,3465.7694570056633
44514,3092.3559754489042
82349,666.8433101998098
34045,5377.62191934738
67797,1636.172765710032
30625,2549.496275335946
20219,6277.6318124931095
9743,4042.9925546360478
77197,2181.670649377381
87580,1100.1642421883353
49753,1714.1684122414645
55256,1434.6505161979394
5623,1237.807120623228
80844,-646.5240652186812
73918,1851.8116574010805
71812,3363.858894964641
72573,2222.6820814572434
57331,5116.693602194955
34821,17649.745317950932
49967,12672.655621052998
66014,1887.5947356197112
50035,4942.020521880041
96994,1937.2031302026026
5271,1327.0697068055215
76953,3159.9529178171206
48127,1628.0438873542175
13100,1150.1018545104594
16903,10219.523105974858
86603,1943.1146913155724
57547,9037.369453787593
15558,4094.5189127076437
41433,1040.8194882336884
84944,3802.211510056745
98011,2406.0075473417965
48332,2456.0328650052866
85421,4674.397839115846
59028,3106.331666329072
54984,4069.021774129991
63687,-404.95042772372744
53296,1521.1390258672004
64274,17081.83283017473
27471,2876.4230318297864
67834,1389.3543647757574
38851,3186.832874533904
31913,534.6016753268241
36622,3697.390391598736
24892,5161.971060409011
40805,2645.0114298872627
12258,3077.644838545498
13047,922.9106191334004
14266,2658.9037970788445
29216,15080.53006820491
80935,2350.2202522065204
80124,2722.898957021162
25680,906.9090620089537
42005,3957.6941598427034
28243,2434.430498632039
40489,1692.5416134542127
23580,4017.3533122561043
62119,4916.880962726648
2219,2256.7479151422294
95811,1519.9425860243364
46323,5357.5363458958245
33058,3789.5217972109353
72867,5529.117481812897
48299,2087.8422918747174
17268,1569.3102769849138
66781,11138.952612173664
14893,901.9991547530708
45066,1483.2309303557445
61405,1329.950285707545
6903,3641.945295923992
48043,1318.7951506000063
42668,2277.1819043731343
53967,643.6849891525399
96908,3079.2128166075104
78609,1816.2337511215278
49462,1571.4767942351536
67160,722.0356840489303
15804,1073.5551323775785
27779,2196.604694391165
35886,2280.2878096880972
44960,3621.190206574389
61391,1088.4380301118786
95453,213.40176796162223
77849,911.6628210791096
72743,3890.895347062196
6554,812.7128156419235
30062,2752.1088506236524
61596,3871.138310985519
21594,984.3770933441565
30357,4900.816017191367
9031,6368.1273775389745
47073,6787.5685310614135
79411,1913.831131003552
88852,949.4760366285254
6896,527.9685028913987
12678,6195.717779549451
14766,2056.5718018509497
47957,2701.109299348446
67250,1065.7453812229414
38836,8483.582908893655
56597,3111.685758104374
23726,1325.1330170374285
25702,2228.1454299087954
43234,860.1396596494737
8793,3902.400106300823
77181,4938.630243170763
10025,2493.1907843098943
87272,1253.7626653006032
40840,1159.457171038296
69999,957.6971643084512
75327,2363.8042602994974
79295,1611.057755317439
69339,2757.969078395049
63874,464.7131723755483
13714,233.30479613725447
50249,4239.820464935921
73721,3378.05274355444
32250,85.17355736363515
44446,1206.0210592088852
77084,1631.2872163243374
7049,1583.998653843737
68272,3887.6007534831015
43956,4085.5431092218187
80388,2316.2952023703697
39314,1331.6617197727896
62823,4214.953969436077
77232,1431.9781049387102
8882,3098.7686020488545
4285,6116.103187356891
77003,2935.0291742455165
80147,2715.034087765056
99454,2963.00661364889
66515,2358.405258900181
65155,1082.218036103875
3637,1806.7212999902815
91604,6546.052781420901
46910,2545.9291536309684
47966,1174.5171777681935
92524,1125.790354326814
35598,1299.918490141849
92022,8142.673810765039
96827,1053.9832632981106
1188,2117.8353037480383
66205,1773.7461709913098
90063,14203.027693425724
14866,4443.049032649835
35942,2681.9259694794573
42141,2539.8014631744536
56180,1400.6863209362587
38270,6854.084144611503
81196,2026.4648205099074
99605,2051.793127525545
95626,2284.657782541432
22774,1962.2034802202124
91250,1166.5324557086878
77124,713.1254857510899
35153,1938.2957884102675
59898,1088.7367754052511
70498,1360.7005591230554
17766,1518.7871501056138
53332,424.6758010514368
72529,1146.1535605663294
73381,5148.349759235744
75660,1136.019081514878
99567,4498.068484888028
53006,7963.257164348182
88615,1432.7475077141407
99732,3576.537524387476
43575,4232.961353260442
13820,2913.5594200942473
9434,3367.652200211277
58920,10936.907533058291
14116,3967.8883598370003
33288,6175.193518063696
83058,1069.7869759875193
14299,3624.7345329730265
50261,1939.7235062936006
4031,5947.543867738181
98014,2018.9230485349249
78304,1989.6874792035123
19933,1274.027383733856
86169,3104.633158365693
53849,2031.2732435324847
37531,1957.692993797532
69131,671.7055536678363
62241,1736.8868290734672
33917,7069.603652201818
95520,1287.0417774291782
98841,3756.555965744949
60643,2311.9167013705337
9838,1975.3868872433684
7436,2605.688360649826
55834,6592.519412846139
84223,12593.197527262584
7751,2510.387745893435
26949,41321.00612731505
41792,2319.147717387642
74889,1123.075607524227
20462,4824.668053809225
91614,1021.7824662172907
49917,236.83344119507865
43553,9214.708122010165
5233,3105.8845915378615
24128,945.8089245199212
3662,2358.5171388388144
52427,1981.6695298887098
27290,4636.031809510916
49823,3944.133369913823
35937,9691.321781872111
42544,285.1474826395993
89097,1098.5076321621482
19270,2281.6289257899716
78097,5008.9938832142225
52648,193.02796477075572
81268,1719.5250144850197
93677,3919.771721406577
61295,393.134954907307
34173,3252.859594641802
92671,1268.407307714213
7939,6490.832962841718
69063,2050.2954073267642
69415,725.2640179540758
1011,3248.7752568960536
46071,2496.286438463623
17580,2167.1427690418445
26898,763.569198560549
46231,2178.5908137518836
69786,1443.611293570304
81442,1410.3786522323408
6796,2287.390173283947
7158,3241.225938697294
88964,1042.0942878092646
48537,1559.8818721965908
95996,-379.2395417702214
77988,579.0850342619074
50332,2350.710709848031
73802,1735.148547138402
76024,1195.6034714524167
68506,1273.6394128478591
46546,6715.040805036653
33881,7410.829186512014
20067,4727.820260363578
44878,4562.58249668963
16382,1855.7280292240498
26044,6653.555553030892
69090,1176.9776630867968
92449,2034.8218680906502
50323,1568.9750159345504
18755,9672.6026656648
39419,1858.7923824526179
92657,1232.1354738086243
32034,2344.5757054648675
21187,2473.7780288981367
95888,619.7333581201615
57078,186.49245270152778
55107,1594.8981528505487
98160,2694.9962639525684
24854,6065.492377276103
16455,3560.0887172305493
94269,2628.0012555598532
38585,2059.755816590843
10475,1014.4836678282682
82716,776.4386657519126
70010,2439.1423383877473
57167,1048.7420112436312
48841,1348.4193470386726
42919,700.9915821044369
5590,3197.171259915238
469,2555.9813820675545
79172,3019.83115595033
33118,4028.623446225811
53391,2104.6382428342445
30199,2943.3311871074225
19226,3737.923684662036
45424,2307.0579422490546
1402,-541.4101480502377
55617,2678.186438570807
6751,411.05941357987194
51428,1169.0900481611575
69547,3982.718652229516
6675,1449.4432718489397
90675,8836.43559740718
15069,430.88443274496603
51317,2340.2899019918045
81829,4167.268886179574
10275,8557.220887054376
63130,3441.648409503161
40409,2294.746271236814
56421,5647.765996389914
67107,7854.391261671551
30444,2534.2763341081272
45166,613.5850108993372
17153,220.96893851708455
17834,998.7564810145614
70360,1316.8444662101228
68169,10473.752393445804
80740,3380.5073464212983
16233,1386.5001587810293
55718,1277.4801365069047
38239,3696.37129683723
12893,1211.1910214484396
12889,2922.5659218993756
47963,-507.4501524979569
77739,3744.606414229262
617,5458.88522647029
91353,2581.0666503763523
60656,3273.319261324176
49328,3912.5087660740946
92421,1122.5232520080235
78391,2879.0093643090604
4715,4325.547300153337
5615,776.5238781119442
35481,3959.284518540161
4347,921.4339947937356
46040,1104.773175900309
51670,8123.369609355792
81016,1553.4866315125246
21751,974.0096537741347
81999,417.3533012561975
11331,1200.982351626048
16755,4008.9329163821144
29645,3931.7407748000287
45312,2415.905171025705
9656,2700.5569929988533
31000,7609.472999768568
78358,4361.012056519208
24213,991.9969675769644
29723,1451.7753716293864
3878,3838.545176824878
10883,2803.808042514167
13441,2200.667312438314
42623,1601.74105026407
16587,787.389417900009
47606,3930.4567954063405
71219,52.16879383834157
86112,1737.7437837511725
6925,6111.07580776903
92994,2234.2153341785797
21899,21213.30317614395
4586,701.7155299490041
37399,1780.7802332350425
77855,1110.3317841864737
36690,312.79746012577425
13826,1869.9509794875057
36930,2976.0916588222026
794,2373.650331235758
2248,2212.271794676435
53862,3152.7695978986712
32346,1950.1853111232078
24779,3823.611338794819
63665,1217.4056766076264
20150,1959.7487281593844
18052,460.09388126507383
23937,3505.0535101645337
19132,874.4790389809555
70999,1783.1774289832197
52511,2649.6177008383092
1728,583.0565327762802
76733,9956.898645704812
22160,664.6524541267777
70434,623.4039275989717
11179,892.3971710887563
31304,3150.797557273944
24661,7893.176933224312
86301,1470.2054140949217
27069,1319.834992413913
27002,6487.931487080429
49408,4525.135417553016
23341,1252.9339666208266
6250,445.52066585639614
31597,2288.5407794075995
2902,1330.4453010321586
42012,1609.054759525141
91320,501.20735502485604
307,684.005469032963
34242,9601.700072322055
45340,2045.5475191390874
41205,3461.57609508579
49211,4153.026570427181
65024,1726.2827219908681
38877,2957.006261736462
8258,3336.0827633223107
30027,3693.9345792243075
85981,2596.129430093835
45100,3043.4192192098258
27929,1787.6278391755432
54235,1279.974634574532
18643,1971.4879548462154
13809,17650.98616579711
76061,857.4492176874228
59337,2082.512708794863
65189,872.1686431802877
40905,10147.688188790537
25411,907.3830860878525
37779,10793.450795106924
85454,2100.486789475023
96932,767.1396530108382
69270,1093.8117156582875
18362,3611.3940916523957
91372,1615.7377009277493
20882,5484.327353860994
52465,3354.387852680279
64320,8780.839952557955
84100,4031.1366749934027
79466,2114.123342458249
85581,786.8167277656235
19673,6594.895377393701
42600,1825.1741294888463
78632,2878.5665196846467
99226,9126.913641347212
39622,1614.2619014195948
90370,3265.298531339881
8334,1953.441444560265
31436,554.6522611694927
33249,4518.759509846288
56461,2668.1831138861817
38914,1121.4292993755548
59888,3646.4685624139343
34044,1181.0964096391554
74798,2302.57901154276
86815,553.9274653029706
93106,4154.3570180237375
88295,961.8684971980124
72710,1713.2605320570706
30904,1890.5393965936314
76524,2673.226535521041
9283,3797.1741118675027
30318,2634.109571425599
95712,1782.3557033013453
21892,1962.8207734004504
26017,6226.730708404996
23054,2032.2345229000603
79894,2192.6158815956765
72384,686.1279848290483
79664,2577.9899257856396
30478,2692.6352493297245
47807,1447.1615078682125
13273,9757.340935556502
8039,2089.2600065128427
80667,2719.215298509932
36195,4028.290274027812
1517,2377.2185475949327
92229,1374.3810699697833
83221,1646.7011670343072
61182,3585.853455554363
98179,4838.025202606712
92303,2723.1097900137306
54554,3277.0562984442495
11083,1568.446435215193
75390,3756.346788721864
31226,1592.665943153654
87171,2131.253322813285
976,855.0956412874752
92357,1582.5798319879832
84894,3750.1230352836255
80138,2154.6361311465325
19730,1208.2012218131777
95846,1131.620673514506
65237,1253.1471494201028
37048,3159.9447311188696
80827,1190.9628435708196
93003,7075.347286914067
35807,4809.766293354931
64758,4159.877384893441
40362,1121.6550120334186
27940,7930.825525073182
29442,3297.629696438487
86220,1.0357193505133182
57759,1171.8007375814177
59691,9737.912859369557
26483,3698.6828392179073
37216,2911.498301698414
59327,1906.9071630978688
96655,1449.302959509375
52980,1392.3314970165948
17791,492.8866606930151
35608,2721.387911400304
63051,4216.381377364289
10441,1008.2395269949275
20832,1268.006639913966
72443,323.3891352432265
66016,2804.791109977066
7844,1137.9792878311573
49567,1643.833033166282
87883,3979.019739857489
52662,3815.9485841216883
39403,1110.3545516715621
13257,5051.755553901655
46428,884.6156172922751
23947,1121.8176013493899
74697,6487.121289716097
54308,5074.324449189535
1195,5296.426622333517
93645,1643.0514274665745
49955,858.0317691384626
49900,1139.4063892039762
33655,3765.7635231688746
33187,357.44276656443844
57799,2523.898338270228
33990,2296.616804012464
12617,7043.46666550328
57368,1056.4282295758967
61847,5502.393689931093
84924,441.18161230714986
23894,4031.730469023145
90363,3287.6142498789745
76048,15417.698167941835
36863,1381.2669816237294
35151,1772.8287933548258
83784,1502.338376892265
21694,2838.4466925321713
95351,3439.1540564535694
623,2700.063365805674
53113,3418.1126635237506
93454,12403.923046004476
70427,935.3053902780316
2368,1645.5572405388066
25560,2215.8514030794295
45317,1369.937792864801
23176,4319.770809613312
20635,5365.666439666278
14253,1345.9470478520002
18318,1983.2715579495023
2872,4553.669046957398
84531,2581.653803248526
3496,1343.074185182124
36832,2787.1217119134235
28796,6967.801323855834
37024,1931.9896384454346
41775,3005.677735685927
24396,6992.058866835621
91020,1433.9886300773605
2003,6519.472535744438
8807,7358.43910880293
20957,5389.527584953058
5228,1785.6780299256345
3278,1379.1646085293382
28565,1860.2472758489776
87175,2275.9268193859943
92949,1838.295112902382
94654,2160.6651845028687
39297,2488.0202205255655
84124,1175.5040391808257
33932,18266.98671119511
25737,1530.7595004425402
20367,965.4654467061591
83103,951.9434188093551
87618,4346.826167803943
95359,3013.323946631015
64667,3435.131376429953
14941,612.7606917545977
1726,1646.1613054835714
48870,2106.1138636560972
77778,3490.345871045759
38481,1666.066381833464
54354,427.8303110903548
13198,1947.505736051267
45959,5160.4823086136785
38420,427.9512425960438
77964,1793.4707320113944
69331,4710.54079698834
80565,2716.9035012807276
99479,2834.841416292115
84477,523.1300657435795
48,4058.0659959650807
16164,7780.56744634934
78593,1027.0598116414221
17199,1969.3097267605517
48763,4510.560906171037
94541,3931.5468512593698
61272,1373.8171316466237
31104,3841.6355658489824
23336,2190.755743853909
38913,3757.361162942812
72338,6060.653551039518
89880,2331.877262963849
84547,10873.47399083374
48666,6350.398818105894
18305,251.04732778454309
8033,3526.008393854648
96545,1471.6743120939018
28909,4482.500491444487
69928,498.79636583041156
47429,498.54560735597397
64871,-594.9832739601388
52549,828.5330248665373
31788,3294.374521801529
89898,242.80525201709133
85182,16068.668149881356
88001,2134.59859692562
41876,1735.5842603224762
99405,5103.570891274756
40420,1842.7733544652547
27320,2363.8118746118507
77481,-346.91234388286466
35484,1492.1680201643067
94159,3161.7092152460928
83686,2763.619376384422
53360,2232.799602418004
55580,1765.5784335419253
32608,516.8585595424047
56269,2037.8357753183004
29514,1884.5877384454618
49834,23151.96529998068
50797,929.01420191538
98670,2627.22616273573
39399,6967.92613219241
60606,1487.82857781768
67371,5691.1910053807505
44750,1428.2947136626844
81356,761.6551202527453
51449,3138.345662923916
97219,1840.4224222988273
35576,1840.096570142455
66892,3752.1417964411316
78165,3651.44720585427
1109,3736.538848056449
71110,1950.5726166123013
60086,5995.618893861644
30377,2379.065537070275
14295,2902.611657596907
21534,1731.8146077779274
66661,1773.0652065322738
82907,1563.409935284867
5080,2558.6017827308006
64751,3161.8546556569336
29673,1431.6266898290946
82874,1359.233041775105
80044,3645.645783750322
89147,2337.0457321031154
26485,2014.229749369409
92574,2405.420107354884
21927,5335.162680648264
70645,634.9595346030969
75057,1373.276835843823
97316,4297.349188618894
35467,923.8716131053006
79235,5802.644256848462
69873,841.8809592904022
55050,3568.344979356583
49219,1782.3606050449498
94808,2924.5319319394257
2819,6329.478037136991
54000,3464.7134450060908
62179,4466.890799515077
83100,2054.9360716997035
37797,-707.9007386930134
93674,5427.290515018957
20693,9113.262334162293
61869,213.46445156337586
87266,3573.051771684715
47727,636.4105865791371
95491,1350.4331076659073
8415,2501.587504930095
86143,3449.6420708387577
88848,1481.1314922793167
56943,1763.0874862366009
46316,883.537533940002
14136,3752.318554208998
6689,1134.6174521291796
41561,1311.5887468221463
29197,3705.8818398078965
85655,3248.2004797768705
17527,2204.4128949900564
56693,1648.4306266218457
64566,1503.3687459585044
87256,6499.477224525651
14831,2229.415011052238
71375,1661.4103058616515
52292,1139.5823335551722
44798,1058.7874656035192
12518,1402.892927170154
99686,3128.380990890051
87397,1381.9164262392492
6424,1858.0562099639465
95771,3807.0829504819603
8377,6020.812155831955
25519,6573.758938084462
35086,4543.674405676291
32138,1317.7624600087797
15771,2226.6791742687524
39744,8464.918219995923
76254,213.74270153372345
78930,5710.572342535624
90329,3271.4675172711077
17944,5075.478169548209
96981,2123.714448847145
95641,4254.520142901157
13746,1607.987694886368
45594,1455.3907205924925
22855,1716.5066562976913
56480,3083.3909294337363
20242,1668.80547384725
73910,1320.1534774407114
28718,771.5756537161656
82781,4539.790648713985
48452,2398.201818362757
63012,7543.07351354459
64292,523.2873521163497
94884,1973.715312269607
26364,396.1004286501293
71787,2569.0597769559818
65537,1065.4677371353432
9349,2341.680618815062
3936,1158.3485772659606
39473,1533.9401286780276
64873,3101.249144575289
77151,4685.527289823563
74195,3623.374539642641
22644,685.3095575899929
67021,1487.6740996475942
33243,2612.4127181957015
55584,4411.369775541767
15260,4898.109202019411
60241,1727.394891195033
84963,525.1559568307398
1458,3871.8663601465773
65143,1458.1159870630077
52408,1457.6515916885846
91310,4943.558641907798
81834,2920.5790823244106
70907,1793.6625792940254
75946,2524.516914395518
16046,6795.702386282075
24613,983.7324568002118
98212,5427.6732479971215
91132,7274.84358336613
23436,1013.1243677843177
66292,1256.7683463985036
79938,6778.429819844395
7356,1313.9286600934474
46929,1468.9730186414713
56791,9781.471097600184
74849,2013.0222774332624
13374,3058.2209582986575
101,3300.128544674262
20315,958.4184440439567
3371,1271.4498134928458
14737,4785.820108126532
9936,4105.117307436886
14981,1233.2576300934743
80291,1333.7888574451345
72,2547.739650460111
55031,3645.886905611921
88502,927.4095872926978
70435,1443.8922565462722
21778,4021.161192875766
57061,2005.3876644665593
44573,1337.597981369121
44992,3011.4492222802737
62156,1814.0626923683924
65825,2155.084427601843
64230,931.0385718533234
85850,330.7230286887393
4350,2978.6167864277604
10810,1125.6314642864954
17437,2559.948358578833
40798,2571.3059935451956
57338,3656.5563388071528
1218,3510.131521281168
80189,2118.5374916212972
79,2270.391805749756
65949,2146.4437129955477
48552,4030.9593048552224
1111,2859.2602625243094
19712,1528.6541257828617
45570,1784.6793495730258
40895,903.2027051416107
56784,1686.1301619085245
11710,20390.26991576046
4383,2976.033807589591
83079,2143.8418253363225
80260,1175.8221503733607
69936,1271.5378856264533
55368,1336.5052503978281
66111,5913.094129193172
74726,3535.454575565748
83685,2794.83303526509
21976,1420.165641842908
79296,4739.279595615188
69449,1224.0699582952284
69259,1037.8907982380692
56347,1962.7218412837938
27301,1984.139436527941
22665,4399.468090915683
50305,23209.68908449723
13302,1525.4540172795955
44454,2490.676431059372
66571,1246.8179835484157
93882,1650.2287294212074
99456,10666.109196894948
67639,1803.5265400812564
93170,3307.9722165599537
13274,3580.1514874992477
47139,443.26332328153194
38688,2291.74199242803
82883,2454.8523990490503
34006,964.170754340726
22609,3492.79913549142
37901,1799.5917822426393
48110,1295.9983570829645
72156,1583.8155008596282
38289,3998.5495514116456
3867,921.0737132579379
63674,1108.2204363349388
19822,1288.9503920540837
11732,6971.104044810561
67995,1366.5695109726762
36430,12102.856554788894
20567,2205.441211029991
64076,1743.7231602751447
82813,2048.5320844412167
81416,4290.826624919896
47905,1729.2349514772375
14291,1421.6962444959936
24876,916.242706686694
9647,7101.702614157895
87205,2130.1933504721583
42620,6916.454084744155
55642,2406.357290515199
66919,3709.5046234457604
42596,705.5739466863179
45093,-506.5632224397559
37732,1646.2823969951596
29077,1226.5755421900449
27617,7920.275329772988
8559,3071.808887578523
50325,1729.7240325860244
93768,756.9796145119471
35866,2454.231218764338
50387,2633.6129243032137
41537,1289.5848047825884
99985,1991.623946756255
10971,2246.9706995361726
1424,-702.8160353466428
33714,3179.122239164476
7874,1925.9527840801336
53879,7445.5464092453285
59824,1452.8471255573081
38185,1717.5115847452519
58810,1985.533697853929
1628,4713.903951426069
74624,2764.791690475258
70814,5322.102445190056
89343,2103.430518692873
87031,1351.341403059811
36843,1662.6713050153119
94664,2337.6233981420537
53444,1415.0723404979308
43840,1127.7326917528771
62938,3777.9466384882903
66457,1061.8257813190176
57147,-19.137764579153554
29116,1903.6607227861682
16911,2893.210407536273
63581,1252.6071983540414
81239,1307.889007080973
66620,1427.08562786723
99531,6966.727614230926
7734,2547.8430041072816
5358,1266.2306065071775
15066,1893.445048003021
16649,-99.51725879473679
53266,1540.300265068232
5731,5947.436196845492
46527,2537.0387928511313
14738,2525.955934712501
67510,2257.771618988426
18382,2482.0408063889963
87711,2346.257482304193
79179,3288.192931418569
82289,1803.452340792609
77419,2079.196784551247
17300,1201.5749253025688
60745,2783.286010236722
93894,892.7305170105847
85117,2949.8671041660086
6901,9671.785010284437
34329,13512.981873839155
25391,4453.306307545345
92551,2787.7356943736727
61019,12054.876650003758
700,1543.5646904640944
79812,1915.6809642139156
40082,9337.54301551819
39541,867.4782967014635
50343,1716.2388414133525
72049,3739.8082587091626
44842,1017.2181905497118
42761,1110.546137849678
55770,3056.3287541001764
87280,2725.5455250251593
8397,3726.0664977725332
87464,893.4439671991354
13748,589.7975295928336
29145,3283.704022990823
55574,1848.0415931566386
51064,2683.735606633532
21532,85.45882391674377
10004,2011.9052106447
2861,2138.7416902715786
69702,4473.615332720628
23755,2095.958985223402
48849,3804.73298464785
74594,3385.3260723429566
21785,5792.39058882207
59374,2195.544851013789
98490,8878.997818471471
48313,866.2848539061806
55217,11443.103344718154
87276,6230.741381492793
38816,3770.3889916892585
8294,8153.684981018735
55232,1191.6487021451685
95361,1957.3184335449932
29456,3613.4883649725425
39494,1590.7795979452349
61589,4854.0041186183325
50684,1826.4809126117148
21713,2339.7386754438285
83551,3687.282750380433
12739,1547.542504196997
3213,1538.0123090045936
1014,2401.0019011582735
81842,3658.914595434924
43326,3489.939093536519
29578,2128.2194375416375
37142,1325.2779297701973
19708,3626.420811828613
11287,860.3758539783976
32311,1471.3628545522215
15112,3078.0871541190736
42896,3461.289616850458
94789,8430.417377122205
43796,2068.6233556499706
33732,639.3591598424014
62894,1167.1839478083625
40971,749.728918660031
52545,976.7624114020655
43483,897.3329281751121
14122,1102.3973595225125
19183,2824.7819472462647
90441,1651.4277562774141
94203,1974.7292841408657
51888,1232.3604939864108
34348,2879.501867974549
21506,7733.106655086478
15355,845.6932095403808
21634,1535.0140097047424
13118,7983.926845846575
48234,1095.3228802130488
68486,1134.4060125233054
16299,1389.9997829170165
99266,9585.384695972318
34870,6488.811878424927
9437,4132.894071360628
41252,2821.439457956694
4077,2204.881478084151
38429,1633.2225428462266
95363,5698.582464161015
20322,4075.9781673625585
9771,896.474220462549
85193,863.6665571950734
47427,1439.8832678426234
43704,4039.5525097196573
89881,417.41221073867837
56032,2058.710407692368
78525,2274.859123469988
47416,18533.032892639618
50710,1957.3681130254035
42778,2256.5942905688808
31864,2117.366975849668
1600,3393.885622018355
22555,1416.4708767109123
64715,3739.419129090686
78504,895.391070081022
17220,2458.7452144590816
95864,1894.6018189673546
48071,9959.326127472206
82301,6053.074139430795
99090,11481.301238453108
12609,1158.6731604861538
58927,2983.090461957369
79926,2883.85377777041
6876,216.51710769308102
5106,2628.330378390343
6869,1453.364680586607
71423,3837.963157042193
29745,3598.5266672709317
89417,1607.7607689164188
97075,2751.2983199569053
4291,2525.1100857675747
77989,4329.901955656597
45464,4268.52159037229
43899,1431.5735676196605
62793,1146.9219116898348
26626,1616.867656173089
57899,2157.316569861256
34795,732.4428951376744
10427,1881.340473101958
61069,1196.9719099276022
50857,2567.7072958913577
94539,8300.245747550533
12085,1235.243485402193
26463,-205.06248854151363
21907,4939.092650129652
72179,5781.665034841419
86008,3197.2088515159753
14939,4842.972954259455
61411,3602.5630771785354
80344,2225.1368486166575
67687,1085.711963301886
62747,1994.6998723341048
30406,5738.446203342682
1016,2364.1349816737516
44900,824.2094683992927
85145,869.9057777884373
2542,1213.412863423364
73410,2701.533159800858
17192,1734.5386186834892
58451,2068.854545239397
10206,2381.7222746597326
44459,2908.054470706666
2494,2268.560840443225
51215,1703.6288471573143
52463,1189.51221376999
75820,134.71517927471405
5598,3728.732009152226
83393,1587.5269682950293
82122,8611.35981772928
35160,2571.884672315229
4415,7776.436800209562
78144,1994.709844775254
8921,2975.594312919381
42850,7382.907827644619
34803,6505.261138109833
70308,4413.00753748211
91276,12904.183332917324
30861,2686.8858119377483
19559,1013.5751706681849
10822,1816.9977762396709
82477,4405.2985098681365
69601,10497.737819640231
91696,19796.690506966006
11400,538.0827513721406
68356,6489.457490606304
24248,3284.352392552908
27448,3002.941798862475
37452,2864.570959822083
43131,2423.272977401648
6817,2319.05890825138
78401,1140.957078263319
92943,1278.1899563587663
33546,6745.854697609593
66663,1769.8307600265937
23404,4004.480411440659
21547,3753.488638419412
81381,621.8852324663103
26030,914.829536004745
28199,1563.6936222487034
47832,3400.7286040520125
95043,3391.9665334960937
70945,1283.1014814365526
83939,2164.704914074814
75097,1632.6177271532024
73005,3166.309092090209
56161,4268.105051339971
69565,1650.804787015449
93752,1855.2352412885725
86627,1325.244821012372
70774,1622.6611985013856
36660,1937.5055596249256
55925,2814.579918451604
62435,15966.803237809136
47536,4389.117315348981
76971,1761.4407207508198
303,3503.832372964986
29071,858.8693789653166
31899,1187.2271805895325
69983,2370.212193352517
46432,4432.666685431481
19966,2473.4277007871765
5518,1926.0277649735328
47356,1879.513887440142
55339,584.9808719878174
61564,447.27386121500695
78602,1711.228454486373
39957,8238.96178062337
25646,2972.024356628924
45754,12782.640758192163
57549,3263.4249267043488
84606,596.0199004683336
14407,3679.993051788985
22938,3405.577734160391
61740,2385.002320449187
6040,1492.6694634617384
39309,5964.037878107142
31641,2513.7940296349016
86466,875.5635388689361
8779,1049.9277920592694
30042,7084.5426700442
23876,2294.326095940495
83094,2364.3118079977116
82224,2343.401106049229
42695,2176.74379792672
82814,4574.98392706713
33627,-16.749842440667635
14000,1822.0595702795945
59113,2309.6468190179476
54527,2462.517688949614
74811,574.3930599697237
28733,4331.922623767916
94486,2869.0499015824394
26303,6081.710853723328
53,1346.0420930911905
47933,2200.961487417413
88682,3691.0307061061008
70872,1091.6814881385044
80953,1539.4734759027133
67544,1695.4015348370272
68144,1177.1648059185136
43353,3513.0676935109386
60388,4895.614629404721
60855,1810.9277307619536
74268,2626.928582803177
65968,1382.0743711880527
93121,867.5383090517616
8773,4149.640516802421
2591,1565.9417932846377
23682,1073.8149936107511
28732,1811.7066535117413
29428,331.08282744428743
59716,371.9918458833404
62831,1287.764935713009
66750,4419.797632327221
99270,5074.612079738421
67836,1380.1471764043818
26472,1580.281605580914
80520,1226.2979191448603
73402,2655.3353679876286
8554,1288.9578068585402
77994,22784.14271657478
33613,2360.4228243857697
57757,5084.951807881971
35007,3224.4875336103655
95767,3380.2952129814635
49055,585.3016313617891
86561,2630.199965413344
86570,1663.2081727366515
37286,444.4683140226739
45626,2788.5606542016535
80863,3123.1242388168243
33373,3108.244184721386
91717,1060.5674894018803
67007,1932.640242797759
75113,2162.648191339189
53884,1981.532767386685
66584,2055.9108446535856
35910,2067.158849966884
78732,1155.640468016064
56443,1293.3907291841574
1948,1305.3156642878562
42635,1142.4796127882828
1007,804.6419312282169
36030,2835.906663001252
65897,865.9977351862758
27151,3406.6333004074463
1841,3148.639782444725
67963,3615.6147810610846
87257,8338.95909551482
91182,2201.3291030053097
11103,1968.067351913369
99107,12053.684906626018
98165,4360.712821958489
1266,8123.545155477025
478,4457.34205595965
10136,844.9956494669423
83853,4052.7922095035888
55681,1201.7261567401815
77777,248.92115054569786
51044,892.8565941338638
88041,1183.2947711816878
27351,23015.638383864483
61371,7209.596227839572
67986,6074.952288368618
32067,5835.790277606574
42780,883.7642464512355
15934,-60.243131511518186
84450,2453.248733186826
44086,1479.7524926953902
1520,1786.9298304757244
95173,1248.497326843993
7380,1484.100425695819
31563,1228.7828855970338
82254,1707.1100821893117
15792,1088.05363946531
50566,-405.4500227835679
6209,5038.696412660896
59834,4841.875615546064
95091,2674.245584176696
52258,229.49955324051598
11675,72.88287656113926
5728,435.4098763739503
11765,1808.5834409397307
16010,990.1856801149088
89695,5268.217890259475
38999,1660.1986916217645
66811,5596.097659980411
48397,1040.1515498138551
64337,1741.243022271634
15322,2085.391910275852
91886,1380.6768705700501
37162,7059.461958555393
90095,1750.7204418541842
25455,503.0169116069492
61116,4021.196645187295
36443,7236.012421503259
13449,1329.1387219205576
52537,3473.3668485697517
56174,3742.40326682705
71124,5064.590611157971
90909,5831.9599971198895
55239,1380.53335896729
94874,2123.4065618119375
30474,4431.925063595107
45762,2434.9344093073405
64803,1856.3535207441614
74461,1525.1863858727856
2890,4156.8502750577545
74202,589.3371304243401
84523,4018.6466961831147
23258,413.0422072301608
12699,3579.0995231297707
71113,670.1475640341441
15994,5461.142795314934
18930,4123.56868812154
72357,-695.5532883708092
24675,10597.866308882112
38358,1341.0699151363865
42877,415.0960537922724
94268,5760.226515962544
76336,1606.874933927625
43738,1668.4942125272219
74759,19991.769384177613
15213,1801.3088225853921
60875,3110.4678941060893
70226,3374.354762408136
29975,2759.0423609026207
73396,1328.6477181145228
31427,4379.025054542644
15628,725.9523234284138
65423,353.0994976554043
42035,2342.480281697379
53890,834.7007284529068
92563,2560.2026145649356
52383,2901.8476460380152
73950,661.2163021619544
54352,881.297593423822
58784,1557.1606151355772
24223,3367.6450117727486
89090,732.4857955996936
4040,1490.0875065272635
11116,1343.0972224557509
24655,1765.119495089182
95409,2980.4858333300535
4798,2046.6333221427608
91403,18181.04168924706
60740,1457.5937213810103
40873,8095.319279608771
4225,2788.4018047904974
17819,1678.6863464235898
5719,2914.9701584114464
97895,2900.2804707098794
18267,1384.2526714482647
90004,2542.59331320714
85940,2339.444167483539
83637,3537.6469780186426
54584,6666.002110168575
57966,1330.0870667445224
81713,1879.8386287552692
60287,4351.816744108908
68681,1726.0928246920287
61559,514.2649444938234
4783,1130.9050139414294
36802,2129.3491574267464
29370,1392.0970269376494
8671,2085.951078841962
9318,4478.672894579374
99983,2395.9266897858324
55591,1948.3505092921669
39213,4933.055977381011
858,4564.440703516776
99257,2326.5899867027138
23838,3511.497868171707
65883,2116.9888603050863
81471,3767.436947151908
34364,1356.283248772067
47194,6663.084529363692
72440,3409.2435855255817
99818,3736.319254987868
74681,2306.4266638583053
47070,1027.550647571737
77590,3053.871263607256
39333,6825.371647913989
12143,1644.6178754026876
69903,5614.878328267351
55856,3799.331605857494
8729,2354.053948948982
21574,1187.769475044232
83661,3019.4796530784097
35946,455.4542156967109
59170,2689.6279307812847
92942,3330.600047572464
13566,6405.758464946667
24179,38.341378820295176
20104,1227.0527149145555
31320,146.0878791762716
78489,2148.2937786171483
19242,797.3362082747499
50726,5539.699041822858
75121,1515.2897853949826
98650,1983.8474731511315
16695,1627.448412692225
57565,2014.4370574941806
9839,2373.6458854466264
67102,3451.0499556222258
43114,6874.401735573687
47046,6601.292083519493
60102,1265.2934878158621
5018,1794.7586294577466
44008,1949.879970855945
70866,1221.4821248876333
50432,1594.1751107994269
8308,5851.616521552767
2905,1434.8343014230277
6515,2067.9539483431536
53916,432.2237875540063
22804,1418.5514880140513
38512,7600.079505866746
1410,1502.0689444810064
38400,548.6842382824543
63848,2654.337194150082
18776,4830.57350901457
22726,-75.85104981998938
91894,1491.589488411334
98691,1055.1197149022164
85759,1816.968282057161
75150,1242.893478795148
23698,3805.4971443955014
84395,149.43061239989902
70387,2487.215713254108
20177,9853.595109188864
45891,2521.9873161309897
57558,2357.943700246021
20588,5545.18600450829
51517,2789.898470415359
15460,4323.194790514833
76707,3164.0952391879946
58120,891.8256773146227
93400,3120.6166080224393
83690,4856.530480701806
60296,2357.952614068113
12885,3954.4213514218955
791,3608.1842492095448
3280,2310.6665206902258
5481,9142.542211360571
47630,3599.0468452349246
34510,3610.0921695673483
77828,7853.556959887862
97949,4670.170188993284
61315,2369.527189531729
24384,956.4912762012455
21025,1357.1856828690716
64197,1753.3394707406744
62325,3078.0803687978178
294,885.7970634683816
86162,1188.999176205175
55007,3841.817068723983
75430,2544.517616372691
63908,674.980854927308
80735,5559.014264776981
63625,2513.536378606509
59244,3144.5922653333128
50739,1863.0823107993417
83,1107.1615900064803
65746,2165.523827227483
64573,2373.7179259525547
4220,1686.13522322151
10476,-663.4581390541189
68724,1676.8493490555043
13703,2542.0799502484488
57689,4564.979168550134
27038,2324.1377167364262
90952,8552.597559174052
34872,4295.301352715117
62218,2135.556257489542
31478,1956.0528712142118
42236,2606.4449738523863
26199,1711.2239025465412
90576,5657.416326018506
38876,2752.9602834186076
24136,1931.027351376574
65087,10863.694308178978
87075,4131.6546394038005
60125,316.6473492002151
72923,3887.3498280134627
77098,1784.1590177408266
83047,676.9159146681473
21828,1990.903526565997
58594,1341.9230137977802
8327,1696.447656274917
49683,3884.3939710251907
86921,2068.65786636506
51853,4422.709250883661
58778,2750.136808507424
70757,1554.7288776805303
1913,1078.7319361823893
99507,1628.1244375205474
88715,-252.9061319998723
8494,460.79247763549483
43927,5596.227718567535
4723,1891.733430387423
99735,1754.723227365023
56051,983.5377660049635
40048,1329.244290288415
37555,2020.4844219351235
67822,3927.8116403254953
79021,1811.0560047693398
57540,2136.493000260042
89472,1436.5651051032746
35519,1075.7586396553857
40597,718.533688156981
40267,1054.830726010875
61361,5266.642861283083
57374,391.7792189776983
47760,3195.433712043735
74981,16025.214117831634
89203,2427.1913947564676
98961,1323.4146401171897
97254,2647.3008465848325
99388,3281.989952077855
1946,1170.5808710806464
38374,3698.925403993875
85970,3210.9638958640503
55185,871.7070350502581
92911,913.3408739470283
28025,978.1696787134533
36255,9302.081125272482
42397,7546.616003793647
71510,1049.8061892442884
76685,1656.1109146427561
90321,211.31958680114485
2748,2753.7828534852333
92744,3834.9762532948207
69303,2772.13770408047
77042,1040.6354460691819
27243,21589.42964561531
51167,334.44031369303866
82402,4170.345900595508
92372,3270.2743961348615
62076,-23.260880982269555
13027,1276.287713310814
79175,1615.8599710417589
93007,1107.347962724204
79337,1773.008315214861
76311,4400.116525443414
14944,1640.1594324939779
33520,1133.1269725621669
87230,2036.1169525248263
55208,789.0695057018434
24664,826.4307606655898
29674,27.09802131215747
41416,14528.173741630591
30024,-455.34523697153236
62640,2699.2963138320106
61841,1436.8260119405604
52115,2229.733287070857
93193,3614.555994532025
43731,2847.4571028247287
83999,568.8616242771468
42740,7067.601113635223
77793,2283.937152821455
25694,3170.0778297392117
15198,8040.94803223743
21757,1097.5939583214317
49672,16179.501082251507
67060,1421.376957738668
74385,8428.18609767878
6623,1617.1390267453799
14041,1389.1145398946337
11663,7341.295387508911
31476,2951.9637575761717
85594,698.6381009827
27768,1207.284766610157
19306,2169.181269250131
34414,8724.114915569377
98359,1508.5021568645316
32452,2297.8541181705014
26283,1393.838188496993
17679,2053.512533479042
84430,8650.786168242259
61541,1485.301092731574
96481,3970.49661762527
83672,1900.8789437241785
21952,17625.474956892867
46670,2417.3788530148995
50040,4891.318876543457
45221,1342.4928323371387
64375,731.2068193156329
993,1357.4316401349856
5340,3578.50169641673
24977,1214.3404784476706
91269,4435.984140187739
94483,2099.114262769159
37902,1068.8664957389874
319,2611.5264830056667
18285,2960.1776269825764
99503,4399.014184749355
75486,1546.7749952915665
49253,1471.140078964187
99988,1094.9390802446028
58709,3328.1047309944906
22912,1099.48355190228
47762,3871.0738738028977
85070,1449.4613825128263
64224,1732.1771555562375
1544,4063.2816022194497
47471,1219.891588804796
20544,2990.8646853841515
26492,457.9725178774902
97784,920.8007132901153
44605,1128.9452279201837
42552,557.4382702144912
58040,1251.632036305754
29836,1894.426566596212
68829,3423.122676313915
17071,2065.915888530917
68552,201.57379378728228
69176,920.6518479072661
22148,4571.926520802568
77726,14332.924175388365
10203,898.989585463145
36728,4302.579237670592
7340,1779.9492700732847
93533,607.5207109199241
49903,1464.812639723557
13300,604.5796882968898
22692,3466.02358472671
9970,2556.155870585017
87297,1117.52396138228
51019,7439.40730213583
72288,2848.626423920525
60378,6348.257596364655
20683,153.30218295786563
92208,1817.9750691336092
27678,2796.550615062037
53411,1947.927127891852
74655,1398.8547881063714
78682,868.3734866358495
95152,5245.002254035246
73042,1785.9212122996616
15306,324.5421960544668
92962,109.90031245859109
38109,7537.631260770183
53917,2857.5310312416086
8857,6005.200998392329
29458,709.9663336959211
25145,4427.720289103755
41912,2105.1910131245686
62065,3492.1617101873394
29225,5514.079091403411
63111,6404.064621733636
36080,270.3391961911102
2916,8229.22614074255
9590,1371.7824191523187
13515,1228.7249015909333
40699,4546.052671946735
8347,877.1670500909331
51067,1403.005292485842
9309,896.0778429357515
18542,1701.1541857080413
8521,2640.987998138797
32688,1543.799951118226
54146,2404.2485183246627
48352,1443.1524665976685
41598,6182.257441527065
77548,7379.386077373764
79827,3995.3434005329655
54442,2416.5240958545637
15162,2512.651356728915
7152,1157.4110074488508
13032,1534.0648311726154
67045,3124.4161106592564
55426,529.5077631597551
13346,895.9025927637267
21215,1278.0275406852102
5953,2136.0934986553757
885,2598.0352635869745
78133,1648.1701933514823
53626,1237.866566117215
59971,585.3835870380244
48806,2380.331198982667
35276,-247.47044622969815
61022,3901.725690403751
82936,121.46648199723404
33253,2565.0390581852043
37518,2396.0410669867624
89747,1174.8716841860323
14693,9805.956201541692
96379,3001.2989974783704
74878,1131.6747402004557
46342,4778.337855859231
70127,1055.2881740542916
66906,11144.312887402826
21208,6786.6874640936385
75907,3201.3077556118824
56851,594.3517646911523
47481,1812.8305768098849
16240,1374.1521537156414
26829,2143.959838025626
26375,1876.4951202834084
59407,1911.5010707236293
63438,706.9814793805363
58233,1509.1339595200488
43453,454.28857903972494
38263,3560.439569829001
29761,2340.8685574976585
54478,3245.7408308223385
3571,2701.9190180413343
48475,1790.9067079407905
50490,1847.0006956758514
23192,3377.9876700567493
16384,1242.7271989427632
67503,1316.6959544670362
2629,1147.6654782756027
99990,2016.1313870903036
22580,1952.6457836930495
13166,3877.1065311735815
44152,1812.3402202525883
27797,4228.397921035536
45108,2765.6112030587547
61091,8782.659728800327
41288,1541.2996787596044
56021,1917.6791211575528
17589,467.4400432150087
38694,4289.65987272764
65497,7027.703203837909
13722,457.21982147389144
71263,3892.2874489318324
14988,740.4082111491771
54595,1596.3382473885054
22003,1184.8722614498947
78021,1573.0517392618722
83707,781.5567320402465
64927,2553.5246259748274
21833,970.8384846540139
60152,1625.7001195378061
65028,4499.313753114942
51743,1316.7185072868601
27583,1664.537878297673
21592,522.3464638334535
99571,3566.09651110234
93468,1994.3363534020532
51408,2460.910691420631
29390,6573.564556632287
31679,1888.1962354377088
91463,378.4925111179323
27089,439.6281752836071
22233,265.6285724921422
8582,22577.29306753094
7443,1633.2121475639665
86331,3558.77881994918
70267,2558.6937464231455
79992,2355.637069891947
91766,2565.292764396944
50809,3729.8038841055854
33767,4523.982258050683
7043,6356.376930067586
89596,1732.4208695030998
60963,1051.243587389854
62647,1298.1462399243883
96519,1826.6202525633878
75210,2928.8602840106337
71525,4126.311267653817
92921,2443.5337156649075
29755,2290.246792973415
25267,488.04069163972144
68678,1147.7632786480262
9553,4931.460321829181
11598,6529.215177825487
53161,567.6610734647502
49811,1976.8337515535236
57251,394.9895782207227
67319,3894.6693019444265
49382,3212.2803966018173
71282,2201.0576865129797
4767,2121.7293613343963
87855,519.7373081369929
36356,1824.542835252021
78984,8446.380471327946
9942,2038.5282152613138
9577,3295.266072324437
85717,719.1951761974442
16983,790.8029719850574
1830,1988.6904068484546
12762,1231.0943218984057
55593,1488.3780239115413
89107,1303.751674635043
23722,2971.8001525487025
73675,2598.9928255456584
54975,3240.0924238775547
11535,746.8277631933679
51931,1356.7237179127083
50467,1266.927899965718
89566,5858.810007221484
1845,1689.3040145964421
22163,925.2144316036424
37145,-143.47001771899158
9606,1429.2846621293988
43012,4339.59311300515
89563,4598.372783601189
75141,4204.108911633699
80039,3554.0047088419224
45438,3233.4968410977767
52468,5099.290964193357
30953,2473.8905193743594
30579,8589.940077691857
96684,1989.3075147268921
47016,4320.937641682936
55631,2230.692368298141
42829,-0.7347411945711428
89082,1255.3787575513825
52116,1385.804298162543
25550,4183.529747436393
43545,1425.799384802338
39270,3093.7023564517017
16107,2485.8423018203694
11270,1238.3792547919438
39004,1442.0808585359046
74271,2119.647313439199
52870,681.8705835471474
15909,4069.658477142311
10043,985.0960725196364
10111,103.43845510061874
45732,1749.2237507362343
4917,2507.173917999394
16435,4113.629338255638
46175,1811.7770232642865
94053,1766.6116939686274
23922,5038.808766296287
89825,1218.279484466876
25077,1676.405195752366
51427,1886.3262538206548
67217,2244.554817660613
51398,3926.162687958361
52958,1727.7442280956088
51361,5988.504277395297
59797,992.2667419498976
68099,657.8138861920315
39842,1428.2095181177833
62100,3055.0519819211468
10200,3305.1459302681797
40471,1526.3782459868535
8804,2449.305170132885
74106,2891.702004827943
36530,7493.239505854857
1938,2973.5684386722282
43076,773.5231929832075
42588,4873.51357566376
12782,1105.9760880589756
32062,2299.927588607233
63473,1911.5311327632803
56066,4422.482792644982
20755,2627.948292214953
41678,10796.623536208208
415,2550.3828291230893
1117,-317.52060967693615
47562,3090.8450182506326
23847,3447.8780165423095
79658,6.762277476574127
43856,3634.497152569282
16229,817.4754368946378
30369,1081.479616716355
80374,2195.9894670194494
58192,1103.9591308853278
6926,2807.2702975151187
60596,12396.467428574611
63140,1674.8886747294089
24536,3411.708262347259
90073,6707.805513653337
93146,25989.590430830707
91783,1961.6096094671766
76069,1322.8281574923412
23305,3855.5843998953083
85544,2387.3490584651163
36806,1664.3051168521306
93785,5654.120704996461
67476,554.6663961169952
23335,1367.2992043070644
94469,1381.7413099670498
65786,1405.0311642196525
72818,6796.736840789285
11501,7806.744224417717
17790,2740.6610790535415
80071,4981.463412061021
7519,3311.319860807514
88942,871.0078634731199
77523,48.445526452826925
42331,2059.327559368246
6722,11892.06888800328
23597,3191.6089173250693
61519,2348.986336952392
49605,5032.609367849075
24292,1530.6914556397396
33685,3459.708942870638
61340,1570.3468842370285
42965,2283.6657182787026
74766,2709.905676034279
95339,1924.9695181136287
69240,7022.821144307371
4506,888.6573751436572
11375,2213.983076239948
38590,2667.052765499244
65060,4746.6188260092185
84010,2428.5705471808537
95442,1123.241617134583
74063,3124.2974876985063
87446,3150.2703255173255
75860,754.1835047884188
39990,4266.519588362164
3684,9239.53988207033
21589,6556.059647090248
68418,1354.8984746227184
57519,2887.4877423875478
11868,1804.8685143254288
86370,1124.081031122857
89330,590.5854811247791
65509,739.0294801225687
38847,3557.2757980879887
83304,1523.1244205195349
9459,1850.4521546309834
37994,1855.096325217355
74637,6096.514906477034
50579,2448.749158837928
15597,1228.1856187526523
15757,714.7515313812314
80544,245.86833265063524
14993,13529.310135114405
17948,2044.6473944476857
35960,6111.40454422784
79309,2940.612440564717
82917,3127.9959545999277
3559,2345.0658162629043
22664,2032.0135376520864
76294,6295.558805971676
28555,1960.7292235197035
22127,1445.0087325527602
99663,6849.297723870988
27662,1626.2515467232154
50708,1668.6182685664028
24335,1079.6099397124908
11139,6244.336724897914
46042,1423.869240297448
86475,246.6927193725851
28660,-396.7686901993511
13479,2559.260678232407
48066,5108.324316094528
96710,2815.1326232194506
79873,2847.325682031451
81965,4210.109648927587
71041,7210.965415671511
53028,1835.132197998372
75710,1054.278255471077
25229,845.2184878486228
65117,4884.050716195873
30013,1510.6177863936796
73237,1979.5488639791452
83668,791.6835672086754
35771,2522.7966389856792
93278,1448.1226157749684
68158,2584.2870132260014
19301,1243.822792997279
719,1021.9985702816712
77961,3328.5747960947915
23932,2190.1233588601553
70053,1173.2700499435728
123,7128.274634889479
94576,2311.7126829957433
93167,304.4597300811665
38394,1038.8622618068985
20336,3103.5407337738534
63109,13737.331534922869
14261,680.8673459134002
213,1772.2689254143124
70739,3433.904232705884
30889,2102.621722184568
48022,2090.822327746813
51857,2822.144215928745
93517,3766.785934025419
60530,1429.4128177091998
79044,22150.666348236875
41036,910.5193448779628
6241,2572.927391922632
49106,4066.6683622031833
34910,2059.2222008795516
58701,3318.448602096836
14271,1043.3037939888914
51026,331.6812618717813
27391,1590.2498189380485
8205,3450.158917949444
46134,6530.711285850705
55946,3839.6876950668225
49633,5355.704492457575
74625,3726.016746802064
52780,4074.6334639269085
77895,3277.9582581562536
25171,2334.5581607128715
44210,2633.6811928273646
96570,6280.201707556221
32118,1710.313387754819
42245,1252.2235156203647
20272,1361.0320334788385
31373,8670.60465359662
57745,2419.7602320917667
75579,1944.9192503991205
48747,1379.7803389353785
44480,261.1684661643567
45599,1374.2670091608493
35469,1449.3253053441313
7982,1564.0465210008979
84716,2615.5345354707465
66492,1726.080219418667
97856,1273.7714786399688
63735,5848.537216233104
39774,3176.6759899860226
8679,3955.613174202702
78313,6450.272605341812
58326,1935.2764277804376
87836,2522.882507341595
65722,3622.5662360253646
49824,1808.7550033903053
37176,2181.4141728413883
53091,-7.031556926184294
43319,22549.253282856174
68277,5872.1133768307445
92697,2644.7513135279933
76112,389.6344049162917
90137,805.5487290463543
24477,1406.200481460451
23156,3122.5229816575848
35351,936.3061870083748
1850,2342.3828983486897
88936,1703.7345420894171
38918,1320.834974444323
69880,2921.9952638077357
30002,2671.5704518803836
33956,2203.1823168243773
57957,6972.928647705405
34099,1671.5027226840518
77723,874.4851899199539
38397,1540.2341684029052
19726,1224.9749550685178
74418,2957.940383457834
89936,2970.319759055414
1821,5083.124325023665
15833,1698.8970997559431
18719,3179.7145235212656
25819,23.78687833692129
43297,14134.419231102529
32290,2378.9254521252096
72829,967.2309928107652
6611,3707.066340180565
50764,2602.178867980687
89551,2980.4791231283916
75925,7154.951074567946
34331,3700.1402996449515
61682,3787.9827342487683
26535,7862.614525623811
28157,2839.737169371594
5639,2882.605879870728
92662,1933.9392564649613
62842,5276.112252110917
19077,969.2339880284885
47662,3111.0780198076527
60653,1705.6765868422021
45305,3515.606856001546
16307,2030.5234447980918
50997,1258.4223690615509
19653,2792.1695161143984
77690,4290.595050175988
7417,7159.685759016907
16678,1309.4776448510902
61565,1567.0634150736873
95793,716.6277863380433
45063,2476.4881446046966
81580,2371.508399024572
23262,333.89325551024194
64276,1447.261898547351
35997,2270.980594559779
28755,2845.032438058182
55123,1503.0449306836645
62424,1217.2398867560987
7444,2004.7635717494109
32809,2619.627525356224
46870,2945.0348900042554
34733,13730.485922329517
73027,2323.7855415155777
70087,571.2644393682235
62668,1014.4645628853859
96192,7251.522102119266
68792,4324.818744599957
36879,1947.4858980875176
29775,1883.2368706071807
24986,1037.7985882117764
7989,659.1980952925851
90053,1918.9454644655725
8179,1060.1233983353745
80722,2084.132580723581
14035,1876.879063335687
25040,1543.937810143956
74035,4440.336009291821
41904,2616.8625050127794
96363,1781.9305122226372
68698,3266.0073146665145
51011,4506.386963879861
54682,2881.70222095316
78684,2923.241420040891
72907,1313.1451590369434
57187,1275.0443426337242
59682,2895.9776941637756
99137,1475.135784333324
44530,3138.564963762469
41402,4671.985989455995
99528,2461.145875505094
84962,1619.5803621097762
16023,1524.704752973059
21477,4608.644874325376
27839,3541.8935861697937
68089,365.0061604909024
30824,1579.1434794106553
89802,1566.5396963267603
65898,2179.084268678954
75500,636.8503151741916
7524,186.18811018142378
51103,1864.7135363814225
84439,5143.448524074684
38370,1121.0522959153022
20282,2408.548464436445
82304,1611.6550322751373
18156,487.1867835554949
86700,12717.139168684163
32917,1265.3055244333086
29361,4302.80769678976
84643,593.7800379805976
83082,1237.6283615945854
14473,1015.3202041353384
38731,3237.171304431518
5756,7827.00278140641
66560,4477.7439601495535
29414,19530.177105007133
57586,1126.2074105994693
45930,7129.892934819354
83084,1289.646695175038
88188,868.4223988576309
77110,4238.3637603949255
10083,2843.078444378106
92598,2263.603791587937
4277,3603.2742980042694
76116,942.5868932272415
87401,5648.939716072626
57735,2551.5984080156272
88043,9930.7144095494
73442,1467.679626281968
52394,6973.411566323442
48063,1855.2951145350107
83874,2205.842309015507
71386,1871.8861460808855
78436,20.66677837792713
21894,1030.8756230922895
80913,5622.538266170187
5879,1912.3913217899224
34335,2754.741891226799
63096,689.0881191059061
5939,1549.5893897004335
93689,2012.517854306374
2418,88.86616224125328
74504,3812.2922191585667
48020,5437.483838074839
93821,1663.7541973398704
56849,1528.2173098230078
11937,1478.079690961043
22752,3821.9647371682613
77803,2536.2376614694413
8298,2000.9598235267222
58087,2988.302444478383
39840,1783.62296696023
15744,2023.0446475225524
24193,1089.561016851962
71805,1778.9259685398242
74367,668.2506268613165
86735,1588.3318236907608
86533,4757.497657930194
66004,3142.1171318137003
7870,2362.79351840833
25308,2354.500935009204
56595,10546.097563788582
30489,8110.235007392297
62524,696.8303099327782
41126,-359.00486336610993
18059,3587.4929433198954
94677,1299.5430892418067
43764,1164.066447340973
84662,5342.980310025088
68056,1895.3232902518798
5742,8626.245549720832
46578,913.2171433637018
5280,1817.1604592160568
18069,1707.4405201099755
33406,2308.360767611459
97476,5766.111185943944
66487,128.2675190368991
54060,2185.1968882673655
37041,774.5943981573582
66181,7347.150737020274
10504,3479.617006665074
6227,344.4362705095782
56915,1905.4910234991455
29486,5150.564963840824
79672,3163.4425610891067
38004,1829.0500183068107
20488,921.3871777891463
17206,901.2395024394414
25561,497.9025021629386
17255,950.8750993996036
40942,1412.6024733400568
75294,1215.7118614319647
86199,1767.8142278690525
52374,4591.412575265684
32505,1987.4445672500879
14542,10119.328308348675
47732,2434.064368304278
75164,4909.525343357558
64909,1805.894236486648
7817,2261.4820849488974
23942,16383.17721211514
47439,5658.089903828361
8284,3206.665177591266
54782,17340.73046288705
13906,1701.6783422686037
24005,75.3807746122925
19230,1849.7497144451595
98645,771.8815867201615
8666,780.5778179018316
37199,2201.806889288273
69204,3369.4203137231743
10592,3136.8443161070277
21236,1874.6867872398213
25336,679.715816434838
14487,848.0954644770777
78033,14619.221076666296
55483,1822.901141965923
50784,2970.175157403347
60975,360.24510002776105
34257,2323.5775046347876
43936,938.20164616275
24736,2911.6285607730947
35254,865.6690459641695
22810,709.9317293396084
71784,949.9231059788917
72563,1978.8231257758046
81345,4577.3213026361955
11582,7495.061378750639
21566,631.1596409700578
17871,1441.7860258699493
15967,1383.32542980783
24450,2461.1446976773423
87752,4487.742704199559
23016,2894.025501350813
74161,7649.272270686342
50146,774.8206127283211
43758,1024.2038297234003
34732,1790.1375549079353
20252,2576.3930345392
17326,1566.7870492243528
66175,196.81309086412512
59164,1229.4008085372143
49774,2975.2246228852696
41296,67042.8607137528
29536,4016.420230383863
42736,3890.3845978004665
66810,3089.4329706077983
47599,2918.107203091804
74847,1479.1329823252468
72783,1011.063577485028
5797,1088.622069554916
57797,9141.195095354778
21905,4677.431636394757
14758,1166.2874604488516
19280,1733.7847190149766
56920,2550.623093688643
780,16232.209831183929
15167,2757.127560693854
76629,1314.3643373691384
53256,2755.983494593236
37329,707.2311726002627
33843,1079.8202440719515
67549,3194.368933244291
94132,1504.9463288752659
2853,2186.9681584367
87153,1269.871887284743
33121,5465.72090233576
90159,2359.1900417293473
48040,594.2953987119199
65222,4038.089873831971
58635,5105.918467536235
58900,3250.129218527049
80700,93.94108439332922
46532,1522.5732159263398
11063,2071.9625813705925
69345,685.3225858693795
55324,4077.0680638072154
52366,861.0396429685406
11082,788.9614383197049
30966,1850.1368255727812
21680,4078.81537697196
12859,2790.8121650713188
31318,2449.9155638592465
62256,1748.0397702817377
99748,777.8579500963156
26796,3040.1678124205096
74570,3642.329990960014
76856,3210.703119819503
59582,26178.503339702
7293,4123.260661234356
43500,3842.602443925687
34483,3464.4956569608003
61092,2230.2768957404633
72503,1670.3090961507207
49713,615.2041711553643
72080,851.1752427235165
55498,7635.214814690298
77035,1353.9765635393032
73157,890.5285742415276
48778,2716.671276139
77704,2088.255002962738
13865,2013.781679728064
93498,6670.290670585799
94617,2649.3313752443623
32428,3245.832695355294
85051,1173.8161805218006
56979,1525.4646614950648
84501,1848.8614401355462
87678,2045.0129406168462
339,1164.8194374018963
20751,3399.372207726645
87418,1065.574119574735
15929,2350.17361770875
65224,1067.6777971066795
30786,10433.83881136346
17972,562.550537798189
20195,5039.343614374994
23397,1974.64446719515
18364,711.5001191707224
70223,1368.0754930987882
24940,3992.2162336052843
1108,1535.8077535262078
100000,1665.8205881504337
52527,4475.918730301171
79158,2611.580006673655
54990,139.96563895516192
48042,997.5034621881146
57182,3077.1179033503277
94370,1105.9406763492493
63637,18425.625600083604
40231,407.5767562875549
71017,2711.3975150767083
51204,5788.441775080463
72995,2677.1185038470303
80843,5322.586618469069
1636,3683.4271901992693
3151,1012.7061045239093
20877,1471.606780096933
20054,5335.604909950231
56149,2113.315719858964
48673,2234.4331163851157
39400,2810.6597649044943
15526,1665.8959876544357
22996,2579.49104483924
95807,1359.5030265554342
93057,1744.4701360182976
89608,4081.8313619903115
78599,3252.06712598798
61757,743.2151255580593
99720,2611.2860567354473
63449,1227.140491193053
79402,746.3243334200629
74530,14508.504037394352
99325,2210.863198736395
57509,4286.328608994924
54545,5132.610494573542
98590,3535.931186713242
68070,836.5528369839076
94708,7315.479185839013
63922,1103.6772092691872
22503,2899.9658092039044
1334,3540.097122763626
21560,1412.296557669912
23988,1529.058648890752
80243,979.1487499763157
35895,3536.2088731129816
50215,16969.090585844846
85279,1778.1720481926682
80783,1166.9180981757681
753,1822.8016230592557
43202,712.0469290021538
59885,1564.4792346914774
86875,2944.090365874362
22887,1216.489157283026
20397,1186.3832961884627
17658,5740.674001345895
26644,2066.2357246527113
42691,2465.3361286487034
64242,5881.76533769142
42504,4734.67957126319
37651,346.1318815732511
8055,1885.2329250046403
33857,5067.239829052499
70680,3442.9885410278766
36026,1597.85940946014
45971,3594.3278307831392
36397,1626.238911041125
55275,1225.2804979201164
43608,2132.880944388758
18309,1731.7779043988714
66970,1527.012038506839
93755,1907.4905456343226
59146,10690.61289449415
82938,1176.5581082696417
69688,3768.6097567250854
93044,1321.4927977031066
66157,16686.284767228088
44414,4377.429568077329
55791,2949.096420633685
83326,274.23209785682593
4418,1306.26151699634
24192,1481.2704530755927
91139,578.8829469670404
51677,1413.9656459409189
29406,2260.149190357511
47670,2372.985278340341
25563,8725.245114875555
87309,3802.208538249244
69197,1383.6942171173396
71043,2234.9900144864264
68457,5192.4887747872435
71771,1310.3325681513893
78704,1312.0536314504916
1966,2826.744449602299
12099,1552.4814084357686
26201,1059.1756547146551
61238,4928.560712382451
14843,1480.5588382040573
54731,490.1328892219426
39984,801.3843882056372
14310,213.10900974466222
97556,1242.585924195264
8670,1302.2940768508306
61713,4382.198561331302
11808,10408.035744762326
69437,4144.694691692039
93986,2187.92060120325
59450,2467.910309588765
68214,2205.1396301623963
61457,-176.66885921200355
53095,2248.899043173212
3242,1532.261948301857
7117,2919.4064937649014
55604,1862.5133606272848
84144,1575.5091117404927
98482,3697.0621679840183
78552,8000.554983816064
28351,2423.5146194413765
63949,1809.3072302047153
34516,6425.424953127299
8218,2324.1792332209525
41323,4166.390799742323
50742,3870.4007535231694
98278,4574.299554847386
90248,3841.4458006852515
30253,2293.725097699163
13729,1314.3722979310865
73453,2832.269805280079
74882,12246.698965755328
81378,4045.5960604230463
69257,3889.979675319421
24287,1243.1369443615163
98284,1835.8016620452731
95883,2398.027162984922
43787,5199.264460830889
97921,1300.0665755564378
81819,1915.458899616579
45539,1153.326363461948
76804,1735.5444361147775
5475,3673.456255083399
36489,7679.81988097159
4643,945.5057319712732
77743,119.60030483785795
70879,3202.9866607979916
30363,4157.375395577702
73809,1976.0920869916504
69538,2455.199384002649
31225,2387.3530820305837
73335,2495.11066233773
8082,5699.947301596128
89253,13574.071630570827
12008,2661.4815015473696
44065,685.5065806870693
65414,1131.3117403998003
85367,1469.5630693383446
85475,2984.9499656200464
7323,1662.8923604637016
39159,2742.38627632338
31280,1131.9291354214165
32154,812.2503287424042
64657,1879.4877719509868
27876,8758.58780232542
43479,6386.897064264644
32697,4191.2744585054015
98292,1002.5763668064128
61254,6508.6878001480245
45807,1768.6315698699111
85095,1563.6116126761904
51605,3390.873634167745
35676,2073.586642146006
88821,3937.4985589645744
80092,651.2032058561972
89362,2223.343491896179
90456,2644.1559649714964
10861,2004.9773843805874
22512,6837.975932947069
10839,807.3774148577345
25936,2196.3917235666563
64502,1338.9027404678745
83230,2374.985288449373
37579,2094.7235920120656
78098,3072.442458777413
48377,1370.2786648550414
44360,1998.7385938332045
44128,5275.5342418378505
1228,4923.297070909675
4564,2806.3414541898082
64238,1899.992525035084
27276,16802.155802090972
69496,-415.12506956650395
56131,10318.955577867342
71575,-669.054963623139
77075,1605.0937260122082
90833,5021.773973946789
78688,4190.040686421083
68763,712.3356313005929
6160,1667.0849674094484
17685,3176.8444353469413
42206,487.9474984081007
22643,9891.249080328498
63426,2045.7137870726235
87021,4957.826936999849
40174,2831.9976816019334
13876,3894.6444779844082
59037,970.3254762266934
42658,2571.4557374101287
87172,4209.133837703447
99917,686.7955539597815
36985,1120.4507126257545
88091,-793.6383044593049
22901,1932.8004814999933
69941,2601.561929679644
50360,4731.788509147076
54155,2514.022579081536
16174,1093.2673049225496
78793,2008.2072830386828
27832,1439.4890520407985
98017,1230.9525221719055
44255,2182.5365276706275
17881,5561.8708694062225
97500,2561.177111790472
58749,825.644401958562
34895,3747.21982132042
59320,2340.111578394418
53357,3305.0787206009913
48570,1897.6851842631643
5734,3513.4493189443365
47914,1552.6951624656958
64424,1248.6227435477017
10219,2461.9750388866332
93036,8595.850042814749
67847,2997.695402051436
91559,3874.748737605062
44790,1897.5851797327962
96074,4274.792665345171
314,600.5383275092922
90822,3077.09941164925
6709,1034.0760822708498
40716,935.7973811623269
34984,1312.577277810506
8467,4579.665439894038
5097,1524.9434526291898
69051,3453.142084468559
90812,2408.3404109063645
27743,3017.0557414818177
23850,2392.7219686400504
46637,697.0826518706313
39131,4204.608794893621
44262,1715.1028582060828
51085,9245.734370025777
98058,6831.441944012431
54359,3093.350890847427
29396,1321.0879790948443
74440,-645.8830877485607
97363,2975.503191965773
73519,2258.1072573726533
38631,1662.2099823813107
22605,1362.6312133391357
92651,2273.9050217008235
97037,8936.104913942378
49870,1232.984958914511
99024,1549.0292413888883
48150,1959.7630069557592
10809,1809.289412110633
45699,1728.5483254606531
81741,11150.662335665327
91047,1134.5907055560106
28619,4921.545637120838
44723,2406.3309030947257
90106,1871.7344478963448
71862,4583.89644591508
12924,879.4986062009857
94354,996.5473836024089
67119,1642.1476995171752
7998,1819.0549417821805
87405,140.74144285113925
20170,1257.9160106270829
36779,1990.8905596982302
44301,1950.627847095074
24751,1278.701740709706
16595,5006.586877562431
94384,4482.987393188584
92809,1971.3058762592898
73205,3431.0859512751126
66076,2325.2206134829275
12717,1826.4571917339229
83586,2780.2191089954763
8724,1046.928201823297
30029,864.848310169014
21149,5200.210915355935
90610,6651.536244990631
10796,6210.501867095898
83462,3552.1169039649367
52137,393.2488194829184
34613,3597.5788861150495
76530,11915.584684779813
72002,1374.7889764987149
91847,-211.3333145456554
1305,1845.4218973105476
16893,3677.1453660439897
8201,1669.7133755459477
1545,1911.607936016394
36744,3865.2130886023715
92746,1479.3956116152463
26570,1925.851965533191
10088,2317.3275658414395
4236,4300.0071632714125
74141,832.1786690286267
89659,5714.959542567474
6251,1750.9405547328436
96832,2764.1050402728038
59724,2231.8075380998034
54896,2606.6330337201434
81114,9992.531568559576
56929,3921.52396887415
60715,6055.696746576292
80328,4097.138570787739
76611,1996.3173457058967
30900,5029.228898423118
2508,3313.530954775325
85925,1515.8558556750895
13799,1507.7701561583563
91352,2646.0230532350483
32759,930.7359558284666
946,212.82313524030087
99796,1184.9801092438183
35133,2605.9277418114234
1116,1354.4762241144085
50071,1451.1609631309252
54100,613.8979454526307
40414,2220.5252420223487
14662,4698.349894595279
52391,8062.768183031052
38710,884.9134219925136
7269,2490.3890227875136
51799,1634.9887649453901
70059,2657.6767506700676
85928,1929.1207445408706
90066,874.6127721459552
98676,1088.2664220007096
60602,11517.457844948269
86472,3413.0002072163006
20724,525.1522268861131
70831,897.0925100520462
28255,1342.8677966819641
66269,2023.711943064145
32870,2486.8155362005227
30814,4818.290994623148
36859,2467.86234732146
96849,2559.0314036294158
34425,4042.7627535083066
56164,957.4273857732296
7020,3799.7149270267255
60038,2678.5075287982636
65940,2820.1352028184624
57726,875.5401353533844
41405,2448.0944102284257
35388,1449.8816637257123
63121,7094.5504997627795
67436,2046.1848692758274
14704,389.63206948607694
46252,10726.69970542044
74105,2669.3270847231533
20068,1576.9029157658624
83316,14502.793579406762
23434,1357.7554986512305
3032,1562.5833772623832
96911,1184.9592844986428
24792,6017.8145818549665
82670,2100.568351121
1362,3326.420390003018
4063,4338.813791822129
32694,2551.098425829957
39688,1057.4268370655864
63839,1064.6169449430845
83795,2933.652592093233
59649,991.2985890997647
98053,1043.3153523018445
80443,1055.4953006732712
34148,1536.7204671632371
64891,2152.705891971178
58414,1131.7474148908618
40450,3808.8515483314204
51826,1879.421963805796
63516,3063.9484947584874
77485,1514.4594965603328
5349,1104.8273406719463
39503,1561.666974707226
48912,3245.823155481221
84629,2415.4429970948786
71558,1956.2505755726243
43517,2321.6326177252995
60951,11509.359912112584
30757,1619.535348987121
51985,4035.266340973945
59666,759.461117192383
74502,1065.9832482919064
17350,5294.719359911309
34184,1017.5335985040347
42983,9038.734691743628
47729,903.7110714647565
83125,2444.304594907137
5778,4938.5343448139465
46679,4182.08398190619
42465,1021.6139338050643
96384,1314.37686198056
90110,3745.9589689872364
69473,2519.979920064311
11358,1868.5295656120643
43745,429.0526688028367
1398,4751.3541415001655
81229,10418.924729949164
22306,8251.6933778024
79018,1682.1559565752823
50337,1986.7076994883282
24388,2862.9792604901522
39002,2029.2327298384034
32268,3354.958212334384
8522,1312.2219536444159
3362,3038.738639555182
36511,1986.3037129011939
88864,2751.087457241767
1325,4179.843868613769
21173,2615.7258705671547
49478,1453.269721335163
55258,1031.004225270014
73661,1696.0873172832669
82528,7580.8661838201115
33195,1327.3486048848044
46998,5169.869528456753
57037,2104.551626370574
76609,5489.262822140964
95556,2323.2987198180062
63279,2873.749010349083
14357,5780.047559181856
36833,2451.8527076962205
18772,3179.661660895429
60843,1849.3971363679193
51152,1856.4496489623932
63354,2593.9734566778925
80739,1390.8991537659085
19492,4043.063870346394
52305,5588.085582894707
71047,2280.3226624555437
54400,1836.1541995137688
39170,4115.223455020256
14312,-115.16460710369984
65643,2184.7900962987233
63066,2893.2951553930598
29985,6034.524533433343
40790,1595.2496390767037
9317,7474.135050662473
565,7376.61676595107
8744,3409.5762155101083
30532,1432.9381245134982
16628,3941.82873229508
68605,2036.794678291325
60431,3026.454111088319
71221,2434.427757693773
67032,1466.8836924908114
25566,2358.8647668306294
51147,3179.255400570613
6432,2473.3070006214325
62174,1204.5231890677155
16395,2251.9513870082656
66702,3863.6189912153673
54218,1859.6999434688528
27611,2110.127069666749
74253,2988.4003025869206
92522,2089.0856156636346
57677,4760.79290944371
29556,2523.4315484706585
48315,4499.403543637916
40782,3533.7316608780397
18045,2101.5397121886
29027,2375.130101118295
60113,1933.619032579491
61857,1354.8904863772186
43375,4887.127431173926
92733,4640.606012946606
76501,7156.393547819754
28226,4048.4202241961666
37985,632.5581739400704
99638,2801.2879010310653
87553,4185.540132332379
19686,6187.789577088393
15550,2660.426539928317
67453,1449.897800665864
10184,146.0858997082055
99275,1286.513247333461
41170,1501.9063331779198
74986,791.1996560044659
14824,2168.333854931937
33487,2067.8359152044554
4554,971.5287356154759
18626,4744.707124946464
44415,1758.8877535484664
38012,212.06754558995635
33675,1654.0879081470773
92848,2058.917273920113
51024,2254.247351273916
59058,2014.1224428021635
24371,1882.2988436223468
12474,2253.456831118583
75276,3274.448627157758
18742,4532.730288655756
99343,1143.4786986172385
17535,1596.5031124526595
35472,1482.8593252693008
74045,1853.6776494340854
90956,1617.2438563377775
82710,2407.006548256215
27930,2715.559100907112
35037,2485.935065335407
59433,6342.158558057914
2202,1011.4996267592205
34804,7673.07798237936
99641,1403.388583144359
79930,1988.244621263881
83988,11984.361936099374
99445,2669.579553135747
37079,3196.7776436349077
61374,608.9891602259372
7629,-94.67319846831424
9518,1136.5750178635126
22623,60.043894473621094
64402,1590.0236664561853
5486,4450.188647632889
33248,1383.6127313122934
70629,1122.3890272737567
91268,1450.1739117724846
7348,2176.592481823637
3107,3915.8943378651534
19820,1140.3209425840123
66434,996.907212596755
58757,1485.9500710928596
75144,3531.11681435779
3306,1792.5118167417124
2412,8194.739837773675
24516,7408.875428891848
87109,940.7267861469463
97779,7776.721396780231
91172,3591.5509054628574
16889,3609.1548111878383
3535,3195.530141129702
8919,2966.5753787539156
2743,2106.8778925954484
43614,6935.323714045201
87180,681.038729172848
84382,1650.9457817454768
34592,2323.054416617165
63471,1361.0739126063718
39063,2294.5971605031673
68923,2744.4475521662666
55769,4697.560819025072
31938,12859.387561799318
57269,907.3332691067449
85642,570.0315297641482
247,12763.470355834213
59925,-252.32005049547752
47685,1683.271152917288
58448,1147.3048847458476
82830,27659.91921274185
90448,3779.5994429994917
14839,2349.8976797538207
5337,1978.6839416425069
69420,880.3575149336884
66712,3776.0879126096647
26161,1613.6107830390179
28475,1368.8465086814413
21114,2796.1617753488126
64262,3558.327122744072
16316,9259.349074522142
28728,9376.370944617454
61739,2207.669168832398
86191,3647.7337869189314
22173,2896.02232823791
10642,2357.497519378853
87740,3162.6246171680327
93995,1552.385698098833
32371,1508.543250799013
77556,1439.2215122832472
54070,5414.3660532179665
85134,3678.204708142828
92885,6806.867800247968
45855,2125.023065434627
36009,4902.161482807141
2996,4464.671785428538
91782,2949.0441732291947
47442,1431.3918358977312
57854,607.8911851622415
62608,1608.7670956636493
71025,1414.9997413104984
82712,6955.777944832413
38580,1588.7709012807336
36413,2339.5575306461214
93280,1520.4895491885677
9632,1644.9600669565832
8888,1990.4225653083097
22042,4559.6202954715045
7860,1956.1747015687743
77382,8550.510838423608
38530,3978.0089894697776
72451,2268.859470237837
74477,1857.4549191196704
67187,1334.9059184879889
24802,5567.960587112732
26946,1679.0732794876496
16543,1855.6491315239512
25610,3812.527060439843
84639,1004.7900159801384
16378,1052.836448186953
9503,1400.7280006405595
30384,1781.9000915947477
68871,2152.0305719067455
29982,2217.608194425178
80180,3113.0226306264194
10082,1036.5434751701455
83421,1362.3141064913493
93754,2608.711202464945
998,11125.469496054699
50202,1650.5256366269032
95391,1716.1677933048552
20671,399.5343128821164
76180,1211.895167720766
70764,4583.685044569621
72348,3215.926395527762
4091,6830.53676462008
67174,4591.458294118109
79843,734.3072153154149
19196,1563.8734831233096
8688,7097.092658079008
59995,3429.4679290134663
90695,2204.6330007927727
36716,1708.2059729683942
37166,4405.150891845597
97369,498.8352496986331
44850,4521.912831927386
37647,1443.557439884869
87569,1592.424802479481
7165,3226.8289155162465
79260,2533.4801384128223
97496,2299.6203314997424
8682,1792.6856047747244
47352,1510.4661228063092
17088,-699.9814588402314
39313,1415.043924088427
30813,1079.7544753847083
9243,1249.6703303481972
2196,4194.630455812899
63634,2338.375473415892
35457,329.11694922995594
14325,1285.663511253647
24626,6203.300507339849
19405,2880.169320575261
48281,333.4228214897885
82680,10156.920955936575
60812,1588.2359051456324
66177,452.1409374944715
5484,1534.920469155957
2999,2165.049962380218
7726,1071.9742002981184
87250,1745.964240497202
42555,4974.419893804305
45664,2292.8296694366977
89576,138.61703511335418
32081,30554.14363701307
97253,1423.237221615208
40336,8513.065957159131
44033,1186.5887919514148
74970,12165.70903143274
25358,3951.241872003703
11437,625.1318878094598
95752,1676.410494290546
30336,7202.840105365265
70266,194.36095961426963
31660,2341.5189718167007
36095,2302.012329523406
80666,1477.9814905990884
66870,658.2626242479805
13993,766.5215903195226
46407,1171.2190286790856
75637,11819.797768946664
72418,1333.3222381243536
62789,1039.0755846199613
80258,7806.249771076198
79663,-137.1379306203189
91794,358.74372949238614
80692,2523.733022626593
2831,1840.2970192114813
55076,3519.0312441793303
76190,841.9126244654612
13176,2120.5180068409954
35782,5244.93629265102
27952,1333.082869963786
14120,1409.420081998986
91802,3327.156039136901
85033,34001.350831667965
98182,2491.8464590666517
21902,3876.380041782184
72468,2921.847863584377
59035,486.64662758872237
67470,2813.070980533961
11723,2036.083451913835
14576,3529.9020045107577
75112,3706.944975486783
55752,1681.2341925246087
58151,2177.6028775486343
97489,1979.7337860588066
41245,2039.771996293273
61444,10124.558120796453
23228,921.7333345961124
45307,3963.7620195328773
72855,1565.905792744315
6700,1292.4737434393783
91328,1091.0947253064978
64141,2172.8981871875985
28115,1155.2782785325821
39199,3783.5878771884136
43346,1898.556164305765
44898,2468.208709984368
141,2230.196027823001
29086,2420.0135186288217
38461,749.8025419054256
85590,3003.8033666557267
46085,2998.3515237119354
36052,3095.44855464044
29283,2736.931436263203
94377,986.3186819736802
46650,4560.321887504437
86254,12012.539922498678
13184,1125.993840078434
58294,2313.24916650748
31032,1498.4924903143024
3627,715.0613310478388
94774,3620.036142124809
53109,1484.4892677540142
15023,2847.346556076086
66348,3427.6664664328714
91432,8298.938711982948
80786,3873.2193933634003
71412,6758.699896719415
20120,2401.255761033365
92034,727.4955704806166
54263,3125.4511179380024
54021,1627.6423122425265
49963,5451.26273679157
73832,1598.3619681068722
57734,2429.247023606214
77764,7476.604351084275
61642,915.7814243547032
82358,873.7409656874761
85856,2906.1267987386896
25192,1878.8736456512443
4092,12190.283657853852
73306,571.6164204075203
56714,3055.73563458616
52592,5201.39564786475
49298,1881.7742206237824
70041,-99.61491605830179
54847,389.9950502612073
12125,1629.1771944117122
44035,1686.6189162631993
13868,1601.905253128607
22356,1553.382549142255
23712,2582.85432685392
76701,6765.011342399641
1288,3098.299119537201
37376,1110.318724654127
3854,5892.467609941664
62115,1211.1660705511003
54338,1655.3999887262307
57633,1604.3904168481954
25414,4940.265300495983
37719,3897.898131017523
62949,1802.5930975688584
64930,3866.8224188865743
3582,3775.360992442665
46603,1310.1278872409644
79706,12293.576968371917
49987,2903.360884787957
33735,2790.8451125994306
10305,4626.595085625934
25752,1341.7818215897278
58710,1507.4751441345743
38229,1075.1172421436836
17705,4127.002457915332
9841,9419.458265391284
86710,5907.329748620801
45946,1899.5093403788214
25551,1710.990385555166
42226,746.6374212758446
90609,1651.7406551402792
93441,9499.675319082842
63448,2934.6336450100503
75723,1976.6022756181437
91846,949.1326025317708
91931,3522.940059745519
81931,1079.1365112613876
87399,542.5375121695251
4139,1463.5280846189644
89700,6534.487884606061
23511,2637.8974905096757
56064,17894.997717637387
34680,1845.4535551633287
98675,3505.1683648665835
64200,2130.362310991606
16623,9971.642441316602
21238,2695.6234147130513
21862,700.7788999862128
77392,2768.8674040342576
76825,223.08871118793058
57878,5352.142886613201
67077,2224.8510421356104
79447,2352.7117079390036
46839,1392.8030448592717
23026,2099.4568508619304
96762,2416.9571101021
33944,229.09201399779522
39218,3094.429787750827
48250,2258.480216015762
82911,12638.491472589669
33704,3963.5600215159457
74944,1210.9042229756278
25425,1306.5306775497288
2139,-202.48934403561952
83441,2247.324110498226
85375,2091.581532607541
52124,2737.1592127078798
87556,8974.585978071333
16715,2848.740114944227
15902,463.66951682820536
9535,5637.501154331168
89269,419.32697208946365
6942,6893.1806415586925
48808,2231.1062696999734
12674,1754.1213718350489
92110,5303.074567968655
18429,3610.524496119485
29742,1392.267524510798
94185,606.5336823200764
17160,1186.6221793888249
27521,2480.5501953925386
60567,2175.500267672819
60579,1415.3981838462691
13205,23170.86454311789
39324,1510.5311306384488
88180,2024.4507374260772
93683,1199.596975238926
92538,6689.935604358173
91694,1455.2182962367697
89415,1433.6953710549233
18171,604.0863810154251
63501,2471.1076594973433
84599,934.9146870504042
30496,886.3207305398255
12230,2920.319265145772
78551,3104.164671076608
97803,3012.7361306967205
41268,833.4469688121562
4617,101.14571167333224
74327,1490.227165442141
48592,8662.211368227676
96595,2362.9026708278197
50542,3624.6919045674003
95191,-128.85878303060508
29312,3006.074682980192
48443,1573.3915412263682
80902,1750.7105179534558
34843,1493.9615227730233
21097,2338.577289294307
26005,6334.87843339384
47863,1740.4515304134413
36932,998.1098817412235
96083,5205.068924921067
86644,4762.764070398769
81108,1069.29660013403
10699,3623.910060910679
55845,4776.67668899981
52496,5043.672183747387
76998,7938.129407593584
41290,3393.2446823731066
85700,4434.151160354188
62980,1166.1364599128847
84533,3319.5970271999317
48891,1178.1748863104103
3150,4625.977639819784
90224,3064.222065651584
11491,998.7683056414776
93473,3972.08440769883
54296,3165.642618165689
60053,1149.0161590464108
69406,2247.6550053659275
17924,2502.9279903822016
86526,898.8723329184095
95368,136.73640262546996
12907,5209.3112405238835
97451,1275.2302649172152
65364,1967.9333289345425
85819,1228.2749030141986
64211,1648.7308476362539
40938,1319.3956896947411
16158,3800.8532016196627
70539,648.1583927756951
31693,6946.427382681601
77239,1987.42290350903
73469,2968.202316709679
72289,8984.05511918226
23862,310.44989628965504
90317,4698.1397414021985
79945,3669.7164159075996
14649,2900.252295509104
5074,1190.8552864553753
22031,4950.633445357726
71546,4298.755394653634
70150,1382.8146347024885
57516,3931.708316631125
23931,12865.015984250216
30949,1567.8369353955359
81109,-23.03775578992736
90114,3773.0626315937266
67730,799.070789484852
27686,976.5811945526802
11399,1532.80980828265
55782,1866.1865157472266
93427,940.5805205894017
20872,4228.362572654104
21305,946.957280327832
74901,1570.4077556993507
44824,2693.0256035813436
84673,4241.796497931467
26582,3832.6549247052085
62290,-85.99952277876719
54809,2179.093461676899
76663,1712.1980961284364
29635,1713.6666097259495
52966,1309.8442358092798
88676,10695.630274075358
59145,3219.4971370813546
8853,3714.7554133649246
47018,2646.8185949521494
55763,1522.4871601878012
70505,17448.95450366387
81630,2066.9553936534403
48848,13209.743001191802
69482,8292.26849199726
68668,3935.801626511522
10061,148.9904562211891
28052,1178.4519003060568
1023,1399.779072309038
19394,4440.824852106253
70372,1881.9472600399024
6483,2337.6977432745375
58699,3401.6400603250736
10413,379.52367769474495
24208,2073.7907496132843
42765,1548.2833552538832
73490,2885.3734482973587
88173,5437.402781338047
99644,1859.4607614715524
1160,2285.879357751066
9155,-483.56650984888347
8722,1289.5064140641362
64781,1808.9786229265947
24669,1259.9381705234823
54842,2703.998852186522
39611,254.60015188054513
886,537.0968119131812
24422,2523.2597392847415
61947,17409.05459741955
2450,1360.2927249444515
38107,11735.217806839213
5440,314.544601397517
81234,2856.6386861229857
4403,5714.396401498503
1139,2215.226396269224
54162,6080.911111005967
75872,8066.014838440598
5287,820.3496706230817
73700,2347.26111230349
84302,1434.5689483885853
12990,238.06517147956674
60041,3451.1251526150904
44245,4824.724899809081
99210,-82.53534697264104
85199,2219.3887417706783
72074,1488.421033225709
92194,3038.766630794089
93387,3514.861665153569
17210,3409.4727831892524
69393,6153.889836274435
83372,1281.0227188888512
42932,2103.7623784654515
49389,7200.665510821331
61109,2962.901599251315
18933,1238.4329518237682
87219,5959.635347761354
42617,1350.9089645023405
96955,2938.1725976816606
61017,4975.0547469010935
84917,2268.8009845426704
65390,1271.5246671882878
48835,16986.808971751274
71775,2403.909060363233
9228,4525.622263110139
82564,1226.7362050346487
2216,9801.260305213431
58065,670.2932449073505
2298,5595.35625397108
62595,3289.224953107215
6846,11908.257264227943
40910,2154.8926264797747
16534,1026.6109631219424
49997,2818.7777284226895
39126,6725.772404060952
94747,2432.5819454831844
76634,1005.818438606057
24962,1520.7883638517233
59656,6498.064054840363
24282,1255.5598930249312
91652,1549.467885102958
19771,941.5839559208957
45484,961.5288409786253
30245,3010.8989206518563
27641,369.05314614412737
24060,1675.8032952631422
76590,7519.863997315462
58157,3588.2467677570276
69459,2602.1101439106696
49609,1399.5327978314558
62354,1094.4861910558402
85265,3759.3586369743603
82718,1513.5494721342657
88561,10680.707208315505
55897,701.6056375373514
91199,1158.6468300815059
79550,3809.434881565074
82512,6413.940915081392
20723,1111.4724320832888
80574,6742.369272095546
77666,143.82182029270234
40755,1549.4435031983598
69251,867.3749456181899
29171,1931.5905028914422
41109,1586.6084194332657
9917,2293.5229230131654
52456,3910.2641500005516
36124,2002.7520146728104
15865,1067.2594613474557
46410,4084.4437506353784
75213,1735.7244415548694
45408,1533.7731667112143
85280,1161.5745316738767
65482,1488.7843226932482
80584,7845.407864772561
83396,700.5364867858848
79914,8590.515229567329
67519,1649.6066657271133
93396,5901.139803344567
67004,2903.7790120584646
39217,2957.5224711498404
97417,4062.210827795616
6749,1946.9620808512614
25150,3851.8816022612277
42813,2550.2117588916162
44243,3891.597327143719
52405,2331.5546785785764
74239,1978.107951337695
52181,3869.0585690938997
32617,351.53658579586
52177,3125.293001348576
45082,12254.511513427826
72456,1477.4930036287187
89204,1600.6869519920442
38291,9148.747052960622
73701,2326.214969919407
77012,2333.118426214503
86387,6924.385375722721
70000,6993.991964421406
98604,5370.539346271298
52442,1505.5129007571559
776,4978.020994652443
48280,761.0126699640373
84939,5421.460603205724
83719,891.5415633390626
71920,1512.7505034221185
7827,3173.6951483217363
10815,1392.9493365949538
90883,6929.199212775535
38006,2346.209820237285
35265,2381.7728407968343
92560,4969.676295737764
10502,1772.6486454944607
64504,2016.3998028170831
73253,3002.0745575500014
89613,4376.597944905362
64845,80.79615445800118
10284,1854.1075266849364
14061,1644.1407054168183
985,853.9184779420411
83864,1486.8339553226442
16571,1486.0632307328488
90630,2001.4446171263419
68123,5446.471681871785
75378,2632.634411201121
35442,2503.291343811123
60827,3175.9247517001118
86293,3737.7477635693895
81930,2763.9866827716664
49375,2825.3570056454605
63315,4853.120737051916
31105,1448.8317720990754
13285,1719.4793039667816
46100,1056.236799234539
82652,1862.2773770548567
70462,1178.2946823508137
51830,2545.72388352481
67263,2085.469846488333
65200,5147.360458809768
15667,2365.6511980342484
94105,323.9352104348518
9042,923.1378550313348
14233,4951.090616467216
84186,4971.322462970966
78564,5423.626762591849
58680,4714.088029496955
80095,119.33233646589906
7409,1498.7032666597029
40925,3170.12930120956
70390,2289.4404263053293
895,2078.836634662218
63270,1741.823667318782
82225,4956.280545182433
38152,5203.814035276656
80709,4453.652571745146
61571,4700.167515287394
30230,8636.672028356334
44542,1404.2424618654773
38459,1785.9471029978656
77734,1034.2964694106804
8865,2525.53842756791
77654,924.140223306973
43971,2419.8666112319597
65766,1307.7277014873061
70675,983.5797436241373
91749,3019.9388306198357
48531,4649.429977629286
29293,769.6639260587735
73068,3081.39292205529
39845,4206.8572413758875
85246,864.5351892782755
84797,2277.046224079918
94143,1526.924231865722
39179,1652.540897651691
33651,2154.607737677603
89671,1573.1332375223606
83023,1421.8595450977864
43604,4437.403623423451
81614,1371.3479379127757
24263,2115.893150206542
68246,1108.8921449781337
14764,7321.990232036236
91849,553.0183558902554
99241,1752.4520972634741
47949,3923.3090702504983
34361,8732.507757168622
83920,1895.250007561729
87862,2074.844049521051
56319,3274.9198693839476
87093,5220.139589059602
76277,7014.835101289758
91481,12805.357423537582
20730,7543.230044918651
37845,3808.1627772050188
39704,2384.6700207195763
9329,2086.8206181277455
5577,2955.572135863086
26809,2450.91982030981
68660,1721.3481052170487
25887,3532.414527356525
97101,1280.5330025330886
64477,1151.1683305450697
57555,1014.4261949897236
52289,936.5045765929299
73289,1944.8273148690266
25417,3008.3267837684452
89482,1009.8087646218428
17377,1222.7957673589049
11298,2097.6407759826725
1279,7790.773716815153
25581,454.55597531173134
55329,1508.181269549039
40608,5045.055811032423
4939,-429.4362214065968
58381,1577.6635088044254
67959,3107.129423691735
39476,2176.5781374165663
93930,3403.599526645005
58812,2811.3328494532097
32655,2242.2227247747164
57308,4388.2859056141715
69255,10158.021045656627
84346,4319.474442428285
46620,4377.572568414229
69523,664.4697481005569
20784,1917.9441823789443
4099,763.2267364325226
61763,2763.050864606422
14685,667.1416148593744
88930,10474.482557913529
45064,9375.090070780225
98333,1443.4950787946627
97706,612.3440483126551
14263,1030.2160788437632
65864,1718.4251963161714
75547,9504.712858497267
8047,1959.197412640921
23908,2763.892676079028
9818,507.729759449267
8795,1503.1178424620225
95214,5985.3945929610645
19451,2513.3299159288727
55113,1965.6296280378126
50110,2131.2624172464416
45884,2978.420767779466
31764,14549.243321163289
84389,5199.95153709177
9605,3076.353588056601
25207,1580.6584824317856
11859,1527.0363847409312
65647,1827.530512019884
6582,909.4001717654751
6532,3442.4539697706364
10106,920.3537431978543
97715,2286.109041091656
15011,7720.847291733962
41677,5337.103690096666
8057,1027.4200479963738
14598,2201.982763962181
13484,2919.4216801499006
12966,-54.46969670182261
86415,10399.647680530456
74750,1989.7529019235524
38697,1781.1072137712492
88909,4696.499267198315
40809,1256.5416308890894
67415,3171.686831864412
82984,1115.1480153863367
18544,5732.608458020068
22072,1195.2698465665044
74142,3769.1110862724518
42738,654.441810411271
34490,3701.559032382458
62558,13697.00565317397
19602,10144.56454189217
62551,1712.7208974679925
74181,4857.045662149005
25797,706.8495840204191
85949,1235.0520546808757
89935,2433.025214156927
74075,1533.645123042912
74550,1642.3780868030403
93297,1246.4638500310812
62609,1662.557331572314
65084,2808.750290767115
26989,3346.0088744183277
76094,5489.689784482749
7566,4820.953766543564
16551,2428.109207429459
3190,1487.8592847880263
33621,1862.0102841836106
58224,4409.6916799450155
62306,5204.043769797192
93556,2807.9053725708654
22335,2753.4428965355246
7705,8764.951323627121
1676,2312.245730098716
42964,601.0489814759026
40096,3474.5746842604103
53850,2781.521161868638
10778,4648.221929067077
21687,423.51165940157716
45249,2648.7463621797497
93492,522.0893443452524
3491,2309.4932910167854
18164,1495.3513467521962
93855,2250.1631412281363
64965,4773.062125598131
46241,1046.9457003154325
19796,7753.6362619944
96882,1252.896385092306
57839,1602.7979272199736
78466,1020.8929787655311
9057,10268.000092864
53473,6860.927802937486
40150,478.00406136302536
8762,2176.8527299152493
51877,4154.503079146277
59412,726.9774249901707
90875,4999.350460286272
45176,1833.7144567924965
9658,8422.946908640233
99016,1827.9486329232684
87924,1931.3456146137314
27763,2910.357617859992
81606,3129.711925026348
47625,2911.0907395381873
52535,2220.018227640854
63053,4114.529067924487
92787,1972.7428192395723
26961,843.6457184171227
56063,1342.7266465282123
57013,898.723302595814
40209,2338.9319983694977
38261,5260.613627960349
91485,864.1116245242174
25443,5611.04921805125
87554,1812.6791263311063
87467,11353.46200928732
28960,7617.07709993091
23101,6286.807685881729
60365,5190.271126245704
5770,1228.0713318356748
25748,3975.214806022223
2178,4548.637774318063
70328,1437.504737730149
80731,4573.220630568779
51276,4035.8794984629603
92950,16291.923117221
48622,2378.0382571076516
21890,1612.5271716501484
207,6665.590452394236
77432,1327.792847991971
19190,350.05961809500786
11672,6134.538042123799
30138,6281.837886491929
88042,1177.4197604438914
91273,926.5027143992393
89568,1654.2486459625206
55658,2877.6561615415094
57703,6957.455702320196
45377,5041.95088172545
81340,1045.6706685764984
54667,7105.788288811284
19947,2227.9735035950384
55136,1932.346048237057
59048,3445.590125086372
73588,1764.5439687464666
40715,9731.813308599929
91671,1858.4009281560704
8973,4751.218008387782
88550,1145.5402693454662
56958,2652.2498008840475
16237,2606.1280224094126
13771,1156.3133241288479
50904,775.9265686924414
10011,550.5506261873174
90127,1324.6238230721337
11630,12323.819310640622
94484,1731.0612372983237
23253,6367.433631430507
79328,4392.805595162985
51499,1110.287788507621
32848,602.2367897659742
16314,1695.6671091404255
34765,2534.9048979399904
66023,8855.67311021837
5750,2251.9083651484134
43404,2438.1195024221615
10774,3721.0107582333035
84562,2353.299699167018
89249,900.1914555783242
95305,3480.1564588959786
96714,2175.7893621466583
21209,2389.231380532826
60750,2933.664633904221
64031,4660.884638640218
84296,737.9935977509158
58453,5755.240682341423
99451,1295.062087912408
4713,2886.684326808216
69082,4486.175061630441
63714,3960.0982387802746
82832,1305.809884017256
69006,3468.1417143817266
56814,326.67876091072594
42027,1391.8852709427729
65478,3054.461180073021
72518,560.9140414759086
53637,12703.764861857664
27144,-114.21853945691419
49539,1403.7319182941706
77925,5479.4989063079365
55221,1407.4144317848663
75840,2509.5434143628836
89290,5692.350336402869
78043,3170.963744413331
66361,1215.2336380714733
27450,2216.148223858979
51815,1476.973974234199
33209,2167.3149346447344
54905,1487.3922412937309
96881,14015.819738423597
50824,3617.7089847906814
4571,1255.6150135689968
42216,1950.6707705882295
10768,1817.7343140502032
22947,4091.3618062837686
82327,186.6847240748666
17260,703.1130957566111
69642,626.7859762199218
90510,3951.368667897282
3531,3186.8753277509495
13358,2511.6365658834775
48136,5383.724599731069
54061,1106.294253980357
96096,1938.7843855113535
3805,1449.6034232720804
77962,6392.603751755267
35752,12135.991198387224
12776,1057.3333028880334
74569,895.3408615092985
87373,1259.7826814889195
89021,656.9310073466208
30414,4445.397040131946
8075,797.580658589839
94218,4476.427772116825
1340,2385.785940038918
57335,2116.133510670299
27350,1502.6824088071762
23638,3020.7508676181897
9630,2640.052829431715
32159,7722.945831144567
7199,3781.1164879610874
65679,1012.9560478904173
36731,1202.955374025085
36133,1166.8771062040842
36002,2366.6093832013335
8104,2321.839749666173
86218,5631.331299474216
99923,2047.377984490733
9891,2682.383131828726
79799,1639.5411377452708
65025,1649.823489673296
14574,1866.3755617737552
81977,3945.581052820597
78149,1757.8896063025163
27538,3792.0588322993567
78890,3030.976184452892
75640,8001.234969691674
32415,1725.97000073806
90828,3241.215772132479
57554,2214.322962342582
24490,1437.4982487103389
12019,4763.52498663356
58821,4513.424024581548
17978,1578.3387837350829
16523,8857.486465721388
66522,4536.267539937367
6758,2723.441202338983
52708,2510.8301690707694
66462,8510.45038631568
57533,1832.0448306336123
1083,983.3329725084777
11151,3184.526024842984
75404,3861.5616237915847
7306,3936.6598467820854
13074,4720.33990715262
36472,2848.7481725628186
22730,1857.9589591182357
51634,377.6942585392171
77387,3917.6837820857895
46474,1843.1133913984809
50548,5928.5621792391485
3723,964.1943449926412
45667,1199.9003942313652
98937,1250.7159041784462
39518,5810.8277084211895
98819,1633.0527159055155
39930,1067.4683407371035
17820,10155.906962900655
89207,1157.9217331902064
76091,2493.778333786327
70940,1395.0813472519521
99752,2917.807612981088
43640,12514.449403152514
95421,1872.838177440225
73476,936.3035655903532
25036,1700.3891350214749
87185,1694.80869410371
91613,1296.9047843123053
21958,1545.2901466179142
52120,2425.242750996541
78405,1577.8890998992083
77703,2537.0205256432155
95637,881.1646544128716
90154,2592.3871816258843
76559,398.7896663786755
44726,949.691662858474
33335,1405.1432348596568
14013,2646.992159293123
20748,2567.591718679412
14384,251.05283104577757
27626,1895.1260959845877
57938,1341.5677461403702
89928,1538.4805132243341
19140,1882.5916502244402
29589,1477.9460179854336
25223,2880.207898617493
64641,1613.9101205540687
43907,6444.887986683781
91872,1887.1183147077527
49263,2292.7463623393783
23659,9217.56166712219
2083,1619.4924752982938
50278,2955.4479519997285
93726,3955.311930251946
13483,1639.6385938221686
7585,2554.3306122234662
16891,821.9799976906643
69469,1130.1746455482566
74315,1218.1191451129798
38531,356.7058931951192
58361,1705.397811348269
23369,865.6822472493923
54111,2510.5134351894894
44906,1727.4999608054168
66902,991.6395163186671
70901,2149.4280668022684
62112,1363.1666176624335
49996,4180.20035034128
32896,2039.5204564615906
569,1518.366447926955
19158,1619.253041591548
76197,2738.2443117100884
249,1374.1753156151844
65359,3111.262638341255
61478,2683.109986921953
94735,1727.3981198462202
38040,2895.8812667356196
40844,3112.703739994643
94287,904.0034620937004
27494,3359.920926218773
87552,211.55716288281883
58384,1897.4556759934626
71289,1266.0792423046078
509,-122.30705300588033
50691,3942.4582829985825
16102,2996.249964267417
50518,450.2480580196816
59040,4127.19907036379
52877,1615.3722276772328
20881,3434.2856009191346
807,1900.001110476559
78368,2356.3508451807656
86685,1018.1530976427966
62798,1400.5383870163014
93047,6394.828361450645
85670,1936.276766179505
66592,6559.47083886171
76847,6007.384164590709
1226,1099.5209404284333
31956,4726.264718227323
3838,3719.277837964229
78201,1166.583223809609
93032,3852.098857979119
85338,1346.260566192409
77172,3899.4010698488537
75816,3178.208568584804
87306,1598.392733274438
92054,16084.604546567369
49689,5281.175033701096
28344,1292.7499984181877
78633,4269.462581438885
95790,1747.196103640863
65271,2417.2545547024565
40201,1722.3301234055884
87614,3600.261413516801
63000,746.3724607822919
31813,2781.986660639923
34252,4981.463642546434
18676,1148.561413852624
79951,342.681143137921
9563,4524.1938329416935
3416,3340.628755169531
12415,1065.813080493047
13811,6938.781885407695
89244,2055.7238593702423
36735,8890.535781690116
83576,2642.9382849959247
87101,1055.034559052553
48408,1037.7385042250698
54654,7034.600296001645
16519,3689.6460735177507
96013,965.9732053798198
48572,2421.465550788336
56080,1489.6387091174329
81952,8091.922865299417
65335,775.4429164015032
72394,5373.15658765271
71837,1624.6037566535806
37335,3139.0433953985953
74541,8208.116929492275
647,4508.392785423439
37632,1696.0248354760313
60573,1384.3417405199507
14148,1968.583899999058
97499,2075.476680228356
98671,2196.555316716276
89696,1988.558066873383
56389,650.4091144706044
70607,1447.781670664575
87700,1243.7206397797258
53407,2438.871420063192
17877,5848.525322926211
22186,851.8623106332175
5213,1618.477861875852
16217,5640.727579194638
84540,8452.479598200167
51523,2871.564129366789
36680,879.6142836877343
98173,3449.140809969195
36570,4213.8889030916425
50604,2886.1114748945715
60605,2226.3133761953204
26918,1877.0369584810014
46635,1305.3309102017456
69837,1536.8307788723178
69301,5573.130610578878
78583,1846.2889106434957
48539,2102.8142763561045
15507,10616.508026188858
36758,6814.880022866855
56207,1937.8388825568356
66922,2067.3684217794703
39045,569.123495191131
94458,1295.3339025419123
54446,2333.7662193726956
19149,362.7086839287972
21813,2163.956030860645
6755,2519.305098422312
48533,2682.1131354328995
35919,2113.628751274912
38671,1175.9561469983446
40945,5430.908079568808
30312,1665.568270434115
67121,1865.544503181608
86885,3164.54070284884
1506,4466.636532464609
96399,2754.832657464653
92270,3181.9230826970875
72479,4100.234514464812
84585,2250.6464607355256
33016,6828.570304071136
86785,1871.432845120179
12183,5867.237185963668
19359,1059.3833564796992
1408,8645.969580491597
49201,39413.45530028689
64079,2007.7885798411214
79266,449.98763607990213
7313,3940.0853963660047
59383,2947.0954961209823
43725,9535.090122365393
72522,3513.4579156476066
84772,2720.9169464682905
36253,4474.682378110523
52325,4991.446058608649
12694,7768.07831895262
88084,1895.0650021292577
11315,2371.8013268713557
76713,1071.4612323714337
77033,-353.7466221298255
36961,1135.3048443243033
24410,1587.0851063549899
63632,4234.289348583459
771,2391.961807655366
96770,1997.8314509877184
13665,6467.023893115267
28063,8014.9958823980405
70856,2245.9508239644956
13708,945.2287536810745
53555,1923.262743048417
82481,2470.726324978659
26361,1809.6406148546403
7493,2376.909573886366
9028,1929.8621109081455
36496,1457.5112663194695
62492,6514.070312759235
66847,2152.607588988629
87167,5945.616451894837
40253,4194.561330523733
56133,745.8018761096046
40770,2826.7756746827017
23927,7436.629140844145
3554,1821.3353705525271
1498,5152.668384245095
13923,-380.6472947893071
9816,1183.7828197616082
78014,5352.454814598218
62002,14242.553927507954
8311,2930.7081454084496
36914,7543.742935073318
72173,1463.2423859141686
41979,680.3941413843731
96803,1696.4810228188594
5527,3222.7026735261065
70218,-2.8569848813722274
19993,2098.5429163452036
21945,2010.4672574654942
71571,1560.8941765426762
20053,414.9377084629168
96856,19370.84487112669
14952,817.6052014542793
76327,4995.684231078443
60473,1795.995808760806
69793,1396.1081122703258
62794,2624.8637493451624
9674,713.4728370010548
39858,2352.4820275524116
93345,1910.6796132752202
64065,1950.8117919171275
91623,1697.033538726923
34290,2335.8551055296366
94989,4516.096939539321
2106,2022.1094227193748
40728,191.35078639490166
36670,9626.471698816951
59316,4251.728374076615
97658,2633.6211525388953
43772,2931.8525656009324
13327,1412.1083326482585
96591,1097.8955858786935
79666,5176.969658873604
18941,1760.5579641063246
16651,5425.036202524157
44126,1229.0144518087568
81929,2444.451561071465
41280,1585.4843332197574
2652,1692.3293708523495
17862,3336.5160096833
63094,1818.1080034726658
73649,3079.589365505528
45,2666.717461372479
75045,1196.2743731670162
64872,3297.395633373438
40855,2512.7079613526184
66174,4843.606103224548
22158,1390.187637882777
61206,2814.4056162007714
11490,1766.0789066737266
63172,1192.057814531638
27568,1411.2677283199241
20932,1740.2948196958084
72425,1679.4713379298687
42734,791.1429526918569
23445,5545.55897747274
37361,3017.6549172057225
37625,1746.6544290594638
65333,5570.154535081803
67079,9711.110640338715
55772,1955.2598859296772
36043,5446.527742864488
9324,1043.7756350786622
61791,5779.8925498585395
441,2189.416652748373
19785,1458.0215964492386
78683,5607.439762042298
46672,188.31156265566915
19791,124.92696922076857
17328,862.3152524967054
90733,953.0269806695533
33082,1648.642075616329
37875,4939.629039311544
63353,4162.560732833764
11988,42918.82658324669
18023,761.0925498485913
18126,2870.906206040575
54332,9168.223506157574
1222,1769.3134229224484
95337,1333.5268440426007
91263,1731.5082868073766
50221,701.2250617527211
46483,3015.8763487445103
62961,1781.7128273268672
33255,936.3125717852445
63997,5668.193960385027
27599,286.16510577777626
16393,2902.6811173956576
6933,1163.9902992133507
94145,2509.3714380919955
75302,1581.5861329075265
4321,3193.304045949082
56272,2236.9090193967136
239,1150.2978710245588
41376,6482.19421279176
59842,1698.0587471717647
96748,1361.99769061214
3997,4940.227945280871
94516,1226.416345766409
75706,1615.8307382101736
1263,2662.9161856425035
63497,4620.869793867365
75902,488.79765692378805
66934,3583.501425838406
86615,7524.8017921487335
4847,976.6557005022382
21291,8535.21716924074
15249,2306.462959655867
62547,3046.7024524356975
31471,5191.931772294989
186,9128.19870867233
29822,909.9625747729833
97186,4363.050986977643
19841,1374.1182263624469
3522,1536.5878664455158
93361,1490.2821636851322
93676,3273.450620662039
34047,2334.378376499572
68677,4388.743044121148
18008,1224.240265457498
55381,1401.6395599808975
41391,3447.3971404606723
19269,2549.480011658996
25700,1117.479936400678
83437,3442.7900771303034
76512,1684.816563025282
17974,2223.099836068257
61281,1271.8424374389615
8290,752.2705547394698
84973,2065.1122499956473
56316,1014.5326800714515
88404,841.1470743822547
13702,4175.58050645913
8596,668.1015300716822
95999,7829.051020472996
21732,5903.629016463077
37869,307.68029698762166
71970,1038.911138036342
55595,3684.4564606078634
18740,10878.647173712774
44353,3486.5971789945797
21985,1691.7184468736234
45540,1253.1123683807118
65016,1298.392020432379
63743,5856.967451542048
30826,2011.9007340390488
33109,491.04315091639864
50456,4427.898003459613
76395,4403.526194608711
97701,2157.424414455638
79797,1024.689025218302
36436,2216.869448870071
57778,3625.248367988793
2119,1521.4067138720743
2384,798.9007663834727
71247,658.6338878680003
95869,12894.143141167966
94102,4902.621770402478
77604,942.4942868339722
47850,1811.0594428122536
1689,2384.8261786465655
13035,15959.563816343325
31095,3641.394556636077
12828,2004.6164332999936
71936,1102.027282639809
98418,1159.9171426805297
12232,681.4438560929702
22125,9062.768232649121
27558,1506.5608899660178
40781,6013.572408843372
71891,1127.2705554299541
77408,1793.9723737198453
95967,2128.8787210032015
79583,612.4952778593429
3275,3926.4742733141393
23969,931.0780559941445
19352,3837.243440673987
94113,2577.043478194161
68747,3244.734289913296
65347,4494.427702177999
51973,6471.2314647477
60796,1048.3829100747967
18249,5666.099005724789
68945,23656.944360871043
18920,3525.0511093457017
7055,11049.202750606544
98161,200.1208287942136
71921,4386.25980406231
80515,1228.702319204986
30840,762.0357018402046
93049,3057.6186445627213
20543,31539.870975105463
86367,6737.173957505952
84481,3832.535064744609
77122,1291.3738286579078
25848,2709.1958047923076
26782,10185.610581429788
56239,9875.128726023395
13504,-44.345967107034994
40108,844.3453746663699
96319,1764.0711354561527
271,5364.981396562005
55870,1302.5054080719774
4256,2243.9279359242873
1967,342.92689729169706
64874,3358.639354422124
86518,3380.303171793769
51254,1422.944524326243
59880,1412.6864545428293
87155,3783.4626878207932
24571,2967.0630845942005
62997,3159.174522482318
90832,2359.782683490721
22529,3045.8165493194147
69056,2861.226690159771
81981,2607.9428621778234
87366,1214.392404098115
40953,730.212904137773
3244,12955.838848968106
83816,1400.2057036077977
68956,1018.1279923037564
14599,2273.0713068622886
36729,984.8083187295615
96937,-118.54471459210299
605,3178.687098608003
67767,2246.316401936677
54233,561.8969409853494
68483,41.25492012623181
93904,1033.5298453765167
39303,2518.5362159528877
53765,7438.618330045676
80759,960.4627323236077
34196,7992.699726953179
88370,1093.3454925559608
82986,5666.517388725598
30435,2810.077691453872
86855,1278.2870353276257
43852,8054.738246206728
90281,2907.835816702108
63943,1466.6265520787833
63539,8239.730591796077
50436,2035.452855499305
85365,3627.3916415246954
26532,588.3848580879071
46534,2889.981294380532
26046,2873.2866912648783
62706,1368.8236556138982
9092,1068.2688075357705
58285,1806.002512222
79146,1308.3882036779928
43102,562.4464760562896
62538,3218.5524170075723
93309,833.4892243074587
21018,3200.3373110049356
45027,4231.150539958458
60876,1305.6900018063811
26412,6422.641080544874
72571,1540.8755433181805
95232,1829.188071061251
61239,2432.605627633873
12693,1353.194595518965
63342,3761.1212767525044
32670,550.5089539654132
52518,9075.875642123727
24304,2045.5596564052685
77072,3646.729735366335
56909,1511.4900328027393
61392,6747.136188353368
5006,1305.0037828912964
53505,1522.982335900077
40208,740.8660695579347
30004,1326.3349262032143
93503,1667.4671727914208
39349,625.4518196369081
6838,1820.3970714948387
96114,3037.7918960751767
94676,3034.6226702739696
7378,2430.8027427495854
35201,1336.516135558334
92724,1697.505063358779
31277,1135.7960601302198
38692,3264.906028708888
84416,5741.30473260158
53496,8644.023158633652
77609,1093.1806154737128
61960,3497.6270278962497
8709,6081.094788396569
70122,2178.2178043377044
17847,850.5501915299674
36992,1058.338428007365
78034,5305.749455282126
76842,5833.208116337048
66059,2978.709162096364
62973,2599.49619488537
30990,669.9623327615509
32244,23.132556931718682
94151,3293.0138496848613
92957,458.751373185798
64980,1089.4255783173226
12238,1491.8836113115321
65484,8887.635811915861
96451,958.6959417518428
53620,978.633380384611
27136,5121.385099773203
27333,2654.8614854557327
32008,877.9722688059724
68107,1851.0759205253198
45259,1894.7456283873291
10367,1297.5682325716589
27645,915.2732575574255
15947,10196.401694011498
80458,1008.1449071012967
26643,3658.1332174757213
5511,622.6816018467721
73214,2110.1096398868176
58916,4673.963759350478
20770,2218.444343662088
95858,1164.6170657549146
36900,3750.6253449778383
95266,3497.648753108701
71645,3277.418210331417
49557,3512.6885100058894
10761,1154.0806820978578
13167,2806.259314021745
39230,3274.9359723300286
42069,2292.1712527912755
76882,2161.383749644044
96717,1813.8486096870643
96362,1117.6863491772092
93332,2742.161516919052
2997,2203.9720849851324
79557,2574.874501200915
96907,3843.7419582864613
42231,99.96746483682728
75602,1572.1986581146734
13094,883.8145273435157
52574,332.6854932706674
43823,526.5024970974096
23392,1824.0949944179124
93153,1923.20549923185
85968,6076.434243545275
98281,2912.125335585953
80850,7962.554146114077
88777,2517.3516085600113
99381,1769.7159689275677
34857,3632.779013684148
61663,3177.753822661076
93242,1219.0871247140408
86379,867.3362201704667
14788,-248.124537636068
79271,2902.450936952103
70199,54.715599250903324
17191,1886.0228962254205
63020,4319.583553711296
90126,2822.621967482296
50266,1148.7371602491894
91512,9462.378786337878
31671,1252.9297365826105
47872,3425.486422303845
39016,1152.413812528478
42882,3800.06763988447
2096,1144.544001062814
7941,2391.94251381336
47693,2385.7826704606096
92528,1760.9939075803254
5423,1329.259193600938
1244,2104.5208312422756
49224,3125.385887075624
32864,4142.4445306691905
48077,964.0934490675099
34341,2158.416658690041
79129,997.561597132692
77344,408.7824839574655
72616,3156.4390377399163
31955,5425.1595274214615
91386,2548.259786493838
57496,7381.829121850478
17366,2404.223740279892
78282,4494.070155297306
161,2228.6857461372874
56085,10101.220333190013
68771,1735.0737760007025
62765,3033.951654691194
75502,15.529499034057153
2534,3060.595979245302
4998,2507.2739753002734
42119,2604.841885678181
42275,5258.164196698946
86259,2389.42073363294
64172,3280.617274357975
29648,1679.9867066465888
36653,1799.6863952873507
23350,2727.599611208856
64551,4900.318240593369
37928,12727.055952062758
2078,2229.153071003593
92895,9953.48052790028
2892,2999.216778256849
73847,1960.379233201901
83074,1283.93310062003
40553,2509.257158986684
22107,3191.8104469047003
96861,2031.1958895795415
46340,1227.4507881629174
48631,1953.4733442915958
18806,1605.863672717131
74689,2743.0223480717286
29731,2979.685570087449
52382,1158.9883026679013
68145,651.2822184049901
54011,1418.6538711067128
79681,2002.4061580797882
33123,2138.07385436302
51839,1177.3816697106517
23724,1232.523265540593
27536,544.6563995878969
45257,1741.4301865495795
71568,2339.6661015783016
60085,5550.1771400347325
18168,3188.4089914828037
8214,14283.648836605194
31565,750.1387373961584
56433,1350.854763480389
88995,1842.3066747579014
79454,1188.4903033390892
43467,2385.306890747269
53412,1968.792065474061
69602,4019.9446702271644
22750,3933.521695672146
95415,1807.2134882821151
99078,5778.23650042617
67322,1791.4560215850793
89857,2202.191208213848
84985,1136.7359447887907
98644,2928.789104761684
6103,4577.120683384013
34301,1896.4825056251245
95926,3231.411329675003
28912,1854.3250643601593
19542,2068.8674237017567
52173,-20.225861995200376
26718,2113.9883952784894
16405,728.7977416459266
99659,11691.403375942504
16857,1971.1269353878629
73808,861.238166123811
85371,1490.2538809794364
29683,2988.4832091440944
13947,3633.7414600927864
97468,733.1189737972377
55729,2040.9998663013093
55364,17199.638993082648
81866,765.9694471040693
49890,339.03130998666256
1981,3979.9090766366476
32136,1965.406203868024
4391,10789.288463041315
22547,2615.389437165254
35794,6652.0762315033035
72196,4178.793919573303
21806,1619.5808060886727
32598,2024.83816556759
22768,3105.945105471743
86185,2645.1712820826137
76850,2724.086549221087
56744,1218.2892110757844
36860,2874.700798898508
11828,4901.260284062112
5239,2943.7899907825695
80454,2501.256981877596
26659,1010.9746304835471
78723,5276.0174415990205
85864,1510.5468845977543
94228,4153.723537145076
74588,1266.1634861150387
16549,1163.5014098373222
16034,4082.879638911006
18572,1433.8617962928151
32112,1256.7054054381833
73256,1770.100536348378
77385,752.394095563498
34595,1413.7577346946437
66633,1229.56242614541
74156,-79.5823703893575
21578,2802.436418070267
3774,2924.9066839131265
30680,310.19425672872285
81317,1900.5087731424549
40584,3489.3767917120676
54487,1353.7398026392461
66699,4122.472293067258
32359,1847.217967993819
95119,652.7656382261948
3827,7109.380781531495
13496,897.8660050877224
25348,2244.5571580480237
61196,1715.679603303026
20106,1618.569577754637
91,1903.1925074593482
74857,2461.2555997406503
35135,-35.558349561271825
77691,772.6697445903833
65069,669.6633408313073
66156,2177.493532514607
60380,4134.812375565823
26038,2369.548107517012
66984,6907.305472548023
74772,1185.5969806915828
75678,1746.9332320577714
7975,1290.3472372559609
8954,2753.662004442338
54152,2595.179944072207
86891,2917.4822030397995
20161,1309.8090135776974
9081,9407.661872202925
248,6993.066950759807
75038,473.87963076589904
43897,1887.5281555271463
47290,575.3688660008474
16111,1788.23100659476
30572,1544.2806956619934
81745,417.3542476008706
44777,1273.071646677155
90402,935.8111154532216
81346,4358.1315413616785
87001,5811.923188332439
9431,2904.1236028450376
9332,2346.4943498558023
68002,3155.0764734773556
67832,343.9594727095746
41716,2993.6561794639842
85702,5048.025385178438
77424,1341.506111935249
91718,3729.4955730119937
18843,7848.317748298347
92383,2170.783099076138
56260,1781.5642222202391
6924,1437.9742250995641
60117,10154.75812393117
52228,7578.042376487219
56767,1545.5617567644604
45290,524.6726976464993
8324,2170.4096828537495
55816,872.3296605117794
98202,734.4136766380593
95874,2960.060861619548
59955,2441.1821080147884
58163,2855.9463251917628
5301,5256.374750354429
78341,494.095952080163
16558,2400.96252918038
35987,2580.571455279831
32335,1968.852495114593
15837,2181.4599175323624
38221,1272.6849945606396
3654,828.9284998866665
27225,1627.206422612287
53580,1043.9042190796968
88008,3762.9055307869967
34519,8005.877973788341
68676,543.6997499973581
41112,1096.141872430549
21186,2228.889572008894
76292,2270.3425706637104
73666,1741.2958432985722
51474,3407.8629515031507
62943,520.3103456486751
79245,665.5018978533549
11322,3023.315643863775
26851,1805.9478963339661
35996,1790.9940672321964
26363,695.1010001805253
68673,2754.9310320464087
87662,692.3449276142319
52502,965.2429034858114
21056,1501.2258251035478
23746,1995.2403028467725
5406,2576.607802396672
56685,2314.3398780167945
66468,3409.973298537397
16195,2814.0442221104563
83113,2633.5339581035987
48581,2596.5138702137447
83937,1107.4673464944585
39483,4209.101182491939
15418,6338.545043614638
9390,1184.2337150443436
23732,999.6329593817209
26157,1524.6647953150018
63100,3988.6042412647503
57840,2839.5590388590945
15296,2236.912491344079
70215,1183.645719459988
37226,4219.910871321414
75674,3860.9547777577013
2046,1208.8493254333848
82823,1909.289969979096
17401,2398.6615153685643
30999,2340.8698010399485
88066,3002.4114693355386
68988,6129.965114278645
5787,1266.206226083812
35055,1049.2068219252774
71953,5749.638808106115
69891,134.35887776511936
38626,1188.3622756823756
89040,1502.8173456661652
49561,1243.966608916514
47904,3690.0271262682722
34794,602.7632629760483
73844,1876.2226304214582
41836,1449.0187972841345
29259,3241.2455436946775
29067,3264.8893483406223
35064,3801.6932975194604
44374,1326.6136563174814
66704,1112.9871535346465
22454,1280.518630694114
71070,4734.026377119994
46020,2416.175015318774
99420,864.3900878820405
76909,3569.5368571970303
13056,1233.2569787243388
86813,4631.2782975166865
74595,459.5299202189876
35284,3303.775059561955
53972,787.4017298531494
31610,3784.2859772409593
33264,662.2413219497921
8361,895.3528922828746
11105,4271.783632330883
96065,2642.3032931704356
32792,10978.093278509317
22587,1262.3924624358474
6928,3210.75133960218
68604,3748.7581724476163
67689,4787.287119141414
43501,1024.971007420495
71400,1048.3827307470033
33342,4261.260082627356
60771,729.1505791322602
31176,5036.7518795458345
83806,6456.787293318417
33616,1048.560690360503
51132,1822.312635219304
16124,4785.8074399616235
71205,6093.1470254962915
1418,1525.9687981748734
11943,11803.008222513448
59254,1011.9339767420629
9303,4378.395896810567
55460,6127.21240980258
34798,3800.057471968319
82753,943.3970968495287
75676,2242.891857838641
67808,4799.757198120725
77288,603.9133583923549
64318,4352.164674051712
42956,5893.235250488777
9865,3013.374706979851
49404,1154.7268848619178
39833,1674.9039247054725
30637,1860.3005218936023
50681,12320.620518056092
73551,1648.5350981893516
8964,2086.7716870134946
46778,2661.023880576118
74607,1585.9939917749139
98641,3058.949045271902
81662,1172.3129738915518
84196,1389.5018065792829
70469,3494.2695544753424
90984,2490.1431858226633
42191,1004.555120812825
41264,1761.6530032614357
5593,7717.024835635252
3992,1271.3093193387754
89977,2998.3916831431134
38424,8828.505711611542
46160,2670.5618351652347
60508,12626.562825800576
51227,1562.6616011307128
53914,2167.371274281752
28342,809.6174037109581
80006,1519.4107235693727
22377,3744.7294870602473
80183,4565.684753172993
38915,5786.116125098721
38049,6188.829944010418
55948,2222.3915346220238
67661,14147.51715059742
79139,2786.314412061949
70060,1732.8270417022645
2697,3028.600125328695
67406,-372.4115870575829
70356,6026.990658141212
22301,4964.217555271225
97625,1787.213297642263
33688,4500.351616933211
33407,786.3365650928572
84874,8626.719183635163
16610,1170.806229521876
17764,4011.352814473611
31677,5769.015806639454
31994,17333.30380615578
69713,3195.7430829723635
64131,43366.77528769661
20286,2078.9735968961813
73258,4516.430560401559
83500,6367.642922128339
86672,1444.0621480482305
75039,1060.5144171542397
90934,2567.852134515193
58817,10751.13326651863
48050,2716.6083891333487
17598,2139.405830544489
68882,1695.9978646202762
32882,2534.1867766556234
84706,1243.1537248108043
24133,1828.325517507231
32919,2590.233221223005
55992,1113.1777437502983
7264,1450.6840460159801
8304,1401.4563646267043
43648,1194.7722921297545
90424,5343.4916818745805
58139,1962.774714526015
65421,4624.38818883032
40614,5719.088679720334
68185,1538.4346790220752
23082,3247.1026382802256
7725,1756.9468619540464
84799,5049.425174741696
17243,1753.3064225363378
75598,1433.1935445969925
77725,2202.333921752935
53073,1208.60251310562
32165,4355.152650320805
5613,7145.112824321846
13290,2281.0049257808
31707,3049.322607134286
85911,798.9496548140241
82271,8320.665501072122
25177,1979.7777435447197
61647,3000.724992033214
83587,2085.446335855038
40924,864.1443973232999
43306,4310.450630391453
10074,2391.574532346878
43113,2141.5913573087137
28580,1137.3480285848764
86144,2277.2896072082626
65131,1192.5903811934313
63542,3128.912973625277
66956,2066.348550399278
30772,13.733598556042125
38172,669.2284590181448
9045,1125.7561184930346
51963,1160.3107102490849
72993,2158.682114043955
72142,2368.230713651924
54661,1380.0089764974
66383,830.0592427146453
95830,1382.685745860882
66866,3728.5681141885884
8277,2131.8209235718327
33958,2399.4343645551826
54464,2555.8151339864326
25633,1272.3093585844426
95308,4084.637933457308
45129,3120.468062292435
22514,606.1272501620042
36527,1697.5169965791595
62013,1377.5890151235135
63630,1234.8908030776274
99138,4274.572639407423
44689,620.8794243364573
47270,1477.4811493515354
29626,2907.450585348628
23989,1474.215417039522
94703,2121.7794240235717
29000,9935.157356769607
74150,1910.2246471030974
44513,2227.7883224296374
25337,2105.0626913757133
60180,3299.1520573090484
34860,2259.1780402986024
32198,1877.4936490087794
84338,1701.1155726769682
48184,4227.653625536037
37029,4692.174974900661
57615,7259.908669149892
10769,1585.85564817765
16667,2627.557354854549
91461,1465.3979761066958
47683,1629.3892105617642
81407,5302.3549628513465
25096,2698.547649072541
4931,4066.840463315796
14252,2320.7743708666867
98522,7304.370244817514
85490,-209.8502648687172
26685,1755.6280658293524
77105,1547.8282936522855
90050,1800.972687986269
34792,16993.33939557059
52557,4133.3693046515855
60094,3860.3948294495376
85254,767.4866529244455
62459,3867.7804560067843
86482,-348.26618882646017
4217,2528.0415370127866
31606,2894.9746207392873
66183,1628.6081055232257
78992,1703.055723112351
82691,1264.3444770293186
92641,1085.3669353318933
59688,1611.8098159148194
31518,1504.0013873924618
92619,1606.0170941128054
27202,2640.1595477421515
17930,925.3676157992913
95804,1575.0394172336564
95511,1419.9621799629767
82019,1737.0784220784062
20402,688.2962752022245
57990,6166.7687969617255
24558,2728.069346166299
90586,1693.4280560072732
74675,856.5889015807352
47152,2531.7858067552525
81350,4352.449637321772
10494,978.3102524314245
88362,3477.154587026971
58022,2858.5447697458703
54199,2511.9259002506687
746,1332.072368029431
59618,2752.9694873232625
6798,2574.526513022526
11609,568.7490938607216
34398,1618.685367569577
57250,9986.407660536523
77822,2900.7031125145895
29667,4931.504363770853
95378,2001.592730132383
91907,1638.4704234523406
86407,3055.996991495141
19268,1764.6244489217977
56158,9989.697194207587
151,1407.6908976857876
46539,2147.8906218399916
15474,6042.024853967978
73541,6112.309630654157
18323,437.6413168817762
59739,1629.6769069813188
35992,2339.0669229893765
95433,1582.3478134221004
69037,1450.7813798688285
74795,1986.3322216236513
51539,3231.3723631234575
75461,677.0330258269264
11482,2886.1005244680987
1956,7920.541296875917
159,1774.757814004351
19386,947.4544192892699
49595,2796.4527863608955
79578,4401.800988622009
84286,1588.1873423905322
25468,4363.366292126482
53926,1363.5071610001041
63857,1718.2840305868788
74499,4104.636407346115
107,5392.596502256015
42869,1281.9583186060368
41857,2814.4993960603542
11798,5064.566898481399
24841,1526.4257855133988
75367,1241.9451101572226
6447,5695.461201796409
17025,2438.6621897807713
7723,2112.3329204333304
7655,1891.2796515542152
96292,3977.9122404826053
46721,3651.4107835516884
15359,945.3489406193089
17951,2490.195754222301
61398,1510.788156452346
87338,2318.238619006229
405,1420.0523936854888
69276,13604.63805170253
17320,1394.7341227820125
78162,2534.0170673302628
53462,3996.7589157062253
16396,6357.174963105639
1323,3408.9105861437884
73001,5861.569240676452
4996,13639.275501247326
17438,1801.7591163062007
77781,4257.293986456807
48549,3986.7033094947637
59266,1548.8750946221799
69402,970.2867443396012
43867,4508.419841079139
94330,2412.702686157855
82533,788.0820781953225
12106,676.5956172246142
10351,3209.4616042723883
34441,201.41987600823995
5353,2507.7931087483666
97486,3228.0213718189916
85656,3139.8062024586106
72700,3086.696132049494
88751,980.6668840534371
15383,3011.599356119573
14621,6373.839409189051
95743,2911.5512357735356
87184,4109.880685399282
2766,1925.8920880773292
32632,1313.6919445854737
54840,1145.181505668948
32702,3699.712203575295
44229,3098.6763877913663
54109,3544.382078877219
58731,1388.2368748916388
18349,1336.4714009731583
59837,10606.159474699667
31825,3105.4327623162553
35730,2024.085415530938
7750,4209.099725176151
18604,1107.9687555326577
9055,-64.4692974278787
41881,1173.4532231374783
70944,1293.9620278892571
61078,3676.4675934597844
76905,1569.9634089742872
92898,2288.1833001839964
44517,1768.6813587962238
85231,5394.0165100909
19650,2710.0264609233504
62089,3381.1879897687872
89594,1596.3517505706736
48009,3652.817630627169
94266,5611.009063359099
17745,3948.245048397654
53629,1300.5471636595908
88941,912.6864984114113
30087,2404.396438669679
6060,2375.5753196388146
78252,1858.6266170323224
48195,3378.187656884813
68920,7295.236385295533
72824,837.1479265565722
47820,2361.6244912446864
2084,1266.3487967509063
85637,828.6909522838232
87476,7719.319291666026
7397,2285.025984721353
79991,3065.9410254060176
28326,2655.9131433389543
17237,1480.1846377453485
75293,2935.9570076703067
93607,1328.968175003287
56266,1666.4533918190477
90910,5196.011281880723
88775,1106.7637155375023
47363,1691.1187036138303
24897,2764.0904908041152
3808,1616.4088769012617
3296,2928.2868183694627
92408,761.8698846448551
513,633.1827454638569
17137,2514.234454367578
70364,986.6569897962208
5782,2106.5553327859507
54055,1369.5739581047446
2168,1856.1031192821379
18790,2272.6503627920183
49818,1778.1327870568011
55641,1609.924152389468
42386,2154.41923876983
50638,1486.0149175836978
64406,1428.4611715535375
43557,904.3895192157211
92507,2033.3393949904068
44690,866.640158653222
13070,3072.1068701928552
32681,1693.3715758650749
73894,1279.7720935526231
48880,1027.5920732290065
50428,5299.285873827073
25115,2264.014840900393
73228,1937.0839924255486
51780,2017.8242138016853
48655,4733.275337102594
37801,5299.117732170165
40952,1131.8043364768
71563,6721.295838345377
38014,979.8884254052423
89947,3336.828311751284
42960,3611.8591051310564
85882,2686.9741210398934
33266,12129.734541881226
40041,6553.254763293708
75503,8417.398977761884
36750,2110.237186316375
20760,2485.999010700054
39570,2889.5692039563355
70441,405.79684435123454
41483,2028.4483042744355
97232,-152.7298952664978
37486,1646.3840029585317
80621,4053.6440742724067
76265,1648.622704568315
69617,2927.802904667952
77081,598.5701090353568
92259,1193.2033004934128
82426,9191.624192940748
11913,3788.4317765339447
65802,1263.7205909290574
91099,1303.638957835798
3449,1984.6041018086125
4366,2343.903206763961
32121,4128.17947435939
42214,1778.4385464390807
71581,1037.2507192158732
2382,6422.388975081458
80865,1104.9222180891584
5105,1049.291628518903
87684,683.9460815043503
522,62.59453204060537
42883,17489.844124848743
59737,2157.355616124223
34479,3427.330871410106
31018,-18.638747719664025
57497,2035.6485926964324
86117,9993.752372433226
62473,3292.4494113094765
7933,5456.14254993983
94360,3831.77993734416
90223,11108.437014259634
53864,1784.1069433053633
19068,1013.0968252016132
71077,9360.538824038591
95944,3711.7058554264413
76430,2414.700561557797
73696,1366.659202246471
50317,1394.7829008705867
70626,1212.094215344101
99888,1401.2263742314003
28991,2116.955615901645
35490,3463.8718950910547
26674,5071.521119147992
51816,1899.783728884783
60677,4324.917759857132
74737,2718.501837034897
69489,2842.5212243040887
10850,1124.4038753016566
89299,167.81308161199922
8561,129.16181288752796
97936,1966.073439174989
23567,10280.699854000504
64702,1816.4488881256214
48489,260.85434744821214
57451,2701.7231363057244
6511,2704.2971471104247
76843,6786.954091122924
73317,1456.23546166902
15875,1979.6790192017063
68136,2060.4661888653654
75619,1406.9367908625054
9566,2535.3474981384215
52970,4162.960584421627
16197,2581.267408982013
11427,316.3813683893504
93751,1190.1629120152984
66759,3644.881413746894
78663,2951.1883764880217
33872,2398.243787864802
62740,448.79421922339907
86917,5108.671345631751
10425,1988.644600670109
86372,1857.4396554661225
82729,3807.896059948528
58957,14236.485290156577
34723,1689.067710892498
41973,3324.6798062540815
4207,1067.9037387190547
38718,8741.920413929496
69199,10561.05677055717
30518,2925.457447815033
47020,3004.377314369617
79840,817.1833014524345
98066,2717.164801621978
80196,2514.239671978711
10870,1904.334767623392
38428,2437.6680456820854
3846,446.71238180728415
74813,2841.235565999046
44581,2122.4848545662953
91170,2854.360837365514
34288,5280.484712458104
35847,2811.936170585216
74778,17687.501800425372
23187,1249.1535724131145
78204,-202.72746003948305
70093,4581.136076274156
35065,986.4274668296584
27781,5364.080184953902
50026,692.3479490445548
9166,1924.8769983864322
57449,4182.440051431238
99435,3789.1076196015238
78697,1671.5906113918857
59457,622.1796402422588
92302,2599.691936991504
7192,1903.7409704456609
93481,3813.939349690071
59071,1641.230310213936
75714,6549.400963590706
31986,2707.501522050043
26354,1332.3558041770843
50772,6071.406846232718
98252,1872.3825645555
91135,2602.1122037107048
98509,2221.1782897333987
96291,1450.4175581084983
47273,1576.654871152422
76164,3304.6886149832576
59304,5227.882579622312
77365,1350.7946881284406
37187,964.0815782497939
41001,2968.194500838648
83334,1682.0999667173626
21790,2021.3412457743068
89367,1587.3511304916583
59850,3097.3032847306276
89513,432.83284948067194
32692,3766.2032578594
40951,3342.201019200638
9285,7612.847780047696
63612,1930.154336847517
81190,210.62390271077493
79802,9670.00878318485
54457,1581.9277969181917
21865,2891.4395344261793
53440,1880.5710587104343
46480,1090.975028051631
70097,1427.8698685841127
2113,6665.797745626758
91361,1435.905639277958
37566,11410.861680486658
71685,6256.538848355798
25072,1450.3286103414048
43671,4311.6774198873845
60941,1237.5571882919194
17654,1060.5437882341748
79836,885.3648784420175
63468,1234.8739044519289
12827,1363.301707885068
69016,729.3296503947049
10923,1310.3698016646676
47355,707.5012381042875
30458,1311.026067859605
50643,2703.607607857317
92014,1810.7754588925654
98322,6175.776172143768
59947,2441.676404148345
50637,1046.9488717021013
21843,1710.6256020275914
53005,390.384178350595
97063,846.6993149410073
42148,1195.7510932226987
25620,5168.775387326477
64558,7947.819870861527
52601,137.60521042015307
55151,1371.443810019247
51224,4472.73085189273
99854,2471.320900257121
21415,6420.772990494101
66327,1764.2033120472802
32146,1458.8955647283287
62299,14765.809327795085
53707,990.2141148751498
82412,566.5733782075158
41880,889.6093827687841
7996,11222.021240927967
65503,1641.0142467377282
6938,1919.3090002791514
43402,2227.7060574953716
65452,1565.3090984440346
12843,5942.483460184773
98884,1761.8485375768173
45235,2388.5880311278597
70690,5249.704488008449
27451,2151.002781177806
71824,1369.0542698787167
18361,5501.227686656744
40815,2077.048123440326
6622,1605.329624943674
51065,1474.8449825528924
70166,1911.6245923209358
84478,2156.94068107592
96525,7134.904060038015
29624,657.5136574284229
89094,1833.577263569503
49162,1196.965386779968
731,2292.170869868748
69734,2651.9653088410632
47098,1409.6162167377065
89518,870.3495696702312
57345,8329.76660172359
34382,2665.482977723449
15675,902.2793585788081
33218,1573.7430050875446
79388,6102.969402809096
17023,2287.919850124331
72712,2412.552489431867
64307,2216.6601664316304
15463,969.226524943575
43406,1931.2425455975456
53386,2087.8387714326896
36689,1077.16231970934
31043,9287.388388876088
10239,5918.2576712849495
34657,2048.2355940077914
38825,9611.003960397
42963,1741.6320213354384
77199,2650.212042289333
31385,4510.308244400876
85895,638.579570914359
5513,178.30129727109443
43662,2674.324066906961
30807,3398.3910273272586
11887,1020.3991471831287
34632,8117.319474862909
47889,2294.9981002552095
2010,2433.754977454805
28456,2286.8876151472873
25196,2663.0028013380006
79621,1246.820252573395
75267,897.5124528402489
12746,1278.0258357198354
18400,4998.473432438944
5256,2905.475644063501
9288,2323.1522990234853
24965,3339.50525338004
49054,2386.597863856329
64142,418.9863854454916
48080,8764.406244797641
13,1289.6128410827655
28240,3052.1873832570036
10653,-151.23205422304682
29260,5598.360869322332
88612,1942.3779244024324
5560,1344.802336642093
69552,781.0200171252009
84171,3680.069859430561
62383,2676.607955245612
11392,2623.1276077851635
79305,2326.248286107751
34864,1092.5385118537788
98464,1055.2936630238837
14949,2357.607392108363
71516,-431.99678029236475
6332,4022.896630598514
56584,5763.321295570141
762,2159.837868098484
49866,6173.770930231069
45057,1054.720669700922
22761,2952.543671490627
63754,871.6728392852324
22329,1710.4197343967965
31331,4814.747523506936
55053,5249.773231037314
81383,947.9807406245445
26144,1379.19030661541
14343,1680.407249461625
36130,1112.5822900935332
88291,908.8401647489864
83009,2428.838223902394
61952,2305.1380853878336
98959,2075.9005756697143
78055,1816.1376096689282
70957,4198.580665096934
77225,1233.5150167888842
63920,1921.3091682502723
15530,2820.990552265757
9863,4499.37944028655
22334,3370.825075146178
86371,18306.195827990814
29946,2331.1137986515973
46926,3120.938172567996
13532,3475.0485224265376
98038,1939.5455207239374
23787,736.7767856599239
36738,7035.02393374082
68807,1961.8619296063769
41121,1808.2734284383891
12636,3566.2963476326613
35878,1912.6837759417667
84125,4419.1131603154845
32278,2273.72487765203
90914,3069.964600016706
56772,2653.430472749838
26158,3196.429077878137
12522,2293.0757116978025
74824,504.20125496824585
43101,3805.6679236329733
32861,2674.1217231117116
32148,1222.9507723054044
11156,1671.3904127737871
22992,931.2635772651665
6317,5106.902851042347
97293,2022.368390712744
41971,672.8284289816693
81688,615.6002281973451
83930,8355.10410005532
27126,1217.3444488038385
22505,2780.8707023969487
40263,1219.8893598138225
19847,2743.334940869339
28018,7075.586703025744
30064,3032.8715408676944
48794,2537.968416845659
85444,2007.3634509732349
16554,1108.1525760071345
86326,584.0793141645836
29330,1757.1000560909115
76269,1019.1678522707621
28966,6127.852254562619
37839,6814.528519702749
44537,2071.1298627777105
7635,263.45151782925495
34014,1702.0548867785894
24697,879.8888870949822
88151,1825.651721167254
72127,2073.0381793397846
41475,744.6648894099267
55725,3041.830425756698
20432,3861.0270637748436
99664,2762.417599096607
59624,1499.2012676022669
41012,1585.9197973878881
42398,2572.770789576005
95333,5167.0782030885675
79650,3176.068836145023
91466,1791.8196656802
49500,1237.4037909237345
76798,16935.981779537644
69375,2139.919452281874
6387,2557.8598064327934
59557,2132.5884511811864
96540,627.1202654793797
16756,7891.176398264905
20946,3310.256554451003
67400,4928.684272172754
99081,1968.5088709072961
14920,2476.6859316661876
22494,2055.3554902144087
62678,1776.5600131794806
24054,3305.1644953250193
42390,3262.828214092441
65754,1151.2680053432268
88982,1902.4996923397782
60394,1350.7299495583711
51506,3559.778632754516
24315,6077.2472984502365
46510,2084.616629558047
26978,2617.599384531505
4587,3728.466183023376
51565,504.953641395251
28597,2655.1899735793413
49885,4529.158326849603
64258,2382.9834924578113
97690,948.4243735562536
70832,1331.11170826527
95986,669.5708046633745
3519,2189.387796461461
43635,1142.5772469770545
99992,3709.2684502382053
24173,1074.5895071147834
27242,-171.38491043960676
40229,2923.1858024543067
13204,1021.7135203906846
2277,2479.9839636861198
13182,2410.0263489788067
40050,3213.4117006607353
30604,1500.3281928198758
4115,3000.9718211093686
55287,1592.7326351394863
66580,1573.7706625089536
53477,1973.884996522029
17261,2090.065838709052
91867,5766.060182725283
17501,4801.950626318812
56818,1521.7363841939896
58954,2130.6917318488668
88425,2586.1391688814283
3930,3440.0022321561232
74903,2348.0633295151674
9331,880.1060942727781
28644,1297.4020745631224
6835,3141.6644238904455
43237,2010.0416973780273
40251,603.3675980107655
42976,1923.7380486794855
36198,1070.947070546767
3347,1859.2639741170199
28631,1138.5469809259557
96899,4690.65355062392
85452,729.3022346790317
50811,1607.3224324559146
58164,2294.0827262920834
78406,4171.0521924419645
14059,1071.2122046972895
83219,874.1795022082615
55913,1723.2725989666112
25333,5543.6261254938245
40225,4639.105059794875
28666,1763.0322582938675
26886,2104.6882816399893
82025,3451.6385504548284
10314,3990.8816589230805
65144,1563.7390763623962
95825,2428.478285063494
47816,2218.9999258320177
7315,10091.806296987044
34266,2000.9542557255693
36830,1869.785222575126
68473,927.785368394842
17093,1669.8691938161703
89974,2345.207146578232
80576,1603.2341568677489
40446,852.8754795103368
19574,2092.5298968889842
52753,2604.8435027688215
18786,2371.7842948292946
32412,5996.887944573058
11113,806.6604340078457
54245,2631.2128702709506
91088,9069.156807201358
6401,2366.6888521832525
42097,1052.7775833394699
35804,924.214589688695
42404,2334.8454142307737
46738,952.4129283499233
839,1292.8696647305437
12664,16602.50721613835
22215,1977.3494275910145
75471,3479.946908904258
57425,4469.084289850658
67126,2269.223067366419
62108,2078.280382366784
91789,3607.1229405101863
90030,2730.6723445810976
72945,4852.09814258558
99051,14350.584394677162
4589,6315.967271940444
32941,1231.6615565899579
39551,1406.702263800586
23606,2988.498069751702
78975,1591.2785966356982
2531,1424.7060360360856
90722,2188.904335122804
15993,710.6370472775143
91868,3520.505008999448
59902,1527.8413652360614
55823,4185.558141418655
66435,2970.692693629391
66921,3281.4854756016894
23326,1270.647253373255
43874,1076.9628179925212
47269,5092.314700471685
2330,373.27226705262046
99294,3463.5261848299956
88879,6758.849442077055
31997,705.1560920063885
17301,751.172193400012
35109,13.204821721040389
16288,790.7940582193487
70605,1019.003202412307
21098,3278.6199030103417
78088,16192.265661983452
69183,15013.119260773767
7813,2423.671558202902
7728,2122.850619262572
29029,886.1815952917568
16783,4032.8424986296377
33840,667.8280376654088
66686,6727.2065751666305
6460,2040.7454159814959
31204,6009.460135601507
51883,227.6475018404276
30088,3771.541018625124
86166,4248.437390458934
13397,1914.8531784448119
78915,1643.0787369093537
90830,4957.479066540203
20354,4403.8553076146245
62022,3029.22767284983
58534,2270.172149900489
80751,4060.109487882247
78273,4550.983991762015
77669,3183.093865855501
59003,1552.3876368138258
88064,7265.619762245464
9311,2831.6292925822377
71552,2423.7377252596584
16243,3052.3091963674046
57956,588.7623881537675
23952,1849.8577493976234
2998,977.1919496713886
29823,-63.52862613385878
96761,2132.472913381183
59359,3245.847675634848
58718,522.6637739213438
75148,1794.0982695656974
95744,6813.205423347313
44103,13081.973151743006
73653,2810.6817155766844
33891,1380.691120180827
1114,2354.7592759509776
31859,1697.715405074037
27866,1324.1081496305374
25641,3011.8072117173756
84535,2968.973202502525
82038,2130.481408804876
95506,2501.164617921169
14096,4449.767620386663
31093,1619.3117635803183
18902,2274.4726878538304
81568,2975.1951947436282
78234,1821.522853016226
89716,3257.3657265238276
82668,7170.257539061911
82812,2281.1224101446214
40464,2494.676771903105
94930,1410.6690243046423
10988,95.3383249149565
13493,3151.927164413175
31914,819.247876218893
65540,1282.1474502731025
76056,2290.2337732899873
73662,4441.74102600349
35663,2048.4702474413616
6640,323.0481867271328
60942,1552.495656466343
92716,3428.0525660655544
48540,1892.519952136387
3195,1926.9496754942948
90922,4515.057461340592
43831,1737.8352234642366
38271,8289.495596286186
18905,1354.195728354981
52086,4628.610966910177
31275,3252.8877422414207
64660,1606.1663998296026
39472,2841.9987493950966
41981,2407.1377370785835
86902,545.7885360378659
84554,2475.4162545002823
85208,2629.292577703958
74544,4138.785084838492
8877,1325.623663183812
4134,3654.916445604548
65987,1836.3906589754217
2729,1897.8195898449285
3885,2660.6867916566925
38102,770.6518469359416
51898,1987.6298732302644
16031,5604.485600337502
66285,5.756626536151543
46871,2038.026076656843
86945,1079.9892002762335
9540,2199.4396235893228
36937,4065.4198365203565
64264,2128.8090253474775
89494,2137.382054181219
10298,3246.945925144048
30488,3198.503779753003
43182,2484.3862986546815
90172,2076.622919374562
34031,166.5777202425934
50840,1759.6065853909615
19015,3018.292247374703
51356,2676.011502879987
47971,3681.4019093004135
1648,4717.196279094507
40525,1927.885805959138
77334,590.7595334509947
92515,3371.2262495581026
65112,1065.4160495294614
89595,1650.219408321257
40035,8274.23771621537
27474,1096.7028238077392
67364,2492.3002534359202
37991,1448.792541278418
52833,2707.079129118919
50936,1686.8193874588724
49437,5421.904053249369
63638,1259.090651218542
31626,2153.38036192004
34376,2120.4190881723644
40725,708.1439296819367
88214,1966.7044305864574
15207,18627.949546812146
16562,443.5341199383179
89003,843.8716248797427
18871,2440.5536609304736
95486,2762.617651223144
72718,2149.9726604064554
93852,1784.1484377853803
18444,220.05634292053128
50245,1038.4620391745138
65051,2160.843726314485
2654,2642.5877231192285
14815,3453.0022854865174
60946,1336.1834878707696
40241,1980.184351418417
97934,2632.911453312964
56768,2330.1983003506157
63834,1050.2524442752383
36857,-210.83919894797054
92542,6115.18698094705
98622,3968.8014965225284
47510,5360.026895803407
61636,2051.0870070914057
29738,2169.743022924208
16710,2488.4084497705453
27937,2859.8093109930464
77922,3407.924165599651
26700,4600.541380037415
88633,1335.2819947180487
53317,2114.4768788277183
86586,65.21442058835873
30359,2847.323479545167
64833,7386.845433489127
71643,3656.1698868005383
1200,773.2328316731764
7422,537.5196686470272
70169,2768.659557921473
38304,3247.0468606323357
11089,2525.084211971027
3677,2887.9942647243347
74768,1234.317904847739
95798,739.9064697116369
2205,813.3940410580944
49708,373.28969891586985
65122,1940.6217821013543
18019,5993.3916816092005
15849,1317.3835082622372
63120,850.6656438539244
93793,514.9728048389625
12020,3219.7420724761955
19824,2209.20089387853
7831,1604.533032170948
29200,1463.6346800754136
83730,7329.497605032218
14111,1629.3973521577605
74985,1377.8400592917656
27280,2335.3249744754703
99516,2094.500145565516
81363,11079.105721095666
19970,1569.807007228053
68266,1117.5874790791063
57847,4246.24742970991
29111,817.7972057508637
30477,1722.529883708799
17083,2772.4983385262885
76944,1690.011096065339
62025,1945.5993245933687
16933,2616.5972884682674
22805,1517.497980072751
86374,1610.927874224939
67843,1951.3228276178966
63376,4315.3207993009055
59644,5913.154294121321
53078,1765.0167817107576
99028,1529.983297449361
38376,6718.841047225783
40475,1402.524344462016
37921,2609.7342242998557
55054,508.78442434370436
9988,1539.7783388249154
88207,1504.3270516636662
73761,1579.783441585294
98136,1388.4222950609555
28932,1273.658147173935
60191,5571.046061149607
31486,1097.7498207768203
6017,7767.4548797679745
14489,1627.1598637141562
80847,6822.982571712787
48639,1879.079455895736
37479,3091.031238181673
77004,2358.4308676882624
46707,1988.5841766506826
24920,945.520339793562
46360,10208.465354648866
90954,2433.019217696896
34180,3783.28951794276
7044,940.0201459613991
26480,7165.116070423677
72810,1265.7574046543364
67321,9696.095175274415
71648,712.0645951175925
20399,4239.655195113964
4486,1805.3345877812583
55741,744.4354949716735
84653,4948.879939568611
4932,2889.4786188471708
32500,2852.6955207559236
38302,3008.617870594877
13415,4517.153847656629
83613,4434.889695979031
60879,2142.4030505819337
8472,9843.833840267082
93680,1693.970241825772
44441,4962.25490807561
55857,2036.9688687190237
63056,4182.8361505443245
82875,482.2140311724488
41099,7493.1915187913055
21143,2195.4892156436235
61055,1650.206087179633
75153,4121.172851936868
76654,4596.771242778342
8243,3275.6100777957413
61971,1656.627066753177
85428,1364.0070461651185
85240,3228.520084646007
36209,3317.8324501530747
64465,2911.9220821243503
41771,3423.0734374845933
20118,1356.627814203499
60107,23.75577525537119
33271,1650.4959245494751
98187,1527.8359386018283
55075,6241.2149990647995
22667,808.0508246410536
19185,6350.866668434992
56696,704.2836551252658
4946,3759.1858121543924
72660,889.6234509706678
96345,6324.130799691477
78,-3.1710258736638934
57320,852.0889950667088
57396,2028.0276896195123
47104,-76.18045454050161
83004,1219.0179496009232
14644,2220.9987897089
11676,2381.496502855124
47500,1207.889895542669
81110,5255.291573945519
57581,1128.5749141852675
69169,14079.21736183809
21982,2639.0277567460225
64498,-133.76350027107628
14817,1133.3167530627888
67459,1653.8623377806252
37657,2544.9038347026776
27190,8230.095264974127
65616,793.4765763334217
5064,2661.2212569209373
72583,765.2112601879721
81897,1642.2903531718507
94751,3520.8730067195997
90525,1759.7538815846447
21889,5082.60164459201
55781,12680.284630570231
23072,1506.0951517518906
30631,3282.577143310727
26274,6785.7401047146095
80112,845.9663623179758
98597,2346.7887513834326
8216,2295.4116528743784
74501,3212.3440687443326
17473,1734.408441838163
69860,2985.6501691085014
61003,990.8904266511013
5021,380.1358677369417
47423,1608.2812188288945
42659,2637.8393521918497
41380,2744.4132762233494
33429,3856.9934604970044
98858,8112.359487177944
92411,6045.735875644479
86243,-467.55045231399254
8982,2093.3594762259077
92293,1614.4492359091505
20989,166.3067002647931
9140,3881.7337040181446
55099,1167.08104716771
72772,846.3276303228267
25093,2362.929505915604
96472,1107.4600269582788
16465,1298.421804643047
99413,1803.357404058346
9346,2039.3913993438732
72991,2284.789918810752
10629,2256.4273686895363
25709,894.1926036273171
29933,1343.9442397745424
32949,1603.8286595170257
89793,3645.8291988424567
6651,1491.9081733434086
24850,2565.819235137132
72062,3636.2496003671577
6047,1014.8038446737037
72057,1932.7191202560477
96836,554.3732217102302
31022,3229.4453196982527
57989,3821.839338463589
75580,1916.0022403525668
41897,5220.5148384696995
39994,768.1350964791964
80721,1779.3929383872019
81656,628.2399759237455
69174,638.9762302070062
57156,1875.974107445267
91483,1567.6203647884386
77332,2653.914317673935
519,2962.113135938608
37349,989.7843309075815
64368,1487.8143014913517
42643,3221.5755629129508
28231,1663.4032282263827
1723,19610.584227449363
58671,5953.463207666183
59915,750.556419849906
15555,4627.317964984663
42924,10726.041371096253
39612,7143.59259862866
81699,4395.839925097485
24649,1348.0390053059941
71879,1479.4246037988187
26447,1385.4089695512553
87166,2411.8622514769904
33522,1423.7504236519494
70759,2144.3636881358743
33941,1148.996094957084
58602,879.2561159187981
20407,4694.282344326261
73643,6481.715401529711
55771,3470.9819420898675
4177,984.3240250547678
46914,1881.5816950221258
57876,1421.3849282071164
25160,1884.5383172890981
84210,1630.649652493371
55021,1463.7337231976721
20218,1437.0424514772822
80894,1732.532618931909
65744,5141.099072369751
82052,1281.8454114727097
83753,1459.0402387520253
10801,2128.063474833408
25785,862.1991900060416
21120,1658.3913720468454
6010,1732.9840088162343
55529,1236.6750730202853
91479,3047.0212993668597
41514,1284.6838439162966
59062,4249.038131129946
56146,391.0230494666407
63669,2614.1270728918107
89543,4113.057770904512
82889,2239.3501703682073
38099,1193.467058985263
38373,3132.8218222997302
31801,1632.0490248991543
20584,1257.6519936656105
88838,62.156305543554936
50583,2243.2176778428625
4602,9910.858438227058
68407,1976.8379488746934
2776,1395.4920868639756
17443,5259.630809478217
47249,1616.384936187987
91912,4163.745284956548
45934,6911.125254077391
34125,1379.7283321686887
33971,1391.5246503124336
83961,964.4503005400747
66675,3400.5345742258105
51440,2314.5725020456257
35359,850.7111010347162
73161,864.6885889310943
21486,1946.4542898770833
70313,2337.6007945321394
90776,6833.35235636078
6136,1418.2151592375676
69750,3473.862474685318
31861,5556.84293598972
36219,372.41333537931587
29202,1272.6480757641502
12444,1662.0489243596535
2018,1801.174449611055
62211,1695.87616168258
72022,1757.7978959058541
79974,4585.974747668894
62615,5218.819303954721
47137,2652.0541490590113
66109,1392.0560137666903
93832,2601.5972023524637
19106,7925.512357225283
78483,5719.332346357199
31485,2438.8997438867723
94364,1830.4677209493498
94887,7835.360834278156
32665,1888.613442469081
87286,1934.118997689176
96447,1947.204807955285
1166,1867.9253965509417
69068,9501.407719876031
91069,2184.937479195925
32264,2702.3233547456484
92510,3600.0864141150973
11131,509.17508120663206
18035,6497.149642312651
27562,1844.7649475344765
99834,1479.73640009893
81823,1905.0699747432675
98233,1256.5024301960175
74466,1938.347826095574
75934,3522.700129700939
85472,179.99852110913434
9116,3594.7402643673145
59650,9774.10380770728
24435,192.83726993837308
86053,2021.922433590677
55354,2176.615952201085
79213,2774.2053815053546
75363,3190.0680421140883
41892,335.1762587961566
58836,3176.1647335682437
95431,1655.3273488747695
62879,1540.1245314075386
42518,5702.396116816011
88969,2426.4762310193405
31609,3589.7524034058115
18832,2709.422665974984
67540,1936.0741412235054
95680,2123.3502202207596
47774,6199.986741132636
86688,-43.2435679955247
80795,3459.4912704452704
52470,3982.424682267714
28725,1055.0910286535427
5812,2016.1595416575562
31700,3164.728754001031
64083,1754.1757454447363
54686,1916.482056692872
12953,1038.172064873735
23863,111.25471419975383
35496,1542.8814915071875
5663,5798.228254718214
66067,1584.707595162714
3025,1400.8250593898501
97814,9164.047754215453
43220,2942.0736092422894
23992,3060.0176443264218
20906,1017.1491661535456
63017,1414.0054957025995
71637,3247.832374345755
67062,2907.0728472449578
34517,1837.1386309436991
27530,1397.5395301969943
70334,1123.0267450307633
30200,3875.175263553656
24491,3226.904729029402
80498,17819.08776582009
59786,4160.992687262749
95206,22946.636245059824
84781,2124.317329108928
53889,13028.921902748354
86205,2640.1585262934436
14268,804.2117684819141
34934,3368.2547636077293
69572,2264.967973451042
71138,3070.086540371105
85065,3612.1643665804686
47985,1201.7795804163688
97781,1339.6120234088257
49844,4285.615200948466
43398,2808.504726916343
49981,1496.7572608742967
50226,26293.96314718545
42478,1709.283046018419
95503,6935.494351569294
77805,1481.265961060718
89050,1461.7650522546255
24791,1982.7990778375934
63921,935.3349671044552
20199,1092.931915355247
68664,2624.7318121130393
44921,1826.9785329124052
23676,1497.1734823299048
1404,6751.133242214892
22361,1783.0712075626438
97323,2836.2318172399955
93406,270.0971167958305
64870,1733.5480644207787
39685,987.7058976480462
23918,3010.233527291388
73640,350.35818583037235
394,3445.6881946120448
98120,2752.6997623551483
85923,5731.715461194442
96991,817.9954855447795
7146,2519.644024095004
95608,3731.2511749448713
11599,13581.915864846216
79645,4908.340883196781
45517,2308.0058891922963
17466,520.5375495261851
93993,1273.9309721304548
89449,5925.670803869417
92586,2015.766438640894
23071,3010.1375795688527
39222,2895.17260168778
92036,6555.632092832507
70653,5264.924609836594
95099,6528.617446490978
45353,11142.948410914305
22823,5453.644721139749
78873,540.1787741692515
38635,2349.4477818175415
91973,5967.7954616164625
14242,1319.4730960606535
5433,848.1796114239887
39440,1376.226347994967
85377,7132.205867629154
85144,3378.5113179412024
60894,2517.9171274262344
74285,1026.1222040967723
81963,1238.6172508168952
60057,2128.9057467775015
45969,2476.140734405445
50740,1489.3751131965655
38079,744.0857899112734
78785,4187.310087730017
77206,1143.5257595528178
12373,1186.1325509261087
43460,809.9407921584939
93635,5813.6346577424965
8413,9.850111794773966
38936,639.9795962516055
26573,3197.257642858383
16972,2031.169401805064
29896,4662.998656344888
23296,9034.231447507053
52688,1081.4315036268295
46476,1689.7881687100394
17560,2683.306781858211
35088,4338.890419044802
90189,2077.6045525545696
13390,4021.790059767512
33513,4227.312860220647
578,5612.176640505234
75760,4078.676586169162
83548,1752.4528593669872
82062,13169.213336975965
74216,1184.222947133414
37353,1904.3282252399345
95140,1108.4259092276802
23327,5548.436576165408
87635,5385.473022060731
71320,3433.482108037227
43246,2163.250681639949
51330,1502.88820241144
15128,1740.3252716717197
7383,4060.092151762739
63877,2915.6511946475985
21756,1335.309879533591
63991,2400.9755111073578
71261,2091.1504760144758
31143,2853.592073752812
32827,1101.4882389856616
28576,2257.43436218114
98887,1843.5653547040567
37070,5508.7299880849305
37100,2679.717921481046
92718,1559.287164215158
60077,3514.376983739407
80539,5547.932713584818
89698,8009.779949777417
15958,1494.148834704994
15288,1566.3045941847308
28280,3824.713944517723
1793,4723.826512178831
11813,2313.385656397626
71603,-91.08494901114727
54319,2840.312835317722
32820,1564.3814001499572
371,3777.568370490046
27709,709.8187599317293
5785,7104.49984102709
57869,3758.2365539824627
18973,4476.349592763628
55635,6503.479212808531
56027,871.3837864107777
44821,6196.402103388689
15561,232.26942883054562
82555,996.3368924445663
15404,1577.714648358657
7577,2182.593975085362
69332,944.3315414781177
72757,1421.6715571042805
7376,16195.681219182828
28633,2332.017080968859
15135,2423.4808962641673
27873,321.05208942009494
98084,1949.5057532737023
83292,2183.4587171081516
51572,2491.946982504376
94021,15758.20049068861
13904,1208.0748184716385
38809,761.554037012781
17928,775.4529605597527
854,912.1516540756766
91643,1691.4582938937988
22083,224.58791575561008
5111,2348.2493341030204
67853,5852.788922628117
13401,1435.1645849743877
83514,2182.9786678235428
62634,8918.0307531991
68187,5228.844922761726
37729,3730.760294130412
46321,2471.2352041347986
80216,940.3424973395968
18215,4722.316533113474
52145,1455.012119735156
6653,2196.9533077046513
75524,5555.724743066201
84166,946.5372715451413
99026,1253.731697416521
23308,4042.8419916547036
55751,3574.2396740786317
87489,3748.2470355618925
96450,1825.6593483562085
87420,2035.679093692629
27322,1419.6466153912806
27411,3735.440700148516
77833,766.0693201866125
93272,1717.7594429655896
28798,4766.178102049703
3940,1157.201597298832
43007,5952.429962603632
24343,6061.932748352524
25987,944.0810632015932
14845,2769.6339495840584
11585,3003.073648087895
3372,1878.143357909154
91109,4838.234084593572
94497,6251.697852681629
4164,1968.963521112936
50115,1490.474492455778
46381,522.4145388112311
4357,4160.126955307026
63021,1187.7239075520415
91163,2976.5981075235804
15380,1223.5363365295716
45892,1881.5535606085848
5328,1039.2195500549865
82098,738.4384046171649
64122,2327.391369266636
98134,1541.5878896991126
55225,3700.8909303072096
79105,1949.3297110794485
17374,4860.085814021634
19477,3360.3105635371426
23973,671.3325050027875
42151,1167.595703550036
93824,1360.5193745370775
82159,2756.8670263650765
51573,2475.044011980601
65411,1219.527520205214
81336,13343.06460346911
63587,3776.3557539144917
72875,891.9119382999852
4601,1457.5375706577543
19129,1297.8751028320676
57921,6365.382014880546
76307,129.1200626165546
84036,2631.722646203423
35986,5441.704033435548
24857,1107.2079867964321
63907,7441.8538448579975
23428,2586.5655978720874
16429,5360.923534523576
41899,2561.8697538413508
8439,2630.1477561768297
65137,1434.8257474071766
90902,799.8625000724969
89200,1172.9911493053496
57733,2926.0988295978395
72762,3802.62751505195
21667,1713.5679765886637
97160,2037.188721853045
66639,1722.1059888460525
37139,1484.1816382607158
81644,1711.4617090860374
22379,2003.955798945444
94344,5710.776395896733
44954,4686.619446118178
35155,3134.232758136357
8550,1776.3120037584467
28516,11309.692394197398
77117,1403.4576135337998
33241,1056.137263303659
24810,2610.8626711258
97558,8855.310689065074
5103,1571.1610471936383
9537,1273.644630322558
36057,2108.926170890059
70353,2054.551937542167
57851,1398.4094027765004
71316,6397.229797852811
81304,1174.7413506689213
95392,2881.7842074310456
65997,1131.5319989453965
88473,5017.333454457213
6998,6.520282373102418
13815,779.9986152791644
72690,1312.7393592242988
51591,710.299986133843
30102,1043.6315207083835
71766,606.7925200842019
35003,1622.811822673808
81428,1458.580237593319
74850,3867.464352818844
25245,2681.0916242391063
89005,3942.507542763916
33048,595.0381817419325
30597,4322.97958596415
35242,3847.122297033787
12174,4024.975953416802
54764,1620.9721380731953
7966,1624.4402368598412
51854,787.2726306361919
93231,1675.8990687768458
7387,659.7331288793803
69463,1177.054006589969
74537,1451.4141410066763
66868,281.5627885453232
64952,3640.6815557395425
41692,1454.321646049195
55832,1342.3524753039846
8836,1743.7246963906055
29018,2919.0880094974077
70969,1806.0500833238161
61007,1299.5515712949696
80951,867.0245591572993
19104,7343.41180887305
97107,3150.1706912389586
71486,5507.078756982163
80506,1440.8038011984086
49625,2596.952005649785
86069,630.2790698683075
47374,3650.5478921151307
85988,1572.5358073224597
242,3078.1146502972383
21476,17296.358967642656
55212,1815.5334705539697
14631,1741.71045858168
71291,2240.135917701773
85233,1886.8266460627567
71445,4371.547463882334
93743,-595.1403428881886
17900,1274.8222162774168
89812,-21.418883656697744
44216,705.5628525170391
74881,1521.961211249738
90468,-502.911466671404
63655,4718.663436190988
44002,45.516447417590825
30317,1038.9174984909546
23478,11354.910234296567
16901,4649.983610925687
51303,1638.0495439109482
51782,982.8868201935602
93952,12165.859462189332
26794,2924.277003958866
68603,1383.6586011307463
92748,3465.659855362811
5132,1403.0837366349724
20412,622.5036343120628
3738,1247.5779038648957
8119,5939.464550218571
42022,5867.1404646935625
4352,3891.2230490207253
5525,3633.419843627465
88183,5943.530735883673
97470,3029.095950102861
5860,1854.0337143617824
12536,3868.6943220138182
96119,2768.5726000878904
62371,2874.4151224852085
44666,2090.221105346873
34892,1502.7067419318619
91221,11230.866554704091
42959,1042.8914415827035
63104,742.8295102995503
57404,4650.402645104505
53490,2295.50806843574
91576,1279.1887789330149
96680,2336.876140669273
87942,-310.1144601489236
38288,539.4019789451509
47153,696.2830956299526
40751,4516.4810064543635
99546,119.94985565463685
19692,1467.9777597907669
68745,6587.726034739037
58162,1288.6128048945802
8004,1780.224114157832
15392,1559.0563066315358
19398,1899.526797434921
78752,621.3212663276317
83288,3597.189743838092
69120,5858.095925760352
65070,2630.643188695193
96644,1532.9003785329487
97673,2427.8065053467176
6500,15791.847188106402
74397,5530.186049842436
31013,2755.597923597161
94250,1021.8910382549693
97691,1589.930378936811
72565,2996.7628417026303
50814,2551.537825088997
60140,3172.6809682969947
68194,601.1017861002629
1396,2360.2589882380944
16221,935.2996829336439
84408,3285.0511992709703
71712,-485.6928736148866
58446,3158.279351687496
53519,1018.2533097228079
14075,23803.128266666958
6482,3559.706144271431
32560,1293.5130027544078
55938,2519.1451675591206
18516,3715.093331180887
13829,6758.449014636981
27533,849.6169890432739
44022,2873.321363909442
61175,7667.564283765778
26721,1826.0799574052057
87078,1907.047918733483
10644,3144.0552749837952
58210,2312.579516364965
89457,1221.5915784486456
44531,1114.50623422638
14453,4537.953127603469
82438,-15.77682902767674
4746,2601.1572654676283
13191,2787.46148184761
94829,2669.042650456354
93699,2675.5973071084754
1874,4945.266424346133
94498,1857.0930114511425
86950,1607.768648371623
11191,1952.6550857670027
97479,606.0211901122793
62826,1386.9961537260015
86493,2272.7683635695666
33741,1694.3279755853168
54485,4319.294316453741
68528,585.2894683123723
89024,3377.194022761113
70189,1287.346633272618
18703,1274.2799260295455
51363,2395.7725732890954
88629,2198.893458177292
63982,2200.6987122576884
25277,3702.963684955683
74261,85.13016419891392
94494,6704.889458954434
36486,3952.3020345348036
34110,973.9328952104888
14942,303.82730138176385
60613,1660.172064695741
13445,1956.9382861086879
22339,866.886898192688
30587,3878.67442287721
90162,2752.3842949991736
32807,-31.9419026200153
50626,840.8433892242174
91270,2109.156132673752
45927,474.1766051675331
7486,833.3488787394558
12483,2183.823398098329
49108,1851.84081977777
9614,2510.9631158223947
94995,2310.074193072541
14597,2371.118242795963
80061,1382.6432442073983
62046,2529.4989141781507
64407,1822.311907325203
96786,925.4372796711982
67176,1297.9748331694077
11602,2338.7108046324784
30535,2640.3503186532585
64135,4235.330597808434
97448,4479.378262691422
36143,8531.370201875601
26649,2468.3687689918524
38413,1089.3331545804654
77312,3924.4868992366814
26298,1827.2593943973159
4922,2463.963268358206
11310,3683.0602419235884
44564,4817.451007943998
1235,4248.267651843895
52221,4153.057783901185
6621,1452.8491105081266
24824,1291.4949626090447
4780,3471.413317165316
50345,1688.6890913122388
72937,2275.801828150951
73089,3506.725748438256
88426,623.9644495321786
15889,-449.51094008110704
86246,2099.3397524752736
30293,704.500505986819
98056,1233.3367036299805
70730,596.7775674998884
53275,1595.854707058695
50515,1218.5954231147002
62761,9791.334633289775
41858,4509.12636905869
53734,1249.6258117004863
51715,7694.962886024459
71450,2242.61935557576
47541,2317.5122580430225
45652,1656.3964375856535
15977,4172.316781833988
62810,2499.444293531358
92870,1793.345122175098
14848,4007.561060625542
12561,1901.0265395028816
74830,1537.7910244715126
36867,5781.096795952984
11735,3899.766240600896
9969,4606.959722487115
52316,4037.9189140423564
91600,4585.743475624449
46854,2187.2566156619146
47205,5818.595722110442
68454,364.97648430394474
37740,1452.160600239773
18588,1661.2101243711436
25957,4556.668536520817
62460,1745.8949175507978
34501,2515.00966643143
29951,1242.3712913384825
2169,3431.694743032256
61991,622.6805891379272
73641,3121.2102567636325
11072,284.95024568570716
98297,1267.1812986706113
62554,1045.7768653072944
97071,1860.860984288947
6635,1363.1177615246297
15131,4624.545759611672
46201,2466.883962894133
86771,764.3421457913009
83831,766.137983549937
53577,2941.028529122132
18461,2324.706104895977
1119,136.93822981290668
10594,2069.7375860278307
55006,3775.3430374593227
72685,1787.2619874378945
31216,736.7764389536278
50187,772.6647083453227
93056,2032.5042792032064
47211,2249.069995851231
7385,608.8605426983777
29151,3273.798238582524
17882,1963.3470876415658
74192,7766.708099485768
25272,1806.7670009112169
42961,6694.748431507511
62230,5521.708424356463
17927,2375.822921296475
20329,2875.552027894872
55967,669.348228192559
78516,993.4379171288406
45068,1370.7545779407642
5978,4129.151296073087
11861,6368.919129546175
48431,4165.721490668356
9374,2484.695111206647
17425,3782.4556907718033
10182,1826.6130054933192
12194,1700.889926725149
38544,4393.966341851712
72955,2018.8460192025602
79321,3210.5591141296104
8569,1313.1128433924214
97988,-382.87899190951794
32309,2908.4301511841218
18412,1680.7478911329345
90550,1740.9566268135559
75754,3650.0971288570026
87605,706.7092222427345
82009,990.3912543023002
55894,1833.3937222571794
5324,868.9738422465034
35402,6398.913376920671
8036,3556.5138737701736
77255,481.65054868652805
45598,1109.6633592402036
71635,1630.5100262367012
81509,1516.0545593287106
14227,13836.727127121638
85277,1467.665742500817
75930,2153.455997418965
87254,15612.182846476244
6989,915.2783002444849
9999,5512.486678345413
99939,1312.4733543205248
25782,2275.5265958521677
50782,1817.439839139418
45110,1594.3196613234227
96527,2286.222160294675
29198,1030.948952799621
94505,771.8239174531273
82822,4304.793194808623
38251,1744.6426095512206
23488,9387.269116303167
73853,6292.103517626948
79367,1047.087450695204
4981,2768.9495971504302
74852,2892.155243854531
68810,1974.3847109579451
41521,2549.1119244308766
6142,2480.558196501521
24888,8002.574466291728
18144,1802.7022595055973
19046,1082.9123342563348
62261,2716.836159397998
18140,2436.283088773135
65320,1737.1917059163823
53630,943.7630136929665
82325,3020.584419929733
98311,1057.7637316908695
92910,6816.004814841442
42718,2518.791478388438
25926,-251.21972926810804
4717,2446.73525747393
55866,2318.5222177497194
38401,1380.8292744921214
23979,2553.900139841632
7147,2008.4367623381163
87544,2337.240981505027
13850,1525.1290788279866
78761,6646.705686142631
46278,1152.0837800287359
96149,372.50349459160225
54142,1793.1292694085837
78479,342.5659627629361
71914,687.2036862690952
7479,1372.6556548070976
71855,168.54487764856458
83865,7845.285215115257
19881,2167.890215469574
48260,1482.2879340684476
44632,1783.6901958599474
86639,1732.7850850429343
46649,5634.770507397708
40430,3065.030589794141
40098,1800.3885790926433
81564,1644.7475023069549
13333,2593.0544023403163
73154,882.9585320155556
82677,1060.8516455584459
72676,1131.358168091273
645,1989.1811129257799
65332,1486.5669812727883
36644,2680.1305925733254
37097,763.6009255595254
23427,6361.88281264135
68760,3176.7485746183365
88651,2393.7682524543516
30101,7760.584011657657
72535,2831.8204196831884
7500,2097.7249182614414
86332,2244.85852354058
62686,114.32475928068925
43779,1323.3600761336302
72966,1676.4853921944243
30854,3697.8965996357206
55346,2492.9960921967677
60966,2913.7455573199545
47854,1621.5561687514737
29334,5555.881126227539
31388,7565.262227019857
76052,2537.461408683349
87692,1749.3148818696964
7367,5355.159328383002
29830,1016.9096199827745
61322,1411.4946834770649
7457,2877.0587580880647
54812,1579.6875701289764
57004,6957.276429040941
80622,3281.9810051372997
96819,8382.686808598844
95127,1591.9892152081084
84933,8735.061164009972
78049,1099.2379228467476
7096,3406.402873830723
22253,2561.359183309141
45957,1857.0670520622818
622,2382.013761993773
37979,3489.7681141164962
77273,7739.791217601689
14720,1883.3455251467044
99975,4731.240545249504
22254,286.2662016302338
23809,12376.137980313595
81951,500.57868605573276
79030,2216.2099932827077
49591,3821.9461443087525
62481,2064.8874377090224
22885,2458.8917925900214
59411,1834.4502715913527
48653,1834.9503589050125
8427,920.89393785835
72781,1278.4204826005248
36093,1922.0285193974807
68395,1364.6802910043994
28704,3135.0856098370905
51592,3643.9941735545285
82152,1870.8548249323053
99480,2863.7261945968135
69137,1616.6444008281242
79090,2006.7019660349204
61516,1836.9121342731876
93239,438.3683125642947
89915,2586.7516523443237
45962,1507.081444163061
96838,3994.165282429544
70905,644.8745852988818
98221,2164.563120210547
634,4308.242868918004
45237,2064.3345012901646
5035,1225.662858468579
2557,5269.094575419795
95567,1903.1575504271073
48466,6153.742254189273
33147,1597.1462190782645
18712,5599.126609209916
8894,3724.3909757415713
19441,618.2093734221853
31279,1800.7476671442473
78885,5130.594181853862
95317,4563.869518028148
65668,4187.547638171001
77102,1382.041352081118
10613,3760.958358091271
33444,1760.256927710739
94555,1721.066158477649
62986,-1.8007586503954371
4498,441.20525174496106
8548,1570.7120290209618
35809,3276.8755836012024
31640,1711.3755614036256
96315,1034.2574251352462
56025,1325.80279217952
72126,2255.832474331437
28050,13777.479539904285
45682,1337.5250428284717
41809,1012.1291889142854
67692,4140.590388221303
11783,-220.89791224582814
77063,1822.569770726312
90743,2814.871841561226
52150,1738.7585905824826
91288,498.93946082838556
95958,1006.913296692634
68403,1363.9440637368298
56329,1433.8182493853533
35973,524.995010921054
84473,1662.7046223701516
55576,25.36502497138281
13960,1451.979035082787
53824,1324.3645005319272
29062,3462.8490651555
10721,7387.512315715309
55794,4531.10844398164
34270,1102.9919041175503
14159,11374.45734318961
34461,1444.5397167467781
52939,2912.162232440345
15581,1462.3549133369875
8540,2027.7562296742503
95309,-274.72157240607567
78086,2193.8341142923227
9339,7159.001363954617
36508,1357.3486369730795
56119,2757.209381341652
39441,3377.5124504313562
95829,1917.0616384871294
53590,6466.440969637206
28679,4161.88674306379
31523,1069.682336675411
56291,2875.6447392962828
68014,4336.463227932838
6699,2479.033579183978
24949,2695.720803276293
96274,463.61569750017816
1958,5279.457944021462
63851,437.58832711080686
88839,3934.034541004611
72732,5425.289899990733
80618,8277.196150756567
47035,-264.59276894562345
93614,5983.859274561998
1196,4645.588888648589
53272,4280.0630749551765
14418,2715.692068158115
31313,1910.4314381571885
38365,2001.3181118194009
1210,2984.746820453142
85608,3254.2136928750933
53805,3106.143380157752
67991,1825.0298483382403
38078,4587.330702422988
80009,997.3973149292951
78169,2089.250149138358
56422,3827.871125266458
50192,2845.214883166681
67778,1129.2950530454477
66682,2771.309208926416
7978,857.651889764421
77866,6194.811996902108
76956,3655.0799029086934
46558,267.9258239781989
51292,1260.4208138462272
93138,2346.840360799165
51581,5884.4007615022765
93115,2031.3937281220892
2816,3452.01993065743
97763,567.437124836255
78365,1659.3121131491353
44209,1983.653571962764
12624,632.4959149967517
89000,3502.551656897614
53455,2728.0426264639946
22202,1272.660025361838
45771,311.1579351521077
3989,1580.214008139259
6916,1186.847972473417
40839,579.8782984210393
77963,1260.8651516540544
37497,1759.7716479240119
85832,794.6374447450657
7819,980.0732479722719
53922,1632.5618275382
83667,1810.968492761594
1459,6461.2616666001895
23334,2406.1162138457576
62557,229.50703568465724
68975,2750.386051093202
46758,507.81878239570096
18091,1692.5077821582145
25915,2512.0265121680623
39790,3297.54863383106
51123,1800.351249698803
64170,9951.197669517502
70708,4687.440323736492
18958,810.3462410311222
35325,1472.4957604823276
55588,2260.7829872850534
45733,1857.3026575627318
64462,4131.140147044693
10678,1535.2281776771242
48202,6356.142404328479
56404,2397.6363047042596
94712,2221.954253319724
26500,6881.395557128083
95666,1570.6633491882258
25434,581.9476955629084
69122,2686.3507015973846
96673,1098.2909106227003
25812,1725.7707021503638
60067,1442.0069174385926
77773,1209.2783069875277
98085,4402.286894372238
35677,2624.5394079585567
58223,1881.1853506338084
50858,2096.9309445702265
58841,3090.9647699712623
92839,2154.931176639123
8529,6464.252292020061
80507,1060.4929578020565
65988,994.0746162294763
17141,4117.733555505825
41326,5610.311293162775
53517,1458.0704576697408
21276,1045.2751603135503
48517,887.6385004956064
98320,1004.3835245476521
96186,842.2275882241952
3292,717.6140620002961
1440,1922.9648803182026
88157,2109.429076584017
82077,1625.3426438712172
84343,3417.685776409272
80553,9586.362880108321
1001,46.16527272872054
31166,3510.8380485775506
27497,1701.4373662528265
9675,3031.5413165026616
36715,1154.5351224467067
23829,10590.1464679037
58951,2581.074633523381
39072,1323.5529807761632
49435,3113.213103553713
56469,1814.9549881496778
23941,4674.2355547988345
7602,3277.164055510227
34051,9092.634692641379
70747,2204.0061341211417
37914,2572.509602853206
65652,3280.1292177329747
62965,7417.8474211969315
19288,3375.6303382093092
47172,3489.385192316629
89573,9064.080823770542
59634,1867.9086604841636
95880,6208.985907194452
56115,2579.7045739806617
76037,5452.910507887681
13789,4438.378882882012
40882,1137.3573897534984
13557,1512.5735420785204
18989,994.6366375602711
62942,1056.6913005170336
60426,811.9808450846444
83213,3806.432825991472
87538,2231.875514882595
18680,2849.6305955213634
32379,2690.298003409851
95115,1475.1880865483454
85959,5806.613376984971
17571,5294.950910589364
34712,1853.39133938066
74482,883.6669883530408
90410,1413.8082514544108
72131,17899.739408094756
63709,1933.3033271952972
10586,1778.5508838792225
88110,4491.743645792972
56829,4142.892602900035
45436,344.5005498505179
34744,2386.2924287075257
26091,2387.3102335769954
3124,2723.6670508673046
82267,1692.8857442623034
62255,1620.5342379802478
19876,464.83261724694785
95129,1697.9625649648196
1093,1325.06090881228
70398,1392.1285958834264
52340,1605.5355857738468
98758,2856.2058299214314
8710,2393.255551422787
54688,5703.811404721427
27147,3518.9578862131784
73075,3763.310706529067
5457,1093.4093003157404
69720,1435.8821442030508
29763,2872.155831031947
60661,1773.2016026103324
22156,1402.011453566653
51477,772.0147555355861
67482,924.148328367773
76828,1848.6182967818243
7523,2643.77965366686
99342,3450.676238747418
97525,1695.8950837058146
26319,8372.962385340026
39875,923.2835190427372
74954,4265.187728210054
99826,1307.8327873065518
41793,1361.7809085051358
90023,157.1784809108094
14152,10062.975155402139
78731,6085.416036327658
11169,1073.915605328095
98300,1901.7199231491509
90765,3196.420730287705
3160,-61.81995549329031
29310,962.282310842018
12110,9191.538005234348
99822,2030.1991858239383
33025,23429.7829161411
55049,1398.9237638318855
83139,3279.335845901203
10560,1121.8778803102941
30905,1995.8229674184274
31200,2061.846675321144
90749,3595.996114540207
69099,835.421274237694
82876,1544.206593498854
63799,4836.145321083794
13217,3151.676683323358
45036,1718.8953886651304
54250,1225.0270767331026
67974,3476.2651721249667
6915,4390.557175288134
25144,5031.085279025657
64288,1759.475430466226
11344,2424.447906180743
71534,442.04003828591476
27732,2066.0008016373004
20258,3160.003201116517
88253,4068.6321411511612
47592,1399.150306692054
61814,1681.412167795751
97855,1796.3104151232096
27766,6453.897909773174
7882,4465.080100090293
75217,2563.5099045861307
47501,3497.1236833616667
40386,3357.284408443442
8269,1523.2112292094234
20800,652.5645008797687
28465,2724.478871796049
85755,4425.552169504426
67790,336.1042748198365
94800,5810.905808284892
75133,1522.0915502959042
54841,1657.652253339812
69198,2122.072492053934
24836,1801.1006070600527
44283,7184.503912971438
44139,851.8322990926858
71963,907.4809185334138
52351,5196.143908492086
34759,7392.169794622195
80387,9248.79997336381
2294,1775.4394920151933
94254,2060.298051151488
920,2981.128880736471
41233,383.99390119563395
64470,5847.182172445562
9143,1094.0397914045466
45334,5771.256177435624
93029,5330.894328585286
52718,1246.7088688899362
57929,1373.5217850882386
5493,2414.540319934368
6392,1685.616389638336
52524,1232.9350785727884
88048,3593.183696718585
66901,8128.4041483382025
6655,719.7073886289727
92125,1386.279963444637
49110,3059.6070136566505
96638,3335.3423053953065
17504,3722.6726796631206
28340,2660.9086318247596
95873,5013.750453330641
22459,1807.1774545022363
39662,1954.8629192833268
71952,3500.4244225333473
40620,173.0287027848567
99264,1053.255872049635
51939,788.399169082254
46450,924.4133893001544
93611,700.073964596445
94717,1261.4503663602954
29324,2883.1269581941765
98103,2610.293044895855
49869,2353.237521657793
47866,3085.7518373639405
22337,9186.038915457822
96012,-450.7396954938613
82487,2350.10523673062
17286,3343.1734562965394
61417,815.7010641966363
80305,202.9074025472837
12749,1083.542633426839
74829,5267.483262897652
12438,1755.8571734962718
31252,7188.787300240567
32924,72.24669661939924
62385,896.9976363804581
21027,1133.314248485155
69218,5479.581758846504
49985,1878.9403985186448
56013,647.2459208995424
68737,960.7777770906923
83033,2826.962796018056
21640,1734.6934472425075
56474,1086.5406028290931
74861,3212.4189766938975
74116,5453.4567340318645
53554,8119.464295066752
1516,3283.756219415453
44671,2246.4498386486202
4951,3784.912690723992
31287,5397.667069428313
55508,1134.581271631691
44461,772.0252168772631
29677,6126.038858638602
63255,1512.1164395763085
9524,848.1458987621236
52671,3985.0955187738655
88320,2335.702842835447
36687,2962.4539862036763
19412,890.5332753299645
5279,1961.6095324854755
16222,9144.868134304332
7019,45941.002560422094
4526,1088.6112159685945
44610,2961.712440979503
82970,1206.6627150643753
83245,3036.2333492665525
31779,11950.348602500924
84519,9591.330787267885
37844,990.7110969337828
68511,5457.219580247827
92732,3756.6623512506058
29186,-334.28128662612835
62702,983.0958077754794
42656,4465.295953926049
70358,790.361021568965
46227,4661.0599504477605
87393,5167.441693427929
14270,949.5861736635643
38443,3627.785694556562
9723,862.112463843137
27975,4788.934188744727
44948,3152.8580493619497
67861,853.9634264186798
5864,521.3816918462335
87723,17937.685153326478
18118,4111.17059829327
24785,6528.762026690243
16320,2096.7525839940727
52789,3938.060598065447
14971,7353.569210706335
6684,838.4751745049907
99247,2009.6540318366028
75170,1171.177105383947
59510,3037.8666525407734
16638,1826.1372565151275
21222,3732.0091540295084
20615,3687.4996778948966
25705,434.84140870343117
79631,3744.6466160987393
14481,1491.0095889121599
46794,1299.500661582686
17130,1738.7840812767358
82635,3503.190104765971
87645,1443.9701489603676
37813,8777.901518308163
67172,1655.959017131603
60002,2962.393358833587
35250,2236.9913641636804
93747,1133.5661829498226
27406,5090.708628125156
18061,1456.2368159488074
50880,-741.7853994996703
29480,1864.0792876304345
72872,968.9590344517474
96079,2358.953541314684
39256,3569.48017065041
36520,1986.0862108485073
70297,1684.4700541782486
60081,1557.4494092135665
36289,5212.131105239827
36099,-328.25218785542666
4026,1183.4651876170165
64325,810.2343303811249
19400,5810.703766181654
21670,2150.480391938232
92465,803.1178613810425
22322,1592.8630590765442
18552,7396.958328113644
27846,3726.474716160194
35728,1784.705817346811
99785,373.3133015297458
99149,2550.6785998071364
44660,2078.6567782613315
37299,5284.560157715112
87120,520.8866184853459
65099,1862.4838004631793
37794,1922.4019081042916
96966,2932.224096686536
12611,2528.5690112060765
50242,1550.7085732917535
96062,1670.1706339621205
2478,1206.4104220584195
42274,3128.3714025462477
82371,2797.126311967905
14955,1916.8517926614077
96544,3189.7382763696446
90516,1487.7065072651353
10735,1700.9951601535247
62035,1124.324325844675
16048,1331.9539791896736
13999,1528.5934419904247
77159,453.6429190088861
13239,3555.1253603956984
8328,1342.560172064489
97943,2682.337278321408
77817,3393.903246491061
31240,3214.97916615732
44934,3581.326023735031
40319,382.0960916787026
81758,4166.143615390092
34497,3964.162043343235
2047,3128.4870539681106
35110,1385.7293805528275
19155,1355.1392419835288
57312,15643.474243652985
29447,2501.367076409739
67456,1234.8304598810591
63965,6601.891058422438
28481,-481.6054485864788
60598,3673.4103615697527
85384,2248.087875733851
83220,3206.072182905035
17843,671.4493872020194
9975,2170.9589673635464
28057,3616.5856806815864
90853,1213.9940930378934
4234,1352.5465286442504
8749,5760.753183411076
30041,1640.9630535544643
63564,9405.809192079907
93892,1765.3105123857163
64413,1953.3985246679588
70028,2866.3294699402904
15650,184.30645739931515
88752,2346.1129999482378
26184,6317.270992039485
39851,8498.555278422042
17375,615.1714907770152
8723,5562.758266935793
56132,16869.027213111127
80699,1376.1430409790114
9193,396.84007607883086
55785,1786.592246213583
37612,1843.344455545224
9387,541.9864412127426
27705,2399.2837386087176
90374,7634.513417174484
79624,4159.8159410036615
42835,1897.6389766591114
56688,2432.161650193571
63672,3473.3331895762026
47102,1781.3273013039834
21489,853.1022400301126
71021,6392.836140046919
40233,440.22929768456015
73329,2742.56773802688
75818,8248.726175653075
95020,1288.3018987349233
8145,3504.4327548199644
86330,509.93248275139285
72735,6855.330335144636
90039,2992.9320780838025
853,5966.770611213232
80211,669.626255471781
35528,931.8089092487198
17810,1769.780895701626
38861,1356.910305724302
12718,2650.092895022908
54163,3327.114481707033
46530,1663.3228768315994
74837,1201.295065254612
67575,5433.860479279015
25713,12558.933852967144
47024,2404.1737506583277
71044,581.8297731585722
26919,5920.672813557289
42995,709.7694286979377
94580,2883.003803491112
35333,701.7967662865872
24747,7133.380548485626
40564,804.4274872445153
64628,9430.768821754576
86322,1722.3106097083105
85673,1366.0852008324505
12622,920.1569825065844
18750,3413.814463197688
41266,2297.1125841358376
70785,8510.619465910768
95237,5145.479541767365
84828,1367.8314870454064
59417,2140.52249575482
36168,3163.942393254282
81858,1638.2677356125282
89931,5258.27112236197
98570,2787.1658410861082
74906,2076.120188619641
33646,10389.667863343064
46932,1645.8071714330677
16609,1301.4737843274233
88036,1184.4657903523748
12153,576.227046097124
70719,1868.5396403289033
58506,553.66977564849
14002,11538.50135605635
95974,5411.896462861076
51002,1405.7177650935128
65330,2920.2464503613037
16272,1890.606075650359
35698,1471.5831177694417
69163,3058.302039713388
22167,2797.0001677430205
24864,4380.656599294046
55692,2718.7758668327224
53447,14901.151845162944
65035,928.9440034966947
14708,8343.582151848754
23164,4501.113249212216
53573,4827.072692555981
50662,3248.428877276824
49401,4468.875940710539
12757,1493.2727522899831
86579,4215.416189498031
29762,10131.707369471545
40439,3453.0115387586848
51987,2045.167083751171
53252,1865.9040118206074
10911,2168.776227732659
14588,1307.1457650013322
70553,574.1388162471185
96606,8663.02896657822
24342,2577.9318130153893
74421,1335.9406398549904
92540,2667.2115684893947
99031,2431.124847453704
80624,2020.94984339851
90040,846.3173784663986
98152,2019.3092377562048
41764,485.050915998233
47967,2032.5645521190663
35710,2934.9254088841762
59461,2175.4784042347474
80218,6237.085780423786
56522,2532.991122078008
67630,1404.183058880667
78562,427.9935788863572
2742,1422.1954060133708
35514,2699.2558200267
46945,1616.3295718175607
61844,2249.502574254826
70924,1167.936083582067
89731,3777.1923069223008
3562,1434.8572639806653
52508,1971.3632614158187
51150,2089.031749545365
6861,13179.760736837377
47296,1536.8829510237665
31391,1860.0907003944444
51760,2727.129081397664
37984,1196.432602095139
70662,1053.150978753295
92993,1536.0520653477142
47220,1593.1035601950903
44168,2463.0103811763915
87963,3004.5372802461525
91567,3753.8703999049676
13550,597.5745389376766
42491,3696.5407638846245
1987,5905.287188860291
63210,6051.819468112663
45075,1462.4160128311837
59851,1460.4613314275744
84431,1351.7339498021588
91669,8843.67516177506
5656,4379.670029189987
4612,1003.5395024201139
97204,2587.628064590321
17074,2040.0679300449624
5003,2147.407908697898
87955,563.9527293910264
2266,1901.9867291722433
17609,3431.215326914178
46731,4615.105010239545
44445,792.5161680116598
66561,763.1978303309993
39531,2079.5555659179854
78671,1810.0459705425728
28388,2599.3095531737
98802,3206.9641089322804
28198,1135.7000278464216
41834,2360.6159821734454
52559,3240.327295585933
67552,1174.4854631882217
70493,571.5421859150201
50307,1532.5878048593504
91808,12192.114980993654
5322,1595.322206861466
3953,4319.954131621451
37392,1587.345255283104
35269,5969.539964644213
49778,184.3318626309342
75855,1518.8975120955265
83803,5690.950376707444
20972,597.4517092625779
70506,1910.6000537954005
95432,322.08541097982516
82125,1093.8080733354245
72731,3151.0323418881762
7188,607.106979043916
90482,2129.2899801586773
81451,5084.32017551245
9280,982.8183167803427
6877,2954.0954581200276
27113,5587.330318515859
95960,2632.983274388024
7072,2356.166517471279
8914,3989.3357892118966
49397,1529.3865166611786
90087,625.3316932655484
36536,3960.9199650213286
31887,4196.048346422594
72881,1144.7823434650945
84826,662.4396889266545
51500,1210.3793357176091
83198,3107.1745356284023
30173,1749.9009611013173
84594,5121.676926094078
89339,2688.116674357434
66893,900.7789276226631
92774,2030.5140538310054
19045,1988.2072838662777
33977,2024.1812361665707
22024,1743.830336927371
32965,2357.2808428189
49563,1162.960112203898
12578,5389.293259639782
93109,5481.460909519129
69326,1577.9107517094922
57034,487.02757279596426
6291,2951.4100896645914
10656,5275.209729096244
65692,3566.6417160790766
35167,30450.90318430095
7382,1739.799908997272
68332,2404.278444497225
27550,3233.951741117505
6051,2526.591266772344
36373,3684.257696321451
18337,1441.1903121693854
2970,1677.9820919703166
47902,1509.4609599676005
87960,2914.6743649808495
79768,3741.050804666223
67312,2263.270670452639
27910,2481.2849278448
95973,1246.7196260417932
39384,3768.181422918112
12408,-238.50699814010568
23479,3336.7289399103447
96041,3899.0734676894463
1451,2152.5797435032664
54081,-51.18629024405982
63886,2960.960149190183
32779,2414.742549075422
44165,130.2062915108104
50911,1251.3577328334995
35025,5374.513853801274
66110,10140.596244348126
79386,1691.629610102097
37833,8354.82221313598
35217,7745.002564539114
15817,1916.8604137461136
95624,903.9267537343803
44061,8703.083813428082
59738,646.6938968912955
3950,497.5455062403021
58518,3955.9280571675563
44871,2926.951935934071
13464,1974.3985473876282
50451,5724.739790924239
9470,-625.6730738648475
18582,2732.0159081418124
53432,2528.446084198599
16368,3608.3653246748086
25534,3727.4062389090736
64293,3366.0138765678557
86833,3778.1164277794464
5202,5546.797512929409
35159,1069.1185342134168
14770,1612.2536092055166
96271,-411.0331709497523
13562,1669.0288870468326
29855,1508.5631474374136
84256,427.5544627442414
28071,1873.60848322609
48138,3529.3697516569136
21407,1282.5936324328654
27206,1701.241531357391
78823,2064.279954101221
58871,2142.5369211349444
42748,627.8896094870861
99271,3380.6539094760055
64110,4776.304199639591
39401,303.3242341200644
5685,2503.4618494075116
89260,1660.904426596947
70333,1044.0624636695907
10862,3794.194424687501
53732,1921.4746879463146
2389,3193.4297127574423
17752,16239.752041820479
217,1563.6992763665335
12471,2995.6737985428404
13584,2515.035216377266
15940,1586.8471622511038
2327,368.6685455189386
95678,2208.114389688113
75595,1308.2928954670579
9977,6025.205386940197
28484,2908.8185171924383
56575,5857.636429545581
81922,1487.6018869608502
91068,4008.677780390556
93203,-419.3920617695744
94037,2801.221984241337
97166,2115.8547130497736
65362,2002.5203507052302
90547,11940.323584190022
23819,4611.5815120296475
50867,1326.781119220232
61390,853.7626721836959
40900,3729.796859602938
64240,1050.3680442780055
42638,229.2628063748498
65325,2872.58612621853
86464,684.7063548848405
73660,909.3490449906735
33469,-368.90066260951744
73423,7416.6021312284
55773,2766.3019001839407
65549,2790.5199029056657
89350,720.3738224341323
26738,3118.35925509385
89328,1517.2610161570028
8517,947.2482302641606
86667,1343.9671386648083
47462,1872.3783751175554
78291,8933.122694886155
6769,15910.746986390823
8969,4141.607737844828
99560,563.790315735097
19223,1956.5923522728094
25372,5883.429985913117
55991,855.467847034221
6124,8143.041211846528
46820,-149.09628224425023
5626,2728.46195607682
96927,1082.6336368319703
87585,1163.7478477180075
29273,3453.6190092682573
85620,4771.460460435266
70385,8162.809192500306
58371,7900.467435240601
83839,2607.945374157564
67243,548.7125790637342
39659,1326.117367639804
37893,601.762725901408
71204,2560.6617173153386
6726,7316.892978587464
53857,6495.024628462052
23220,88.26336527256717
64649,1530.8938025812668
40778,3894.526521675629
88636,1224.2331579582533
49485,1412.203197826856
90958,2068.1058961127223
22118,1171.929563278727
72936,1820.3445345712362
7838,1967.0045400774916
65673,20229.24563808946
63411,371.4439967329836
48833,2804.988798997746
71354,1215.7428283274658
71347,9965.35876782591
10676,1619.9836860799628
23999,7899.136402830245
13658,2220.979436710117
6087,3924.4762784305894
99419,5653.971583277803
54433,456.4054997793701
41064,1406.0862570401514
10659,1710.6474237057432
93107,2082.4321797413954
26540,1211.3728622191566
93092,2506.695029004887
63133,5821.651228499013
3568,1628.1625317451678
31220,1520.7846601055512
33946,995.614763399688
80810,2172.4297303015055
81475,6980.610151994589
44338,3920.8582146994077
41781,2828.3011467597707
49616,4656.1554744653495
80160,3011.3409554228074
17479,2943.1714445549687
60998,2072.432544697065
6360,6267.506276125944
49456,2777.5042453020524
91065,680.8238000819574
75137,157.13556928104117
43248,1392.0681014960437
96262,2747.866076311827
45255,4697.32317868455
88962,5664.69045774111
45441,2347.490879205441
80659,2484.0966626472004
84537,2110.025094909788
29355,1031.0533206306718
63619,1068.0030130800292
46744,2551.9057468655365
20301,13550.258617237152
80955,5948.956383033518
5971,2832.5498646084475
29611,2717.28374040776
91685,4103.006840263234
47167,885.7302949094915
40756,2668.971883423401
73113,2482.892751898268
39788,1049.7889030215656
47106,1736.9551650796002
19483,1884.8165407325132
65265,6268.864211235028
34181,2175.9003955458
14044,4422.577447351347
12584,1644.1374642840449
76578,6108.8050697011395
27981,714.3356865644746
78211,13178.331420916866
32098,1694.8709102241962
57591,1689.43620636427
66844,4898.6407578898215
51426,1114.074279089125
42510,1438.168942521966
6721,1151.516458270481
14337,1328.3318455996614
23322,6908.091245800353
33805,2879.448728401473
84190,1278.0708469835672
56015,4175.184643696561
32547,1801.1240274508539
41967,1705.1273207457662
3220,3720.9452831089957
85975,6245.094534544347
4396,2174.3343858934627
79733,908.2464739455927
71256,2880.7426961271003
81273,949.7345509442921
67149,4991.78740742565
75748,5975.635796554224
9354,781.2395236300968
17254,4850.871078894446
89084,7184.081733678437
68521,1684.1364900625529
63736,2279.776900086309
57711,2713.3423935424216
76914,1818.225818712257
11701,630.4684207401178
12936,4273.21973475157
30832,1304.5616635142183
21595,11667.387421150705
2674,3870.4604671771936
78608,3173.6044922382207
1859,2268.1792884673614
37874,4146.89500560904
49166,5817.504230180473
12969,4861.740161548257
89569,1963.4535837282692
50912,1719.5484145032538
55560,477.44537187208243
79283,3357.6809732595143
35020,4879.553414074178
43794,1679.205814890509
44802,2104.982128854427
52036,4972.207586179762
10973,1896.1088481298711
60147,1008.7621697427576
49059,4831.223217406601
3626,1500.7387923749557
33036,1688.7199926195863
82485,1050.6862733416256
10455,1110.852438660556
57731,4397.757360338334
33162,4750.868307448522
97772,2952.0119083312948
88800,609.2846434141284
73835,7530.177315288204
45081,1980.1644223160436
99001,8236.401402724709
4594,-152.38284572106386
26450,907.7821810753662
90264,2988.0642838558015
62067,4807.185355222703
30224,4795.550234748445
99255,6483.673586873891
18943,145.92727872672185
54589,3254.0432370697044
93840,641.9563068625439
94513,1615.1224534353782
61047,605.8020732673181
38606,4816.337279559312
59283,1027.8181899704432
63089,1711.8207826826183
57577,1573.8953681566973
74495,2056.1657629339215
59719,3495.3879483443425
11683,6350.250666387192
37957,7644.456831263089
41660,2702.7608052448904
98803,1315.8008961856804
81566,1859.2863219321112
121,1640.5465523390358
74943,595.4425888870192
3050,-103.62140196597556
99709,8618.39713466289
27239,1096.2692757055634
53985,3907.8438346274247
32667,4634.454943233052
59394,1304.1506108980748
8428,1038.5006925063808
50823,2315.39949767533
83702,1350.8491498742
19305,336.18248568957733
8955,3912.2222449998926
30326,3701.9775543060873
53337,2045.5625309703491
24702,962.2839804329569
6795,2618.600227808323
77823,399.6942584308017
13880,2814.730000510841
95805,2020.201152403131
3279,2218.8315499355786
81431,1366.1781509840494
26797,1953.7133936872237
86080,1827.7888750772286
57191,1322.623167024859
85793,3517.3889599007066
23432,3044.6810230501897
96557,1193.3586854723953
21836,4686.279911644302
53542,1203.8717971194305
98865,3028.720386472165
28158,7615.822157974828
21146,1257.432155804262
74359,3077.8953772181835
10232,2393.218684719401
93155,2351.134683555875
80270,1104.8468674938695
93305,4218.921664472753
69321,1114.845937521878
43251,13211.677479988937
20923,1472.2009109464448
1387,2139.3824766121315
41259,8299.065630749556
79193,857.7415633691635
66521,2756.5066543880585
7947,1951.7491581729953
2343,1053.9598323545802
52321,2225.6010228573878
25742,1529.0801954393341
48646,2170.134286318741
64882,4639.1679870917815
66176,1841.129403591979
74827,11304.923754288298
14202,3799.7453816550096
28133,1411.0412287274617
64514,1270.1243141296222
65785,4088.231629138283
66018,614.1142217646307
61697,1096.6424534630796
67061,1918.202454903666
51838,1366.685244520555
64115,1712.3516241241189
92779,1001.4835460590702
97454,1952.1750611059576
8009,1629.6246367141996
53644,2020.9649150463501
97189,1434.7078700106413
21439,6939.6079321932875
938,4162.182166555649
39096,2382.1602531343487
23649,1700.9726624711104
16719,3194.731187862541
1837,669.055675996869
22626,1310.7679475982181
33374,1995.355118596864
3877,-103.96525747171836
22559,1247.219218727279
37384,2128.1449772104215
66950,2850.3030811112685
20143,701.2146985039362
38201,3501.401112891147
70231,1540.6117352522228
18449,3835.7622157011806
54034,1469.898500160778
15637,3191.7262335532414
18894,1954.7749230130337
63998,4357.748733146054
96573,2225.7593562590155
45941,3259.544894302472
92727,2385.1083798292616
94211,2052.6259165115234
95517,4808.349762036512
97472,1662.4545576849623
91359,4036.8539237692958
51366,8831.62579013786
76256,1042.8929165950844
47815,4074.294492969134
34690,2110.2175659049553
77472,316.31473990421864
75798,1610.285720565062
55214,3354.008309968988
67946,1644.7720844520288
88645,1666.4258470799932
27541,5695.993318618799
55488,2525.5189732008516
30793,6762.797705866634
17000,1518.2540243448525
62077,1076.4490880433227
29363,10779.821432412244
86082,1919.3645214760757
1801,1978.1322020924274
90038,995.2560601081577
8391,-106.64185381224979
46629,-235.64152205196524
83199,3771.2612971340614
62722,6994.188408841905
40034,2616.544539523838
48813,1004.7292908322402
25408,3301.4226033093264
37080,2631.4484652108886
5264,2823.2422021436023
91209,2359.695646321884
95162,3510.0186351466746
71636,1958.4843685046305
45106,5289.020293119976
25041,6937.594911551014
60368,1729.8314194611942
22466,5082.347908043503
25841,3328.665294923181
13595,834.3864977367284
21451,2079.7514963864323
31727,1236.1223779950187
79062,1118.2373097766558
17587,1221.0270500162524
92289,841.9737099346871
69686,7792.7930294505
4960,2653.3580707970186
93457,4341.659835371293
27188,1661.5870629006993
66498,1615.6534100565332
69595,1738.2080683982776
75965,1133.2536132001205
16021,1259.6138943137476
45366,2205.6523803609216
89607,258.4114842024137
10777,4543.538171747514
77400,4482.751085294174
8276,4695.365207218712
75126,3304.7846984337048
86505,3131.786021708741
67951,288.4759852662137
64862,756.2154992899304
83331,759.4024213507109
54416,2073.5000778150247
41924,2145.536215233278
77175,3773.921068573862
78969,1541.1923749198122
2383,2635.403875650968
44967,540.8449696522466
78517,2057.107724239768
85181,1389.960355730117
46499,9991.416040147124
92255,6084.10473845406
36666,3231.198451303776
80779,1428.59566253277
26664,4354.338744050141
31298,3097.1516618101637
44684,1018.1529027793958
65502,3637.4736843069713
58873,2300.1479298241557
26186,4080.841668108027
99350,1933.7874755238104
62488,2988.0343107664585
84173,3310.9298785859864
30025,2199.507636495116
25470,2124.7774943131694
4902,4141.551238401879
57702,20906.979685555743
80538,1459.6720998369724
32975,2335.1866132093382
2304,2559.9645916922423
86134,522.2403385830357
3681,2517.5283948555993
56889,1380.6578341270815
61669,1918.7095957563872
53927,1043.9653075417705
64376,341.1609976600662
61198,1831.394655184055
95832,2529.716749858459
59226,1184.5247303006954
99598,1745.2502771793838
68108,2426.1100751574886
48771,2035.7241824456864
72555,1020.3980557095097
3961,5021.721316158405
17364,3763.318293396156
56838,16555.951901497443
84636,972.2946517636901
82681,2327.590842246449
55209,1566.7478151722667
29245,5381.945734156716
6488,8083.303893792882
16420,-55.15053398149121
29705,10293.21699069232
20530,3997.282143184768
12519,3087.768310904796
44766,2158.4859792189854
65132,1819.5190145606562
81628,1719.132543274367
52985,3175.4518289683656
41667,1198.0806616304144
79421,5989.643858402731
57931,10885.456233624947
94639,2441.132061529956
53367,1403.6002522835252
50078,1701.6109969793038
27661,1645.8750769314236
17518,4220.034636267929
85391,2598.936623731589
28438,2008.3140177820944
55807,2448.710588171398
9212,317.6711229637649
16350,2717.904848496536
27597,2110.5950283288003
62062,3252.2754497244355
8504,1794.6186374790996
1784,7051.530815295722
12660,1780.0281783620176
99858,290.9217388854195
805,2577.027732019181
86703,1150.2510164366404
77541,1530.0829871195965
98689,1691.754458103008
63268,1083.2450493835572
33598,9121.627425685678
63578,11237.486891386721
59377,5249.480794895097
55010,2074.155865001231
50210,3087.6534228678966
74324,2077.504803007122
62717,1715.5313144814384
59496,2495.792620625393
72211,1517.3895871598606
90762,2035.7378353071774
68471,3083.4022444967923
5814,2894.2772214752417
16834,1309.9450825017357
91046,2167.6273828027684
28585,11254.525462435955
94332,2127.07258959012
49222,1357.629404800275
51252,2277.17783366644
81179,442.14139568131577
5722,3241.865713753534
46024,1603.6976231126418
57808,7108.2879447284595
65915,3234.8629099093973
39438,10952.952181327493
12334,6536.55012755707
77977,1080.8258606166014
91266,3022.1529361317334
94934,4168.176564627465
80746,4035.8527223881797
77369,2770.7993981025247
57341,808.3695978379692
72192,1297.4618704224495
40487,2091.1849243122588
54783,2123.7720080363333
22591,1709.4277487441364
68510,1285.392957411888
13964,1363.5720812711693
21971,1134.9568265596577
17696,1625.6656154978475
97669,1998.4923062959542
45691,4482.741772976459
93521,-416.23649726730036
46809,5198.847191591838
69358,2281.5359363312054
7557,6853.284510662857
88271,1498.4709737182984
60761,985.3940757822961
14679,2878.09780692288
94525,1729.228090333089
75914,5448.605427767322
46331,1257.1088956405679
49859,4978.041619589752
63485,797.6555706351846
40432,4640.463868831141
38477,1701.4156492390239
18406,5702.461666769493
1401,1816.868379182605
69088,814.9268440912665
30698,3098.27196925858
98480,1997.071588036447
22235,1882.2863382151613
1431,4438.5123738973725
72277,608.2471217652255
99035,4007.086676074363
91393,5609.031931538877
1300,544.3246279851451
98904,2159.186016062632
69230,839.9208456635588
70910,1525.2784471761606
80013,2208.6005631947883
52290,3269.0996645727632
43947,847.9862500575664
3928,1659.1508614529046
76167,4051.8076430550473
90390,1342.3873701371358
58500,2192.1503583154717
69652,1632.811878349983
80442,4224.726897786583
86460,2353.2060439938955
26559,2013.7286600407197
9325,1286.615853903114
2911,2829.0992932778654
20493,2055.622421341111
15055,1226.9196259830105
51964,2378.7738576404176
62744,1189.1261488835767
36844,1411.4252880234571
21309,3944.717213703895
10654,646.2760369565494
58704,1760.5115328228214
48291,1651.1460807702865
72157,4575.918425596162
43871,2521.326802732904
38563,2088.8214192836676
17536,958.6987934160347
79350,4525.077226987417
19333,3246.973898462789
14269,2457.98470142865
36107,8035.003795330441
16130,3409.049926334967
94718,3743.291108283699
9194,7820.578736495824
82108,6702.568928043285
90937,1899.1801784664763
87769,1975.9525042509154
24322,2435.842150140188
47454,4967.130715250461
90211,3591.269531717446
82195,1250.45573299145
95917,1976.4599881190343
64270,1937.727097192639
26275,1492.6197958224793
41472,2199.3239402978625
2042,-9.433919215801325
81696,1586.7031716349097
78515,3844.097752876268
89217,2823.9682399412172
80864,755.250092044435
74008,2058.22384901237
83164,2769.743373011942
97595,1751.0281633371244
58561,2923.8181017273587
6581,2191.0098333413944
30898,3128.220205682016
51509,14724.025448137096
89109,14351.911941572287
55563,1645.582449219447
83432,3345.6604662387826
55848,3836.814626932458
68464,3541.3730139734685
77549,1878.6481096147154
98466,2358.700572313137
49040,2244.142130594244
75194,2085.6632992793348
6189,2106.806324863367
46830,5108.01175388066
31440,1525.1550622835966
218,1144.5722149804524
52891,3045.042973907795
26668,1389.0925674049959
60755,1417.0540762462883
42422,6664.362744296115
42334,2870.0850977269483
3126,6312.074618530951
79333,1236.3065064021466
57801,3549.515111060622
76419,1236.457153856113
22530,2116.3900062082434
42524,875.6603902964362
81034,2960.590473555075
91113,3007.1867156416183
77544,5585.071875530531
77208,2680.963255533948
97773,10114.692227998396
48331,2559.865108998514
84259,3695.808354826828
2312,2122.8876215250293
345,8397.548511224835
92615,1367.2802864260984
95111,7323.081413598961
77342,50416.461099672466
48290,2289.3392270270774
99490,1575.9520623681542
69235,1134.5002604684864
63203,1089.55405727092
20739,2338.414760005954
44534,5835.48817116584
75304,7242.847749829872
73789,12430.445420173908
28530,5276.170707229353
13872,2463.830881029229
24807,4577.437000363789
38699,4952.822397671753
39867,963.324580529068
77635,1870.55673506468
28200,1697.339382657947
93933,1468.846278105118
58613,5112.55247729115
52923,2025.0021139352573
13735,1385.154517963881
3393,4648.983546862216
17652,1868.3602859432008
46378,2497.8512696767452
57542,1473.1048762478845
32589,2021.4129256513288
12964,2267.489637743339
80166,373.9589958643096
59849,2086.935395013137
22455,5076.816622267686
22285,1220.8719837510644
27017,4183.615693451981
52824,944.4140018521916
34538,1510.6823100169963
80816,3333.8742037043776
35704,757.2118004109357
90723,1421.9880780536432
24194,157.27277021082182
42058,7288.4945389636905
20921,2173.382701635037
60840,952.7784902723652
73646,5214.555121386966
27001,1718.1397902441663
48292,928.6306495180838
51466,1211.7800464267762
39236,1505.0256169776385
33530,988.8578247934711
71751,8389.657532012408
67697,1070.6240127970636
33295,1789.078861912596
87724,2757.138228948186
60238,4011.4422721632777
4993,4082.2232758107402
68643,3901.1895341101495
15477,1386.2147551922217
63813,4028.6017395862464
57255,2545.0625405667442
89862,3818.0407600261724
68414,2093.1310285488858
75594,1508.8890295658252
53660,1697.4179921119103
64613,4754.3592864098055
98097,1310.3927669335385
33481,-48.75723044221195
81559,1508.6068387691703
92849,8205.166793761506
9234,1989.088903110583
37088,2668.8204906499004
81359,662.1047906616623
78575,2615.902678120743
16136,505.52804778102836
28195,3036.0158856383423
39121,1807.6885257036756
40828,1971.0375801792839
73485,1135.5055610348427
79762,585.5630390255883
72567,-144.0906973874362
41943,3133.8872700190136
97154,1337.938038442955
38636,1189.4913051906306
83415,1629.762154660063
74818,1392.7102469279193
53913,5645.573745532345
61492,2355.029375890196
92544,3354.3467365373967
24195,3082.915381171622
53782,1969.2562861429283
76324,4650.65136306169
22330,2874.3549530166315
88335,2250.2343230284655
25559,2112.221068602098
42602,3794.223380073265
64446,945.5705750989764
67918,3223.54919359942
1322,2108.064547313405
87502,802.513558587345
31973,621.0426505481314
82362,1692.6347867642535
84919,2090.9741180743986
81594,2707.825481167495
24646,3662.183858603892
63527,3033.826728351913
14420,2650.513763847434
86691,93.29125173852572
76600,2598.042589625776
90972,1965.9480672524714
41417,717.9873447364903
25662,951.5348723601614
19150,13361.883952210257
38743,8071.430073199477
22534,12041.612502778422
9006,1125.2438136237397
11802,3950.944180424922
30693,852.4402345790018
80144,8785.46874147165
99408,2122.7323061906623
12292,2925.256147516442
65781,5505.47367692351
72201,2409.4689859192404
21299,7237.040939427156
93510,1249.3161792922588
29279,1379.4092206907167
64653,1793.143553490478
96455,1705.9126174941675
52270,3935.3218292802158
4870,701.330648932114
25442,1384.0151095782312
61689,1981.581048471012
31321,1338.93384597776
96081,8889.886305833767
55410,2364.0209664847544
88734,7429.4986690166525
52542,5099.924488632969
51301,10687.068866229345
93825,1634.1139445883605
13495,4572.850321158237
90856,1510.6716340394241
83397,3198.821026952125
48030,671.0702992673273
83261,3502.928383249069
77727,3506.901227540114
30926,6431.107654799118
57885,1708.6917200833268
98479,1408.663768577413
43906,1501.3615856196202
73455,1088.6423485967175
45145,2883.276278286635
18569,2056.001457863309
83947,3296.596766610379
13946,3978.7056731229427
28942,327.94442221515646
73624,6471.301364686553
17855,1983.532560357733
86731,1013.4598625140952
97010,7834.256708445282
29633,1400.6164625084284
2565,1511.685131625015
73705,1403.828856150979
44567,613.0824198880982
12370,6648.243330970801
59836,854.5406976535651
1547,1380.5933638748797
57680,4847.178566281398
13533,3564.2923964638435
59328,1559.160077615847
35956,3282.8595030187034
22822,2323.9209768622295
83051,2590.7328876645706
10982,3390.013065423219
28986,7548.343777309527
67838,2471.935023043886
82258,2689.060557718067
73236,2686.603420398572
59097,2108.7621772836137
72353,8431.774124007736
52392,2199.722777004383
57047,1521.4708203236523
38610,6859.178481073567
67973,1514.0373576983347
93284,2805.6901540671597
23141,4492.779506430668
28697,4503.702742611189
65918,1143.4808272726386
52571,1750.4717028076036
51012,1575.2650874282554
21108,910.199701833013
90415,2255.781050085664
63230,1241.346465067044
98662,1088.2466435350407
59001,3705.1846248870925
95937,3568.241681018366
70251,361.62781778636463
32266,1224.8725022217595
63297,3992.761353853352
17207,8231.527572114584
30171,1422.4070033665703
98603,3701.955528222109
35573,1020.9801031810975
95077,2043.6367572950544
14687,1145.748056345211
79308,338.17463160860325
72603,2491.675492225545
72588,2268.6036692492708
31257,859.7245091698687
53421,879.783132252921
64059,2213.3979918478144
52995,4108.658162355276
40739,1027.5970550497323
77180,3981.575069493736
43097,619.8157907777545
64877,10424.512711078696
395,1969.0730415797811
32733,2757.6889242591433
18654,2310.6694726199453
60971,1839.3250325799224
54009,3578.7450074555163
34644,5854.881048632344
6288,5889.300132930027
66333,1718.4527882386406
67281,4675.373294629826
36359,3450.234004274632
275,1412.7745152010602
15196,5028.464503498132
20646,3268.513622185752
17496,4730.435015300131
49035,3337.3331060982896
12992,2523.3142477709516
2468,5495.629053390425
62795,3453.8701068664363
93269,2619.879599520497
66825,1989.7761533869557
79682,2146.804595525025
16267,5340.84607193029
97031,1875.1564658786094
27174,1186.5931346053403
11904,1476.9539275120733
47903,1447.7607221912617
57624,14916.55648152638
49975,2388.569714326769
52438,1545.448292005597
39643,1314.9339969177136
45390,3477.3812423748677
56052,7626.3034766973105
12799,2170.0764639061777
5972,1072.9627159277888
7614,1239.997665818631
78024,3342.0734259808055
95341,1658.7218187532762
51375,439.44573603477465
53902,3148.6581995789056
52854,2078.3004671958474
80356,3511.3262616499856
67914,1698.2808431692333
85313,2384.0644925088836
88572,3215.8787954903055
32609,15624.35137165153
2649,451.0492286662047
19120,4333.645169703754
93965,1708.592632362026
10484,1424.6583383508082
78590,734.030454278095
46835,1374.4264144120934
3978,1822.5471176645144
39288,831.9533277185055
78909,75.5068203884698
40283,2853.0930499630076
14780,615.6391799286798
84847,2059.6931043866816
85938,1005.2223392672872
43077,6778.056101293999
42652,1487.061545924697
86542,2913.553199203655
38194,3393.683440659919
11860,2231.9586469460196
15347,4945.703225231073
64941,3344.99967400633
57068,3215.818542276953
12123,23351.558897975876
57265,1692.9836071816273
65038,5097.947381413378
73192,2250.818483404987
66120,2471.0311593234655
79218,1799.375622930463
37995,5955.241240594445
84188,4965.693973733224
53565,1187.4757652948829
10415,3216.685849624974
47531,4114.251753248401
64045,1687.4351376354039
46524,2512.73607220331
84285,2017.248343994264
97422,10616.063235019808
61015,13777.32326955123
86287,1612.633423661091
22964,1418.5098771960306
81069,5541.912985178737
94071,1224.250440708237
81613,2551.0044301634234
31558,1765.4986936779958
10582,5682.249832941793
75420,2903.9739748849056
32166,1938.2495710045287
5411,2099.8362711303907
82348,2420.388495388178
9529,2819.501755063617
43585,1599.6736688086098
20532,846.568254951153
96531,1503.365985267199
180,1171.6789472005844
22077,2359.8276488693427
39268,2182.4602402432247
35876,1508.1018900394947
88613,253.6275917121793
64069,2023.510101331975
90662,970.84427594011
32039,1275.1902984093654
77893,1066.198813867823
22038,1377.1792667921636
91540,2881.9641067898388
66073,3001.6860071804485
31055,350.61656455086904
47340,16243.315990155348
51385,2575.8458225907766
26239,3196.8029312952153
945,1236.2437797907005
73724,3915.705544496509
33412,806.3777069059679
7682,1580.8451431521344
36270,4535.448279872092
50143,3866.4952081957413
39000,4534.721945330034
13905,2440.390809983259
79091,5460.756451143821
51032,1535.1220002452706
42894,3463.0920799735613
97700,11942.303648906536
44342,3042.7349714909706
77244,1610.5272338659533
19767,2072.2631465824143
60536,7659.442787471844
59204,7560.052861366212
42181,2863.994158754773
20854,4612.213150018503
13295,9522.606587122704
52794,198.56647784918368
66867,1568.1047781008892
36698,521.3187621397929
58115,657.1456843133128
83673,2821.0608785345253
79502,3146.0171670342274
42369,2791.239610298868
35647,1526.4507241273054
69814,5927.032509795654
8125,131.53743731508257
49016,4505.692400264921
21941,2067.8976457785047
42020,3261.636510418602
89948,5389.495372318288
93088,1992.6338244784017
32195,1894.2710711088835
91444,2552.037091585299
33204,875.6499485656432
71315,2702.8995874914176
87595,-569.7049155549475
55570,4164.712001506392
87861,47215.745793729606
71016,1301.4070941794544
78403,1425.034336419411
80425,1930.824720076129
37980,1690.624289288684
18178,1414.6273140130425
78180,8014.374977765461
60037,479.0372401200175
13814,1819.5299324567666
50154,1185.8771467326305
61770,2245.757781987608
56165,67.49060689838643
78471,1915.3104398481282
52490,976.9360851440701
93925,627.672452931215
84002,1084.3723490788889
35631,2473.5538180536655
30684,5864.541073905353
16077,2911.3155795189737
49735,2331.7362839677426
73621,2698.3134431522913
29548,1946.1254042816959
30288,373.061811232581
65162,6316.062883333216
82032,6567.7814390946405
58367,1305.19531517821
59930,2436.234481862536
83364,1874.9423899399233
71201,1183.566858367401
86309,14400.345937785476
20610,4637.176001390186
38714,5539.897423377301
61743,1978.5736312582712
79374,225.83176089274457
17631,1710.09608802386
44433,2154.789503893384
41950,3775.7631724131925
45349,12522.633556437868
5831,2238.9054225350937
24351,93.56878140221761
68803,6546.702204555693
6889,2175.2145626904753
45035,1128.0432608541641
18363,991.8146801957382
21192,1805.3006880196094
95813,1521.2083229920609
44401,4633.088398956721
40495,4364.715415949137
84255,639.5544510245545
27947,2295.5699538298895
45709,12708.26763166544
62234,2876.393488882247
85605,1284.3758267754047
52576,2025.4388169249487
55625,2045.1792541493078
25755,3890.876824605252
51031,1265.6033739333775
18921,1373.6199324732238
28154,1143.3679639818738
61677,1093.7417163563514
8027,3189.7930514954687
4450,2977.2841152553224
29900,1286.9173988474813
33365,1727.4560077188494
58839,5106.483806630493
8106,2808.6513265500193
53863,2312.0675398221792
30,635.7464651276359
29846,1002.519797383286
19170,3336.7593777662973
70715,1765.7196500261866
24182,6889.96111072739
47634,866.0882358220265
41625,1141.9037161007432
17277,3360.4072024215693
75071,4050.062882094357
5960,6635.867418432146
5065,1116.3023830188326
48952,1990.8615215482089
56058,6050.176388914915
9219,1401.7048362592259
5422,1146.3467794014468
42760,2178.404716046476
30440,2442.1238855989204
95271,426.34031873827644
13933,527.7806862096804
33556,1141.0977757043906
70734,1334.059114459013
92581,1655.1791855274482
6936,4280.5929552167445
51395,1551.3046862820029
62714,1303.8096017989437
16137,2338.725500624246
8447,4931.9977215925255
87931,1036.1106834661182
68400,1122.2715969656047
49576,2946.358357168297
48372,5858.696804920265
76082,2470.593721547054
98082,5795.526272978956
88564,1538.473731168585
32854,1783.261274915516
79936,1611.654095548
70070,4134.277897363497
6077,2893.0158612303526
33378,1929.9249783982316
64765,1023.2729481439656
62260,1681.3710542433896
69874,1258.9417319766808
26212,2799.5252997505795
52679,2997.3608231793787
83016,4516.972523434084
53949,1216.9419110453177
25625,6678.12834385436
32336,1616.6869789802747
50283,492.98180178322673
7580,1237.4026766319703
12184,2273.8561389353154
67966,1320.5398399076175
20387,1865.25362903819
75716,1239.6554794326871
98176,-329.57274098841117
60124,2181.9861126019437
75426,453.9952822121868
74809,4008.4534788717315
87154,621.0279663172423
36693,1327.6976639861027
63065,4511.641856076466
7583,1542.4532989662525
50099,4861.195233102955
45242,996.7461483633665
53015,7798.891271535747
65448,2889.011128598406
54509,1448.8303730644784
60073,2072.7614005121463
54916,1463.3707464626586
58084,1031.1635840008394
96572,406.7585882731305
39693,1443.3651306266456
18599,2605.4414843581053
56463,9846.156656549552
70704,3107.9034932517507
55255,1442.601057873837
25711,6320.326130306925
34544,5809.585684620415
27516,4518.911582182019
56886,707.4850596473643
24993,4616.988757214345
94140,2714.71517274055
78884,1792.595913621145
5938,1075.6324884328797
86571,1901.4005001102453
3633,4312.926718532004
10967,1396.152479132635
74047,2870.6254116107616
15923,3036.055800213745
24418,1779.4124996118935
53030,1631.0752920864716
80826,1820.3593366701107
90854,1211.5925343859944
83611,245.02048678910705
34103,1087.3372764942224
32976,2548.5219715828753
99328,1436.6840194089018
16185,1553.0234604031093
67622,2805.8871824830326
44877,1150.0635322304197
42583,605.771978285462
18445,3525.846554259405
29713,7212.427196930693
69921,4764.121774130406
1986,1206.515581509273
60103,12504.813216622364
39869,4240.622373151597
73310,1396.2946706124549
62485,1281.8102394897637
33375,3898.230668670186
69960,2308.0231397801435
41053,2209.327256455036
88218,2863.9622464053155
46966,1357.8297152801274
94634,1691.3267053241325
81051,1958.2019438766924
18725,832.811644000245
43631,5281.330782221871
97467,6868.3043097447935
42044,3367.73531655684
35093,3322.285345277196
45805,2530.2275383974065
73380,47.02066934319191
12797,946.5773877794722
21467,5496.693957334734
44470,2665.0761748231416
9596,1418.9034344820298
21465,2253.540307222648
72374,4072.321032679997
72930,3342.6035794117415
29597,4305.416897032788
35516,563.3392514656043
36271,-479.02844875453775
30915,6884.286489450227
40660,2163.2328010531296
85632,7925.145014552952
11816,4781.513140071785
10393,2406.9525553801254
30611,1567.334964862146
1183,2376.955615041491
6450,2017.6441582257457
32409,1263.470536778088
17539,3057.627289440133
21142,13.285628198946142
98851,1317.811137925446
46132,4999.547624241995
35965,1091.9129314070037
97991,1798.3408703451676
65571,411.6813348015221
37705,6229.210972076075
97359,5833.680466239646
69503,1447.8061378799393
87594,2138.5644507566094
9499,1666.4441459719187
17341,2881.983938851338
32926,8990.988027364536
214,8931.522945104332
55193,2235.7702207385178
54639,632.1097943187592
57055,-82.55068736237627
1620,3168.341224061766
42110,980.9297985092494
9912,4714.332086887864
57139,5514.390493552546
78865,3246.5196710507607
54646,886.1185482718274
93781,1446.624286383087
76448,8572.038324747638
46873,2176.1406457135045
72396,2120.3278833343193
5195,627.5894287326478
45323,1962.8071185117333
28300,917.0787562317746
7772,1886.1157843120386
18800,1137.0791797953166
11843,1604.8941478999031
77287,1438.746745145591
87696,1459.649262676869
43115,911.047262909979
50792,2325.1858965921215
85908,354.65809802081867
18383,2109.5191068377835
17778,3068.658485396634
9829,3854.105009463734
32282,1136.0730828771239
8230,2060.5711024773404
33258,1488.373138934488
32488,2366.523479765173
79526,3301.430129459683
93178,1214.8493692840857
37704,1649.8811562510186
2896,6550.35655543896
60992,1345.67207669465
23764,1313.608860608947
1441,1271.758130099718
17063,4058.78412133538
17362,2440.0596074176256
75024,12698.105259791264
26397,7596.908332369765
37552,4530.587411460871
92392,4035.89578235349
74656,1180.1886237631243
11480,497.6256356003705
19746,1379.4505950841994
33456,6146.348161560969
5621,4624.932400880766
39009,3366.6788457571242
91746,4061.04284337262
72185,2949.530323288459
74898,657.6356007861705
9272,4041.9206704434973
99568,2553.002725291767
50390,332.0363865858185
49891,135.2143182049931
57751,1199.8038794597687
82870,6984.292375945029
22471,3502.268789416604
59755,3064.126112925148
9514,1411.9182694102637
95968,1218.173710331485
84534,1574.6890506967898
85332,2912.3987415065308
13795,1439.4764239542687
56442,997.0125569611587
97875,4397.198705453136
63931,2209.887734887745
20482,2359.1602388826113
86781,3977.0458540424834
94783,2432.419081455935
36482,2114.2855089726163
41616,1504.7233046308825
22338,1631.1422843566693
58184,933.27313619693
38354,4081.527691449487
174,1903.4200456243807
74153,1863.1300077286744
84946,6375.962713909452
44738,4409.737779449753
26128,820.6508579900083
46433,495.1632135632344
44920,460.4094497869778
63549,2666.603026215127
2906,921.5745709994371
61643,3153.488009964934
13172,6086.107347652354
49658,318.0141449642347
66146,1652.862790639869
35264,1887.8632675670422
39193,3306.1350078899104
71180,4846.2430467093145
71958,1030.1171207155721
56567,1499.3836922628816
89719,394.4162241613435
26445,3061.0666832757734
89955,1305.4663657214473
19971,748.6524956260714
23948,1487.784235969615
10378,1221.5979426782897
89370,1927.26924916747
82261,1406.263603198046
32773,1013.7740967316031
8239,3601.8442995345413
75103,2728.952332840835
19159,1150.0361175042144
25691,1854.5853764533804
48015,953.9046418143425
26068,869.5230088723447
45680,3437.953497059324
9380,4536.013998114999
28543,3964.204168576401
96926,655.67018765393
4742,2783.525263948748
94353,2180.9060475992374
28643,1993.4069516478835
13127,909.9623014832437
73365,4571.916287066563
49487,3141.376871471425
35095,3061.407536218399
13838,4126.486882744904
36423,6366.911752208865
28389,1677.98021027287
54615,-194.83717201688341
22523,1585.4907626815739
36244,4190.512233996244
85482,1052.1164382899879
64114,5366.387363324908
86496,5600.7309430302585
27111,1392.1370500150588
43416,2574.120013341182
78817,548.9727036860913
3117,1495.7629199692701
19022,896.821473540956
87062,11009.960719946135
79788,10675.27158583354
61440,2616.0795317485945
6486,3160.28899470086
95952,1459.2335343206232
67208,5775.9933781457885
13026,5119.326179500247
41056,1947.4089532040418
22655,2718.7494401775234
18175,4216.754912652967
12435,5172.656294734676
4195,1431.6318772097998
11901,16357.454401276884
43836,1120.1047182484122
29420,3001.9140054412956
31796,4271.32093582585
25599,1292.1358033811034
44602,3014.763988729592
20939,899.8063981593432
10933,1041.906931305139
41711,3174.442277627594
22771,3794.1875075074854
22552,748.6038396390741
28446,1703.2917637564278
52755,1290.8656267128235
79223,2820.239495871155
63825,2572.776711652093
86835,6445.022124311221
48816,1689.7880384315918
62018,8277.429885341455
70183,697.9184236470796
1813,2445.4965746385733
23557,3163.8765863308063
11934,7333.205845130675
51914,3625.326546257768
82377,2641.2297103658266
85720,9593.884251828033
768,3737.1213339070846
16201,2708.5245939296574
53445,1273.2160385633547
74923,1409.7177942289095
54167,2244.4668775507607
77966,816.5248426399585
35688,1337.496107011801
51540,2671.204627202461
42713,1684.8324380990891
66779,1079.690516681741
95410,236.68301236535854
33626,392.0416064848878
75853,4211.672144769378
75992,2333.9295938602127
94752,509.1117411931227
78768,3700.0808925178417
1575,2484.002245046593
42008,1289.371917729246
59616,470.33191132944694
10418,641.9125468868356
49524,852.1061114635559
82351,13585.34835664252
82399,1210.4742471227241
99565,2157.1424907507944
99351,1510.6905034845863
34499,921.9896059752637
30673,5153.78908134023
65654,3351.3741483637973
64246,1474.038618848433
79510,2878.070919812535
61510,4825.466836391038
92254,6279.454611052774
14311,6211.464159781333
90311,701.0191578026711
33697,8548.021037015003
51155,5462.24174226488
17134,6.234605888017995
51039,2479.3623578531706
81014,3259.8417853563724
9447,2193.4928350650025
84437,1226.6197001414512
19308,2497.5251256602437
35638,2235.020325577414
65141,1013.5759507926969
54653,724.5439030311372
23431,9521.747777166405
57121,2091.298341073184
85623,1332.0286274616797
92925,202.14684235673394
85059,2905.270929900991
32242,1168.55774064458
33841,4101.451438779666
95751,6330.208953551312
33400,2289.245083910015
73836,6410.82994326872
4869,13214.294243246446
32000,2030.5056730350382
97182,4026.835882052414
17667,2201.3696354947288
27565,68.93438725287524
19629,2275.6853255299643
10983,1798.4705491552968
73948,7598.885774829314
86847,4686.378928617202
83745,752.3933799215456
9276,2508.437096346394
17475,6027.996672146168
32424,4627.748023930067
88578,1529.5792060364288
82319,4662.694474027327
83542,-37.42677380703117
73781,1278.645985046087
71640,2417.986007342037
46087,8017.6330751049445
15041,4918.180182509228
89180,9002.358274197504
30940,3056.146251942814
29472,1665.7824893062832
44817,2670.3549203130433
76844,2988.0997811654543
58198,2276.670201802106
92212,3018.772267952387
84139,1372.4711935553546
15633,2003.4668032764562
61168,1760.8158969991428
42559,2290.82141092817
63108,4775.695536891525
19221,2156.7148422909777
73128,2398.155318732334
65929,-472.96913373681764
81926,1840.1632677879857
40550,3354.9159384030722
68222,2029.141990730799
72849,2504.6242186619043
70878,2424.2321131881554
80825,1315.2135186159826
82294,32.025712622981246
13288,4421.706457276413
72414,14791.472817372893
26281,419.9313136052824
83705,10377.380673672225
25462,164.48477406354868
14328,2183.430437294375
98905,4538.853105398681
85606,2058.527892063331
62226,2225.5613170274005
74940,11594.969995111645
59889,606.8787998429261
49051,1085.5572869417915
57634,3213.8653713359104
59963,1274.9548394428743
8892,878.1197787490146
18520,1135.550626162957
94820,-664.7313413678585
54832,177.19658463950827
12553,2896.5351345146228
75611,2174.0682091854824
19282,2128.887345248564
95298,978.2802991145882
34411,2552.956766764538
4250,217.593226387914
61115,3022.9699838646566
87560,1616.0113922305372
77911,343.8431389512116
28091,1385.798556488956
83351,3038.84382758604
65956,9622.712991637149
17291,1168.0717178631612
30161,436.75572412313386
54698,1750.0185041493887
66256,3595.1124411164883
2014,2091.480048236785
37140,797.0554095327025
88412,3893.791677225802
12875,2952.316750553545
85333,1204.0114431338366
93666,1356.9077092054922
3317,4968.110535538867
21615,1859.70933440086
19833,1207.3641860101743
83955,998.6417844930329
59276,3476.8352578438707
23717,12928.679665438864
4120,1715.3483090006275
4006,3642.1129648616243
5098,648.7749915862041
11777,211.66925664720293
96612,4113.3969566532505
52830,302.84964660244077
8940,1438.6207814809532
72788,5272.114691808749
99668,1880.0254905977574
72370,832.2949127151669
81840,981.6599890109173
24937,2552.1133725925556
95495,11600.94539251265
49063,7981.272791643839
39574,968.8789417109142
72929,666.1851325228672
22323,1342.2635054487723
58050,738.4900608958333
96551,4112.969637846368
55419,1944.698899703043
24813,9733.074262177997
68024,744.2455384974637
46684,2398.905411967804
17502,3677.0934002228255
85574,3954.1378063832553
49584,6979.28723602682
37857,1526.9175177733246
25835,1598.8581389046763
5347,1001.9776988351277
79708,4680.765881192144
74471,810.0199097713289
81000,1290.6052180756305
29434,701.573984114089
13433,2361.888687616417
65821,1289.7268234249432
87311,921.3263050415826
71649,2520.2475352076654
80965,2160.9701957948046
5361,809.788307477801
71967,2282.678668677878
60960,625.8502055465797
46056,5602.775700517376
54289,4394.030527620633
6602,3261.935446181487
16708,1251.806351380189
49851,3922.922993730924
74618,942.5727020929071
79865,1275.058236837187
57820,4477.18182261671
38198,1564.3346631599102
73740,416.62899690729273
92015,6268.318635881186
64697,2429.3959100135326
8549,4343.187486455024
68924,335.1779652198161
90641,2717.619987623963
89597,199.4392673151001
35567,3078.9390604691407
10842,2121.6536637046165
48720,1698.742393554366
25789,3081.329474428272
71647,2929.425785021286
74835,3362.7451989326746
89715,3471.922585929746
34077,8886.486382084331
9651,1255.0134929365163
26339,33909.15186239373
37898,4635.520391030917
23921,6010.196343081974
38174,1032.5965895178142
36933,601.8604299228114
49264,2924.378840930094
44553,2867.553259178579
13400,5919.8716169800755
31910,1937.4027930768489
30634,8348.280333150045
10687,2049.5957260938444
74427,2003.517999004332
86353,2954.081573974133
13878,1234.9693732849964
29281,1327.6104960947914
44239,2804.944097940635
37410,1303.6618816851224
71769,2112.313892186635
80274,197.2792019035037
4864,3099.09745193453
37157,3440.3908925370256
62931,2280.4483495875174
71341,1105.783293942036
16707,1646.749265951833
41920,949.8851227147406
58249,2540.223994415052
23858,5624.45936951104
10277,123.67233148032528
48249,11946.303885413046
9666,3275.9350430401673
90026,1215.260616746259
49809,1815.6643908097612
86277,8873.602015763747
69140,7094.406301482354
12583,2954.053001286439
56129,8404.380256765166
43909,4304.743045568611
62109,1794.7159471793088
35502,3423.5429618637554
88439,6482.1668693935135
71402,1533.1847342898814
66412,1537.713487554869
46257,3113.7665192400323
62274,2578.486077541566
26555,3326.1263093477623
20820,5174.585101846704
75805,1509.8019264766376
53711,3393.132847701918
11891,3966.855214640278
2901,1270.9011858518816
27263,1608.6342657177324
25427,1723.650236602881
80698,969.0200171881497
40162,960.8857214050631
89038,3946.4045223363473
17595,1457.3581784603712
272,1886.4749273300047
47751,2437.128847644499
33028,1735.9321229709965
86164,2253.7760576369446
60603,243.80295447832395
98797,297.2849881406223
71055,1220.8243292278416
67044,3411.7252622866886
80676,2259.537662724435
28414,2092.446701595417
85222,6529.158913612615
51638,1371.7873894409731
65562,1033.222887793635
26470,3172.202215591155
6226,3028.288925654953
28312,6798.227306475139
71492,4880.909570990305
41951,647.0249532426224
44419,2428.524220561836
95674,1097.0602774946751
94445,801.501214346386
93828,4572.94018668232
67589,-346.61650955114874
90988,1810.470998074956
13476,3603.4829489131685
76097,2915.78072427822
89356,3169.5235559789267
7481,1483.7134675594007
54725,2994.2071545983517
2878,1690.4136962903422
46594,1711.695194020167
3999,3044.129742748457
45940,1967.4587883881443
15482,5185.1137762102235
49391,738.5797821713727
70568,5422.175706229418
32478,303.14240093892386
77504,2809.6879347658596
36003,1634.3026447096524
24120,3945.535022594201
83794,774.4875836828642
8206,3024.720750217098
52546,2239.882752991261
94685,1440.9068969295258
39726,4730.772964362344
61061,3085.973122557281
6897,2715.6571109297383
35741,3255.7368351740456
42714,1330.2719837913282
57333,4533.800434713246
11452,4255.259086277962
40405,4336.634336361982
87386,2219.660683349947
76084,1786.8916691256695
18828,1578.2696180593935
50866,3575.9313348157775
11714,6958.3011954714875
6863,3491.0150963137253
74352,1799.4756689490173
47009,2496.7518433251125
63038,1238.0133583205147
95243,7699.510841628818
76782,2292.2344793540447
13067,4409.400511623643
7739,4397.002481826437
6201,1268.5124500508064
10972,1219.342620334563
16995,1233.2300579727926
32030,2268.041880826016
94429,3629.9811271021063
99239,3574.624211477185
65017,1833.0961537924902
7558,1842.3008352322247
55142,5829.711861753678
98869,1347.5345570535428
40729,848.5884032287577
9270,3345.0518635183926
18724,656.361414082829
30112,6559.044208263278
8933,12015.536003935104
88944,1176.6067247365245
87107,3457.230890747725
56777,1371.3586337256415
31849,2273.095460732921
81033,1341.1463034031917
11045,940.6819035924073
19086,1784.3916191191402
1330,1584.3858510666314
56362,1944.0877944655297
7237,2584.721506629855
30454,1863.8868510769328
19443,985.3093018060981
57471,5677.936716540998
32425,717.4089411201794
66681,3541.779305016033
6298,1159.8223560476154
80114,3457.9306309441504
64734,4664.45992646841
53975,1391.0537527802362
20697,791.5688777136879
25997,1900.4969210270303
34390,1781.8931257803674
92991,-633.4598576309318
16318,1485.0886406085633
31349,1441.3254622712216
89708,589.3518184411482
58442,979.9388003237659
93856,2037.9880167016559
9522,1442.410987278552
87987,1441.852247903841
84790,5779.296797444167
7942,1005.82715040229
50177,755.9300168897353
8672,8270.062756787778
69123,2126.4650783747456
53550,1296.4658774059717
90229,3116.7860152858957
97038,573.8090333038081
16734,1214.4015722891777
8658,904.3909195368642
28554,4970.315845969489
74180,4599.377052058968
98276,2046.9794109620452
25770,1327.8387808950733
93508,1111.7072739281825
96120,9723.210072028614
15095,1194.3319080113924
79931,2692.283308389954
47370,6004.9818924182755
58596,4611.151587092199
57583,525.5980148029748
14692,586.1108073505634
35536,2896.3612232003475
41915,1759.8212764192851
98499,3830.097848711559
29302,102.87515592156706
48422,5083.432635791762
2456,884.2021708693646
1381,2055.181533968364
44856,1648.7834748815785
38232,3565.7730842541423
37547,3621.266260726364
60319,3159.8257191034363
62239,2030.0055738476092
16154,4044.6079034241143
36773,2454.474161581391
49474,2130.667998564497
57095,2870.17398698308
81590,2535.543742731168
59692,1460.5893488942293
86690,1990.3130257573937
30935,2553.1156360649916
21492,5425.784465711267
19750,6845.858855508177
37310,2670.8885276960923
77308,5415.781021652269
82775,11090.013561002925
56950,2746.546779258817
36706,3472.233669959297
5069,2069.5628454272937
20261,2479.708085370454
60111,3234.907225493657
75708,1643.0923307746311
35928,3715.4768424692043
44937,8054.174801608871
97220,5147.6209541444605
85084,1381.4402631352082
63150,514.1352406368665
22612,1329.9489351558268
60896,1491.9875616903437
89345,2418.201662403454
30661,1304.8308934587976
92915,1023.1732845255369
4096,2093.8375644346625
29218,1203.8393731008314
96210,7088.533099865048
38600,1084.6827099607012
34601,9039.547076857078
35272,3350.313411959891
40969,1155.6297782296388
34840,2292.1102893107964
45764,2209.422500210686
84488,758.0495828080475
39512,1686.348106982268
29445,63.494986919890835
44323,2437.2370354947616
68053,1218.6107156808184
19387,879.3418494663083
49519,10599.881638936664
16017,1138.0806404181199
79984,1422.9339944258036
74533,2916.795370122453
47979,4190.093955451969
44807,1951.6321856939874
88224,7254.124364564035
8186,1547.720711791897
5992,2078.2530985240555
79669,3406.5106285899355
53571,1706.267111514436
86677,3369.120777970593
15187,439.9411934104228
13162,1225.232817255519
49886,1810.2289887391864
88929,439.6164528393397
30791,12353.635453194136
81769,9930.129436416202
86018,1966.0281203915474
93571,4006.619849710056
2923,7465.476428105334
72795,4009.9040528031614
51737,4495.182070045385
89274,1663.3804835187534
15646,1741.1626307758863
14171,2564.3517172155225
66619,3362.6884051132215
33989,3731.5308623820374
27270,603.4571158019971
5732,2922.6531784658723
37519,2760.647932225183
54826,355.12086604592787
57794,1607.067090558604
21638,10164.665183837613
63889,1075.8671187649875
23371,172.8257960613064
98303,1475.7320283435502
48295,1099.9628441198565
99673,2781.170957311365
61428,4218.262692129982
27436,3917.6976913276767
28328,736.3660670595837
13623,1743.5275939422925
7464,3658.169990207109
81883,1662.766439543621
90871,4589.121809944479
62954,2056.6028981840327
68138,3225.1532056112114
29698,4806.700756771455
20793,2172.930602280753
38986,1262.4362685023407
54602,745.794563659832
69648,1674.0262497965127
4394,5279.16136617108
32895,1927.5320844647542
28177,1111.325382099265
11856,3731.5701996947814
45584,3215.3054669477197
5148,-253.31374471846175
48574,2453.5493210326663
33519,1624.9273061610932
57715,1978.9035036803245
56671,1200.1526272755932
94799,2533.6255550024125
3646,1980.385395044928
28820,639.6300829579104
16582,974.0013191505623
26785,2891.972973330863
85327,2732.687352941587
57127,1478.482251342754
2883,11407.821609426112
63410,6104.8577133880435
78784,9478.428191388874
62248,4400.4166917849325
96958,1200.4014089072343
17313,778.99915390354
12824,12107.668807143216
30706,2596.1613119342983
11734,3340.195458715388
74103,680.9176921334756
210,6510.350378781341
30098,1665.4823959936132
24604,7436.236537783172
78951,6793.302899695053
18587,1698.8024292072696
20709,1815.4933174279172
75847,530.583749709187
89980,23860.923612567763
82540,773.9943868221467
80686,1688.5839528825995
33961,134.62271818879526
12520,-429.71330546041236
31444,4292.557843718048
38119,1550.4485620348973
8911,1136.9912895000912
5516,5049.64906293387
57421,6826.223600621095
76938,942.9620489862245
87115,1619.005234915258
39728,1575.001764602514
23650,4398.105473373886
77253,3416.890417237877
29955,322.24191575866826
99158,2163.849163661025
59584,1542.1165852871545
66688,1786.2775621402814
84884,3868.952666376897
4502,3955.6421530227626
24586,2229.6702777482715
24499,3059.385099100485
25927,441.6522137984921
67988,1874.5206824503487
17916,3685.7108212885496
53379,3397.1056230310155
27579,3157.2702208058363
44725,1644.7828070770831
47216,-536.7697838306522
74022,1638.0953016660415
3073,1996.6133118557943
8140,10542.278022245038
73877,951.900969406162
8497,7058.164772614569
3021,4288.712084243979
23155,437.90829725897856
61626,5858.1388098322295
53961,10475.497312943793
13112,2066.794866640312
99069,2654.9016266650815
15089,9097.752719517217
46138,841.6193686291613
73728,5929.479724740008
77330,5309.278805797733
81313,2174.5317040987575
56250,9036.935423097355
86601,2922.8288390617063
2899,4699.954630102269
22433,12110.496533779924
59945,390.32155525480266
22367,1055.8754875695658
45835,2285.7204306140893
51827,8646.595750837689
34000,12193.250876085003
92292,897.1359854078028
93040,3210.4329839833235
67143,3770.046028668786
95274,2117.844374830877
73965,1600.4776039052008
47295,629.4452826446459
13134,5287.487835628366
7379,1464.8724676251913
16944,12259.934668834652
33690,3818.9111483285733
48204,1104.278847114013
7284,1923.4327188680077
83042,1696.5146329647303
29024,1709.092691821189
67573,1406.415801626862
84879,1503.8871404844353
28374,8814.284592578908
51234,1294.0831725569506
11548,2121.112122629319
6895,6522.4135463399725
77435,4073.666284945053
14810,5128.602309835378
65782,1882.7240591197206
69730,2574.795503056822
86120,114.98474583639108
65778,1604.7044754057601
51711,2229.3786185771614
89828,1389.4617113612194
74240,5089.495038648176
59346,2744.3226505086527
37925,2016.09351010463
16244,927.1387689881053
55671,317.39114360031726
1380,1639.5342487863365
95634,2721.276041096822
26896,1954.177518222465
13201,1407.0033081519864
77026,1181.9903300885926
17695,1383.5643608141909
18026,8677.816493159691
14403,3811.398154767732
88337,1387.8854902232752
91860,3019.19839479072
98615,5390.700316616434
73982,967.7373126752218
28664,918.920543306208
33485,5698.610663171392
30651,610.2490636101538
22989,1927.2422516460142
84914,840.3049826999595
91475,2123.8667020200337
96308,2845.5369333177346
48884,2004.9281923951735
34936,1259.6693613782836
6778,2686.491725878522
5467,1274.2920178250515
88622,3032.42084462808
51956,5251.9082162441055
92793,790.3643526917822
94649,3285.1864852875533
26641,12526.0831249605
43708,16069.439608202156
94910,2348.5489249421157
6114,870.113322889767
59768,761.7961609966264
85523,1222.1489149483423
97626,853.7405953612497
26062,2913.0295643124928
48368,1974.8904086891719
99082,991.6179668802401
2908,1445.8448314922675
29481,814.5557077712015
370,1553.013491384866
89123,3041.5615525290827
61660,1659.8036933132987
38463,1380.165016469853
1466,684.4212461179268
94026,2894.1153402945192
94108,4137.780080892095
56664,9229.341972122369
79190,727.8915565449274
30307,1440.7926923479754
26536,1561.9504224816674
21690,1823.764133358293
31686,475.40649413193887
2572,3926.3662091287165
61152,1902.7503773321862
45768,4166.114150935111
35405,2745.9238298359164
77776,8769.597721096294
90867,1161.0744096629728
33262,3576.4374695841434
53980,4026.3627648782835
72637,2165.398923224241
10757,2270.434148989577
22345,1113.5076448641003
75667,5667.044354359814
97040,3855.4279875903208
68451,477.8428349055257
96693,2602.2969384219728
97062,3190.399901818529
10737,6006.202054689915
42841,9888.335011097664
4140,2106.7918381763848
502,2147.714187147898
8295,2672.046387328007
96323,3640.082465953558
87810,1098.9959657201302
20036,16080.0727411148
40875,2327.0539771365834
52038,2407.223091870687
77688,2592.1057758541283
13177,2909.2890172795705
9085,729.462997407878
46554,890.8950406848276
39501,926.921376374707
73967,8700.598311132442
79251,4911.500024351099
30929,1130.637139901086
89396,3019.2578443190787
5375,2651.2548404174026
24610,5171.641846541204
59410,4694.221970283217
41373,382.5456241486395
82429,3352.9351799945844
96703,621.6454294045425
90284,346.615385996698
56477,2862.6234068503672
39255,419.25244113559756
19095,2087.3035112197695
86540,1741.3817208813446
81686,3363.4361845889534
84103,1705.7835830989893
55404,1819.74804693208
63551,1294.5423477491618
8806,336.8643942399194
98539,2654.6769713474478
90271,572.5166796071012
65379,86.31899983372386
98207,3201.9451885507283
39831,1960.1367598823313
66423,2248.805814107053
52962,3203.3944465467202
46994,4313.540365337926
57154,2510.75871360117
16873,2066.7670065648176
80284,3496.5127424390544
90760,1160.7066811444502
78073,6933.750667270767
71107,4760.172669504217
38658,10132.177943372593
33873,2085.8878592753745
29210,778.4134783609938
67751,1525.7855857397553
86485,3511.360153724994
68043,1882.3352461526943
98370,9439.695296061502
11514,2085.2777485781708
72856,13382.164890464957
90899,4693.565450706708
73902,1997.0797573654072
70165,3198.945352155594
54229,5054.209073335971
23595,5611.354474532243
44228,5399.386046936645
38156,1028.1467253773108
22100,3837.7158609999274
73795,1386.237029889291
43004,867.1435373250815
84419,4521.978045584045
52556,3315.1920520017356
47460,2377.853939985168
34668,1196.9800287694507
46262,1969.724801765538
28625,4733.807820601068
48238,2744.6375756182865
70219,1837.1901342900117
36076,1221.8139941743166
57575,1347.2255518162092
96178,2720.49181545466
71365,1858.152037455667
79229,1316.6952701954788
1299,3317.9540709811604
15642,8224.540108966241
56049,2764.064885207004
40145,4345.31920207691
82121,1989.5031285112327
11133,2486.613727050479
20214,615.4456303688567
65216,2989.1974672751876
21702,5666.43878425865
68177,2479.964097722503
92038,343.2233226544231
74641,1863.456825152378
85496,550.2058764819403
85816,5825.5220162803325
71806,2265.0538207220384
59532,15549.009889975572
97003,441.30979450423365
7067,5100.253910372667
81415,2267.373836344832
24590,1623.5276027657346
98355,1336.9755402848632
39445,2284.4112060684174
52799,1377.4381748371366
94894,168.74634142837658
47026,1214.7737280897327
97928,1706.6450383712972
20814,1654.1010155238646
1633,2231.4443981097593
21169,9087.84360619932
77761,333.76131755614733
6083,1705.102111505899
61482,1730.131226847232
38115,2487.175337551851
1045,1655.6169858752655
40818,3853.1173030459317
56954,693.5522605270489
56284,1994.297976326172
9115,1864.3597769830187
97613,1433.3663380550252
12502,2344.806362575568
30770,3553.0548919543394
33049,3055.386836494673
80360,88.57914016849554
72268,2112.8759900354585
54414,2588.0631618089787
79693,1693.4340278797781
96251,4294.20283370857
49226,1699.3073478926467
27570,2186.5843715303295
27809,6385.190000294154
11657,1537.0937291275013
39596,180.18733802382576
51498,3539.0377271136654
36181,1596.8867983068853
76942,2508.0426502441187
8618,2925.468540267358
73266,1867.1723384169268
41765,3336.8200847201642
56946,3181.6617024396546
40958,3322.898816011411
98336,4524.48576880609
92845,4521.632731229561
81670,2084.38527082768
42951,16736.300696677943
93071,1475.477491364683
84353,3682.3946452010946
22171,1189.855750669978
63223,871.8868945029412
71994,1907.5661464452996
85029,1273.9435409906027
38841,1072.4331875855037
34347,1108.548475659286
49889,1140.4311723425117
61347,6011.951337730694
73840,2803.449525047445
21207,2994.9538478667437
31488,1666.7213645204185
79031,1392.2524658378002
24017,1880.370933325885
97924,1479.4403788506606
9482,964.8941844108858
12422,3730.8397314083536
82058,3825.4966158142443
71682,4673.182971268116
83896,2248.5438126954223
6019,5810.520178423285
6584,1792.3677692623114
61145,1743.4440262104956
39008,5335.8883834036715
78336,2729.8015785232765
68282,1524.8162843167775
61479,209.84378062952237
98463,480.6462953183127
75566,698.1663429389982
87701,1317.9799735806255
46237,1692.2915217980028
75791,3311.588379837773
22735,2074.0333813567804
39019,2016.450006825764
84901,8404.531529894353
80838,2566.8260556739574
20764,2376.6732397621204
47225,1003.4462460081008
74039,3207.476189370441
81512,4908.428161666359
47292,2564.21823630124
62917,2143.2740490290294
32584,4259.651545226111
31191,1467.689637900793
53804,1446.9471919505713
27967,2965.4584567140055
26455,5731.676870644567
62417,4852.447304154227
33484,1417.8046183892711
85712,1209.122366924335
11993,4006.331409887184
90180,4222.1295837642865
38972,1200.5320153933199
68045,2031.9152290396307
46771,960.954108131375
36553,1006.2248632007736
73581,3197.281644592202
13871,665.8375659980074
19044,1345.4739734763211
74015,1432.747411873629
22247,2180.4484240374127
79610,2454.403809590573
91300,2069.7388334659468
8449,2682.5840105618454
74528,2483.213308402267
30751,4599.635995839847
10722,1228.834171950114
40076,1823.245539343512
1692,1360.981560608624
40461,1508.5156596087581
171,3601.423732183232
86228,3685.175411816018
30376,2012.1186705438968
28838,860.4474311349604
72407,677.866894562706
40287,7020.902315253019
27986,2155.440143881191
55413,2005.7771571691542
16118,2879.696423235258
83341,7357.106989004379
94980,1523.5658259470079
72386,2577.0495335777678
88068,476.36745212994765
11564,4350.392116447119
32234,1573.9855525732537
91375,3563.01738964015
57050,1094.7537579979244
60390,697.1830978196886
5946,6603.831958604942
58340,394.0395095484055
77343,6681.008048818779
72678,950.36516596514
83391,820.1140060091107
49502,1244.7998022025736
78651,3402.317678012856
87929,2806.7441454270556
27511,7275.884914479761
66644,1549.756658183494
3260,2432.4460876930143
93767,923.0841201958438
7685,1617.0588856844577
55124,2173.318046695316
87719,3006.957398057635
27449,4469.082165575727
55984,1775.4270228200794
79627,3691.895954047165
76217,2906.7669643617583
47101,1438.197746378636
64250,1738.6767538691179
52129,2472.1066974870323
75291,2203.380558340644
98801,3701.685993588586
26935,7027.279842627451
4896,2115.29227406026
80394,1029.4790401517666
21346,745.1149863356641
8151,1728.0267309228725
29842,510.36355200658863
32693,2816.8858140905095
5958,10017.088916900222
31167,3310.1327268397968
95756,2047.6589845640171
3705,2041.5374757066056
71255,2028.2296046772626
14448,673.3393775073487
70457,1550.1143215147708
10957,1027.7034740905024
62689,1223.9520190775074
32003,1580.8544300349358
91896,871.7653485518922
38967,470.732324103923
61742,876.1015750013357
85747,-34.211710082227455
83296,1790.3016949224648
66390,4335.928965313754
3937,2320.009783992367
37626,653.8679865557069
40053,743.1919565336452
36951,748.9161103769698
28979,3547.0656294227297
33445,1543.7188242384227
62288,2257.7822793041905
40712,773.9842824438597
51822,2940.553392218752
71459,2309.6261035119746
9938,10585.049424929686
69475,2198.9018460380785
58099,857.9846301507009
5800,3045.2306290667207
78639,2790.0711919488526
68207,1965.0591408604394
51658,-268.0821806129411
2258,2386.422012115149
56074,1819.243359179979
40111,1266.3368029088947
20034,1746.9613935386299
83294,2188.465283220023
58257,1716.7836126448478
39759,433.78809592045036
27127,1676.6864641121847
27237,1600.6493604878983
42871,4100.259113202125
82963,2356.918009132646
2292,1519.521432781392
8032,2559.7993632733637
4328,1629.136073468582
46113,373.73416593225556
55064,6883.694733835166
77406,1342.5246274481106
63775,963.0313633927481
59620,4818.330369813672
7972,897.1146230535583
7350,1787.3695806421317
45152,899.2440044735358
87959,3469.3395617060078
99077,3003.508205829174
49287,5872.076696468046
74535,1527.3271272544375
62461,3559.675233191024
75018,1388.599439305336
40563,1042.009008817362
83265,3866.162827949531
50092,7799.47373860101
277,6370.002575800433
12848,1910.5308564147879
44674,1461.2103290412851
37317,595.327743836559
73703,3039.3657471216325
94795,314.90599350399907
9251,1196.0332609304082
93340,1411.8032777074586
85563,2112.180882650545
24174,394.95285210723887
83030,4785.26883294808
1951,1095.2291246304148
58324,1496.3986097741144
47745,1593.3208527278712
30856,1069.1051616847026
60904,4459.47952254068
63854,15165.513300491755
52090,641.7140185153921
98838,1024.5695286843334
60069,1269.0567505136296
50915,1770.4522661986769
80526,-381.74083277399177
31183,21447.921709579146
81049,6601.143073849402
873,5585.26852143516
51718,2645.377898489441
51030,1564.1759068371148
32314,3756.7956166637305
26314,1867.5289939715217
59420,4237.458477534856
45303,2286.2120702550383
88832,1072.8542676727911
91664,3115.4485035384587
5930,-599.313993342932
32954,1478.2165730097095
30709,2152.9787264620327
51070,1399.4647214901324
28421,3536.3754110974064
39913,3265.4106286537544
54972,966.5262543580984
86471,3427.9525657220756
18425,1244.5139292811014
74880,935.0806514237283
59488,4449.334357729637
46610,1052.9675520208725
99087,2026.317085864018
27387,144.65347604406907
3817,1140.3912479789765
64482,838.443106876096
49723,1814.0627604721121
6203,2257.6099703140344
15588,750.9042162516434
1373,1789.673687378716
11119,606.6458352490654
83324,1172.7927269832726
55793,1255.505042868831
2320,1832.0802067659642
24623,715.3310026798677
21903,844.3080931958857
916,-233.70131202732682
6484,3749.4122393676125
37978,3593.3504002651434
13723,13238.035838343338
30557,4287.9385319225785
50176,1216.7992485930113
70911,2360.2607753310367
17120,2312.9604480689386
92773,2563.8229388813843
23293,578.4452628242602
83055,6386.501925520015
44742,3578.936720482535
97548,496.5375491585146
91383,1341.9708261910541
6816,1195.493084182012
9207,3353.3405241072605
86278,2370.176211518098
77217,3012.378766302958
31858,4437.920386535412
63903,2624.031101133096
8930,859.6970935602126
13227,3216.7931857297026
51149,2162.330786727496
85991,1961.9257549874887
41232,1466.8674161796107
91563,2384.082566384
20171,1289.1773615735015
22762,6266.245316132952
16027,2658.703343994476
78051,2169.7417340948637
94589,4971.576953918394
51343,1276.6334245266198
44626,9001.222431495335
2156,1576.6781247142617
99877,3188.9690638505695
52211,1176.6795374320432
99784,466.91026034816196
14857,899.9703883415368
81143,2946.6408334595594
3579,784.0255764769045
15660,1244.159421025562
87004,475.4624335668409
26945,1132.5924831161792
52645,8134.717482398439
90690,7534.628880155117
4863,1224.0445285371193
46686,776.9925333443225
63207,1445.588466910188
48102,1681.5117801038123
61214,1923.230855187935
68341,4543.064527764962
8590,1780.6214223747604
4764,773.1419868309172
32900,2469.2418793313896
32612,1131.3307686985713
55583,905.9017758997743
24718,2853.233511074668
52094,724.1461513504755
43377,1533.3671259369526
98147,2095.467172387956
84231,3773.8104719533567
51819,1983.244509871587
8095,1841.1742260415508
75381,1778.6343733558476
28863,3432.7645416660416
35609,2206.218055389293
72502,4403.824951597917
49082,2387.1193718555955
46710,807.9476212305844
81135,3923.789197415672
39093,2763.2500878785704
50269,1684.4869682122148
78531,974.0722627273299
67495,2448.143033895206
60270,2375.479045829088
6066,396.43425878672224
24956,1559.1812436979972
71539,1529.6814367355728
50855,1362.559630987315
45569,10953.330468811397
73890,1255.7741207954
4287,1354.621933604918
69665,1481.4526560711847
65896,2010.4727651917606
22458,3843.8826860364466
33791,4408.408564714276
74841,900.2692897087927
158,1563.7340712236864
68139,1090.7930535088121
66185,1032.7649114332216
58724,1970.6527758719194
48555,340.5473631673153
80187,5694.215347369525
6883,3986.145018737253
48981,4072.7995359730658
17393,3917.559144770889
88350,5118.374456881466
24076,1112.1072460225705
76699,4023.687366626357
12002,4425.850360525369
30723,7661.659081798622
53120,1390.566229266541
26783,3630.2495433847566
95034,5801.262721630996
22314,1440.5824338690832
58388,1555.6219637430954
20153,1948.415090405569
64457,4104.670985576908
94034,213.44817365046947
23098,6903.555835478759
63753,1850.5710491727718
24855,7696.11260625451
51701,2878.44054044741
99967,4133.706904641978
77076,1228.097076904311
32358,1933.3354666439363
82918,1183.9690954026378
15761,4052.7347507075033
88107,662.7726844828389
26287,2002.9893439291159
46957,1992.759526952331
21897,4562.904847110938
41974,5346.349984204771
50647,1542.321702968166
4848,2588.7007406264065
72429,6554.598449491572
77928,904.5201308547007
75583,3891.1647233405665
82792,159.16942155418565
83751,615.1762740272484
67220,7763.9683150125375
41225,984.3058593428423
1124,1577.8724391255278
53166,2156.213006947298
96391,2847.0021072067784
50732,5847.463658883851
80642,5043.288097776261
16469,1601.358985882
28982,4757.2859557874535
90513,1688.1886540475712
16007,300.7083660875028
6627,3036.0718676488777
90444,-24.680645066570378
57228,2361.8961475275537
92224,3922.1547952109695
24297,805.6220298516091
64966,1790.1033885160673
1513,874.5387550381274
76442,4744.626532481247
57054,2179.945961003042
39877,5309.686884545547
82556,1792.48578890905
31481,1940.7095029604322
78354,2189.572609880757
90878,4074.321873068846
46506,8587.170192190879
70446,1486.2509088852207
57347,781.5036698615622
92821,3330.129330708767
68689,1212.2406160910691
82435,3454.2121317323695
60556,1434.7651767749157
26799,2001.2768928026985
25647,4657.689016772408
27878,3256.454357249166
43701,2873.6430104568412
13037,838.390413675977
15335,1089.4547724797612
87731,4101.351690182584
15852,810.8800652793311
26130,1472.228777768306
21312,1204.9262448249638
87707,8941.919616624935
96142,3215.0721919251964
42420,2830.275115088846
95827,854.2828323178314
85054,2244.4700878707195
33113,1777.3427411853859
18627,1857.8185671484002
53288,2784.779736598865
6211,2402.2759089938354
55473,965.7107911336807
80107,1328.3878980928625
94928,4851.03172589203
74553,913.2380488453941
97704,577.7652883622068
9915,1751.0282298815905
41383,870.0255772347327
86799,2526.5690466318083
7968,2220.9868814692654
41198,1322.16616653027
5183,4939.857063845226
21069,1948.31694601949
76413,679.5250051862695
91272,750.1936434897657
29113,2057.111998686191
76895,1347.0777408696704
75398,2352.3757173413524
36452,1198.0358175184751
66831,1394.1040519413282
50675,1543.8205822569562
24868,6956.993324838161
50833,980.5736856100943
73280,3475.641832572355
92318,5136.937673445719
88689,303.40567569768154
8006,3187.379346422007
45989,1780.7634528724147
8130,7230.378446246821
90725,1657.6481930427358
52085,11101.291403059895
20128,2029.0468611455183
28126,2689.752413501521
80197,9049.437761226305
23498,5285.619055622544
35518,1745.1425276502077
55387,4066.4549628168766
58879,5508.606960837649
86711,4109.877737193989
35958,21732.52307494906
36898,1283.9292795980882
89491,879.7234757871938
86151,1637.877017877913
99651,1463.1016138706323
66967,6428.491426670724
86931,636.0652936715123
81966,893.3237931107633
69211,2338.9760191353544
23503,875.9078086963273
89034,1764.752898285787
45124,3535.1929864256517
3858,4243.365722669106
42193,15668.70359544865
34987,1517.286691053293
63005,1204.3674615545824
85025,2201.2655094559113
87975,2459.8349148205034
38669,4697.733954560375
37094,4078.66105074851
92788,5901.1887444544345
5027,2304.7621805842714
20630,1293.1109184510892
24938,2381.3778596520506
58716,-537.1728704912521
71902,2551.611182661964
40268,547.6760788399538
12989,1595.8701106128574
10554,2384.519568777944
37872,1888.12563405716
89951,2162.9953451615656
80065,1146.2209294365093
5458,1533.611931729773
70161,1605.0676600738188
19439,921.5549867450954
47348,540.8989102839241
51391,3707.025684737608
25057,2223.2694600597106
23842,5140.752406887322
47794,3818.0069580093596
99355,1655.564883023535
12375,2433.3696087458234
69559,9873.315520531567
13564,3982.2862290552093
44436,1962.0789096404192
62786,2006.1026251912622
46226,5101.492834341583
926,-438.11242618973665
7521,1573.4728822519646
22869,2601.750060112594
9822,4674.790387559418
40838,4234.556669259156
4773,916.8945370189404
40698,1595.4682244027194
43851,1025.4744665492785
24728,2043.732932717624
97445,3992.6764222290235
36409,2879.678715812781
93985,4761.568666531555
74005,1247.331688806924
75910,5422.157132978802
54428,1282.5645860205468
49743,2371.001951440958
83989,7504.265764555813
17100,4110.095664226414
94775,802.4327339166011
23437,4579.249371908035
7895,2269.7369852935467
45197,1720.6355802446947
65578,1836.0723748365044
73034,1541.0266103576982
82836,1738.5058451796842
12129,3402.6119619737174
48676,646.9196128948633
26769,2880.101365571199
41606,2923.3741417648666
7574,4393.555069362293
53413,-357.9653786314475
7892,1311.7681468414562
50513,1630.1058954979874
15293,885.9360058699167
60203,14126.522300610062
94386,1906.3637324864392
76370,1134.8893186504552
18435,877.7090491959625
60214,3377.394605695503
77449,1063.5723149635892
64217,1161.585651239261
66971,2200.1657413859775
7896,10015.163756314758
30203,1383.7480909226792
52264,1150.3148829489105
92002,9116.761954751628
598,5013.209396852782
53380,30.903080288109777
57245,3944.4654419863964
51602,2023.8151912261958
22673,1118.7849701625996
85264,1861.6368043719845
48724,15581.5998525074
71950,3684.0168642692174
2217,914.7061757738202
70946,1315.6379836388323
4305,809.6016229984575
23496,672.8256639050151
95418,3096.766959084475
45133,1190.9559622683364
71454,1968.1583895202996
39889,2402.429740205182
48892,3147.0303586234227
501,6392.8192524743445
14653,1969.6697192781307
43317,1325.2678025313226
31336,2195.7747803546004
64231,1355.3681094092985
835,3156.2054084403117
87332,2726.9984503795094
6542,2460.934919079896
41975,1422.9059200360466
95940,137.50618378122726
14565,2077.9515423846633
77813,3419.110751037924
72984,1172.2793047438272
7299,3895.784095175885
94875,2081.182052136381
58458,4260.514566159754
24819,2285.9014224423063
28845,3833.8447858521913
67124,2211.96540220661
71188,2403.802774074895
20600,3960.843750179991
33422,1922.4999416853864
69741,1433.9415211860814
84937,4624.0095926794675
42104,1615.1457822703185
38737,2348.8155421582487
68823,10441.491902592627
34275,1095.074169582626
29652,1977.3380170564005
7954,2815.511693594707
72403,3771.3979334109476
34654,1989.6386397704987
38105,3278.4804781907633
61733,1824.6752232536753
58107,6577.3442564918205
99385,1594.2068539297843
95230,2185.765442815026
17410,2283.0735573791353
63282,5354.933868244485
78078,5394.556604231586
29421,2175.5454521966913
54521,914.8634598494191
71693,1871.9366279297985
58069,1461.321613257881
20884,2021.56576436844
2457,1938.119276983135
75644,1530.1433020771883
83371,1806.321990474402
97052,1794.862812430818
59275,2255.1000557776515
48158,1403.6549023230682
44076,4164.496306350662
44018,2653.499848713954
81562,373.2191494703993
33461,1624.0751233526364
62020,1503.5407492989602
29516,1401.5286022711139
13612,2594.6858834340783
25332,2456.477384241477
81377,4202.4726015849365
87734,2185.303900729217
83458,3200.277315729412
47744,1226.2213575232245
82507,3386.620555583542
52723,2265.7851232696025
91651,575.5538183147205
85888,1183.5959643375854
87715,1036.0522066808762
44618,2560.369339381153
1693,24254.032789038887
65351,1462.8714103958723
89276,2276.3611791075973
56348,5507.213566512732
2956,5368.063101668449
68021,2000.319051543181
22237,4886.388789689033
20042,10029.380690794576
77877,2551.114098868251
18334,1789.4916839576654
56901,2735.482829746304
25306,273.6212472001366
43441,4745.297740218677
29446,2857.0715334103124
95607,217.2456861212263
4019,4532.975536416915
63671,2036.3194458242988
32714,2478.4804257867017
32902,2744.427155946388
41315,3297.7366049617967
16210,3969.495643082123
32257,5897.086593292295
79115,16412.2925663368
51582,605.5653262838969
12154,764.0771572162512
3336,1132.480647742589
70544,1533.4033575968747
86445,4221.74661425025
93388,1048.5985028704158
95253,1761.9909130582773
86252,1891.8191068317437
56932,2349.5655284338795
37303,3282.55336588334
5526,2295.391887401858
24329,3180.2506958995373
21720,2428.6369834384996
5090,559.3514703017267
18955,3153.827734415475
8537,200.06596122337987
43726,3862.2998536112855
33696,2265.3850066765854
79783,1144.0686956216255
45975,2763.9068835797116
15311,3650.6408234631103
11101,3878.4461034581172
85918,1750.6007288715223
51504,4771.542960375068
36849,4670.321442127267
25520,2735.6125344519196
13319,3470.3924681090693
54088,2545.5610425278373
27289,774.7855535947542
93722,3148.9302084604556
32164,1289.0497379039048
68204,4573.5987173074145
73888,969.9756078898486
15305,3268.026494612735
91108,1215.181379790537
48426,872.729647508645
60817,1214.238439040755
85185,1179.5504042841667
10567,2978.3833210601256
17179,2232.5559630994585
8053,-264.0533909682781
26557,2206.5740491852416
93209,1851.2667267393413
33592,1178.5327499237733
5050,1241.2843837139826
25764,10216.560121073362
65994,5221.90853838294
36266,834.2981897602231
93428,1656.2643033997406
20514,1927.7936270363402
29664,1798.8496632909369
50425,585.5165598799063
97157,3424.02519467426
31044,639.6871521581361
47561,4633.551612391886
95548,713.3366315127414
63725,822.0139926267489
18248,4982.8078839232985
58146,4970.993018214493
30008,2391.893003615831
44497,1487.599864397701
41127,4111.447145141137
69922,3894.6197091211716
23600,1886.933456834131
70298,1397.5218321546236
38820,873.8450684964546
51975,1993.1458869137068
77553,13333.154787471854
25178,2119.6983947644103
26057,1232.104471837677
97762,2225.3396496458536
11639,2225.3433386567403
33384,1714.262244416321
53461,6335.326527145655
28698,849.6621364342454
25273,-120.06585101767541
76523,2659.179673257389
46234,3254.9036849499134
60337,1461.530874360038
75773,2086.033855166379
39106,3782.29294222603
71530,5240.538315551936
43960,3914.409142359962
79761,6947.054316557249
85156,4092.283637080106
33998,3148.973336631162
89256,3980.660317063758
32349,2884.3225179858464
7588,2063.348289262317
53730,2169.01220686919
8687,3787.373536753177
6787,1595.1383419246
43378,8127.735732344455
14251,5475.502151302946
42395,2083.7817879789086
69404,3080.3114162832394
39500,2349.66121765827
61401,774.6334956683154
98398,2013.6102018273755
99455,-137.85280411814801
29297,15852.942995090996
57979,1405.3899103472818
31936,1320.4763916988413
82662,3097.4967191239803
22568,1646.161717929597
28757,3172.586947402774
44287,2232.3345212028707
62404,5038.329095765352
48233,632.8006541956047
89487,2054.040592771295
92253,-216.78262184711502
55303,7711.369589319746
86583,4228.547692287739
13952,7697.226328233284
82536,1353.2896868803764
91601,1034.115902847766
65580,660.8069236192173
41397,1441.661629399217
35062,263.8186984102813
20361,16142.20028899194
73658,4498.366394401393
77942,1047.152585895511
7460,249.98735543680414
10152,104.26712069480982
33567,2467.8049349128937
36739,932.3981757158149
53788,2711.3940722834636
93765,1082.5361552204936
3813,1667.823012094494
96631,3243.9890057842076
84371,1241.7965361337156
78196,4171.556563401051
47305,5120.503791077543
20547,2087.8324560038777
59318,3396.601348877446
72033,7237.238260194736
24273,8487.487744089434
53425,5512.265396082781
22682,3079.919886848316
74452,2392.9452434280747
35015,813.025449606097
97301,3907.197676760843
9304,476.67729655230005
99961,1643.20623257376
19875,1457.7987463921127
57188,1463.2845556512884
99514,2227.568585195842
24029,22119.149051145934
46747,798.977195935895
82772,1501.5966415566859
74704,4244.422204508219
54090,2804.0222968171483
67141,8404.873078271718
19732,524.9818609337422
58558,936.293425132707
24706,1524.0409374260353
7427,3449.460509462253
20905,3270.781550358382
554,1610.7020026391442
13594,2154.296059908106
29351,1297.729842865525
78272,845.3473583395589
44135,776.9925961147683
75015,1348.8924984893797
55953,1973.684746847438
29301,9628.564103704472
54913,3149.335436567861
60898,6649.942596783333
17371,1257.643082041418
52750,979.8180700493535
10890,1740.124610647547
13900,603.0051236847485
71275,8355.459148018228
97534,778.2415118419003
15746,2165.341728108079
51642,2050.490667864451
25037,16884.92955663934
74319,1650.7097099182854
68540,1896.0731371629254
30918,4374.664882625145
98405,2878.9591030983606
13336,2041.301751548171
37333,4071.2406135705505
35085,1178.2167170216112
77585,2913.248562404684
86839,1427.639304514123
61255,40.11955596657526
47171,1318.6692804875956
39617,3319.8273551541224
89838,3529.4925132320955
56117,559.6918692355621
53750,2117.349999624099
81582,2142.2910528140414
49223,935.8862502783918
15376,4036.1019383063967
38518,1134.2416560344573
66443,905.2242880724184
15505,1568.2834717664996
95369,3666.7393559979478
68918,2059.1406224821
6788,1232.2352282699821
54749,2279.549932779694
10634,2096.66568082112
13717,1989.7757196789264
92096,1323.5995979440545
89401,3456.3327981402545
89704,2791.0604841404183
80101,1749.0571985328206
93696,7125.270076219496
84670,2673.458785494666
98769,3378.8401206888398
21891,2069.200079698593
77301,3005.133842849568
49022,1725.5555463521382
86843,1743.3611923619096
48974,21227.160566809012
78015,1101.6629329869033
54042,1988.7925580881954
73147,2631.695641501653
75616,6879.015012169848
81616,1209.3679954268637
84120,1613.0408253883447
82306,2647.5902521773583
79500,39.95559465272527
37173,2333.8677398236277
30725,6200.11152016898
68005,460.0836461375684
7551,4305.031478117014
68785,1552.660022568934
73591,4567.116695046492
33337,338.1547270859505
4078,1270.4417837700157
63580,1804.5090355535622
73735,2411.779212054698
32513,1744.122868951184
10135,1792.3206246974767
2936,1468.3216766534565
17985,2550.8264767258806
51695,10895.956045995026
14896,2125.4823722759993
3413,1078.7517953832948
90750,1744.3239584081064
95009,3454.421701298639
30069,2162.846266992414
36010,2629.6904415529443
26999,4077.8912623543165
94427,821.979632774136
62676,1316.398854672776
50762,3239.367535024144
73656,751.7269444506928
31522,319.12596132805993
75329,2458.9735142809427
1505,2203.564217240072
23763,958.8303349172306
75549,8685.607300720285
2771,1124.06153631314
21874,2699.490725819522
11705,1305.5053525469966
82247,5016.320232753373
95614,2916.6657532188256
71721,3008.1563732524473
75489,2987.5026395687314
63405,2134.7620572962596
57361,1298.507173112433
48199,123.1420548129945
47446,1867.7555610244121
40717,4279.41435447694
56676,5835.1190024039015
5866,959.7331759187291
28899,2555.473421723783
22801,3306.0004185401745
12506,8576.588894381272
42495,831.96948729611
60693,7543.793787382048
75661,882.4763531113231
31397,11036.243059792148
58906,1562.4192370714836
42764,1041.1742078926536
68402,3457.870311066754
87698,3558.610934627477
74741,3711.9319920204225
25399,2725.0103509044957
94970,1374.0225392044276
44203,2298.306502468275
49315,2075.1483226066125
53115,2344.3769282451785
75175,1617.8334028125232
38614,2943.1772157672367
1287,534.0960272656494
48802,8841.183019567032
98658,4823.377990929695
36576,4227.128164887518
78053,1342.6567096998424
84736,973.4842795589198
64505,2834.6769360894345
57244,3694.4193348364965
11851,1106.2389831216678
98845,2461.944280611042
17027,1581.3473810448781
87369,2190.250351012958
2035,3360.5941419441397
91759,2134.1082272351778
12208,3502.325361297165
55086,849.043517143863
93664,24848.639245739636
94461,1919.6774250169449
74557,2360.6460358251175
19599,5367.702160556932
75627,2256.5346297365413
67727,2055.668358442877
75026,2807.135797786736
51949,2150.173794916929
92712,1641.8676776690775
95326,3719.432091037123
12325,2078.0043385914596
56155,13922.384772493939
62279,1077.210062559324
59257,2170.500061702742
23673,867.0630568575834
67117,3227.9970768129892
31154,6267.10045339365
11115,2183.649428513256
82165,2579.451370704328
42295,1841.475648317876
78640,1505.5735675454225
54172,1004.3229529030941
35129,1040.1997226962626
40416,695.7467995085981
25126,1196.229940667035
76147,1155.7560253776132
37236,1551.7667004415275
68837,5046.771578614032
96906,1745.0330127843627
91793,801.9023038987443
97732,1229.880148611061
6845,3771.1135343404526
86679,854.0746450044644
4528,1253.127187059169
84902,5611.878251717645
54707,3933.446495873707
1426,1367.6981372607129
6431,1826.4821134678893
29720,1015.7280397461991
65590,1791.0689694714206
78918,1774.3702977222392
88485,2334.782259471427
26650,4498.933560617239
4687,1302.007639221969
55565,3302.1117579623638
80212,1261.5500999754518
80448,2002.4313499228513
15839,2667.881552130394
22894,2397.6680572941746
27039,720.6818407360679
44999,1795.0237237003703
89515,708.2524221505964
53757,1400.031442353431
16379,4890.910882169808
28499,3904.7790298251043
300,938.5586066702444
974,1933.9595726378045
17659,1413.0761109725609
25106,2742.4754807861987
99169,851.9679531367083
66791,2256.0498517092237
47830,5542.136751112986
43354,635.8773706657103
90786,3758.2024465425443
59471,2987.7596350393815
28681,8941.135540107838
59777,1823.3863399144725
9201,1276.9984094802885
58856,1958.7455741813103
47487,460.54529530805667
7567,874.6712163855336
12456,3519.9878544029416
25237,5203.975356973968
55578,1585.063322313301
90487,2044.4232282202847
77178,3343.1165608547362
85952,2419.171448596942
66345,2069.951042148652
17488,-281.3547809711572
73263,760.9156457791719
48171,1431.2086278143556
56885,1701.0762663416317
61381,1448.4759160017152
30056,3469.1806869036404
37881,444.55629768489644
15447,4651.6744373369365
93759,677.1988623615953
54135,2077.7010211000324
3497,1931.73460841868
6274,4205.697775064169
30617,2386.109312147048
36658,987.4518015091339
19624,898.8893560285978
3612,3431.6452710665567
40104,7372.265485961202
38583,3993.451741317413
23466,702.1398383516607
26675,5094.774946046933
95471,243.29969536282806
36577,2463.1400791491214
49286,-562.4914597517964
3030,2466.9075574082226
70284,2256.888945102251
26481,1632.1336656416427
46497,2630.6850529659578
70751,1710.70330031495
56783,2283.2766087420137
36326,1680.488957181074
80829,2228.6301120810936
4517,2812.4414921247276
72032,3287.4315821483187
32231,2270.5426880851355
35577,12956.830031447416
10819,1061.1476156288531
5827,841.02678117716
23545,2498.6546829288554
4079,3164.3520097319793
66935,1316.9506362736984
39941,4829.170309236135
75362,1786.6700847766476
12599,3808.4400450631983
70014,7302.177272869521
92875,5783.940632906617
82259,5143.315633674148
12311,2699.6664927137144
45278,391.5851214387508
76306,1968.5437237141762
83832,48826.47111519342
85052,1790.7539504085414
43634,2433.0631640268793
93234,1381.6582067732425
19455,1147.08697989571
35738,3939.7165338873083
20633,1247.79998169617
77714,5559.10015349456
82649,4171.524788493513
32805,3614.9442179503626
37184,1914.2571658170307
71794,859.2216231112643
30906,13597.884311374704
1764,2222.2431693895587
97979,1888.95867567328
87744,816.3585162912746
1529,89.59621286022548
81565,3554.9050192150758
14225,7776.227756341559
59172,4957.13184771743
46815,5433.7734829241335
64881,11280.373427291153
1679,1086.8970695155008
80206,1820.440207469571
83758,626.3718660092068
62392,8325.554867518582
39262,2125.3716741250246
59827,4241.341655650086
85350,6999.825491906645
30410,2465.3367298578632
66377,2200.6443897925287
43140,-277.9495209089291
43447,2192.519241266692
19865,8963.722016631065
33935,413.3384538521759
81055,2080.1751131844762
85528,3811.5911855945046
88858,885.8352975046364
24766,8658.412700937526
17213,2538.8318877888437
11580,455.6248241218955
28738,1715.7100815953036
62944,1468.9464444960067
35273,1182.5390288534172
22460,6885.040682179257
20559,6000.126761705151
86225,2495.1009003963873
49525,2780.286667484038
68430,544.8034515817362
38402,3089.552607424057
21643,4815.540932325776
52599,2372.5473987363803
10100,2431.2401162017513
77516,9867.49990001784
93600,558.6696984258642
13148,4386.523966337924
8890,784.4559790360445
75650,1871.7758307938966
59100,2379.289980969207
85839,3020.458471446224
98446,893.7505005882103
2505,596.5511307156285
5188,847.2017712707993
64713,694.7073222964091
98108,2138.2468038010975
92188,1382.3670305265205
20250,2749.8815048161123
11737,2820.7432489550692
8245,7653.013177136267
5674,2488.1502347661108
58189,4397.463164084745
41755,1811.8816488429272
57138,4059.54822031215
18195,4888.79079667039
39667,1492.028807309845
93516,2008.2119823729188
41676,512.2886412369216
35854,-320.71043231852445
69540,1722.5829834012104
11800,1929.98111840521
90560,2913.7939468580225
30111,1148.736325444023
48729,2351.216680144522
85742,679.3020529206624
82995,1933.5881152308557
74358,6398.345721871839
11531,2332.614883209114
88168,1391.40019054828
19544,2465.0702923247745
70773,1367.2899691486377
49322,3055.536168302089
75223,448.7299096488887
20583,397.6181294270609
96072,1180.161386854521
635,4775.880783559314
64314,958.8821602273033
96685,1932.2985607515884
51529,3778.044187977074
21936,1793.7231585908883
96007,5311.13182880339
97255,-214.6685858585538
33650,3286.19649097182
75606,-470.00469943646385
33625,1024.7464304928299
67227,977.8047574608745
20095,6370.038998114504
6139,2103.5585345971467
49199,1837.9874290528344
98218,1082.598951809321
69272,1360.3561254960018
67285,2644.6087040173743
66404,4920.922640959725
85797,1450.6502065585555
29706,942.0293154071142
58130,488.06155917839897
45620,3055.407053637412
46675,4645.815096605601
78349,3330.4884230957828
6311,2714.2825510105736
16091,5851.430028786248
91865,1343.6033972290438
86087,3808.812521797725
6177,2408.7435704555787
89677,1417.724278078832
9556,755.9436602196292
95802,13798.849384618681
17932,3334.498933600554
12683,3788.091898944464
68199,1142.3406243304898
98734,5563.277243692787
71701,2237.9774413989894
8379,1842.9601174208149
87231,3219.8434534090597
48236,986.6858193977359
85571,836.6353669306241
66272,1638.3556487079322
11079,4633.329368381197
36238,2865.819285694177
54500,3076.333985662264
53776,2783.4361709205405
18593,2532.4978500335883
18129,4395.067748244279
56195,1635.9248358362513
64033,1121.501231214747
9567,427.2603163924482
3982,1527.4289668830006
26522,7597.103093406358
56894,2151.79544232038
13514,1865.8084641935484
90535,1217.059351092027
851,1998.9486042860556
62308,2839.600717000631
6590,6174.14941382056
8285,1836.7794770255014
17417,2304.9032125554113
92430,4651.487238617098
79184,2021.7893631221352
90635,4111.744836301989
67273,1961.344450311029
59909,3924.2067070231296
88700,5851.714765954224
56191,2743.0208158405126
62600,1122.6930869942025
2136,3671.0994250388717
5437,2445.298196531435
9754,6188.537837443193
19683,1784.824342198403
11559,2263.7079253707434
41683,1444.8697067295525
72582,2154.584026396532
22628,712.9110012627343
69422,3904.0963825533045
27961,5281.9020280046625
59710,3099.2132691895163
79575,2040.6968656734214
85037,2139.145053696434
85647,2238.542634329774
56031,3657.5735265994613
57349,1480.4859961933657
4881,1150.9217899001642
73489,1741.655694205808
52259,649.0155414519513
6193,2120.556720881326
77979,1258.4253291156292
58997,3320.401154323727
39447,222.96820640928854
6231,1150.2810234605695
76246,1461.632072887045
97406,1275.0885970408049
10060,510.54962913695726
60000,1273.8838399765145
52415,12938.28544100588
43511,-113.2753402777048
33468,1278.4855184024032
10535,609.5996268307408
91195,1197.7782764485569
63454,4317.677017046102
93132,3283.4394008538297
74044,1096.7572246420636
7785,2339.4870392957882
30425,3918.459893425932
81714,8207.859842338858
94979,1891.2252264068945
4011,4050.537688451178
79697,3606.200483493867
63106,8538.098193052949
41946,205.59671769819852
71,1190.6985429825804
20779,1596.0454930078663
55882,2632.1343137470217
56931,1126.380131011655
57019,413.9869134612027
82001,3910.9229977873424
26089,2233.956292027383
17576,1501.8809115138015
82264,4448.541430902898
2635,2859.683861845484
4276,5091.453253699546
11523,2918.2367235004976
76950,257.9583301888879
43187,1448.385319023239
73012,820.3204394676009
63522,4185.393063281224
81863,5228.586955754878
50888,1648.2581193367434
59596,5745.69685786564
7084,665.428994456026
45611,5337.776915939501
59182,1171.1157929068895
20810,3517.8588447142965
83873,1874.054877286545
59683,2416.0145218095477
95792,1821.1188590708202
25292,3046.5928428532643
22333,3596.3692622643753
47781,2892.440932611569
32454,2817.7646414414985
35504,7560.630989995871
58025,4322.87384208378
83928,5357.502045092577
89912,6011.309449371629
70875,3463.6272300376863
89391,1375.609346025668
50044,1542.4255904683528
67596,9684.195092058919
66194,3327.067468352431
99011,863.1857932360494
76687,3208.6813217125177
65068,2010.9892376167502
10875,4425.40270620365
65550,4744.3395088283305
73026,1324.5561674595074
7228,3530.1982412685197
99764,9805.124806288824
17151,2989.3005697175295
15551,2021.3050616683727
51360,2308.247405385797
32588,2377.3364513046836
77552,7187.870639190993
14592,1693.1444401414715
31124,5603.379445408607
46863,1086.5399753583074
60439,6989.671591711775
36040,2017.0079946148421
60359,1394.79622752673
14950,4081.0831113938
20649,2811.2522190467253
57887,3044.187013992385
93064,2276.1673146368958
7412,2107.5614461264668
25152,2674.0258329879307
43700,111.62095410071743
88094,1296.9870183554644
40826,2419.93505381059
5921,5993.714230834637
61959,519.3054326501579
68531,408.83941003921063
32950,3947.116595953301
64831,6062.078689010375
84601,2833.0498059323522
58521,4282.567296729301
74771,2469.2697688721546
28237,1343.9540702160298
87179,5521.588351292799
47267,9323.203073581679
5217,1300.7970089776418
75342,5932.698137291047
23014,2000.3937134262985
79573,1175.5778756871973
39578,1220.1343491021462
56305,433.3620904499048
91815,1319.9867507100944
5793,1891.8924402150865
1745,480.84156733846885
39775,2648.0211676220797
85097,1557.0786572060292
808,5247.244200450215
61902,878.811599119158
83425,-329.2802684276912
82068,1601.708001290202
24187,1250.3557288710872
24000,4910.245571776365
77048,1545.9928881850842
31466,1619.7194786123553
34622,1917.1767684214144
76558,1085.4321817356945
39628,1719.4275356013222
98266,4047.4728735467766
56877,961.1008661247533
50204,1039.4015120854456
79694,29398.90881627448
87130,342.6104365377878
54328,9271.334223257636
47006,6855.452401505027
38800,1482.0912786993877
73626,5735.855836102741
78653,960.4131309965182
16803,1426.7355079254194
22422,4223.3955718018815
27741,813.2195136225318
76885,1420.7693151478134
43126,933.4838789260098
28558,2536.7536100556435
59920,6232.512854242216
10416,2564.577435977365
41709,2147.315196891006
98380,722.527577221791
3521,1945.337284841293
10886,2669.3826583234413
11512,1325.9695499596774
88420,1472.2391448036224
57353,713.2667200467058
55546,1328.5552864364117
96489,4151.98782504438
91960,1152.3182673467454
70281,20523.950961739836
60169,960.8650407023788
335,7313.998834080155
80493,3020.6684910447602
80318,5939.126359576823
10908,2004.4781380945228
69336,2993.0791742504944
56702,2896.2483368636154
80315,1812.7255927531035
89122,1619.8892781870709
16033,2540.0881624342637
72973,1690.5734601078354
5603,1290.123739283314
97864,-23.885096419026013
28060,1060.2883288192065
89263,3758.031733751398
24363,855.2559946572005
53085,2367.9363655720654
7546,7580.733093973382
57841,1534.0575565885088
93766,3886.1547651269875
41617,1252.8004542024073
46556,1546.633278134223
94162,2281.6532083484126
21185,1347.112473539727
39326,244.99510617751412
72005,427.2436569308725
49237,1061.5286779657768
90061,577.5488801325296
59677,3697.1007023774364
55244,2572.406408442248
79065,4994.818469108926
31002,895.4724671487802
67927,3898.7004428787836
18656,3763.578806482741
58606,1783.0817285477724
99464,4137.781841962232
91702,1615.8203345276197
34122,5870.208159478781
36691,1569.3294244199042
63350,3876.5889770254066
34896,1412.5222154139246
53929,1155.42811324794
40325,5954.777926507919
74439,5879.097824569264
6132,782.0249939638179
92579,1472.119433329222
90252,2526.8129547572935
92745,5905.746912964997
91612,1546.2234123027151
69623,808.7312479548814
40039,1378.3710462239255
95039,1228.411923926013
4810,7236.583843757066
28378,1584.719440156477
28146,2566.264107212915
54408,13967.965033489892
33088,2210.217892491509
84179,1559.4977401545007
2520,8358.479358618573
95095,6080.2639132582935
10186,3045.869843792815
278,2515.1715615620533
67600,10093.757929319028
28941,2820.8557063045623
83653,3418.334234989892
92319,751.8623063181094
40463,2092.4021543048993
42082,1273.9169411987177
17996,1453.9695724487924
39492,1443.9112268240742
19736,2799.1908156507334
60302,1376.8534449934627
92977,1423.0249807763398
95791,652.214562768761
14606,2746.336774762953
97494,2287.803608109204
19619,1727.3686367068847
31273,1798.677772748978
96396,747.5029208215619
52602,1063.7803070817954
29500,2873.8857186865976
94668,3030.7275091827873
79289,3322.4540297519584
15989,1878.1576675172366
90477,1908.9118860710919
91200,3070.4731296258633
152,2437.4876778298703
70482,2322.6722627310965
11619,902.139943585411
42433,728.5865364498563
78617,2063.3424013272756
40694,1915.183932412111
52699,837.7744794648634
87670,6278.52970805434
76822,137.26622862281738
22946,2542.016527204494
87203,1886.4616579566775
52945,2157.08628508685
86119,2317.56636472614
70565,2011.2265092049406
52972,2029.743200280457
32449,1396.1845929296105
98942,3594.4071422856573
21189,3040.1090716216077
28297,3992.4142557335567
4831,2165.018822675638
62078,1374.448819698749
62846,1434.4024933330675
92564,635.6320059341979
6943,1127.158547839695
1886,1520.5317356576475
95181,5330.836990046668
50755,1108.6189459981406
70464,1870.643635653004
35875,1995.8875861885772
51438,3925.378410968946
51080,1829.3266776113283
91467,1367.5674489567855
53680,2100.348837633892
18571,4225.876300231117
69264,4074.5771083248956
78615,2298.1549007757385
37895,3009.9370368176333
520,1013.2283449130173
3856,6094.429665972948
44343,1874.0592376195514
4657,2679.9474474934764
50827,1288.9193131056445
30065,4399.713209743031
37368,1682.4505812565953
44348,2016.9762325018246
49292,2338.3198927490075
43556,1178.3763166393483
9441,855.0513924348161
19102,11107.02689021903
30239,1153.8110315177687
41076,4410.22971139476
1904,3696.160584399512
94983,1636.724420498775
31969,1235.6479166881081
82106,2053.712021207165
96073,2502.4887468484017
59305,6213.504515634528
57412,2600.077549999845
7328,1508.5383202046573
52375,1641.4241617527573
14790,1213.5078696420342
2362,690.6760158800025
19937,1857.0270873516383
43571,2376.5355767135784
96528,-337.9027997290714
34447,3207.815313148607
24968,2910.9209098757574
9458,253.24120972439687
3313,4904.780826930884
11982,669.1774130789995
29636,7760.320469355408
85812,2459.241574847493
16352,1319.1640203503412
94181,1202.408201680773
70318,1210.6364601916803
31714,433.75243750999743
48903,4100.783235156287
99860,1198.8584141543456
90411,3130.557726553873
10209,1181.7397220413195
2841,936.8182381376305
28924,1526.1648213912945
39656,857.3290850077883
88203,494.1674223871164
49574,3786.448036200749
92363,1423.237932982759
17612,2895.0994028051946
9843,616.7111271222279
18919,1690.5277181032855
33538,957.4475880869904
17909,3629.873565764808
68640,1071.9255816652671
30584,3923.2185273439995
51143,2421.3846090487305
89042,2538.7460886025424
58378,1654.768192563319
11967,664.9242720045659
15930,920.684457334035
65090,3661.6216161462467
80222,1110.4824529168732
94066,2084.970781804528
53302,3121.1307940680013
25512,2220.883883271906
14475,1409.7258461785564
11962,1658.4387626215391
86435,2151.45958707527
4036,2248.1535318830483
23484,1177.1509074308406
49118,2081.775694878753
30660,13648.860827393602
5820,677.2312617350417
67513,3078.2612653960127
46142,115.18380479979805
40363,898.5566695332568
36275,1125.2667012468614
85100,3852.456930406895
6425,1959.7611312052418
20735,4742.315728550999
46967,2352.628346466977
1640,2692.680693159621
11503,9423.856125209
56623,956.1254209475551
68508,2900.0470007366343
42310,6026.258803160773
99048,1456.4954904785686
99086,465.7129212878003
41235,1014.9175548970561
67129,2731.4362092137612
54437,2373.2069667981
95672,6406.6488046888735
4227,5792.011191862743
11905,1341.0793657253735
34359,3660.3462707594135
50381,8763.214534998711
50563,910.5692372272388
28683,2977.485600024333
25242,5257.817675934087
15868,1637.3177100219873
85774,1094.378407733911
43524,1047.682282016021
81674,5761.690233872709
76996,1634.4011852222413
15827,3738.4334537176737
25218,2494.2965492989174
38565,1254.074517383875
34342,1043.10170923823
35335,5936.19577056528
56407,8897.882537954018
10273,6836.195732352204
16234,4960.0746707986245
59491,3831.794062530194
18356,1232.6109705021677
17625,2845.601258927689
72198,4539.3406702420425
81003,3725.3309288017963
27758,877.3239853129207
54127,3142.3959893063698
7013,2903.259713430456
22865,776.3721006803162
78986,1901.6296098836535
39347,4005.36104273408
35605,1821.7918013479061
68840,2312.079727032735
43190,1709.0703200521618
2448,293.86343621307196
12120,739.4958585676541
60336,1779.7462799585542
14556,809.580393347941
22297,3972.5674215079825
28410,633.7609355164018
52693,1792.856643053835
11925,1516.8039629788145
9439,1086.2422781896512
61150,1770.1447349408245
88791,3553.716991294405
84037,443.4415284962697
11137,2169.7491097313477
43650,385.9856493269199
36317,3038.4810828985846
23699,121.3067665720273
92711,1748.8375353960996
52268,4068.5252479622495
19988,3178.7026496176322
61593,1249.7838731629736
73143,969.6342967074897
49356,2098.538819570348
39800,4015.970462158033
6064,6278.526190190005
47948,4085.1347253496942
16478,4573.122313586906
72014,10595.800242929214
67168,3531.879013553994
38237,1234.2847636123824
63204,2038.608183345988
60251,3132.445905566239
95871,2038.135760387842
40070,1383.6295551281773
14398,1742.2727767778094
9939,3929.0196322943066
16683,5202.94073711042
53329,1314.983283580917
15537,1361.2404660566249
2539,1933.3564978984805
88480,2282.129564489004
47789,873.1666429828788
72858,2463.5588331917934
81199,9647.2026804854
11461,5936.8832370310365
39973,1086.8137949731858
60004,1.9357202470418997
23704,3227.439224328174
60095,2944.865302697329
37750,1477.960689348135
8972,7058.69618714415
82899,1560.6037319891689
22138,3667.930795270701
58848,-78.4093337098202
95466,1654.6685326762245
14094,3317.252388606763
31752,1064.6325372821898
25717,4685.347802051498
52295,2098.05184847756
58034,2765.7844012015257
55922,990.4259670822958
63382,2006.2328247727764
55088,1845.4209990245377
60218,3476.5797295697616
37743,1352.256487196979
99397,1873.6059280606503
74664,4712.049127735513
92351,1256.2929495776743
28184,5665.928220639074
49679,3801.298794955781
14543,6313.178516818929
84830,6953.380323194781
59785,1269.1483095600456
53597,1052.3991899384587
12139,929.5995902504369
38168,3906.570373047687
50085,-270.73509201204115
11185,4095.7954308298044
32333,1652.7159172210654
84109,2122.601651227582
56457,1957.1637974028747
69187,1996.327952309064
6737,3637.822511345015
64992,3751.3545326823846
76911,2306.788282556143
91510,1852.3557933558777
33577,-58.18313423298923
56721,2251.675954215725
68982,3211.3952584997096
79950,2274.2748291222174
23379,4977.348603005405
24994,3552.2048457845112
25773,3145.9200367606154
26296,1005.1854347131039
48032,2130.5252313582896
75895,2205.72398982553
43655,3078.8848783170693
85584,8115.838330104906
76086,1676.2909826136151
86642,2787.0728050715365
33574,2175.2751964206336
73561,4029.789662677634
70859,3014.7924736386294
14661,5558.230506595261
24593,7577.760827895537
83192,2547.082883845842
23292,11854.730797675038
16739,2011.9881484800308
37595,975.3024403470604
19668,2134.8909250334364
72509,1277.82567578632
93253,2315.0002140742013
23036,217.47314788812128
65674,3428.056578931934
27053,1590.2856657410694
83218,2302.3732574286114
24087,6675.56145550761
4627,2235.3927089292442
2419,3168.5705289595116
2335,2909.4344291372117
55470,2053.820013957377
44578,6146.994150367925
43205,5070.740695261868
73098,5627.767849343716
88000,2909.475989176106
2071,1514.5623422022768
73574,1885.476290471233
3848,6155.824775815709
38832,5826.341648414742
64828,8045.924038821441
55170,1924.4218113950824
93931,3114.2140338277445
6879,1191.8051854242344
45852,2056.683742579521
14245,2848.089818971876
61441,1486.2719750817841
86739,3075.6168728027587
76441,3730.295581174629
54361,1141.2439037566119
75318,1908.4996298913768
98612,17137.0635060808
53970,837.2749463637165
20183,8655.896407882818
33995,2837.4499716709174
14498,1861.8658079833924
59796,-581.7401175096111
27204,1900.7692172359702
15937,1272.7149965163871
23355,2498.757662862785
24676,6175.449065250947
3597,871.8883373197177
70489,2330.3718066298443
77148,1154.3351206133793
61149,2053.5223159891348
94175,1856.7307482306494
64694,2539.8332969569883
21759,5018.07075175722
73303,1748.7088247887407
97824,2539.782394069478
52713,2004.6325165472967
57464,1732.8637007385482
75621,660.2163411102515
75604,1532.4676430958875
78773,4190.374694025881
7801,2126.8544901970085
79817,-122.57081437059333
90906,2108.210428046227
81334,7083.216178761201
75599,2283.9949623662087
9026,8166.969185099605
33887,3504.713005126972
23529,5106.895886574296
75311,1804.5751606430224
26619,1920.5764246589988
52225,1805.1263054856406
50879,1257.4605834205813
18634,2469.3162667796073
12314,2660.8408491472887
59138,2049.0176978106083
50549,2687.0492035952566
88854,6372.279578118727
85521,6420.582841755564
99501,2130.523977626373
34207,4836.758194060432
69729,1185.5709104619186
32826,666.2787598617251
26383,1478.247576560475
23377,525.8379567168358
89324,1026.7584467264978
27806,673.4796435261624
61013,6605.667292610845
19426,4261.634238487614
86361,1139.5646008600174
26187,752.4258817036048
1462,4087.303622110643
2291,419.0554950868782
53583,13194.41267749752
17506,4475.211882402851
10793,2314.6007889779894
14965,2105.521947463122
3103,1179.9391359373722
34539,1848.2035852253118
23621,1868.0579825464856
58416,2257.6665798061586
78563,1571.937468054473
93742,3359.8187552955415
66131,1588.7187451061122
53237,2590.251386659339
62625,2456.4605893747103
57891,1364.1830066741554
42866,263.9145329427465
19603,2777.95895873019
14011,1915.2121823078646
30365,2313.2084676127943
25569,1384.758213264312
24235,4049.2583727205974
39154,3490.1005332383597
7375,724.7871184869796
72128,1181.8580485091206
26252,1542.075250725983
36614,10669.30680159897
18990,2016.2647452215303
16802,1879.476312275902
67612,3634.5551753395157
92265,5493.569095864665
57263,2187.2532960370163
76229,1110.8730817821233
26866,1128.1217414992661
46712,-97.77536766499725
1763,764.6462502344357
40601,2824.7729329877125
6036,3811.5774668470685
18577,3175.4535571721653
57740,7524.149044156842
21040,1643.7290400842212
6120,3639.761581539351
45216,3764.095834773732
83778,569.8882951182936
22326,511.7737460624885
12058,2658.4660650607448
60507,325.6771421960261
2930,-133.58763852427774
67719,1658.512834261712
80758,1658.4489257063085
13362,1350.1757202211083
59202,2770.3750313757423
49515,1911.796564938987
99739,1561.2197036138837
70348,1236.5673799886958
27197,5486.146925548159
72961,3880.6898374630464
1999,500.4163980794983
28851,1359.652478431146
26452,1878.378098767008
8259,2648.1275649493086
53133,2380.456843725715
65412,1690.679686230951
56187,3509.5533553574974
68495,1075.8970506043497
68516,3522.5347336861514
72431,15846.474266413241
42428,5659.462992570406
39569,523.1615401408499
36074,1135.6808723444224
7650,2622.91497303892
41866,1564.649385049156
9993,1496.9051847187247
41825,2141.2237785080924
20444,1743.3821907279255
83250,563.9666372957922
94222,3033.887942167186
82980,4293.49498661488
40757,1282.512864784042
41051,3627.147916059692
29806,172.4756312962536
11842,544.5487185000661
20551,7456.840963214965
43302,1816.514241170732
17542,11379.595272209997
91369,2495.3420844273805
26340,385.0285279503314
57714,1663.2781446128322
49620,8360.817040423008
6313,3655.340969120522
91380,2070.5898626434328
26169,2681.0878218742228
8520,2808.026781718351
43665,3457.702936659058
73565,5822.262927168286
13391,4289.188078950911
27914,2274.9185191990246
