person_id,predict
46195,914.0678
27086,18997.482
35080,2725.1438
15409,2188.7427
97759,1075.9983
3822,1800.1989
89124,5726.218
18328,1839.2782
34209,3235.596
99188,2166.8098
80157,1793.5415
1829,1612.8871
71702,2698.9446
38023,1650.9714
37913,11817.209
48017,15210.68
30207,852.9741
19088,12273.274
80837,1126.3765
15969,3546.5894
83502,5886.3545
29388,1790.526
9933,1110.0647
75690,545.0173
22498,1171.1703
76557,1369.0995
33865,1179.5453
64383,2188.0144
69575,1531.0146
83925,946.4113
89223,5745.3696
43819,2570.2124
57852,1812.2803
55011,4669.9087
52998,1092.166
11204,3110.5464
35338,1124.913
52981,1318.0981
80012,1276.1741
38389,1303.0328
97537,535.0008
97303,1436.4639
75358,5411.274
71187,1189.025
30096,709.8067
37745,413.808
9628,1451.7595
10146,1372.2823
41005,3170.641
3797,10215.567
55363,2861.7607
90339,931.6495
68830,989.5919
77698,2646.2466
75451,8552.833
73969,757.695
80146,1184.8613
11347,840.5702
47353,2182.342
19283,2933.9358
39640,4700.631
77043,570.08844
74801,2021.6648
37678,1544.3064
42405,462.20035
29130,900.4697
50359,1876.2755
47188,786.49554
52715,591.0131
25491,3131.5103
12959,8032.222
10860,3063.4983
40275,2530.5784
51171,1525.0288
60753,1370.0408
85066,10220.781
5431,1085.7855
42763,1336.7678
23516,762.965
56527,1079.9653
9040,2296.681
10606,2181.5393
31984,2116.8457
58515,1771.9692
85576,1548.5424
18612,3828.2202
27903,370.89053
74884,1188.3705
14445,2922.1885
27135,10238.725
35924,2455.3992
7778,3101.4473
5303,2023.1981
76210,1510.0979
7857,797.8257
48293,1729.0912
85933,538.57825
91003,594.1408
63344,2880.274
16520,4111.1475
22841,6634.1577
19557,1555.0619
87151,3402.2854
38464,9205.763
12634,8908.464
10558,3303.302
23652,2206.9822
63004,2949.8289
94174,613.30554
96924,517.8957
2537,1316.6608
70656,9927.461
60618,9806.887
86222,2167.4475
43999,2152.1697
96289,551.60535
41997,1952.9137
57238,1430.8175
38426,2591.4
90552,1636.7205
91549,1962.8552
51981,3774.277
29959,702.31805
37366,1064.9133
71832,1121.7943
9711,512.9863
99450,3264.9631
57052,957.81244
79478,1715.7537
82912,1447.8278
57548,4435.095
25318,1158.4822
42567,28443.78
38212,2541.9534
99736,2554.9055
1053,1322.812
10142,2655.883
83086,2985.051
12763,1230.0345
55005,6638.4937
60061,9839.726
28990,1900.0814
21906,5190.954
94538,10327.775
71198,3357.6943
13022,4977.7495
95041,1223.5181
94450,5521.72
44752,679.5818
1164,428.06308
60537,3526.6548
38325,1303.0328
43037,2575.5547
25127,3108.7444
74206,2081.286
58918,7163.288
68651,1050.2535
25193,2586.3425
50892,2409.2393
2208,7536.3613
36228,517.765
58380,2337.6074
74999,2214.1438
9785,525.9459
45674,914.4417
50161,2633.1194
68279,616.61176
33930,2636.612
92416,1704.0343
21479,4160.3076
41832,1060.2023
35418,1628.7589
86953,3780.4128
25906,2197.0073
60917,5447.9766
97745,1490.6084
35588,2487.1633
78076,2952.198
48056,6850.1343
48251,1170.934
44714,9651.362
24758,669.7105
97736,2555.007
98635,2792.4333
7509,1192.1959
33093,2472.0808
52873,2954.2073
50571,5061.3433
72657,6212.5156
74354,1186.4114
11690,833.2949
97430,1386.3439
16686,340.31375
99098,1623.5997
39153,811.88226
24515,6414.4736
42430,1397.3325
14555,3159.9612
76691,2749.3086
69502,1041.4146
52326,1210.7214
17674,6207.5674
85356,3114.4912
61584,9836.989
12494,1618.3402
68551,1194.0123
34169,1164.1378
92647,4258.053
14157,678.3732
44448,1100.8563
8796,938.5423
49821,1527.4811
50252,1060.8687
98332,2111.2942
50306,185.82755
11393,2811.4402
99670,617.382
19697,441.71426
10280,605.41394
982,1152.0432
86680,6697.2573
46136,3868.3748
28285,2817.9207
89520,8148.3984
17556,12425.22
50287,3646.0093
3915,1078.0859
21923,3718.1555
11129,337.28366
99478,2087.3088
66044,1778.5276
74283,4203.502
91104,1283.4706
17508,364.14807
78712,2289.1182
84263,2643.6245
5327,2321.9155
25347,11053.955
10463,6176.9185
45986,2308.1033
43411,727.19574
69109,781.6618
24817,2643.0974
64483,962.2718
27618,1427.1298
56611,314.0456
52664,561.2909
39587,5290.045
68725,4344.1235
92974,4085.4824
45832,897.45044
60815,305.17963
58775,1494.411
94629,4289.445
23240,1820.956
11224,1527.821
69566,5244.9546
35823,2899.9368
36557,1316.9005
56171,2633.994
63602,859.4688
33951,1019.55676
58901,958.6854
23451,4132.837
41849,7795.8945
67279,3330.442
63698,3452.9622
63409,2376.133
84229,1153.9648
31178,1356.9119
27695,1392.2898
92187,3096.8762
37185,3039.353
51062,2452.9966
47134,4393.461
37411,1249.2306
40911,2106.2776
62486,4529.9004
24113,3613.112
38128,3533.9622
89017,10636.947
49097,9137.335
4873,816.9254
59499,1051.5862
94792,4553.4414
71726,1286.4421
24250,2452.9966
28500,1265.826
73078,1076.946
21067,3756.2869
79412,890.32776
75752,8627.687
40085,1456.429
99102,1108.7584
40651,7446.8633
96480,3100.6135
56352,2537.1343
13995,4882.235
12817,3725.8394
80580,527.6479
17167,652.7423
28920,1782.606
45564,1302.4901
52016,2851.5369
68369,1351.5751
88050,4337.455
66038,4649.098
75199,2246.1875
30503,1264.2491
23459,4478.7935
73813,603.8777
56144,2781.7188
65914,3392.2993
82682,4390.794
52339,5868.777
19415,2779.576
79391,1877.2749
38713,1344.8528
17124,3832.8425
87735,984.69946
49928,11152.231
24481,1112.6996
22312,2199.604
6607,4353.1216
65976,864.98376
31046,1913.5497
17338,2270.0674
79170,5795.293
68595,1220.2744
40542,1356.9042
87728,2701.0688
9959,2504.6628
39811,9630.479
438,18679.523
2957,1717.0931
96840,1416.6459
14280,1771.812
9351,3895.6848
50111,5149.671
10805,1469.4313
16308,2558.597
62019,977.50275
84507,4756.7495
60129,3450.4392
13943,288.01788
3363,6213.031
93208,348.1745
37713,942.99774
77097,1755.7521
13426,1861.994
20515,1227.0173
70324,3437.8118
52710,2043.6564
20474,3619.6401
14493,1635.545
95279,2701.0688
18413,399.55396
67605,650.9009
3174,1793.5415
28772,2082.0735
86286,4106.533
26147,798.7318
9355,706.7719
70523,4669.053
80254,4546.828
23215,1582.2855
95042,608.7681
41216,1569.4027
68534,1198.0164
94662,4719.8066
41497,4564.278
75270,485.44162
34620,2340.5747
11500,4058.3337
23092,4511.64
99948,3415.304
23013,1476.6974
76076,2781.7188
73720,1380.1885
43768,1114.7533
57096,865.0114
41328,8169.7935
49884,1433.9362
98740,965.26984
30614,508.28937
17769,2396.9907
33191,2667.1787
22272,4208.148
24118,5724.595
95184,2858.999
16069,1712.159
41964,1254.6556
63734,3544.1465
31943,1397.3325
41017,4505.0327
83591,741.7052
70657,1013.8567
41885,595.56104
6776,3160.5256
90809,4876.6514
79488,3198.9287
59774,1289.5608
62431,4637.7427
48713,1722.0345
35190,524.4767
67271,4776.503
19829,1222.8505
23634,4988.507
91725,1538.7068
3834,774.18115
74676,1493.0784
67756,782.0904
2759,1446.3132
41986,3310.12
50169,1895.8873
47327,735.4986
94138,517.765
98314,4252.698
66531,5204.075
44815,613.30554
16430,1135.0703
93206,2528.8826
62086,1282.1608
32756,2260.0203
10096,6807.97
32022,3494.4744
57148,8028.8047
8534,2098.7222
82442,828.122
72926,6171.031
75632,7919.9917
63035,6599.894
9828,3641.736
92056,1066.0233
98132,4131.286
74042,3798.6472
15572,5435.5566
94153,2867.4858
18732,3941.8562
34933,19418.943
56579,510.8174
30941,544.8302
45078,3171.8362
63961,899.89954
77265,2597.636
3429,693.87976
25190,1608.4855
53594,5745.3696
14987,4519.6562
85242,2891.7637
60701,594.1408
83056,613.4613
59080,5058.273
35105,6046.5195
7321,1263.0641
90524,1513.1926
14210,476.3241
13844,1054.773
11771,726.3044
23373,5886.0
67261,1300.7605
51097,519.86725
54511,2055.4844
69997,1522.0886
80551,1611.1841
63085,1203.1564
4973,3868.419
5136,4118.89
24720,891.4218
28330,2452.9966
26977,10360.693
68858,712.826
62601,925.83307
17528,960.3369
69909,1343.9088
70691,2726.7402
16376,731.4905
59479,1532.061
76840,1130.2789
44621,3600.8489
62009,2280.5989
64574,320.1721
12663,2149.2388
6487,4297.2354
93787,736.458
65302,1874.1562
81232,1769.8885
97937,2900.215
84407,1306.5807
48602,3912.9531
35050,11632.922
16573,3133.6987
84959,6833.695
22259,894.6315
11409,2560.2915
48092,719.2337
840,840.29504
21550,1166.8282
95656,1802.2902
2379,10486.076
59730,1772.2313
81534,14608.649
35852,1616.8585
30812,2105.9229
71217,15675.921
44217,1846.1141
42114,2381.32
40978,719.2337
87867,6461.4424
93625,2884.4773
46891,481.23788
36358,12148.243
35962,1875.217
2397,399.06448
71084,4425.4917
1098,364.14807
59528,5722.3115
56340,4265.977
8831,1935.014
21882,3274.9336
56271,505.5692
79310,2012.3372
82614,4356.8716
76904,3173.0005
71531,3234.7556
34859,587.33026
25619,2162.4878
54565,4271.9185
42849,350.1681
11459,290.9774
74562,1267.1539
44964,1008.4451
53947,1318.9031
69033,2392.188
38603,2861.53
11245,2235.4807
29832,1528.5059
95146,2283.9778
80127,9232.157
15057,2521.0535
28172,988.9071
84951,2409.0215
49147,653.9237
62135,2711.3948
97394,761.47345
22808,1762.7164
35386,1597.712
71406,1865.1024
97852,1360.0327
7061,2994.7996
42232,1996.392
7201,6176.6855
64889,1708.9698
11551,3325.1843
28813,673.2815
50032,251.23717
87871,4572.161
82689,3732.2498
84925,3248.2402
7501,3181.576
5944,4366.1006
27067,14472.756
4972,6990.903
61259,1826.5499
21125,1180.3191
62157,3234.7556
18051,1020.83984
65980,2652.6677
46984,3587.1992
49229,2302.0645
12320,2176.6265
55972,800.48517
79121,1166.8282
10464,1964.5988
71980,720.40796
21693,451.75665
95854,4467.8228
15098,3845.1558
90961,1214.6377
39505,4978.538
31319,746.1471
59258,1651.6978
67084,4743.899
67754,628.4313
11574,1396.6893
94920,2990.3196
94394,881.5026
25326,2879.1414
55916,2403.5679
8495,4825.856
4888,1306.3911
96477,871.9189
20483,1760.9615
75664,1246.0327
68409,1262.7026
3636,954.56647
78166,2275.476
53108,3320.3196
10857,585.4591
50768,6287.78
4404,14620.85
78700,1952.9137
22590,2643.9153
23028,6603.568
91708,1884.0518
19471,1283.4706
87222,1651.1761
96155,1799.3649
85257,1085.7855
1612,437.4536
81697,5897.7573
80522,2850.6294
42158,5811.6646
91271,1414.3369
55418,2630.9521
35056,4717.274
54314,4035.426
11614,3405.5315
31661,6242.551
35205,804.36145
81968,555.4469
64999,1303.5411
16018,12056.574
25392,2646.7478
56240,10485.04
66638,934.4877
88885,474.939
22917,4990.7593
81075,1307.0702
78545,965.5218
17973,13632.8
27463,5382.8076
78810,3716.2278
33828,624.49634
50136,2199.42
13179,2668.0962
36615,5432.836
78426,6606.6226
24064,1132.124
29204,6411.611
8070,975.532
57590,185.82755
35661,713.116
66951,1712.0885
50659,695.99414
36629,8671.017
52714,847.8408
21210,5173.4546
4188,840.07666
94213,2266.5747
96254,1112.6526
96524,1573.6409
95754,1548.5817
60495,2467.7178
25784,650.21063
52840,4055.1262
21653,1126.3765
63800,5281.111
84867,979.7066
92049,4063.8765
74389,2799.1824
59309,6961.808
86851,2308.8384
94686,2442.8403
79341,7144.4604
63086,1110.5039
63484,9217.272
83050,1396.0045
68288,11327.123
82466,3752.4136
61963,7555.7173
4417,2077.4753
39254,794.9482
42486,2178.4856
48678,2294.5146
47845,6451.976
16468,1517.199
54513,2311.151
29947,916.5294
60391,1490.6084
85021,3235.596
55666,10269.679
98660,792.1145
10825,5222.6597
49635,2863.2883
92666,6381.259
18048,2856.4568
47754,2520.7585
93096,4087.5125
59434,1182.8383
17324,930.5566
8891,6374.0522
50569,720.40796
78083,1797.1322
55760,848.5535
51603,16290.097
65799,5204.478
7802,12121.714
42918,2162.5872
34026,3930.565
25779,3351.549
21211,834.0326
62066,7033.395
24852,3967.1099
41721,3312.9783
96989,764.04767
66838,4354.6226
64132,2855.2664
39161,8938.334
67292,4745.078
5702,6941.653
70201,1454.0048
49193,4231.1846
14431,1111.8771
49765,1669.2518
83911,832.2317
63259,2260.0203
11863,2575.5547
53231,2163.6836
44340,1494.423
43854,1024.5417
75091,2487.1633
4732,302.44772
94815,2611.7566
52434,2278.0066
79890,796.45874
58511,4895.9077
19072,1207.3488
69844,391.58023
75956,3517.2969
42661,3330.186
16629,3798.0564
88586,1630.0472
77912,2072.561
92078,977.4093
5381,712.826
53136,3101.4473
6566,1009.174
1310,2143.7532
87647,1626.3577
43761,1706.663
81895,3378.5403
58641,4572.8115
46694,345.70248
34124,2614.813
66466,6138.62
38775,7172.506
97584,3675.8057
16656,1707.312
67432,2649.2524
12205,1532.6256
65508,3596.0154
68811,4135.2827
19864,5165.6216
88594,5132.812
5248,4408.9995
33027,715.0671
83040,9511.589
76710,1342.1971
95489,1835.4807
47441,5804.0825
74051,4591.7783
58655,6088.374
35210,4875.9272
37352,2331.031
65161,1803.874
30662,2646.7478
80485,2972.8032
80084,4444.486
54781,6514.107
85486,2018.7246
29752,408.21982
4500,3686.13
56923,1386.9323
52460,2756.0388
75731,699.76953
50585,4387.601
88833,1291.0688
63115,8006.739
40598,3613.5276
80098,565.98157
78419,2499.2627
18279,4062.0469
72524,4915.155
66108,746.02716
93640,1670.1022
43085,898.53674
93525,1438.8335
10086,1350.5546
56764,2556.6633
14640,2875.0786
64055,8449.404
91097,5032.849
9097,2021.6648
33044,11637.671
69483,2283.5542
63688,9823.626
77615,5118.44
23930,2162.5872
65904,563.6116
2365,1411.3662
79598,878.03156
28640,832.9226
57506,636.8772
56629,15785.511
83561,4396.616
72345,2214.1438
62048,2209.5813
781,6900.29
83014,1214.6377
8838,742.7244
561,5500.91
4166,3169.8271
27490,1356.41
90238,1525.0288
45462,836.2787
2641,4846.8716
74660,1930.0934
74203,746.712
83577,7227.667
12720,1940.8643
58580,4274.669
63456,1214.6377
90820,7352.9146
71487,1111.8771
18174,3721.8533
80118,966.34033
51139,3130.9338
66583,3024.4404
94658,4405.883
81640,652.7423
86339,4111.1475
556,807.1331
10539,2466.0837
76790,660.9748
2732,1397.3325
27931,5730.388
6959,1212.7366
87503,4875.1987
41234,6234.4023
72432,835.7331
82300,240.79605
54657,1380.1885
27811,5398.035
14691,2442.0205
60031,1642.9015
33311,748.74384
48013,1877.2749
68244,1152.7024
42726,6422.0444
80869,323.9378
28303,3835.6267
33002,955.2513
4656,1976.1117
53706,1690.8984
5465,642.8894
24473,2251.2363
44556,1760.0626
25244,4115.884
17491,738.02264
87426,5009.1387
2887,373.2998
73437,4362.2495
10311,1425.8384
60500,523.6684
75393,3090.9277
18093,7203.452
25877,2635.6802
73868,1131.2809
92244,7980.3955
14303,1400.1298
9981,1704.2395
9019,979.62823
2017,1704.2395
85739,180.14824
86547,576.696
52778,2372.7578
27229,6399.443
23011,2282.3948
20373,3101.3413
75972,966.34033
94909,1642.9015
52949,5300.272
70195,1735.2623
73636,742.7244
30457,3314.2407
18064,2011.7043
53459,717.1925
35760,3164.9365
81489,3517.2969
19480,3234.1892
23180,1834.2217
49416,1366.126
8780,438.97675
73400,3865.3716
58028,692.63007
1660,23716.691
26347,3101.4006
23859,240.79605
43440,7619.611
60617,895.52673
25837,1294.0481
74516,5777.6646
26563,2445.4812
33003,934.9643
19368,1102.9873
21931,1136.8066
79525,721.98883
55210,3713.2441
95508,660.9748
28840,1484.6678
26468,489.50772
23345,7793.7524
77473,2850.3418
7992,1353.6732
23446,738.9878
83067,946.1716
10872,2630.2358
83934,9624.324
72401,2387.267
82293,2791.0962
84203,1415.6582
91617,1008.4451
83493,5113.1255
82552,8038.5327
79801,675.95795
79520,888.1164
92376,1438.458
4692,6491.3296
56088,3430.5852
95182,2178.384
18128,576.1206
27920,5811.3
50220,3236.3079
80235,2775.8337
7926,1474.4081
14652,6273.3135
42958,1523.2738
78825,2840.0298
91544,13527.934
22372,4024.727
94927,3553.9775
54315,1555.5536
49342,6779.159
76000,791.43567
28846,2373.9446
32182,3366.2795
38053,1449.7246
71736,2611.7566
57814,745.5377
20169,3711.405
11394,4669.349
15501,1758.2162
54213,828.122
22648,1602.6868
65098,7347.9434
39152,1638.0356
76123,4656.72
76183,576.1206
16242,3682.2188
16705,3325.3127
30431,4648.287
32153,6151.0747
85407,3410.7666
16776,5764.687
72367,1744.9497
56127,706.3474
78543,2192.7603
36174,1233.2709
48470,1466.6187
85014,4671.974
41251,558.2716
35545,6241.733
67463,3245.067
84637,613.30994
51522,2042.3289
68986,6740.447
49364,1169.9469
82206,1831.8542
97340,5152.3374
84549,2692.8867
28519,1029.467
85000,5710.9536
94951,2373.8438
82557,998.1833
71264,1023.6922
76063,1427.1298
58112,8156.4736
45727,9803.728
58697,985.544
56926,6202.0796
86961,6142.2983
94546,17262.643
96596,621.8013
19326,1894.7225
64548,4439.8193
56091,7290.8813
64942,3074.546
70110,2178.9487
39050,1008.4451
93089,624.5904
99197,9375.546
47050,4786.9175
77787,2925.6096
94452,6207.8403
20427,2141.9102
70141,795.2192
76955,1211.6371
41330,3328.47
51083,2572.4614
3653,4268.9478
45898,1408.9453
87787,1827.4636
97337,1211.6371
12357,848.52563
58557,3759.07
86498,16472.406
87430,1953.0457
37609,4121.647
33762,1909.3107
51226,650.3371
73695,2352.67
65794,1074.7737
13675,3315.4585
43612,914.0678
4754,1393.7244
8760,1813.794
95113,3171.3823
86912,2548.0845
23762,1284.8517
2898,3979.802
79314,2396.992
39125,928.4291
39391,476.3241
84542,1427.2958
79633,1236.8505
87460,1192.3771
5284,4762.5205
99036,5359.1143
82437,2960.8904
44138,10167.897
20947,1492.9152
34705,8789.41
66977,1254.6556
27087,1762.6526
95612,8927.878
7810,3278.4114
72210,967.774
49513,8996.447
49086,541.5337
86808,2484.8152
9473,747.21216
37038,1494.411
47141,6040.603
38474,4176.058
52111,4671.3643
26290,1974.0842
81547,1406.5963
43637,11654.267
53962,2105.149
86522,448.56235
46477,695.3093
54947,1597.712
475,2632.0378
99023,1310.9794
6952,2635.3748
95542,1062.3295
57862,1221.5753
52654,3065.9653
60854,2085.7012
43154,2777.9277
1615,682.1441
5566,1874.1602
82352,1310.9794
86633,800.7933
3321,2005.651
25416,866.9061
26413,3008.6218
98036,1646.8141
48941,376.94287
8139,2144.351
74478,2182.0708
66874,988.5696
94267,2551.868
11792,2521.7476
22819,1433.9362
6920,3693.5774
2580,3096.398
99008,1658.1686
59350,2217.3423
6095,2093.9958
14908,1020.83984
22699,1305.7375
96300,4011.1877
13631,182.86804
33389,7399.402
74760,5323.553
54678,1211.8184
65693,517.8957
22736,5267.372
49385,2772.6914
27377,2464.907
28971,562.08777
67556,6945.1606
94630,1555.5536
87121,687.9474
67055,2663.5828
45929,640.5466
73604,586.9991
1781,2011.9382
7897,4880.0117
4638,1356.6455
15859,1647.5673
52077,1621.586
92039,878.03156
32134,1432.7489
52071,2459.4292
16475,399.55396
66087,1422.115
93549,2197.265
95848,6245.9434
89981,2085.6487
75770,985.544
91588,2636.1492
78007,1264.9429
35547,1648.6932
78129,5496.6777
57118,979.62823
26165,1006.6216
93240,1904.9243
88831,1875.9038
44256,1628.1516
25895,14592.218
94724,753.8644
3006,2162.4878
66340,1775.4089
27717,2283.4011
22208,974.19946
95476,992.9563
28409,8634.393
52311,16151.85
83061,2867.4832
80819,1505.0791
60502,8069.0293
95393,2568.4197
44202,2172.0996
86559,3505.492
68888,650.57355
24987,2898.1074
82403,7886.91
74490,1380.1885
71248,1636.7205
74483,2543.1553
38523,1844.9724
58299,11745.687
58487,2084.344
19968,651.58344
55844,3499.934
87919,1926.9373
26253,3857.5737
18529,388.05426
80,1049.1031
34743,4341.437
81586,2221.7466
37742,746.712
36214,1266.968
89524,2069.2327
71132,2100.0938
69324,4347.636
68315,1200.3965
20253,1411.3909
37190,2026.7059
6559,2811.433
42998,2597.8286
54234,3283.6301
53761,361.18857
38854,1831.6481
58615,1993.1188
85676,7033.395
80636,1513.7992
81587,700.49225
51184,3264.6443
60007,3511.864
97972,881.56085
84152,1264.4501
63112,1024.5417
641,2111.8486
86968,1379.2683
56523,2387.449
420,537.88965
56167,1778.9794
68100,4109.8237
809,1140.4988
73332,1201.5071
84322,3759.0415
64496,4910.9385
63816,2140.0266
63153,10434.762
37560,2306.887
35070,1411.3909
70820,1010.2383
15647,3392.3633
42032,2162.2788
37465,2444.1384
1611,3205.4802
66602,1111.8771
38439,340.31375
18796,2842.5776
18619,3171.3823
91377,898.8765
20378,2608.252
66647,3298.6172
29537,2515.476
5883,1335.5214
3216,4306.5054
92759,2396.992
79851,1406.6356
83716,568.2772
88926,2881.079
54784,1870.2313
33269,1617.5215
17870,1704.0343
62983,3362.0857
15232,1841.8538
15935,11112.752
47207,1829.4768
44452,2625.2585
82334,2882.3845
51993,7411.08
98636,2035.4197
37364,825.813
63078,5726.924
37814,3641.274
2432,3953.6113
21792,1776.1084
26628,6630.941
57742,666.20953
52130,3993.94
28318,3633.0107
86042,3839.126
50394,990.2011
65714,2042.3289
68639,1384.6282
58333,462.20035
94001,3991.0042
18190,9867.952
75401,351.35803
14099,782.4428
71335,5290.514
59899,542.7482
3832,1064.9133
30490,628.4675
21464,664.2369
2805,1928.2262
85639,1042.2432
29686,1323.1958
59455,448.56235
67765,530.0539
37999,1530.6143
35368,1816.4684
91566,473.42496
83448,278.87665
10122,442.64545
71433,4009.9128
8815,6791.5684
30831,2260.0203
91410,1128.9664
13606,2162.5872
21326,2895.3755
64267,1356.9119
25113,1934.7773
32382,10350.816
40894,1807.1226
87966,699.76953
18503,196.84964
11799,3098.321
65973,4429.973
96499,18167.06
51241,13332.098
34391,2217.183
35308,3991.0042
29922,450.81137
96332,3218.753
71136,2793.9487
55615,6548.7124
223,946.4113
3340,1541.1877
82356,1926.8632
86216,1428.7577
93458,1370.0408
75189,3300.025
21336,3418.7146
86005,1284.0378
35154,2052.6663
88112,4265.977
98216,2431.7446
9213,11671.647
99572,988.6628
30370,8505.988
22575,1547.1124
71024,1782.7812
49738,624.98596
48444,1683.6025
99259,2164.9646
78692,448.094
505,3727.1587
50815,2490.0586
94801,767.6705
87331,1111.8771
67214,1971.8323
45301,2126.3882
22105,1778.5276
86626,5092.433
80801,4177.6367
34991,2857.6018
17895,4337.455
26395,2108.5984
9327,1674.1195
14795,6127.7515
68675,2383.3367
58988,1898.7524
43475,5193.8813
50262,1865.1024
69790,1137.1404
90873,513.63525
77970,1313.3992
8993,4789.0166
16866,11548.117
85722,2993.6062
86009,2999.307
8059,2035.96
92149,14542.433
59446,391.58023
36538,6638.4937
41895,2273.7214
31314,10251.23
51880,2260.0203
93980,1953.0916
12175,3713.9595
72725,1364.6495
70487,2867.4832
26150,2143.667
36571,4902.0845
59480,1185.3735
89255,6282.389
17056,3369.1736
26756,2605.0315
74603,2140.0266
13472,948.4403
86193,1976.1821
56152,8623.78
45444,4403.3516
15577,1916.6683
40353,3483.7815
95234,2165.3494
35311,1761.2833
78748,673.7774
12895,1894.8354
79164,2312.344
25753,4387.601
40153,512.9863
69360,1527.4811
9751,1246.0327
37493,1219.1384
55813,2821.0706
39026,1248.6155
21257,2436.258
98195,2174.5786
58590,1775.4089
28114,3061.6296
40847,2026.1504
68143,3279.5327
31340,6757.3037
70485,2296.681
15873,1234.5558
11645,5848.837
99908,4280.8613
76766,2526.631
5478,1704.2395
82107,1322.5953
91141,3137.4246
88088,1010.2383
93536,1535.8585
57379,1727.1162
69155,7184.067
44648,705.1709
63440,1256.043
39946,576.54126
31088,467.71848
40753,15886.102
83700,1244.734
68952,2325.291
24578,341.89136
27047,351.35803
86478,3648.601
58734,3096.8762
60881,3172.022
16340,1126.9415
79288,1984.9095
5295,5533.6543
98393,1441.002
18427,3059.3513
10355,4844.37
59127,2308.8384
13608,2023.0128
85352,2222.9658
95531,6777.616
18211,6299.7246
56658,3662.6418
44491,1648.6932
24869,2240.8928
87583,1695.1274
2808,2024.8724
82846,852.9741
95693,3227.0498
71439,2355.5298
77954,2043.6564
61419,1644.685
45208,733.88367
74250,894.6315
81450,1351.5554
70002,13129.797
91804,5619.2495
10154,890.0735
17992,2844.4006
16483,8044.29
28748,525.3569
4661,1452.8433
53134,4912.461
521,850.7037
98286,20008.66
15943,3422.998
10234,3285.0894
54556,1967.7174
7669,1666.7913
25059,1350.1388
44026,2309.6277
99346,3666.2524
37964,1408.9453
21460,3283.6301
22366,4378.926
53024,149.01416
93975,2370.1384
72100,3144.526
18471,1497.5297
21421,851.9989
72835,1554.3148
13355,1583.3109
65163,2753.934
63483,798.4502
19518,4686.953
98467,1267.8112
29909,1815.596
74673,2360.9834
8271,978.7844
57494,1351.201
8079,2011.9382
39460,2972.4487
69003,1169.9469
96888,3437.3035
47579,538.99133
28398,4856.69
18756,921.86163
12850,974.2562
20656,1231.6395
93131,5751.057
4248,1794.2736
1655,1217.3973
22546,928.4291
89108,1782.606
22116,11009.257
68865,4665.0845
83921,810.09814
65804,1191.0219
5816,2531.2239
48743,503.86053
81074,4789.8145
45632,2826.8281
32679,1969.673
94144,3690.495
44601,2954.2073
29382,685.57385
47173,954.56647
37001,2852.998
78530,1827.4636
24224,1792.284
26775,4386.866
74654,3336.3887
55154,1369.0995
84466,1264.9429
92631,927.3815
29229,185.82755
71123,1143.4246
20554,17211.01
16615,4504.389
94241,3373.846
45493,416.5042
49925,2037.8359
56141,2240.8928
93936,1204.5852
45026,3195.4458
17618,1145.2266
62914,344.39023
86439,1977.7017
85848,3843.1309
44739,20904.81
52818,1884.697
80554,1774.2665
87291,560.14276
74380,547.1408
34928,12469.92
78137,9418.569
99978,1515.5458
7157,3111.7979
43240,1596.4222
13335,5347.869
10020,1710.4393
73213,8445.6455
49675,1101.541
20894,2752.0583
61437,340.6813
66937,3128.5615
50258,2993.6062
85784,2381.2703
31783,1214.6377
55085,881.2302
41344,423.8956
30994,476.6189
12259,745.20404
33129,2916.447
2458,4501.183
75019,2457.2012
20811,1174.8925
59059,375.80453
41957,1711.9882
43431,847.3793
1832,14383.878
90665,1448.6859
22900,11927.816
66166,3670.5396
4024,5475.7383
68749,14333.284
43266,4592.286
40113,1659.2743
1606,2144.351
82696,305.96213
74725,810.09814
97080,2084.344
80145,4971.96
61979,1589.6144
21010,2485.392
6824,487.72324
54897,4686.8647
6565,6131.1616
31940,803.61707
3826,2449.8108
82638,6351.924
61865,1113.2213
47480,16656.293
40804,928.4291
56910,4920.201
56396,2313.7605
26179,838.286
18890,1306.3911
82617,2003.9922
69065,4325.4375
22720,969.5479
75162,1419.2919
24496,2726.2336
88070,2425.1274
85768,621.5883
77880,2772.2063
89074,473.1671
24856,617.00684
54968,4329.489
94164,1901.195
60679,8088.255
81527,2174.2395
2787,979.8196
61667,2831.5432
94362,3555.9763
12926,2217.3423
60267,2796.8308
52640,7787.7407
43512,1106.4478
34927,13070.549
37820,1209.3295
108,854.7586
84877,3874.2312
59628,2548.5217
85782,1730.1772
78836,794.3528
34959,5476.575
3239,2079.139
47530,1879.6178
3977,993.0076
18308,1737.3792
4145,2560.93
26631,4605.6387
95605,5682.2485
44525,2075.8323
80083,5080.9326
90280,3097.6187
10826,1383.5977
35174,759.97736
3593,2599.1238
10863,166.52086
36695,1188.3782
15785,2612.346
43048,1085.5226
7900,1304.0093
58319,4373.885
66716,816.0304
43624,900.9667
5931,3220.1572
31757,3133.3123
2903,990.1776
69526,1725.023
46376,1382.5629
99934,3305.6445
60937,1442.3081
6453,2090.351
71819,5869.005
60922,498.5234
54969,6963.788
42646,3954.1814
70283,4598.7207
21324,1254.6556
34603,5425.5513
97341,1493.9215
78147,14039.053
51090,2539.6475
83108,1138.189
28563,735.30524
86527,2775.8337
96944,1291.7476
48530,10027.571
72531,1756.1676
33994,527.6585
97725,5751.804
2172,881.04846
74399,2898.1074
28147,2376.133
41689,3584.4448
5455,4078.205
77479,2077.5938
5532,3419.142
95362,1108.6718
56337,268.93106
89623,5255.367
68150,2302.0645
60947,3756.541
32009,3151.0925
84026,713.70337
47466,2781.7188
89656,1573.9427
81892,1683.2942
14635,2859.1902
39258,669.5141
464,1075.9983
52341,1748.9768
69855,3328.47
35140,2655.2163
15287,3308.18
66238,795.4491
53957,2283.3403
54285,6316.5093
22683,1168.4924
40331,525.31976
71615,982.86255
32320,2341.1404
27021,4558.6787
51068,1517.199
21315,3740.4834
74542,2755.5728
8378,2409.5505
85760,2665.5903
64830,1204.6898
74066,2162.6182
24207,2455.3945
28865,1380.601
76360,3370.335
47422,392.2172
62872,2668.0962
26465,6392.401
90250,367.1133
45565,3820.2092
74640,2776.552
91215,692.63007
81543,3627.017
86265,3277.9429
85368,3759.07
73039,3344.7102
8747,1101.541
81247,1194.4071
74208,1468.9237
57901,1731.9299
11075,1984.6582
1341,1582.2855
654,2091.9912
10235,1168.3179
84007,9505.926
57945,1424.2452
84464,4554.6396
75940,1377.7017
79005,1898.7524
6454,4553.2803
73978,2248.8542
57358,932.92456
9685,1051.5862
60189,832.2317
71117,1879.6178
79171,8224.084
82059,3474.1948
1678,1916.6683
55112,4944.992
50403,4250.7188
99399,4054.4038
16082,1113.6783
55164,6233.599
51510,2595.834
89583,964.97675
49568,804.91876
24631,1635.545
24469,2062.3484
92589,9504.67
99871,1767.0027
53493,746.1471
59157,1773.5294
54091,890.0735
83531,1669.2518
14071,4081.78
67318,4219.425
79590,1306.3911
9391,1551.939
31366,4250.7188
1338,1834.9729
36163,861.63385
39916,1877.2749
56983,3091.7048
64426,5754.7217
30825,788.62317
69014,812.5325
14678,3070.8376
81059,2883.567
46789,2742.2314
18947,20177.17
53075,1461.7399
20628,462.89902
74468,1230.0345
24929,877.619
42121,1557.4335
17427,3386.1746
48336,2696.9746
28807,4513.57
90872,5063.807
86171,1743.5266
97671,1350.5546
52500,258.52957
15631,3423.0896
9688,1244.9807
52797,1895.0442
21183,1354.8928
97635,8654.263
4531,284.40234
55775,841.65875
52677,693.7196
65474,1075.9982
53783,3448.811
15381,3063.4983
9913,1243.2277
47740,1544.7642
74323,6496.9644
51355,13303.312
7706,519.86725
74612,448.56235
70470,10506.768
93878,3341.6912
74540,3411.4695
34542,642.66876
41003,1120.4307
63912,1473.2957
17032,1562.8021
62203,6638.4937
90611,8792.016
92356,2084.344
46668,3126.6074
53111,2650.9543
51824,679.30597
9154,1573.5973
78795,2387.6597
7956,534.1009
59148,2140.6343
31929,2183.2847
44312,5245.316
21587,4397.0225
68578,1867.4552
86488,3125.668
93854,8844.754
81810,2944.6233
63453,1735.0979
58887,1771.9692
57175,4168.5728
82616,331.94568
64954,1349.3413
30517,847.8687
58905,1025.1725
17989,1490.6084
10030,2480.1033
8608,7130.2373
73575,3617.5923
96878,4548.9443
90071,1403.517
9676,3779.4531
76837,5323.889
61994,2697.026
73768,3358.2117
26601,29611.77
79549,2971.829
34055,1830.9644
60457,1613.6278
93255,740.4138
57736,3763.452
1835,636.2927
71901,1194.3176
66210,1989.1716
15970,7393.873
67416,1766.8503
68706,10118.196
14619,2574.8267
38002,2343.0327
86381,512.06
29492,2326.0547
9600,4075.7173
10296,1942.5765
7123,352.00696
24934,962.84186
52853,1217.3973
31576,3858.9146
54210,761.47345
84428,2848.9805
615,6907.946
77350,1085.7855
37222,3091.7048
99866,2772.2334
15762,1253.6819
65729,7126.922
41853,851.3141
718,364.14807
16328,1266.1731
49467,3309.313
99330,4732.9604
56114,5673.376
26268,1353.6732
49176,3720.4355
5956,3173.7388
47393,3407.3333
9660,6706.8716
37619,1441.578
67650,1663.9298
69396,981.26575
52222,3000.6335
7335,1839.2782
47075,5805.0537
34582,1207.3488
55689,979.62823
27622,3619.6401
73141,7586.502
43032,5364.4087
48850,890.32776
39433,1797.1322
40046,1188.8767
58403,2140.6343
96427,4598.7207
82310,890.83875
90648,962.3128
19128,1582.2855
74046,936.1629
13899,6618.2305
88053,1127.1619
74147,525.7244
35855,3335.633
61018,4734.3687
29184,7275.314
35524,3979.802
8502,1407.6007
3426,5542.528
453,2898.1074
36608,6854.187
44352,9202.826
3696,1270.1233
85353,2787.7446
87046,3425.5337
95870,928.4291
9670,1640.3419
33184,5691.1733
11526,5190.954
733,3114.7864
8791,5216.575
95189,867.39557
68929,2044.6909
88230,3679.775
68834,370.89053
28709,285.7717
24539,1573.9427
87809,7985.316
53148,872.8815
40580,9788.842
23961,2918.9187
13163,1250.5632
44913,2443.641
22250,2538.461
93405,1370.5907
59335,1327.3685
35084,4403.0083
77274,1223.2606
46613,517.765
80395,2869.3293
73404,1170.8021
17602,3293.6423
75462,5970.157
98582,2526.6558
64931,3064.0642
97487,800.62164
98006,3333.7654
36203,673.02313
6779,11669.195
36017,549.09375
40727,2370.1384
21318,1801.5637
20123,4424.319
48669,628.4675
67745,3701.4417
97932,1414.7695
34972,594.8762
7781,990.2011
64705,2972.843
58630,625.6648
92517,1712.0885
15960,1651.2607
60629,1635.545
54206,4532.4824
24397,6618.4854
72640,1874.1562
64556,4232.4185
28682,6255.429
50750,3536.1433
82759,2370.1384
96110,2285.3943
27513,2687.913
93129,6353.297
40133,1186.0597
38227,1639.3967
98727,2522.6052
53430,5147.5
61717,1749.0304
90234,2207.907
64773,5701.47
4572,835.4349
18304,690.8829
20384,650.3367
97733,445.23123
75454,6131.1616
94029,2796.8308
60799,9763.443
57036,3196.429
21955,1140.9061
74388,8410.782
5840,2176.6265
89770,778.27655
1006,4999.038
56554,2271.8694
14424,349.77896
94810,425.4641
33139,4651.9385
76613,5312.987
48122,20417.139
88532,6842.708
69815,3184.8347
36960,3201.6619
72315,885.5167
42488,1907.4044
35832,5975.2104
41732,6554.3887
75513,2348.2434
59690,3720.4548
70187,2845.9814
74136,8773.89
98186,10497.333
90462,1383.8136
17684,830.7366
75352,2248.8542
6373,5472.174
31201,3845.2974
72983,4016.7834
35322,340.31375
70294,323.28894
68000,4648.2124
16590,2532.052
15908,10001.49
93719,10651.53
30656,1835.4807
43970,3090.9277
5244,1083.4236
36534,1214.6377
29754,5743.3086
72439,1264.9429
84500,4004.506
92818,3295.3865
67748,1816.9579
76698,1030.9742
67075,7721.8125
65254,2688.7654
59065,2097.0767
93899,1118.9951
44923,687.7678
12025,1551.095
24734,851.3141
16025,2118.9946
96876,2542.992
7446,746.712
23869,1276.1741
68357,1289.5608
55019,4733.0034
87783,3304.8684
53176,352.00696
7864,15806.5205
40970,746.1471
33446,1316.4163
49220,534.2989
37535,6282.527
3628,4757.8413
48959,1223.2606
95900,1042.2432
4578,1624.5204
15823,1445.7642
68265,898.64557
87652,974.94104
47364,838.9708
72629,6903.685
34996,1977.0228
2142,576.1206
41719,2049.0054
86064,2577.204
16915,7577.243
2991,251.23717
75726,2380.1628
31588,918.5206
27049,338.24503
13630,1343.2301
43649,2140.6343
91754,4045.6511
45714,1497.5297
177,7401.9907
76335,1204.2821
64091,4409.523
41696,3391.1492
77952,365.24753
69094,604.82495
79639,1100.8248
59706,2921.8772
16892,2189.843
80397,2443.641
27838,5116.2637
98818,8346.291
81279,3430.0276
68767,2012.3372
6770,1424.0881
74653,3118.6833
47651,7268.3706
68933,1020.57367
35541,4329.585
92600,6865.47
59647,1533.9583
30272,1764.3971
45574,1034.4316
12719,3878.693
19869,2302.0645
9393,1446.3132
96584,2139.1145
78677,1214.5352
96411,417.1531
62291,1930.4354
20186,5803.216
92207,2022.6356
51587,2597.8286
27120,3843.9302
14887,5231.002
49540,8218.234
86958,1937.1437
63662,1689.9799
85351,2098.1047
86348,1965.6328
8096,4937.3247
75369,1255.4146
80887,1740.408
64279,6931.436
62034,1547.1124
16093,927.3815
96866,1449.0458
83329,4159.9785
21070,1896.4458
76038,9475.889
19670,4962.4507
44941,3057.1865
1579,807.1331
87224,5023.424
71505,20341.03
49252,10212.129
85180,818.2433
43468,1073.441
86591,1685.0087
9861,723.1856
53860,8058.369
41697,2031.2955
40963,1406.5963
31089,2912.2737
1879,1855.5859
12207,1082.5564
17081,475.1857
1061,1020.8892
93688,1967.6555
79656,1298.0814
91926,1263.987
73634,1062.3295
83893,6601.2114
38082,1831.8542
83762,2597.6052
58149,974.19946
94010,3377.7021
68377,3627.707
56317,2214.1438
8400,1122.0645
2470,278.87665
51431,1483.9304
1779,1685.6444
13505,2995.6492
83111,699.76953
88845,3519.0134
43541,5656.266
92776,2640.6626
46915,736.2698
6671,629.6418
31330,646.24615
3038,18161.682
37135,1038.9729
3651,6543.891
73067,16345.163
75511,848.52563
96071,1898.3868
43020,15158.22
64108,593.65137
2155,3044.6414
65426,4598.3784
38423,4471.729
36907,8496.197
8560,1830.9644
25370,2704.0867
3526,4042.0361
42332,5183.995
42080,2077.4753
65690,2031.2308
18904,749.8058
46007,770.1553
14616,1982.6714
99414,914.64185
17152,4915.5703
54282,1534.1333
53966,7064.259
10729,2890.9019
69467,886.19556
28310,674.4622
17229,799.90607
94017,459.09595
4180,2341.1404
73440,2831.5432
68699,3843.196
69839,1010.17395
84742,2849.9707
99850,2391.825
47551,3836.591
59989,3633.0107
23685,3685.0444
86428,620.05927
52196,3149.6003
51790,2274.2495
20293,2111.4312
46176,21834.586
51305,9448.173
78171,5331.695
36421,1236.3488
24091,1497.5297
69206,2582.6155
75830,2072.561
14483,2445.4812
34809,2597.636
36435,1227.0173
52297,1646.2446
21507,1683.4447
20645,2878.9631
45678,4212.126
27747,3186.515
37648,3727.009
24922,475.50122
1697,881.3249
94896,2565.3433
58562,7346.541
23780,1167.5991
38235,1350.8236
36619,1180.754
34133,714.5125
60962,3964.5654
91346,1230.429
14373,1462.583
20000,2526.93
42633,1552.9822
15370,3671.2498
20601,3122.9414
79755,1114.7533
72278,595.9149
73879,4468.097
41171,1025.1725
43887,2524.8538
52622,4285.5728
5333,3016.0283
7703,795.00397
59312,432.86282
83308,2333.157
35296,1877.2749
53273,3222.645
33031,721.98883
87159,1372.2823
73546,1050.2535
62410,4187.058
11999,3624.7085
38611,935.58594
61860,3874.4797
83484,5058.273
17256,2877.9983
68884,8805.154
33132,7214.4673
43134,1250.5632
74836,2467.4976
90043,1650.9714
11678,1552.4349
66586,4392.648
54461,2523.8774
44078,2450.7146
58633,1019.853
73870,948.4403
80421,513.63525
26519,1690.8984
81276,11739.607
52523,2376.934
67902,1182.2529
63328,451.75665
53118,2458.0
36393,2003.3333
21322,599.8012
63489,4578.4014
2317,3519.567
97797,413.6741
45773,3091.2756
92673,3755.435
3483,1101.541
96826,3679.2305
16685,6126.8555
65355,595.56104
19295,797.6656
82644,4422.732
32115,9428.379
37977,2521.34
82414,798.7318
46640,822.3788
23578,1441.578
82030,4549.1
67334,2483.1858
63346,12412.954
92186,3796.6836
93928,3995.2283
41718,2461.6074
61443,962.84186
90438,19250.105
92575,1731.9792
28711,1661.9917
45021,324.8546
82071,476.3241
12630,7605.484
73839,2577.0833
5632,899.9128
29591,1194.0708
16675,122.75987
74948,2632.0378
28109,1856.0372
21661,2077.4758
90047,1415.5518
42868,2583.628
31067,9227.55
90737,7772.282
51353,4400.3955
15974,4269.2607
57367,1994.1638
91044,4407.0854
78750,2954.2073
83439,3880.3396
13481,1394.2139
4813,1774.272
42415,2088.1846
18688,879.04236
94207,661.9502
81498,1149.5641
27048,2907.4197
3094,2016.7441
24839,6012.309
89553,3075.351
22123,2853.4727
739,1267.1506
36441,2193.9968
20855,2510.0164
56817,3159.9814
42073,709.2474
82847,1019.6479
97881,6432.6143
41343,2328.7666
70211,4255.6016
48321,4329.585
55091,1309.6158
44977,6305.4756
84295,1166.8282
90788,34733.33
53086,1391.5133
83887,1164.6315
16829,4752.186
99000,3429.2776
17146,1229.0063
78649,1827.4636
27328,25423.54
1588,1966.6902
80202,37361.273
14216,1354.8928
22556,7480.915
69768,1583.3109
65967,762.965
91067,1924.8534
56236,3343.5222
14582,1928.2073
14715,1306.9414
23235,4145.12
84625,3560.2698
24896,1793.0618
86647,727.2507
86600,697.0128
93909,1800.1989
66731,2372.0225
6270,3389.6804
25162,1024.9246
89932,2374.5527
69011,5041.3687
91814,1101.8667
9100,934.9071
14195,579.9389
60849,13632.967
79001,1091.2349
18488,4344.1235
14919,2124.9023
57271,5901.6196
86927,8253.694
48082,1172.1702
59593,1227.0173
92638,3263.4578
15556,16201.709
44645,1223.8035
38908,2075.407
80714,353.30176
89988,747.0618
96076,7771.003
15695,1115.4321
78181,2042.3289
32097,2464.5125
42212,4561.689
59285,2788.65
64789,373.2998
96311,4927.037
79100,2124.9023
44652,4271.9185
3132,14429.428
87512,730.81165
96027,1322.812
46924,4390.562
48371,2267.7456
35699,1654.3232
76021,1940.8643
31329,836.92456
52009,2275.5012
73083,4924.74
71951,2130.616
46898,2054.686
98246,1020.4768
2964,8292.691
752,2768.5325
99681,11077.939
87092,624.98596
7075,2636.1492
25852,1815.3989
26077,1775.7996
7287,3051.311
91008,3665.1445
90528,555.6222
11248,3231.3958
62454,3285.4685
18671,1940.2756
83918,5034.8613
36312,8700.381
66237,2896.5488
93656,268.1649
73497,1306.3911
79834,1868.7256
33076,4817.789
18562,3472.359
24600,2152.3528
45405,18235.24
31845,965.5218
51872,2598.1868
53184,1724.2845
76308,1546.7944
99800,1816.4426
37111,1966.1823
51397,1638.3881
88665,1602.7445
4577,4110.1714
60076,4614.2085
27691,5994.0464
86425,3873.146
64527,800.6849
95026,1952.906
78184,7471.3945
12074,2387.6597
44204,6966.6235
74436,1212.7366
56121,6027.6016
11738,645.0862
46399,1515.5458
61630,624.49634
30142,3462.5261
22309,14056.955
21366,2669.282
83171,3437.18
49189,380.35242
90461,706.94525
70556,2636.612
19071,1327.3685
88744,1448.6859
93460,1460.6852
94088,625.18115
77345,1006.15735
81080,4526.498
67308,3701.4417
41522,2641.1436
47707,5711.9424
62918,1221.6823
15933,5488.6987
76143,9387.15
99852,3120.8267
61786,653.0806
68562,4837.193
43146,1352.9714
48367,1269.1084
56501,731.4905
21933,3314.2407
84012,1756.7418
23710,2143.7532
66352,10319.374
70572,6432.6143
51126,474.34256
95984,1064.0148
74076,3474.3027
79353,3378.5403
18644,726.3221
89792,538.5386
32521,1285.6948
38122,2538.2422
63892,4644.3604
32419,2283.4011
90866,4034.517
36591,694.89386
9452,13819.489
9315,3367.4082
21974,1331.4655
67122,1548.5817
43235,6578.211
28699,485.44162
7700,2578.0117
32915,3330.442
4016,1134.9232
9369,1789.7495
49204,520.08136
21246,624.98596
26069,3222.645
683,2301.6328
67694,2119.5715
96476,2081.5671
74684,4511.64
84536,9371.9375
36294,2332.289
50018,2968.7197
82650,3216.1274
66091,1738.4806
83233,1120.4751
46953,1307.3975
98232,438.94144
49881,2213.3076
28452,3828.2202
28308,2081.545
94278,5472.5024
95742,3496.7505
46685,1121.8036
24500,3415.9111
82023,2674.0554
28740,1578.6774
45836,890.0735
2105,1062.8405
51913,538.57825
2955,624.0069
17495,437.9371
53377,1044.9872
92847,4225.702
65228,352.00696
41361,5542.066
4534,6698.917
37168,2715.8032
49481,1513.7737
72846,5544.746
12597,6173.582
65732,2105.6687
41004,1042.0625
39571,1811.8461
92425,3324.8286
28491,803.6986
22660,1690.6587
97853,900.71735
63428,1119.4846
77870,1336.294
39091,1707.9205
39174,1602.7445
25579,5080.2847
44721,2392.6033
74980,429.93024
16163,2214.1172
73212,349.77896
21917,2347.3909
55484,2818.6218
16188,2702.647
58217,4697.265
99980,1809.877
15328,3633.7402
633,1300.6968
61903,1954.0381
29381,823.3083
4481,535.6797
12197,12594.918
88573,1548.5817
28099,22451.527
72476,2464.5125
77864,3687.599
52110,892.26044
2443,2499.7297
13711,2015.606
18517,2603.3494
70491,4314.957
22079,4205.02
40835,5862.216
95761,1103.4768
65703,4761.7476
66855,7514.0864
68252,954.9654
89336,3655.6748
74584,3285.4685
38314,501.76678
5851,3581.9277
70996,1258.2904
83053,3357.9785
37851,1208.6997
67584,2633.6943
60948,1133.5906
62560,2623.284
50207,2317.8325
8409,1605.5856
4938,1122.6033
87053,1337.391
56624,1332.0466
83739,1302.9858
28713,1207.3488
71740,1230.429
29241,1433.9362
29996,2550.1692
75081,1645.0326
66439,4658.5933
27176,697.77484
56033,2263.441
23790,7670.8213
22585,2956.7961
43613,1049.1031
4057,5382.5747
57512,1380.601
56276,11009.161
95694,233.3598
4300,4060.908
5104,642.8894
34183,4933.294
52887,2515.476
94405,2318.5212
50222,628.957
75491,642.8894
15090,1069.8717
90218,825.1282
92279,4718.0225
95840,3054.2654
84492,821.694
78940,2007.4427
28994,799.90607
6577,4060.908
88055,3018.1404
15334,1034.2009
9957,1074.7737
30067,1101.5096
95631,3783.169
61399,1450.8861
27909,3752.7148
7288,2935.4976
93275,1981.8282
33116,957.28314
77279,1758.0745
6041,3382.0154
39742,5414.993
13548,723.1856
93963,579.7836
76989,2217.443
18469,3254.3608
73738,1658.1686
78667,1419.3295
18929,481.23788
24281,1707.9205
49267,1661.7917
57224,4478.3105
60170,1249.2306
73204,5488.473
3913,438.56897
70179,2826.8281
72225,2296.681
18766,2518.6223
5083,5143.5737
56225,294.02472
74110,1051.5862
15565,5876.9204
95286,1115.4321
80050,1418.2767
98256,2819.0476
2345,905.59924
444,3102.7024
46922,2990.1582
69022,16313.222
18547,5761.1294
99553,3438.867
67413,1067.9019
34578,3566.609
95267,1545.6418
87998,6262.0815
19474,2214.1438
45294,1844.9724
64475,821.0414
11338,2785.323
68130,3804.169
64151,1757.585
37443,1322.3678
67742,2601.0898
92926,1171.6885
10750,1715.2094
87948,607.7927
11244,963.0799
1898,4183.7236
86661,1450.3966
48858,4075.8635
98354,2611.614
75869,2138.6338
60526,1960.9426
39681,1049.1051
29966,692.63007
13416,3385.7117
56881,2849.6724
49486,3262.3716
80047,2469.45
85568,2146.6204
76010,5229.3857
67054,11138.516
21496,16172.092
31718,1506.0575
20125,1877.5671
66562,2462.9565
66923,938.56256
36913,2011.9382
57227,1395.1215
18858,1754.0919
7216,2436.218
93913,359.804
10881,5895.986
51416,3790.3357
66290,11587.809
97688,2742.6985
23795,1393.4072
53326,1578.6774
15077,1811.3239
71754,1397.3325
92805,825.19116
98783,1351.0746
97771,679.5818
99622,1514.7493
60775,1626.2875
49077,2187.8938
67533,1577.8342
83622,1879.6178
98395,1052.3298
60885,1300.6968
34935,1318.9031
90857,3626.2903
81379,726.0653
74470,3100.9968
29039,2970.2136
99492,1792.6633
66910,2442.0205
34696,2983.2095
52230,3897.2454
28826,3810.1108
22537,1170.8021
42798,1153.7844
73691,2914.3481
36923,1476.3995
82022,2270.456
3583,4161.22
61059,3739.054
76979,1822.5223
63197,1890.7134
47303,2572.0908
43493,1485.1791
43485,759.0437
38728,2788.204
20192,498.5403
85215,1620.9573
49857,2187.8938
98410,2126.8052
64714,3720.5679
69376,1123.1925
27485,588.4784
43920,3563.5999
42083,1169.9469
75396,1177.9973
84145,1392.0028
33110,1579.1669
50553,2376.0955
24658,1114.7533
20964,2204.4265
98896,2340.5747
11465,2217.6091
92606,5021.805
41627,1041.5759
24202,1330.3535
57741,1557.4335
57768,1946.5358
55662,2620.541
52623,8017.1157
95779,2318.7966
95633,4132.321
23716,27846.016
75168,1020.4549
76478,2280.2822
2225,2858.0667
73110,6482.99
47695,3099.568
72421,774.71014
67734,2271.0403
22995,1670.781
90774,1497.5297
68532,2617.041
36799,881.2302
93137,6617.792
88116,975.74243
47626,2379.6548
93196,7470.742
90227,1398.4177
27672,1517.199
53781,3521.0781
43559,4237.4365
61599,1492.681
95957,3248.8992
8783,2002.361
18976,1994.1638
5982,3647.2815
48314,2949.8289
75282,4187.4336
34982,1212.7366
26094,2007.1108
35745,1469.4313
11631,1247.6589
36429,1513.7389
46240,743.40924
32948,3505.1418
55,8052.9346
20176,1602.6652
75240,286.26117
51749,4579.325
99890,1800.1989
25583,1534.1333
56306,6149.1245
48966,1671.0538
55723,4170.91
85077,1744.1873
88252,745.8141
22489,268.1649
92995,2853.4727
28536,1457.94
86987,2021.0215
5432,835.9754
69042,1559.7328
41596,606.771
19537,743.40924
11854,2611.7566
38344,1327.3685
35365,1712.0885
22360,2201.9019
35306,3339.6555
29921,766.4195
20914,3511.864
47538,1186.2167
63865,3059.3513
32974,1683.8544
32602,1209.6179
48404,573.56116
19299,2597.8286
61880,1208.6997
27158,3752.7148
61242,1253.6819
26299,1519.7438
82929,1450.8861
30209,672.44495
80557,2978.3237
93512,5889.582
19092,3274.4666
20216,1178.9556
68394,1212.7366
30790,735.4986
71207,1062.3295
82311,2726.4758
51640,899.9128
95201,2870.3196
87128,4361.0913
18378,1797.0802
31891,820.20776
6267,12089.328
81940,8408.864
51503,932.82227
25703,3873.7214
81209,579.7836
7402,2446.695
99698,5784.694
51046,8678.872
9064,541.0062
97261,925.83307
78449,1580.91
88614,2273.8345
3184,1807.7433
37972,1874.1562
22961,2124.4229
56208,3631.532
76785,2026.2719
9017,4820.638
6528,5807.7334
6900,1201.4956
89224,1120.135
50962,2182.0708
3331,1153.4685
43825,967.6825
665,2200.3264
7853,1616.8585
32200,1111.8771
3392,4258.2266
75697,1014.1324
80177,1654.2948
431,4579.331
32466,560.8276
45473,990.56946
90188,4184.324
21673,1154.035
29358,521.3157
63593,713.116
82550,3432.9756
36328,382.95114
41843,1284.8517
74138,3115.5986
87047,1160.7919
28868,1091.3274
13796,3248.8992
87336,4035.426
28423,1725.3965
966,2726.4758
52650,2733.9482
36491,1339.0785
63364,672.5095
2518,872.3859
93802,3868.9304
92309,5486.8086
80249,3713.106
91795,12000.614
96402,2689.254
57306,1557.4335
65480,7682.7085
73064,2045.7964
2810,2011.9382
96923,7028.9497
20654,2636.6218
72389,3954.1814
98594,2213.2483
8204,953.51495
38771,2937.9382
2774,9345.092
30305,501.76678
51861,1433.9362
14978,2980.6658
32256,2217.3423
22453,1665.4855
91057,2110.516
85857,1133.4514
99746,2244.796
74447,1815.6252
94567,2708.9426
64380,2496.483
63864,1008.4451
34526,790.3517
55345,3651.5688
40324,795.4491
41837,2457.4507
9099,868.78613
3105,818.2433
77061,1951.5468
68814,1595.7576
50793,5119.192
13663,797.6656
40337,7293.793
79856,3378.225
53662,763.36285
14671,4734.504
55543,1230.5991
40135,7836.943
95386,2464.907
7139,3517.2969
26498,5521.72
13916,1081.8508
55128,1276.1741
8473,2799.1824
14141,561.2909
1848,1183.2793
41084,590.06433
43760,1164.8007
11486,1646.8141
47798,1361.439
85750,3891.448
87631,2499.2627
70490,715.0671
15739,1056.3612
58673,220.80704
76227,505.5692
59253,564.7522
30959,10301.063
26547,3063.4983
89245,1015.867
16951,1227.0173
15529,2453.2568
68977,1138.189
91358,1456.5953
53766,1661.9917
8558,2362.887
86934,3327.6973
10270,3641.0107
49530,2472.0547
37634,3032.866
69679,5189.1436
25426,861.7469
8866,3630.9429
41818,2088.1846
75157,6954.0327
49307,1307.5691
59249,1264.0353
23811,1719.958
27023,7436.784
66701,2189.5376
54560,1636.7205
13465,5784.576
23935,420.85168
66790,417.1531
67892,11131.541
55715,1457.6648
80335,1859.021
30006,3866.1926
53358,8765.633
15002,2075.407
75537,7758.946
24014,1525.0288
87537,3962.12
40845,5956.237
72325,1954.0381
51135,3150.4607
21995,2085.184
19607,1551.9556
17373,355.7275
10385,290.24185
76632,2464.907
48433,1412.7588
60959,825.0761
49461,8880.122
37289,962.2718
53103,4135.6274
6162,790.3517
40068,887.76495
79646,1292.1133
85087,3673.4675
52053,923.14185
12231,898.7253
24036,837.7455
82789,891.00653
40807,1515.1879
60157,750.4024
46318,1855.5859
75867,946.00543
25186,2296.681
86135,1356.6654
12954,891.69135
90005,2252.8853
6707,1306.5807
97768,2478.266
79784,799.90607
74659,645.56134
67162,524.15784
95776,1558.4043
35221,3688.9504
45325,4633.3843
4179,4015.4216
70795,1800.1989
18833,5093.6147
91469,682.3818
32254,4649.098
65009,469.49057
86457,531.04553
72564,2308.8384
8402,2248.157
28678,970.339
91233,1214.4722
13628,889.21765
45442,9633.08
26938,1153.7844
50900,559.12823
45750,2409.0215
10315,66.445694
76358,1205.8258
63534,183.13159
48983,1299.0168
33250,535.55896
16000,6444.9463
23221,7340.18
26323,7795.8945
22095,1583.3922
4750,1251.3253
48323,2990.3196
95702,1362.282
72183,1433.9362
57155,726.0653
44771,1223.1189
84334,525.3569
83313,973.45776
60052,2184.356
47114,1834.9729
88897,2097.133
30998,2622.6487
28101,4230.0015
70939,2212.185
90531,4183.1035
54973,1804.2129
97383,9061.567
95412,2246.4731
25201,3912.1948
99362,1222.1718
7364,3117.9639
64101,2804.5796
28501,983.49615
64852,2164.9646
40456,1215.6322
16948,1181.0594
44835,4277.85
44859,2438.9016
52686,2164.9646
51892,2379.6548
68711,519.86725
83750,720.40796
52544,607.7927
4315,2220.7249
53892,1763.884
84378,4536.478
95153,5772.7
79899,4401.132
85133,3123.6868
25118,1535.0986
44127,2311.7195
59384,4828.268
66060,5057.4316
69834,3339.6711
48345,1764.3971
38347,381.35263
87165,2114.2175
43807,1878.9877
40989,3096.0107
96567,13272.185
77080,2207.7134
52121,1064.9133
35310,4343.434
52347,1091.8564
19048,3245.4932
11233,903.45667
68692,2710.1138
2677,4252.698
70843,14286.045
33330,3611.8276
51793,1658.3534
73962,1938.3286
72226,2885.7908
60424,3325.802
14937,2271.2263
49761,1301.4453
49990,1453.6946
99590,1930.0934
11785,3522.273
38703,3179.8428
51235,1659.7393
31850,1377.8018
57094,1263.0641
81076,1228.1632
25071,3511.864
10814,669.5141
83186,1631.9369
29226,3589.2893
56485,12139.423
53567,558.2716
80412,585.2415
61080,751.1383
85195,1963.8958
98679,2652.614
6732,1316.4163
77039,2451.745
2143,928.4291
20362,568.2772
79134,5212.669
15446,11475.203
15772,2007.9615
91760,464.73895
51414,5185.0376
64180,1954.0381
75617,2489.5994
51900,3212.3713
83990,3039.0571
73197,392.2172
65815,3941.0376
74736,8899.3545
35833,3887.6511
63827,6638.4937
97765,1325.6152
41365,848.5535
25843,3694.404
64007,1085.7855
11786,2021.6648
39807,1827.4636
51054,1471.5525
8948,3650.5764
24149,2190.225
28182,7098.468
35543,1170.8021
13352,4920.5894
49817,1807.7433
36075,887.76495
2224,392.2172
51333,7850.6743
6214,2096.9197
29331,4534.6533
35499,2938.9043
50324,1211.0295
8071,1205.7946
23544,3194.1482
76767,693.87976
53623,887.08014
98031,2460.3918
95555,4071.6177
93320,1412.1313
56857,937.8634
75692,785.3213
46718,2485.392
68363,2829.173
28360,4208.346
50122,2262.4055
29582,2636.6729
38993,1464.9904
84654,1085.7855
57038,11065.366
75720,959.17303
16458,1758.6864
76958,595.7074
5763,1101.541
29634,1763.4376
68443,8047.7734
20356,832.9226
79771,7155.207
95613,5000.3735
88556,8216.774
84684,3458.7122
47824,4885.572
3623,1350.2314
29277,1291.7476
82553,1386.3424
65835,4398.3257
57823,2748.7083
43838,365.24753
5075,2017.9937
35362,1280.6389
46148,5684.5083
12709,1884.0518
61572,3377.7668
71088,3441.512
42419,3154.6243
82885,828.122
28066,3717.7468
92813,2619.663
12581,5612.052
47212,1311.176
19371,1650.4364
65783,1357.2687
19638,499.71075
79508,1747.4698
39168,5393.02
16909,1758.6053
26418,334.00168
61432,513.63525
32583,774.71014
89913,3541.4717
91058,4193.182
76952,2008.5028
94768,1773.5294
97315,2956.48
69397,340.31375
39085,445.23123
52947,1519.0563
87497,2579.1724
76208,1263.0641
64408,1836.0818
78422,4500.314
29483,1380.2522
56666,469.2085
72118,1891.0317
21672,426.63947
72782,2309.6277
4208,341.46265
55002,4554.4766
98477,734.1053
34115,580.61774
60498,1548.6729
47476,1493.0784
94575,1383.5977
8394,286.91003
86234,2177.256
25098,4845.614
64955,1844.9724
65432,1668.4087
7372,2317.8325
97828,2146.001
36445,3639.721
429,5135.183
75561,1937.6337
49501,1260.5098
50660,1774.2665
86629,4744.611
13807,1050.2535
56188,6148.0273
91853,1947.8156
38061,3517.4075
25855,1338.2762
722,5005.5356
80897,781.10254
13091,1121.8873
81608,2130.9766
6978,3410.8792
81673,750.32916
23286,2973.7373
52189,1443.1946
51205,1678.1494
98282,6373.416
98826,2933.1763
22363,591.69604
97651,2548.5217
96646,1562.8021
73941,3818.604
40833,1099.556
61655,2447.7424
13345,2177.531
75905,4703.5557
11668,2177.256
56735,4360.7554
80263,1787.3634
46602,2770.4368
3427,2674.0083
79824,2194.6772
19028,1589.0034
94158,16360.585
16110,7139.5044
67568,2903.9878
54920,349.77896
46782,3222.645
62930,450.42404
41908,1452.7561
82425,7201.5723
3128,1547.0184
61184,2163.1626
48777,4648.287
21663,290.3285
26554,822.3061
52266,5606.3525
75224,1441.578
84238,9538.695
41114,11146.572
72320,2082.1643
53818,1062.1288
59550,1557.4335
51192,10337.227
12910,3930.565
12591,2360.8826
97801,7411.08
62656,1248.6155
38539,3295.3865
31125,725.4953
9874,11900.862
3935,6232.645
5922,2191.0127
62243,648.906
55682,1356.6455
36700,1515.1879
82367,1560.5759
61524,2510.0164
68757,4424.2285
35289,8151.82
23590,1967.7174
31390,906.1179
26293,1113.9852
86759,5221.798
30126,3061.5225
93648,2304.7046
12818,2796.8052
17991,2414.8682
32377,4653.294
90344,1055.4485
27156,613.30994
51113,5054.0605
20717,875.01227
70354,2883.2686
64549,6098.925
73333,1978.2208
41822,1041.5759
89314,3878.4421
32410,1758.6864
87300,2100.0938
27965,3928.4858
3725,1350.8236
79177,957.3886
65323,5624.1055
19430,4022.009
85102,1780.358
85393,4108.4365
31611,1855.3584
2055,3468.0632
19719,3465.2852
37181,1201.5712
21373,3985.6604
98763,1996.6741
59492,1396.3527
18487,1280.6389
5975,2191.4246
37188,1335.7426
51637,3533.7683
82840,1876.2755
85314,610.3145
84977,2501.0745
7564,1743.4539
94988,3016.16
30863,2979.168
87590,1871.8442
17018,13442.097
57480,800.94446
11862,2933.0134
42250,6299.7246
80014,1042.2432
81574,3881.4417
10223,2620.664
40943,11128.915
31489,943.4872
11544,1589.7596
15337,1556.6544
77191,4406.9097
32477,2210.1294
88717,835.4349
12747,3133.6316
45789,2154.0557
62937,3696.7983
44314,1294.2621
93903,1512.0692
80609,3505.1418
7587,788.038
4671,4764.2837
22684,1938.6223
4198,1864.3512
61488,4720.393
43862,14746.569
515,3034.3455
55137,6297.14
87389,3165.4229
9653,1459.837
66446,1607.2468
46708,10122.524
10102,1797.0802
48212,1188.8767
76839,7001.007
65425,2357.1018
34944,1551.4384
17086,399.27286
98543,1123.1362
66426,1884.4408
8872,2352.1772
73040,1645.0326
34078,1492.681
26815,966.38495
73865,5224.458
24114,1013.8567
12544,1674.1195
67598,8534.816
18727,1582.2855
61165,1308.5718
28961,1647.5673
90709,2587.4417
51953,996.41595
65032,3388.6616
25888,2779.883
41059,2763.0847
14286,2003.6992
93815,743.8882
32313,1800.7554
22051,1517.199
88383,1020.4768
52093,1914.3668
38292,854.9515
35659,496.12375
43035,560.7979
89648,2065.545
20313,2592.846
56845,3596.4622
11019,2152.1602
70816,1669.2518
98353,4880.9956
87826,1008.4451
55703,5249.584
46473,3227.0498
16735,1188.8767
81978,1242.3176
201,1631.3801
53021,1773.5294
34745,6782.1304
65583,33369.348
86730,1025.1725
55278,1966.9116
15251,1707.9205
18015,3369.1736
95599,1128.5175
860,3057.1865
27958,713.116
54413,1584.4803
16460,2138.8323
79365,1207.6506
35893,1738.1969
39190,932.92456
33324,18639.371
52437,2646.7478
75850,3070.5896
78753,964.657
8607,1016.8497
40437,466.95413
21076,2926.0115
37673,3392.2993
88642,1320.2751
31918,1876.2755
35707,4111.1475
22759,1815.596
77478,1194.1556
80983,840.07666
6089,1347.0088
39588,4558.6787
58539,832.2317
43502,610.51013
27997,1201.5712
35693,2086.7007
91180,1876.2755
42175,2923.129
80097,7057.6274
99831,1712.0885
50010,2774.5837
25076,1110.9877
40317,2381.32
40979,1405.84
2986,2597.8286
74417,3721.8533
78713,762.965
34172,1380.601
83614,5472.2246
84758,1743.5266
78635,4220.9653
70327,1762.6526
61431,5379.298
51112,11123.564
86284,1948.5869
46330,5105.661
45623,848.5535
63067,1645.0326
84779,3342.8584
17977,21125.408
18948,1234.5558
7538,2543.1553
85438,1608.429
81278,1908.7362
5949,3098.321
30577,3885.2732
28393,3848.7498
30381,1082.1038
3133,2501.244
91720,2812.0776
24957,4200.313
42111,3460.1736
70882,822.3788
77190,914.93115
14287,324.1843
36940,2345.5889
50043,1157.6732
7352,735.30524
36826,5686.7705
76605,4262.536
57541,2321.9155
97290,5765.8364
87600,1888.5256
43508,572.3537
79751,3117.9602
81961,5533.6543
92547,958.1262
17033,5221.798
30556,3359.1653
27491,23980.098
39455,4385.496
19084,803.6986
15848,1335.5214
32649,3004.1924
68322,2344.9692
331,365.24753
72437,2704.954
36684,1372.2823
48438,2186.0918
69079,6255.429
34581,2521.7476
83205,3378.8638
67239,856.2105
92240,1077.3193
27733,1965.213
85141,1136.1221
28227,3320.7993
95096,4102.9707
18695,1680.6616
91171,1165.6923
47686,8432.011
50716,3434.6592
49526,4900.7764
49733,8505.383
15931,2039.7738
84616,1687.4117
30780,2688.7654
1081,1767.0027
8189,613.30554
82252,1630.6724
61273,487.06937
97713,2289.546
90698,891.6818
16327,2937.9382
30887,258.633
18493,1389.2399
70580,980.5122
1602,356.1264
36265,4030.236
80555,3171.464
12146,4868.304
97536,2812.6865
68271,1470.522
47544,5442.2944
96884,5447.9766
35849,1457.7922
6951,2460.3918
71169,2620.541
3611,3567.7122
33773,651.6696
58020,3259.0374
43917,799.90607
6518,5619.031
8908,934.2402
58649,2061.3865
56360,2511.165
78139,1910.26
18651,1850.7655
37475,1075.9982
92286,3882.599
43057,642.8894
4841,781.6618
80963,5259.031
45520,1759.796
52186,8214.355
6886,5985.325
35446,699.76953
267,1124.913
88580,2668.0962
45206,3014.6165
1656,1429.0879
65709,682.643
85174,3525.097
74314,4531.3403
67615,1429.7892
1430,6686.5303
54125,344.39023
64295,2221.7102
7121,2956.763
95426,683.8709
50033,1222.1718
23340,673.28796
40252,7408.3574
18268,3521.8481
45922,761.05225
96636,5799.161
61982,8565.189
54216,528.70776
98929,2844.4097
83315,10825.814
24049,6473.2817
75548,1323.0991
37638,5087.175
50694,1153.7844
39342,1969.5708
33219,5303.0405
28715,1255.2362
16392,4430.82
31495,2669.282
1613,16003.807
73073,1477.0231
74225,1395.9176
77170,1211.6371
20380,640.7339
95403,6332.647
41941,1090.2859
17776,6186.452
10090,2055.4844
68111,1144.0248
75663,3647.2815
35789,2668.0962
74234,1024.9246
34215,1306.3911
97929,1148.8925
29383,1321.6759
13528,5831.0713
23664,12354.36
44702,897.8822
44057,624.98596
15158,1427.1298
46518,1996.2205
29440,2363.0034
69630,1508.0377
61203,8858.437
21194,1867.4552
21861,2016.7441
192,1647.4989
3090,2906.9058
14119,4116.0127
59101,1370.5907
25650,1214.5352
89464,2279.4072
65938,1316.9005
47521,5910.126
93967,1680.213
29175,3745.9253
77132,2672.814
12952,481.23788
5154,2653.5112
73086,945.3624
67723,2373.8438
50090,1656.1073
91538,4468.097
61685,1229.7441
72355,2662.8442
76489,2140.0266
79023,1546.7944
31755,3725.8394
82476,8183.821
18600,977.4093
34969,8848.422
78221,2362.9922
23259,4060.908
32841,1934.9927
29251,1422.2406
45531,384.4289
7542,3918.731
1397,1229.4974
45407,2169.0403
42392,5043.793
38720,1746.5725
95927,1801.5637
75244,3003.742
14933,7062.1885
67852,2111.4312
36663,2442.3315
70287,2392.188
11325,1636.7205
22393,1166.8282
30174,2271.8694
11324,11015.119
15824,2834.0015
66860,2647.0938
51248,10999.79
74755,5063.807
10318,1221.4585
16602,2111.8486
80945,788.038
65724,18157.78
20679,2010.4242
9929,2719.9585
800,4041.2412
87032,1468.9237
91229,1712.159
27374,210.62009
51280,5738.258
2388,1492.0801
29038,1460.6852
52451,3955.3281
76490,5912.661
45849,1255.4146
75051,2951.0227
83354,2976.4375
86197,3036.3599
21533,3566.5095
33970,2036.1858
97453,2964.5945
88860,2111.2942
28645,3080.955
44812,2734.6685
40606,2291.0667
59711,1797.0802
32538,850.63525
18957,6888.44
50846,537.88965
91308,835.7524
54244,1768.1079
81093,2158.9036
69530,2510.0164
37027,2085.7012
8159,1925.0057
50392,8254.455
45404,1658.1686
73071,6690.9316
88454,993.3422
92330,2963.8584
82322,6788.0654
22487,1241.3151
86236,3064.8687
12779,1267.8112
15689,1416.3462
40612,7523.3745
83679,2283.4011
38791,5745.9775
29550,2289.1182
5565,4562.7026
65337,4350.4585
69753,1871.0415
19942,2446.5837
18265,1771.2054
49154,1913.5497
91041,6194.861
39590,472.77603
97640,1630.3184
41663,3521.203
78188,764.04767
5096,1350.5546
93547,2271.0403
99753,1005.49884
18938,9799.064
44162,2337.9814
27849,644.8295
95525,2196.4294
95155,2260.0203
67505,1499.7301
90060,3310.246
99741,3137.0037
13972,675.7078
28861,5447.9766
62619,2775.8337
44144,2887.0908
11703,2632.0378
15936,681.5387
83555,5869.621
47858,1774.272
96571,3940.0916
276,6243.6733
75142,1558.4043
35493,4837.852
53229,1581.7759
49628,1201.7272
92979,1108.4484
32786,1429.3107
80745,1424.0881
13160,1480.8041
57530,1685.0087
70763,4565.6333
12426,2979.49
83253,2129.6816
46492,1879.6178
80687,2260.0203
90889,1528.5059
51316,964.97675
13057,601.0141
85382,467.5509
28572,5194.8623
54925,1544.3064
5394,2128.9854
61983,118.45145
47509,5934.028
7098,1303.7684
62519,1803.874
54258,1339.0785
56495,659.6788
80125,1969.7402
71302,1169.9469
20346,1443.2328
39148,4453.855
89271,6381.259
84786,364.14807
8784,3767.8074
13706,399.55396
44349,1755.5024
66467,4761.7476
32597,4402.9814
69494,1855.3584
83879,4004.506
31049,2632.0378
46192,8532.815
71543,3933.5652
24008,3895.693
60828,343.20465
5991,3309.313
45642,4956.266
88834,2172.0996
67916,1507.8115
84731,3465.2852
72750,709.8067
33234,1124.913
24890,798.7318
22625,1309.5992
84851,5630.3384
82971,1080.4028
6944,1276.1741
97021,1707.3207
31847,2164.9646
48958,1496.7108
39374,3074.775
93891,2111.0625
9755,1142.1995
53328,2302.0645
77583,3607.2197
76356,3378.5403
29049,3726.99
27512,5178.266
39791,3794.968
89296,5876.3447
61690,4686.953
44987,2707.541
80716,2781.7188
52411,2786.8896
11951,3814.6072
9070,860.1536
99207,3455.4824
54379,1938.6223
58767,3382.0154
63592,1815.3989
93775,705.1709
99724,484.47305
6314,677.69446
50441,1356.41
28403,6325.118
73785,750.2236
36414,1219.6525
67216,1328.2621
22093,2901.299
61082,1865.1024
63751,1107.3567
41665,1584.5614
12968,890.0735
16841,3256.9456
43471,4494.1914
27942,1085.856
57366,560.29114
5045,921.86163
12918,513.1525
66129,1142.1995
64089,2591.6423
56313,2764.9636
3125,1160.7979
15478,1030.9742
35779,9193.942
17297,10265.663
28065,1763.884
38567,7300.7607
26724,1971.8323
62788,6584.592
14491,1041.898
35802,1211.6371
12702,2803.2637
27545,851.3655
61223,345.70248
18467,2410.9905
13917,675.7078
87227,2389.234
32035,1042.0625
26321,2012.3372
12841,1316.4163
64648,1389.2399
41664,810.09814
66012,1658.1686
86380,340.31375
45587,3915.1643
25892,3993.94
47682,256.577
79035,3996.8215
94221,2575.5547
49258,4366.2505
64451,1774.272
63431,1177.6099
76,1242.9197
27370,1507.3901
49763,1542.2773
69205,644.8295
46593,3305.6929
78302,4642.554
67601,5157.7124
18250,3895.693
94610,1654.2948
20464,2700.5713
24050,761.47345
28843,5903.225
47867,6234.385
22639,538.57825
4027,478.86783
93841,8537.703
48873,1342.8203
14341,2661.3218
57578,1945.9603
62542,2188.0144
59956,8568.472
94261,1750.0549
33100,5352.19
60265,2214.1438
21762,3260.3855
35192,4195.365
16766,780.977
34315,2813.5764
87236,380.35242
23330,2271.0403
37338,3859.686
31765,3438.422
12067,9439.79
94434,2852.8386
61563,3474.3027
33471,4245.194
74139,2213.2483
97225,1122.6033
8404,1852.4673
43056,4294.6777
80237,1115.9945
47975,1932.9883
11595,603.95197
52506,4033.0422
91362,1458.035
33793,2032.1388
66992,2211.111
60475,2763.7395
48506,24745.785
94769,832.9226
43408,1667.2692
78195,2368.3796
82000,7547.085
97523,603.8777
33676,2111.8757
25652,2511.3945
30830,4342.6206
67894,712.826
11968,2890.9019
59096,3368.8438
63962,2637.4622
23068,4423.6914
89018,6239.1587
20023,3719.4094
15363,1636.2295
74099,2838.5232
33904,788.038
92206,6999.7354
62766,3502.0122
65350,3153.4294
48125,4505.0327
29318,7390.156
69283,759.29254
68498,2250.2341
90821,4912.782
63139,2381.32
21109,1689.9799
9568,1051.5862
77300,3007.0886
99156,798.7318
80003,3069.8882
6071,3298.9736
84113,2363.0034
76889,6687.3193
92835,2281.792
40649,1350.5546
65871,1712.159
16965,3402.6292
6141,271.9265
24098,2510.4768
30629,4969.761
22793,629.4885
66488,595.56104
54910,2815.781
18340,5267.372
28428,800.6849
14314,3749.5547
47360,24704.684
86575,1968.7136
98062,4857.4365
35923,4579.325
91618,6589.0103
34164,673.7774
31835,6120.895
69857,487.7482
27923,3059.385
99471,922.45703
78859,8014.746
57687,1557.5139
51507,860.1536
77348,4468.097
36461,2084.1074
90683,1189.054
57534,5597.1914
44577,3137.0037
80530,340.31375
38880,4075.7173
15545,1668.6041
50227,4541.4663
91194,774.71014
4133,5563.7007
31141,1045.242
8837,1588.8217
25719,2687.4612
19806,834.2318
90266,1454.0048
97504,818.2433
82136,603.3966
37664,5416.3057
76015,1934.616
9163,4186.9443
26895,2930.9216
81774,2325.291
26939,804.91876
876,1853.1475
28257,2318.7966
72408,1077.3193
79343,2287.353
38774,3671.9805
68813,1348.1476
86484,1212.7366
61914,3348.5413
45533,29216.041
32651,2214.1172
804,2054.7593
22029,2179.7454
79014,2518.4846
34449,1205.7946
88225,5054.264
27359,1202.7072
33435,4429.0913
53051,1179.8284
38465,1155.6785
73051,648.906
57765,1259.4897
33007,3921.8962
99006,2057.0938
87158,3340.743
42103,1099.027
37640,4725.794
47061,1336.8912
21372,690.8829
26346,879.7272
55862,1689.9799
44876,667.64276
71434,5979.0073
79182,1242.3176
66096,7884.7495
28589,5631.6733
79611,1543.2687
87490,12777.469
83760,887.76495
67912,2767.1614
90225,11050.196
25651,2269.6936
59256,4311.2
9486,1019.395
70440,5606.778
34009,2151.3936
39805,2072.3516
92476,909.1372
91579,3378.5403
24925,1490.6084
14173,2183.5483
86609,3471.8914
61156,1410.5153
523,1907.4044
88849,1364.7457
74780,961.19727
70728,2412.264
48235,7491.1245
46014,1997.8469
86477,1416.3462
94096,3384.8604
36920,1582.2855
92750,1048.359
38380,15155.8
57062,1551.7915
24141,8590.997
38927,877.5989
56722,3137.5542
48206,17261.092
26392,555.003
8824,4325.4375
69186,1188.8767
90895,803.6986
87265,3342.8584
87687,2172.0996
91596,2172.0996
27514,1582.2855
15820,1246.2821
96510,11054.721
39605,899.89954
44073,5870.4736
46413,650.3367
31791,7189.0366
77202,19413.916
61823,5147.7656
46648,1734.9106
26976,1830.0522
81734,2337.2297
2005,2248.3252
77292,667.64276
42341,3920.2905
92141,2556.863
9649,535.5266
45111,6336.5796
15017,2488.227
13503,2951.168
70972,5488.3843
57185,4490.4556
65854,2451.4688
50062,408.1245
31253,2464.907
73261,2508.685
62651,12300.183
8434,6493.4795
91138,1405.84
51394,2376.536
59841,2880.7383
25019,967.0094
47198,1899.5967
22001,928.371
53557,3928.4858
46471,2207.907
73895,17615.031
3401,1001.0036
49962,367.5991
57495,544.8302
51259,741.7052
75597,878.9196
89784,13590.012
18993,2549.0952
8966,1113.9852
79119,1357.2687
59295,864.98376
15027,1304.4504
93151,386.5157
97375,1108.4484
62189,3201.6619
77223,4077.2224
48115,1049.1051
26039,2442.8403
65635,2263.4087
5729,674.4622
12829,4208.148
11940,5368.8726
37346,5227.762
65720,13416.642
40444,3563.5999
11995,2349.619
19589,314.02368
96282,1541.1877
28385,1782.606
14969,3068.3987
64450,13696.303
3987,624.0069
43544,2246.4731
62854,1286.1843
6701,1696.4073
8387,2999.307
65389,441.71426
66549,4423.417
27727,1595.8306
53416,2250.2341
41169,3748.8088
72481,3394.4255
29072,1457.7922
55685,564.8073
47072,621.8013
13790,8620.861
65797,2348.2468
98462,7694.666
19997,9117.685
1947,5791.3867
24070,3023.1597
62581,1274.9575
97970,1095.9264
38777,3611.8276
67076,1762.082
84118,1267.1539
44240,251.88606
46354,5166.6533
83523,3846.5579
82520,2649.2524
58368,1775.7996
25573,8735.29
93195,1194.4071
65764,2640.8447
48807,6587.6963
92675,3525.7546
651,1558.4043
96532,12241.528
69718,886.19556
62658,5132.812
31033,409.00677
75571,3106.78
96649,2445.9524
78624,7537.59
16957,1014.62256
17392,1737.7074
40516,4276.8643
86795,4356.479
96284,160.42783
60733,2781.7188
53099,1380.601
22030,3380.9783
89068,839.7124
18217,830.19794
27024,1321.9154
35124,1913.5497
26206,17504.121
77576,3907.8594
12094,624.98596
37764,3596.4622
70241,3831.27
65238,2451.4902
86725,4646.622
4739,2070.323
80595,1006.76575
1118,501.06317
23121,556.1317
71811,1654.2948
40146,2597.0193
38180,1671.0538
67040,381.52975
92676,5781.245
31036,8442.062
48896,3596.1216
80142,1645.0326
72035,1677.6844
38149,1260.5098
15629,3512.6675
116,2790.6963
80616,3529.4612
29879,413.18463
95847,2131.32
8737,1589.7596
79594,900.93805
21682,2483.1858
86017,828.122
56951,9815.693
8263,448.56235
32326,901.7811
76233,4074.566
98738,1148.39
15008,4668.941
59775,1008.4451
86580,1010.2383
7150,533.4161
48693,1960.9426
92583,181.98091
15919,561.2909
23694,4769.1387
79224,1758.0745
91329,2266.9058
95063,4068.1223
60046,1289.6854
75004,1133.972
44040,1967.1744
53768,4058.3337
54114,802.93225
50624,1335.1174
32070,440.68344
94963,4287.176
91392,1684.8737
92570,799.90607
63959,3897.9253
74129,1210.9523
55853,2071.9368
51731,2391.825
24630,2341.1404
10532,2393.342
99180,568.3604
73328,1099.027
66588,895.52673
7718,4195.9136
61265,1120.9233
50786,1900.8108
9415,1538.7068
30547,3098.321
50978,14024.356
10855,3383.5325
82497,3921.7153
536,1814.1045
28506,1539.8551
14186,6338.5703
77417,1142.1995
30936,11768.455
44493,2983.0476
38695,673.9794
88210,6672.9834
76968,565.98157
65207,569.8184
91120,12182.875
25768,1424.0111
57508,2766.9014
42473,3934.1428
98180,8243.417
68419,2379.6548
67010,2126.3882
31909,1769.8885
40628,1971.2888
21983,3394.9436
16744,331.94568
69963,9320.364
75064,1454.0048
1838,482.48212
7688,4505.0327
34294,2460.3918
67722,1964.0558
22698,5615.3853
41258,3129.816
96588,2841.8774
11568,414.1936
51758,5900.015
12912,518.7289
2316,1862.64
83650,3354.2192
97117,7966.4497
64676,416.5042
19882,2105.7305
65707,2162.5872
1817,1166.8282
89869,2195.7566
78852,340.31375
88567,1512.0692
58889,595.56104
36746,775.42847
72466,7026.5674
4456,1514.0803
9242,1508.518
88692,4150.117
43314,1219.0642
89653,16074.309
77119,4279.907
99656,982.86255
68286,1654.2948
63975,3717.3958
74547,709.8067
44539,2521.0535
57380,1755.7788
85691,2957.8496
51349,1062.3295
25487,1772.0021
30816,1395.1215
7980,4734.153
9423,4336.0073
24781,1557.339
16103,737.1548
83122,10905.598
27279,5451.883
81558,3729.2263
2184,1830.9644
15315,1870.2313
44829,1221.4585
73277,1928.6858
59548,1780.7203
35178,954.14215
2822,2072.5725
55567,1644.483
70196,665.8143
30811,1597.712
73344,3679.6128
29569,4265.977
43577,8048.5386
40065,618.9486
10161,566.96704
24487,526.4581
2644,3614.286
22340,725.57587
66271,3063.7373
8595,1030.9742
16155,1995.2687
85961,1741.3156
49327,4544.4775
62723,1015.3014
99968,351.59985
8732,1968.7136
88988,2817.9207
29206,1211.0465
83708,2575.5547
64616,3688.9504
63462,3188.0432
11145,10484.071
56785,759.29254
29892,4080.8835
86313,1668.6019
4150,5633.3887
35142,903.45667
24659,1380.6188
2114,267.1236
96949,1787.2294
50404,122.75987
4488,3826.958
23,2923.1172
91653,816.8734
90473,2938.445
4353,1616.8585
24501,370.89053
71674,2845.678
49297,1749.0304
22760,2637.4622
77099,1490.6084
58079,1212.4642
430,792.7993
98340,1350.8236
2623,2885.7908
22955,3044.6414
57532,918.06055
30076,3736.784
49549,1145.2266
75957,6504.9087
34198,2879.1714
47856,727.19574
67663,2090.3916
22445,6765.7666
93972,2833.7034
18450,8502.184
59321,1577.3308
82154,7022.091
50282,1753.8083
7885,5085.7026
50836,548.9992
82639,4412.304
45859,14089.822
51145,747.0618
42952,7464.282
81982,10248.044
21588,21125.668
14638,652.7423
49020,4511.64
99947,1318.9031
81025,6941.653
14443,3611.0825
56189,1207.3488
25645,3382.0154
98358,3496.6938
62853,1907.4044
64404,3286.6562
53130,860.50806
75836,2886.2578
51862,6761.726
18868,7833.072
58463,6368.9087
67625,5834.4136
24180,1411.556
89186,13961.713
13308,6244.0576
9216,5049.977
66730,4111.1475
46680,1990.1119
99637,1236.3488
94972,1702.1567
98078,3691.229
37159,6118.962
74496,3880.3396
34397,3553.404
81002,10784.75
71171,2094.4214
67849,14042.68
88537,3437.18
40706,982.7886
10342,3260.1704
55596,1872.3542
47017,3423.0896
4855,2311.479
27424,2091.576
26365,695.3093
88610,914.93115
63823,559.12823
45239,2142.1465
85699,1513.1926
93853,780.58716
30707,3396.1829
64456,699.41455
84098,2456.7874
62738,4556.6406
40492,7501.828
26995,1191.6923
1032,1020.4811
15754,3993.3503
14717,2392.932
90778,2590.8245
51849,5326.0146
81953,1511.5797
13178,4412.304
18277,1241.3151
11135,2214.1172
31812,650.3367
65661,827.4372
50341,475.38998
26537,10069.949
64469,22155.611
88318,1800.1989
4867,2024.4291
29448,2358.4307
91316,4596.9985
34153,833.2949
41168,1050.2535
39720,8191.8384
17954,1626.2875
22526,3877.7483
38740,1526.7783
23118,1722.8777
11077,1025.1725
5155,1273.4099
90811,1325.4274
19329,1561.5608
14991,1214.4722
19056,2221.7102
49863,1032.7766
21591,2124.1177
37646,6119.893
4429,2912.7107
21989,6606.6304
44843,2132.4092
56383,7393.0093
5597,6934.074
55518,426.63947
8662,4058.3337
2885,2481.2073
17604,2511.8179
27595,8038.8545
11011,7246.3843
35285,2451.4902
89627,2992.822
61933,19429.596
70448,1020.4768
18820,339.98703
32569,549.09375
7122,2311.151
46674,1376.5433
78988,1211.0465
68276,1229.0063
4088,654.41315
34066,662.8758
68697,15948.447
33647,2318.7966
59387,830.7366
50050,1587.9972
76389,352.00696
90696,3568.51
93700,694.89386
37627,1395.6738
40967,652.7423
10926,800.94446
15468,746.1471
16731,1700.0532
35787,694.89386
61706,1746.5725
30764,11569.126
97953,985.544
83554,6099.632
62796,1958.3745
699,1580.91
98363,4029.1912
10962,5597.1914
84444,5404.4614
97357,1364.084
76252,1881.5256
83938,1411.37
51424,4315.64
39036,1700.0532
73897,981.1572
15217,1100.3597
24899,2599.1238
53816,2643.262
23080,2703.5781
60785,3675.8057
91933,2925.6096
87488,2151.9102
16302,1253.6819
12641,3876.8762
82751,5907.1265
94515,2077.209
57784,5661.478
62032,2191.0127
93586,463.17242
1489,1414.4886
19522,1492.681
99194,3823.7798
34142,6662.192
79803,6727.6494
82548,7412.894
86273,683.65826
86032,1877.2749
98438,554.3527
17072,2621.77
64570,1865.4824
88490,1971.8323
43199,1673.8997
35072,9477.297
84107,635.9018
12695,6210.6406
5441,2042.3289
18316,2945.7288
23840,2108.6091
35652,1337.391
67086,1150.2788
80236,10572.3
1175,1298.2206
16986,452.34518
21660,2174.6353
17738,1531.4651
3673,5286.2715
11377,5935.783
46561,483.06674
6262,2755.2002
94965,565.22504
89159,319.5232
70649,1186.983
85621,3822.9707
88130,661.9502
72377,3441.6492
22557,2274.2495
52597,679.05804
46526,1306.5807
15564,3557.9456
84923,1345.9061
74724,5521.72
84906,927.3815
27015,2584.339
27235,3378.8638
20370,3255.8833
52868,2880.274
74815,3679.775
46429,593.65137
1889,4160.0825
79041,16408.898
49828,1507.3676
26859,2619.4507
86325,9461.87
1819,349.77896
81068,3369.3486
71857,1982.1315
71790,1735.0979
57697,561.4827
41413,1165.6923
49926,671.8247
18234,2396.295
40376,2809.3435
14422,1010.7265
53875,5716.4844
40051,4964.3696
59222,992.27747
42409,3197.4055
50016,1385.6815
77285,331.94568
4262,4855.0776
71395,452.34518
41058,1042.2432
12290,1312.7362
64769,1169.9469
1894,889.14166
45619,4159.743
98967,1905.6438
50047,1928.6858
48029,1965.213
99332,4644.845
68969,2813.3987
15764,1138.189
1215,3999.2449
39770,14902.998
32751,899.2147
3799,1100.3668
43311,1010.78204
91954,794.39746
87419,759.97736
54849,1296.6686
44759,4721.7983
16345,2521.34
75096,1268.3007
8629,629.6418
42493,928.4291
6815,1027.9438
69925,23241.691
77537,9599.552
12010,1407.3363
53049,2182.4321
92664,11188.017
24795,2430.4265
27267,3649.4485
11915,182.86804
13997,3244.97
62555,2445.4812
77706,839.1262
47998,998.1833
25859,2722.3792
46841,1594.0371
82739,2852.1638
78105,2003.6992
83044,2055.4844
38874,3512.9377
17036,9015.439
24412,2359.881
10026,1916.6683
57483,2753.8303
55397,5192.4756
73737,5469.695
58797,1002.8573
75568,3702.5632
99488,2805.0388
62953,946.68427
62296,4071.8018
47128,3367.4082
93907,344.39023
89331,651.6696
78600,1635.0123
52505,5251.487
52245,11936.428
58711,884.6127
73223,1392.0028
47049,627.62445
97858,4824.4985
37884,2722.7976
22993,1066.2712
97490,2091.576
56933,586.8408
30422,2108.705
67729,4246.3926
25319,4828.4604
9238,1915.974
70056,2820.254
63878,1195.4548
54885,9085.513
45367,1754.0919
62217,1739.1276
91890,2288.719
50234,613.30554
8585,1267.5166
89733,1742.2886
64097,1514.0803
57944,1007.7603
82227,3133.4941
36464,1677.6844
5600,7792.585
58661,4701.861
84581,1617.7017
77320,2506.6123
89134,1830.9644
32871,568.2772
29453,5352.001
48860,1008.4451
67929,1094.3218
59237,2968.2139
15484,1555.466
51195,5426.1177
76588,921.17755
39853,3311.249
29545,4041.2412
16626,1010.2383
25894,4397.0225
98870,1017.33813
44855,1280.6389
91834,3601.0015
64779,1186.0597
12777,891.69135
49256,2597.1333
11014,1025.1725
64195,727.19574
30345,3134.9614
30103,3996.1995
77581,2666.3264
38267,312.377
69574,2901.7627
6906,2072.5725
27313,2330.7632
59348,2379.6548
35060,1744.6833
87932,2850.5574
97693,1548.5424
54262,3716.8474
96872,7342.635
5514,5718.7676
86834,1382.5629
38456,2898.1074
70545,1145.2266
2349,4307.851
78980,2174.6353
98201,1815.6252
14103,1962.2538
39636,5345.1333
54729,2799.1824
47765,470.538
34179,1210.0466
29588,1455.4495
35930,1074.2842
90077,638.6192
86907,15965.07
32988,1224.463
50999,6507.202
73524,679.5818
54197,812.5325
48114,3533.9622
55949,1460.2583
83862,976.7008
5689,365.24753
87383,1064.9133
27814,2217.3423
71671,1514.7493
40823,1306.3911
72019,3504.255
4186,438.56897
50943,1555.7728
71170,1918.2551
41835,3543.0154
89135,1507.3676
20539,1896.4458
67167,4026.736
13800,1155.3635
95906,5051.99
18480,11025.716
64638,3915.1643
80224,1836.1595
26683,4105.5156
38482,5147.116
73942,8319.384
59808,1412.7588
99065,4617.7983
10267,1557.4335
44293,4966.7354
65083,1916.2042
65208,2147.8408
11673,921.17755
84871,848.5535
26020,3348.2827
77616,1005.5916
37943,955.5974
2170,625.6648
96933,1446.3132
12665,1745.9117
67027,979.62823
36379,3498.6392
19372,2379.6548
17976,10074.081
85922,30266.404
96746,3251.1704
49200,2462.9565
30609,1455.4495
46521,4756.193
22275,1370.5907
16579,6918.1675
82238,1395.1215
17786,2621.77
90463,8542.085
41484,5051.4146
36885,4845.172
6295,629.6418
97641,3857.17
95419,1414.4886
92489,4008.3176
63143,2575.5547
12567,998.1833
56217,561.43884
98251,803.56805
69387,5660.6475
72943,1656.1073
40639,1263.987
12681,4380.2686
30303,1419.1675
45964,369.324
51526,10188.019
24382,6227.4766
78107,970.5175
85591,3581.7534
7504,3131.9023
29790,1616.8585
86489,2157.1118
49039,3160.317
10900,4836.2515
74401,998.1833
48105,1578.1127
88175,9242.594
94520,1528.3943
95652,2274.0974
48740,4328.6763
61687,2204.216
89678,2120.1555
95053,2734.6685
13424,2220.388
99635,913.383
13928,547.78973
76536,931.6495
3979,1923.4194
98699,3701.218
5339,1034.2009
80220,966.34033
22945,3654.6475
64176,2283.4011
55605,757.74194
25246,2220.3945
14871,1254.2609
41267,6912.692
54895,40817.18
23513,4859.4297
42031,831.5469
66100,928.9647
27060,2578.0117
46950,1028.1544
13202,595.56104
67386,825.19116
33183,1153.7844
87216,6164.7607
52098,520.08136
36678,1191.4968
39952,5532.382
70908,1169.591
19375,3643.4016
93295,610.3145
74081,5385.879
94129,888.8012
16092,3865.3716
71087,421.99008
90989,1446.3132
12404,6247.9077
76484,998.6727
13736,1810.3671
94593,2770.4934
2942,3633.0107
15279,1250.5632
22164,1221.4585
54534,1246.2821
72809,551.60535
48254,3811.404
83712,2504.6628
12512,1861.7314
58349,4514.2275
25771,1647.4989
99811,1874.1562
4625,6699.5547
60623,7992.9355
70340,1023.6922
82390,4063.0325
4639,2410.9905
61269,2687.913
92878,1938.1328
60464,1097.9482
26124,1119.4846
79961,990.2011
39098,1938.6223
33169,3048.1821
65236,620.0364
75035,3428.2449
55827,604.2397
93330,6906.3755
59856,538.5386
13693,1082.5564
6690,871.9189
30948,2353.1985
40357,1396.6893
99768,4750.3555
98119,5574.528
36694,424.98166
92312,3214.7725
18629,13264.942
93693,7421.255
30278,946.00543
69369,5106.947
65150,1560.5759
42543,1469.4313
16196,10506.768
11419,1201.0176
36454,3882.9075
94608,959.9639
5751,1361.8632
84208,778.27655
99115,719.72314
86660,2284.284
97243,1394.0017
97321,2347.6206
71738,990.2011
78319,3865.0
95642,1298.2206
55034,5112.5435
25255,1074.7737
68615,2057.8044
88620,3090.9277
94090,2077.4758
34789,2026.1504
14413,1169.591
53116,1971.2888
81867,2619.3994
48061,9149.8545
48245,9802.339
85177,3253.5442
53696,3191.7312
71540,1110.4738
14004,2495.5652
5896,9229.911
93552,1880.2543
47849,2620.664
76573,673.93207
12791,4918.7695
76373,2604.8613
55453,927.3815
39319,7577.9014
48358,9212.638
91155,1394.2139
94425,2646.7478
74699,1008.4451
69423,5110.476
92658,1648.8102
13270,5251.487
84204,3170.3452
82214,2154.0557
85008,1743.5237
63306,695.3093
22918,6402.999
54962,892.60516
35106,5666.4653
82546,727.43475
37106,182.94933
58569,1165.4956
5355,830.7366
828,1571.634
95388,593.65137
57119,860.1536
55874,2086.4656
24488,2483.3745
6984,673.93207
61581,1651.8146
44590,3020.3525
59323,3562.6035
31903,4257.105
89877,6594.222
85112,5313.394
69687,10648.657
24645,4281.8486
4921,1165.2028
76858,6196.2554
87432,3046.9358
40562,5219.177
5848,576.1206
94327,18833.81
33978,7443.863
1435,7399.663
77515,1045.242
15085,185.82755
52267,1519.5757
87710,3131.5103
47982,16233.54
55461,2074.3533
17212,1508.8766
14883,4153.1455
51021,3479.052
79652,17740.912
26060,1741.8433
94881,1935.014
73736,6856.3545
61408,1547.1124
65841,1380.1885
70775,627.2747
61734,2281.584
8574,349.77896
25062,14743.113
34640,4102.7246
58947,8092.814
25637,5930.2856
84311,642.8894
36269,12310.387
51997,4473.198
31130,1722.8777
19433,535.55896
77984,2785.0896
99991,1488.1786
28579,4975.5366
49777,3518.9358
66444,2331.6042
92441,9370.123
38556,1562.8021
84460,1852.3086
27847,12458.851
44154,1025.1725
20864,3185.0793
30924,6630.938
98260,1999.5057
88358,2888.3804
72885,4681.3657
54069,1022.20734
51967,1020.3998
76193,520.08136
31224,2105.7305
8992,2520.651
58684,2016.7441
56315,8324.832
56518,4297.811
72785,5707.3228
64621,3121.3499
47594,3455.1184
45654,1690.6156
17103,2462.9565
58809,3196.6262
38566,1834.9729
19290,807.16174
78240,2580.126
37686,1289.6854
47921,472.77603
3467,2013.8767
15439,210.62009
83774,1420.6199
70336,2006.6652
34378,1618.3402
42147,7997.6675
82457,1165.6923
11499,8373.555
35297,8053.246
94471,1185.3735
2714,535.5266
97913,2946.0525
78495,423.9866
32474,1894.9874
98574,4888.1636
51917,2172.0996
96185,1168.8074
25777,185.82755
41949,4243.7246
51982,786.49554
84352,961.6995
88568,1310.1888
30504,2896.3125
9261,555.6818
76697,1027.8691
76565,1357.2687
15459,1061.6448
71954,1091.8564
72301,10043.622
19134,1170.8021
43948,2462.355
85415,1309.5992
77518,5735.4404
27736,2238.9673
74549,4392.648
41195,1527.821
33824,2363.0034
93232,1850.7655
15669,5756.1987
43290,1803.874
3704,11869.476
71947,1006.15735
411,989.3402
89430,1433.9362
78305,7147.5527
18510,1412.109
35433,1130.2789
20813,855.071
52935,10797.421
24506,30810.717
49325,1966.3362
95327,915.9592
97497,2164.9646
66329,1904.9243
55499,4693.558
61789,290.9774
67314,10348.437
86299,560.2585
79868,2054.9055
53323,700.00824
76939,2972.4487
88952,11183.784
40677,1441.578
37787,2026.7059
36725,3380.1443
91826,1411.37
61400,1088.0962
32636,1176.4266
53405,1479.0281
47980,2409.0215
10509,2116.6333
9119,4365.9775
59828,712.02435
87559,4261.0146
42681,597.5524
48652,1303.8667
81553,1722.5463
77551,4822.782
59621,552.6029
96055,4955.386
94936,1065.4983
66032,10037.746
63893,1829.4768
49899,2878.8906
23836,3549.6357
57667,8454.035
33508,1184.0619
23796,3566.9011
94993,1822.7938
97925,5941.478
53715,5521.72
23657,3518.9358
66643,1386.3424
2430,766.4195
67720,505.5692
85927,1928.5273
47388,14369.411
40551,3915.1643
96444,848.52563
69441,2368.3796
12297,673.9794
22461,4781.506
59860,1309.5992
42265,1075.9983
22597,6916.3447
19343,7348.445
10403,3020.6362
66841,3260.341
14589,3479.687
42603,4556.9424
46832,1263.0641
97141,9140.524
93817,4250.7188
59891,3938.7266
89145,1799.7457
4181,595.9149
79495,2344.7642
11309,223.06444
70474,2580.126
12687,7197.771
90365,9978.568
34218,1047.6802
81637,737.8617
21657,1744.1488
40037,2903.136
5574,4672.3535
18775,3140.0813
26083,1433.9362
8022,1102.9879
95307,1442.7051
23998,641.59644
89754,1481.2562
95819,2108.001
91143,6281.9624
89638,2762.2112
28029,1169.9469
93631,1260.7949
95347,3582.1997
59536,7022.0674
25235,1060.2023
51882,1872.3542
48926,1034.0145
87221,1919.0181
7242,1255.7257
4135,1737.3792
72388,11119.802
3253,1658.3534
51211,871.9189
80736,438.73093
17901,3170.3074
55246,1687.7798
26255,2995.3757
66865,1747.4698
86826,1135.4431
68715,617.382
67192,2251.0833
77423,4927.037
55998,4793.708
29128,3721.8533
34284,2177.609
49895,859.665
13688,13808.989
50423,1247.6589
10553,5744.8203
45917,2726.2761
27745,841.70825
27603,377.45328
60381,510.67572
73623,527.31476
85247,3378.5403
76122,4127.4375
54789,4967.171
13117,2271.8694
15013,5842.138
75061,2353.1985
56821,3264.899
67548,596.65814
94335,2029.0609
25664,1861.7549
76604,1613.6567
3067,988.6628
42686,10349.942
66947,3934.8206
27955,520.08136
1744,13682.03
92366,2134.2312
20320,11676.538
21735,6438.6787
79215,6399.443
23000,2265.8733
65723,1894.9874
97278,746.712
23263,1920.2463
62138,3809.1218
21497,899.2147
94011,2435.6519
69666,3160.271
17808,3250.2856
42139,2306.887
59922,9703.652
21057,3496.574
43014,1194.1556
26454,1452.8433
80713,9074.195
52005,2362.887
85771,1515.551
95991,937.93915
71660,5152.806
39182,2483.1858
95591,2593.457
87664,1222.9377
6811,2290.7456
98541,1306.3911
31317,2172.0996
86050,868.78613
34547,3311.699
4107,7568.748
84342,4929.377
64759,703.74164
42344,2851.0562
68853,4354.6226
59957,2373.2703
89866,2742.6985
922,2085.7012
85638,545.0173
26224,10717.858
69020,998.6727
78350,4988.507
82296,9627.829
81615,8503.376
32076,2836.937
44679,2345.974
19080,2720.1106
80382,531.04553
87555,588.20105
96928,2919.118
40848,2474.5935
34948,1616.8585
88986,1369.3619
14813,283.62866
87882,7079.8125
19914,498.25388
3259,697.95624
25234,6664.905
45470,3302.7324
12729,3287.869
92037,1438.1547
46912,1289.5608
80707,1506.3539
78839,2164.5994
3303,2074.357
80076,32032.732
14745,5138.568
47428,3378.3423
5140,785.5506
38917,4689.569
1478,1188.3694
32429,2257.3252
50785,2240.8928
27456,2626.0518
92853,2811.433
50658,1211.6371
23418,8408.142
20277,4521.888
75569,1113.8075
68406,1804.7883
31542,8158.0137
50004,700.39746
11699,473.42496
37955,798.8414
91267,6229.018
75787,6354.6226
11165,3248.8992
46991,729.6426
69231,2126.3882
83804,2781.7188
73094,3117.9602
60892,757.96
18924,2374.3442
43230,6152.0117
34636,2337.3604
47618,7420.4077
53883,1022.0538
20383,3160.271
79862,3101.4321
47503,2072.561
15851,5251.267
1282,2566.7214
32868,1305.7375
54518,2790.3665
57488,3014.6165
48388,3026.7202
41458,2480.9395
21084,1350.5546
42954,4863.4497
57298,1101.541
48258,3479.1184
55299,1376.0568
59863,1207.3488
7754,10448.774
44205,1880.9331
55055,3130.3855
54645,4320.2217
52507,1260.8677
75236,1807.7433
77724,4598.437
52899,3872.325
54918,2138.8323
96874,1658.1686
72112,5424.9243
5200,1024.5417
86563,1269.6206
46359,865.24207
35629,1722.0345
51037,389.2577
59558,2462.9565
71876,1188.3694
7731,1844.9724
91001,485.44162
36679,1918.7446
86521,549.09375
70633,1232.7814
74942,1101.3376
33223,3687.5708
61260,6144.6196
95706,563.6116
20734,3739.2166
65613,573.6767
35654,3178.4724
79567,1052.8589
45955,2172.7683
34232,363.49918
61294,3360.7256
69722,13508.387
33619,3287.4187
16773,3799.4749
32675,2379.6255
13195,724.2003
94000,487.7482
48468,3308.18
43746,1767.0027
3610,905.59924
31126,5286.2715
32748,1494.411
10864,613.27405
89227,4291.9053
46536,1484.6678
35890,1255.7257
81988,2380.5708
72044,3016.0283
4049,979.8274
73719,1913.8428
59976,8498.389
70742,517.8957
94945,6898.768
59699,849.02246
14128,1347.9878
73108,1792.284
25265,656.56
13436,2281.792
6724,453.27472
4795,1608.429
45001,2523.8774
84158,4265.3545
618,3835.6267
51785,4661.689
24438,1497.5039
70128,2616.94
39988,2654.4531
1618,3000.9153
86104,3736.398
17733,2043.6564
30664,1874.1562
89142,1703.9602
60531,1109.3351
20359,2845.5322
82547,1062.3295
67670,652.35443
27330,1159.3766
98348,2252.4622
59832,459.09595
75211,3421.49
10303,2401.4507
44025,764.04767
52240,1976.431
96067,1038.4573
62616,1683.2942
60694,4510.9185
40522,1480.8704
61105,25988.81
79962,3455.845
5585,7923.174
48038,4915.3853
84284,2867.7861
85731,1702.9999
29882,2078.225
91956,526.4581
66915,1248.6155
41133,4204.6587
63499,2392.188
60386,2119.52
74998,812.5325
78592,2296.681
5449,4423.417
17445,2573.992
43722,940.0119
25979,2213.3076
51764,6657.4
17111,2217.183
19004,9159.374
23091,655.6837
1968,11058.672
81058,3813.181
73866,1001.37274
54600,599.8012
60794,1829.1554
91631,258.52957
42827,5359.4067
32971,3921.5051
36967,3828.354
83900,594.1408
50891,439.76422
85971,1519.7438
17397,5672.0493
94807,3889.2036
43728,1121.8036
44959,1065.4587
12098,966.34033
20299,881.3249
74423,518.5446
17405,3971.9963
6205,2993.6062
44221,931.0431
64709,1168.7249
56843,1414.7695
74119,1021.53674
51100,1798.2603
53056,1385.6815
86443,838.286
78840,3465.2852
88757,318.10016
38475,1735.803
27010,7167.9844
16167,3279.2253
80877,3504.255
44699,2589.4873
29557,2039.7007
84015,912.5709
26670,2365.154
26448,2294.5146
28603,6304.04
25994,422.90768
95259,3517.2969
65089,11063.496
41839,2006.6652
42547,4395.9414
92554,2629.181
45614,1545.5383
22094,3360.2324
46251,2283.4011
14775,2936.073
52300,1815.3989
25354,986.41364
18473,940.6241
29261,3529.3381
15068,2207.9065
39817,828.122
38468,1714.0238
49283,5485.5034
11540,3133.3933
85032,4793.918
33338,3149.3733
30565,3953.6113
24799,2557.375
83960,3566.5095
24204,16034.257
88240,2344.9492
63658,1016.8497
48446,1537.5309
62767,2012.9874
78520,899.89954
46003,1091.3274
24743,2550.011
71390,2267.7456
78032,2476.051
24078,3201.6619
94672,1185.0807
48304,2516.0354
46605,2707.8296
83367,3078.9905
1158,3779.4531
31822,2528.8826
53533,328.6314
46549,2035.96
15488,1433.9362
99715,4962.5537
31631,6455.9062
53259,4262.574
54401,5862.569
51378,4091.3813
55163,7950.4517
19842,4927.037
68773,878.9196
13046,616.5255
65498,2090.351
96190,693.87976
96550,3771.4214
97163,2627.7974
91198,2688.7654
47308,892.17126
26402,19029.434
81050,573.9203
99299,2152.3528
54930,1385.6815
79483,377.45328
49471,2494.6213
36521,2742.1353
82145,2321.6096
83200,4590.3994
90927,7986.8784
68489,2063.7102
64057,9884.376
89346,1073.6991
96456,9176.933
39815,1174.8802
91511,2213.2483
77347,4649.098
33309,4296.181
44356,418.26852
84341,1342.1971
66356,9944.348
45862,1248.6155
80488,953.51495
66798,491.32312
49155,9490.738
98357,1850.7655
50910,2796.8308
80866,1165.6923
117,2167.3967
45497,453.27472
7630,3443.3918
52417,2831.4773
58758,1270.8951
69649,2369.555
11973,23916.312
48755,4254.057
80393,5722.0786
4493,305.52942
35815,979.8196
50711,1455.4495
92567,2038.7355
24648,545.0173
3886,5420.4956
68482,5510.103
15138,2636.612
85708,7342.635
12873,1827.4636
77087,1035.9762
77509,743.40924
76507,1918.7446
13679,4828.644
12978,2819.9707
94496,7801.4653
20146,6246.378
10641,834.2111
79034,1882.3229
23572,931.0431
13570,2809.3435
17173,1418.2954
16617,1460.4777
65291,351.35803
52747,726.8324
19660,1618.3402
44227,8702.646
9476,475.67517
4130,3411.5334
81233,705.1709
90213,2021.5614
42994,4285.2896
7948,3448.4087
18152,1055.9775
77661,2742.1353
21247,3109.2766
60935,1864.3512
26037,538.99133
66196,5438.1035
99394,2291.1128
65033,2681.7214
23124,1762.082
28095,1269.9515
23196,3740.4834
58078,1763.884
6608,588.4784
40261,1255.7257
87330,1351.5751
33701,2177.2153
14759,3333.7654
56793,4365.2407
9986,1945.9603
13866,676.4208
9438,828.122
92859,6543.891
91578,1929.5525
41650,1450.3966
49021,1592.8516
92409,1074.2288
7639,1199.2605
5249,1615.4587
46614,2830.32
63117,807.1331
10506,5771.6465
35672,5555.9614
8115,928.06006
42787,1704.0343
81440,2483.1858
63797,6025.013
42990,2994.5376
7633,5918.198
74507,1037.1428
36473,19411.637
76296,1350.2314
47138,2478.266
11024,8882.949
42132,2157.1118
85132,4420.898
91864,8698.577
9330,1632.3674
33784,351.35803
95585,513.93494
7621,6461.6797
32777,2360.626
25626,3063.4983
92502,2499.8184
78256,4061.5725
10470,3074.8513
86964,1214.6377
86896,1327.3685
40834,1234.2444
85334,756.167
6616,8815.623
62338,576.54126
90383,1168.3179
35947,3590.6575
20626,1630.3569
73176,989.5919
44039,1639.1537
48994,1907.4044
66564,3060.2126
71194,5091.092
68413,952.4044
146,2765.5613
96713,669.47504
30275,13135.165
92625,1992.3618
82671,1844.9724
53245,3263.4578
86791,3047.569
27943,1239.5142
58091,1816.9579
52023,2360.9834
47680,1971.8323
56632,1762.082
27637,2669.282
55398,4482.815
23105,6638.4937
25506,251.88606
45143,5967.896
85271,4519.7964
3506,1711.9882
45838,1074.7737
66162,19471.523
29110,1608.429
36006,2551.868
99817,1136.8066
55837,6382.695
89268,3248.8992
15195,1260.5098
84979,1483.2596
62245,879.7272
83660,2258.269
57824,1602.6868
1761,1503.137
45571,3665.1497
7631,4961.837
48169,2357.377
49294,3566.5095
9306,2868.184
7544,1612.4431
57357,9249.971
76057,4657.2935
27033,4992.307
16702,1114.7533
99949,2169.8289
54230,2434.6733
93028,928.06006
20520,4803.1167
312,5931.877
75646,608.8363
19682,2341.1404
57218,837.57477
19981,1101.5096
3920,500.4629
40075,1635.4382
96383,7759.7354
5197,5907.4644
11992,4588.3667
40171,5537.224
92938,2345.7456
23406,3617.5513
15390,2248.2305
28788,2552.885
69989,1110.0647
84759,1582.2855
69798,513.63525
73526,2979.49
17293,3940.0916
40107,2297.268
30841,1382.0381
26133,1286.4421
99496,2271.0403
75146,1500.7483
38621,1641.3093
40975,1303.8228
78331,3394.0059
81342,12234.927
80242,1469.974
58808,2676.427
45482,2583.628
83779,2216.7131
56970,1155.3635
15176,736.2698
24805,551.5957
53307,1078.9321
37538,6345.9204
86473,1047.6802
79462,1551.939
76096,697.95624
39630,5098.7334
20904,6842.7734
84552,788.038
39332,1756.7418
50061,974.94104
49043,3394.9436
61270,2450.634
13875,2201.9019
92210,1236.3488
22630,408.32996
63235,1481.2562
34286,5161.817
67153,1786.1171
29577,2091.1445
94922,2836.68
94080,2996.7524
48879,3515.2844
43051,8717.821
44220,2799.1284
11241,1651.1761
35245,3431.2898
89418,927.3815
3787,3167.7092
81648,5737.038
13468,1565.5195
65279,2490.0586
59072,3727.977
68334,3735.4304
93897,6987.047
67864,2172.0996
41787,5243.6987
42054,4588.3667
2082,2530.1462
75214,10736.459
15365,1904.9243
91190,1361.9268
37679,1169.9469
1070,6459.032
14924,1119.5767
46784,4801.0957
92325,1481.2562
38484,1327.3685
40341,4889.4326
98587,935.58594
31418,2081.321
39490,1075.9983
86508,1418.2954
28835,585.6354
16294,4918.755
26414,4713.4355
84795,1852.4673
46687,1274.9575
42705,1064.6552
62433,6212.0522
40285,2757.1953
55719,2634.9995
57995,940.6241
73,3899.878
70363,7547.085
94904,2007.9615
92094,3037.4565
87228,3810.6863
63420,1031.6802
73227,3729.526
64790,5861.75
84869,8328.461
51550,822.3788
10677,2754.8928
93984,1366.5413
73822,7857.9966
7233,1937.2897
81563,3813.181
68530,2111.8486
23470,1616.4342
53467,1376.8743
597,5174.934
56321,4658.3013
40723,2617.041
26798,3394.9436
6302,1212.7366
54980,5586.415
86632,695.3093
55665,1561.5608
78578,984.7125
5357,1170.8021
97382,993.0076
71976,1075.9982
62110,3038.909
99761,2687.913
25038,4218.971
26263,2283.5542
32248,448.094
96782,1264.694
72395,2500.3367
11766,4296.294
53525,2485.1377
36651,1364.7688
94528,6880.5137
81197,948.4403
62666,2487.0356
34787,4023.2385
16956,2341.1404
83039,1741.4055
49697,1350.2314
33822,2749.3086
2229,1307.5691
397,2111.4312
20777,2772.7817
43763,1340.0099
37998,2996.128
35392,1160.7919
77560,1802.2902
74260,1855.3584
69796,4164.214
36156,10395.794
9727,1651.6978
56683,1008.942
80178,2470.4465
95524,2831.5513
49326,1751.8458
38898,4166.7065
74219,1411.4242
37910,1712.4229
90007,1815.596
91580,2560.2915
32085,7716.8926
49215,825.3015
32869,14896.739
12545,1194.4071
78550,2321.9155
76922,3294.6155
12713,1298.2206
85048,1352.9714
18884,2256.1614
51413,1361.8632
10869,2177.3726
83365,3928.4858
80123,2798.3533
34399,409.47098
48209,4228.5654
58185,5149.671
33698,2283.4011
5808,2898.1074
95213,6999.6743
4223,2178.3123
54824,2013.8767
176,763.36285
47021,533.37726
68215,8381.365
10027,476.89087
85489,413.54745
15025,1023.6062
35727,799.619
32183,3544.6216
26678,4546.245
6949,324.85547
60908,2478.1868
16959,2250.3164
3829,2585.029
17262,2131.013
29356,2329.1565
90115,2870.2659
6902,1289.6854
53146,4031.791
59166,1084.6758
49362,654.41315
82464,713.70337
70889,180.5995
89966,1301.6553
33489,2077.2766
39139,730.81165
99265,22411.207
6399,1509.5427
46332,2163.1626
25618,2072.5725
1732,4754.0996
54495,2217.183
63923,5726.924
63519,1158.4822
13732,4280.387
74846,2450.634
35078,3639.8298
89230,1084.8378
61729,3646.9172
50199,807.07886
84247,3206.584
12007,13286.388
82727,1916.6683
67652,472.28656
96987,2197.618
96064,3588.688
3291,2312.1367
23970,2015.877
89264,2647.0938
32752,2366.666
19423,5761.1294
94397,1336.7678
76257,1924.9008
5841,5251.267
73854,1335.1174
43908,774.71014
6633,1454.1489
88600,13295.359
91996,2077.4758
89173,2636.612
26571,1089.7635
77371,562.08777
74688,731.51953
45779,3542.306
62610,1246.3463
52446,3374.2715
6613,923.14185
50924,835.4349
79138,1243.1862
18617,391.5683
35203,3934.8206
23976,4518.279
80190,1725.023
72692,3126.6074
21029,1020.8892
66972,4927.037
3229,12125.617
97551,1422.115
74662,6281.9624
67567,13196.065
19053,1020.4768
26120,1895.0442
94363,2172.0996
91753,1310.2946
75923,4933.294
70015,3622.844
20352,444.0929
67871,2536.221
34297,11582.182
51664,351.35803
37695,984.69946
16553,290.9774
78607,1254.6171
10745,1041.3779
96970,745.5377
75544,9497.935
40714,2929.839
14446,391.5683
82134,3437.3035
32065,7799.8633
60662,1673.8997
56320,2702.3965
61832,3447.0803
14520,2155.4824
19466,1864.3512
45074,4969.761
6440,2140.6343
69299,1582.2855
21404,835.9754
56299,3430.0276
4763,3396.2053
85985,2015.9213
37453,1326.7424
61828,5123.665
60444,2211.9368
52118,4460.1206
15538,5917.733
47739,5637.88
66338,1084.6758
90700,613.30554
38417,4494.0083
73909,2853.4727
8889,959.17303
87249,1423.2933
71621,2549.0952
56439,2271.8694
20100,4359.903
28841,1535.5881
16872,1877.2749
39054,1461.7399
65743,2851.0562
70296,6286.0654
57923,1900.8108
27465,2623.284
37180,2622.9812
96790,1982.621
56795,517.765
52131,1793.5415
9058,1112.0525
15457,3432.9756
89753,6602.35
96895,1267.1539
44535,3386.4956
29271,793.61633
88923,811.8607
44651,1758.4651
65817,2723.5195
51912,5931.877
37007,1289.5608
81667,2464.3994
51158,1719.1683
91186,749.8058
96370,3047.1223
22908,966.6438
91633,2757.1953
8456,4602.627
14366,1100.8248
74620,5419.1636
53546,1826.5499
15040,1736.9891
13141,4160.3076
98250,1006.76575
45265,1854.2129
15781,1306.3911
73468,2217.6091
6376,4661.826
32842,3078.9905
66679,799.90607
94246,11109.177
58759,1064.6552
99581,4500.314
76089,547.78973
24332,1111.8771
82381,2131.0896
46696,3170.641
46293,741.04193
47312,4571.2544
35149,935.58594
83956,886.5907
51322,979.62823
22307,2575.5547
4345,2949.8289
31024,3098.321
18227,4870.973
13396,4473.052
16645,288.01788
66824,3394.0059
28787,1097.9482
24249,13348.89
61972,2389.069
87345,10946.941
32883,2226.1328
72498,11037.238
99994,974.2562
29405,1036.3063
1622,420.8254
43158,2173.0176
2840,3796.7527
40247,3698.2412
42758,5140.299
81230,1512.9305
47041,373.2998
30494,1209.8608
18532,3298.1797
330,2689.598
70891,692.63007
66047,5686.1426
89587,29438.354
62911,2851.0562
34032,759.97736
86035,2212.3242
29599,248.92656
53315,2983.2095
31617,621.1855
15323,1297.6929
37423,2011.9382
17956,3948.8838
53872,1309.4318
54926,1464.3777
30713,1102.9879
6386,3279.3274
96939,5186.96
14319,9260.081
36018,693.2998
56852,4326.951
45889,556.81354
52681,2320.915
74368,1943.9224
25111,2582.6155
74531,2752.0583
63712,6578.211
34343,4316.837
23515,1274.9575
91955,4297.811
72391,1820.9095
52831,1666.0315
67435,3654.062
97218,3250.085
28051,6110.742
95928,6823.1885
89008,3608.5837
69180,835.03235
82926,2412.3582
4323,5901.6196
52156,844.6758
12457,2341.1404
3603,3335.1748
32265,1594.0371
7336,1907.4044
2060,1844.9724
57201,3669.513
59772,1762.082
80390,1506.3539
35555,839.8854
54117,838.2571
60687,1006.08105
26191,1427.873
72607,4906.3394
7125,2102.1138
18731,899.89954
53313,900.4697
37229,3155.8196
86037,5249.584
12169,1683.8544
20891,1350.8236
2961,928.4291
88657,1592.1494
9803,356.13602
7176,1227.0173
73826,6418.4785
7644,868.2988
37906,517.765
93171,3039.353
4628,1992.9386
93955,1804.2129
44762,10059.603
32245,654.41315
92655,1888.1261
31169,1738.4164
85578,1841.8538
879,3086.8196
40645,941.4998
97089,4348.5083
34921,1971.2888
72968,1327.2751
68293,912.707
84116,6873.7915
23213,753.5427
22228,375.80453
41533,2443.3765
68257,818.2433
32421,624.0069
16514,1113.8638
35970,1168.4915
76008,665.6758
24051,3866.951
35087,1339.0785
50158,1126.3765
88956,4602.627
64308,3921.8962
64760,462.89902
25180,16003.643
41541,2710.624
47827,1774.2665
78192,1078.0859
8418,1138.189
7715,4289.5986
56628,4956.266
36431,10584.826
43751,6708.911
40861,1163.7947
38248,1534.1333
59095,3823.491
85785,3354.602
8407,1811.8461
81975,2188.0144
41735,2072.3516
96577,1016.1673
94872,1438.458
61617,742.08704
54366,1512.0692
78123,1558.4043
67932,2100.0938
43049,2015.8773
34729,12154.724
89220,1653.1028
16578,9707.357
13452,1281.1609
93264,1051.5862
29193,429.6296
14274,1110.0073
64822,1481.2562
52561,3016.7305
21626,613.27405
76583,3882.599
91974,3066.126
80876,479.25244
32223,1075.9983
8131,603.95197
43889,2336.1794
84664,11298.301
86662,2328.674
80158,1360.0305
33073,448.56235
13385,4329.111
91986,1552.4349
2049,4472.463
59294,4326.431
53733,3274.9336
94797,4085.4949
27527,1974.4075
48977,2780.8074
53410,1454.0048
56459,525.03094
86414,736.2698
87911,1124.913
81872,2079.3066
84508,6433.2036
1914,322.79947
75034,7601.19
2054,5764.687
26988,712.826
135,386.04874
61073,409.09988
26884,2871.6418
79881,5332.788
23678,2041.1644
84838,1595.7576
20020,3090.9277
90796,3862.8206
15473,3462.317
59581,1366.8362
87633,2218.4163
99676,803.6986
64479,16118.797
77314,5251.487
99489,4001.74
55026,324.4655
592,1284.1315
94863,4321.255
63604,3394.0059
52960,2729.9307
93865,4523.7534
58576,2241.2358
45722,1307.0702
68931,983.46783
31852,2881.079
87450,2291.1128
79563,986.2392
98234,1194.4071
829,1839.2782
31484,2548.7092
36983,344.39023
82123,791.43567
81311,1446.3132
44582,6876.628
98213,17768.621
84846,1918.6971
85500,2104.1577
13437,1579.1669
93789,1041.5759
50060,4953.342
58134,2409.0215
44597,264.7529
88862,1188.3782
498,4501.5996
81796,1829.1554
90270,3821.1643
5385,2357.129
81984,3423.5583
23328,3106.4746
57613,1777.0867
89028,3588.468
98426,4200.7485
46457,2491.9124
50113,1122.6033
82584,1212.7366
9299,2925.6096
29073,1310.9794
49013,1395.1215
11104,4700.631
63651,2605.5745
97247,2801.9126
72381,1744.5242
18094,5084.772
33442,8855.601
47430,965.5218
27400,2253.4353
46046,923.14185
2628,3037.4565
3247,3898.2732
27542,2558.597
58429,1817.1831
2367,281.97925
980,5044.694
94899,1816.9579
99493,1383.8136
19873,1449.7246
22743,2023.913
76731,3411.5334
13840,2233.7014
71869,889.21765
22418,2283.6772
76897,2793.9214
53428,1976.029
10997,2188.0144
24442,1119.4846
74945,3465.2852
5512,3344.7102
91530,1551.7915
77650,6119.205
21997,3166.7363
2462,9210.519
67919,1772.2313
14533,4732.9604
11444,13085.648
38093,1616.1436
70692,2269.6936
28207,2629.4485
74488,2141.661
2540,4060.908
74893,3316.7202
5730,4329.111
5847,3490.9333
12441,974.19946
78293,7366.5435
47711,1101.6722
54903,386.04874
68527,954.9654
41409,1787.4073
96422,1366.0608
9512,579.9389
57782,483.67172
25824,9809.05
33090,2006.2538
15342,3514.443
37063,9907.835
19867,1395.6738
49788,4088.2764
77933,1019.55676
20920,3694.9294
98576,10156.77
97882,2079.2385
19265,1187.8887
87036,2468.242
57910,3681.6892
86336,974.94104
85979,14258.203
10104,1201.5071
48041,1749.0131
68567,962.3128
51935,1269.1084
33425,4418.6104
53429,5186.96
4681,2772.6477
35435,832.2317
10091,1184.1765
54577,1915.0099
46232,2029.4935
46082,216.45026
74608,992.27747
19330,3975.3667
68935,599.8012
26934,4126.0576
63993,1183.063
7622,3317.7043
96789,1100.8563
54790,980.5122
17299,2289.6326
11647,1795.9688
70023,4837.659
30601,1715.9467
3209,7121.433
72351,1447.1737
37962,1260.8677
93996,3206.5188
47913,2729.682
414,2815.8135
28222,453.79477
23739,555.6222
33071,1514.7814
6169,2288.719
40164,1713.0632
51206,988.6628
62928,1025.1725
15037,1024.5417
40846,531.72437
42920,1582.2855
27096,1741.4055
75280,21653.967
11824,2341.1404
2307,850.0482
96247,4376.3193
91142,3848.4436
18848,1364.7688
36546,2090.351
9607,595.56104
80906,7905.918
38630,934.2402
87737,1386.9323
50184,6090.3022
21573,1075.9982
63663,6808.6035
52285,2140.0266
66429,1638.9249
1500,1304.1564
17008,1651.6978
84646,3135.7026
26337,1454.0048
24739,706.28766
28719,2285.0627
84024,5170.9365
34799,2850.6294
62302,4033.4036
41889,989.5919
26474,2555.3125
51325,888.8012
14902,14949.596
5053,967.83185
35454,781.6618
33708,1327.3103
52989,1317.4813
2781,879.7272
92752,1813.794
216,1722.0345
7534,788.62317
11067,2312.376
53104,1848.8441
50935,3920.1396
66371,6529.6904
76771,1427.2958
67419,1149.594
27341,2472.971
15374,1075.9982
51256,16207.694
95093,8836.547
25456,2296.681
98820,2282.1758
76090,4956.266
62506,3753.0078
46969,1280.6389
50530,990.4492
7000,2693.4697
53050,4326.431
53744,4537.2236
73018,11141.033
14612,948.4403
98913,4356.6035
65694,1454.684
85197,2276.2883
23214,2954.2073
19315,1782.0206
63585,227.45102
41609,1330.3535
87797,2392.3867
84854,3357.9785
72199,1725.0842
30014,746.712
81382,3144.526
46769,31625.92
26309,2485.392
11713,4025.915
69372,4929.377
18256,463.3096
75419,877.619
45309,556.3875
57668,2828.91
66036,1652.4841
83658,2842.5776
91098,1336.7678
26024,506.76382
67336,3789.8806
92972,1884.4408
66107,1070.2703
9610,2195.7566
61746,1161.8337
13526,1787.3634
32414,1774.2665
68791,1793.5415
67357,2159.9675
17565,1247.6589
91577,4846.8716
19189,1209.6179
14277,5452.411
72776,2688.0889
23873,4588.3667
15971,15133.874
39575,4089.8677
40763,3352.8447
5204,3713.106
16689,3131.5103
81918,3030.0457
15108,1586.5951
37194,1103.9403
39220,1505.5842
98957,1120.135
9394,3057.5671
44940,4268.971
78554,2379.6548
60167,3954.1814
91870,887.76495
22915,4295.614
30842,5771.6465
86606,12161.19
85937,345.43063
47069,2200.6143
40378,565.22504
78922,475.4119
69596,2333.383
40003,1145.8885
42836,1042.2432
88267,2176.5469
29859,1162.4591
59681,1990.3685
16992,720.2181
4707,7496.789
92927,1429.9153
20706,1060.2023
6593,1164.9524
29115,4256.6284
50132,2298.219
14031,1227.0173
79829,428.06308
6881,1136.8066
39158,2352.67
45306,5230.0825
37250,5168.8164
27035,93.67101
11730,478.86783
65715,1800.1989
85497,1791.4987
97311,1271.8015
39555,2214.1438
63639,3517.2969
68059,3820.5544
60461,1340.0099
6323,1191.4968
90016,2450.6711
94077,1829.8533
27171,1948.2092
22570,1110.0073
70222,527.31476
57432,1148.1652
47851,3359.1653
93094,1347.0088
96381,4143.5796
61825,4177.6367
87789,3134.9614
48445,3956.4292
54481,5180.998
7917,1099.3306
86670,1288.429
45717,1744.6833
49,2599.1238
98005,1953.2402
51613,2556.6633
67817,1921.8633
13485,641.49915
23280,1292.4324
52775,1424.0111
90065,1999.5057
27677,3309.313
65891,1101.8667
59123,1744.5242
69673,2528.8826
32011,2937.9382
76870,1762.7164
45384,3685.0444
6150,10153.237
90153,1145.2266
91924,4038.6003
95195,1030.4669
62903,1101.5096
80331,1365.6351
60668,998.1833
40114,3523.8257
69440,4918.0205
18751,1694.2299
76589,3492.2827
38930,6609.345
92532,1690.6156
76328,2177.256
81508,350.86856
20390,868.1013
27393,3119.344
28249,1254.6556
39950,1519.8785
8667,1307.0702
77658,1796.5907
28151,717.1925
46308,3080.706
53286,5032.6333
62808,8820.675
35786,1506.9006
2940,834.0326
20174,2035.96
84301,2005.651
78335,25034.342
86695,450.81137
82997,788.038
32162,1788.766
94767,3938.7266
8306,5375.2466
30294,1042.0625
94324,1380.1885
16084,676.08167
39073,1025.1725
23414,1317.5793
90265,840.5702
32794,331.6148
9795,2095.4924
49514,1650.4175
96941,2071.33
65049,1319.9595
48746,2214.1438
53301,652.35443
58588,2697.026
79109,1800.7554
58838,5748.664
46501,2742.1353
6245,519.2183
34861,1307.0702
96582,1210.4674
99171,1385.6815
50973,2585.029
35806,2345.9912
13728,1413.0538
92998,5345.1333
14575,6754.743
58402,851.9989
82455,3073.449
99588,459.09595
62541,2379.018
86819,1512.4492
79609,1865.4824
25674,854.10284
20827,2172.0996
26475,9195.094
9294,1898.7524
20246,4150.117
33410,2233.7014
88061,884.7858
46877,1025.1725
11752,1558.611
36173,1339.7017
43095,3735.7344
8726,1905.6438
82039,3811.3433
17765,1265.826
16681,8142.1357
90393,5193.3823
75184,1101.541
68051,1393.8208
13685,603.8342
37280,2670.431
97272,3849.1777
61235,5888.609
94067,3560.0244
51038,1354.8928
53210,626.5902
2044,3505.492
61646,1850.2139
4947,1551.2708
33885,892.26044
65665,11631.127
59366,6664.558
95194,421.99008
8619,6788.844
88553,2201.9019
59780,1598.5552
3620,2742.1353
56840,1128.2742
10112,761.3032
48062,3631.239
44565,2269.6936
82100,1128.2742
98291,968.51666
93299,8378.946
27647,6406.386
41274,2471.2473
24575,2124.1177
85914,2049.0054
55852,1284.5718
33539,8867.257
67636,3587.1992
80325,513.63525
28217,803.61707
12526,1555.5536
77399,4198.8213
31229,13244.318
6730,5450.7935
91608,2283.6772
77735,2824.0474
10620,556.1287
24161,555.003
95324,256.13312
14854,1860.3743
90455,2433.3533
29164,5856.4927
5216,1224.463
72176,4205.773
39413,9740.589
15239,3893.3245
50965,7600.644
65415,4401.132
70371,2800.1045
99320,2268.9702
44143,1166.3387
29994,404.82217
58208,4870.973
82954,681.02203
76065,931.0431
38617,3254.2803
6964,1478.5902
91217,988.6628
56357,3071.1875
96865,771.932
79586,2441.3784
16588,828.122
12405,2118.9946
16357,1243.6667
16423,1229.4974
58244,3871.729
5970,6961.808
38779,1592.6389
23924,1602.6868
70011,2463.3955
81348,1120.2495
45507,878.8867
69800,1543.9938
33897,926.72754
45359,1344.8528
1284,4832.779
66384,2796.8308
9622,3008.1653
1623,1622.543
58011,1097.8588
32671,6179.7812
42728,1263.6268
81138,1256.4105
30164,1512.9305
91498,14831.0625
26523,20805.14
56508,3878.693
40872,7440.563
18591,4993.8154
94078,451.26718
52370,767.43713
98840,934.9643
58017,13248.118
95543,1035.1827
67514,18766.959
53646,864.4943
64902,1489.6649
82941,10604.063
37499,948.4403
15253,3779.4531
95835,1538.7068
31642,1534.659
39137,6700.3257
3018,332.68756
87768,1762.1664
19309,1512.956
65047,3675.8057
10507,409.47098
66071,3109.742
95783,1492.681
541,5434.254
25721,10638.101
25422,949.44
12886,2365.3108
37238,715.0671
17984,4382.09
30839,782.7752
9701,1025.1725
6200,3100.6135
68680,3534.805
43367,3977.2524
80706,1454.0048
48916,227.45102
14694,1635.545
92541,3015.1707
83851,13186.191
35896,2528.8838
12141,1158.4822
99629,1586.7753
16576,2040.5375
93651,353.98657
38916,1615.0374
71270,1168.8074
5054,1492.9152
96229,1576.4657
78694,1055.9775
31069,4732.1206
21090,613.30554
12263,2984.773
5745,3956.8857
2001,2177.2583
84843,5442.99
44434,920.53796
11128,797.33624
75927,4999.1064
51331,1627.0392
31057,921.17755
22119,1825.5112
32601,1366.5413
16740,2074.8315
40130,11030.699
36073,2548.5217
52786,6519.2017
47132,2453.2917
57194,10474.589
90449,590.06433
33310,674.4622
39507,1383.8136
91036,759.0437
6639,725.7616
74773,2330.7632
90072,1037.9678
32822,1152.157
47522,7463.2456
44768,1874.1562
64210,3993.94
84487,4872.449
43196,1306.3911
49822,1548.5817
22888,9552.942
95809,505.5692
25374,6441.964
61816,3609.3748
19892,968.51666
24220,3768.8938
10435,1763.884
32338,1457.3204
3308,1316.6608
56342,920.53796
75961,1443.1603
99202,4022.009
86767,4110.1367
93256,864.7662
81129,3328.596
61886,9740.566
59162,1481.5492
62041,1022.0538
38086,4782.0312
56030,1194.4071
62975,1874.1562
50702,2557.5403
57457,2140.6343
20546,3497.2341
54693,2040.5375
81121,603.95197
54753,2961.0476
67865,2296.681
10791,345.70248
73230,2446.9937
81908,2047.782
57030,5861.75
84082,2077.2766
26878,1818.7146
76114,1852.4673
24171,1871.2206
42582,14018.367
20141,4925.553
55370,1222.8505
70389,3875.472
4629,10142.166
10032,2131.0896
75693,2746.657
57833,1840.1256
71033,746.02716
62873,1803.874
1348,2272.2253
26065,604.7291
81145,1654.2948
13474,1757.6602
52987,1097.9482
50449,2059.1584
42499,5092.51
5556,5316.8096
85261,5215.0444
21511,1637.434
68621,808.0771
54821,3446.116
17866,1712.159
84423,642.8894
79832,1895.9083
12460,1149.5641
26838,3370.335
22139,694.5816
40008,3589.7593
59143,475.38998
45909,2985.2173
10662,2058.3186
40579,1496.8252
17651,757.82355
20074,3377.7021
61549,1200.1744
42163,579.9389
65054,1527.821
2241,1353.6732
81511,2925.6572
32698,3175.988
88527,1102.9879
82355,2337.539
22222,1954.0381
95075,1967.7174
29308,5498.853
49348,4561.8647
5583,8072.059
88232,2571.8418
1022,984.7423
73651,1001.31244
51681,7611.85
66396,555.003
32886,866.7323
42610,453.27472
5844,1408.9453
39652,196.84964
29333,7033.395
89961,795.8221
71536,2166.8506
84763,5486.8086
35312,4912.782
18081,720.40796
4235,781.272
19227,647.19135
92175,741.48553
88310,3768.8938
93286,2884.2217
15234,3960.6216
75394,5418.41
13492,5507.98
12960,2883.2686
92861,257.71533
15444,1036.6609
12050,2346.2886
61795,2574.8552
86590,6256.1353
65477,1595.3584
47275,1310.9794
81284,505.5692
49688,2697.026
29169,997.0948
8694,1181.2219
61526,2821.576
91569,7410.2144
23337,3949.0918
70402,888.53284
46417,2523.3992
83556,653.0229
87317,3196.1943
43221,3646.0154
22106,1441.578
18660,2497.678
95130,13775.119
89615,5059.9214
9954,2557.5403
37958,2404.7258
64988,1645.0326
80348,3267.42
11847,1510.8673
24346,2898.1074
37062,699.76953
68064,4366.733
61379,5262.276
15591,1792.284
20991,3073.6282
16219,3907.8594
74201,3502.7644
60012,751.1383
21567,1260.8677
50897,1636.7205
19920,461.55145
52867,6557.954
49418,462.89902
86963,1356.9623
20871,3565.7349
71586,2484.8152
7887,376.94287
79911,2468.8174
56686,6987.6978
31999,3283.6301
20475,4999.038
74714,1024.0138
97569,1357.2687
9897,2536.05
19945,2515.7483
92644,2400.8464
57504,2163.6836
29098,5426.8506
71959,1153.4685
11158,761.3032
35019,1213.288
82096,1066.0233
89348,402.9697
96750,4427.323
49705,343.7114
7909,1016.1673
27175,1201.5071
58880,535.6797
64037,747.0618
3144,5693.5923
94491,5149.671
20983,1289.5608
10155,5632.5737
15379,2687.913
17019,6505.631
92610,4848.0645
49185,1194.5555
61360,980.4713
15983,1424.0881
89278,13176.889
34068,5019.351
32524,3992.796
48151,2207.011
35271,3134.9995
82120,5231.6685
72379,1120.9177
63183,800.6849
88265,290.9774
39150,409.09988
5836,3303.9202
73168,1487.4897
40488,6432.6143
57517,6915.362
80256,1208.2853
14331,1209.6179
18834,3169.604
88893,1395.1215
41571,5106.947
90146,2974.9333
27477,3115.5986
48134,6964.272
71388,4407.5005
23955,27143.611
33570,1144.0248
69875,2697.026
75715,3302.1218
42586,1824.3218
26352,5480.673
55153,4208.148
85073,1972.8589
30463,571.63544
23460,2627.675
350,5660.907
71866,2930.5994
21035,2781.7188
85863,547.78973
16811,5785.094
34836,1525.0288
53991,1101.8942
88345,930.5566
73608,1417.8778
1047,3476.4038
54383,840.29504
35040,702.51434
2584,808.1615
74993,764.04767
54084,1557.4694
55175,714.38226
4213,3403.9055
55526,1561.5608
28471,3363.1604
56408,6152.614
43308,3387.5544
62068,22778.15
53478,546.9294
82415,1516.8635
20284,930.3583
98776,1971.8323
18717,1325.6152
90921,1142.1995
41060,2039.3624
4955,1220.2744
15893,1230.429
38840,1793.0618
61177,1368.0253
49736,1760.2855
99880,1734.7535
24055,4918.7695
86669,1158.7971
27843,800.6849
14402,878.8867
99164,5969.542
32652,1379.5037
48104,666.82
89621,607.99976
54993,7933.524
91455,1100.8563
99526,719.72314
89426,764.27075
29451,2151.3936
91827,1241.3151
14123,4098.488
13919,1818.4044
57845,1077.3193
66757,954.8786
6645,13452.081
69992,1951.5468
70237,799.22125
95583,351.3455
71351,2548.5217
4880,288.01788
34476,6965.012
61801,800.7933
80901,2813.8254
34325,1852.4673
1077,879.7272
21100,4596.9985
19960,491.8874
86343,2176.3806
39037,3940.0916
18489,3009.9546
4524,4515.4
77565,3779.4531
98521,1165.8263
64721,1791.5396
28876,1429.3131
11332,2664.1428
5708,3698.3064
69820,967.28455
64632,1715.5648
55057,4741.7925
80267,1925.0391
48538,1307.1757
66249,967.49884
16614,3269.4932
98248,1877.2749
58932,3159.9814
50928,2062.3484
53851,1635.545
49334,2895.488
69854,1654.2948
39547,3521.203
62238,1818.7146
43623,1452.8433
17241,161.70149
58519,2433.1692
40391,1916.8119
7135,3160.317
1407,2188.0144
86172,3318.2656
17756,5178.0713
74710,4969.761
97408,2486.7808
75783,889.21765
95536,2288.719
5974,4335.742
42822,2143.7532
51856,5669.3027
22341,1275.5813
6000,3347.4868
9148,782.0904
57514,1055.9775
23647,1205.8258
80678,4699.473
43107,3367.5857
15455,3434.6592
55399,5216.575
2433,2921.8772
86201,3740.4834
78424,409.47098
28702,8689.721
94532,1115.4321
92531,1588.6078
12949,1803.874
16650,6395.1475
79632,1658.1381
79445,1574.9576
85948,1846.8818
17514,579.9389
72236,2206.1433
85808,1350.8236
35870,929.7035
12163,3072.147
44337,1057.2012
54404,4148.288
38882,1770.7926
44980,7246.088
60257,961.6995
17666,1870.2313
81132,568.2772
21267,2547.0178
76310,702.1784
34931,519.86725
41421,2311.4146
74567,3900.3235
89432,2782.8435
95686,1654.2948
96150,2419.831
61066,2204.829
13208,2066.3113
11530,843.99695
43160,2742.2314
6780,10984.949
81529,3784.9333
91781,2069.9958
56916,8249.136
70369,441.71426
95651,2937.9382
55290,759.0437
96016,3652.0388
92080,804.23395
84740,679.5818
59787,932.92456
49295,813.75055
76102,421.96237
56270,1940.527
56226,980.7541
63675,2505.2092
36931,1970.9722
52055,2951.0981
8951,1158.7971
17782,766.3627
8996,17717.045
30543,6689.6655
84556,5183.063
11745,2945.7288
5524,2134.8643
42112,5993.515
24314,1774.2665
84453,2949.2163
55581,6782.122
17994,1155.6785
46751,4711.2827
29242,1386.3424
21749,3000.509
26658,2026.1504
5544,7813.631
82762,2821.0706
45513,720.40796
80533,1101.5096
72506,1311.176
31437,1602.6971
3864,673.2815
4706,4291.5156
28692,997.3402
487,1111.8771
92341,1494.411
91123,6446.472
74356,1120.4307
60748,2937.9382
38510,642.1584
73486,5728.2866
70047,3370.341
91602,2919.4998
4740,929.21405
12507,2540.1514
12832,3721.48
34521,4348.84
33973,2796.8308
5993,6234.4023
37020,1712.0885
50766,3818.604
33416,4114.4688
34535,1311.0688
41780,2200.3264
83492,2534.5134
2695,550.66034
90416,3023.3552
56078,1396.6893
82646,399.55396
31605,2217.3423
56604,420.85168
70746,1176.1953
24727,1023.1001
52457,4543.714
25902,2290.7456
80465,697.95624
25604,13073.834
9343,3130.3855
89286,3135.4465
18360,5447.347
19809,1499.7301
6030,2898.8765
41829,8787.708
12517,9126.55
17138,1425.6891
9902,6300.8506
75779,1609.5297
13692,4523.7534
25053,821.0822
23399,2430.279
11346,442.64545
1669,2150.3828
56190,2149.2388
31203,4561.043
14794,4757.8413
99884,5811.6646
32550,1992.29
69266,7790.8696
58504,1808.7053
37581,2370.1384
3274,3317.7043
22977,1431.2745
86076,2337.533
49496,563.6116
11389,1904.2056
50311,6906.979
140,1111.8771
55602,714.38226
10381,2598.8748
61773,1807.7433
4956,1221.4585
92475,6687.1484
76537,4126.0576
91984,1958.3745
57465,885.26733
90406,2437.0996
81473,3341.7297
52744,2286.8599
60151,1219.1384
82231,379.01508
20573,1602.5663
6163,1179.6343
73598,349.77896
14364,5400.378
19839,1570.8947
12911,1194.1556
24975,4684.4336
19338,1118.2639
54479,6985.8267
9682,1351.5751
64418,1954.0381
99906,1316.9005
95629,1115.1453
77014,4832.864
28100,2100.0938
69866,6131.1616
11234,2364.5435
49677,2504.8015
20108,5186.535
81983,703.1308
71842,1635.545
36970,3730.2964
74997,1174.8925
38286,3073.6282
47726,2047.782
67063,868.82404
43298,788.038
59918,3779.4531
52543,526.4581
95975,899.351
36082,3350.2434
13458,2358.3423
47221,3295.3865
5802,25238.656
83478,5493.2056
66709,6578.211
54047,4265.3545
2760,759.29254
23827,2677.6978
5278,628.957
85902,2358.3423
38953,1201.5071
16823,1120.2495
82489,2559.1907
14203,1169.591
95911,7328.665
5834,1075.9982
39226,5248.373
89962,1459.4298
79695,10453.554
52443,3351.4302
72523,6681.463
84604,1450.6951
49901,1363.0634
48815,2617.954
60684,2999.9673
4588,2188.8174
94032,11103.998
85921,1363.0634
49052,1208.6997
84038,1380.1115
83447,407.0651
14984,7120.2
62031,6928.252
15707,3295.8022
33281,3008.561
73657,11059.845
52731,679.05804
17457,901.80975
87013,1825.5112
51146,251.88606
48307,5477.986
95817,1907.5476
34567,1431.4215
17024,925.43365
90388,847.8687
57197,2793.9214
74872,2011.9382
22476,1800.1989
46053,1364.084
87390,7732.8633
73209,2922.1292
34475,3922.1177
3001,729.6426
36813,185.82755
59927,3311.699
91448,2600.7004
31596,7713.6123
35390,3298.6172
399,899.9128
24871,3383.122
43754,4155.6997
26084,1977.0228
55206,2898.1074
57232,2981.295
93829,10056.592
81578,2483.3745
35014,2141.661
83521,3657.3557
94502,7481.0254
1696,5359.4067
136,311.94278
96430,4012.362
78276,820.13696
9509,6445.6123
55779,1511.3075
84339,1573.9427
51392,4081.0127
72360,906.9279
13765,209.76607
94978,2071.33
36083,3173.0005
51716,8312.036
9001,4373.2627
5177,1433.9362
58000,4562.9
19148,2620.664
33758,1951.5468
54644,2495.7102
57205,970.7543
32230,4435.4976
26338,4789.978
14789,2072.8582
83306,1255.7257
78259,9333.283
714,4602.2095
16438,2355.5298
43694,1497.8354
6636,2671.0193
37829,5131.858
7623,2124.01
2021,549.09375
71190,1503.137
59853,4084.6199
93116,1249.2306
38733,2674.4827
47214,3734.257
93720,4188.631
49678,1405.8267
5610,3893.9866
54243,1457.94
33298,1328.2621
21764,2698.5261
30947,1735.0979
1549,3562.1797
2755,10981.092
88604,3768.8938
74566,784.9294
90307,2364.5435
35150,3032.7249
71431,1877.2749
37115,2578.236
98527,1206.0161
46216,7523.8667
71634,6438.5015
11837,973.45776
84213,5373.7075
78437,4150.117
34100,1419.1675
92405,444.44385
94319,925.83307
83187,4803.97
54382,1816.4684
67299,1494.411
51208,2411.8787
87055,1136.8066
33721,746.1471
3370,1641.914
53475,4077.2224
57716,3629.4421
24755,2189.1953
17983,352.00696
5867,3517.2969
73414,1204.6898
71710,3359.0156
56044,4410.9917
91513,1773.5294
43552,895.52673
89016,708.75793
7092,3459.9683
60293,2896.3547
6898,2225.238
22632,2891.7637
88421,1081.1929
91056,2790.6963
21203,1298.0814
5665,1002.8573
64782,774.18115
57973,1303.8228
88040,4697.255
56691,804.91876
31447,1391.5133
31417,2972.8032
62293,859.665
30475,3050.0732
39187,734.1053
32973,1555.6312
90509,551.60535
45318,1870.2313
18002,1531.0146
34141,8362.221
67543,3141.5007
90826,556.3875
92075,4012.4724
2976,2605.5745
22344,1459.7568
17672,2250.3164
1203,650.3367
28915,1878.7435
20330,1582.6045
17288,3538.277
2702,5444.886
33005,2015.606
60890,675.7078
25058,3066.126
79976,4905.984
1245,6763.456
19877,888.8012
57883,3339.6555
93567,822.6235
27773,1737.3792
81573,5081.3486
64206,2483.1858
62317,595.9733
20950,12412.954
6396,1690.8984
44486,1400.1298
44767,679.30597
74573,2496.483
21148,6176.9185
37846,2069.2327
16473,4100.261
35828,1230.429
89045,681.5387
34677,1458.7473
85837,4036.2979
37798,2028.7682
68328,4135.6343
52396,1999.5057
18242,6476.7295
99231,2463.7776
23526,2288.719
89882,822.3788
26015,2141.9277
87099,2552.3035
45430,2338.0215
33859,2594.2563
29444,675.7078
80273,1916.6683
60988,4334.3853
79040,1972.8589
76348,124.39407
24253,292.2094
29602,1524.957
76276,3666.2065
53192,3405.5315
2271,792.3321
86536,1989.8062
23360,613.27405
71992,3990.034
85256,661.9502
96694,7540.1416
13224,1894.7225
68553,1284.1315
43179,2077.209
99885,1360.0305
62175,788.038
54033,1055.4485
38601,3689.1262
47162,2011.9382
41184,9286.626
95007,1191.4385
41774,2252.8853
57351,7369.2534
54880,1183.4978
94168,1546.7404
59812,737.0007
97252,2015.606
99763,2337.533
97266,1043.6349
94448,1921.8633
86346,1353.6732
83475,349.77896
55092,1577.7914
60049,499.3211
55286,2597.8286
20500,1315.2972
97241,1804.9926
3380,798.4761
61900,3842.6995
12322,2561.3318
1039,186.50987
64356,1218.6515
6464,1461.5952
14507,974.94104
7662,3057.8167
64887,14478.217
17629,1247.6589
19125,861.7469
59326,1815.596
15060,4208.417
23126,3394.9436
66046,1343.5232
17566,1231.9382
6571,5432.902
10903,741.40485
95965,1316.9005
97905,4071.8018
34121,2143.7532
23636,1158.4822
62900,476.3241
50494,2114.1462
45921,4611.4775
53806,1941.8612
26359,3348.2827
21061,1997.8469
69077,1512.9305
15267,1181.2982
10396,2291.1128
99249,1041.5759
76726,899.89954
91823,1998.3569
56192,1755.7788
19778,1291.1464
3324,7815.883
19486,780.48755
75900,352.00696
55859,691.7561
48608,136.19783
63046,2546.1265
32021,1126.3765
13174,1757.508
19693,990.4492
95604,926.0981
25158,1140.4988
49547,5332.707
69698,4644.911
70614,1802.2902
67148,1191.977
80645,7476.7026
81281,2597.636
20842,1201.0176
86210,565.98157
47674,773.4855
98077,1165.2028
53868,788.038
2268,2954.0076
69836,2237.774
485,1137.4795
9604,3412.3296
1674,1113.4957
86116,5480.801
13244,1183.4978
27995,940.6241
23245,3144.526
12218,1974.4075
66597,415.12463
7878,1452.272
81583,2233.3875
1467,1727.0986
3333,3740.4834
14191,7304.709
14769,1471.5525
53254,181.98091
61113,1705.5187
4927,1744.192
33150,9197.257
47060,3073.6282
7179,3394.4255
27559,2287.1685
71800,4061.8333
4770,3377.7668
62102,1916.6683
28468,7473.177
16814,1305.7375
59988,1461.0007
97869,3818.604
53834,1168.8109
74868,613.30554
31052,2094.4214
53327,2995.3757
13521,1874.1562
77595,2380.9941
52580,4558.6787
70061,616.8926
93998,8112.3755
62445,529.7529
55355,2457.772
64303,9367.973
77969,2005.651
14884,3090.4653
43343,1870.2313
41411,5876.111
65386,3061.5225
26666,3042.8044
53885,2229.7346
49213,565.98157
95671,1751.5973
9049,2787.7446
95667,834.8228
85643,702.9848
20888,879.7272
23759,1543.9938
2736,7745.2944
69448,6238.084
73533,4584.2134
87238,21906.432
49480,3194.1482
50958,6265.7173
90707,6624.601
90184,921.6448
37119,3992.716
85388,433.15747
7308,3949.3127
22905,1300.938
24124,787.87854
60816,2099.887
84607,364.14807
79256,864.7662
18747,2852.998
92085,2241.219
25934,5255.904
45049,642.4737
91150,988.6628
72382,6130.9663
2252,1974.4075
30667,1827.4636
44321,2077.209
13145,1395.9176
70895,3340.908
74330,2582.323
60455,6310.7646
97549,724.0099
2036,4344.822
60847,2042.3289
82199,6086.404
41556,485.44162
11123,1925.3679
88976,1085.7855
10199,4171.203
56830,483.67172
18966,408.21982
78057,6419.8276
77487,3455.3916
3917,3016.0283
4530,1580.6487
75225,4869.8955
33730,531.72437
30485,2199.604
57707,1166.8282
40540,8415.877
19342,1747.3107
18857,3100.278
4926,2068.0208
28854,7659.766
72352,5448.802
80690,1657.0332
28424,5251.533
73393,12325.564
91891,1236.3488
28775,6521.126
83380,2049.0054
90979,13272.7295
1687,1295.7068
96521,1014.62256
84916,1424.0111
13921,839.8854
88626,767.6705
51767,505.5692
47224,3804.169
65129,3505.492
57311,7288.74
29834,1209.1284
50124,4749.1567
25568,3754.9485
71935,1690.8984
92722,7857.4707
55714,962.403
82326,886.5907
39772,837.7455
68992,5043.535
72067,4414.139
35381,2746.6033
86733,3426.9707
89395,2463.3955
60243,2379.6255
75718,3257.9575
16574,11010.061
21112,1877.2749
92009,825.813
15050,5279.2354
17149,1683.6025
94043,1234.5558
91568,2505.8547
63491,620.05927
327,6061.66
59171,211.16792
29908,638.6192
54371,713.70337
64617,6212.5156
10126,12120.204
51750,1177.6099
58387,5326.5093
93788,7429.669
42791,6481.305
28885,7949.8394
21145,3309.7954
3802,5659.285
4982,4031.791
32510,1454.684
59572,1223.2606
23218,4056.582
45070,3591.8213
35570,2548.0845
43437,12290.542
80562,1962.8552
228,1884.0828
38923,948.4403
16176,3573.4202
69098,2542.5872
99534,1541.6831
53065,1256.4105
71065,503.91397
7302,2462.9565
87829,4253.765
30156,2272.2253
35231,2337.533
41429,2251.641
84504,1799.3649
67611,1886.9026
8656,9630.193
99689,2653.5112
90917,2348.6401
39769,5227.139
37205,1456.4346
44318,3073.0647
57235,4032.0974
73742,1763.884
87114,4220.9653
15809,2321.9155
25157,927.3815
97506,1376.4939
69419,5285.543
35287,628.8725
83541,2949.8289
19807,2039.0005
80288,9020.035
79635,2681.7214
61102,4874.058
22975,4796.5186
37285,1306.9414
24261,1189.054
73355,1597.8239
79276,12891.493
8158,3468.4846
83357,1760.5881
39536,1816.4426
83790,1735.0979
96432,840.5661
14623,3552.0713
11528,679.69934
85380,1497.5297
51847,185.82755
83146,1785.1051
27417,727.414
26325,2971.8206
96098,6927.3945
61103,1447.5662
57113,780.58716
38242,838.9708
9860,1524.957
58973,2611.7566
7514,1797.0802
91514,3688.9504
18891,782.0904
62664,1060.8687
18565,1284.1315
34709,5209.7407
78932,4614.2085
57076,8271.733
24998,1067.9019
69911,5127.1914
1939,1602.7445
74842,11564.001
38467,2163.6836
14943,6332.213
25941,1234.2444
2386,1306.9414
25594,645.56134
53157,1530.5446
75297,1548.5817
25173,4717.421
38618,3069.971
46409,1511.3075
1272,2945.7288
2029,1798.4412
54675,979.62823
4552,1749.6177
3679,2806.4275
52804,1704.2395
24011,3587.14
79292,2353.1985
46502,4268.964
30198,1738.4164
19043,2980.6477
37666,1347.5255
55579,1411.3662
31265,1736.9596
46739,1111.8771
20596,11406.307
58762,2726.4758
3420,1158.7971
830,885.7568
31781,1528.5059
80569,5397.135
7477,5002.465
41882,1728.3146
27748,5145.7646
59603,2558.597
37668,1722.0345
88755,3102.3513
74770,1965.213
26885,562.08777
82017,2704.329
8210,3405.0684
50229,10343.106
73779,3134.9614
56654,1091.3274
21895,2979.904
71934,3448.4087
88529,4071.8018
43108,3897.5151
60871,10225.938
28245,2111.8486
39546,5080.6187
23441,2408.305
38081,4689.5156
84969,991.1399
99196,1722.5463
73484,565.29675
39731,6047.147
36822,565.22504
510,1707.9205
53909,2777.9277
32005,4404.0273
24392,652.5072
77997,1405.8267
74111,677.2455
95698,613.30554
9760,1342.8203
84241,1756.1676
45926,4758.4727
29176,10937.341
32518,3019.4421
2399,16847.209
91857,1558.8436
44030,9809.6875
71220,2777.9277
63650,4055.7634
84448,1326.4584
29608,595.56104
7172,7720.1914
78215,3826.5
25328,1815.596
45261,3378.5403
80503,6074.053
89835,1761.2833
68514,13403.253
87800,1318.9031
4377,670.2861
8567,1032.8721
32963,1411.2411
82483,2807.0708
93221,1785.1051
42201,3125.3572
33834,691.5623
4375,8809.257
86975,2397.948
72921,3979.9688
34824,2280.2822
50320,8623.78
24935,3355.1108
96052,544.8302
32574,5157.1367
60516,578.7981
74963,4071.8018
87234,8275.668
30845,1643.9669
4163,1868.7256
32623,2965.194
6505,7355.1685
8802,505.22415
18624,7183.3647
73849,1864.3512
39383,3421.49
6027,15086.603
77418,925.43365
63867,2442.8403
32305,2912.7107
44447,3505.1418
78243,2078.225
55695,1123.4497
47978,1916.6683
46529,2193.6912
48453,3450.4392
64719,2972.8032
49431,3325.1843
1682,999.2123
37559,13188.379
12849,1894.8354
75171,1449.0458
3432,704.0545
3123,4067.1553
45118,1454.0048
51358,1058.6217
79268,2636.612
79786,3073.6282
65213,1100.8248
92478,2214.1172
42684,1304.0093
44990,1411.7684
6513,2066.9326
57419,1218.6515
2492,1925.3909
90220,3183.4956
27853,209.76607
22256,503.22916
38176,7347.386
83057,4744.177
36216,4982.832
29756,2511.8179
20179,3713.9844
78065,929.8058
39532,1712.4229
89106,2584.339
87876,476.3241
17409,5251.487
90200,11014.457
54679,1318.2183
65008,1921.8633
44279,785.8107
91787,180.14824
11779,3366.2795
97437,1380.0865
36382,12121.252
22400,1187.8887
2472,3038.787
37061,2956.795
72045,1551.7915
44523,496.12375
89456,648.4154
86924,2012.3372
64880,327.10394
79473,900.9667
57239,2382.0356
7755,5251.487
22092,1611.8057
90231,3328.47
87182,605.41394
42537,790.3517
87640,2296.681
66246,3624.1294
31650,1386.0719
37099,1146.7318
14238,973.45776
35920,2520.7585
94193,1303.3333
99585,587.85724
72532,2461.262
98307,2575.5547
5378,990.4492
4670,11877.249
21883,11312.941
87943,3558.5059
60724,3781.2305
20783,1226.9159
85542,917.6863
46897,1557.4335
90256,1984.6582
14601,1538.7068
98149,2788.65
84861,1454.0048
60328,799.27856
93662,886.8804
45079,3219.8901
61050,5435.5566
19284,831.5469
4540,2528.8826
93580,2434.6733
30016,9694.502
98958,1913.8428
58637,2852.998
14246,674.4622
66254,4989.909
76022,1641.3093
91136,1219.6903
47498,273.49792
61412,4128.1167
68186,1072.8795
20230,5467.2993
73528,7435.827
90170,1922.9623
26056,1385.6815
86354,2824.0474
7625,9213.866
27168,4436.7065
12649,1874.963
96898,481.23788
83180,2126.1487
2754,3552.586
71483,6664.905
74779,4324.5776
30438,8378.779
77126,962.403
21649,5427.37
48413,2923.503
14332,2759.837
6800,613.30994
29353,974.94104
45589,958.6854
16290,2189.1953
95349,6115.886
46980,4561.305
66719,4850.8096
22037,1380.1115
48684,6849.4316
738,2689.8909
91727,6960.4854
39111,6105.883
69986,2026.8367
82190,2204.216
63124,1141.5148
18928,677.0996
78478,2768.5325
98628,767.43713
29963,5281.353
37167,2687.6008
35318,13268.045
64978,2232.8752
93686,3535.5647
22299,4121.2495
89388,2038.7355
11743,1799.3649
10151,868.78613
78242,1002.8573
26451,1757.6602
89501,1642.1141
58536,641.66895
27203,613.30554
6794,1205.8258
25995,2247.4934
55385,5255.367
28875,1298.5366
4197,746.712
97566,1573.703
93356,2738.4617
24317,1085.856
64054,2089.1108
11728,1544.0793
94111,576.696
36552,196.84964
40027,5772.6875
80769,1094.3218
75528,10952.994
8268,1523.2738
88526,1204.6898
45795,1274.2662
29462,1350.8236
55352,949.44
33297,4706.153
15044,4653.2114
49816,4908.81
99640,607.7927
6350,1967.7174
33967,2321.9155
36190,2925.3455
51393,4002.5537
58043,4306.5054
80514,3407.693
66349,6891.366
72369,5073.392
64490,3771.7886
4833,1119.6743
2167,1687.7798
73432,1264.6659
20018,2306.84
17116,1797.1322
2812,8234.061
42336,6668.068
26784,5183.063
39657,622.4262
59540,3718.2483
37510,1557.7195
96049,3078.9873
54082,4480.9272
2851,2445.4812
37574,10517.428
47322,4192.534
68688,4785.1104
51922,7932.8105
39695,968.0284
12062,4419.785
85119,500.20023
60672,3713.4343
17439,1230.0345
7316,3135.2424
20193,2496.483
94834,4882.859
62841,1649.2017
51525,4607.7495
95714,3839.7014
93409,8336.8
15704,2271.775
35069,2588.2483
64316,361.18857
48991,9120.532
52294,363.49918
60443,629.6418
25751,840.5702
35267,170.0444
75763,7895.495
25085,753.7846
7090,2351.5
74788,2130.1553
70695,3833.6238
83206,1347.5255
44475,2003.6992
44195,2888.6584
38430,3586.351
10828,809.1668
88381,5095.1016
3351,928.06006
79102,231.04073
71305,616.8926
25383,5518.6675
63227,1438.1547
14594,1267.0046
52001,1128.5175
33054,1871.8442
55487,3993.2915
28355,799.22125
90244,5867.8164
45803,5856.7407
95384,7901.8564
93283,1552.4349
51461,576.54126
51569,12109.191
86468,444.58237
35251,1778.5276
25428,10444.179
95382,5548.0977
49667,983.46783
44519,1094.8649
42811,4531.9067
61052,5149.718
26973,3071.763
51879,3088.9182
26941,1492.681
22806,2443.9968
11219,1033.213
99609,6103.0522
33482,2314.7698
9720,774.7435
43400,2858.6736
39682,5110.853
26577,3613.8167
42581,8341.872
47909,2250.2341
33386,1411.556
10897,182.86804
6172,1767.0027
72837,1378.2913
57518,506.079
49825,1250.0737
94794,648.906
84184,632.5946
27018,1411.3662
78938,712.826
32660,12341.643
49261,3394.9436
69108,173.30066
8463,693.2998
28618,4981.7915
3575,1884.4408
4039,562.08777
27162,1646.2446
61231,1913.5497
64353,594.1408
21118,2622.9812
54835,3688.9504
15659,2042.7074
94215,3242.7595
32107,1128.2742
10073,1601.432
43372,3513.9417
73371,2862.9697
58700,517.8858
63802,1053.0095
122,11620.753
67041,1165.7665
9748,1768.8506
55597,8863.11
33606,1500.7483
50669,1511.4104
1504,19513.213
57916,3161.148
32342,527.6479
33874,1369.0995
11872,4539.8076
69832,12423.614
95139,1855.2543
43450,2980.579
32968,1892.3986
76636,727.19574
71594,1020.4549
8640,1350.2314
56483,4265.3545
93835,3195.4458
86349,3527.1853
76488,957.68335
51741,3767.1794
91833,5201.7246
89528,1291.1464
41520,3353.1125
38768,1245.4968
94948,524.15784
47164,1586.5951
48904,3222.645
47087,3232.9233
1201,2149.2388
88886,208.62772
27790,1930.0934
82979,813.53186
98390,4919.96
39776,1327.3685
84121,1874.1602
63608,847.8687
25727,4943.828
53195,1739.1276
58243,1762.082
46819,5164.065
93462,6761.7314
94350,3208.3525
23792,1827.4636
92185,3697.4973
33792,1135.9634
19003,2064.315
71927,617.382
80482,3183.4956
10895,2451.5461
34038,3090.4653
49699,1318.5573
71513,1363.0634
65148,1557.7195
85668,1273.0554
52336,1519.0563
80809,2768.5325
73330,8246.657
23692,5339.5015
18167,572.3537
42727,519.86725
51076,761.47345
62099,2457.772
52941,1772.6809
12676,1020.3998
23655,1416.6459
25035,534.1176
37058,3887.688
69965,2708.9426
65225,2281.3645
46586,1807.7433
16239,7412.894
82678,1690.8984
50552,5991.3687
8355,3186.9673
71827,483.06674
91348,800.6849
45147,2385.2144
56855,6115.0557
98470,2872.9927
23342,706.1276
55366,1538.7068
38943,3078.7817
58052,4321.255
36098,2447.7424
69164,1589.7596
72031,3415.846
87945,1402.4404
25792,2088.91
29316,2064.315
29505,1256.4105
37448,715.7869
6686,2611.5137
12213,10801.467
58686,882.8663
97623,1209.6179
82623,1007.5182
68269,8590.997
95395,5704.3496
36509,1370.5907
54638,2037.0365
81134,1929.518
53725,519.86725
2163,1628.7589
74333,5818.5815
65752,1790.526
89192,1757.508
7358,6335.3506
13890,1905.461
9125,1002.036
22903,1044.3197
97521,6916.567
61179,2077.209
76508,2285.0627
98949,1339.0785
96164,2214.1172
51542,1208.6997
77001,3752.7148
40090,8191.8384
6074,8174.297
88455,1655.3158
60490,22351.883
80808,1304.1564
74167,1302.421
36894,1659.52
25447,1497.5297
89060,381.52975
62830,1759.782
50280,2021.5614
67136,11591.96
86694,1110.0073
70634,1511.3075
17780,695.45465
62258,3530.2644
38412,4846.8716
98600,2600.7004
18062,2965.214
66595,5190.81
85685,505.5692
70608,823.529
60021,483.67172
49247,974.2562
57608,7592.832
2076,753.0602
73979,604.7291
76174,3382.0154
66965,2095.669
56856,1762.1664
18975,1397.3325
15401,1828.7671
734,1033.7025
71695,1487.4897
18553,3756.807
60406,5052.101
23438,886.7839
67442,2453.7366
31513,1794.4653
66406,2253.4353
85695,2287.1685
43407,1078.0859
42592,4159.404
95737,2280.5989
12603,3011.6785
2869,4947.519
57114,1303.7684
8165,1189.054
62452,3890.0876
95558,1036.8699
27590,7562.616
61662,1081.1929
59731,6879.9775
48590,1301.6553
94620,4184.324
74700,1659.52
55541,1113.0623
81491,3069.8882
3071,889.21765
32434,968.22656
89058,2107.175
93068,1850.7937
23289,882.8663
84405,713.116
93022,1091.3274
73411,866.063
10134,1722.3702
80338,1548.5817
75312,903.67035
40722,639.894
32850,4454.9897
90278,7088.4956
24219,559.547
4835,4486.7563
68919,1229.4974
96314,5063.807
62477,3757.783
99700,2138.8323
93505,5876.3447
37698,1062.3295
45409,1211.6371
82587,423.8956
65933,2965.214
10407,2577.2153
93838,1664.9636
75813,2021.6648
28296,673.93207
16748,29506.383
19285,5118.1274
73903,946.04724
50977,799.22125
3984,5467.899
8678,1710.4393
47627,540.0308
12737,11142.422
93681,297.9196
30415,692.63007
79866,653.0229
62576,1342.1971
65716,8980.64
62307,21141.912
26800,887.76495
76222,7662.07
9594,4335.8677
86870,5234.825
66502,1205.8258
82458,667.0526
81037,585.4591
50511,4297.7485
24125,3267.42
74058,9402.046
16371,3312.9783
44662,6198.422
52012,4929.377
96171,3882.9075
59033,1411.4242
75794,5578.1846
10759,1762.082
81890,2084.1074
82795,531.72437
28639,788.62317
70566,1872.3542
84005,1749.0304
10309,3635.2305
55371,2566.6177
20678,4145.9023
56377,1335.2408
21831,587.5521
31120,759.0437
45793,3962.194
50301,936.8931
83117,3439.5264
87125,2344.454
65935,1764.3971
90632,1175.5771
52902,345.70248
25466,956.7499
53194,4465.932
54242,1592.5675
175,683.65826
20082,2759.7988
23031,13917.491
1976,6376.215
34363,773.34644
67002,1209.1284
9791,7036.1353
1269,2478.266
71913,827.4372
68710,625.18115
84165,3781.2305
4269,1286.1843
70670,1160.7919
85997,1898.8654
71908,799.22125
60196,769.5365
95770,3002.2517
24188,889.1703
4856,4712.0063
59577,1154.6437
59511,4089.8677
4426,2842.539
52022,2217.6091
43922,5106.947
77774,2055.4844
96896,192.15291
80744,2260.0203
64746,1303.0328
56023,1563.615
55200,5058.273
88996,2384.5925
99938,9693.699
45915,1184.2375
38526,3314.5208
62685,2211.9368
17061,5318.828
73074,369.324
8939,4149.4087
38282,741.2016
31769,4509.3906
34500,3685.4438
43714,2296.5806
87137,2813.0645
94621,2430.279
37231,1070.2216
87603,5084.321
77293,822.3788
5147,3467.8455
55509,1548.5817
66209,4121.2417
81111,2230.5825
66556,7335.7993
58644,4828.644
79857,3230.4836
76067,3315.4585
59219,4507.514
36406,1284.8517
22060,4011.6113
59659,1422.2406
79900,3369.1736
78417,1496.7108
97409,4263.782
86787,1605.3103
98807,1557.7195
70648,4223.917
79960,3068.3987
49394,1430.8175
1412,1041.5759
12586,9486.332
74511,13216.555
28701,1793.0618
33180,10995.117
14023,3288.6553
88292,3387.6926
10580,1328.5444
62578,1980.3231
1406,2608.252
26244,3235.596
99869,2512.285
86316,12666.156
70812,4523.7534
61451,1907.4044
38462,4401.035
99626,2568.4197
86568,1158.7971
5034,5633.1494
45117,1335.5214
52624,2169.8289
71249,2575.5547
26703,459.09595
86640,1870.2313
62198,3039.353
84411,2200.6797
78496,4318.6357
92201,1303.0328
7719,1114.7428
67329,3144.526
26828,3234.1892
20612,11609.183
40928,807.1331
34105,4428.4956
45498,5804.0825
9641,6971.518
44429,2575.5547
26844,886.5907
89306,1487.4897
97249,873.31256
76092,1979.47
45268,1358.1296
94803,2727.4297
42675,1557.339
79206,744.7245
67118,2861.5356
91521,726.8324
85721,4422.8926
2951,4104.33
69227,3063.2502
31499,2902.3062
15310,2518.5576
83558,5010.906
39059,1960.1938
47367,290.9774
47566,2398.7485
71782,2873.7864
71301,1535.5881
85396,4213.233
50083,2528.8838
18815,1396.1833
37926,1839.2782
87500,1364.084
91855,2274.0974
25322,1697.4344
31001,1002.8573
994,1925.3909
8196,3120.8408
41797,2575.402
48823,2010.0668
455,1062.3295
29717,2114.9885
10646,967.32263
25988,1698.7864
44381,1704.2395
18784,1768.8188
18540,9476.301
83194,1344.5936
26331,2201.9019
63253,2346.46
19715,2898.8765
78295,565.98157
26373,5571.403
25175,7949.0337
92735,2487.9204
7746,1013.8567
33949,1207.3488
3357,1871.1256
94229,5332.4136
99457,7482.193
78808,3266.8367
47093,1638.0356
34287,430.42468
35208,1075.6747
30194,1808.1389
27040,2566.6177
86554,3979.9158
92545,4254.0215
17102,604.2397
85692,3679.1995
89789,2181.5393
7937,2049.339
26111,4002.7678
45134,1511.3075
78952,2085.7012
79540,6589.853
43888,556.3875
37225,954.9654
61621,2452.9966
66367,1772.1908
59867,1582.2855
91447,1543.4778
26550,501.16888
11626,2555.5825
5645,4488.53
98672,1188.8767
86903,720.40796
26087,1650.1925
30487,5018.7754
14894,490.3508
72691,1511.4104
48432,1267.8112
8514,918.06055
6763,642.8894
61539,1189.7043
48618,3575.291
35183,3285.4685
20220,932.82227
47493,2021.6648
73313,3607.2197
40600,1006.76575
51255,1394.2139
83777,5061.3433
41400,3384.1157
58137,2707.997
44914,640.51544
85442,11056.476
62418,545.0173
12431,6101.3335
89460,5645.8384
50183,1222.8505
25013,15391.498
98907,677.31635
37858,1813.2185
72175,737.63226
16119,1772.6809
81369,798.4761
80761,4675.5356
84475,4575.9346
98451,364.14807
27421,5497.6416
6458,3016.0283
16193,2809.3435
55340,1643.9669
88565,3160.2139
97067,6907.5913
22058,4807.4897
46690,3088.9182
35941,2813.0645
87213,1534.1333
42858,9153.323
40017,934.8204
64364,4433.1885
92778,1547.2987
62216,2954.9402
9989,1037.5487
38653,2588.6045
47647,853.42395
18831,1630.3147
26411,3687.599
3906,14031.914
41530,1690.8984
61079,3116.7292
50738,3937.5046
98296,2781.7188
76849,2114.2175
244,2580.94
76614,4281.7563
73349,13511.354
81750,3080.955
89364,818.2433
21461,1330.6693
71607,1304.0093
93141,630.945
35769,1007.2709
55074,1532.6256
67300,1101.6722
8061,4126.752
32197,1551.7561
77125,2884.2217
31826,3883.2268
53278,1064.0148
82914,2268.9702
94969,5714.825
84928,801.78357
10670,4588.1196
33737,12175.885
57535,478.2186
4561,3149.3733
89504,5393.7124
1301,918.06055
32743,6761.394
19786,2689.254
39898,827.7173
78724,1864.8962
46633,2183.5483
2592,2367.927
10680,1230.6362
80524,533.99554
80314,7474.69
32185,3215.4473
26221,7537.59
80734,160.42783
33215,623.4434
45167,3059.3513
20332,340.31375
31863,1544.0793
38834,3741.9949
40616,12510.775
95282,679.69934
5769,1746.5725
98321,954.1938
14115,1356.0885
22714,697.95624
62982,4822.394
78902,3437.18
89750,2649.2524
4894,7302.915
20385,2983.2095
65847,1418.1183
10190,1254.6556
69551,479.46646
87210,1877.2749
27154,1953.0916
55478,1153.7844
89924,2409.0215
9579,345.70248
58138,1577.0614
45033,4060.908
52491,4661.689
89228,7745.856
66973,2225.2212
67553,738.7048
74065,1370.0408
84697,4096.241
19536,627.62445
96415,2433.31
46757,868.82404
45400,4883.552
67037,942.83234
38823,7049.976
32192,4232.4185
94202,3760.3433
88855,2726.2761
73452,677.0996
96266,1543.5826
40917,2170.7983
39163,2111.4312
25500,808.4879
74950,913.383
57010,1247.6589
36422,2888.6584
49953,1467.4033
58618,650.21063
62405,1153.7844
25419,4661.8906
54717,2075.0344
91695,1583.3922
372,2478.266
14938,1684.0305
10602,251.88606
63160,2831.2456
9508,3639.7666
79744,1698.7864
15862,4296.4907
82994,1314.1396
87748,3933.6682
23565,1762.6526
52900,3848.456
8928,3170.2158
47029,3321.5984
8809,5886.8574
53551,376.294
63151,12494.136
84014,3524.0803
28455,9346.942
8772,1652.4841
98788,1474.4081
91682,759.0437
38310,3314.2407
82291,1446.3132
51925,2197.618
64171,1264.2491
79763,3278.6123
47424,3687.5708
33515,990.56946
58207,2043.6564
75347,4275.0264
1601,2237.774
48603,3141.5007
6199,1122.0217
41496,1743.8853
5779,10806.957
93596,3932.3918
19428,1191.4968
37151,2164.9646
87634,699.76953
77176,6137.1484
92437,854.26666
5537,2143.7532
23106,2888.6584
72759,1544.3064
82530,2015.8773
79854,1972.8589
46095,2030.9062
29549,107.64434
58691,644.3009
17584,308.60022
62756,506.76382
45418,464.73895
33440,2469.45
55350,24644.418
36105,1282.5804
52140,1507.3676
26360,5728.0557
28707,759.0437
11303,479.6737
96892,4741.7925
78286,7363.486
31231,1053.0095
78445,19378.984
88989,2477.5632
58489,2317.8325
90090,1490.6084
81627,3408.5479
71484,3260.1704
75587,295.02045
62186,1793.5415
84920,835.4349
64962,1484.6678
55939,504.43085
68647,3573.4202
53375,6420.0273
9943,710.5957
46587,8344.474
17084,780.58716
86761,1964.5988
73613,2925.6096
78379,8458.122
28026,1864.3512
2985,369.324
72896,1395.1215
38483,3679.6128
89946,2883.6675
22315,993.0076
35934,443.05322
87923,1412.1313
9177,940.87317
57215,1484.6678
9712,5878.7407
38922,3698.6165
54411,4899.814
54900,1219.6903
36582,11076.926
76016,2110.3354
98019,893.45575
80677,1935.014
47883,3325.3127
21082,2820.8215
36971,1516.8635
72331,1080.3528
75827,1921.6737
58750,1317.4813
93679,1484.6678
67641,2236.0688
5892,3135.7026
62806,709.8067
89185,2892.346
53408,7443.863
12338,2863.7563
56193,3117.9602
19634,10474.589
75155,3649.4485
73665,2832.6025
16679,1631.3801
20001,1418.2767
59573,2333.4556
6239,4864.5015
60932,3998.524
50409,2702.647
44453,5545.6587
18145,8059.4688
26276,2877.9983
38498,2271.775
56606,6402.159
15333,21934.572
43780,5165.9106
47469,1085.856
18332,3293.3933
70573,5856.3276
24043,594.1408
30995,5908.8135
79479,3048.8875
41158,673.2815
95777,2483.1858
9621,838.9708
56502,2697.026
47400,12134.953
21812,695.3093
14414,1177.9973
89523,11840.786
61012,3309.313
36256,1356.9119
61634,2007.1108
32126,4949.079
16298,1928.2262
42270,1062.3295
95228,3063.4983
81057,578.7981
73884,2719.9585
35132,2725.1438
75231,5732.6113
62926,5448.802
67387,1739.1276
62421,642.8894
26987,387.4544
36717,1556.6544
67078,1921.8633
61877,1411.3909
66113,1712.0885
6421,2742.1353
74394,3623.748
42909,340.48727
42563,6813.2285
55542,726.0653
19583,2011.9382
29336,2306.887
23027,2999.307
92108,1051.0967
18310,1227.0173
69394,5529.7754
81189,2947.3088
43321,1752.9574
74808,825.9985
40332,408.1245
10041,5101.544
33624,2124.1177
48587,3791.6711
57792,1584.5614
36202,3521.203
35170,3325.3127
53867,1059.5563
30592,5518.6675
38548,1049.1017
24881,647.19135
58937,10238.174
14808,1339.0785
11187,3503.7747
8938,1419.9203
28290,1322.762
51570,4684.622
57511,798.4761
35615,4294.562
87039,700.00824
47358,1429.3107
5231,2256.1614
71116,12475.909
20669,4106.863
28336,2760.941
46098,1813.535
20411,1960.9426
73556,3121.768
48398,11866.589
71716,338.24503
62337,1834.9729
1562,4193.6455
21888,683.65826
72433,1856.3085
15509,4058.8108
39493,2084.344
75058,2547.7886
94961,1441.578
66137,2496.483
2089,1477.2261
43951,3194.1482
82909,6903.685
24081,3254.2803
51005,5880.749
71411,351.35803
79785,6564.9683
31217,837.76764
73174,1443.2328
5196,1060.6776
98215,1497.5297
9616,3517.0066
69994,3664.0134
98469,1234.2444
80367,672.5967
19932,4021.2002
6131,1250.6465
12950,1687.9896
82080,2449.918
53203,2325.291
72559,2851.0562
27636,3872.325
38784,904.13544
62024,968.69556
65651,648.906
61420,2704.954
71867,1683.8544
96434,2856.4568
20666,2392.6033
81385,3542.7188
45995,8557.126
46990,1414.4886
74422,3044.6414
15963,2629.4485
47450,7049.3667
2554,4612.02
60810,1302.4901
3639,2100.0938
43382,4370.3657
94455,2075.1062
9770,3949.3127
80372,1340.0099
85650,433.54166
49649,6359.2466
92500,1648.6932
24840,1706.8436
1993,6697.8174
86996,3234.7556
70293,804.23395
60458,7805.8936
34195,4107.7305
84573,438.94144
93229,2629.477
76833,1327.3685
36974,1830.0522
61136,2179.7454
16673,1243.6667
56982,5317.497
85554,1969.673
81404,1383.8136
87058,15860.26
17218,787.29376
62834,835.4349
60019,1954.0381
65080,621.5883
72285,5491.2114
9681,1153.7844
41201,2265.356
11611,928.4291
99333,1016.1673
27342,1380.0865
36106,2884.2217
53656,3235.5283
55977,1960.1938
77500,5716.557
85488,3871.99
84749,2038.16
60723,5448.802
42694,1209.6198
64536,2598.8748
2240,2211.0408
17564,3774.277
14786,4644.3604
10446,1014.62256
67676,9133.061
83983,1928.2262
46400,965.5218
83212,2446.657
32102,11078.215
31856,3732.1826
42429,1034.0145
23817,2349.619
77203,3789.8806
41321,808.1329
65357,2291.0315
30408,3254.6687
24325,525.4526
55978,1710.4393
66211,1163.1158
98436,1838.713
22211,4406.9097
10807,4637.958
19369,2040.5178
58913,388.05426
57491,2988.4883
11150,2264.601
24639,6286.3076
30380,2697.026
21019,2557.5403
60594,1128.6456
79863,1286.1843
95895,3071.502
2026,3292.5137
81721,1302.421
83800,11236.881
12299,1512.956
94336,3430.5852
99190,903.20245
16696,979.7066
46720,721.98883
86338,3011.3755
69451,2793.5818
94526,910.7499
17275,2267.9973
17915,1321.6759
85009,2448.5464
31400,8452.249
53601,2523.8774
84349,2509.5752
75750,1676.9982
67634,2862.047
42816,1634.1122
65396,4578.407
65958,1260.0597
3165,1222.8505
33638,769.9707
85516,1684.2435
82202,977.9221
15915,2884.2217
85520,1263.6675
81038,1247.6589
35694,4032.1975
90653,418.702
59583,1347.9878
85304,5155.2573
46790,960.83435
74164,5175.408
2529,3387.2124
46249,450.42404
48670,1229.1027
37859,1014.7404
11759,1061.9974
32075,4025.915
93026,863.65125
58505,938.56256
57248,7521.963
73788,7968.4336
79724,934.2402
72484,1779.4873
44849,8751.2
79455,28345.96
82139,3879.8135
85373,2999.9412
78008,6235.1606
96773,1853.9126
69286,6930.983
12864,2075.407
82708,10474.589
22380,3476.99
51051,4591.7783
47844,556.81354
6820,3965.0154
61913,4391.6616
67161,928.4291
95176,4033.4136
62733,3496.6938
37039,2963.9702
36248,4663.6772
18326,3766.0037
58946,1579.1669
62259,3236.0452
63321,1580.91
61585,1538.7068
93843,1183.063
84140,2185.179
54603,237.28189
21085,3287.4187
53895,1797.1322
89215,585.2415
54684,1393.3606
5918,4463.3794
83403,1406.5883
38912,2755.2002
65900,500.4629
56520,4712.0605
44904,3411.4695
48799,962.403
42911,2668.0962
13110,1323.1958
93099,3991.0042
6685,3046.9358
63793,6268.485
83904,2410.0952
26142,10831.193
37158,376.94287
41069,1954.0381
87819,1530.6143
36902,932.92456
35147,5486.8086
38888,7992.564
3887,435.12338
66632,4312.737
78119,1810.3671
7807,1160.7919
31181,5756.917
51443,1419.5674
80426,4830.314
37777,1727.0986
58205,568.2772
20553,328.35867
1714,2100.0938
90052,1032.8721
91784,720.40796
97392,925.83307
76774,4589.6274
93582,3387.8784
62582,1620.6401
15022,3370.335
48859,1395.1215
2638,1262.8955
81178,888.8012
4029,2742.6985
35263,2438.9016
98892,2337.2007
47831,6922.9414
91035,3008.561
58443,2141.9102
47369,1096.6521
46881,7247.125
46749,11037.065
25141,3542.1116
36667,847.8687
30749,1433.9362
1289,2176.5469
68448,6152.614
43446,2385.6257
25923,2862.826
70658,1967.7174
66052,1169.9469
55755,3411.4695
52223,1212.7366
22485,13973.15
61514,948.4403
88308,1839.2782
88122,673.9794
60853,1245.4968
32944,645.56134
78300,2410.9905
50777,1259.3921
66458,6004.8066
75127,7106.922
78038,5725.831
44238,519.86725
19551,7956.278
50806,3378.5403
17554,7586.588
60155,6646.5815
39428,3156.292
68479,852.9741
82669,4522.94
48329,8163.209
19671,2674.1455
74088,3566.5095
67011,2172.0996
33882,3709.4236
76671,1148.8795
77415,2983.0476
28928,34213.91
7239,2511.8179
30450,2013.804
75093,14890.47
37339,1538.7068
84135,1489.6649
12690,607.7927
10003,1916.8119
97387,5827.406
70481,1610.7961
42067,4692.886
60564,1448.3844
54805,3795.4106
56638,1404.3676
74721,2368.4365
92772,3203.4338
36113,3791.957
53135,5255.904
43972,1164.1378
61191,2561.3318
76483,930.6129
26930,2987.1973
97222,5913.1
65909,2033.6816
28568,590.06433
8203,2455.0205
52886,2799.1824
76686,10069.633
38454,5057.4316
45685,3423.5583
50011,2035.4836
79339,3418.66
34054,940.6241
71676,4427.323
948,1365.1624
7498,3914.8142
18166,4697.265
74384,967.32263
10085,1091.8564
13268,1102.31
10889,9718.219
99250,1327.3685
92399,2112.342
9172,3156.0122
98489,914.0678
97923,1908.7362
66780,7763.1104
27026,4470.384
87977,2777.9277
59251,451.96
88123,1829.1554
77894,727.19574
8532,2220.3945
18420,2183.744
52642,4902.0845
66591,1931.8954
54801,4804.978
58342,1994.0897
41720,2568.4197
73765,413.54745
6185,3253.6887
7638,2767.1145
50380,1113.4957
77166,2996.7524
31039,1485.6351
91236,866.7323
68695,3730.351
55101,1248.9431
48865,2830.0544
30526,698.5953
32823,7054.733
65584,682.3818
20298,1934.9927
5783,1998.841
90377,4668.714
91154,731.51953
9706,1169.9469
82612,355.7275
69674,3183.4956
35721,1548.5817
86413,1026.3236
36232,3991.0042
73430,4075.047
31664,1812.2803
31228,2960.7266
79209,7357.546
14162,1771.9692
96106,210.68375
74003,1802.2902
53705,4198.509
4819,16658.521
63114,3734.9048
99812,1212.7366
5654,1438.458
16940,1345.9061
25699,1690.8984
47761,1710.4307
28809,2676.2002
18610,2285.3943
37000,2954.2073
13830,1457.94
99977,1242.2316
36767,2200.6143
90613,1534.1333
32781,9896.417
64301,5622.704
15579,694.20905
41715,2260.0203
24094,1883.7135
17717,2782.1208
11492,1551.987
3492,1234.5558
70136,847.3793
16990,2338.166
93145,1921.8633
39675,8848.202
3181,3965.1057
82922,1464.0818
15756,11597.858
51921,1438.1547
28821,2152.1602
35976,1839.2782
53299,571.86426
16781,1743.8853
7262,2015.6348
57543,1508.8766
39613,3220.1572
4933,3437.3035
64750,4654.03
76991,5092.51
6828,2085.7012
17825,2443.9968
46880,7955.7847
77162,4126.058
10496,1733.8439
48922,2153.4802
69774,1799.8198
11433,1548.6729
94811,381.04028
82543,1966.546
85457,8687.04
19235,1151.9453
30619,389.2577
42464,1707.9205
93020,30831.207
49396,499.71075
43337,974.2562
77383,4170.3247
9534,2007.4427
83889,2195.7566
2242,1326.2162
95052,848.5535
67193,1007.2709
79127,1552.4349
84226,619.08386
48600,463.17242
72182,1253.6819
98226,6243.673
14519,5793.0117
46517,1746.5725
19744,21171.197
88511,1913.5497
25890,1443.1603
60664,2722.95
65264,699.0847
73103,3922.1177
79407,3248.8992
26827,3287.869
90976,3096.8762
87206,1551.9556
96847,5000.771
66555,421.99008
31221,3344.709
5426,2280.2822
48739,1306.9414
67301,1136.3945
23358,4121.647
76919,3160.317
67423,2462.4524
3252,7720.1914
43292,1621.345
8570,3418.2886
28654,1053.8527
88056,7670.8213
60417,487.7482
10279,5373.5166
16389,1874.1562
38262,719.0711
16706,2203.2805
62340,1928.2262
98055,1808.0978
37715,7276.2515
61611,7001.007
40898,1929.518
8661,1577.1858
69792,2289.8225
68117,3897.1519
68805,1402.7229
34590,568.2772
98200,1326.7424
489,7303.8037
45534,852.9741
24846,3648.601
94388,1490.2621
51969,2542.207
29888,2542.992
9359,7014.911
28989,2140.6343
1369,1382.7229
24614,16162.775
27329,3641.736
45505,626.20557
75742,1305.5381
90194,6225.017
66772,5912.3325
27836,1822.1918
4268,5735.8545
36642,2274.0974
59985,1864.3512
33001,2003.9922
82647,2990.3196
96353,1022.8694
45067,2459.879
7070,811.01764
25762,506.23062
59112,4770.158
82987,516.7896
91659,3328.4468
98495,7780.2925
54948,3781.2305
10531,2555.3125
37838,3487.656
86994,2519.7725
87706,3709.1973
79258,3073.6282
12237,3366.689
52243,1101.8667
34362,2528.2507
11202,1064.1261
23283,5721.166
41906,4307.851
32295,1802.2902
3657,1707.9205
17089,4573.9155
79756,3502.7644
45643,4660.3843
33462,2769.8281
42707,6228.4463
46131,351.35803
21115,453.27472
31581,2003.6992
43492,2211.9368
89043,1264.0353
66720,2213.2483
78296,3087.1003
89298,3178.4724
95027,2345.5889
50055,580.61774
10388,910.7499
29515,2315.6816
27799,1683.4447
60133,4644.3604
54312,3034.0088
95290,10524.826
29307,4789.0166
89480,3144.526
47535,5888.3667
95224,5935.783
33662,1741.3156
52510,6131.1616
60290,2224.395
48053,1141.5148
82920,4311.2
90767,6313.1587
66729,1461.7399
44929,1462.583
22600,1552.6178
72799,9688.488
85958,2677.0015
46869,1678.1494
36852,957.81244
28214,6216.189
68321,1393.542
44585,2064.315
35774,929.0258
69031,504.92032
56118,1201.5712
740,1455.8048
54353,1905.6438
77762,2385.8352
9927,1032.8721
2471,679.05804
88531,475.67517
58021,7297.3022
80210,1812.2803
3700,475.67517
43724,1163.7947
97731,2598.2073
49062,3123.7224
64134,4404.0273
80619,3828.354
30885,2013.8767
12475,1441.578
15990,2996.128
31944,1120.2495
29502,3000.509
81464,1866.0537
91024,2262.784
23300,4893.412
74512,7296.395
33999,3363.3296
10705,13273.089
46345,1169.9469
89113,2768.5325
52604,1894.9874
6810,1307.0702
84273,487.06937
40119,6189.3394
55737,3652.7761
79735,1219.1384
51893,3303.5261
94189,19726.904
36177,2010.2584
29280,1382.0381
44840,3991.0042
33350,1363.0634
28183,5013.1235
18202,2329.732
75879,2963.594
18979,1800.1989
9932,3083.048
82262,1248.6155
4590,3752.7148
67499,2491.337
4796,981.1572
42897,1306.5544
23324,4213.246
16317,3129.747
11706,17013.426
8903,4826.8325
31552,5078.214
90196,2489.8743
54995,2611.31
85274,5270.4067
2008,800.6793
2198,812.12
63628,965.5218
75601,1548.3715
62153,792.7993
1374,444.58237
76883,1457.3204
36109,1620.6401
98240,9462.482
5662,2283.2808
34375,20997.564
99524,9216.548
96699,19890.209
20276,496.12375
60691,1706.3016
96466,3219.2646
57617,3171.3823
96404,1862.64
54278,5960.527
78342,2042.3552
30771,1757.6602
75771,3222.645
33327,3787.6008
19431,2392.188
42697,4455.3223
81973,4231.466
81932,5329.944
6255,1503.137
37728,981.1572
61222,1361.8632
51533,6462.7725
88506,448.56235
86744,2164.9646
76898,2956.7422
70881,3318.2656
35485,4933.294
26651,11704.7
10773,5891.14
92521,1347.9878
82504,2767.9548
93880,1263.6268
12015,349.77896
21752,7865.727
18490,1041.5759
16181,2477.5632
13979,1856.0372
36580,829.35486
31259,2486.668
52882,1267.0046
81668,1958.7512
64741,1311.176
87586,13759.072
21153,3604.744
33146,391.5683
35449,13504.242
67073,1609.7263
23823,1864.3512
20035,4204.3145
66264,5807.7334
80135,20804.414
71015,705.1709
70152,3734.257
46867,1545.6418
68116,10522.821
21429,13967.933
49274,1947.7899
26824,2140.6343
68098,9115.144
21559,2563.836
17841,687.26855
73566,1372.2823
65338,2294.5146
94793,3330.442
28205,4536.647
11978,1053.8527
2177,2338.0215
29553,5372.2285
98364,603.95197
80997,3952.7412
80477,11268.888
72722,1383.8136
71795,1611.2625
37269,1598.5552
11178,1357.6102
13146,2299.0112
73515,2915.941
90615,2248.4321
37244,587.5521
60968,4052.2058
92310,1972.8589
61070,2799.1824
21389,2181.5393
30445,757.695
90142,1925.2904
16120,1763.884
45828,463.3096
32645,2575.8687
18940,1555.5536
86966,2810.4604
7582,7719.8916
36634,4857.7036
90176,8328.461
44915,2228.7805
33380,3393.9905
43762,9081.365
38371,4427.3535
28221,1950.1844
1818,1743.5266
39572,1962.223
11556,1243.2277
11787,2889.287
36186,5057.4316
52636,4085.3115
18994,1276.1741
30150,3203.8835
48058,589.53625
93594,2760.6738
64331,4257.5166
82931,369.324
63566,1463.4875
87751,6084.337
37769,825.3015
99550,2188.0144
38564,974.94104
81429,1778.5276
94746,738.02264
72748,1006.6216
41543,10608.645
75382,5978.0156
10178,3844.496
11893,530.43176
32564,735.4986
12748,1016.75244
66724,886.7839
4008,2612.346
30249,2993.6062
4800,940.6241
3098,1307.887
62989,877.10944
68827,1416.3462
78945,3555.9763
24905,645.5756
87201,6371.94
41575,1014.62256
65308,2702.647
92380,4693.1655
76808,4259.622
80438,10256.653
57364,1041.898
63538,1183.4978
50459,7087.3193
85626,1036.6609
22120,1252.6127
66593,13053.356
98974,1243.2277
13598,1874.963
95570,1003.0302
91978,2285.2048
63185,4263.806
24498,1340.0099
29141,6257.708
91446,3915.6812
83922,5490.542
68317,4739.0947
13793,6268.862
34191,642.8894
92707,814.8374
27819,2374.3713
25034,369.324
77842,3919.826
43964,2412.3582
76013,11754.596
85978,3448.3457
52052,295.02045
54929,1285.6948
86422,4388.054
95690,4423.6914
1868,3014.6165
43183,3586.578
31536,1460.9424
56994,2064.315
88150,889.6266
16187,2468.2332
18647,1306.9414
74774,672.5095
37767,1006.15735
14583,3407.98
90506,1534.1333
64420,2087.3088
74895,1471.5525
71129,6865.5303
99162,9220.15
97610,1255.3641
59047,5721.687
53070,2995.3757
43074,2627.7356
5166,1931.8954
16687,1528.5059
58316,1770.4507
51938,938.56256
74661,1911.4662
77121,1899.7157
66851,695.45465
80588,1939.328
48108,1058.9448
21342,676.58057
20278,3228.2854
52674,1340.0099
96483,9061.567
68290,1762.1664
28731,4383.068
50478,409.47098
51346,3071.473
90354,3669.6877
62984,2357.129
84393,5212.669
84084,9450.223
54226,1052.6545
76796,2032.6235
37186,6819.282
69126,365.24753
97788,2954.2073
33878,1118.6744
94862,1177.6099
99865,9109.338
89470,2505.2673
37730,3590.6575
78772,1551.987
41638,3429.6772
83740,4268.038
95715,3218.6934
36346,1863.6263
89316,4895.9077
22142,1253.6819
5998,166.90475
41868,3823.9272
71278,1253.6819
9694,1710.4393
21126,8726.862
22654,4657.4907
44658,1255.2362
10734,1146.7318
13375,3287.869
63265,1382.0381
21343,4073.892
33344,2519.5146
2950,3562.6035
38959,1060.2023
24295,2026.2719
38021,695.99414
73763,745.5377
86820,734.1053
70160,1589.0748
74429,5521.72
81402,6572.9355
33316,11467.43
62583,3325.3127
80239,840.5702
882,1414.4886
42568,5507.259
83503,2065.156
98825,2263.441
90640,1422.3306
79344,2486.489
20401,9207.446
64381,801.6799
86766,3437.3035
57904,645.56134
99073,2336.2195
98881,10588.732
22539,1356.9119
33099,1440.4978
691,1528.5059
87639,3054.1338
37804,1982.1315
19845,5339.353
99935,1269.8102
66186,967.32263
37015,3135.7026
98950,1401.1351
84134,1150.1534
17999,713.116
93717,4166.7065
8563,2834.8445
2293,1098.6272
5875,2500.3367
48577,851.3141
42159,1884.0518
36853,1354.8928
76220,20993.55
52165,1344.8528
19383,5491.227
65241,1166.8282
65439,1398.9366
133,5255.393
42842,5046.849
14304,4473.198
57268,973.45776
63221,3841.3699
66795,1397.3325
34863,249.29726
13974,5442.0723
33636,4494.0083
49426,832.2317
54796,927.74426
47931,736.2698
94607,10991.506
14241,4594.0264
52227,6384.9497
97134,251.88606
83450,1507.3676
20024,1867.5095
16149,1641.914
83112,13133.844
92650,761.47345
74238,3584.4448
7451,1192.3771
92636,1350.5546
21199,2018.5461
3304,1254.2609
17662,954.9654
12542,3428.2449
96358,1602.5663
96048,2445.2642
34715,478.86783
15999,2501.244
30264,1471.5525
54441,1188.8767
71646,12315.892
76333,8852.873
13051,966.34033
61511,3862.8206
36300,565.22504
44986,877.44635
59268,2632.3591
99597,296.99948
56449,1830.9644
35487,2841.182
90500,2898.5195
47233,2574.8552
566,2907.3608
36719,290.9774
94205,3073.0647
27643,1002.64496
12302,3043.8135
20949,2214.1438
75028,2273.7214
70716,887.08014
42456,4241.232
98158,1954.0381
7391,1286.4421
96097,1357.6102
21328,1617.7017
91677,2201.5952
71151,849.1043
76786,1231.9382
56813,11127.232
7694,14339.932
46470,2859.1565
45073,1628.6228
44388,1772.1908
80459,4543.714
14509,7400.7227
84269,1216.0054
15590,1728.3146
59717,15969.824
48376,1300.0818
19094,2061.3865
57440,4894.6147
31925,2228.7805
8827,9727.364
13903,1581.2893
64583,3312.9783
67930,1523.2738
74306,3717.3833
76827,4095.056
20163,934.9071
51733,1834.7667
42438,1627.0392
53624,2118.4685
4440,2357.129
15992,1101.541
59184,4104.96
34175,9397.944
87310,3969.418
45181,1523.2738
73019,13220.713
60735,5046.849
80297,767.43713
93511,1569.4027
23684,2463.3955
69210,3887.6511
88436,1865.1127
3121,1866.0537
32637,2349.0083
83099,3000.509
73893,3469.2217
51489,2990.1582
45798,3254.704
89351,1418.9556
73058,1064.0148
96837,1552.9822
81307,1797.0802
84546,1826.0367
64599,3980.3403
38114,4647.0327
71706,9570.51
80881,6760.228
17289,1992.9386
52918,1032.8721
98995,122.75987
11282,852.53973
37868,331.6148
25114,1930.0934
12261,2234.2017
62249,9411.898
47037,185.82755
78433,7703.25
47826,674.4622
49646,8187.9995
20965,2063.7102
63652,3164.1123
66008,4054.4087
2009,2654.8958
73706,782.7752
15273,5486.7456
90678,476.3241
59831,4335.437
56884,644.47394
12958,1120.4751
96277,5112.082
5911,838.9708
26777,1214.6377
45406,3274.4666
85716,671.8247
67779,1758.9529
69562,2412.3582
28962,2820.8215
14647,693.87976
94506,4477.3833
91597,234.43837
19718,1031.7767
85183,3375.0698
85502,588.4784
80307,1928.2262
89321,2873.1953
72922,3369.3364
96739,739.04706
74280,938.7789
9964,1223.3153
25230,1363.0634
36200,887.55896
96403,2073.3542
15778,1153.9648
53117,483.67172
69409,1450.936
9370,2840.0298
62201,6672.9326
29134,2753.934
99410,2090.3916
11253,3795.7224
46861,2166.5486
4020,1351.0746
73900,1287.3943
54357,3083.048
18182,3525.7727
99627,651.23224
49839,5994.0464
6855,3194.1482
58437,1250.5632
24633,2291.0667
63956,1114.7533
94840,4391.233
68195,483.67172
88792,2111.8757
79850,1054.0085
11621,1639.3481
98075,3835.299
41482,885.573
25395,1234.5558
37848,19932.771
23885,2572.0908
44983,1397.6797
88010,1351.0746
81065,4055.7634
97048,2134.9019
88087,3505.1418
56059,1880.2543
64225,12642.241
27492,1077.4548
61500,734.8138
96248,2992.822
83654,1543.2687
83115,3254.6687
31097,5811.3
75016,1342.8203
11039,5565.1924
65114,6435.2383
73324,1909.3107
31271,496.22604
99837,1333.9406
68137,706.0112
48203,157.3351
38368,967.32263
35270,2331.6042
31367,4343.73
58082,422.90768
75968,1526.019
28077,2490.0586
73990,4199.8013
62963,6934.074
97447,5468.6226
85202,1762.6526
70717,2274.5498
58395,4625.9233
86324,886.19556
93411,1227.0173
86825,6556.404
63664,4302.862
35553,2781.7188
28708,813.75055
13211,5162.8447
4201,6697.2485
72346,705.1709
16293,2772.2334
62026,1147.7184
65374,2252.8853
87969,929.7035
59483,1541.3912
99933,981.1572
4678,2172.0996
81221,607.7927
1708,8212.876
1344,1055.4485
70095,1075.9982
98562,4920.834
30468,7411.08
12650,12350.771
53044,472.77603
14107,2074.357
12868,2077.4753
46722,654.0179
59031,1020.4549
22563,2597.1062
27820,1306.9414
69660,14906.532
4423,1999.5057
60068,1514.0647
28556,647.19135
10576,2108.001
28705,924.3622
54997,2964.4482
64725,4811.527
51296,2341.1404
46653,1735.0979
74350,2414.8682
17713,1210.7214
54482,967.0094
55872,1185.0807
91152,2078.225
92204,981.26575
2833,7865.9434
80475,1229.0654
26466,3586.899
7401,1096.9362
3690,6206.015
54582,1924.1626
69864,442.3744
15061,10388.838
46157,2536.05
92920,824.63873
18355,1710.4307
20707,1676.9982
8628,122.75987
60683,3631.6538
59943,5417.7334
67626,3640.0315
94420,5442.2944
425,3609.4653
69044,2183.3413
38254,1101.541
52125,2937.9382
92492,1353.715
63380,344.0556
64635,2164.5994
26569,8054.4385
86871,993.9778
74867,3518.9358
92829,881.2304
98717,1072.8795
8503,4121.647
47306,2414.8682
955,1191.037
92971,8018.1445
11028,1452.8433
30512,3766.0037
66801,792.1145
62516,2360.626
5647,3558.3557
17910,1150.1534
38905,647.19135
27332,1006.76575
91307,2796.8308
85741,1288.8367
20479,616.4679
56626,1774.272
38265,3589.9854
43829,3436.7405
36058,6799.915
87909,2463.085
42299,956.1159
29949,544.8302
76783,899.89954
51124,966.1969
64857,1161.3442
75037,1444.4948
38111,7313.0425
96553,1253.6819
15540,3267.4097
75573,1356.6455
42917,3274.4666
74767,1583.6989
29571,13859.111
16053,799.90607
81148,1211.6371
84467,1060.2023
71361,1286.1843
84683,2834.5596
87832,691.94525
1202,8186.098
2051,6649.153
18106,510.91568
81884,1612.0272
99127,2632.3591
95620,3675.1616
28850,656.3685
31731,345.70248
54159,3239.734
99804,2575.5547
30570,4844.37
68092,799.90607
34355,3248.8083
73267,673.2815
54052,3810.9287
53598,2188.0144
85663,3273.951
66452,1104.5537
12439,799.90607
88696,3224.1104
54711,3760.8157
9742,4846.8716
78929,1448.3844
43122,2143.7532
35191,5680.643
67576,1539.3413
36564,3046.2212
75778,1877.2749
30784,3865.0
23006,3735.0432
64166,101.810036
15616,1762.7164
69920,1966.6902
4766,1508.8766
46754,1960.1938
4355,835.9754
5242,4206.2905
65048,1508.8766
31138,2100.0938
45389,2487.1633
88095,1450.8861
95028,2057.8044
77414,1062.3295
77644,694.89386
40009,1705.5969
35348,243.16762
19661,1636.7205
76403,1076.946
3786,2341.1404
3561,1872.3542
85661,472.28656
8927,1719.1683
531,2681.7214
19390,4141.6895
72193,9140.582
17303,860.50806
53305,3687.5708
89443,1929.518
98070,1296.6686
73863,1336.7678
18675,780.58716
27547,5338.73
54271,2078.5625
78134,13623.825
71215,2512.9775
19783,4033.0422
1638,1967.7174
28926,1008.4451
49968,2086.4656
64903,1111.8771
75190,5692.012
16157,6437.389
41107,3067.4868
54177,2873.0457
16385,11826.814
87613,1245.4968
49578,1848.8441
88735,12274.648
75472,4361.0913
29044,1304.0093
76205,7841.925
91726,4034.517
48929,2995.3757
98175,1454.0048
69813,3001.5835
79279,2346.2886
50607,4178.0156
29794,1140.4988
91064,1310.9465
92874,1253.6819
53815,1609.3191
62955,1284.1315
23604,4301.9565
94866,7352.19
83465,1772.6809
7428,385.69775
24476,1391.692
99165,1916.6683
74441,496.91086
60259,3781.1711
64421,887.76495
47048,1954.0381
63103,7905.3086
81947,2182.1387
45371,517.8957
99469,1987.8159
3644,3260.1704
63804,1310.1888
32536,1243.8558
93027,3479.1184
10939,3351.4805
95067,1424.0881
41423,1630.9935
50517,2146.7424
69208,10153.62
32147,2058.3186
33764,13149.377
54561,1370.5907
72132,2204.4265
26175,6992.669
67354,5780.338
62442,2085.7012
40083,895.52673
63695,9015.439
74318,1515.1879
99669,5398.035
86853,3367.2656
12872,807.8991
93318,1339.7017
3043,5204.075
50418,899.351
77758,2078.225
37390,854.26666
79522,4519.0337
16621,4117.648
99366,1099.556
98285,1548.5424
91607,1547.2987
17962,1582.2855
11716,3651.5688
41576,4111.1475
6765,940.6241
59722,6229.018
48414,1264.0353
42109,2612.346
48667,590.06433
15209,3210.376
34107,934.2402
75673,4143.5796
81127,3793.166
87147,2604.5432
41624,1620.6401
76290,2772.2334
50466,1582.2855
59967,3369.1736
85487,2342.2588
21177,4341.458
11711,1954.0381
99532,1062.8405
16254,1583.6989
65092,686.8509
98863,1865.4824
48931,3472.359
14536,3205.187
32174,1490.6084
16043,793.61633
91635,3282.9543
86055,4672.005
43332,3101.8713
13220,624.98596
10491,5427.37
9644,3021.2761
23875,472.28656
36872,1441.578
56120,3100.8901
12235,823.72186
49813,19349.63
39882,1229.1027
94395,9724.333
24489,856.5719
58623,804.91876
8673,4025.915
86148,1499.7301
59893,962.84186
28368,2313.1587
41930,1604.4795
94263,1993.1188
65223,1413.6019
44888,2792.4333
60737,1638.2908
75800,12483.476
16589,6628.0537
58952,2015.877
93464,1078.0859
4903,1229.0654
23880,625.4184
95315,3605.5593
78834,5880.6904
34097,860.1536
78907,4132.321
93262,5449.094
79072,6106.02
44377,2848.5134
58922,1948.2092
91769,2046.2157
46581,1581.2893
88135,2687.913
53197,707.0893
18259,7645.429
41325,3514.443
62235,1342.1971
56517,526.4581
52769,2960.7266
83457,3252.8079
37836,2767.1145
97866,1727.0986
58354,1731.9792
60153,4664.2495
11945,2398.7485
99965,3907.8594
19173,3088.9182
29750,1830.9644
24454,2275.5083
78638,1961.1945
92454,6161.813
77476,1035.9854
13303,175.51071
33450,1220.2744
51156,290.9774
57395,5838.416
29576,4665.1626
1592,975.52905
34854,2990.3196
31728,2788.7795
6768,4570.3096
92114,1778.5276
40221,459.09595
86797,2669.749
61656,767.43713
1576,5919.8735
60830,749.54474
98194,4799.919
93313,605.41394
41700,2021.5614
48885,618.9486
18718,1687.9896
96388,2433.3533
79354,2601.4905
3769,1168.8109
38650,1200.3965
16875,746.02716
90130,984.7125
58222,519.86725
73932,1193.7223
51119,2159.8706
38632,513.93494
94888,887.76495
27771,5113.1255
97589,1764.3971
18641,2232.0413
56778,3057.1865
70396,2084.344
37542,927.74426
8081,4523.7534
61455,11594.423
95019,125.52473
18233,1161.4204
99987,1683.2942
52057,3791.957
29555,1916.8119
83596,1744.6833
13234,699.76953
89161,1827.4636
67396,2148.3132
77680,1344.8528
48176,1283.4706
81060,14996.428
27265,2459.7478
20139,886.8804
81119,1874.1562
13096,251.88606
53801,1974.4075
61696,608.7681
21841,562.08777
60763,1548.5817
74339,3315.4585
94511,2889.287
12206,2383.272
7474,2461.9854
61077,7258.838
80445,1321.213
48085,1056.3612
66236,6403.8022
30155,1773.5294
77865,2873.0293
48116,3240.0945
6091,3626.0635
44278,1916.8119
3182,7344.54
42513,1308.5718
88740,4089.8677
94217,1309.1995
18451,4747.687
12168,2954.2073
78280,1816.3636
29620,848.5535
71813,6360.0156
66896,9037.477
84054,699.76953
19893,1687.9896
57301,531.0147
48256,13363.957
41261,6850.0073
83540,2755.2002
31144,1960.9426
68652,6056.2305
40613,4047.2874
5342,3223.737
47611,2333.011
23835,1941.8612
64630,783.0996
60245,6758.296
90517,332.43515
9223,985.5544
92601,792.1145
50448,1831.8542
18879,3359.0156
33154,1295.1235
83580,3001.1628
84277,1966.3362
5764,1040.6644
5040,2629.477
58272,2575.5547
4965,504.92032
73630,3418.2886
9515,798.7318
10643,1291.7476
14710,4654.741
69578,1884.4408
95789,823.9011
24695,918.4859
57348,926.72754
54161,1817.1831
43684,3596.3525
25459,2413.1675
30585,2063.7102
35625,1735.3035
14874,2193.9968
3138,1412.7588
52802,954.8786
31704,5413.272
87513,1739.9988
38136,1485.1791
24966,1243.3958
45997,1350.8236
67223,520.08136
54818,1551.095
29119,1449.0458
85126,2533.854
13212,1930.4354
79345,6523.579
35461,6821.5093
37016,1245.4968
37083,2757.5234
71003,3984.6816
50541,727.19574
65601,3437.8118
92115,1446.3132
89262,2214.1438
41031,825.813
15946,599.8012
85781,1165.6923
54017,1041.5585
37849,1008.4451
17800,576.54126
20925,2135.1353
98656,2882.3643
11418,1716.8257
25331,800.62164
86156,6116.6807
74307,12113.179
20555,2490.8105
35394,1114.297
54166,1133.5906
19257,2252.8853
94643,15411.944
61610,3119.821
92100,1696.4073
10657,1638.6072
64102,679.77875
89953,290.9774
18825,1200.3965
45229,6646.034
24160,4464.027
11510,2863.8245
92239,7340.2363
78855,166.90475
63636,2143.7532
27273,214.69656
19250,3059.5232
8188,14975.36
14296,659.6788
36827,2597.8286
50987,2817.9207
3455,1116.7462
95225,3222.645
5804,901.7811
77619,524.15784
63043,5726.218
49275,1534.1333
44546,2464.907
33754,1449.7246
80473,1593.6167
99472,1433.9362
99911,4320.5527
41490,2182.8992
46688,932.82227
36417,1039.1525
2577,3604.744
99446,9943.458
54944,613.30554
2928,12335.772
67671,7889.9395
84379,4660.96
26527,2666.3264
68297,1018.2489
45326,440.68344
71307,1284.8517
52141,2333.157
63463,351.59985
89721,2981.295
74387,4255.2246
89080,537.11255
6277,790.3517
78965,2595.834
20343,1256.3236
72107,2326.0547
61287,4771.441
22320,1048.4185
40024,2782.793
50575,7022.091
50029,10014.454
9781,581.77594
37457,2271.0403
54736,1966.9116
71642,1081.8508
38891,4269.8174
3224,2649.2524
31307,792.7993
36858,929.8058
62116,1210.4674
67170,1648.8102
26663,5010.1333
74448,6903.685
3199,518.5446
89969,4927.581
41662,2819.0476
61512,2742.2314
53900,2111.4312
51299,741.04193
30284,1207.3488
8020,2428.477
69831,1045.242
88071,1949.8218
65274,3378.3423
46954,3682.4836
3975,1446.3132
26424,793.55444
40517,1180.754
75736,4238.8306
96306,717.6949
79019,5248.3784
76596,1084.2891
61811,1690.8984
42026,2346.46
31961,790.3517
36477,2110.516
67331,13345.1
61227,1634.1122
85161,22373.223
69772,1972.8589
31952,8899.3545
23702,294.04507
23951,670.2861
25844,5363.4385
16179,955.2513
56218,2124.3076
69677,435.12338
51541,3539.1292
62411,4927.037
65676,3072.4893
90523,596.40436
64947,3803.339
99353,774.71014
8148,6923.215
28882,13837.331
10636,3257.9575
14818,3771.7886
81004,2692.145
19808,854.9515
13036,1639.3481
53497,9399.159
53027,918.0499
47518,3335.769
92907,1855.9247
39894,3149.3733
52088,3378.69
19031,1425.6891
58143,3589.2253
59790,2370.1384
32151,13673.323
5169,4035.0847
55008,1943.9017
45700,2471.1812
46810,2385.8352
25796,10712.207
90957,1234.5558
17353,1382.5629
37630,1101.8667
18655,3292.85
98632,764.04767
45370,4287.8315
53255,2280.2822
63673,1209.6179
39304,1654.1415
93136,2251.0833
15292,9401.851
76259,9139.999
32811,6656.4253
41000,504.53934
9725,2501.244
96351,4754.3936
29632,1375.3994
40372,816.0304
8987,2022.7523
24097,1971.3463
80999,2759.2002
24451,3418.2886
80724,1977.7515
75812,3237.4888
5857,612.8597
98548,1551.4384
76519,1532.7399
64053,1258.2906
16920,1263.987
73467,1208.4032
17925,661.9502
41066,2607.6592
28004,1866.6232
62962,1016.27795
43516,3196.6262
98458,1786.1171
54857,6801.1064
80079,2013.8767
57137,3643.9553
59462,4287.873
34886,2062.7239
42238,1448.3844
37239,7379.8564
93030,103.21486
38036,1166.8282
47613,1259.9695
96232,6675.3857
15709,1101.541
71159,7652.1245
77323,2040.5178
53083,673.2815
14187,4136.4995
51221,1302.4901
65893,1424.0111
88003,930.7059
79300,1060.2023
24497,6853.281
97848,1966.3362
80355,1966.3362
64333,1024.0138
81923,2704.4395
80657,3167.8716
31080,771.39954
81522,2318.5212
51105,1230.0345
55028,1377.7017
4791,1684.0305
51923,1229.4974
83538,940.87317
17967,2073.9604
19303,3048.702
9344,3950.967
2500,2213.2483
89636,2217.6091
32004,3151.0925
19436,320.1721
43531,3095.791
65876,3438.5652
38489,1148.1992
18040,786.47534
49766,2563.2942
32960,2075.1062
37294,2436.4177
81141,3555.0063
58211,788.62317
34061,712.826
32015,638.11487
88287,22441.633
34435,1398.9366
47126,2296.5217
77174,2143.521
61435,3394.969
41948,2574.4395
47334,3505.1418
42300,1602.6868
12119,1180.754
64743,629.96594
65966,3407.98
26505,4397.7495
34610,1444.4948
97493,628.4313
83970,3420.4075
36621,4143.5796
77213,3731.8738
22803,2909.5396
58467,6482.195
83552,2559.3086
29804,1655.3158
41599,5614.7856
38939,7483.7974
40288,1541.1877
92486,1802.2902
792,914.4417
96497,1136.3945
15469,3839.5437
77219,1894.9874
3576,2446.5278
96401,1704.2395
45392,2172.0996
42626,3648.601
37792,1036.6609
55396,1707.6372
30000,3902.3352
17017,4143.5796
7636,5533.6543
7267,1376.0568
28730,15716.601
42017,1976.9869
15913,6220.8047
7513,1256.4105
45233,6427.396
28486,1916.6683
52207,5358.497
67977,1573.2639
75055,1310.1888
62309,1309.8843
15985,1309.4318
56981,409.09988
40931,4120.0386
62870,753.8644
76749,4603.636
18754,2248.2305
95460,3915.4038
53319,2361.6514
29360,3114.4912
89160,1462.583
16457,9399.159
55803,3685.4062
9003,899.351
9032,7752.998
98637,2775.8337
96787,2073.9604
8426,1174.2689
61625,5527.391
12069,5758.0415
7965,1741.4055
81170,2126.3882
36035,1971.8323
92955,1060.2023
29386,5018.7754
10145,4144.754
99636,8707.445
27412,6623.9854
21104,1549.6088
36250,200.24728
34993,2209.8342
93646,5147.7656
50588,6191.4316
41250,977.50275
26513,3319.5208
46326,2701.0688
71890,4126.2114
64687,7466.051
56481,1737.8901
12215,1748.9768
81593,4191.0537
80878,2389.1167
20685,682.8712
35219,5856.4927
45264,1829.8461
35486,1891.0317
15079,1382.7229
20819,2160.8313
21282,827.4372
88098,2162.5872
60121,1997.5575
78251,1342.8203
86099,2573.992
79089,1513.7389
774,3320.3196
37533,1554.3148
13304,3568.51
64422,1041.4146
51567,4261.447
12452,3368.1592
61819,3520.7317
28476,5710.9536
46703,1844.9724
60788,1983.9324
8803,4016.2063
57369,1637.3993
37785,10474.589
46402,463.17242
69319,1648.6155
38233,8280.062
56123,8712.573
14502,1134.4337
97114,1620.6401
27710,3701.927
59441,5041.555
11817,2652.147
9836,624.5904
15673,1999.5057
87350,1152.7024
42383,6852.065
22593,586.9991
10575,1237.0276
18892,8530.365
79601,4104.2944
59763,3401.059
30548,2139.6697
93183,3154.6243
18402,2775.8337
17772,25898.027
39263,5154.6895
21459,1192.1959
7027,1998.5323
73273,661.05334
21242,816.32965
20698,1200.3965
63073,3144.526
2796,2584.339
75182,1487.4897
23237,388.05426
57609,2210.1294
88346,1669.0015
27179,627.44604
27398,3923.581
77736,885.7568
55564,2523.8774
13583,1535.4236
29777,1170.7162
23353,1477.0841
98275,1169.591
39340,4460.1206
74282,2582.323
58119,1548.6729
18320,1427.1298
30901,5701.8926
27360,925.83307
28119,1987.8159
64804,1370.8721
23477,2071.446
88470,1025.5812
65931,1815.3989
85248,4925.9473
4152,1967.7174
62526,2972.877
49887,2241.2358
79748,2093.441
89772,1183.063
89778,2877.9983
17898,2274.0974
60280,4592.286
66666,3335.6533
62991,6242.037
89358,5529.7754
95296,423.9866
33678,1938.6223
4854,2990.3196
72148,821.694
60730,925.41327
18992,10407.69
70409,1329.4935
15020,3518.8413
39715,8432.241
27431,2898.1074
5599,1470.2744
64728,4088.238
75608,1916.8119
77167,1344.8528
91841,1307.0702
44596,1528.5059
35439,653.0965
73619,3925.357
74746,517.8957
79953,1421.7004
76765,2010.0668
35398,6568.515
47582,4295.614
4218,1762.1664
54703,4536.1084
22294,4454.221
37377,1407.1404
51060,4081.1284
88520,2343.0327
17562,9909.439
26786,1487.4897
38682,1763.3314
77786,821.0822
48846,1301.4453
71344,2790.3665
77611,3869.0461
79556,673.02313
56542,2063.7102
20900,1375.1788
16831,1120.135
29641,423.9866
35182,2005.651
26064,3586.7515
45451,3235.596
61702,767.0415
12448,1612.8871
61372,1076.6346
17945,9074.49
63159,1479.1886
1484,1967.9382
93969,3462.5261
99417,1239.5142
87073,2704.0867
20865,1423.9115
69954,2287.744
77816,1543.4778
75807,4934.377
94603,16095.323
75464,2043.5682
89070,562.08777
34714,3367.4082
54327,5382.8076
7983,4588.1196
11729,6253.0864
28402,1032.8721
9038,2311.151
74489,899.89954
87065,1302.9858
50254,1212.7366
29359,2597.8286
67677,6748.602
58038,1031.7767
72430,2214.1438
32722,1361.8632
28934,1078.0859
35959,4642.5938
12942,4606.3745
33790,2958.2378
94716,1344.5936
71237,2330.0986
17228,2114.2175
48079,2279.782
82286,798.4761
60719,1677.6844
46951,3552.5293
181,2851.0562
12308,5088.535
78547,928.4291
28338,3160.317
67241,979.8196
13697,1250.5632
9253,2788.204
15718,945.3624
57172,417.1531
28827,2179.7454
36460,538.5386
30482,2100.0938
70970,4789.0166
29517,868.33636
12533,1041.3779
60301,927.16895
94602,3059.3513
94286,4388.606
96725,2321.9155
72072,6779.1978
27041,5166.257
21535,5139.0073
50952,3598.7256
96574,4388.606
22310,7466.051
91337,1322.1105
53363,25422.379
15318,4799.458
23701,6225.7007
38272,689.5497
55907,2429.694
18527,538.99133
39301,1263.5425
57802,1925.6783
32437,2816.5417
8799,1552.4349
12806,1422.2406
7735,733.27435
81309,1855.3584
63458,8145.9565
1363,255.41263
24283,1367.8628
5935,1340.0099
45150,1573.9427
37670,3114.6165
57112,3465.2852
21017,1027.9438
51056,1772.6809
42093,2084.344
79872,1490.6084
91921,519.86725
82391,1158.4822
5222,4518.3438
13297,1996.6741
78351,2410.9905
86237,1481.5492
87572,2717.8074
65097,2713.5562
23856,8668.748
75493,2853.4727
86281,2164.9646
84765,6523.126
94027,4716.795
16161,6551.5645
93889,6540.2607
51197,1707.9205
73592,1696.4073
30911,712.826
68227,1124.5554
12552,898.1517
42888,546.9294
96704,405.70245
18492,1120.7562
13122,981.1572
69421,21604.94
64237,2666.3264
51439,9125.393
91852,5665.6904
48024,1153.8496
58965,1632.4264
68030,5562.5386
12288,8590.997
63317,2429.4834
14954,555.4469
48551,855.071
44187,6035.295
93226,669.5141
10362,1935.014
90157,462.20035
54283,1811.7395
18203,2796.8308
63250,800.62164
96851,5065.764
6320,676.08167
7617,2790.6963
63039,6735.1436
64173,505.22415
83378,3709.3506
39510,3810.3716
84365,3849.4001
80437,1598.5552
9023,813.31683
39827,2349.3403
7365,4807.114
28400,1113.4458
51362,3505.544
79286,1650.9714
23060,1968.7136
85282,624.989
64023,957.68335
53584,5485.242
39848,4525.7983
68925,4042.6116
13656,1920.0923
19849,1380.1885
27871,3523.477
78093,1375.1788
55080,9765.233
40486,22280.967
28457,12282.323
4853,1418.2767
42123,7069.1646
64405,6773.0986
3318,7889.7856
47543,2225.8135
70286,5577.955
41919,758.6666
40775,2541.656
72580,3622.7927
53779,5486.7944
91478,613.4613
24406,1205.8258
50737,506.91544
253,3063.8904
53847,9210.95
9091,1729.0488
92585,2302.0645
82219,1900.8108
52407,459.9149
81990,392.2172
66288,19295.22
68247,2241.2358
68614,656.3685
95668,695.3093
84030,1484.6678
63556,1874.1602
70625,2337.533
26041,1247.6589
642,2819.9707
90777,3160.271
54178,3363.7158
23605,1758.9529
83772,2087.8865
62753,505.5692
29513,2172.0996
40467,2676.236
6426,4523.7534
96045,5861.75
19825,955.5974
49186,1223.1189
56529,5811.3
97139,2370.1384
24973,840.5702
28014,1015.0255
3440,1037.9678
26971,1109.8386
17687,452.63882
49543,3071.1777
83892,9157.229
21873,5142.4224
27072,2021.6648
23442,1454.0048
60403,4248.981
2322,1623.5997
2221,4067.4053
8180,2195.7566
26028,2422.1045
3139,5733.47
7576,2120.1555
52924,6025.4165
33009,6190.8716
85262,934.9071
55804,2462.9565
67163,10584.826
78220,1728.3146
47146,3264.899
61271,1659.52
46823,1562.5353
73507,3730.3704
77800,1782.589
79207,3051.55
37828,2885.0308
9501,2523.8774
71276,5049.6484
5633,2544.1472
90507,1165.6923
16306,3314.2407
15626,1450.3966
30682,1506.3539
63798,3682.8835
13165,7805.8936
30591,1168.8109
47547,2496.483
21226,4575.4814
58638,967.774
40641,1502.5134
99434,2741.128
6756,1310.1888
89735,2619.663
30618,6726.8975
84704,2311.479
96662,476.3241
18758,1064.9133
22939,2573.992
75670,3842.4434
36878,1635.6177
30509,6712.351
2263,734.1355
62758,900.3945
63563,839.8854
82169,2585.497
73096,595.56104
86979,4063.6055
75631,1608.4855
26105,1209.6179
11756,2182.0
86846,4878.571
47645,1738.7698
12530,4388.231
27196,1449.7854
50413,5413.827
58013,1850.2139
89400,7551.734
9889,1673.8997
52619,3897.9253
63045,3430.0276
63818,4830.314
41558,1627.0392
21310,185.17867
78058,1579.5337
52746,9054.157
89591,2260.94
29475,1306.9414
42174,5823.749
13376,2179.7454
51425,1580.91
72994,4644.1475
84361,1274.9575
61131,3046.9358
69818,5556.5806
79860,1208.2853
34841,1744.192
59600,1414.4886
44792,351.3455
73599,1747.3107
12785,3865.3716
84582,3710.6816
45104,2357.129
57988,1123.4497
77719,1764.3971
48734,3072.5452
51063,1670.4287
11750,1960.9426
41455,453.27472
48647,3678.7092
25094,6281.9624
56070,5856.7407
19566,1683.4447
32235,1918.3439
54185,8142.1357
27124,2004.3948
750,6901.3354
86101,1850.5425
78373,802.6472
57223,2781.7188
2844,4584.303
67627,588.20105
43316,11093.367
6840,2894.1724
42291,2024.4291
28976,2111.4312
96022,2284.667
76368,2600.518
27252,4677.9683
89335,1594.0371
30560,2425.1274
52404,2691.8318
16076,4660.3545
16191,3183.4956
28857,2040.8081
49966,5228.478
46631,9752.8
30241,2164.9646
16431,625.6648
68078,1060.8687
54012,1003.0386
54526,576.696
40592,1595.3584
61407,963.0799
7530,1378.2913
81287,1263.987
89959,824.9999
1121,164.5043
74886,3585.1753
22846,15760.565
96014,1008.4451
44968,7352.19
85479,2687.913
99723,2088.91
60030,4850.8096
8578,1446.9883
71597,576.54126
91430,2604.6042
9141,564.28644
66282,1133.5906
15062,914.0678
29831,1544.3064
71155,2176.3806
3625,2126.3882
45184,1506.9006
37045,1654.2948
15867,1363.0634
47494,781.272
71013,1183.063
42326,3235.652
96897,3002.942
3060,3276.2268
79026,6177.7764
62783,850.7037
21234,1448.3844
67813,1964.5746
11829,2357.485
6887,773.34644
45879,859.4688
82013,3552.6465
53965,1168.4924
85807,1276.1741
50500,757.02637
246,994.87286
39012,3232.6624
73535,2363.387
55711,3676.6213
72424,6833.462
51597,1908.9032
20885,1803.874
20059,1935.014
66957,2600.518
55380,2250.2341
8931,1408.9453
13555,2018.5461
17712,9201.596
9618,3925.085
96470,2045.7964
51073,2119.9312
98111,1177.6099
41528,2021.0215
1756,18724.637
93970,1893.4742
33479,2140.6343
76378,423.9866
33151,864.98376
82773,4985.5396
15080,309.91483
13042,2580.126
70571,475.38998
27939,4951.554
83366,6115.0557
40309,1972.8589
11479,725.57587
20077,4588.3667
38293,2528.8826
93494,953.666
50297,932.82227
79432,7860.951
96576,7278.6895
75082,512.9863
84497,1450.8861
19886,988.6628
56710,2552.4517
19631,2900.3013
52494,1202.7072
14530,1306.3911
83532,3378.8618
56586,5175.408
81735,6375.4346
26725,5565.1924
26612,1549.4688
90654,518.5446
69111,6642.128
64766,3334.1423
18574,4911.8306
65762,3732.7751
73041,2004.3948
34025,2646.7478
3721,1408.9453
32527,2214.1172
91416,1051.0967
69787,2157.7634
8029,1816.4684
20071,2636.612
53529,3566.5095
39107,3288.427
63482,1735.0979
35964,8338.759
8702,3543.6575
1449,485.44162
91219,15724.782
12127,1136.1405
55254,1467.4033
49454,5152.613
46363,1239.5142
18005,344.0556
11008,4660.2954
29974,4974.951
52808,5178.266
27653,1839.2782
72409,2330.846
14167,6289.654
3780,2954.2073
10292,1872.5281
72378,6642.128
32541,1002.1555
76648,1135.1934
36068,1760.7202
47256,1265.0779
61345,4666.66
37676,929.2276
96995,175.51071
53169,732.3626
89194,3865.3716
14545,4689.5156
92513,1184.8613
81185,2165.3494
92572,4300.5264
60835,2784.3892
72546,5095.1016
50239,1829.2706
33565,1396.7363
14429,1743.4539
60289,568.2772
24674,1136.8066
43103,2123.8408
51175,762.965
50594,2360.9834
8923,2182.342
12188,299.05008
69731,3721.9333
93593,3490.1572
77832,961.601
40587,4747.3584
85325,1852.3086
87105,803.7445
23917,1600.4877
3844,3417.3708
91017,2779.277
21957,2972.6462
8572,1373.5706
74527,15576.324
36384,5178.601
79450,652.35443
21218,1300.938
77376,2352.6882
83765,954.1938
94070,4343.73
63668,1880.9331
57439,1201.5712
79986,17179.068
39696,2560.323
10387,964.38184
99801,4923.118
82750,1428.6012
22853,1492.9152
36805,1306.9414
51082,5141.4946
50733,7816.925
15521,1020.0842
49998,2608.3242
43985,1602.6868
48324,16901.81
81106,5716.52
23962,4075.3474
25523,1497.8354
91791,1062.3295
25061,2932.9758
47055,4423.1333
24411,7034.5522
19742,2884.2217
24215,1712.0885
36789,6758.983
27148,3023.3552
82801,3827.6873
13959,11622.469
51590,3145.5415
351,3222.645
45487,2981.295
56397,2038.299
20028,2275.5083
57098,2954.2073
66706,2320.8064
23669,3880.3396
97835,2241.2358
41202,2169.8289
36347,1712.4229
16636,4212.657
22621,4298.4683
30166,1926.0697
95107,1136.8066
3185,756.167
95428,1545.5383
49893,2379.6548
45238,4077.2224
24022,8715.331
73300,4390.562
15395,3248.8992
35128,1549.2102
25164,2074.9385
96807,5171.9355
88560,1102.3032
40718,2573.992
92024,810.09814
13836,3464.8013
3606,759.29254
95204,10453.862
74170,2074.357
74556,1531.0146
53061,556.3875
85795,3281.7388
20556,792.77325
5898,1636.7205
55429,2722.0347
99578,3143.16
97235,3235.5283
35456,6484.558
67111,2141.5754
89588,4257.6714
33357,6482.4487
97539,1873.7069
45668,2952.3323
42319,2990.1582
2780,6992.669
65680,1744.192
80523,10835.022
23564,1098.723
77990,1930.8641
26811,2951.0981
34466,4294.562
37114,4519.0337
95856,3057.1865
89088,3819.2837
20109,4632.6265
91474,12368.159
74398,6929.033
69343,8146.235
43318,3975.7344
2342,4720.3916
44637,1211.6371
93921,2029.1544
50769,6857.8384
66304,3069.971
77394,518.5446
78893,969.67316
83529,3878.9434
21020,1798.686
78031,5555.2954
66733,474.44952
80025,1267.1539
77512,595.9733
18515,2626.0518
75811,4869.3867
56026,1596.9807
56128,1136.0598
18981,1924.8534
23725,694.6676
98877,1023.6922
74966,790.3517
71157,519.86725
18468,3734.147
5159,613.4613
45198,12383.658
46484,1918.6971
20874,2105.149
65239,1697.4344
27834,1581.2893
22578,2830.32
74851,3055.4663
11970,1281.1609
26736,7260.098
35817,1231.9382
78621,1736.8662
37591,955.09766
70486,438.94144
94084,4071.8018
20686,1360.0305
73616,2151.3936
11946,476.3241
12260,4915.9663
36084,1089.7635
22602,1735.0979
29679,3315.9023
41041,2358.4338
7902,1268.6844
97944,646.24615
39502,417.842
47261,4927.6035
58269,2017.0199
15748,2881.079
54320,3396.0469
64950,2071.33
20017,2932.7979
9162,1288.429
51624,3727.8425
75120,5090.604
77037,5701.8926
68941,767.0415
7598,2391.384
28886,1160.7919
30834,4313.365
73772,802.93225
64990,7514.9575
41037,3735.4304
52951,2280.2822
71392,3209.6865
6710,1122.6033
99624,1815.3989
1980,1668.6019
11724,2088.91
74078,2084.344
85929,3144.526
46698,695.99414
9188,1850.2139
24952,548.6043
64367,799.90607
16470,2540.8943
81213,4407.029
10577,11111.712
80085,1690.6156
89171,626.5899
96943,1571.634
80891,1753.8083
18198,2433.5422
97615,951.13916
23419,5382.8076
4830,2629.477
8289,2886.8647
14017,355.18686
85836,1067.9985
34504,1007.7603
57431,864.7662
90651,4171.453
15898,757.86945
74642,9208.639
44322,8040.913
97977,1826.5499
28539,617.2966
51746,1641.3093
77566,840.5702
27361,1812.2803
79257,724.09045
57783,1120.212
22681,587.33026
50318,2194.8306
3958,4538.006
3717,3756.437
58298,3950.584
4501,710.1417
14864,889.21765
48993,1652.3041
44122,20024.287
37123,3870.4507
28753,1008.4451
26900,1223.1189
20868,2513.3035
18816,1344.8528
15280,5063.807
83305,5392.4443
49999,1579.1669
57761,840.5702
26176,1001.49365
22880,334.00168
20594,3918.9062
20526,825.813
5630,1406.0573
70384,2392.6033
93548,1067.9019
21252,3440.4607
1350,3679.1995
27063,2866.2056
65955,2281.3645
62467,1850.2139
96471,966.34033
64925,2066.6167
96134,1188.3694
75439,2214.1438
39932,2988.4473
86462,1191.2028
53198,1279.9543
92168,405.70245
2793,2550.011
86012,946.68427
95768,4933.294
21681,1565.5543
62602,6586.766
25668,1493.8958
98428,610.51013
10521,3591.8213
2072,1314.1396
40452,12465.249
36946,934.33093
40187,2796.9707
15433,934.9643
27907,1304.3484
73845,799.2464
97920,350.0586
21441,1303.8228
78434,55.236897
17661,9922.917
30255,2930.163
25365,2546.152
63986,2782.1208
25435,1108.4484
58837,388.05426
53772,3315.9023
87519,3524.416
40272,1390.6702
59313,55.915733
14729,4678.5444
36371,6461.3867
70437,3040.2385
62114,860.96967
33142,1033.6993
65625,1118.6744
9048,1728.655
43405,1557.4335
52771,4041.828
5575,562.08777
11448,4850.5684
43877,1744.192
52975,414.1936
57997,2039.0499
17777,6602.418
62092,1205.8258
2151,1977.0228
41639,3790.3357
21376,9480.583
45806,7484.344
256,8429.453
9013,2768.5325
92928,12205.629
5091,2891.9944
10963,1794.4653
80980,938.56256
83559,2295.698
68376,618.7361
26707,8231.727
28211,4877.685
96174,6903.685
42722,3702.922
32836,1188.3694
84399,15989.5
98713,13989.206
62805,756.98126
54407,3975.3667
75662,1768.8188
47226,1352.9714
95786,863.76416
99123,1690.8984
58214,2907.3608
36170,687.26855
69439,6961.808
1482,3149.3733
2762,827.46936
34069,1169.591
64846,734.135
97116,3770.4084
13417,1647.5673
93745,1450.3966
33418,1643.8368
28970,1565.4415
28048,3320.6057
85880,5843.299
45126,5652.2847
25056,3153.4294
54519,1434.0085
74372,2775.8337
77368,827.4372
28735,1645.0326
91118,1419.4996
96467,1831.8542
41925,9760.253
37854,726.3044
68756,1276.1741
12842,653.64435
59403,3438.6023
62835,1246.0327
59678,3857.5737
7137,3026.1885
77215,7113.2505
84046,1246.3463
55320,481.23788
91821,1928.9922
53976,594.47015
21758,2789.2622
14650,6469.6377
54648,4570.336
39634,9317.822
92480,731.34674
48106,505.5692
27865,2742.6985
80362,4883.235
75095,3737.2002
68849,5326.0146
36682,6463.6265
48327,409.47098
42368,780.48755
93763,2652.614
72578,854.9515
23773,4220.929
13647,2599.4072
25946,1310.9794
36142,2573.992
41872,2309.6277
2963,3909.851
99711,1707.9205
24573,3579.211
42532,654.41315
33103,1938.1328
85871,7769.5005
95546,6485.0864
67741,10899.511
13825,1220.2744
79518,3862.4546
49948,1209.6179
25896,11864.3
47151,2989.6404
74002,1039.4525
71336,3073.6282
24197,1403.2017
57753,224.03981
25311,1101.541
24665,1855.5859
7169,4495.6274
94126,687.9474
72343,19143.426
45719,4308.1533
47136,5525.1396
74408,521.45825
2875,3505.492
34716,1905.6176
34618,1477.2261
80287,5068.2524
11646,473.65497
11849,617.5773
53676,4599.6226
12134,270.39648
95060,1201.5712
92283,2952.3323
44133,3149.3733
43070,1454.0048
59032,1704.2395
7677,1551.7915
6872,4406.9663
46200,1029.467
95320,1413.891
74873,2775.8337
55140,2230.5825
59968,2368.3796
20127,6290.133
1460,1868.7256
8016,2470.2297
22937,2188.0144
61737,5430.2554
64690,5674.44
41959,1974.6969
13209,1397.3325
97229,1250.587
29187,345.70248
65894,453.79477
60921,1484.6678
31246,1974.4075
37832,9349.968
5884,1838.713
2214,9606.58
37211,3662.201
25386,1450.8861
12451,5720.5903
49518,2917.0818
43651,1052.2203
45655,1915.7678
56046,3044.586
15696,5665.6904
56293,6102.802
32210,1780.8346
28980,3896.9287
31056,2497.678
76393,6228.768
70813,1321.6759
52618,1544.3064
80132,565.29675
55097,2340.5747
88899,391.58023
59625,4357.1333
81274,376.294
34417,2490.8105
50799,4756.193
8860,585.4591
49652,679.69934
70109,7450.551
23251,4671.6294
68580,3980.8394
23786,9655.479
29438,2007.9615
16477,1357.2687
85239,991.00775
23492,3799.9846
93249,4863.447
28621,408.1245
67012,4539.8076
95135,4391.233
56905,2353.6602
61601,5193.3823
27973,1062.3295
25849,5385.879
12419,4371.806
98069,1602.7445
49909,890.83875
69032,800.7933
62880,3865.613
88815,1439.0887
44543,1894.9874
40690,1357.2687
40465,4022.009
86936,1101.5096
26993,7220.239
90202,3728.3604
50348,6115.0557
3135,967.6954
46855,1392.0028
54537,12596.84
56308,1477.0841
95939,737.1548
89805,2498.9243
47970,1438.1547
93947,2213.864
19110,2093.8674
17619,2274.0974
13131,6018.91
47208,2829.7493
32060,988.65796
79410,2293.7056
66244,2296.681
66691,1454.0048
57983,2949.8289
69554,7976.7085
28914,709.8067
97608,4392.536
63838,1082.5564
74223,4638.786
94404,4481.3965
20058,2408.2622
45116,840.97394
67030,968.51666
42529,4926.3555
97309,1534.1333
90094,2483.8416
45511,3492.2825
77311,2520.7585
63897,9798.258
51165,1803.7104
30681,260.36346
54137,177.5388
25404,1013.8567
21260,3416.1152
22744,4974.123
73011,2801.6257
78527,4133.7407
78759,5090.889
2932,3426.161
45698,496.91086
75109,2806.4275
92340,3156.1533
1852,5749.092
88057,747.0618
27469,4558.6787
70329,1449.5535
86230,3239.519
74792,1377.7017
83333,2931.9954
7658,4366.734
20681,1786.7351
56944,2012.3372
53452,2306.887
57150,981.26575
88387,1269.1084
60945,2063.141
638,1252.8138
54251,1608.429
20455,503.86053
54294,2460.3918
36268,901.7811
44711,10450.976
98986,4964.535
2897,1032.8721
74904,378.9687
74932,4155.6455
67901,4023.2385
77143,3761.224
71955,4435.095
25105,1505.0569
53472,3231.3958
25586,2557.375
60979,576.9766
5452,1729.6018
19147,8612.373
66858,1307.0702
39663,340.31375
6134,6152.496
9170,3776.6748
38435,818.2433
30914,3661.2385
22549,1337.391
92617,2672.814
855,1554.3148
76410,1064.0148
17524,1158.7971
4278,11142.422
76474,1113.5737
18505,1608.429
65370,1826.0367
74095,4593.52
4916,3206.914
74629,2081.286
60630,4812.9243
90677,2214.1438
17660,1763.884
48586,4202.2
48366,377.45328
20969,4329.111
72284,3309.7954
27954,1301.4453
40957,1505.0569
36958,1217.4943
34923,1064.9692
52590,2108.714
20070,2352.5425
59333,1008.4451
21738,825.3015
30996,5216.1533
99430,5918.3813
51483,3106.78
78528,7563.8516
22787,4521.529
48130,7390.156
47537,5018.7754
25480,4054.4087
71841,646.24615
54236,1544.7642
84789,927.16895
2038,673.02313
79820,1207.3488
8904,1351.201
40105,8289.403
39691,1950.1844
52183,588.20105
98445,3016.0283
62200,683.556
85404,6411.611
41969,2669.0378
58967,4572.8115
16979,2901.1008
80213,8892.601
19925,2189.1953
33379,2321.9155
83597,2303.143
50385,2276.044
99085,3384.1157
54113,1063.5457
45385,5248.7256
43653,2119.52
13370,3652.7761
89620,4928.034
30851,1065.9132
11935,1264.7386
39183,1413.6019
21808,3543.6003
55051,1513.2101
41819,2164.9646
70858,28618.373
4221,2003.9922
82544,3239.682
5823,1710.4393
81160,2353.187
29269,1984.6179
54211,1194.4071
12532,2396.9907
48738,1647.5673
86789,3218.569
42208,1075.8461
27785,1050.3448
90771,1479.0281
71463,1541.1877
91355,5548.779
25288,2585.029
97289,1926.4053
78037,11204.51
26223,1132.124
68903,3511.864
29013,3315.9023
62054,1864.3512
4475,440.41312
54878,6088.9746
68382,6537.935
78820,4407.0854
15170,2733.9482
23294,4287.105
24158,1800.7554
21380,3302.7324
41204,496.12375
86555,1191.6923
39651,2287.108
27801,2982.6738
68263,716.2596
40375,4420.25
29135,2273.7214
28040,251.88606
81729,4306.5054
72050,10189.495
10076,4027.0808
95185,1210.4254
56609,3571.0713
59081,8041.6553
89170,5521.72
11524,6864.839
97686,409.09988
51576,10267.546
48069,290.3285
24169,830.0796
83135,1678.1494
19051,8875.032
17170,185.82755
65153,850.0482
12998,822.3788
85492,4867.117
38188,6606.6226
15769,1616.1436
16443,1150.1534
94999,2114.3816
48482,841.65875
48370,4393.044
95325,374.12228
72372,11307.085
23756,1442.7051
54811,9299.299
6615,5795.3213
55659,1064.1261
19344,9749.026
26717,2283.3232
73242,527.56586
9979,2147.8408
57479,2706.717
93523,991.6866
55532,7468.869
79684,542.5249
81448,1969.7402
71757,650.8986
49210,3626.2903
82568,4244.9126
87209,2777.2
73215,410.8419
7686,2888.3804
79400,3411.5981
75335,949.47784
37233,2983.0476
83634,2913.7988
52253,1867.1127
4957,1921.8633
20235,3648.601
84483,1960.9426
83736,6945.1606
48156,1935.014
2040,8429.234
42413,1353.6732
84230,608.8363
77685,1524.957
35102,1967.1744
84745,14084.727
2747,1209.3295
42616,4338.27
27467,6999.7354
7893,2298.219
8956,2561.3318
39727,1215.3153
61466,4690.842
97354,759.29254
44193,2370.1384
54804,2499.7297
55740,7977.366
58005,1142.1995
26271,8456.021
66852,2607.9082
40927,1953.2402
5521,1992.9386
20066,2161.3123
30730,894.6315
49249,3114.7864
80858,2370.7249
97372,1126.9415
13757,1550.3177
64515,7274.732
26588,1118.2059
88571,1711.9882
1609,2420.614
10999,2228.1929
74962,1036.7351
70098,5434.6226
28573,8275.533
8855,1136.1221
36192,954.56647
30708,1582.2855
9790,6625.4326
8267,2460.3918
39282,4578.295
67629,2450.6711
67409,1147.304
41371,1651.6978
99056,1665.4855
42142,2026.7059
73913,1260.8677
74762,785.8107
14113,3689.7026
89301,687.9474
44917,3518.6948
40018,2326.7434
69425,9428.379
27051,1803.874
71666,2391.4211
71506,645.5756
83797,7620.223
18813,6242.037
2483,2952.9104
31475,4511.3965
474,2221.8948
80920,2963.535
96043,4298.9077
54785,1176.1953
93300,1066.0233
82193,827.46936
96112,1512.9305
88747,1036.977
66554,3380.1443
45980,2809.3435
94573,456.67236
46423,1824.6317
5874,1878.9877
88937,1399.1462
94876,798.0583
95689,6132.773
63122,2071.9795
18605,902.27057
90557,1971.8323
61354,860.69415
9121,290.3285
21405,624.49634
61490,1337.391
49497,2981.5605
82732,792.1145
29161,1454.0048
23497,1836.1595
80815,613.27405
79879,1379.5037
77040,1289.6854
91985,838.9708
94014,1353.6732
13258,1023.6922
43207,4250.619
25069,3201.6619
93603,2867.0496
24823,3657.4456
5584,5589.9663
6334,576.1206
19516,745.0874
21031,749.54474
19823,1673.5837
41710,8536.137
20867,1067.9985
89212,1800.7554
82396,1944.0181
64338,2537.4688
31544,1447.8278
55503,2363.0034
64884,2043.6564
44186,2018.7246
38112,1030.4651
58321,1554.4501
10666,5588.1924
12758,3089.288
90205,2772.2334
74574,980.3774
79867,2879.2327
9358,864.7662
45988,628.957
88818,1368.281
51347,3283.9905
67255,7189.0366
56350,1223.3153
2175,2283.6772
20781,6311.644
19733,1210.9523
64799,595.56104
78628,1644.483
25225,1654.2948
47962,2100.0938
71223,6914.7266
62791,1729.8563
75283,3295.3865
3288,5761.739
92182,1874.963
315,2838.5232
52102,2075.5542
33369,5814.9404
84860,2089.1108
33560,1082.0066
27227,4282.147
47690,7209.9224
42062,5251.487
74115,910.267
92249,9262.861
8766,3082.663
99168,2146.7424
49285,3245.067
98847,1405.8267
73316,2578.185
63595,3188.725
150,2182.0708
65816,613.27405
94885,1613.1277
65295,958.6854
4378,5178.2046
14040,2172.0996
83735,1616.8427
32339,2085.7012
19578,782.7752
95719,2468.242
24762,3248.385
44784,2881.697
56545,672.5095
67957,1532.061
14386,847.8687
15652,4316.837
89631,4560.8765
10324,3312.8142
41499,513.1525
4680,2578.236
30866,2021.6648
8492,943.4872
54257,5967.7793
7145,4071.0762
57446,1157.6732
93271,3770.4084
49144,3380.1443
36669,621.8013
42477,1001.31244
62262,2658.4192
68575,1209.6179
97862,1745.9117
18811,1210.4674
96256,4569.8647
21131,518.7289
79131,3399.862
23074,5961.474
83124,1572.8599
97532,289.88712
51825,931.945
10000,8101.684
52237,2881.3574
59546,3479.052
10444,7446.6543
98475,8574.296
71000,8271.229
59247,1276.1741
87003,224.03981
34350,288.01788
19255,2826.6062
56827,2313.0579
98560,1107.3567
17383,604.94464
89702,932.82227
94890,620.05927
9357,6254.369
15026,2031.2308
85206,1708.9698
27896,1310.1888
69650,3034.3455
90338,409.09988
19773,1410.8805
87778,1464.0818
13407,1308.5718
4603,940.6241
20879,1299.9142
56934,3537.504
69243,1226.7372
66001,1383.5977
51230,1637.3993
53621,1953.0916
31739,780.4802
35354,9572.858
3837,2020.9503
1933,2722.0347
57909,7366.7656
87623,13544.934
48987,1268.6844
49507,1653.0338
3841,1687.7798
10823,1006.15735
14436,3246.3557
48674,2601.0898
22564,340.31375
44844,630.8211
58870,506.76382
27555,5198.5684
25609,459.09595
48067,3786.9824
18240,629.6418
83547,370.31647
8464,1619.0673
63729,9477.049
50703,2387.9011
92328,3524.5007
60985,1586.5951
90003,3615.7336
17949,2845.806
55954,1361.8632
62368,5805.0537
4664,1250.5632
74124,2842.539
59388,1289.5608
82522,828.122
41116,1577.8342
7447,3161.148
53802,808.53595
84649,1654.2948
24656,1006.15735
94368,948.4403
78702,4025.8364
24582,3396.2053
11312,1154.6437
2881,2071.33
39284,721.98883
43535,3651.5688
49409,2577.2153
67128,1411.3662
10345,14450.019
16397,1897.3295
42475,2698.466
28997,2252.8853
69407,2851.7192
71071,4391.9604
66184,4092.3843
3226,4610.5513
83742,1326.7424
82884,1253.6819
27551,713.116
43504,2040.5375
18539,1245.4968
55052,5377.7046
92571,3167.8716
87611,491.32312
11051,1263.6675
55877,724.7328
16246,2030.9062
87226,10511.438
32465,1760.7202
89849,3687.4766
93615,3974.943
96870,2813.9326
15534,1976.029
97483,7014.911
54450,1032.8721
82726,758.45416
98237,2990.3196
97055,1877.2749
20579,2111.8486
329,20048.457
20917,1582.2855
35569,4366.1045
145,2627.0996
74669,1997.8154
6988,6855.847
38050,3418.7146
18114,3212.4365
49112,2873.1953
32218,3012.064
81005,5199.337
67425,2244.5017
9958,1059.4602
82659,1356.9042
23270,735.93134
70444,3463.054
55277,906.3818
95989,1210.4674
31381,788.62317
32897,5539.9873
59539,3786.2102
69898,2676.236
86174,4459.693
26421,1194.1556
65244,6657.6025
52373,594.2568
20568,6990.903
61043,3068.3918
49459,5736.43
99813,2094.9844
23394,2646.7478
69576,1298.2206
11264,3585.6594
29811,1583.3922
6059,2970.938
72841,7557.745
46210,453.27472
97817,503.86053
60479,2274.0974
72773,683.556
7317,7386.742
67586,1183.8711
21684,1771.9692
61534,6136.839
22398,1001.37274
77558,4026.736
18281,1544.3064
77022,799.90607
90656,581.95233
91733,11187.896
46864,2352.421
87149,526.4581
84794,645.0719
60791,3312.9783
7854,3067.479
74396,1060.5702
75514,365.24753
5643,973.45776
88806,713.70337
70952,3460.6733
68736,2302.0645
35209,1594.0371
36964,989.3402
69075,2004.9413
95197,4717.708
31780,1664.2366
95684,2128.4998
7310,1306.5544
81147,525.8092
18139,604.98047
95071,3810.8481
86178,4789.988
31820,7779.759
73631,14398.971
75542,2352.787
48677,1452.8433
66315,3098.321
87770,2085.7012
88257,2070.323
31131,1356.6455
81140,4682.778
23256,7652.1245
73504,2381.32
41213,847.3514
29317,2871.6418
49360,848.5535
92924,344.39023
99144,639.3782
19514,1589.6144
36391,3956.4292
31134,2450.0957
1909,2113.508
54643,2403.0273
27778,2726.8818
81592,693.87976
89687,1099.3118
13322,1345.5316
94436,10189.733
29815,1427.2958
41292,9912.575
7922,665.79266
64920,13464.84
89803,1255.2362
34667,4848.3174
34139,3422.2278
27684,932.49255
86683,594.47015
41253,3917.042
94689,6225.595
1877,2132.8916
61892,868.78613
77296,4041.2412
55322,2150.3828
47705,1036.6609
1281,375.80453
61956,1755.7521
85387,900.75586
58276,3350.045
95405,1800.7554
65734,898.8765
78448,7563.206
54176,1299.6957
44745,3405.6804
52327,1690.8984
22544,4513.3203
17727,1215.3153
52529,5129.2866
30650,1390.8934
79494,1531.0146
58591,2689.254
34370,1683.2942
29230,3437.3035
11763,234.43837
6670,1034.4316
84156,1541.6831
17664,563.6116
24860,1347.9878
11174,1258.2906
88065,683.65826
30281,4969.761
47577,28707.924
23127,1158.7971
61104,3159.1301
39299,1317.5793
92127,1976.029
24765,1547.4082
80730,8434.124
81245,645.5756
6190,10474.589
26482,1800.1989
4436,1822.4136
27118,5544.746
30868,1031.7767
70019,4906.3394
78894,1226.1191
59964,8762.489
47444,3880.3396
80756,2742.1353
60860,4047.9143
10562,15000.884
18022,4371.4424
45369,2524.8538
90219,323.28894
11166,2400.79
86187,1089.6606
1659,601.7776
2912,5272.603
19163,1515.1879
80930,1528.5059
77086,2793.9214
61709,564.28644
14081,406.08667
42792,1839.2782
76770,4012.4724
32930,1687.7798
39099,2881.8804
61633,1860.0293
26636,12215.636
22172,20772.773
81538,749.34186
11108,613.30554
87860,6155.17
74758,1041.5759
24099,1616.1436
75104,1128.6456
55883,1773.8053
94825,1281.1609
15854,899.351
53284,7382.4565
52054,3287.869
29976,1864.3512
39966,641.59644
37241,5010.1333
75277,1855.5859
53689,1126.3765
12417,1364.7688
72169,1452.8433
49191,3015.1707
23617,3537.504
58579,1548.6113
76202,2576.1575
91679,2111.8757
12467,1610.7961
75865,3044.6414
98016,4230.0015
82228,24602.693
7783,6463.007
81731,3011.301
96936,3348.2827
70851,3267.42
24003,5768.323
7161,1818.7146
84367,771.0889
21542,3818.604
73322,558.2716
84073,2172.0996
50326,832.9226
73377,2467.8396
60767,1775.7996
3881,8654.265
58656,3987.5935
94100,2632.6077
14645,3237.4888
47681,2636.612
18534,1211.6371
26603,1038.4573
65512,1426.6608
74500,2401.4507
43303,2978.8638
70138,628.957
33403,11158.529
76896,4292.044
5107,1414.7695
83525,2489.8743
8331,742.17035
9544,4361.0913
4311,1395.1215
51745,4912.782
53837,1840.1256
69252,527.31476
60620,1508.8766
55234,4610.432
97740,3133.3123
94328,1608.429
88004,6526.631
58568,24893.139
97049,504.43085
67772,1792.284
97345,909.1372
75271,1215.005
85595,4277.865
64523,10599.393
81236,766.3627
19416,5638.7427
19341,1500.7483
70983,2195.192
48768,1325.6152
21081,3023.6465
32103,331.6148
27737,1960.9426
43770,1091.3274
27238,5172.072
55227,2717.8074
1969,2072.5725
72798,1284.8517
79451,817.5585
3421,2425.1274
45965,1966.9116
92262,1856.0372
48779,5710.9536
14591,383.42123
15676,2707.8296
66862,551.60535
10365,2763.0847
25172,2049.339
75331,4668.4473
54665,11780.362
66746,2614.8696
62683,3100.4329
50096,927.4952
45414,3394.0059
61893,1132.124
18501,940.2979
62915,3965.1057
70777,2701.4824
44504,2656.4866
36584,2555.3125
13393,1041.5759
25623,3392.2993
8821,1020.4768
30286,2210.1294
80787,1029.7058
12189,349.5071
55679,2704.329
10849,2074.9385
1840,9774.104
1778,1484.6678
21725,2704.954
78028,3055.1897
58674,1864.3512
60148,1765.2351
8988,1803.874
67420,2538.2422
11757,2430.279
22368,1301.6553
54674,1154.6437
76983,746.712
59013,1512.0692
1978,5590.3535
22371,2474.8884
71877,623.8158
21398,2362.7224
46948,8034.278
63387,126.83636
64869,5827.406
1326,886.68365
35096,1944.7891
8375,1111.8771
4271,3144.526
33654,2973.754
13881,603.19885
3990,741.04193
73234,2826.8281
23640,2499.595
75085,3581.7534
47064,2150.3828
46292,5325.9883
78794,1765.2351
41068,1461.7399
15388,825.3015
21424,2804.8794
83714,2303.0005
8068,1128.9664
1514,1353.6732
83089,489.44925
83593,1499.7301
42688,1302.4901
71317,2128.1902
97809,4781.264
86344,1820.9095
92268,1477.0841
53528,2636.2908
63164,2914.3481
72434,3512.9377
35443,15761.583
13727,3531.6128
69304,4918.1064
2157,2296.681
74572,2010.0668
63896,3752.7148
41861,2296.217
25214,4828.119
91930,1394.2139
35945,6833.7305
3591,1263.987
8484,2077.4758
90893,3378.8618
16752,932.92456
47280,2442.5266
23574,825.813
53932,2898.147
79073,1904.9243
26031,1289.5608
36828,631.5059
6382,8182.1187
73602,1984.6582
10093,1743.5266
78427,781.26855
3716,665.79266
89830,404.82217
58540,5771.6465
24767,1557.4335
46764,788.038
45341,3003.3428
46288,4049.9983
92958,5707.0474
73686,2016.1687
93130,3133.607
28432,565.98157
15657,10276.547
17359,2307.8909
95088,1990.2439
7579,1514.7493
97475,586.8408
3755,505.5692
79913,452.92474
11007,5287.371
84999,3899.375
93532,892.1066
49921,1704.8019
34401,2632.0378
45435,904.1213
40702,1271.8015
64774,4285.2896
31545,3636.8108
86818,2681.7214
35640,12178.453
66966,727.2507
77826,5708.9985
45869,343.7114
24538,925.43365
35593,2813.3987
69603,2907.4197
20639,1242.2316
25628,2411.4048
78222,3964.5654
76369,2589.4873
48001,17499.992
65245,2078.225
36869,802.93225
37708,571.86426
76861,948.4403
72053,6403.512
21152,5656.256
21918,6171.031
30802,2337.533
49992,1101.541
36007,1558.4043
30741,985.05457
88896,1282.5804
75158,2768.5325
38730,10817.125
33796,364.14807
35685,475.38998
54618,3336.2437
32050,735.58496
83352,2753.8303
1436,317.2126
43664,1209.1284
83498,3503.3398
93669,3413.4626
16215,565.98157
44512,2126.3882
68633,3918.1826
37887,2796.9707
5657,820.30115
38804,1529.9757
86474,7394.9775
75384,10150.351
35778,978.1055
48252,9477.049
54130,1886.5009
9516,1340.0099
64126,4520.93
52296,1427.2958
88836,2788.65
55669,6857.66
10021,2023.2277
86094,1740.408
37950,495.73657
83360,3633.0107
43211,693.7196
88416,10397.191
42314,801.6799
45567,1011.5697
38983,2290.1484
40786,5251.487
3379,6482.4487
95413,1146.8751
7086,3074.8667
37947,4785.908
22182,2907.4197
54759,3861.4656
13523,4900.7764
49882,1289.5608
71399,3940.4548
7782,1011.5697
98703,1008.8747
3309,13224.438
21206,5612.052
15619,4012.362
31902,10059.823
94725,2094.9844
69049,1064.0148
55847,3779.4531
86394,3554.553
80272,11043.069
23100,3617.1333
82026,320.1721
19238,1210.7214
29586,3500.0574
72253,531.72437
14578,4077.2224
99733,1454.0048
50135,2337.533
23362,209.76607
87896,741.04193
65086,2303.4485
56530,642.7102
37781,1283.4706
11679,2290.1484
94468,1920.0923
47263,2023.0128
21191,2031.2532
84254,2583.4094
97770,2217.6091
54875,5990.6504
42514,3377.7021
37089,5607.57
89984,1150.6658
5171,5157.1626
10454,2743.3054
49370,613.30994
48027,766.3627
31804,3319.1912
17897,1335.5214
32188,932.49255
11384,3217.694
70904,5993.614
29618,6551.4346
92154,5472.8677
26958,1641.3093
91144,14885.887
65095,3439.8472
32812,6167.863
25382,3678.7092
54773,430.42468
8219,2888.891
5372,1303.0328
27429,799.90607
65659,4148.288
95297,4002.7678
11120,3786.4297
94809,6190.5063
51310,4387.601
36419,4116.9146
33880,2373.8438
95820,4578.4014
66505,1370.8121
34565,2018.7246
62396,14267.55
2678,8797.702
50898,1141.5148
63441,452.34518
31623,1877.2749
90350,2433.7036
72281,828.122
76874,1067.9985
677,8730.451
45172,2341.1404
26680,2473.8765
47389,3905.2415
77247,800.6849
66328,4755.4297
34637,2204.216
36953,3254.2803
73346,850.7037
71060,8042.8076
9408,506.35443
62749,2687.5134
92131,4529.9536
60589,3849.1777
81137,3315.327
6305,3245.4932
98167,3562.6035
69368,2900.215
52948,2989.1816
26384,1380.1115
62813,2085.791
66518,1512.956
17550,1108.7584
71203,391.5683
59859,3527.8423
61657,6063.6313
6240,4414.061
58239,4297.7485
44498,882.19727
59585,4295.614
50590,5356.114
596,1877.2749
17821,800.6849
12837,3167.8198
90076,93.67101
55328,3572.7944
97150,451.96
54044,1339.7017
60195,2128.3281
43489,6889.0195
40808,5928.1914
33222,3438.422
19928,590.06433
9555,1212.7366
40118,6140.186
2265,1049.1017
67338,4875.5566
28779,790.9897
14526,1064.0148
24683,2191.0127
58062,2379.6255
81124,459.09595
97211,2438.9016
28561,530.68286
14669,2209.7383
44731,3109.2766
96207,1054.3422
92503,1048.6586
11885,6603.568
90948,2248.3252
11812,2281.584
27651,1353.6732
21821,747.2639
79348,1613.6567
84602,1844.9724
23388,696.58136
79168,1803.874
52051,2077.4753
32834,3550.5452
81365,3380.1443
78128,9498.625
39623,1010.2383
98382,8703.715
1595,6234.4023
44184,1353.6732
67146,4789.8145
12385,4572.161
10655,966.1969
97044,2176.5469
2553,3447.2656
53458,2197.4812
44105,2729.9307
27011,8628.294
23778,5713.403
64791,1554.663
44598,1744.4685
69541,2201.3806
49564,5607.1787
84648,340.31375
32528,3051.26
57860,4510.662
30493,10404.54
72888,5382.8076
84913,1450.8861
11283,602.17017
22263,2976.1248
65440,886.68365
97538,1800.7554
25571,4111.1475
41331,4414.7246
70395,5764.0205
52485,1855.9994
14684,5533.6543
49460,1760.681
15043,5025.998
84849,1254.6556
22428,878.513
45675,2464.5125
19705,1909.6804
7606,2722.7976
78637,1379.2683
2992,1862.64
23158,1490.6084
63933,954.8786
93574,2694.6338
36295,4549.105
73493,1459.837
23272,868.82404
61476,1506.3539
473,1041.5759
93675,4861.868
59273,4685.1724
57606,2684.6418
69002,4257.3726
60583,2031.2532
25205,9416.251
74381,2601.0898
7312,1189.054
66287,1237.0276
15064,2528.7764
71789,1215.8048
77664,2905.9795
95074,451.26718
39065,2819.8179
50807,33637.324
51213,13493.294
93826,1165.4956
29704,1588.2476
50556,1581.3582
41046,9162.445
51274,15827.702
9971,2392.6033
85298,3374.572
9972,3309.313
90858,3309.313
70975,2555.924
40390,1589.7596
43536,790.3517
68645,2212.3242
17107,1342.8203
67525,924.21533
12303,1870.2313
23656,2627.8374
62971,524.4767
66286,1791.8796
38097,2820.254
27362,10020.321
68274,3573.4202
85753,791.6053
75036,1830.9644
38269,4518.2104
27066,2506.7146
1843,1020.3998
89990,899.9128
23727,328.35867
62133,3593.307
46652,4541.756
58171,4193.6294
51755,3183.4956
64416,2021.6648
70320,735.58496
99268,1432.7489
92134,1255.4336
34302,1171.1703
65400,4034.2312
89503,1258.2904
88459,903.5115
91062,1612.4431
73047,2462.9565
14925,1309.4318
32024,5032.6333
90966,1123.1362
90232,1894.9874
85010,1618.3402
26807,1042.2432
82521,1020.8892
2074,1739.9185
59965,519.2183
54239,1592.5675
87641,1712.0885
40126,1552.4349
59260,4041.913
12643,682.8712
12029,2337.533
10728,555.6222
71002,10996.717
70393,6294.3447
2162,1861.7314
14471,1885.6577
49083,3734.257
96986,1595.7576
51991,1861.7094
7256,13383.935
73858,2496.483
88557,11865.604
97789,1704.8019
71384,4215.1333
64048,6247.9077
59821,3011.301
13524,4546.9497
16433,1270.6521
50947,3369.1736
48648,2834.8445
91765,656.3685
16464,527.6479
29237,1809.877
27948,1830.9644
46719,967.32263
88194,1967.1744
26985,1682.1979
61527,1510.8673
70609,4700.631
76464,625.18115
86308,1948.585
41304,1052.2203
46627,5931.877
45552,2866.236
62592,1455.8048
16406,2949.8289
84889,7490.019
18025,759.0437
34524,4808.5796
73100,1395.1215
86894,1099.556
89453,688.3804
93369,1342.8203
68558,2538.2422
85890,2527.429
576,709.80444
91423,7157.266
33498,1761.2833
7973,764.04767
83664,1840.1769
61775,4378.052
21388,6413.659
70654,2622.7358
24632,2341.1404
38958,7103.8813
82962,1658.797
32847,1454.2567
33064,2945.7288
40964,455.36288
6827,725.57587
91313,6229.103
11442,669.5141
96051,1415.967
87202,3032.0447
68210,1668.6041
11337,2030.3018
68249,5097.614
89120,1887.9609
90285,1211.8184
27556,2072.3516
62479,2722.0347
31613,2422.1045
88170,4613.973
52639,185.82755
79989,2086.7007
42800,2851.0562
62631,4732.9604
89254,4454.9897
61887,2900.22
60307,1512.0692
14869,2841.7922
14230,942.83234
173,8863.11
84792,2674.0554
23991,4205.773
86049,11142.727
66519,1177.6099
49639,4378.2046
95193,2305.6973
25514,1803.874
75600,2796.9707
23551,2241.8113
1582,4478.7935
25403,3617.7227
59158,1041.5759
35026,1150.1534
67578,593.65137
88719,2737.7522
9948,958.61566
30848,4752.7373
60759,5489.766
4508,1928.2262
76758,5646.525
77986,1909.7384
26604,1685.6444
64892,1020.0842
82324,716.5137
36337,606.83374
12590,5135.183
17308,11789.328
7163,826.1047
9218,1931.8954
56789,3768.8938
61765,1377.7017
35432,11039.416
94860,803.6986
98951,4427.323
47861,1771.595
27005,7485.499
80587,1742.3468
62121,623.4485
12756,2280.2822
10892,3412.9824
43991,11005.053
51335,903.8705
28321,1685.3632
28895,1327.2751
75480,799.73474
19955,1307.5691
460,4111.1475
30060,2430.1487
86183,2877.9983
47323,2629.477
72469,1474.4081
72447,2552.2026
72303,2894.6323
4215,851.4149
96327,4221.6436
59674,1200.1744
62126,4041.2412
84747,1191.6923
71118,2269.6936
87518,2177.8145
19019,1410.8805
94764,3646.96
16798,2710.624
1768,7088.4956
55126,698.0153
36984,7357.378
64144,2358.3423
78079,3614.813
67739,1427.1298
38299,1831.6481
10326,741.04193
14457,2001.7103
30913,2011.9382
76831,4134.5093
33722,4258.785
23260,7546.4023
36408,1062.3295
58755,1153.5455
36037,7151.2866
46255,8014.9907
59284,10345.993
25798,3932.3918
40016,1099.556
77389,4537.957
8500,1856.0372
78324,2578.324
63870,4257.6714
18108,2575.1946
69315,9767.35
72247,5573.98
88206,1602.5663
95198,979.8196
34018,957.28314
84688,1085.5226
68921,781.272
38911,1427.1298
87308,1396.8365
25666,4039.2183
9220,8118.5234
80725,2629.477
1438,2412.0117
29838,2125.8674
51338,1907.4044
48719,12333.86
3974,545.0173
8886,1514.7493
96235,7645.722
28855,1070.2125
67204,1481.2562
7787,1454.0048
92113,1180.1843
71472,1662.0924
11832,3841.3699
61855,499.0298
26063,1728.8474
29021,4982.832
7276,8781.905
57453,4553.549
71529,8047.7734
22836,1712.159
97233,9224.873
74375,1913.5497
63362,1395.4069
78308,2264.8877
64593,3651.251
87112,5171.839
63745,1876.0096
63554,4604.045
70888,2130.0212
40766,1036.7351
62956,2091.639
81787,781.272
81070,3651.1614
35978,715.0671
40747,1020.57367
60571,5282.1304
13558,3573.4202
3529,1372.9299
16386,1314.1396
14823,6646.5654
14504,2534.5134
8489,659.1497
83241,1580.91
18099,1886.9026
59599,622.4262
4845,676.58057
11162,938.2323
92273,3779.4531
26917,3302.7324
92068,2138.8323
7849,1968.6741
86206,5065.764
24591,2279.782
92434,5122.986
60410,3693.876
40156,1325.4274
77740,9026.832
78023,4958.2383
1149,1326.4321
48047,1041.3779
68445,4081.5664
26975,2478.266
33817,1246.3463
24581,3484.227
82242,1570.8947
32061,1326.1178
50361,2077.4758
82674,2825.1956
6691,1119.5767
34404,1201.5712
81157,2405.62
38326,3472.5637
62737,1186.2167
72914,1302.9858
83881,2923.3489
41984,1989.1825
42211,1410.5477
1650,3003.1914
51869,1396.6893
15429,3894.1782
32814,5208.0474
77772,2087.3088
37131,5180.998
53289,1513.7737
84809,4933.294
62681,6247.9077
54434,1773.5294
13277,962.403
98601,2483.3745
16280,2391.825
75797,8685.681
57895,5171.839
38473,5879.334
77600,2201.511
53773,1250.5632
12365,2132.8916
14927,2559.1907
44060,670.2861
62979,9810.793
89275,1361.8632
61123,559.12823
18357,1704.9432
32840,2016.1553
90430,726.5109
60877,1353.6732
50674,2164.9646
60418,807.1323
95540,2370.1384
61192,3010.313
91302,2539.6475
43487,764.04767
73609,1132.0674
22421,673.02313
14370,1557.339
10840,3719.84
30530,1370.5907
48887,1034.0145
11118,2169.8289
17510,1062.8405
82194,3114.379
86715,6727.175
48515,2977.9922
23163,4638.827
77316,3498.4048
54611,5411.5483
47955,4312.318
74723,2640.0417
6874,925.10333
13846,698.5953
91716,1073.6991
19461,1211.6371
77182,2282.1875
24796,4570.336
24209,2172.0996
84496,1758.9529
32217,1062.8405
62017,879.04236
21932,3309.7954
25250,7812.2163
38398,11213.8
91294,13967.185
62236,7528.5347
75003,2003.6992
52466,4667.4614
81642,2614.8696
27200,2662.077
42106,5455.444
80873,8585.802
33495,3270.7598
75132,3504.0173
5403,2981.295
20271,836.501
5240,3739.2166
17709,1379.9104
50349,1554.3148
3345,445.23123
94109,409.47098
38747,2263.589
63901,2805.2878
75922,1199.2605
72462,3057.1865
6573,1977.0228
79814,794.6246
7938,1306.3911
43276,1350.4272
91128,1605.3103
55698,4371.877
99716,4295.046
54112,2312.376
10150,2860.1902
36712,409.73154
60331,12427.271
10978,683.1688
42115,5228.248
3866,846.5362
59064,8142.1357
15714,1959.3925
52364,3914.8142
63859,2174.852
4736,5949.039
53219,713.89655
16309,1166.3387
32599,3474.8396
74720,4343.98
75072,2057.8044
22893,1057.0836
83109,1787.4274
12248,681.02203
13965,673.7774
51654,2510.0164
71428,1541.1877
98640,2016.7441
86024,782.4428
24800,1616.8585
28442,4036.2979
49747,4695.433
37610,21313.883
78544,2183.0269
71127,1339.7017
55849,2620.664
33670,737.1548
50486,4842.9556
79086,6638.4937
79564,1829.9493
72323,18295.13
6822,1168.8074
88385,1101.5096
56268,1168.8109
49279,2146.7424
1470,3016.16
78857,2308.6455
73331,2176.6265
93210,968.51666
93918,6863.059
15539,1810.4807
71915,3194.1482
77355,1263.987
17934,1839.2782
86377,5928.186
28642,1207.3488
26328,3328.47
74392,2443.641
52352,2718.1565
915,2534.5134
302,2392.473
28275,10607.038
30342,2011.9382
59862,3233.282
18343,3397.575
71049,1595.3584
77113,5041.778
93222,850.5224
14336,6015.155
73760,2620.664
20477,5225.044
16517,3880.3396
92985,4071.8018
29808,474.34256
96785,2055.4844
92642,6449.3955
37882,706.1276
81159,2283.4011
94165,2987.4675
39124,1976.029
78521,3764.8682
93009,1786.7351
52,3326.1924
50414,1263.0641
81351,1593.6167
47927,1048.6586
69823,936.31116
90622,4883.552
317,1737.7823
6971,759.97736
63276,1419.5674
64194,1877.2749
99427,848.5535
49045,3309.313
40767,1838.1868
20689,1925.4952
4028,772.51196
74503,2478.266
65633,5917.733
44267,369.324
70802,1916.3011
47375,2499.6897
38536,2204.2964
34211,2176.654
94183,929.21405
72448,989.5919
74844,9256.869
95263,967.20593
80285,2201.648
90985,1380.0865
88033,4294.562
567,899.89954
48824,855.6017
88179,2089.1108
94572,548.6043
42859,2078.225
62552,1397.3325
64896,1250.5632
4693,2777.9277
65183,13419.629
90846,1306.9414
67582,4793.343
37282,4370.0107
21845,2116.8457
9650,6116.017
81665,1029.467
41072,4334.9116
88101,773.34644
90372,1099.027
61487,1040.699
60242,3635.312
87189,3932.332
96313,1389.2399
4017,2276.2666
91014,1422.115
20164,2532.8967
86909,2374.3442
11876,258.738
61329,5178.266
5072,3813.181
57798,8472.388
89322,1583.3109
54501,3071.024
97513,10357.498
41634,1657.7472
38837,6399.443
78801,1778.8085
11203,2188.4482
5318,4111.1475
7164,1032.8721
24147,1477.0231
39468,505.5692
70309,473.65497
2480,1924.9008
9322,9242.923
23405,607.7927
97376,759.0437
74508,6764.8794
99576,1020.4549
29585,5700.358
72083,5148.177
44225,3019.4514
35188,1544.7642
68970,790.3517
24572,1710.4393
31210,2069.2327
17623,1226.9159
16672,1908.7362
78140,1450.8861
96446,1180.754
66474,839.8854
21028,3149.3733
8676,2094.2056
553,1057.2012
44675,2477.5632
70380,3305.3376
63983,7443.863
16568,2757.6033
74491,1552.6178
1168,2885.7908
76377,4179.6807
34473,1952.4751
64582,2006.2538
37988,1623.3861
19575,249.29726
38418,617.382
39661,1102.3032
54866,1024.9246
45170,720.40796
53448,1655.3158
70270,5074.3076
74274,980.4713
89717,1850.7655
76768,3440.4607
94,328.35867
35822,1891.0317
19899,2059.2727
11190,1683.6025
91971,1331.423
19912,642.8894
63200,2174.6353
16375,2949.2163
52238,2174.6213
9536,807.3823
40707,1563.8715
74220,2976.1248
86481,6065.8574
46592,4025.915
73904,1707.3207
2953,1091.8564
68894,1492.3823
72399,5895.986
6378,192.15291
60636,3457.6843
89001,2040.7273
43882,3203.3926
13497,1427.1298
64497,2876.0632
7448,4027.3115
16057,4693.5654
37460,666.20953
37345,3064.9666
49726,2687.913
49819,1223.3153
79825,2433.3533
31789,7880.162
63074,1204.2821
76975,1141.0989
81855,851.9989
11682,2162.5872
89919,3197.4055
86092,4142.4507
41045,1907.4044
69217,1424.5784
70885,1410.5477
55135,4977.1265
70326,3918.2117
64063,730.81165
92,3188.763
68592,2976.6973
9451,2172.0996
39888,976.7008
29561,3224.79
94851,1981.8282
92468,7378.087
59910,595.9733
57660,1792.6633
47589,3203.1323
52942,798.7318
52539,2954.2073
34881,3533.6736
32994,5448.802
34219,1427.1298
98646,7380.033
77810,1683.519
44150,2624.2498
90459,2293.9607
28824,6473.1143
41159,3314.2407
94082,1947.7899
33012,17236.396
44518,639.0399
31187,962.403
66490,445.23123
28404,9289.553
64181,1407.3363
98626,2572.205
61901,1345.2213
68625,5467.35
34701,1002.8573
94754,564.8073
43228,2771.2327
94258,2878.9631
96863,349.2895
74334,3315.5056
15364,2433.357
37680,4121.2476
4597,1329.9602
33385,652.7423
11090,2627.675
68822,1548.3715
37067,2964.5945
76236,1112.0525
41095,2035.4836
857,3533.9622
89692,1034.2009
14529,505.5692
35407,1442.8461
7743,1762.6526
17904,558.1295
27594,3581.7202
33434,656.3685
60782,3671.0874
41952,1691.0575
50967,743.94055
17009,807.85114
22357,1240.917
35367,257.06647
90868,5126.7095
92980,1595.7576
75263,1303.8367
29850,2570.9033
19894,1307.0702
80857,2797.3171
80680,1169.591
62604,700.49225
22532,3223.737
12701,379.72055
22925,2568.4197
14397,2179.7454
20722,428.06308
49587,6932.8784
99781,3535.5647
72734,1551.9556
28758,545.3451
31189,11440.843
52915,1938.4727
89901,641.98425
63332,14695.355
96820,2588.6045
87485,1390.6702
30228,317.2126
22812,4874.058
28084,1397.3325
8681,1807.3849
20145,558.1295
13941,1258.2904
32530,4472.0654
88204,2330.7632
32907,1318.9031
80805,1237.9053
17706,19627.795
47605,3128.014
85498,3434.6592
78392,3602.1907
30973,1514.7493
63928,1707.9205
10177,14321.559
99050,988.6628
80916,1865.4824
33256,3123.345
97440,2620.664
55306,1490.6084
64824,2925.6572
35346,4728.047
36290,1740.408
99962,692.63007
57605,1684.8353
46114,2644.536
27882,2763.0847
7702,3223.7827
2773,4601.6084
41187,375.80453
95301,7322.023
78413,5051.4146
64794,683.556
85450,1611.8057
53645,2898.2412
82315,2105.7305
69711,2018.7246
97727,4958.2383
69320,1189.054
1290,779.19653
23382,345.70248
47999,624.49634
65618,1501.2172
64834,988.6628
58556,3948.5024
94601,3556.355
28246,2851.7222
26334,450.42404
21912,4227.129
37290,3278.4114
44081,568.2772
88842,2179.7454
71272,6180.8247
84191,1645.6915
36236,2831.5432
45037,4735.4746
76077,2209.5813
82090,2172.0996
97633,4716.9624
98447,2069.0784
86838,5988.267
46797,1863.6263
34234,1153.9648
64677,438.94144
54381,725.00586
52593,3073.6282
20767,3048.5925
70959,4988.507
31732,847.8687
23137,15798.811
6216,2698.5195
95005,926.0981
8108,4326.7705
26730,899.351
88466,4412.304
35616,2556.6633
56989,7143.9355
53710,891.69135
51194,943.97314
1067,4962.4507
21705,4129.5376
34185,2299.6418
37856,712.826
7414,1297.6035
59960,3244.4546
584,3778.742
98331,807.13184
32707,1658.6547
86654,799.90607
63731,5427.37
65346,3056.7893
78622,2195.7566
6958,2720.1106
21287,1632.4264
87853,2617.954
13833,799.90607
42184,1962.7968
67139,2450.6711
99494,7772.1885
61676,2321.5413
37050,3475.656
87786,2121.0544
32387,2558.597
62058,2006.6652
77331,2430.5625
38883,3240.981
92765,1327.3685
52615,2572.0908
59806,2505.2673
11987,2217.183
26229,7028.213
62213,6877.6587
31497,2485.6855
13646,1816.9263
25928,2505.2673
19314,417.1531
75645,1772.6809
30396,4389.3257
24445,6629.979
33430,700.49225
42801,3397.7693
44548,854.10284
38633,1454.2891
31026,2044.7383
42818,1762.1664
37398,8017.7715
3499,5105.661
6673,5556.5806
19800,682.643
86655,4776.503
91661,1066.0233
25334,4993.8154
92028,683.8709
28815,5063.5117
67182,350.86856
80248,3490.9333
88548,8176.1636
43675,6015.155
94826,1201.5712
11062,1827.4636
44776,3195.437
87356,1192.1959
94321,1517.199
47349,506.91544
1651,3437.606
47664,1925.2904
81098,2111.8486
85241,10369.426
95812,1527.2583
17568,897.45044
33267,2913.2969
6698,5651.597
10681,376.94287
82042,1829.1554
32866,1512.956
57287,1746.5725
49293,1848.8441
68704,1396.7363
85060,1132.1013
8496,2271.2263
34531,1743.5266
87313,1587.9972
64849,1078.0859
57946,1767.0027
30248,1715.9467
25981,5262.4546
53414,3370.8364
19627,868.78613
18978,1834.2217
44627,2287.3545
1420,2299.518
29668,789.6669
74732,2003.6992
99543,1019.7524
69759,524.15784
67215,1248.6155
60005,4558.476
70338,758.3589
66150,1168.8109
88621,1041.5759
56100,1283.4706
20154,182.86804
38284,1128.5493
96343,1818.7146
54538,599.8012
36908,6638.4937
16128,4989.909
14079,545.0173
75122,12071.023
5952,2179.7454
44946,674.4622
45945,1124.913
59882,5085.088
50725,1595.7576
95258,6930.8237
33910,1003.0386
13309,2561.977
25112,2748.189
65874,3295.8022
47302,1925.359
14573,1916.6683
84528,3154.2917
7033,1044.3197
41090,4321.7856
18684,2629.4485
54754,1263.987
4320,417.842
82985,1871.9767
71774,8705.195
34471,1311.6655
601,931.0431
47227,2006.2538
15097,1270.8951
92695,3702.4475
41035,559.7713
65430,1030.4669
38965,1683.2942
95816,448.56235
58634,6215.814
11181,704.6417
96500,437.4536
79667,1160.7919
68175,2077.4758
30894,1533.4688
83957,1394.2139
58174,825.813
99046,570.9593
92178,2172.0996
88673,974.6897
56017,1253.6819
35985,1818.8353
67760,2918.1736
90384,1542.9244
41240,1001.3572
94019,1729.8563
62267,1589.6144
17980,18201.707
15171,1011.5697
29901,3736.637
45753,558.2716
87878,1487.4897
74672,2496.483
41002,10339.546
5595,2844.2017
95477,5030.7256
37543,1183.4978
85045,1101.8942
56844,1100.8248
46156,1751.6172
25663,14292.469
1665,1270.6521
20363,1517.199
62095,1270.1233
86848,1592.6389
90352,5689.893
79394,432.14005
88533,4356.1025
75702,1836.1595
92828,740.4138
81270,3296.7458
75526,4782.9194
12131,4927.451
77315,2004.3948
70171,2792.714
78947,1818.9851
38090,2157.4216
81115,1188.3694
35630,1115.4321
91770,675.5052
34747,2320.1572
21572,5014.2646
9576,1547.1124
42542,2497.678
47384,2506.6123
13053,1020.8892
56455,5483.2896
34407,6545.457
28279,5449.094
36110,5692.012
69474,7468.2905
58049,1584.9733
88314,1321.9154
64832,2571.8418
99909,621.5883
12392,2074.5232
80586,1518.9786
8326,9761.021
30510,4211.5317
91282,438.97675
1357,4285.0356
9862,257.71533
82161,2116.8457
84278,7112.108
88475,1540.6982
13398,2191.9949
39863,2341.1404
59934,1651.8146
10527,630.945
81554,3791.9163
90840,3713.9844
61845,376.94287
12130,377.86053
58972,1146.7318
83602,1157.6732
74587,2579.4202
23775,406.08667
37009,1363.0634
7133,2176.654
91122,4223.2007
67150,4645.6616
26757,1843.5311
80541,7418.986
46996,2126.199
76146,3626.2903
27191,1464.3777
7528,1411.4242
79120,6008.75
29192,3245.4885
15272,6621.556
49756,3229.9358
90999,5907.449
25621,1062.3295
77150,1319.576
2607,1006.76575
58197,5014.038
74936,2283.4011
90273,1270.4647
35735,2772.6914
65985,2851.5369
95219,466.70724
73203,1144.0248
20335,3069.8882
84180,899.8057
12558,4232.3794
89713,2621.77
38620,4115.536
57912,182.86804
92602,1300.938
9526,1008.9378
2664,1389.2399
80851,2772.7817
82027,3870.607
55733,4447.4746
21440,2701.0688
9884,687.26855
43273,974.6919
1327,568.2772
36220,2040.5375
1664,1511.4104
74987,8151.014
86307,1923.7128
38098,1130.6874
9138,2633.6943
11731,1670.1022
97714,1158.7971
7788,1671.0538
29771,3966.0261
66375,3738.012
8763,657.64185
30690,753.28186
67064,746.40326
2006,1027.3961
73595,1644.483
28902,2441.8076
80540,3858.772
74357,12296.339
1392,2495.1672
13704,977.4093
94507,6115.0557
91565,938.56256
89326,2597.1594
84018,1091.3274
88134,1190.0538
93982,10050.209
29643,3995.5361
80856,1149.594
30873,565.98157
99336,4899.5786
84771,3289.6885
88817,1762.6526
17995,4841.1206
51217,678.3732
40548,4338.27
23630,13436.346
55742,6221.718
93879,1104.5537
97149,4152.494
55358,3266.302
69353,1136.8066
39250,761.342
22756,1477.0231
16810,747.21216
39866,4440.2734
96020,1470.522
39481,780.977
39944,677.0996
25089,5088.614
60585,1965.213
9510,1551.9556
72158,3952.5015
63113,2478.266
52472,1969.673
10541,2433.3533
42113,1310.3329
37129,1532.6256
76140,1605.5856
23814,1901.195
4555,510.8174
11618,2550.011
60487,3938.7266
66493,3037.2302
47014,1126.3765
40077,3342.734
60377,794.23145
90367,2387.9011
73339,2007.1108
60658,2119.9312
79551,1075.6747
55814,1165.2028
40658,3689.9375
63323,1882.3229
5979,2087.7085
76238,1581.1857
8011,3688.9504
67382,1331.3124
75143,4307.891
5746,5132.812
58831,631.8649
57656,3492.5442
44336,1349.3413
56338,1834.9729
5076,3331.2075
88992,2195.7566
33383,1666.5262
17264,3074.7834
10156,8014.9907
66204,9085.725
49957,1778.8508
80423,2419.831
3667,1543.8998
35233,5753.2515
18408,1148.1271
61605,2704.954
98262,4071.8018
96227,2842.5776
48969,2688.0889
31725,365.24753
53969,759.0437
11304,1316.9005
11977,1680.213
30190,4844.37
98761,3405.344
37056,1084.8378
32436,5435.5566
52739,1840.0287
38886,2341.0479
93156,7246.088
48146,2023.1832
80067,1557.36
49440,682.1981
90947,1582.6261
76149,3608.2507
91564,1749.0131
10489,1389.0647
16961,4443.822
59043,555.894
76422,990.2011
1861,13394.692
22742,2515.476
2134,2465.0898
40923,859.0295
62353,4419.785
43029,2085.044
79731,1077.3193
54505,2886.281
39231,630.8211
29730,2047.782
73285,898.8765
10221,5028.727
69625,1699.9695
73102,1215.8961
31289,2447.5715
62864,1851.4575
83747,2070.323
46005,15341.888
51383,1284.1315
31917,1380.1885
85779,11645.839
69984,1925.3909
69795,2085.6487
25335,8775.514
29907,2015.9213
13271,2891.7637
32238,579.7836
63946,2253.4353
55926,4933.294
57809,840.5661
83572,2617.954
67307,5425.3804
50356,2291.1128
34001,4329.47
45919,4081.1284
48789,1203.3755
22468,1153.9648
31014,5463.05
16713,1764.3971
68809,1037.318
16094,2975.5127
9340,2077.209
76708,13252.595
3893,195.93129
87322,3036.3599
37770,7545.4834
14904,1125.3032
53925,1668.6041
40321,639.2417
15440,1246.0327
30090,1670.781
37946,4901.663
16953,2494.538
79378,2233.7014
4004,1160.7919
11782,4346.111
27964,2018.5461
82697,2073.9604
41786,2104.3071
93111,733.88367
44116,3309.313
64348,1850.2139
76674,1353.6732
72549,1080.4028
3666,1006.15735
70803,1134.9232
24478,6255.429
16227,974.94104
21426,4564.7144
45824,3675.8057
41510,4145.0605
73275,2272.5107
96781,3134.9614
64182,2684.6418
61060,427.4826
9980,1669.4653
46741,1463.382
81073,4505.0327
3407,1465.964
11171,1399.1462
13609,7262.8857
17952,2430.279
27277,1877.2749
95595,2255.0425
47533,2420.614
269,629.6418
82401,4506.3867
19432,4008.3176
98565,4427.323
74633,6934.281
27434,1020.4768
8782,4930.3237
96057,4879.4204
15830,2415.9421
77073,6993.9365
34165,1903.4073
1705,2178.6829
49779,5487.268
56551,2820.254
10607,1829.1012
8952,1661.044
30389,2617.954
15532,1954.0381
54601,1448.6859
43742,2091.055
7193,3249.6206
84656,2172.0996
10447,1746.5725
20484,1178.9556
79636,4963.2646
44327,673.02313
7403,3689.3
97617,1452.8433
11624,1234.5576
87415,4570.336
16268,825.813
34222,2353.1985
69050,1658.8184
39389,4936.166
30981,4865.96
69485,4582.098
27236,8271.229
76678,4191.0537
60789,1075.8461
38502,6594.222
5530,3710.4512
84835,9796.227
62166,8275.533
39680,942.9347
11778,3014.8062
36597,682.1981
46802,1067.9019
40862,2796.8308
52388,1470.2744
30957,1452.7561
74597,1448.6859
40392,445.23123
96777,737.1548
19041,10942.374
60171,670.2861
46609,4810.919
26909,1911.1449
78565,2471.1409
56770,920.53796
19868,5329.944
74125,1111.8771
7453,2759.7988
13133,4615.9697
5747,1497.8354
98057,3445.0027
59694,1595.8306
63661,6244.4766
41769,1184.8613
72160,2412.0754
48736,2182.0872
74151,988.49713
27215,4035.1667
84148,5088.535
79749,2214.1172
16407,816.0304
83246,2912.7107
92041,1850.7655
40896,549.09375
69838,2881.079
59894,3895.124
92536,1326.7424
6600,1622.543
19232,1118.04
17923,3235.652
32717,6152.614
36178,3286.6562
97356,3377.7668
97696,2867.0496
89817,1804.2129
89732,6919.512
33913,2494.6213
84992,1945.9603
58587,28510.092
14554,5821.673
73692,1023.1001
85559,7937.616
23693,3738.1138
64631,1065.9878
3152,10404.54
8069,1049.1031
65429,3075.0964
73085,629.4885
28829,3002.2517
27131,5866.708
8001,3367.71
42678,2033.6816
81478,1441.578
89742,2325.291
15358,2041.7662
19038,2646.7478
32761,2614.813
45281,9799.5205
21284,2039.7738
5941,3502.7644
17381,9505.926
54666,2431.3472
80988,1061.6448
34039,746.40326
69241,1855.3584
88960,2687.913
23916,562.08777
71793,1003.7208
71074,1310.1888
70976,2664.721
14532,2306.887
97871,5141.4946
5020,2341.8787
4769,3251.879
39429,824.6167
85004,2881.079
26225,1743.5266
20372,1317.4813
83078,2005.651
76954,1183.063
68842,1877.2749
36404,699.76953
78567,2294.6216
91371,4098.488
87989,5809.0293
30152,675.4472
88391,826.4393
39712,3094.548
84713,700.00824
84078,1930.538
72778,4025.267
25740,2328.674
63845,3246.1199
70927,963.0799
49242,2217.183
54658,8511.203
55407,4828.644
97888,1871.0415
21988,2686.8174
2288,886.5907
10066,1815.3989
13147,4060.908
13740,1788.7329
67970,5608.496
83489,1214.6377
60582,3345.6375
92226,1635.545
50248,2146.6292
53359,1448.6859
41758,2208.6418
69738,3194.1482
77751,10149.583
2016,3568.2065
86714,982.86255
93485,1055.4485
72626,1611.8057
14129,1120.2495
48843,879.7272
70854,1064.6552
32308,4200.7485
37109,701.20807
85827,5267.372
21942,1528.5059
16906,331.94568
99004,989.5163
97630,15330.205
44799,3914.6416
75105,6480.6357
75371,1243.2277
8706,2611.5137
67762,341.46265
21447,5558.2256
74312,1114.7533
20607,2702.647
82475,1446.3132
28685,1970.5759
69878,3334.6946
55293,5255.393
48259,1360.0305
28789,672.5095
2599,1925.0391
5127,974.7298
23012,1217.3973
33011,2294.4895
40005,1286.1843
54668,976.8929
78850,1024.5417
52503,10822.118
67532,1836.1595
55243,2864.2761
2573,1485.9486
27867,6662.4717
54486,3954.1814
81403,991.37537
1455,5912.661
34661,2950.6367
55060,483.67172
54101,5407.2393
96526,1254.6171
7144,10282.379
9905,1574.8558
95596,1994.1638
57564,2140.6343
60614,1572.3129
15430,4040.9846
70705,8224.084
37572,4133.7407
80559,3526.6548
88746,3865.3716
65773,1613.6278
53697,1032.3699
41279,1284.5718
24583,29693.861
95980,860.1536
24826,1336.233
74593,1839.2782
37944,2291.1128
52401,2610.6382
38929,6833.0776
84679,3345.1494
27115,780.4802
78380,17267.467
28570,3532.9775
18088,322.79947
82810,5368.0767
85328,4274.284
58041,1696.4073
29719,2279.4072
16004,1982.9025
29172,2433.3533
741,3747.464
47056,2816.5417
5541,2297.268
64213,3808.943
97412,826.94775
43236,1486.2262
77466,4126.445
56732,1719.1683
44483,1583.3109
76158,1223.2606
32732,2128.3533
63059,1084.6758
56450,2846.9692
6032,1786.788
26795,588.20105
17315,5630.685
23654,884.6796
26698,1876.2755
4349,682.32574
85448,4572.8115
19720,1989.1716
81657,3394.0059
17459,1424.0111
28234,1647.4989
56441,1823.8429
56865,1104.3767
69436,5715.199
30668,9497.503
98688,2072.8582
32668,3907.8594
5238,2080.7627
72116,563.6016
56451,2372.0225
22298,4895.9077
70420,2796.8308
98254,1597.1119
4168,1309.8843
13378,4148.633
76936,8209.015
30991,1477.0231
62699,4430.82
24790,1983.9324
15103,965.5218
27338,1335.5214
12698,7330.629
45627,4366.1045
87672,771.39954
73352,737.3292
61659,1710.4143
8466,1169.9469
7905,9498.625
92891,4099.6343
56038,185.17867
13003,4907.8125
86596,1253.6819
4433,2376.536
65795,1380.601
87515,902.2992
7258,1042.0625
9966,1415.3054
66569,4075.7173
682,1305.9972
8778,1165.2028
33863,1386.9323
70937,2904.7195
22680,9439.039
3804,838.9708
33275,2694.384
99281,6186.452
16935,4391.374
39233,998.1833
80369,6287.78
23343,1611.8057
83107,409.09988
67885,642.8894
44533,1204.3279
77746,2337.533
11275,968.51666
8257,1803.874
14189,1865.1127
34188,1101.541
99499,4820.278
41329,3757.3936
81720,2240.6172
73233,3866.1926
35955,2774.5837
70943,2599.1238
29610,3940.0916
84975,6813.6445
27610,2460.3918
93482,891.6818
16846,1306.9414
18743,1432.7489
32522,927.4952
66911,1152.7024
46178,1141.5148
1450,2836.8452
55710,2281.584
96688,5357.8594
18079,3243.0989
61477,624.98596
59829,1210.7214
83641,795.3311
69590,840.5661
19555,1916.6683
85276,1306.5807
65750,6438.0767
36323,2286.0808
96145,2346.46
97205,2593.457
35146,566.3516
10859,1946.5358
90177,1150.2788
2069,537.88965
24918,612.6251
60372,1580.91
22479,12799.284
85930,8408.559
91691,1237.0276
83196,2844.2917
84595,2015.6348
14236,2831.5432
29207,3975.0647
80986,794.6246
36645,946.68427
59673,2178.6748
71083,1038.9729
29296,2651.9973
21024,709.8067
15981,1148.1271
43285,1040.8796
41659,1686.1022
9033,955.56665
41935,2238.9583
27956,873.8077
88718,5524.74
27515,742.7244
69382,3813.181
93626,392.2172
46081,1180.3191
13731,2770.4934
22349,1510.5088
97206,5311.3086
11966,828.122
30236,9758.245
69196,1389.2399
13138,800.5778
43950,965.5218
89861,4219.425
94561,1531.2882
7260,1234.2444
81063,1981.8282
22573,727.2507
55130,1497.5297
27740,3815.191
18685,4182.8604
94061,4758.393
22569,14348.932
58995,979.8196
36790,1191.2028
87041,12744.821
85945,1937.2897
36797,1006.08105
81899,2416.869
81792,2288.958
34244,1974.4075
2192,1860.4119
42744,915.4244
30386,9056.664
23368,966.34033
86152,1818.9851
13851,2146.6292
61257,4047.9143
83916,3341.3184
36402,5526.827
51908,2170.5684
34625,1644.3589
25068,2485.392
39427,1828.002
6206,1062.3295
34939,3293.67
26542,2501.244
58713,3623.5706
64344,4491.4795
80548,599.8012
66557,2919.2883
33091,573.5615
81312,1298.0814
39456,714.38226
50225,3184.8433
23020,542.7482
71732,1508.8766
53291,1367.472
56138,3203.4338
33457,1712.0885
18903,1321.6488
54780,4281.7563
41702,10150.351
4441,1673.5753
90403,1856.3085
50179,1887.3376
24419,1052.2203
47804,416.5042
81639,3373.846
12496,2608.252
9232,2267.7456
99999,2164.9646
29690,1916.6683
94877,4167.001
31580,1286.4421
30671,508.28937
5317,1944.555
37615,7866.289
26501,2252.8853
31456,400.20288
60562,2392.188
98122,4471.4614
4211,1223.6226
60459,691.94525
68220,2894.1936
34694,3607.2197
62874,4615.9697
53977,1700.0532
39178,3319.4885
5363,518.5446
48855,1593.9938
33502,1345.322
5505,641.49915
86652,3206.584
95319,7021.0645
86202,638.6192
54619,796.45874
75556,1115.4321
30009,719.72314
34594,1830.9644
15857,1615.5768
87305,3565.4119
27455,1944.7891
88542,2057.8044
32053,525.8463
2698,1226.9159
8743,2603.3494
75857,386.04874
54467,5254.1484
43835,2021.6648
88396,1979.47
51719,6395.6333
24135,4895.366
20545,1206.0161
40132,6737.718
74957,5275.4937
83460,2392.932
97364,808.53595
72070,920.53796
88940,1764.462
98343,3018.0022
42403,7788.359
15004,1380.7955
15100,1622.543
32991,3465.2852
68584,5255.393
87329,985.544
59916,2660.1812
87233,9920.03
71023,653.0229
21940,613.27405
61604,3114.7864
48989,594.47015
43860,927.9865
69357,5272.7373
41341,257.06647
36070,754.2055
9961,734.135
22603,4230.0015
39286,23085.203
7371,2303.4485
70652,3688.9504
39017,399.55396
85865,1041.4158
91010,1421.5558
42987,1915.7678
83663,854.9515
45998,252.86311
4515,549.09375
18631,10742.89
14294,2019.962
32476,839.1262
41177,734.325
60225,1967.7174
45712,6962.4917
52142,5790.527
64611,3650.246
85984,1737.3792
74432,2873.7864
32486,1074.9673
79831,2392.188
43858,26717.385
18107,3419.047
55379,482.09122
80594,1969.673
91603,807.1331
91381,1438.1547
29708,899.89954
72947,440.41312
57602,4052.2058
15962,655.6837
21804,3159.5464
83497,1073.441
88754,1202.7072
90492,1446.3132
9780,1634.1122
8845,5359.4067
62807,4496.3135
7273,2925.6096
5366,3047.3328
16277,1222.259
54606,2326.8442
18757,3447.8103
45615,2138.8323
4950,2826.8281
92770,1443.1946
36887,4128.4907
73762,1853.9126
1019,3253.5786
56410,3813.0278
73810,1082.5564
7,359.8243
19177,1461.7399
3183,1120.4307
43422,7248.8047
71537,641.49915
69853,1584.5614
6221,2378.11
16927,3394.9436
32837,3309.313
52525,5917.733
74072,3234.7556
78428,5378.0176
22633,4579.325
17464,2979.904
71804,828.122
13155,1191.4968
54751,1060.2023
86519,1971.2888
56417,1325.4274
26390,4404.077
21258,1247.6589
9586,672.5095
97501,1386.0719
81956,3007.1848
11884,6253.0864
30878,2759.5088
48867,2314.7698
53535,1544.7642
82819,257.71533
6579,2692.145
59864,1207.3488
21319,2744.808
54794,6664.905
82406,3088.4614
83022,1304.0093
91704,1820.9095
15188,1982.1532
99228,2427.9016
18134,4194.535
89447,898.7253
93469,13406.112
1911,3761.0908
74121,1782.7812
23465,4840.126
34665,801.7085
98968,12427.391
8211,3046.8628
44092,4549.105
91103,812.72534
56836,636.8772
16192,1932.1451
50001,2093.441
50426,3061.0542
7396,736.7766
73357,16013.992
67177,16284.865
35510,2008.6779
9174,296.1988
79509,5231.6685
57982,2715.8032
76194,743.40924
67939,6539.985
51784,889.21765
78253,1066.8079
23444,464.73895
88607,3888.323
88461,185.17867
45109,4155.713
82586,2880.274
47809,1865.4824
96593,2780.8113
23906,1031.7767
52735,1307.5691
60462,1480.8704
16790,2336.7844
50507,1180.3191
94226,2944.6233
65567,2720.1106
64003,4046.065
73201,667.64276
2482,16174.578
79334,744.7245
75774,1297.1667
83195,1448.251
86063,4851.485
63226,4640.036
20580,12531.839
46075,5933.4067
25722,982.86255
1645,1209.8608
31976,1375.1788
29695,1111.8771
19978,3682.8203
41081,1992.8948
29791,2023.1832
2671,1042.0625
87992,563.6116
70180,8014.9907
9991,5032.6333
17863,1183.2793
2131,2531.2239
15382,1612.0272
76168,4069.5173
52381,6133.0933
7850,1101.5096
21007,2295.698
51881,1844.9724
50618,636.8772
70842,962.2718
13349,742.08704
94868,1070.6261
73527,499.7146
53665,1234.5558
91376,1812.2803
58570,8555.647
6347,3016.0283
25808,2496.8542
95116,1557.4694
15855,2726.1726
59648,1878.7435
11651,2831.5432
30243,1511.6841
83974,1658.1686
6297,1307.177
40851,2631.5337
46900,1438.458
83147,585.6354
14465,6826.2534
52540,1263.987
29784,645.0862
75656,3062.384
79615,980.5122
18558,1165.2028
58654,3394.4255
46838,3417.3708
73775,1928.2262
22102,1762.1664
32285,2620.664
58428,2956.7961
54966,1962.7968
10163,27808.262
78298,1441.578
32713,1894.7225
6539,1227.0173
45055,1240.917
29891,2057.8044
69380,5451.2314
29125,1136.3945
7594,2110.516
27500,3359.0156
73296,3683.4712
23065,4092.4587
47337,599.8012
56726,818.27985
32570,916.5294
18494,1224.6052
13508,1249.3992
98925,1398.9366
95069,2881.079
90501,1149.5641
96089,1283.4706
75703,1573.5973
23747,1707.9205
96419,3880.6978
81249,1818.9851
78159,2255.0425
49056,1357.2687
2070,1042.0625
36772,1336.7678
30028,689.5497
39766,2696.5554
81865,652.35443
18143,7928.921
30716,10946.541
32044,3566.5095
23323,3671.9805
83819,1909.3107
81183,8182.1187
67316,1860.0293
56868,799.2464
34334,1903.0619
10157,2283.8289
52044,1612.8871
20113,3377.0806
11538,1972.8589
26432,2673.57
74420,899.351
4161,1747.8157
75207,4025.0847
51237,562.4732
79281,15204.551
34738,4636.263
79947,1044.1108
55672,6586.4556
92353,1971.8323
43284,2456.184
82357,1670.1022
18937,860.4802
24367,1110.0073
50848,12128.481
78216,1085.7855
66389,1003.9041
6445,1375.1788
29671,2082.0735
29765,3204.2065
34071,3160.5256
79196,519.86725
47565,1332.4027
11960,10679.557
92156,1006.08105
95138,472.97614
3108,6398.192
59803,7112.108
53549,1403.517
25199,1620.6401
26237,1124.913
55516,2181.5393
10121,5604.377
36573,2213.2483
5194,1875.217
17802,2280.2822
19919,2484.9866
31568,505.5692
57183,559.12823
59701,4143.1274
18303,1551.7561
69939,1316.9005
50632,4924.74
67226,1399.9894
23426,1263.0641
21830,2026.1504
92640,2728.236
91730,2960.4648
14787,603.19885
42124,3864.842
72891,2077.4758
3859,1724.6797
74592,4915.8354
54249,2478.266
16428,1230.7512
63657,1864.3512
76872,828.122
23506,727.2507
47236,504.53934
92429,347.0752
13640,974.94104
9832,1449.0458
6647,1555.5536
18341,1347.0515
79095,3560.6492
78691,483.67172
83623,2904.7195
71727,4255.446
72557,928.4291
8985,9477.049
33227,2007.9615
6102,3419.7954
48827,5446.047
33175,1455.4495
14663,993.0076
48509,1683.2942
13716,737.8617
396,803.61707
34016,954.1938
68596,209.76607
29416,625.6648
66280,1689.9799
4909,891.69135
27075,2251.8384
81683,2505.2673
79642,1547.2987
86858,10492.213
71405,918.0499
5591,646.24615
40837,2143.7532
7357,2759.1406
58385,3648.601
91587,1535.0986
41645,13947.426
19588,7326.5576
7665,2512.852
46265,3635.964
56541,2154.0557
83405,1727.5148
96042,4653.1177
91187,5701.8926
36069,2114.2175
26692,1238.8591
45809,9839.638
37945,2132.8916
64526,1532.7399
25965,5009.1387
97609,2289.546
1258,2154.946
79135,6539.6733
57382,2392.932
78397,4170.91
14368,2767.1145
92359,1276.0623
25260,5515.799
10210,503.5877
12582,1602.6868
63234,3332.7727
44442,2480.1033
39799,5367.4795
76940,1221.4585
72063,2913.7988
97096,2108.714
61195,1089.0847
83917,886.8804
46780,6808.284
33907,4066.5798
98345,566.96704
85376,6901.1665
3023,1191.4968
85190,2146.161
30685,2592.846
67202,6903.685
73617,1765.2351
27714,1746.5725
27056,899.2147
75452,10081.02
46147,1122.6467
690,694.89386
8811,1354.2069
82783,3419.047
18710,4868.7295
73092,1038.4573
76964,1741.3156
84791,1767.0027
26831,940.87317
99775,1372.2823
69066,1792.284
66820,2329.1565
47655,1519.5757
33893,5153.9253
79842,1061.6448
2023,899.9128
34147,2687.5134
27068,3926.3574
28819,2260.0203
19529,621.5883
63980,3748.5894
60852,3380.1443
84160,1032.3699
3812,359.8243
82164,1704.0343
63954,2600.518
99554,1941.8116
70817,2715.319
61083,2275.2847
29339,8623.78
20816,246.43907
48457,1647.5673
62739,868.78613
46496,3257.9575
75734,3665.1445
82826,13861.883
65749,2914.3481
72217,2473.216
94060,1025.1725
72490,2207.9065
59783,2788.5645
69548,364.14807
3943,894.6315
18999,1884.3032
12424,4329.111
80217,4339.3975
69004,5423.9473
26874,5837.296
36171,351.35803
50497,2534.7512
89727,1148.8795
57370,162.82828
92374,2697.026
33208,248.92656
42192,6445.87
33069,1380.1115
41057,1280.6389
30642,837.0678
86359,3740.4834
66942,1240.917
38591,5459.839
19662,1647.2125
3283,5023.5903
83565,1382.7229
15475,6436.5435
9655,1870.2313
29224,1351.5751
91208,3896.9287
24663,1189.054
88948,476.3241
81911,3585.1753
66722,2177.256
28590,2972.8032
34880,943.4872
44477,10778.69
86806,561.2909
3354,1461.7399
18417,3406.6733
21283,421.99008
81200,1302.9858
62323,6865.47
89047,4042.6116
23525,2124.1177
70443,3067.496
66993,1413.891
54269,1800.7554
15204,24708.334
73899,2353.6655
88825,423.8956
34758,1512.9305
85503,2550.011
25203,1462.583
52737,852.9741
82499,878.8867
27170,1866.0537
88172,2820.254
7140,4571.6284
3019,8394.987
26661,9866.387
54778,4076.8772
63831,4795.87
51809,1797.1322
22847,1860.0293
18642,757.96
22722,1029.467
44456,830.8132
63738,2205.9338
68254,3858.8765
95399,613.27405
66257,5381.136
52663,1310.1888
12176,2409.0215
65072,2260.0203
5409,1353.6732
49623,2293.7056
74049,1253.6819
43861,5357.8594
14292,428.0971
90721,2620.664
22124,3272.6858
11462,2055.019
36659,2373.493
83755,678.41974
113,3423.5583
72814,918.5206
18855,1396.6893
37449,5000.3735
30201,1816.4684
28445,3248.8992
53564,2188.0144
61547,6446.5693
49236,2272.2253
80049,1267.8112
94529,10342.893
78642,6010.0146
81843,1579.1669
50211,2467.3767
45851,673.7774
4482,816.06116
45590,1067.9019
17304,2021.6648
53659,2558.597
82601,1286.4421
44708,2809.3435
43043,1941.8116
70823,3620.0698
70833,2118.606
79614,3332.2932
43583,1212.7366
31665,412.3415
16064,1758.6053
45272,1713.661
83891,1214.6377
58560,1248.6155
68973,5661.168
6805,1419.5674
83582,5273.5386
1527,5805.0537
80034,2513.8105
29262,1484.6678
11751,1970.5759
73713,1354.8928
68949,891.69135
67434,1201.5712
23663,2558.597
73150,3746.947
74591,1517.199
84414,7595.69
28511,10341.897
11998,2512.9146
14077,352.00696
77242,2018.7246
75765,792.1145
46435,758.8031
27534,1186.8029
19958,1998.9852
23462,1289.5608
34503,973.45776
2625,2330.479
64559,2183.5483
36856,918.06055
50554,1634.917
63068,1064.1261
6973,2704.0867
7866,1064.3696
88051,2954.2073
40022,1497.5297
85308,14089.578
39095,3934.8206
36823,5000.3735
67135,2260.0203
30638,2075.407
95982,1852.7532
33862,535.6797
67602,3254.2803
23575,2697.026
165,2013.8767
74041,1757.508
69620,2125.427
8073,10559.0625
88739,6103.859
59173,1704.2395
22268,335.03204
2486,3665.1445
28987,3101.8713
45834,744.7245
89137,2688.7654
15730,3150.3425
78833,2698.5195
27340,1301.4453
93924,804.5646
21921,9691.867
61380,587.33026
96902,485.44162
50682,1466.0994
47928,2556.6633
9480,1815.3989
49932,871.9189
69850,1932.9883
91202,1905.6176
11152,5782.3213
40733,2172.0996
9753,2623.766
14350,1160.7919
11976,10474.589
31877,5748.664
98350,5084.7026
41942,965.5218
35827,1876.4991
4388,21360.572
50729,1906.192
5109,7835.747
22441,2715.0496
63318,6957.289
45015,3572.416
55291,1913.5497
12047,1487.4897
51814,1165.6923
293,5240.4595
11111,25799.803
61054,6989.812
8751,2251.0833
38705,11679.926
60698,1864.8962
6708,2831.5513
42091,1206.0161
88695,1272.6914
3557,3202.601
70963,6507.202
996,863.76416
87504,1668.6041
5765,2965.214
24543,838.2571
47712,2177.9807
71551,3833.0688
17039,5925.192
9281,4135.6343
57908,3465.2852
16874,4420.6313
74144,4582.098
48034,537.88965
91373,1551.9556
68410,1544.9105
85495,1427.2958
77011,5784.0576
85364,1101.5096
9560,625.18115
99976,20346.541
47406,1182.2529
11088,1497.5297
49338,9767.635
98681,1853.1475
10893,475.6238
1285,1188.8767
47750,1555.0619
83249,2211.0408
48988,1074.2842
66539,562.96265
73751,1307.7551
78996,3954.5947
63868,427.2442
74365,923.14185
34369,1411.37
52162,2768.5325
39397,2164.9646
39344,2796.8308
83131,656.3685
80379,957.81244
14112,5525.6265
20506,2847.638
31233,2296.6165
24184,4868.7295
39621,5889.582
2286,4121.1177
30364,1802.4065
68717,8573.438
25028,2912.7107
61120,1367.6265
16449,2172.0996
92223,1153.9648
51321,2925.6096
51584,3013.3723
31346,4018.524
97956,1708.4803
36385,636.9215
47496,759.29254
40026,1768.1079
7812,421.99008
13387,2409.0215
83314,4348.84
8317,3049.1929
12060,4834.22
91191,1382.5629
19776,11654.481
88090,5498.7285
71051,1164.1378
69300,1025.9495
22482,3110.066
84665,1947.8156
98918,1127.5176
55141,1306.3911
13575,8797.702
28082,5004.766
96971,8228.865
66668,3847.1436
28686,2178.6829
82820,960.83435
89693,1075.9982
68449,2721.962
54168,1761.2833
49449,516.7896
10992,2643.6729
62498,3952.0344
13719,2192.7603
482,2285.3943
85531,11030.523
17894,6575.5854
85540,629.6418
58280,2251.7
29809,1166.1818
4789,10959.786
46462,5812.2266
41139,759.97736
99589,284.40234
25681,5776.1226
28655,5266.6865
49499,932.92456
55180,1815.8464
40374,9117.707
63598,136.87906
98934,994.60785
27598,1036.3063
82523,2111.4312
7129,1074.7737
44907,3285.4685
72295,6400.3125
75200,2914.9568
67108,12213.367
3200,1170.8021
86342,8594.903
36846,1541.1877
20056,3369.3486
49273,1075.9982
99628,1540.046
22718,2899.9368
16847,841.65875
63711,5383.85
90323,818.2433
23549,603.19885
37113,3991.0042
94313,899.3244
56565,603.8777
41021,3716.2717
4193,6849.4316
90080,2132.9692
99559,1511.3075
89403,3517.1477
98020,4758.4727
90407,642.8894
18927,736.94745
30921,8627.074
22856,1020.4768
53973,4520.418
25390,8228.358
24923,2297.06
97743,691.7561
53290,2605.0315
96716,628.4675
35036,1270.4647
22065,6368.9087
71836,1122.6467
50107,485.44162
3652,1249.743
13808,2814.1543
68110,1722.0345
49483,4428.6533
46239,1419.4996
92777,1115.4321
43844,1512.0692
79205,3035.3816
57994,2280.5989
49124,6017.0234
54024,8022.9834
1857,3153.4294
16312,1142.1995
92045,887.08014
83798,2779.0486
4595,1631.5759
74938,581.0911
49351,1274.9575
10412,1925.2904
46793,1486.2323
58874,650.3371
71868,1263.987
15134,1816.9579
12291,1177.3397
27996,955.2513
70262,5566.947
53695,2285.3943
85455,921.86163
79453,1618.6145
72027,6445.034
88333,2851.0562
17177,4626.7554
35009,3416.2114
22425,1342.1971
18578,1890.7134
24963,3852.1526
51307,3517.2969
85772,525.7244
91074,7230.6196
28187,4038.6145
75483,2958.7266
97638,6175.1226
53731,5750.5566
79758,919.84503
66964,1006.08105
11053,1981.2883
1867,2178.6829
33738,1231.1257
45274,6002.4355
58706,1792.5118
95577,2307.2898
69193,286.26117
52848,6035.295
80974,767.0415
16493,2015.877
71378,4886.207
47972,1163.7947
77101,898.64557
12111,1597.8239
10942,1841.8538
47176,5484.8916
97930,2997.6912
57171,1978.4792
24403,2214.1438
95995,2013.804
44237,1150.2788
78706,1616.8585
47096,10353.672
82338,5615.1694
80635,4230.0015
58430,5293.7876
40813,5034.2046
12093,899.7196
64994,3315.4585
36792,3783.7126
18615,678.3732
98138,1099.556
42972,2933.6614
74251,3473.9001
52298,1433.9362
42282,738.02264
75397,5231.002
61319,3846.2075
66040,6591.259
89876,2852.998
8591,2948.0762
72893,4506.3867
79828,2208.8462
64118,1574.3892
83159,4668.4473
90240,2907.3948
66881,1149.5641
57020,1696.069
3903,2530.7126
63101,2638.0376
59861,3047.1223
6522,2028.7682
42759,2600.7493
2958,2214.1438
14400,4740.7046
79629,937.93915
12048,2990.3196
30398,683.65826
57386,3688.0947
45223,2169.0403
28443,1543.3744
54535,3505.1418
93606,10084.224
78887,1490.6084
29772,3078.9905
22832,5677.8843
85707,3360.9233
63633,1907.4044
77620,6245.0625
31942,788.62317
46977,1049.1031
27222,2271.0403
28627,352.1075
16359,5957.013
74298,695.99414
96634,3556.5044
53211,3857.5737
47667,2208.4265
30074,1755.7521
80737,682.3818
77649,4178.559
16930,22502.076
18013,531.0983
92983,2842.5837
86138,1219.6903
105,802.93225
73298,14355.206
61097,990.2011
73195,767.43713
89425,2068.664
97004,1020.4549
32137,4918.1064
50322,3407.98
81519,1222.8505
48243,1512.0692
17240,2673.57
50546,2963.6523
24681,1807.7433
7330,1340.0099
64322,3017.7893
78971,2452.9966
421,5066.19
65873,2084.344
99347,1024.9246
99145,517.765
13617,3733.3064
23554,3267.42
5221,1970.5759
97242,4875.1987
81293,5420.345
19485,3140.9253
7104,3591.6912
40057,2075.407
53240,4846.8716
78972,352.00696
71907,2363.0034
25430,453.29663
63302,2342.7932
59108,3479.687
31383,8275.533
86886,322.79947
50367,2054.8582
13766,3556.355
38181,513.63525
2828,2012.3372
78925,932.92456
91319,4041.913
57279,737.3292
99182,780.977
21205,3702.922
63772,1253.6819
16584,4513.3203
54594,3156.6611
24277,1414.1879
31112,5604.377
37788,6045.7476
28613,4362.7666
15320,3868.3748
1791,4220.929
42387,1752.2728
95823,320.1721
45818,3351.3105
41302,462.20035
74127,548.5249
68027,716.5137
34277,1394.2139
48186,519.86725
20041,2063.7102
53277,5803.6455
53671,3719.845
29199,1905.29
36740,6910.775
66298,1433.9362
62721,3646.0154
49031,1704.8019
28090,545.0173
68170,679.5818
77573,4003.799
10370,1792.6633
17811,2377.2405
51493,1357.6102
41867,9317.478
19549,1192.3898
63967,5325.9883
33851,613.30994
40922,552.6029
44299,2192.7603
58993,3728.3604
26676,2980.1301
17671,3055.4663
34220,938.56256
1180,907.2462
64699,2081.286
45591,1855.3584
12726,3654.062
55015,694.89386
31274,3378.5403
9774,4316.837
8393,4519.0337
30580,712.826
54095,1940.7012
37824,3556.7546
56633,1196.7297
67737,2437.414
14814,4009.9128
13294,1150.6658
42068,1499.7301
21141,9201.79
518,940.6241
45171,1729.0488
47862,1108.7584
44527,11418.449
58401,955.2513
5865,363.49918
38781,1874.1562
89872,3354.6995
3944,534.1176
32782,1744.5242
7673,2528.8826
97663,2612.346
56546,1094.8649
82999,788.62317
20534,4142.4507
23402,841.65875
5790,2027.694
10882,6452.2456
46875,1246.2821
82313,9378.433
18456,1515.1879
22144,2077.4758
25312,1288.8367
80717,629.6418
99584,1573.5973
38799,5320.396
63198,2059.2727
84221,9317.478
60861,3512.9377
59639,3370.261
19208,6554.3887
68307,1635.545
86150,759.97736
10227,2324.4468
71348,2421.4077
82103,1111.8771
50277,1978.2208
72679,5757.1396
50964,785.5506
12521,798.4761
85266,2569.1228
41790,1519.7438
71559,886.7839
79552,2878.2063
81611,5852.551
79823,1117.7131
22384,2981.086
78157,2937.7583
36274,794.23145
27900,934.9643
70158,727.4283
57643,5436.4604
37461,8046.554
91902,6609.345
25489,1137.4795
20112,448.56235
3141,1935.014
63145,4510.662
30930,2342.7932
88191,2183.2847
52153,3878.693
47161,2573.4983
59432,4044.421
93908,1515.1879
73081,1196.2687
45477,843.73425
41817,2018.7246
68862,2410.9905
57781,1264.9429
34365,3972.6467
60760,1419.1675
73562,5052.8545
19535,840.97394
3462,3323.9143
57329,2853.5178
11363,3079.5063
38724,475.6238
63336,2754.8667
14875,3141.5007
9952,3429.7502
72398,2363.0034
14946,8793.796
53639,946.4113
93090,1517.199
37138,1582.2522
88784,6939.0576
85671,9404.262
99309,3638.3616
49751,1020.4768
3833,7328.3477
70723,3130.9348
71798,4876.6514
19633,4257.3726
94741,934.2402
42578,1241.5441
45432,19338.234
22877,1314.1396
71040,797.88873
69742,2553.8525
16059,2273.7214
67887,2018.5461
62908,5930.26
23975,1229.0654
79889,827.361
42706,1890.0707
7946,1041.5759
69060,666.6576
67534,3835.7246
76672,3679.1995
7712,16272.292
74871,9292.404
18765,4118.221
39926,3926.2795
90206,3098.321
80990,6308.008
16640,1775.7996
56656,1477.0231
20743,2477.5632
925,1839.2782
85598,9202.7
27822,4619.113
96094,1230.0345
88528,2114.1462
95713,1510.5088
41582,757.6541
14859,2059.1584
46274,693.7196
80359,26569.072
58732,2172.0996
82337,7136.696
80760,2990.3196
55867,10831.23
91345,1386.0719
2889,7357.838
15467,860.69415
10566,365.24753
42038,1366.7542
94225,7955.7847
70619,1681.369
13388,1994.1638
77270,2715.319
96846,2749.3086
20761,2772.6914
93434,1075.9982
89295,4108.2227
17848,1443.1946
16542,2311.151
90145,19469.264
60883,5461.752
31868,2869.793
4204,694.9445
48140,483.67172
70613,2090.9265
36774,3437.0896
70349,1599.0447
59554,3868.2227
14015,6992.838
63407,647.19135
47632,2143.5898
35048,892.28906
42107,2886.204
79244,2287.4846
83515,1264.2491
64640,6326.682
58060,4295.614
19695,1789.7495
49170,3522.273
94307,4789.978
90991,3739.2166
23504,2078.225
99151,1312.67
22206,966.6438
84987,1907.4044
86282,2614.0535
38560,1704.2395
46165,2172.7683
39824,823.3083
20466,900.3945
66559,6996.8647
72445,1582.2855
85992,2714.93
29712,2749.3086
34652,1428.5068
91517,1691.0575
84421,6886.7344
12993,3758.607
37589,2379.6255
81012,2146.6292
38364,6112.09
53923,4356.6035
58396,691.21643
89495,4208.148
74426,2105.6687
83808,868.1392
10169,1236.3488
14701,1708.9698
38521,1337.391
91665,1214.5352
1589,2742.1353
14488,886.8804
35851,1303.7684
32276,3410.7666
1125,1717.0931
90645,7519.6543
67619,2042.3289
1875,1214.6377
2409,4789.978
37907,7361.774
88513,2237.7742
35332,297.9196
15261,2556.6633
77999,1884.0518
43044,323.9378
96977,793.61633
99821,1153.7844
35248,6317.4883
17714,2916.8743
66206,408.89865
81849,1741.4055
9565,3159.1301
59876,6186.505
73032,1205.8258
74400,4063.0796
72115,1119.456
39113,1304.0093
50100,1163.7947
3965,344.0556
38140,428.06308
28380,2260.0203
21196,1741.3156
89442,8385.219
68174,10944.662
78018,901.6616
84418,899.89954
93379,3115.8086
7768,6286.0654
51944,1223.1189
10103,2291.0667
56911,1762.1664
11961,1164.9524
6415,2265.8733
53703,2491.9124
30329,3514.0593
39056,1642.1141
76085,5744.269
71286,2871.5825
2052,1310.1888
94841,23047.129
93665,4733.0034
5995,4006.125
2138,2632.0378
71481,20075.086
28262,1783.4767
53071,1735.0979
2231,1245.4968
5629,1263.0641
84155,2321.9155
7230,4746.367
13249,2217.183
78963,3633.0107
74786,3073.6282
17559,2903.0933
80715,2003.3333
20468,6613.2515
27523,2888.432
52174,1703.2262
40293,2858.6736
81987,928.4291
53365,1222.8505
83959,3979.802
54605,1194.1556
88074,1051.5862
19804,6093.1914
85164,1748.753
95808,853.42395
54005,3529.7498
917,1727.5095
66116,1233.2709
26584,826.1047
63794,6713.5913
89952,925.43365
85465,1832.0062
93708,2337.533
9381,1653.1028
56248,965.5218
32952,1726.825
49140,1169.591
45102,1317.4813
61210,4410.9917
67092,3492.931
38333,1327.3685
94487,340.31375
38852,8292.691
20738,525.7244
26101,1578.7051
24121,2133.054
53147,702.31805
4002,1616.8427
15738,2629.477
72897,4036.8733
80518,830.19794
2830,5305.3203
91560,1276.1741
67289,3032.8655
58461,2640.4512
76033,2302.0645
42450,2146.6292
3588,1642.1141
77790,4230.0015
4851,1161.8337
39224,2031.657
5321,1019.7433
32249,3152.2922
29342,1306.3911
40570,1767.0027
30045,4423.1333
38629,370.89053
66806,1378.2913
3131,3505.492
73804,1041.5759
51672,3869.0461
49214,1158.7971
92387,475.8845
66745,1271.8015
72004,4098.599
59161,2900.8765
16676,781.6618
86115,4100.261
3909,1569.2252
82625,1815.6252
84,4396.4673
28241,2341.8574
40242,4902.0845
12705,2370.1384
39177,599.8012
78974,8546.797
12241,5792.5786
49316,1763.884
61217,2412.3582
98484,2862.6226
42407,1678.1494
53230,1630.3147
49642,2131.0896
80606,705.1709
14977,2977.5125
39417,2201.9019
14179,2473.8765
22715,2541.3867
72521,1342.1971
81695,5167.723
7007,1965.6328
47085,5537.224
92155,1228.8341
76967,4345.877
59949,889.21765
88273,804.9006
86849,1148.39
33441,891.00653
5675,5932.3984
5507,1962.8552
42597,3243.6035
71965,2561.3318
65499,5705.1216
37660,2510.0164
99887,3339.6555
31672,2875.5872
17913,4258.2266
6088,2968.7197
50829,1368.0253
49475,1148.1992
47277,4816.086
30514,16413.861
84633,3171.532
16536,1216.0054
66567,1569.2252
8092,5086.378
40279,2550.1692
99465,404.82217
24198,2195.7566
1129,1850.7655
1038,3849.1777
62358,2172.0996
17534,2954.2073
1567,679.5818
62129,2826.8281
48175,556.1287
53325,1977.7017
28717,3256.6863
56277,5843.299
61557,3069.8882
59489,5595.4834
18768,2811.433
64580,2353.6602
50990,1141.9829
38806,1621.586
10709,3251.029
96385,6168.7354
47499,3394.5684
36319,5500.644
39006,5508.753
87012,2191.0127
10622,1976.029
49012,2285.3943
3110,5190.954
53959,1517.199
57208,1952.9137
78499,2620.664
46264,2599.3503
88816,1525.0288
715,5216.575
13554,1411.37
16207,4532.541
96869,1577.1858
87606,1424.0881
71369,1547.1124
83142,5768.109
15836,3779.4133
58662,594.3868
22264,3018.1404
21060,3540.967
39341,2082.1643
60535,4219.425
73530,1188.3694
71179,2867.717
8156,2306.887
99855,794.6246
52476,4675.5356
75117,1490.6084
42256,1648.6932
35792,2709.2239
36021,2768.5325
92473,2999.307
35253,6941.653
93008,1803.874
50455,4069.0012
83452,3325.802
66068,1826.0367
47571,2681.7214
36763,1558.4043
59578,1624.5204
78068,2085.7012
37862,830.13434
46106,7905.3086
48544,621.5883
36470,1303.8367
50175,4024.727
43633,1846.1141
59823,2157.3347
90693,1889.8997
89140,7628.038
92218,6168.398
58573,1101.541
36350,6180.8247
78467,4100.2993
83720,1408.9453
35377,940.87317
86965,2176.6265
71703,1737.3792
1425,377.98953
81727,1442.5033
14060,1027.7708
37753,1342.8203
20060,3108.2593
66260,941.4998
86355,505.5692
94727,5046.849
88921,758.6666
72793,5780.029
87477,1648.8102
90187,1433.4861
55334,3728.7454
47946,927.74426
42370,421.34116
98745,1485.9486
92616,2981.4429
72279,1874.1562
59054,914.93115
35098,1463.3972
58632,3010.8757
96691,929.86884
90134,746.712
49843,1041.5759
87525,2558.597
44296,2341.1404
74647,2094.4214
61503,2102.875
1247,2018.7246
64339,767.43713
20155,1977.7017
25575,1937.7935
65521,1089.0847
29323,3438.6023
50476,1424.0881
17647,5243.366
2147,955.56665
94121,1762.1664
41077,1490.6084
88165,3787.3394
44911,4789.0166
86179,5208.994
28013,1364.7688
21696,860.1536
92501,4644.3604
81789,3707.5193
64969,7256.3877
45045,1380.1115
36617,4104.7573
5903,1829.9493
3731,852.53973
10340,904.1213
14093,2283.9778
70035,4658.3013
67343,2676.427
9360,2230.5825
19613,1638.3881
54687,1113.7546
92271,8050.898
88399,6969.4526
46333,1276.1741
5250,679.5818
25287,792.3321
46169,1144.7003
21316,1113.2213
10143,588.20105
48659,1303.8228
97118,1972.335
28833,4047.8318
5167,1618.3402
70665,2337.6074
31188,1350.7728
20236,2505.2673
1594,998.1833
90251,5063.1123
64671,441.71426
87051,2510.0164
43038,1800.1989
1554,1911.676
24946,573.6009
78729,9775.965
20644,5578.8545
43465,709.2474
83717,1077.3193
17570,6649.3213
66391,195.93129
64571,977.9221
98754,2964.5945
31261,822.3788
92804,545.0173
45195,4258.053
32170,185.82755
54193,3263.4578
95579,6034.293
81609,19123.059
99093,433.0472
72219,2398.7485
93480,3203.8835
41310,266.42752
37198,3584.1907
97628,2796.8308
46582,1679.4543
89155,7256.906
83236,2169.0403
53636,560.8276
97326,4920.834
52197,7273.177
77695,1487.4897
27452,1009.95636
62657,2292.8066
86816,726.5109
96903,1442.7051
82208,1251.537
56214,3972.1758
26981,2164.9646
9541,3690.495
30362,4220.6973
54425,1154.035
62484,483.06674
62751,4785.736
90581,1611.8057
63194,1045.242
4259,1940.4601
24267,3839.3506
22522,1582.2855
37911,13109.586
95757,4464.027
32090,942.83234
42244,13227.93
58338,2210.1294
60201,2170.9216
58574,1977.7017
71437,6265.332
84326,818.2433
71801,2188.0144
65188,4713.4355
8198,5513.216
62998,4407.0854
93263,2796.7417
12596,3181.576
24708,22402.254
87650,1580.91
79498,4406.9097
68836,2010.4242
96776,6103.334
3976,914.0678
48559,9326.375
54735,12365.0205
8874,3071.9382
92276,1550.3177
83652,22362.357
66640,816.22595
89117,438.73093
74191,585.4591
73462,1737.3792
54036,2804.8794
80605,7174.6455
37847,850.7037
33427,1803.874
13770,2518.5576
47058,8026.6367
43806,1166.3387
58608,2555.5825
59987,8226.051
86318,2162.5872
869,694.5816
68238,2040.5375
35077,1396.6893
6746,914.0678
49299,1690.6587
85423,675.4472
21347,1000.72797
62729,2733.2278
68218,2174.5786
59538,1762.1664
11910,1676.12
49842,1868.751
3057,13500.716
31450,828.122
71847,1673.8997
11560,988.6628
36499,14149.55
12613,6658.362
16100,1045.242
89666,799.90607
44011,24078.71
75226,2128.1094
3307,2207.9065
13223,2805.2878
55549,631.5059
78238,2726.7402
33159,1650.3928
70086,2135.212
92453,2153.0425
90533,2352.5425
62005,391.5683
76492,1551.7915
87117,1406.6356
91458,2801.9229
69516,292.29785
85693,956.15375
70413,5240.3486
47735,4853.7393
35071,1555.0619
99830,4073.7297
54525,1704.9432
26908,2302.0645
49862,3937.861
41165,5855.0347
76386,2612.346
2799,1572.8599
99403,1760.681
461,997.3402
15914,1762.082
34106,965.5218
80545,1790.2438
52379,6434.4346
75174,3135.7026
96104,349.77896
92053,1380.2522
82177,784.9294
68160,2483.1858
65666,5291.4375
8801,2773.2046
81201,7149.5723
55257,1616.1436
83490,1168.8109
92945,700.00824
68599,435.12338
44306,6214.2676
54655,1148.8925
14009,3369.3364
52262,3777.6387
97012,7707.633
38317,4714.249
66,3554.2935
41681,286.91003
30273,642.4737
66028,4558.6787
8755,650.3367
82176,1610.7961
34366,918.06055
10765,1923.7128
80156,889.21765
87872,965.0176
97815,672.4279
57447,8726.307
12493,3434.6592
74627,1419.5674
35189,2445.8396
32002,1939.5061
36065,919.7878
89602,5403.7314
63600,485.44162
6716,7157.96
55990,1363.0634
40919,8805.042
10320,2528.8826
66762,1001.37274
73117,2392.188
67545,8730.985
45203,14871.872
35043,1547.1124
95730,2337.533
6680,1286.9446
27683,3250.1484
94441,1636.7205
68316,1286.4421
36284,4775.196
5614,679.5818
73517,5117.0317
13604,2726.2336
15627,545.3451
18085,1396.3527
31350,759.0437
69399,3907.5195
33830,1654.2948
17903,1104.3767
46645,965.6555
12005,547.78973
35480,1493.2814
89304,1289.5608
13266,430.86926
65541,2974.9333
8814,4206.365
55917,5177.156
78708,3037.7407
99280,1316.9005
67831,5028.55
69309,2251.0833
11923,1222.8505
54275,107.291336
34159,1019.7524
66792,2852.998
45282,4686.953
2845,4501.5996
78011,1574.1925
52707,476.3241
72365,3130.9338
21292,420.85168
26504,1904.9243
36459,960.5057
81830,1136.1405
49241,2463.1487
98876,2169.8984
36524,2452.9966
95557,7209.9224
87828,1139.4546
18573,1830.1162
38808,2585.029
9740,1283.4236
13379,2128.1902
64531,2547.3345
62784,5278.8667
64299,1321.6759
12350,5745.9775
76363,7547.085
4635,3671.9805
69581,4002.1924
56563,13279.55
61004,885.7476
9118,2617.954
28008,1729.1771
31399,11501.703
72305,4471.8433
14699,1484.6678
7082,2176.6265
40890,934.9071
77792,467.71848
66050,7615.3784
48483,613.30554
1204,713.116
1512,1834.7667
41342,3671.9805
42945,2518.4846
51207,2251.641
78844,1387.2627
58668,2190.3171
85186,930.3583
85001,1189.014
27764,3979.2031
144,462.89902
56663,195.93129
32718,2536.3044
86708,2615.3367
83888,769.3932
59004,2033.6816
43480,2894.1936
12395,787.9189
41504,689.5497
21297,1863.6263
72327,2182.342
72935,799.90607
11883,1925.0057
97644,9242.197
60364,1257.8944
51675,3056.4233
57246,3610.4224
38933,3149.3733
36229,2871.5825
40429,2575.5547
71321,6517.92
55996,8606.576
8123,1281.1609
91874,1227.0173
20807,975.52905
64128,4841.7725
97426,3037.5532
92557,1078.0859
44732,1598.5475
4083,4583.299
52888,1067.5042
2369,791.43567
70874,832.9226
20585,1834.9729
67937,1608.4855
52167,1651.1761
95458,5848.2017
29788,3461.9524
71589,404.82217
63165,889.21765
29357,8689.721
13518,838.9708
87278,5263.8203
73838,1920.337
34111,3302.128
48665,3698.3064
21563,400.20288
57987,1800.1989
35596,340.31375
68165,2289.6326
93091,858.90753
90964,212.45743
92667,1158.4822
74377,3905.9324
35940,11406.307
33229,15789.199
17516,1437.4772
76876,681.5387
70887,1168.8109
44650,3813.5762
56301,2731.0725
46447,800.3564
18137,2063.7102
87136,899.351
68976,1563.8479
96850,3625.7512
89357,4553.4414
92020,2702.647
72086,863.76416
93812,3214.5862
58203,2283.6772
83252,1648.6155
2558,1648.8102
66069,1502.5833
37320,1448.3844
3698,7372.563
41813,5093.6147
2877,1765.2351
3059,1812.6079
25883,712.826
77118,1572.5756
75475,1526.7783
34607,886.19556
72496,921.7782
47165,527.6479
8650,1534.1333
26394,409.47098
98716,1610.6411
95648,1929.518
11250,538.5386
90608,3700.8943
97053,1683.6025
39533,3194.1482
45913,1243.1862
16425,619.08386
20110,1098.7019
99956,1075.6747
56582,6852.065
43592,4067.1553
74159,1214.6377
7549,9190.322
39406,1291.7476
8191,565.98157
28948,391.5683
26996,1872.3542
79360,286.91003
72547,676.4208
10238,2040.5375
18625,2593.275
56580,518.7289
31663,3682.8835
64642,2742.1353
69327,481.0318
59438,9278.08
69707,392.2172
86298,482.48212
85263,9951.058
72488,531.04553
76203,7485.499
63686,1316.9005
29727,6539.985
16498,1214.5352
47283,4260.0405
31908,1800.7554
56072,2674.203
59297,798.4761
52105,750.64886
58945,1300.938
20037,1264.032
29972,4286.8193
52866,19558.188
3745,1254.6556
10228,825.3015
34263,2784.249
14618,4545.809
85041,694.5816
66400,6987.4014
55120,1223.8987
86621,1737.7823
49972,3014.7793
29133,454.9456
80027,6100.7017
96608,3302.5662
61613,1401.1351
53726,421.99008
79152,932.92456
15954,1350.8236
49503,1018.2489
32928,2772.2334
99703,1204.6898
84020,1148.2079
43084,7004.913
44938,3205.7004
7711,1643.9669
17525,392.2172
67795,240.79605
34951,7216.5874
18715,482.48212
64185,1020.8892
82431,1722.3702
95283,16514.83
85664,1668.4087
94828,4171.453
6144,965.5218
16066,1154.6437
29518,5588.8784
95,2047.782
26517,2972.8032
24806,289.88712
29881,4047.9143
26355,1090.5525
69524,1834.7667
85321,1307.1757
87015,1758.6053
11451,827.4372
23579,3741.364
29054,3481.042
67956,5488.1914
21629,1238.1743
33077,2206.9822
11160,3111.3816
36745,2573.992
58327,1140.4988
94253,2929.7034
79369,1441.8619
29155,1516.8635
20617,2437.414
9635,990.53796
383,1051.0967
93850,1229.7931
96921,270.39648
91443,959.0311
10931,1164.9524
55143,1462.583
54971,1650.1925
27319,800.94446
1364,1229.2072
46565,6507.202
17342,6516.655
12078,3105.821
2757,788.62317
3130,1168.8109
53686,5253.841
78453,887.3561
9728,2951.705
66105,3156.9646
901,5189.6055
82664,2038.299
75388,13812.6875
59901,709.00507
27649,3307.3142
85108,2097.5457
53316,13837.257
17389,2030.3018
10356,9338.012
81687,677.44525
54391,459.09595
66641,4253.581
55177,1651.8146
45085,309.91483
79704,1214.6377
81251,6729.882
15034,1931.8954
3270,4153.1455
20762,442.3744
4010,1988.0721
69512,2425.1274
63515,2925.9675
9548,4356.6035
42838,1041.898
2907,1559.3624
21977,1024.9246
23808,3419.7954
99230,1537.6152
50259,352.00696
86906,13886.572
73473,1836.1595
41097,1679.8932
30803,3747.464
70855,2622.6487
41443,345.70248
44529,4063.0325
30902,798.4761
64998,887.76495
40817,2476.426
55885,1944.555
44500,3351.3105
54191,2446.3005
20280,7952.3555
46803,1730.1772
1465,1782.606
2582,4132.912
42570,2057.8044
64934,2956.8125
61592,8341.452
49421,5313.7695
63503,3922.7563
64184,9260.205
46504,8622.087
97217,1476.8318
27908,859.63715
86266,2466.6274
95527,323.9378
31211,1254.3932
60442,4702.3887
34617,309.91483
70766,3000.5166
10237,2532.619
4648,1427.1298
5273,1335.5214
83189,4074.8376
1262,1668.6041
60510,1336.7678
76155,5398.035
26032,3852.4956
69093,2922.9792
77921,2796.8308
17541,3262.033
17413,2952.3323
94848,13137.755
80766,1595.7576
80396,11594.063
31445,5089.863
31301,2183.0269
2438,1204.5935
44258,6299.819
58824,517.8858
92183,2632.0378
16269,2055.019
56677,2857.8142
90627,2250.0818
11865,6970.656
62851,803.61707
47497,3771.7886
85748,20820.766
98091,4366.673
45337,2449.8108
69700,2617.954
38323,523.8046
44118,671.8247
49898,8836.495
21919,2472.3203
95061,3605.2188
44029,2601.6467
31892,946.68427
3730,3519.4229
38441,1183.4978
16606,12465.249
77651,2241.8113
32798,18639.588
20005,4362.7666
38675,2716.7632
82790,2873.3428
71427,1107.3567
8345,4074.566
91389,4670.037
46350,27682.201
19488,1140.4988
19595,628.4675
4640,1360.0327
44735,2057.3564
36251,2781.7188
37688,2048.269
41604,2200.6143
74596,1786.1171
3485,1202.7072
55731,1410.5477
61032,7996.7812
52806,3537.1882
1152,4757.8413
4251,2441.5283
70484,510.67572
59753,622.6946
37344,2324.8643
29958,2240.8928
29196,4766.3203
26684,676.4208
21223,3888.323
14521,1685.321
37982,3844.2542
91230,3222.645
29927,6664.905
95013,1317.5793
13034,3174.8037
32831,734.1053
1584,6276.817
30208,3436.2664
37463,881.56085
51087,1870.2313
98304,3159.9814
60033,888.8012
4538,2201.9019
22589,959.17303
34444,1547.1124
66802,1690.6156
30938,535.55896
45479,987.82056
52072,2464.907
30767,10417.337
47870,5018.7754
95437,1450.8861
92940,2863.8245
54515,2140.6343
9523,2069.2327
41515,2263.4087
6739,10128.881
53351,4680.146
98002,5935.783
59627,2179.7454
78061,3720.4548
65319,2227.005
13314,6609.345
64550,4235.0874
25042,7370.1377
87646,6190.5063
7465,6754.743
34326,4562.106
63985,420.8254
10158,1363.0634
20623,1755.7521
95559,1582.2855
79277,2333.157
33968,3808.86
94657,4138.7085
66402,4861.0117
34848,1704.0343
78828,3251.1704
62158,2255.0425
43713,2081.321
58508,1426.6608
75844,1210.0466
46513,1968.7136
25484,852.53973
57925,3611.38
15853,852.53973
43279,6615.589
86756,3201.6619
21095,420.8254
64704,2568.4197
70214,1350.8236
42777,7159.125
79142,3614.4468
44088,562.1739
8385,2425.1274
46893,6002.224
31774,9335.697
70143,1551.2708
4052,5157.1367
55912,2147.7063
20396,1640.3588
70355,3867.778
28225,2836.8452
14873,979.62823
41898,3411.5981
50138,1153.9648
2779,3077.2673
3560,380.35242
59361,2159.1816
8221,1194.4071
95878,3194.2979
32054,1477.2261
40679,478.78763
93716,899.7196
66684,2187.2932
75456,530.49274
88484,1300.6968
59794,20486.367
50240,2620.664
95414,3637.4148
79818,3533.9622
16361,1217.7224
71141,585.4591
57478,2677.0413
46726,2032.1388
72500,1454.1046
89187,1514.0803
43574,794.6246
84182,1644.3589
27667,699.76953
96389,3765.009
42380,998.1833
17339,14327.482
84299,2035.1571
54591,4061.5576
71926,2779.0486
60016,706.1276
3514,1284.738
94759,925.83307
68446,1429.6195
52279,323.9378
69933,4555.781
10451,2904.7195
67814,4549.1
64017,644.0865
32341,3450.299
68754,2894.1724
28156,2217.183
48681,4629.52
23801,1756.1676
4367,20099.123
16858,1038.2102
17310,487.72324
11193,12351.474
80364,1847.9983
64360,2958.9646
74817,2194.6772
96719,3328.47
11576,1598.3134
39854,691.94525
69937,1448.2192
30387,1336.7678
9463,2921.8772
51708,2013.8767
76184,200.24728
46711,2383.3367
30095,185.17867
23415,2070.323
59452,363.49918
90360,966.6438
82760,13125.321
73320,3472.359
94342,959.17303
98580,2835.135
54739,4478.3105
31111,2206.9822
67965,748.9311
72675,541.06335
17522,2884.2217
57173,6551.2305
75424,1608.429
56589,3541.4717
70810,1580.91
3556,627.44604
82511,2401.2874
41459,2362.8115
93389,6768.424
59278,2378.12
22304,1392.0028
97952,2725.0254
46886,2241.8113
40769,5651.597
25026,2020.9503
89344,2536.6543
98917,818.2433
94099,1569.3776
53722,476.62494
88189,4161.22
3175,1370.5907
16504,2177.256
46348,2420.614
68223,2217.443
89150,1286.4421
77659,6473.893
17398,499.71075
88014,4464.027
54946,1834.7667
70552,3491.5686
15147,8937.284
59447,620.05927
6354,2651.7578
80400,5361.3823
8037,2057.8044
60732,2705.4211
39316,2302.0645
57234,2933.0134
46275,2379.2046
58693,1762.1664
86705,7150.4756
261,4271.0444
57429,4286.873
82495,998.6727
96200,1253.6819
44979,2466.0837
75777,2826.8281
19758,3169.8271
17567,5432.966
54547,2018.7246
8014,2349.6301
99308,2011.9382
59211,594.3868
17699,1935.014
5476,2781.3193
84126,1423.6102
43063,420.85168
9191,890.83875
17911,1621.0607
8881,654.41315
32445,12375.847
11380,1966.546
80643,1110.4738
4520,1160.7919
68484,2209.3867
25640,1876.2755
66863,391.58023
92266,3369.1736
44827,4058.8108
45653,2207.4224
83870,3485.5396
51110,4538.9136
12802,3633.0107
68326,2629.4485
97607,10787.815
27,1842.7002
96542,2302.0645
82932,1860.4119
11033,1690.8984
15567,2033.136
69433,3355.6575
15257,1228.1632
60237,641.55817
44994,1930.0934
13113,15867.239
25967,4033.4036
46461,1752.1096
8465,1171.1703
66350,3013.9614
63879,1230.5991
58642,1393.7244
20240,2406.6206
19982,3717.3833
14322,617.382
62137,237.4158
4292,399.06448
76467,531.72437
43543,980.5497
13755,1637.434
56294,602.3466
73217,2430.5625
13280,2719.9585
84404,1067.9019
75629,892.17126
53833,2241.2358
21729,856.8953
47320,2485.3428
75046,267.1236
86490,12038.807
56384,1215.8048
57493,3596.4622
2338,1482.3135
37992,4517.022
57789,3871.566
51954,2783.1213
27970,4952.9004
46949,28034.117
56327,2063.7102
24461,14282.167
64187,2796.9707
3949,5606.3525
67651,2950.1487
10652,1624.5204
14733,1672.6317
46505,900.4697
62051,503.16837
21270,2534.5134
87900,3922.1177
87197,3284.2883
5895,3314.2407
17520,721.98883
58473,3609.3752
92400,1246.0327
9879,2179.7454
66199,1800.1989
65505,1115.1453
44554,4350.4585
13237,5216.575
53322,4506.3867
1487,682.8712
13806,2124.1177
41144,6000.846
90904,4866.351
18668,5453.7407
73922,4129.146
75903,1925.2904
12476,7356.821
13128,11406.475
85698,4556.6406
74734,1531.0146
38605,1257.8447
4239,3449.0754
84834,1222.259
31816,356.13602
54727,977.9221
75591,758.96545
6774,2250.8445
206,3788.7417
27696,1930.0934
9195,16222.234
4605,1266.968
64772,6247.9077
37599,2207.907
74864,1269.1084
36299,3003.1914
30537,3891.0056
91037,1941.8116
28793,758.3589
83231,828.57935
39077,1608.6912
61101,3553.005
12499,832.2317
45837,2612.346
77083,6658.8096
2863,2701.0688
16777,4588.3667
9427,827.62933
55466,965.7593
46917,664.3091
55116,506.76382
60678,1317.4813
45663,1044.5232
18125,709.8067
35810,6903.685
65397,1803.874
23209,3713.106
44037,547.1408
30626,4396.574
67511,6655.823
81905,7574.837
1806,746.1471
46430,732.3626
1854,1134.4337
88284,8849.342
30520,538.57825
50503,3034.3455
60521,578.7981
83064,3197.4055
18936,9601.014
9708,1814.1045
21357,613.30994
13077,5757.1396
36987,3330.186
16366,2379.6548
87409,2499.2627
12883,4610.432
17433,3054.997
45893,4530.3774
68476,4012.362
43362,2990.1582
92780,10166.579
80630,938.56256
46472,840.07666
68731,670.36914
53072,4040.8694
91177,619.08386
45018,510.8174
41243,5346.982
25298,7319.156
29623,2547.5417
40684,3643.9553
62534,2523.8774
24717,2919.0586
80908,667.64276
7561,1221.4585
52334,2561.3318
37454,432.86282
38396,851.9989
40192,7562.004
94977,836.4119
66991,1999.5057
91686,2337.9814
90150,1613.8654
87328,1690.8984
96273,2450.7146
85586,16347.983
34950,1036.6609
15686,1077.3193
22741,2142.1113
59830,978.7844
5678,2239.2686
66158,2831.5432
40541,895.0329
30403,764.41785
49538,1706.663
661,2071.33
84385,4895.9077
82541,1205.8258
25861,8626.816
26446,1558.4043
903,1374.7706
47581,6843.5024
86840,496.12375
90118,4989.909
44740,796.1276
96125,5120.83
59267,1797.0966
38348,1803.874
31517,1138.189
80161,2620.664
28727,3111.5044
60056,1415.5518
48296,415.12463
24106,6937.7466
86704,1356.41
86548,1409.929
21610,3409.751
38520,576.1887
39453,4524.01
70466,1630.9567
36005,3314.1401
46892,4877.544
45752,4072.4797
49476,1297.1667
18667,288.01788
10249,890.80084
46590,620.05927
55964,1461.7399
93868,1210.4674
53826,496.12375
40056,11759.267
40581,7004.913
77918,2049.57
32884,4473.198
35261,1974.9343
39723,1901.2599
68864,1335.5214
39548,3367.4082
63272,1212.7366
3973,795.84845
221,2178.076
21636,1608.6912
75373,1119.4294
75403,1620.6401
48143,2995.3757
53556,93.67101
7369,612.6251
31541,9506.058
41013,1767.0027
3065,459.09595
23797,2772.2063
30669,781.6618
12104,901.6616
45792,4111.1475
59590,967.83185
72376,4047.905
72251,884.6796
36050,2918.1736
18021,1142.1995
62536,932.92456
45831,2260.0203
28700,3954.7112
11753,895.3103
15262,1415.967
92505,2815.8135
41933,2346.46
56928,4007.3416
13142,6481.0664
82692,1740.8425
82320,1385.6815
32923,8418.793
38925,3476.4038
85766,1148.8925
41999,1816.4426
44943,1340.0099
67855,1101.541
34998,1243.6667
72645,3505.492
7804,8748.496
71572,594.1408
46398,899.351
85980,1194.3176
24176,2412.0117
84206,1124.913
54872,1124.913
29246,2478.266
92682,1015.3014
68878,2177.9807
14664,2204.829
16463,6855.971
42135,5436.4604
29025,1254.6556
99792,1904.9243
79876,2578.0117
45191,655.5415
70248,1819.5376
41581,1253.6819
866,1703.0881
96377,5110.853
37502,318.69998
60686,392.2172
46097,2256.1614
83919,2518.5576
84172,6960.4854
27422,2788.204
16231,1972.8589
20985,4647.0327
47879,2353.1985
14130,2460.7883
30495,1468.9237
79746,2674.0083
13412,825.9922
46365,15958.561
24101,1056.3612
57584,687.9474
9468,12149.416
73382,2815.8135
18348,7334.577
41435,1685.321
41830,1669.2518
68985,2055.4844
90012,637.1358
82675,5448.802
38612,1124.913
93791,1226.1217
8736,4735.4746
27546,1853.1475
73283,1099.556
29563,599.8012
81540,890.80084
95499,644.8295
13690,1170.8021
79116,16660.754
85178,2252.8853
98198,886.5907
43828,2260.3843
36273,323.9378
13338,3779.4531
59404,2260.3843
60014,1746.5725
20736,25021.574
24321,1335.5214
16850,6584.592
65164,1250.0737
50437,2410.9905
37681,2749.9043
7871,1800.1989
45179,2980.9912
99387,5370.3447
71436,1084.9679
84845,621.5883
46424,1905.6176
65293,821.01514
27003,3685.0444
96188,13761.662
33748,11986.726
19175,413.99323
35384,1654.18
4637,1977.9425
76723,1554.3148
47746,9606.58
94249,3640.2212
26732,6093.823
15767,3166.7554
40545,3018.876
92879,510.91568
91298,2415.0435
54339,2019.962
24408,2655.8435
53666,2536.05
44644,1913.5497
89421,1223.8987
80116,3527.0151
61325,14681.043
44576,588.20105
61023,736.94745
39819,513.93494
77563,2162.2964
53204,2973.8076
51955,3016.0283
28288,900.75586
57838,1804.2129
41578,718.04767
46555,1620.6401
89578,861.27905
30956,1408.1073
23266,2214.1438
77173,5776.1226
31264,1136.8066
46103,854.9515
3271,4558.6787
14232,1654.2948
19081,545.0173
83012,2462.9565
35463,1223.8035
78338,3418.66
87108,3279.0784
98955,2433.3533
97381,2126.8052
52310,7208.6035
17544,931.6495
11769,5472.5024
30133,1535.4236
28323,3382.0154
82110,4081.78
24574,1318.9031
46224,3441.512
97459,736.94745
25021,588.98724
10884,992.9563
13238,2615.3367
42036,3367.2656
4585,14242.532
17635,3133.6987
56513,6505.8257
92710,1554.663
90903,1183.063
7907,3100.6846
34017,415.12463
26587,1651.6978
82551,2772.6914
80419,1638.0356
15181,1446.3132
27248,1926.0697
64480,1737.3792
79777,3071.763
36921,2424.4443
27731,716.5137
50440,3494.9011
20131,1295.1909
85678,1901.195
12167,759.0437
68421,2573.992
53751,2723.4944
98263,1507.3676
34924,5171.407
19623,957.81506
94062,868.78613
59402,1012.05914
86897,1722.5463
17498,625.18115
34062,4143.084
84743,1233.2709
50600,3353.264
77313,1654.2948
13432,3248.0754
88585,2191.0127
80464,928.1822
58329,3593.8123
91644,1064.6552
49190,1782.606
96530,2330.7632
65699,2012.3372
67224,1865.4824
21251,1127.0367
77359,733.4205
27460,1506.9006
22183,3214.5862
41388,2030.9062
66258,904.0931
24112,1008.8747
77267,4257.3726
48400,1765.7896
51549,4280.8613
95002,2632.0378
72306,5327.1445
27540,1356.9623
2206,3283.6301
83390,1385.6815
15424,1794.4653
16310,7334.3867
11057,3739.338
38776,1941.8116
28751,3115.8086
75368,1938.1328
82069,3685.0444
48300,1494.3853
1186,2016.7441
3227,1148.8925
32204,1797.9996
48882,1543.5826
87281,2504.9597
64928,1825.5112
67899,618.0667
21219,1123.2688
168,683.8709
45025,1751.6172
66013,432.86282
42796,1215.005
50101,3553.9775
12096,2862.604
37766,5010.906
9888,746.712
15829,2314.7698
68391,2820.254
32127,1192.3771
7776,3289.7795
60790,10642.596
29596,673.28796
38246,2535.9673
94864,9225.569
89232,3505.492
30188,2170.9216
10101,290.9774
3437,5360.223
70438,16474.293
84754,25358.516
72638,2263.589
27027,2184.682
93343,1070.2125
44676,1638.6252
89349,1758.6864
3718,6591.9062
35295,4588.3667
32345,1264.9429
6268,4971.8804
91936,2251.641
93181,1221.4585
12760,185.82755
69515,4320.2217
20828,12385.181
71475,2108.705
97774,689.5497
87382,794.23145
83052,644.8295
81087,3169.8271
31119,501.12213
37473,2042.3289
31139,13758.401
49787,8005.0474
44361,563.6116
30026,1584.4803
4416,1014.62256
64533,8827.281
53143,8396.824
91796,2565.0427
3543,4002.7678
3852,2768.5325
94533,3235.5283
78573,12492.553
77390,1457.8541
49361,2499.2627
73038,4311.4707
24737,1143.6132
26728,1451.7595
22013,441.58524
32821,644.22876
41622,2852.998
63617,14855.227
12657,9217.272
72088,830.7366
29408,674.4622
14190,1803.874
54048,2999.307
26490,2575.5547
44468,2172.0996
11586,1592.5675
31041,3666.7056
96182,576.54126
80090,1144.0248
29228,966.36285
77100,3953.6113
31404,1091.3274
8852,3584.1907
87511,934.9643
75722,7083.214
88907,1510.5088
75952,3252.8079
26393,733.27435
42248,2062.8538
38008,3720.4124
89198,2296.681
55582,5153.9253
76933,13354.235
94303,7468.869
43560,899.351
12411,10360.928
37696,636.8772
61678,1120.8196
53138,929.2276
61989,500.4629
59176,683.556
86876,8687.125
38506,4295.3115
49762,891.00653
10017,1082.5564
60353,8353.749
34429,2401.4507
26027,451.96
81805,1584.4803
18482,5028.0913
27749,4158.1255
52233,1952.9137
99518,6333.167
49057,2211.0408
13669,2366.691
66725,5436.4604
48584,7462.1147
48798,2428.477
66320,4672.3535
23261,3432.9756
12585,2269.6936
92736,854.9515
75727,3690.3623
13854,2102.8672
61783,4427.58
66058,3810.9287
92800,1101.5096
34908,1360.0305
68658,4982.0864
20323,4567.042
28581,813.75055
15377,1085.7855
69508,1695.1274
5001,485.44162
68368,1375.1788
34432,466.70724
23032,2011.9382
27234,8800.07
5760,827.4372
79076,6381.259
31530,587.33026
51106,5135.183
40984,1084.9679
42576,2519.7725
28306,767.0415
92424,1318.9031
3631,1389.2399
15327,2995.3757
37373,2403.5679
20080,1513.2101
50531,1742.775
78819,22452.717
31802,3130.3235
46934,4227.2363
66819,1497.5297
29107,746.712
42169,3359.0156
37616,3057.0713
5996,621.7414
6159,2629.4485
59541,7829.7954
42636,2126.3882
64970,3671.3616
36097,10496.598
65832,1414.4886
28406,1204.3279
99136,767.0415
65313,2864.3916
22991,3593.193
74577,885.573
42955,1271.8015
51559,1209.082
46121,2376.133
10829,1349.2219
72066,610.3145
39922,1582.2855
57963,1380.2522
31738,5362.2593
70162,895.0329
72912,2962.9944
17247,921.7782
82087,1835.6422
25001,4396.9297
62661,2487.9204
53508,6119.5757
3350,1891.9014
74024,4265.3545
8623,5413.827
41690,949.8607
73518,2627.675
91910,3359.0156
48194,1669.2518
23381,2177.3726
52353,6653.149
41088,13930.297
1078,770.2253
25922,2937.9382
75002,3902.3357
92613,13192.259
96925,2296.5806
10095,1623.3861
41313,2217.443
35180,1459.4298
64847,3043.3118
26396,1313.3992
77678,1737.6415
54767,3517.2969
48311,2207.5247
83003,1307.0702
15658,7813.631
75582,2278.4802
50728,4897.5244
71654,1510.5088
24691,11005.053
15795,4665.965
79512,983.8621
72029,319.5232
25409,2538.2422
36167,3886.9656
90897,4454.221
25009,391.5683
83275,4986.837
62850,4184.324
19940,589.4767
1444,555.6818
49583,1101.541
48760,2576.7368
8664,1627.0392
43962,444.58237
44974,3587.14
34834,1448.2192
91264,4387.5967
95097,4758.4727
69110,3710.4512
40454,5760.504
46036,4220.8164
58696,4759.825
78981,2433.3533
98205,3635.964
44514,3071.473
82349,506.91544
34045,5673.376
67797,2041.1644
30625,2466.0837
20219,6122.463
9743,3993.5498
77197,2174.6213
87580,1549.2102
49753,1263.987
55256,1342.1971
5623,1796.6935
80844,380.53662
73918,2212.5432
71812,3291.253
72573,2072.3516
57331,5060.931
34821,19105.945
49967,10199.295
66014,1513.5908
50035,4535.5947
96994,1703.0881
5271,1194.1556
76953,3040.6555
48127,1540.6982
13100,997.3402
16903,12134.112
86603,1831.8542
57547,11464.543
15558,4033.4036
41433,2022.2897
84944,3993.94
98011,2140.6343
48332,2321.9155
85421,4554.27
59028,3039.353
54984,4452.649
63687,472.97614
53296,1454.0048
64274,19187.54
27471,2733.2278
67834,1336.7678
38851,3106.0127
31913,350.0586
36622,3410.8682
24892,5619.031
40805,2477.8445
12258,3183.4956
13047,1148.8925
14266,2603.3494
29216,17212.37
80935,2321.9414
80124,2884.2217
25680,648.2272
42005,3680.4307
28243,2177.256
40489,1645.0326
23580,3926.7964
62119,5624.1055
2219,2259.4592
95811,1020.4768
46323,5501.9873
33058,4025.915
72867,5485.242
48299,1631.9369
17268,1136.1405
66781,10685.367
14893,799.90607
45066,1400.1298
61405,851.9989
6903,3813.5762
48043,1209.3295
42668,2286.51
53967,481.23788
96908,3248.8992
78609,1834.9729
49462,1191.4968
67160,1271.8015
15804,1030.4669
27779,1937.2897
35886,2528.8838
44960,3701.218
61391,1013.8567
95453,559.1924
77849,727.19574
72743,4081.1284
6554,757.96
30062,2584.7236
61596,3849.1777
21594,848.5535
30357,5359.4067
9031,5805.357
47073,6833.462
79411,1631.5759
88852,868.78613
6896,482.48212
12678,5695.2656
14766,2012.3372
47957,2833.5115
67250,661.356
38836,7724.6655
56597,3149.3733
23726,747.0618
25702,2346.46
43234,660.4567
8793,3934.1428
77181,5370.5674
10025,2455.0205
87272,741.7052
40840,705.1709
69999,1473.2957
75327,2370.1384
79295,1215.8048
69339,2734.6685
63874,1122.0559
13714,964.38184
50249,4410.9917
73721,3423.5583
32250,825.19116
44446,693.81635
77084,1954.6979
7049,1525.0288
68272,4063.8765
43956,3864.842
80388,2469.8635
39314,747.0618
62823,4218.971
77232,1019.55676
8882,3046.4202
4285,7065.763
77003,2956.5925
80147,2558.597
99454,2899.9631
66515,2206.2134
65155,953.25604
3637,1695.1274
91604,6171.656
46910,2464.1863
47966,1658.3534
92524,610.51013
35598,1209.3295
92022,8163.6406
96827,1044.9872
1188,2000.3649
66205,1443.1946
90063,10907.696
14866,4733.9263
35942,2490.0586
42141,2722.0347
56180,978.24646
38270,6372.2627
81196,2135.4216
99605,2297.029
95626,1971.8783
22774,1665.4855
91250,679.5818
77124,576.1206
35153,1673.8997
59898,948.4403
70498,909.1372
17766,1303.8228
53332,251.23717
72529,551.60535
73381,5703.4463
75660,1041.5759
99567,4882.735
53006,9330.182
88615,1414.3369
99732,3398.7058
43575,3922.6658
13820,3013.9614
9434,3326.0154
58920,14024.356
14116,4135.6343
33288,6609.345
83058,998.1833
14299,3428.3457
50261,1935.014
4031,6045.7476
98014,1904.2056
78304,1971.3463
19933,1091.8564
86169,3254.704
53849,2085.7012
37531,1872.3542
69131,535.55896
62241,1724.6797
33917,7067.547
95520,1528.5059
98841,4150.117
60643,2057.8044
9838,1635.545
7436,2410.9377
55834,5529.963
84223,10091.517
7751,2230.5825
26949,31338.773
41792,2577.0833
74889,1057.0836
20462,4842.405
91614,459.09595
49917,379.6225
43553,11475.203
5233,3274.4666
24128,409.47098
3662,2093.1824
52427,2013.8767
27290,5326.0146
49823,3859.686
35937,10569.11
42544,990.56946
89097,1508.0377
19270,2330.7632
78097,4918.9194
52648,1009.95636
81268,1940.2499
93677,3842.8933
61295,1034.4316
34173,3129.816
92671,1826.5499
7939,7259.499
69063,1844.9724
69415,667.4801
1011,3432.9756
46071,2455.97
17580,2011.9382
26898,682.3818
46231,2259.5105
69786,1560.7626
81442,879.04236
6796,2205.1802
7158,3172.01
88964,868.78613
48537,1118.6744
95996,470.66788
77988,804.23395
50332,2132.4092
73802,1227.0173
76024,1041.5759
68506,737.1548
46546,7627.934
33881,8047.7734
20067,5049.977
44878,4396.4673
16382,1815.3989
26044,6850.0073
69090,1343.2301
92449,1860.3988
50323,1062.3295
18755,10018.159
39419,1797.0966
92657,1464.0818
32034,2313.1587
21187,2363.2126
95888,473.42496
57078,442.15598
55107,1515.1879
98160,2636.612
24854,6511.1084
16455,3619.6401
94269,2483.1858
38585,2119.52
10475,892.28906
82716,801.0478
70010,2496.483
57167,628.2543
48841,1289.5608
42919,922.70465
5590,3081.275
469,2323.2876
79172,2818.3723
33118,3843.8223
53391,2353.6602
30199,2876.0632
19226,3577.131
45424,2324.577
1402,293.9636
55617,2696.9746
6751,1058.1456
51428,1060.2023
69547,3880.2576
6675,967.20593
90675,9806.887
15069,1107.3567
51317,2296.681
81829,4700.631
10275,7817.054
63130,3402.429
40409,1989.6179
56421,5710.8306
67107,7889.9395
30444,2351.5
45166,1120.7562
17153,964.8644
17834,1246.2954
70360,1124.913
68169,9685.384
80740,3295.354
16233,1272.6914
55718,1201.5712
38239,3747.1567
12893,1514.7493
12889,2937.9382
47963,332.68756
77739,3880.6978
617,5199.155
91353,2487.8833
60656,3101.4321
49328,3823.491
92421,1041.5759
78391,2875.738
4715,4106.0786
5615,351.3455
35481,4230.0015
4347,758.6666
46040,955.56665
51670,8526.547
81016,1961.4758
21751,369.324
81999,679.9908
11331,1658.3534
16755,4472.463
29645,4071.505
45312,2462.9565
9656,2597.8286
31000,8768.811
78358,4807.512
24213,409.47098
29723,1035.0144
3878,4361.0913
10883,2937.9382
13441,2090.351
42623,1677.3817
16587,1066.3032
47606,3992.716
71219,309.91483
86112,1548.5817
6925,6131.1616
92994,1757.508
21899,24632.047
4586,900.4697
37399,1669.2518
77855,847.8687
36690,682.1981
13826,1592.5675
36930,3069.8882
794,2496.483
2248,1967.1744
53862,3176.1838
32346,1997.8469
24779,3769.313
63665,721.98883
20150,1579.1669
18052,377.86053
23937,3494.9011
19132,1400.2905
70999,1446.3132
52511,2439.1868
1728,717.5546
76733,9758.489
22160,910.7499
70434,504.92032
11179,692.63007
31304,3100.6846
24661,8563.364
86301,1853.1475
27069,1551.9556
27002,6972.1304
49408,5026.699
23341,1347.8635
6250,791.1647
31597,2301.1492
2902,1558.4043
42012,1624.5204
91320,375.80453
307,925.41327
34242,8743.826
45340,1997.8469
41205,3572.416
49211,3835.6267
65024,1653.4017
38877,2774.5837
8258,3286.6562
30027,4111.1475
85981,2551.868
45100,2944.6233
27929,1974.9343
54235,751.1383
18643,1635.545
13809,19768.252
76061,1134.6926
59337,2024.4291
65189,1423.6102
40905,10366.649
25411,1191.0219
37779,11287.732
85454,2021.5614
96932,604.2397
69270,541.0062
18362,3861.4656
91372,1557.4335
20882,5388.114
52465,3450.4392
64320,7944.1797
84100,4572.161
79466,1855.3584
85581,612.6251
19673,6390.6714
42600,1763.9648
78632,2949.8289
99226,9261.637
39622,1191.4968
90370,3101.4006
8334,1593.1417
31436,315.3604
33249,4065.7935
56461,2627.8374
38914,1064.6552
59888,3607.2197
34044,590.06433
74798,2108.3123
86815,786.49554
93106,4012.4724
88295,825.3015
72710,1895.9083
30904,1741.131
76524,2826.8281
9283,3918.382
30318,2742.1353
95712,1624.5204
21892,1533.4688
26017,7037.4243
23054,2182.4321
79894,2260.0203
72384,537.88965
79664,2619.756
30478,2863.8245
47807,1300.938
13273,10138.707
8039,2018.5461
80667,2781.7188
36195,4168.0874
1517,2182.1614
92229,882.8663
83221,1864.3512
61182,3647.2815
98179,5345.1333
92303,2660.1812
54554,3295.191
11083,1505.0569
75390,3848.456
31226,1658.8352
87171,1909.3107
976,798.7318
92357,1594.0371
84894,3760.3433
80138,2379.2046
19730,644.8295
95846,527.6479
65237,1074.9673
37048,3227.0498
80827,1111.8771
93003,7250.829
35807,5324.5947
64758,4419.785
40362,1031.7767
27940,8063.631
29442,3296.3777
86220,813.315
57759,1396.6893
59691,9816.418
26483,3804.169
37216,2902.8542
59327,1593.1417
96655,919.85315
52980,927.3815
17791,1132.8463
35608,2646.7478
63051,4131.3193
10441,881.2304
20832,1230.0345
72443,180.14824
66016,2822.6733
7844,851.4149
49567,1510.0979
87883,4109.796
52662,3993.94
39403,1052.2203
13257,5060.9756
46428,1146.8751
23947,942.83234
74697,6395.1475
54308,5622.937
1195,6156.514
93645,1255.1718
49955,1395.4069
49900,988.6628
33655,3842.2244
33187,181.98091
57799,2748.7083
33990,2164.9646
12617,8125.544
57368,932.82227
61847,5994.0464
84924,285.7717
23894,4269.2607
90363,3406.4646
76048,11192.91
36863,1306.3911
35151,2176.654
83784,1419.1675
21694,2898.1074
95351,3671.3616
623,2597.1594
53113,3661.2385
93454,12494.702
70427,1425.8384
2368,1234.5558
25560,1940.0768
45317,1302.4901
23176,4040.3027
20635,5352.423
14253,1588.1149
18318,2133.054
2872,4651.9385
84531,2670.8691
3496,1380.0865
36832,2860.992
28796,6073.56
37024,1787.3634
41775,2991.495
24396,7385.3857
91020,1267.0046
2003,7196.7915
8807,7598.7603
20957,5526.2266
5228,1749.0304
3278,1551.9069
28565,1743.4015
87175,2214.1438
92949,1256.043
94654,2104.1577
39297,2414.6086
84124,1088.0962
33932,19820.643
25737,1172.1702
20367,840.5702
83103,1429.6195
87618,4122.17
95359,2927.7812
64667,3272.1636
14941,350.0586
1726,1760.681
48870,2124.1177
77778,3518.6948
38481,1246.0327
54354,1037.5487
13198,2018.5717
45959,6168.7354
38420,324.85547
77964,1979.4309
69331,4874.058
80565,2672.814
99479,2867.4832
84477,375.80453
48,4117.5566
16164,7373.52
78593,1256.4105
17199,1505.7579
48763,4984.618
94541,3694.1897
61272,934.9071
31104,3804.169
23336,1905.6176
38913,4150.117
72338,6939.7476
89880,2452.8044
84547,11040.94
48666,7207.6636
18305,536.3645
8033,3757.783
96545,1382.5629
28909,4563.262
69928,322.79947
47429,290.9774
64871,220.80704
52549,1397.3104
31788,3309.313
89898,534.1009
85182,15820.785
88001,2040.5375
41876,1846.2521
99405,5425.9805
40420,1497.8354
27320,2283.4011
77481,473.65497
35484,1361.8147
94159,3369.1736
83686,2898.1074
53360,2207.011
55580,1386.9323
32608,331.6148
56269,1913.5497
29514,1582.2855
49834,26673.81
50797,792.77325
98670,2777.9277
39399,7443.2505
60606,1850.8125
67371,5625.1846
44750,886.8804
81356,605.41394
51449,3222.8115
97219,1378.2913
35576,2131.4155
66892,3789.8806
78165,3517.6138
1109,3650.5764
71110,2264.9402
60086,6243.673
30377,2193.9019
14295,2814.1543
21534,1429.9153
66661,1205.7946
82907,1510.5088
5080,2623.284
64751,3186.9673
29673,1854.6794
82874,1602.013
80044,3678.7092
89147,1947.8156
26485,1673.8997
92574,2177.609
21927,5997.171
70645,1300.6968
75057,1492.9152
97316,4589.17
35467,838.9708
79235,6437.6953
69873,655.6837
55050,3489.713
49219,1741.5995
94808,2956.7422
2819,6856.3545
54000,3553.9775
62179,4917.529
83100,1791.8796
37797,171.7864
93674,5459.839
20693,10599.755
61869,475.6238
87266,3730.351
47727,439.76608
95491,851.8549
8415,2123.8408
86143,3335.769
88848,1049.1031
56943,1599.6259
46316,1192.3771
14136,3617.4797
6689,982.86255
41561,746.1471
29197,3581.5176
85655,3301.3694
17527,2217.6091
56693,1299.0168
64566,955.2513
87256,6572.557
14831,2214.1438
71375,1191.199
52292,1318.9031
44798,887.76495
12518,927.3815
99686,3314.2407
87397,1589.7596
6424,1631.0938
95771,3667.794
8377,6761.7314
25519,6551.4346
35086,4511.136
32138,1554.4501
15771,2346.46
39744,8705.121
76254,843.5751
78930,5293.815
90329,3278.9841
17944,5703.8115
96981,1743.5266
95641,4529.2676
13746,1392.0028
45594,1306.3911
22855,1604.4795
56480,3214.058
20242,1628.7589
73910,1264.0353
28718,1352.9714
82781,4529.9536
48452,2385.8352
63012,8542.545
64292,732.088
94884,2160.8313
26364,1059.4783
71787,2584.339
65537,1164.3596
9349,2392.6033
3936,1031.7767
39473,1101.541
64873,3265.2712
77151,4666.7256
74195,3713.8967
22644,1352.9714
67021,1687.9896
33243,2636.612
55584,4487.332
15260,4421.4556
60241,1288.8367
84963,782.7752
1458,4285.273
65143,1303.0328
52408,1485.1791
91310,5725.831
81834,2999.307
70907,1376.5433
75946,2611.5137
16046,8373.555
24613,1456.429
98212,5272.2397
91132,7435.468
23436,887.08014
66292,787.4489
79938,8352.073
7356,794.6246
46929,1092.8217
56791,10063.257
74849,1974.4075
13374,2960.3225
101,3306.09
20315,1223.1189
3371,1581.0824
14737,5166.775
9936,4106.271
14981,1085.856
80291,1221.4585
72,2754.8667
55031,3438.4915
88502,1190.1786
70435,1069.8717
21778,4611.4775
57061,2259.7852
44573,879.7272
44992,3004.1924
62156,1462.0055
65825,2162.5872
64230,1179.6343
85850,556.1287
4350,3135.7026
10810,900.9667
17437,2271.2263
40798,2450.634
57338,3828.2202
1218,3667.1592
80189,2172.0996
79,2302.0645
65949,2084.344
48552,4298.4683
1111,2914.3481
19712,1007.7603
45570,1317.5793
40895,758.8031
56784,1512.9305
11710,19583.111
4383,2976.6821
83079,1838.6362
80260,1377.9409
69936,1528.5059
55368,1227.1431
66111,6726.8057
74726,3562.6035
83685,2793.9214
21976,954.8786
79296,4687.5835
69449,1168.8109
69259,519.507
56347,1935.014
27301,1945.9603
22665,4856.1514
50305,29100.613
13302,1289.5608
44454,2376.934
66571,1382.7229
93882,1168.3179
99456,12569.704
67639,1707.9205
93170,3240.981
13274,3301.6953
47139,1034.4316
38688,2381.32
82883,2469.45
34006,898.8765
22609,3615.7336
37901,1418.9556
48110,1191.037
72156,1643.7985
38289,3905.9998
3867,1140.4988
63674,962.403
19822,788.038
11732,6966.235
67995,1558.4043
36430,10010.679
20567,1796.5907
64076,2170.5684
82813,2213.3076
81416,4648.2666
47905,1531.0146
14291,989.5919
24876,1450.936
9647,6630.941
87205,1971.8323
42620,8005.2056
55642,2595.2173
66919,3759.07
42596,623.1638
45093,337.81488
37732,1234.5558
29077,1088.7378
27617,8034.595
8559,3178.4724
50325,1318.5573
93768,499.7146
35866,2404.9397
50387,2572.4614
41537,863.76416
99985,1971.8323
10971,2164.9646
1424,163.82547
33714,3061.8733
7874,1524.957
53879,7610.8896
59824,860.1536
38185,1500.7483
58810,1616.8427
1628,5010.0073
74624,2734.6685
70814,5087.1177
89343,1816.4684
87031,1289.5608
36843,2013.7526
94664,2515.476
53444,1935.0485
43840,982.86255
62938,4034.8765
66457,545.0173
57147,231.04073
29116,1620.4811
16911,2702.556
63581,770.1553
81239,1249.2306
66620,916.5294
99531,6402.9263
7734,2379.6548
5358,1204.6898
15066,1905.6438
16649,723.13403
53266,1822.5198
5731,5111.106
46527,2246.1875
14738,2608.252
67510,1898.8654
18382,2527.429
87711,2251.641
79179,3348.074
82289,1414.4886
77419,2021.6648
17300,695.45465
60745,2649.2524
93894,748.74384
85117,2873.7864
6901,9132.066
34329,14282.317
25391,4733.0034
92551,2918.6526
61019,9387.779
700,1490.6084
79812,1987.277
40082,8752.254
39541,712.826
50343,1864.3512
72049,3768.8938
44842,1554.5068
42761,868.1013
55770,3074.8667
87280,2607.6592
8397,3617.5708
87464,807.1331
13748,1113.911
29145,3300.86
55574,1802.2902
51064,2826.8281
21532,413.12918
10004,1844.9724
2861,1984.9719
69702,4717.342
23755,1844.9724
48849,4022.009
74594,3452.0479
21785,6961.808
59374,1860.192
98490,9397.811
48313,1029.7999
55217,12180.856
87276,5642.562
38816,3991.0042
8294,8346.686
55232,1145.8885
95361,1756.7418
29456,3843.9302
39494,1959.0846
61589,5498.6284
50684,1929.9625
21713,2333.157
83551,3403.7324
12739,1061.5475
3213,1611.1211
1014,2283.4011
81842,3702.922
43326,3570.4614
29578,2055.4844
37142,1474.0038
19708,3708.7427
11287,839.2336
32311,1207.9757
15112,3028.141
42896,3743.0166
94789,7407.621
43796,2251.7
33732,1268.6844
62894,940.6241
40971,602.17017
52545,1148.2079
43483,746.02716
14122,1257.6361
19183,2764.3477
90441,1283.3364
94203,2009.8479
51888,1165.6923
34348,2824.6057
21506,7585.663
15355,650.21063
21634,1284.1315
13118,7969.897
48234,568.2772
68486,551.60535
16299,1286.4421
99266,9802.723
34870,6908.87
9437,4546.9497
41252,2972.8032
4077,2309.6277
38429,1540.6982
95363,5269.3896
20322,4366.1045
9771,340.31375
85193,345.70248
47427,1363.0634
43704,3956.8857
89881,678.6272
56032,1637.3993
78525,2391.384
47416,22976.668
50710,1673.8997
42778,2311.6787
31864,1987.7649
1600,3132.1562
22555,981.26575
64715,3704.109
78504,343.7114
17220,2573.992
95864,2036.7225
48071,10444.391
82301,6200.4565
99090,11665.08
12609,636.8772
58927,2972.4487
79926,3015.3738
6876,921.17755
5106,2738.4617
6869,1356.6455
71423,3907.8594
29745,3589.2253
89417,1624.5204
97075,2686.8184
4291,2615.9436
77989,4170.3086
45464,4387.6265
43899,1589.7596
62793,696.6237
26626,1622.1451
57899,2314.9575
34795,561.2909
10427,1773.0315
61069,1130.8656
50857,2629.4485
94539,9122.365
12085,1380.0865
26463,627.44604
21907,4824.4985
72179,6586.027
86008,3217.0508
14939,4876.6514
61411,3533.9622
80344,2111.4312
67687,979.8196
62747,1566.4895
30406,4874.5547
1016,2103.2515
44900,563.6116
85145,780.48755
2542,1108.7584
73410,2570.4414
17192,1492.0801
58451,1964.5988
10206,2497.678
44459,2845.9814
2494,2342.7932
51215,1285.6948
52463,1041.5759
75820,878.8867
5598,3914.6416
83393,1595.3584
82122,9125.393
35160,2465.9883
4415,7227.9683
78144,1915.7678
8921,2904.7195
42850,6183.788
34803,6968.224
70308,4169.6304
91276,13429.177
30861,2546.759
19559,1265.4235
10822,1803.874
82477,4522.807
69601,12137.201
91696,19297.12
11400,498.0513
68356,6589.089
24248,3319.1912
27448,3057.1865
37452,2844.4006
43131,2593.457
6817,2021.7003
78401,1366.0602
92943,1816.3326
33546,7429.9683
66663,1525.0288
23404,3812.2437
21547,3710.0093
81381,462.20035
26030,781.6618
28199,1142.1995
47832,3342.9233
95043,3648.601
70945,746.1471
83939,1980.3231
75097,1260.8677
73005,3160.317
56161,4648.2666
69565,1658.1686
93752,2059.2605
86627,734.1355
70774,1441.578
36660,1545.6418
55925,2667.1787
62435,16241.006
47536,4255.446
76971,1548.6729
303,3757.783
29071,859.665
31899,1164.3596
69983,2617.041
46432,4785.3564
19966,2235.972
5518,1707.6372
47356,1538.7068
55339,421.34116
61564,228.43901
78602,1895.9083
39957,7790.91
25646,3076.8704
45754,13111.309
57549,3382.0154
84606,524.4224
14407,3594.8145
22938,3572.219
61740,2360.626
6040,1853.9126
39309,5548.5312
31641,2373.8438
86466,1065.5867
8779,1178.9556
30042,7131.265
23876,2250.5078
83094,2067.428
82224,2214.1438
42695,1895.8873
82814,5370.355
33627,195.93129
14000,1743.5237
59113,2255.0425
54527,2250.3164
74811,1001.37274
28733,4143.1274
94486,3034.8062
26303,6657.4
53,852.53973
47933,1895.8873
88682,3536.5957
70872,900.93805
80953,1490.6084
67544,1278.0175
68144,1345.9061
43353,3702.922
60388,4903.5957
60855,1158.7971
74268,2512.852
65968,1248.6155
93121,1136.1221
8773,4468.097
2591,1101.541
23682,616.8926
28732,1761.2833
29428,981.0391
59716,183.13159
62831,766.3627
66750,4672.3535
99270,4543.039
67836,1250.5632
26472,1089.0847
80520,1139.4546
73402,2568.4197
8554,1240.917
77994,30376.264
33613,2437.414
57757,6017.0234
35007,3206.584
95767,3377.7021
49055,1214.9666
86561,2556.6633
86570,2073.1504
37286,322.79947
45626,2805.2878
80863,3210.6824
33373,2995.5315
91717,520.08136
67007,2118.9946
75113,2309.6277
53884,1673.8997
66584,2197.618
35910,1650.8713
78732,661.9502
56443,1077.6854
1948,1428.7577
42635,524.15784
1007,1063.33
36030,2852.998
65897,662.8758
27151,3437.8118
1841,3027.3076
67963,3468.4846
87257,7407.0596
91182,2132.8916
11103,1797.1322
99107,12323.252
98165,4716.833
1266,8106.559
478,4750.3555
10136,694.5816
83853,4060.908
55681,1025.1725
77777,993.57806
51044,719.3257
88041,679.5818
27351,28728.643
61371,7231.824
67986,5819.263
32067,5591.3887
42780,652.7423
15934,750.32916
84450,2257.0952
44086,1007.7603
1520,1707.9205
95173,1166.1818
7380,1001.3572
31563,1477.0841
82254,1654.2948
15792,527.6479
50566,445.30655
6209,5569.016
59834,5110.853
95091,2537.0088
52258,505.22415
11675,378.4482
5728,1052.6885
11765,1418.9556
16010,867.73206
89695,5976.952
38999,2073.1504
66811,5984.959
48397,925.43365
64337,1761.5066
15322,2063.7102
91886,1306.9414
37162,7131.265
90095,1925.2904
25455,323.9378
61116,4572.161
36443,8886.724
13449,1134.9232
52537,3359.1958
56174,3813.5762
71124,4872.449
90909,6419.4023
55239,860.1536
94874,1971.8323
30474,4890.7603
45762,2461.262
64803,1961.1945
74461,1002.1555
2890,4080.0063
74202,420.8254
84523,4324.5776
23258,1093.4882
12699,3818.604
71113,473.42496
15994,5960.611
18930,4100.5938
72357,153.50687
24675,9694.25
38358,818.2433
42877,209.76607
94268,6466.711
76336,1682.1979
43738,1565.4415
74759,32105.422
15213,1317.5793
60875,3115.8086
70226,3321.7925
29975,2752.0923
73396,1253.6819
31427,4062.9614
15628,526.63074
65423,656.71295
42035,2460.3918
53890,519.86725
92563,2620.664
52383,2944.6233
73950,649.7469
54352,941.4998
58784,1510.5088
24223,3355.0332
89090,562.08777
4040,990.2011
11116,1230.5991
24655,1925.2904
95409,2932.0574
4798,1636.7205
91403,18973.68
60740,1406.5883
40873,7350.75
4225,2794.8403
17819,1204.3279
5719,2909.4348
97895,2945.7288
18267,914.0678
90004,2689.917
85940,2491.337
83637,3399.0745
54584,7755.241
57966,1253.6819
81713,1904.2056
60287,4220.9653
68681,1438.1547
61559,364.14807
4783,1113.4458
36802,1699.9695
29370,1816.4426
8671,2273.7214
9318,4711.2305
99983,2422.1045
55591,2138.4883
39213,5725.831
858,5069.6714
99257,2391.384
23838,3308.6216
65883,2049.339
81471,4061.5725
34364,1250.514
47194,7928.921
72440,3568.51
99818,4047.2874
74681,2333.157
47070,1261.3099
77590,3021.094
39333,7518.0566
12143,1232.7814
69903,6603.568
55856,4071.8018
8729,2557.375
21574,645.0862
83661,3023.1597
35946,812.65466
59170,2646.7478
92942,3491.0034
13566,7561.202
24179,299.6616
20104,1309.1995
31320,449.3259
78489,2259.2363
19242,706.1276
50726,5931.877
75121,1382.5629
98650,1634.1122
16695,1019.49207
57565,1800.1989
9839,2485.392
67102,3375.8938
43114,6913.8457
47046,5811.6646
60102,621.5883
5018,1915.1659
44008,1683.2942
70866,1091.8564
50432,1490.6084
8308,6116.6914
2905,1651.1023
6515,1775.7996
53916,694.89386
22804,1342.1971
38512,8608.29
1410,1930.4354
38400,1172.9862
63848,2600.518
18776,5363.337
22726,749.6503
91894,989.5919
98691,409.47098
85759,1762.1664
75150,709.7912
23698,4002.1924
84395,804.9006
70387,2341.1404
20177,8836.205
45891,2274.9685
57558,2375.6477
20588,5437.1626
51517,2796.8308
15460,4122.17
76707,2999.9673
58120,781.272
93400,3248.8992
83690,5348.0137
60296,2179.7454
12885,4213.246
791,3463.054
3280,2015.606
5481,8372.122
47630,3603.4167
34510,3498.4048
77828,7547.085
97949,5227.742
61315,2586.6184
24384,887.76495
21025,1369.0995
64197,1744.5242
62325,3234.384
294,707.0893
86162,617.382
55007,3736.6042
75430,2998.5615
63908,942.99774
80735,5728.602
63625,2323.2876
59244,3312.8142
50739,1484.6678
83,1032.3699
65746,2077.4758
64573,2285.3943
4220,1764.836
10476,180.5995
68724,1268.3007
13703,2380.7144
57689,4387.2803
27038,1983.9335
90952,8836.495
34872,4399.4985
62218,2285.0627
31478,1647.5673
42236,2542.7825
26199,1690.8984
90576,5193.3823
38876,2896.4216
24136,1976.431
65087,8436.647
87075,4530.244
60125,1007.5182
72923,3875.472
77098,2125.427
83047,421.99008
21828,2043.6564
58594,1206.8593
8327,1923.7128
49683,4103.46
86921,1712.0885
51853,4818.7837
58778,2975.2627
70757,1707.3359
1913,1322.5953
99507,1645.0326
88715,527.31476
8494,251.88606
43927,5193.3823
4723,1874.1602
99735,1923.7128
56051,849.1043
40048,764.41785
37555,1891.0317
67822,3884.1785
79021,2130.0542
57540,2172.0996
89472,919.3637
35519,520.08136
40597,535.55896
40267,889.1703
61361,4643.5923
57374,674.4622
47760,3160.271
74981,14472.559
89203,2464.907
98961,1243.2277
97254,2781.7188
99388,3312.7258
1946,1022.0538
38374,3953.6113
85970,3223.737
55185,736.2698
92911,1206.8617
28025,799.90607
36255,10201.7705
42397,6173.775
71510,887.08014
76685,1176.4266
90321,962.2718
2748,2698.5195
92744,3842.8933
69303,2729.9307
77042,1515.0835
27243,25612.404
51167,989.9691
82402,4402.3647
92372,3309.7954
62076,776.7346
13027,1169.591
79175,1234.5558
93007,496.12375
79337,2091.1445
76311,4599.7744
14944,1594.0371
33520,590.06433
87230,1746.5725
55208,561.43884
24664,1149.5641
29674,231.04073
41416,12830.723
30024,345.43063
62640,2772.7817
61841,1449.5535
52115,2094.4214
93193,3567.2896
43731,2705.4211
83999,853.42395
42740,7105.925
77793,2021.5614
25694,3118.1375
15198,8153.7065
21757,1292.4324
49672,19683.816
67060,1306.9414
74385,8532.283
6623,1515.1879
14041,955.5974
11663,9112.225
31476,2884.4773
85594,946.04724
27768,1119.4846
19306,1876.4991
34414,10994.393
98359,1609.3191
32452,2326.0547
26283,914.0678
17679,2159.1785
84430,10634.061
61541,1672.3772
96481,4228.512
83672,1648.8102
21952,19141.982
46670,2501.244
50040,4781.506
45221,1221.4585
64375,538.5386
993,852.53973
5340,3502.814
24977,693.87976
91269,4336.0073
94483,2100.0938
37902,579.9389
319,2376.536
18285,3233.6208
99503,4313.956
75486,1414.1143
49253,1397.3325
99988,617.382
58709,3377.7668
22912,1273.7832
47762,4022.009
85070,762.965
64224,1859.021
1544,4199.274
47471,809.58765
20544,3013.5876
26492,251.88606
97784,1184.8613
44605,1060.2023
42552,769.4748
58040,1111.8308
29836,1855.0964
68829,3437.606
17071,1971.8323
68552,408.89865
69176,726.3044
22148,4860.497
77726,16148.745
10203,759.97736
36728,4598.7207
7340,1299.0168
93533,734.8138
49903,1002.64496
13300,827.361
22692,3409.6174
9970,2505.2673
87297,1325.1298
51019,7752.337
72288,2852.998
60378,6451.976
20683,429.23242
92208,1651.1761
27678,2503.7761
53411,2099.5222
74655,924.3622
78682,565.98157
95152,4885.32
73042,1687.7798
15306,616.1223
92962,443.05322
38109,8590.61
53917,2753.934
8857,6507.202
29458,1302.421
25145,4367.9917
41912,2009.4785
62065,3413.4626
29225,5513.216
63111,6584.592
36080,535.6797
2916,9111.705
9590,1306.9414
13515,1091.8564
40699,4434.81
8347,1136.1221
51067,959.0311
9309,1136.8066
18542,1573.703
8521,2555.6875
32688,1082.5564
54146,2279.4072
48352,933.55536
41598,7473.177
77548,8460.967
79827,4069.4712
54442,2035.4836
15162,2636.612
7152,1304.1564
13032,1260.7949
67045,3196.6262
55426,401.12048
13346,672.5095
21215,697.77484
5953,1972.8589
885,2565.0427
78133,1223.3153
53626,1052.2203
59971,715.0671
48806,2213.2483
35276,661.5194
61022,3806.1377
82936,947.09015
33253,2651.7927
37518,2088.0378
89747,1323.8083
14693,10074.278
96379,2816.1145
74878,1064.1261
46342,4473.198
70127,887.76495
66906,11704.714
21208,6842.7734
75907,3194.1482
56851,856.5719
47481,1797.1322
16240,1588.1493
26829,2178.2942
26375,1850.7655
59407,1893.4742
63438,639.894
58233,1153.9648
43453,290.3285
38263,3654.062
29761,2179.7454
54478,3256.9456
3571,2438.9016
48475,2212.6204
50490,1646.2446
23192,3257.769
16384,758.3589
67503,890.83875
2629,496.12375
99990,2141.097
22580,1856.5001
13166,4002.7678
44152,1969.673
27797,4085.4949
45108,2619.663
61091,8003.962
41288,1497.5297
56021,2050.3801
17589,322.79947
38694,4616.2827
65497,7039.526
13722,741.9097
71263,3680.5374
14988,1390.8934
54595,1214.6377
22003,1380.1885
78021,968.51666
83707,1151.9453
64927,2533.4546
21833,452.63882
60152,1331.1967
65028,5021.805
51743,1183.063
27583,1557.7302
21592,823.3083
99571,3732.7751
93468,1749.0131
51408,2373.8438
29390,6812.8174
31679,1904.2056
91463,961.0973
27089,1045.242
22233,525.1479
8582,23889.564
7443,1510.0979
86331,3549.6357
70267,2341.1404
79992,2291.1128
91766,2766.9014
50809,3691.9668
33767,4812.8555
7043,7192.381
89596,1928.6858
60963,1510.8673
62647,1230.0345
96519,1834.7667
75210,2989.6404
71525,4081.0127
92921,2176.6265
29755,1900.132
25267,361.18857
68678,1318.9031
9553,4640.054
11598,5539.394
53161,779.6251
49811,1704.2395
57251,209.76607
67319,4174.071
49382,3241.8965
71282,2090.3916
4767,2189.1953
87855,734.8138
36356,2167.4475
78984,8675.0205
9942,1855.9994
9577,3215.9133
85717,1328.5444
16983,345.70248
1830,1822.4136
12762,1134.4337
55593,988.9071
89107,1170.8021
23722,3014.0522
73675,2619.663
54975,3165.4229
11535,526.4581
51931,916.5294
50467,1208.2853
89566,5557.109
1845,1449.0458
22163,1192.1959
37145,138.91385
9606,1588.1149
43012,4668.4473
89563,4893.4634
75141,4553.2803
80039,3553.404
45438,3258.7773
52468,5705.1216
30953,2223.886
30579,8417.806
96684,2150.3828
47016,4902.0845
55631,2302.0645
42829,792.3321
89082,1160.7919
52116,1342.8203
25550,4036.8733
43545,879.04236
39270,3257.9575
16107,2510.0164
11270,683.8709
39004,1306.5807
74271,1960.9426
52870,507.79813
15909,4374.6895
10043,1211.4222
10111,877.619
45732,1294.0481
4917,2356.4258
16435,4322.2437
46175,1707.9205
94053,2070.0583
23922,4525.688
89825,1406.495
25077,1550.8923
51427,1565.4415
67217,1997.8154
51398,3940.0916
52958,1619.505
51361,6446.5693
59797,797.6656
68099,1324.2249
39842,1284.5718
62100,3335.633
10200,3219.5488
40471,1114.7533
8804,2588.6045
74106,3008.561
36530,8824.292
1938,2950.434
43076,519.86725
42588,5480.801
12782,977.4093
32062,2288.719
63473,1627.6974
56066,4055.1262
20755,2575.8687
41678,11759.353
415,2573.992
1117,490.84027
47562,2928.412
23847,3699.016
79658,761.342
43856,3819.2837
16229,585.4591
30369,1050.2535
80374,2214.1438
58192,1304.1564
6926,2853.2231
60596,13234.757
63140,1194.0123
24536,3469.1655
90073,6284.876
93146,25356.736
91783,1791.8796
76069,887.62695
23305,4361.0913
85544,2486.668
36806,1553.2631
93785,5724.595
67476,735.4986
23335,1557.4694
94469,1230.5991
65786,927.16895
72818,7826.1733
11501,9290.901
17790,2882.3845
80071,4681.9844
7519,3259.0374
88942,682.643
77523,324.52335
42331,1683.2942
6722,9585.79
23597,3199.4277
61519,2151.3936
49605,5110.9346
24292,935.58594
33685,3377.2957
61340,1510.5088
42965,2010.4242
74766,2499.9282
95339,1632.4264
69240,8453.135
4506,743.40924
11375,2201.9019
38590,2536.05
65060,4756.193
84010,2337.533
95442,1243.3477
74063,2980.579
87446,3088.4307
75860,616.5255
39990,4127.1606
3684,9427.163
21589,6108.75
68418,1611.8057
57519,2990.3196
11868,1848.8441
86370,1025.1725
89330,1215.1135
65509,435.12338
38847,3507.5837
83304,1516.8635
9459,1848.7405
37994,2097.133
74637,6845.242
50579,2557.737
15597,1394.7402
15757,467.63895
80544,958.0824
14993,12041.727
17948,1855.3584
35960,6798.137
79309,2841.8774
82917,2999.9673
3559,2164.9646
22664,1555.5536
76294,7074.697
28555,1974.4075
22127,954.8786
99663,6737.718
27662,1544.3064
50708,1616.8585
24335,1256.3236
11139,6254.733
46042,1289.5608
86475,426.48856
28660,487.72324
13479,2223.886
48066,5567.657
96710,2875.6382
79873,2954.2073
81965,4555.265
71041,6644.797
53028,1484.6678
75710,965.5218
25229,1456.429
65117,4913.705
30013,1070.9817
73237,1673.8997
83668,1408.1073
35771,2442.0205
93278,1307.0702
68158,2414.8682
19301,1124.913
719,928.4291
77961,3406.4646
23932,2107.7249
70053,1022.0538
123,6431.3037
94576,1895.8873
93167,575.2087
38394,928.4291
20336,3079.5063
63109,16006.32
14261,519.86725
213,1864.3512
70739,3240.6062
30889,1617.5215
48022,2164.2898
51857,3016.0283
93517,3608.895
60530,1289.5608
79044,22767.209
41036,1210.4628
6241,2380.3162
49106,3989.129
34910,2255.5881
58701,3511.1724
14271,487.7482
51026,1045.242
27391,1158.7971
8205,3341.7876
46134,6806.7534
55946,3730.3704
49633,5235.2144
74625,3614.813
52780,4119.2544
77895,3450.4392
25171,2221.2065
44210,2687.5134
96570,6152.443
32118,1595.3584
42245,1656.1252
20272,921.7782
31373,9411.898
57745,2325.291
75579,1650.9714
48747,1589.7596
44480,541.06335
45599,1310.1888
35469,909.1372
7982,1941.3994
84716,2593.631
66492,1335.1174
97856,683.8709
63735,5537.4683
39774,3061.5225
8679,4042.6116
78313,7847.2397
58326,1867.7157
87836,2652.6677
65722,3738.1106
49824,1762.082
37176,2172.0996
53091,286.65485
43319,25184.412
68277,6960.4854
92697,2556.6633
76112,1056.3612
90137,1028.7524
24477,1227.6326
23156,3055.2898
35351,885.7476
1850,2218.3726
88936,1756.1676
38918,832.2317
69880,2965.214
30002,2746.2134
33956,2206.1433
57957,7046.4688
34099,1645.0326
77723,645.27716
38397,1394.2139
19726,743.94055
74418,2753.8303
89936,3092.107
1821,4828.119
15833,1345.0869
18719,3061.4482
25819,322.42108
43297,16269.597
32290,2337.9814
72829,1247.6589
6611,3658.6777
50764,2489.8743
89551,2999.9673
75925,7883.4375
34331,3899.723
61682,3689.1262
26535,7603.293
28157,2949.2163
5639,3026.9758
92662,1831.8542
62842,5255.367
19077,803.61707
47662,2920.0752
60653,2051.4297
45305,3469.2217
16307,2013.8767
50997,1384.8419
19653,2578.0117
77690,4085.4949
7417,7813.631
16678,821.694
61565,1774.2665
95793,978.7844
45063,2250.3164
81580,2336.1794
23262,1005.8389
64276,1298.2206
35997,2249.385
28755,2806.4275
55123,1460.4391
62424,648.2272
7444,1945.9603
32809,2584.339
46870,2668.0962
34733,12413.728
73027,2337.539
70087,808.53595
62668,925.10333
96192,7307.592
68792,4276.8643
36879,1535.8585
29775,1620.6401
24986,462.89902
7989,453.79477
90053,1860.2888
8179,825.3015
80722,2038.7355
14035,1916.6683
25040,1490.6084
74035,4448.344
41904,2438.9016
96363,1690.8984
68698,3359.0156
51011,4394.8013
54682,2809.093
78684,3069.8882
72907,1253.6819
57187,1072.8795
59682,2925.6096
99137,1339.7017
44530,3102.7024
41402,5584.506
99528,2283.4011
84962,1561.5608
16023,1072.7274
21477,4532.4824
27839,3441.8853
68089,182.86804
30824,1726.825
89802,1339.0785
65898,2172.0996
75500,473.42496
7524,463.3096
51103,1952.9137
84439,5177.156
38370,545.0173
20282,2501.207
82304,1622.0486
18156,885.573
86700,13200.702
32917,1517.8242
29361,4690.77
84643,794.39746
83082,1091.8564
14473,1246.9741
38731,3302.7324
5756,9841.235
66560,4579.331
29414,19541.107
57586,576.54126
45930,6178.165
83084,1169.9469
88188,1367.8628
77110,4048.9011
10083,2926.0115
92598,1925.4952
4277,3625.308
76116,1378.4436
87401,6629.979
57735,2552.4517
88043,8385.678
73442,1015.3014
52394,7345.12
48063,1349.3413
83874,2302.0645
71386,2002.361
78436,769.5365
21894,1291.0688
80913,5435.5566
5879,1855.9994
34335,2569.9514
63096,1263.6268
5939,1926.4053
93689,1704.2395
2418,290.73132
74504,3677.9038
48020,5970.234
93821,1118.2639
56849,1126.9415
11937,1060.8687
22752,4031.9478
77803,2325.291
8298,1930.0934
58087,2930.163
39840,1695.5247
15744,2183.5483
24193,647.1422
71805,1331.6862
74367,450.81137
86735,1805.0865
86533,4536.1084
66004,3097.337
7870,2174.6353
25308,2265.8733
56595,10304.355
30489,8750.353
62524,529.3691
41126,502.39587
18059,3754.9485
94677,1166.3387
43764,1274.2727
84662,5313.7695
68056,1462.583
5742,7820.293
46578,803.61707
5280,2017.0199
18069,1254.6556
33406,2111.4312
97476,6392.247
66487,877.5989
54060,1960.9426
37041,1030.2894
66181,7933.9707
10504,3354.2192
6227,183.13159
56915,1815.3989
29486,5124.9155
79672,3037.4565
38004,1970.3127
20488,781.272
17206,1179.6343
25561,1194.5555
17255,1451.7595
40942,1353.6732
75294,1033.7025
86199,1651.1761
52374,4571.675
32505,2177.531
14542,7990.1836
47732,2380.1628
75164,4931.4717
64909,1452.8433
7817,2431.3472
23942,19427.152
47439,5502.516
8284,3068.897
54782,21035.014
13906,1622.543
24005,344.0556
19230,2217.183
98645,974.2562
8666,1113.7546
37199,2182.0708
69204,3285.1494
10592,3129.816
21236,1743.5237
25336,904.1213
14487,736.2698
78033,13596.816
55483,1873.4902
50784,2981.295
60975,628.4313
34257,2288.719
43936,1223.6226
24736,2867.7861
35254,736.458
22810,990.4492
71784,413.54745
72563,1582.2855
81345,4521.529
11582,6327.8584
21566,473.42496
17871,1306.9414
15967,1019.55676
24450,2283.4011
87752,4840.4272
23016,2947.1677
74161,7735.152
50146,628.957
43758,953.3985
34732,1438.1547
20252,2734.6816
17326,1439.8748
66175,421.96237
59164,1067.9019
49774,3057.1865
41296,26111.22
29536,4561.8647
42736,4015.251
66810,3183.4956
47599,2896.2588
74847,1017.4576
72783,499.71075
5797,1265.4235
57797,8169.7935
21905,4642.97
14758,650.3367
19280,1683.519
56920,2490.0586
780,12614.951
15167,2774.5837
76629,1190.9521
53256,2852.998
37329,891.69135
33843,926.72754
67549,3235.596
94132,1114.7533
2853,2302.0645
87153,1411.556
33121,5347.869
90159,2352.5425
48040,391.5683
65222,4300.4697
58635,5189.8843
58900,3030.4224
80700,534.90106
46532,1493.9215
11063,2006.6652
69345,1027.9438
55324,4366.1045
52366,694.5816
11082,1074.8774
30966,1449.7246
21680,4161.3657
12859,2544.0547
31318,2264.5835
62256,1747.3107
99748,561.2909
26796,3408.0815
74570,3843.9302
76856,3138.382
59582,21706.105
7293,4200.891
43500,3888.6978
34483,3357.6943
61092,2075.407
72503,1818.9851
49713,440.41312
72080,683.556
55498,7880.162
77035,1209.1284
73157,1148.9153
48778,2717.23
77704,2049.339
13865,1685.3632
93498,6173.708
94617,2669.749
32428,3394.9436
85051,1348.1476
56979,1153.9648
84501,1595.7576
87678,2349.619
339,985.544
20751,3502.7644
87418,1616.4342
15929,2023.0128
65224,940.6241
30786,13282.556
17972,989.42584
20195,4966.8457
23397,2019.962
18364,1002.2621
70223,1101.8667
24940,4224.8354
1108,1466.0994
100000,1143.8163
52527,4390.562
79158,2483.1858
54990,836.4119
48042,616.32776
57182,3133.3123
94370,1690.7892
63637,16185.0205
40231,665.10785
71017,2607.2288
51204,5889.582
72995,2687.5134
80843,5012.9805
1636,3690.3623
3151,1481.5483
20877,1303.8228
20054,5262.334
56149,2112.9175
48673,1982.1315
39400,2612.2817
15526,1811.8502
22996,2246.1875
95807,944.9973
93057,1284.8517
89608,4012.362
78599,3378.8638
61757,978.1055
99720,2722.0347
63449,1425.9349
79402,563.6116
74530,13418.664
99325,2006.2538
57509,4635.947
54545,5490.7007
98590,3857.5737
68070,594.8762
94708,7216.5874
63922,571.86426
22503,3070.6602
1334,3590.3423
21560,920.53796
23988,1127.5176
80243,1179.6343
35895,3635.964
50215,16177.014
85279,1654.7948
80783,1249.6709
753,1494.3853
43202,600.98615
59885,1901.2599
86875,3014.6165
22887,1086.0084
20397,551.60535
17658,6335.6367
26644,1844.9724
42691,2181.5393
64242,6000.604
42504,5028.0913
37651,595.9733
8055,2166.6821
33857,4984.1084
70680,3412.9824
36026,1077.3193
45971,3375.28
36397,1842.7002
55275,594.1408
43608,2146.7363
18309,1281.7455
66970,1001.3572
93755,1851.088
59146,9744.199
82938,621.5883
69688,3817.28
93044,798.4761
66157,13256.552
44414,4229.5186
55791,2719.9585
83326,602.26306
4418,1581.3582
24192,1610.6411
91139,559.12823
51677,1528.704
29406,2477.5632
47670,2422.1045
25563,9509.832
87309,3588.8442
69197,1423.2933
71043,1929.6328
68457,5521.72
71771,810.09814
78704,1166.3387
1966,2826.8281
12099,1842.8763
26201,840.5702
61238,5216.575
14843,1286.4421
54731,248.92656
39984,1135.4431
14310,500.4629
97556,800.40295
8670,1210.4674
61713,5110.646
11808,9324.676
69437,4113.948
93986,1921.8633
59450,2644.536
68214,1972.8589
61457,665.8143
53095,2291.0667
3242,1286.4421
7117,2914.3481
55604,1652.245
84144,1123.1362
98482,3713.9844
78552,8063.0186
28351,2176.6265
63949,1934.8146
34516,5811.6646
8218,2046.0956
41323,4474.3467
50742,3763.766
98278,4785.9663
90248,3766.3748
30253,2337.9814
13729,1808.6775
73453,2698.5261
74882,12252.785
81378,4269.2607
69257,3938.2717
24287,966.36285
98284,1763.884
95883,2151.3936
43787,5482.9023
97921,1246.3463
81819,1929.518
45539,641.036
76804,1335.5214
5475,3645.9485
36489,7851.9097
4643,781.6618
77743,286.65485
70879,3172.01
30363,4218.971
73809,2021.6648
69538,2464.907
31225,2281.3645
73335,2376.934
8082,6463.6836
89253,12281.6875
12008,2593.631
44065,1247.5972
65414,1074.9673
85367,1651.1023
85475,2925.3455
7323,1986.7784
39159,2796.9707
31280,1075.9982
32154,534.1176
64657,1874.1562
27876,7954.043
43479,5897.395
32697,4537.957
98292,1229.0654
61254,5683.405
45807,1673.7582
85095,1142.1995
51605,3432.9756
35676,1841.8538
88821,3895.6848
80092,868.82404
89362,2528.8838
90456,2558.597
10861,2021.6648
22512,6849.4824
10839,787.35626
25936,1947.8156
64502,1410.5477
83230,2240.8928
37579,2040.5178
78098,3074.056
48377,860.1536
44360,2021.6648
44128,5286.2715
1228,4427.176
4564,2889.3218
64238,2189.0154
27276,16125.911
69496,454.9456
56131,9373.035
71575,236.20685
77075,1014.62256
90833,5978.0156
78688,4391.739
68763,923.1941
6160,2013.7526
17685,2852.911
42206,319.5232
22643,10044.361
63426,2128.3533
87021,4402.566
40174,2894.3538
13876,3846.3228
59037,825.3015
42658,2497.3057
87172,4542.0894
99917,965.0176
36985,1316.0458
88091,51.839256
22901,1763.884
69941,2376.536
50360,4908.785
54155,2412.3582
16174,888.53284
78793,2010.0668
27832,1914.4755
98017,683.8709
44255,1972.8589
17881,6017.0815
97500,2575.5547
58749,650.21063
34895,4111.1475
59320,2271.0403
53357,3441.7178
48570,1801.5637
5734,3476.4038
47914,1299.9142
64424,1134.4337
10219,2464.907
93036,10668.334
67847,3059.3513
91559,4008.9744
44790,1517.199
96074,4828.644
314,1298.0814
90822,3026.36
6709,1263.4061
40716,1481.2562
34984,1234.2444
8467,4532.906
5097,1591.4906
69051,3315.9036
90812,2566.0422
27743,3167.8716
23850,2042.3289
46637,420.85168
39131,4084.497
44262,1850.7655
51085,10979.098
98058,7665.225
54359,3050.251
29396,1492.2303
74440,219.50766
97363,2942.7717
73519,1920.2463
38631,1505.0569
22605,851.9989
92651,2283.2534
97037,9763.443
49870,1155.3625
99024,1008.4451
48150,2130.9082
10809,2115.868
45699,1386.0719
81741,13447.543
91047,568.2772
28619,5391.081
44723,2588.6045
90106,1800.7554
71862,4976.0947
12924,731.34674
94354,827.4372
67119,1846.2521
7998,1455.8048
87405,528.70776
20170,1037.1428
36779,2031.8701
44301,1976.029
24751,751.1383
16595,4943.8213
94384,4367.9917
92809,1811.5549
73205,3732.1826
66076,1985.224
12717,2039.7738
83586,2772.2334
8724,487.06937
30029,709.8067
21149,5720.012
90610,6773.76
10796,7211.032
83462,3779.4531
52137,672.4279
34613,3409.057
76530,11025.572
72002,1310.1888
91847,638.44116
1305,1407.6007
16893,4111.1475
8201,1191.4968
1545,1954.0381
36744,3767.324
92746,1077.3193
26570,1940.7935
10088,2497.678
4236,4297.811
74141,1070.2617
89659,6228.739
6251,1895.9083
96832,2666.3264
59724,2241.8113
54896,2483.1858
81114,8119.8643
56929,3827.6873
60715,6613.2515
80328,4386.866
76611,1759.782
30900,5148.1187
2508,3243.6035
85925,1102.9879
13799,1842.0718
91352,2632.893
32759,800.6849
946,409.73154
99796,791.43567
35133,2759.7988
1116,1828.7671
50071,1882.3892
54100,1247.5972
40414,2225.8135
14662,5373.7075
52391,9455.175
38710,749.5869
7269,2486.489
51799,1859.8375
70059,2392.932
85928,2080.4475
90066,1423.6917
98676,1032.7766
60602,10063.526
86472,3451.9146
20724,376.294
70831,461.92365
28255,1146.9594
66269,1966.9116
32870,2433.3533
30814,5287.789
36859,2546.0806
96849,2483.1858
34425,4281.7563
56164,840.07666
7020,3650.5764
60038,2773.2046
65940,2735.8284
57726,1147.5468
41405,2505.2673
35388,1256.7723
63121,7414.0244
67436,1598.5552
14704,182.86804
46252,10899.053
74105,2487.7783
20068,1930.4354
83316,13971.774
23434,1233.1656
3032,1059.4602
96911,1031.7767
24792,5627.0483
82670,2071.9795
1362,3393.4917
4063,4663.706
32694,2615.5671
39688,1230.3405
63839,838.9708
83795,2761.2021
59649,1230.429
98053,1255.7257
80443,1009.174
34148,1077.3193
64891,2272.2253
58414,962.403
40450,3928.4858
51826,1798.2603
63516,3167.8716
77485,1126.9415
5349,1274.2727
39503,1142.1995
48912,3378.8638
84629,2128.1902
71558,1712.0885
43517,2213.864
60951,9210.877
30757,1638.0356
51985,3923.6382
59666,561.2909
74502,558.1295
17350,5398.035
34184,484.80865
42983,7914.6133
47729,940.6241
83125,2392.932
5778,4869.2676
46679,4595.999
42465,918.0499
96384,731.4905
90110,4279.147
69473,2490.8105
11358,1405.8267
43745,251.23717
1398,4952.5825
81229,10556.247
22306,9047.167
79018,1928.6858
50337,1746.5725
24388,2632.2563
39002,1630.9935
32268,3402.2854
8522,751.1383
3362,2977.9922
36511,2066.9326
88864,2904.7195
1325,4553.2803
21173,2321.9155
49478,1306.3911
55258,1255.2362
73661,1224.648
82528,6854.49
33195,1289.5608
46998,5185.2104
57037,1971.2888
76609,5497.6416
95556,2072.3516
63279,2708.8845
14357,6180.8247
36833,2472.3203
18772,3199.331
60843,2174.852
51152,1765.2351
63354,2499.2627
80739,1697.6632
19492,4199.5234
52305,5561.1523
71047,1977.0228
54400,1339.0759
39170,3829.1384
14312,702.85724
65643,2163.6836
63066,2850.6294
29985,5880.749
40790,1188.3782
9317,8681.017
565,8043.867
8744,3360.7256
30532,1260.7949
16628,4214.3047
68605,1746.5725
60431,3149.3733
71221,2505.2673
67032,1339.7017
25566,2033.6816
51147,2999.9673
6432,2321.9155
62174,653.9237
16395,2111.4312
66702,3692.3274
54218,2049.0054
27611,1937.2897
74253,2819.9707
92522,2063.7102
57677,4554.4766
29556,2510.0164
48315,4338.196
40782,3671.9805
18045,2005.651
29027,2038.299
60113,1647.5673
61857,1477.0841
43375,5214.683
92733,4369.686
76501,8252.852
28226,4472.463
37985,837.0678
99638,2990.3196
87553,4297.7495
19686,6892.5996
15550,2650.9543
67453,1935.0485
10184,393.19107
99275,1609.9916
41170,1428.5068
74986,1101.5096
14824,2063.7102
33487,1839.2782
4554,759.97736
18626,5359.4067
44415,1275.7078
38012,910.8625
33675,1639.3481
92848,2124.1177
51024,1889.3876
59058,1966.9116
24371,1380.601
12474,2015.606
75276,3307.3142
18742,4957.386
99343,932.82227
17535,1082.5564
35472,988.9071
74045,1429.9153
90956,1176.1287
82710,2703.9194
27930,2376.536
35037,2376.133
59433,5791.102
2202,423.9866
34804,7851.2583
99641,1270.1233
79930,1704.2395
83988,11057.458
99445,2499.7993
37079,3237.8513
61374,863.9642
7629,725.7616
9518,624.98596
22623,834.0403
64402,1463.382
5486,4252.5576
33248,1570.9213
70629,1085.7855
91268,966.6438
7348,2005.651
3107,3890.0876
19820,645.0862
66434,1192.3771
58757,1346.3412
75144,3409.1497
3306,1921.525
2412,7427.1514
24516,7523.8667
87109,807.16174
97779,8213.598
91172,3639.9722
16889,3659.192
3535,3203.8835
8919,3000.9153
2743,1811.5549
43614,8096.6997
87180,1300.9402
84382,1848.4425
34592,2217.443
63471,879.7272
39063,1988.0105
68923,2898.1074
55769,5140.299
31938,10689.6455
57269,1078.9321
85642,350.0586
247,14561.553
59925,527.31476
47685,1658.1686
58448,1013.8567
82830,28668.45
90448,3633.0515
14839,2410.9905
5337,1871.0415
69420,790.3517
66712,4030.3252
26161,1534.1333
28475,1123.1925
21114,2676.427
64262,3723.2283
16316,10167.43
28728,8771.737
61739,1876.2755
86191,3623.6653
22173,2902.5735
10642,2028.6973
87740,3194.1482
93995,1369.9426
32371,1605.3887
77556,1357.6102
54070,5277.6577
85134,3599.865
92885,7711.9077
45855,2133.3865
36009,4912.461
2996,4209.4688
91782,2851.5369
47442,1250.514
57854,421.99008
62608,1283.4706
71025,979.62823
82712,8139.209
38580,1203.649
36413,2191.3396
93280,960.83435
9632,1276.1741
8888,1860.0293
22042,4769.1387
7860,1904.2056
77382,6943.308
38530,3990.034
72451,2294.6753
74477,2170.9216
67187,1276.0623
24802,6154.981
26946,1234.5558
16543,1414.4886
25610,4183.7236
84639,438.94144
16378,1304.6925
9503,1551.987
30384,1345.5316
68871,2285.635
29982,2229.7346
80180,3133.3123
10082,1255.2362
83421,1310.1888
93754,2636.612
998,10188.331
50202,1281.1609
95391,1685.6444
20671,655.88293
76180,661.7183
70764,4989.9907
72348,3303.7043
4091,7906.1445
67174,4785.908
79843,1305.5381
19196,1515.1879
8688,7079.8125
59995,3493.3706
90695,2142.1465
36716,1250.6465
37166,4697.886
97369,774.71014
44850,4441.307
37647,1449.5535
87569,1201.0176
7165,3164.4084
79260,2240.8928
97496,2291.1128
8682,1264.6659
47352,1589.0748
17088,160.42783
39313,1410.5477
30813,531.04553
9243,1393.4072
2196,4193.0693
63634,2094.7917
35457,626.5899
14325,859.63715
24626,5394.1694
19405,2935.4976
48281,644.7713
82680,9700.533
60812,1941.8612
66177,209.76607
5484,886.19556
2999,1810.4807
7726,520.08136
87250,1349.3413
42555,5811.3
45664,2207.9065
89576,692.41284
32081,25498.55
97253,1303.8228
40336,8627.048
44033,937.93915
74970,12386.717
25358,4117.5566
11437,435.12338
95752,2048.3623
30336,7379.009
70266,314.02368
31660,2362.887
36095,2072.3516
80666,958.61566
66870,944.68365
13993,1079.6167
46407,1207.6506
75637,11703.13
72418,1282.5804
62789,900.7866
80258,7849.316
79663,138.91385
91794,617.4988
80692,2466.0242
2831,2039.7738
55076,3302.1218
76190,603.95197
13176,1870.2313
35782,4840.671
27952,1267.1539
14120,954.56647
91802,3366.5293
85033,20788.67
98182,2687.5864
21902,3911.0388
72468,2886.6877
59035,734.135
67470,2705.4211
11723,1728.3579
14576,3572.7944
75112,3763.8472
55752,1904.9243
58151,1836.1595
97489,2197.618
41245,1648.8102
61444,9312.318
23228,743.40924
45307,3956.902
72855,1505.0569
6700,1739.9988
91328,1050.2535
64141,2179.8198
28115,1085.1544
39199,3804.169
43346,1500.7483
44898,2361.2014
141,1920.2463
29086,2174.1372
38461,1362.1304
85590,3424.3591
46085,2954.9797
36052,2985.3828
29283,2853.4727
94377,872.3859
46650,4166.3765
86254,14121.581
13184,1588.2476
58294,2088.91
31032,1935.0485
3627,1006.76575
94774,3422.0513
53109,1020.4768
15023,2990.9197
66348,3687.5708
91432,9623.27
80786,3977.5735
71412,6915.4053
20120,2327.1228
92034,558.2716
54263,3102.0542
54021,1515.1879
49963,6406.203
73832,1163.7947
57734,2460.3918
77764,7779.255
61642,776.49176
82358,1119.456
85856,2990.3196
25192,2035.4197
4092,13326.392
73306,400.20288
56714,2861.4863
52592,5137.8022
49298,1631.0938
70041,244.87251
54847,640.9864
12125,1179.5453
44035,1864.3512
13868,1557.4531
22356,1153.9648
23712,2214.3242
76701,8270.394
1288,2988.586
37376,840.6155
3854,5871.9775
62115,1070.2125
54338,1507.3901
57633,1114.6558
25414,5419.1636
37719,3760.8157
62949,1750.0549
64930,3720.2239
3582,3785.0508
46603,1742.7216
79706,11097.211
49987,2751.976
33735,2620.541
10305,4999.822
25752,1581.3582
58710,1454.0048
38229,918.0499
17705,4091.3813
9841,9704.713
86710,5592.836
45946,1494.3853
25551,1289.6854
42226,656.3685
90609,1487.4897
93441,7753.561
63448,2958.7266
75723,1826.0367
91846,1299.5984
91931,3404.734
81931,1153.4685
87399,785.8107
4139,1683.4447
89700,5873.864
23511,2742.1353
56064,19686.348
34680,1803.874
98675,3633.0107
64200,2072.561
16623,9050.278
21238,2768.5325
21862,525.8092
77392,2696.9746
76825,494.89343
57878,4654.7
67077,2451.4902
79447,2260.0203
46839,1350.9343
23026,1930.3065
96762,2267.36
33944,585.6354
39218,3283.5127
48250,2043.6564
82911,14703.514
33704,3917.042
74944,610.51013
25425,1190.9521
2139,93.67101
83441,2142.1465
85375,1899.9762
52124,2737.9866
87556,9408.613
16715,2911.6912
15902,702.6284
9535,5087.924
89269,285.7717
6942,6930.1323
48808,1967.1744
12674,1265.826
92110,5642.5723
18429,3581.7534
29742,1297.6035
94185,873.12286
17160,1102.31
27521,2488.476
60567,1792.5585
60579,1023.9107
13205,25282.01
39324,1077.3193
88180,1670.781
93683,1350.8236
92538,6250.7085
91694,1038.9729
89415,1651.1023
18171,391.58023
63501,2072.5725
84599,801.6799
30496,695.99414
12230,2882.3845
78551,3302.7324
97803,3034.3455
41268,692.9987
4617,318.10016
74327,1062.3295
48592,10125.267
96595,2422.1045
50542,3695.659
95191,727.2507
29312,3104.1987
48443,1316.9005
80902,1840.1769
34843,1448.6859
21097,2217.6091
26005,6448.951
47863,2170.5684
36932,484.80865
96083,5088.2637
86644,4757.9165
81108,340.31375
10699,3914.6416
55845,4745.078
52496,4720.849
76998,8750.353
41290,3406.4646
85700,4735.639
62980,1024.0138
84533,3349.642
48891,1256.4105
3150,4368.787
90224,2803.2637
11491,892.28906
93473,4639.6294
54296,3185.0793
60053,965.5218
69406,2164.9646
17924,2575.5547
86526,1180.3191
95368,918.06055
12907,5107.4277
97451,1169.9469
65364,1939.5061
85819,1085.856
64211,1827.4636
40938,1220.2744
16158,3849.1777
70539,931.0431
31693,8458.122
77239,1967.6555
73469,2972.8032
72289,10156.77
23862,555.6222
90317,5024.467
79945,3624.4775
14649,3016.0283
5074,683.8709
22031,5514.082
71546,4304.1187
70150,1217.3973
57516,3728.4297
23931,13352.197
30949,1127.5176
81109,256.13312
90114,3845.196
67730,642.8894
27686,847.8687
11399,1469.4313
55782,1851.4575
93427,1136.1221
20872,4546.9497
21305,451.96
74901,1154.035
44824,2768.5325
84673,4569.9106
26582,4244.421
62290,314.0456
54809,2111.2942
76663,1646.2446
29635,1264.032
52966,759.0437
88676,12953.661
59145,3035.7214
8853,3842.2244
47018,2486.9397
55763,1342.8203
70505,18180.36
81630,2043.6564
48848,16055.563
69482,8540.084
68668,3919.843
10061,878.8867
28052,1322.3678
1023,1216.0054
19394,4506.3867
70372,1847.382
6483,2410.9905
58699,3461.279
10413,643.1585
24208,2119.52
42765,1449.5535
73490,2968.7197
88173,5885.186
99644,1768.8506
1160,2213.864
9155,449.9749
8722,824.63873
64781,1503.137
24669,1080.4028
54842,2605.269
39611,962.2718
886,734.8138
24422,2563.448
61947,20625.049
2450,1776.1084
38107,11733.181
5440,967.774
81234,2883.567
4403,5817.7734
1139,2108.001
54162,6548.7124
75872,7447.6636
5287,650.21063
73700,2021.5614
84302,1020.4768
12990,526.5311
60041,3378.3423
44245,4949.9023
99210,205.61424
85199,2288.719
72074,990.2011
92194,3149.3733
93387,3492.6597
17210,3316.9937
69393,6753.4766
83372,1252.8138
42932,2006.6652
49389,8359.019
61109,3046.9358
18933,747.0618
87219,5138.3003
42617,1567.1921
96955,3018.0022
61017,4937.5015
84917,2349.3699
65390,1166.8282
48835,15912.9795
71775,2518.5576
9228,4694.046
82564,1075.9982
2216,10353.527
58065,519.86725
2298,6638.4937
62595,3262.033
6846,11077.438
40910,1874.963
16534,886.2222
49997,2836.1106
39126,6954.0327
94747,2515.476
76634,1101.5096
24962,1152.7024
59656,6038.2407
24282,1188.3694
91652,1142.1995
19771,837.88086
45484,769.3932
30245,2939.9963
27641,645.56134
24060,1194.3176
76590,8648.992
58157,3718.2483
69459,2504.6628
49609,1068.6129
62354,868.78613
85265,3607.6794
82718,1773.5294
88561,10829.558
55897,577.09314
91199,1075.6747
79550,3566.9011
82512,7473.177
20723,1013.8567
80574,7356.2085
77666,818.64404
40755,1394.4592
69251,1063.33
29171,1997.1486
41109,1723.1682
9917,2256.1614
52456,3911.0388
36124,1617.5215
15865,545.0173
46410,4427.323
75213,1594.0371
45408,1112.6526
85280,1335.424
65482,1074.7737
80584,7425.2705
83396,906.2431
79914,8794.947
67519,1547.1124
93396,5472.994
67004,2969.0515
39217,2997.963
97417,4110.1367
6749,1871.8442
25150,3911.684
42813,2717.8074
44243,3828.354
52405,2134.9019
74239,1929.518
52181,3874.9504
32617,503.50357
52177,3062.989
45082,10096.544
72456,1023.8569
89204,1648.6155
38291,8816.338
73701,2379.6255
77012,2035.4836
86387,7326.4062
70000,7300.1523
98604,5228.478
52442,1582.5653
776,5523.819
48280,946.04724
84939,4836.773
83719,726.5109
71920,1082.5564
7827,3096.0107
10815,1217.3973
90883,6322.211
38006,2567.3123
35265,2081.321
92560,5451.883
10502,2082.0002
64504,1868.7256
73253,2953.1243
89613,4114.935
64845,825.9985
10284,1959.451
14061,1223.2606
985,1120.8196
83864,1412.7588
16571,1020.8892
90630,1741.3156
68123,5445.747
75378,2809.3435
35442,2723.8743
60827,3248.8992
86293,3650.246
81930,2687.913
49375,2807.0708
63315,5204.075
31105,1289.5608
13285,1862.8939
46100,900.48505
82652,1929.518
70462,1035.1827
51830,2363.294
67263,1913.5497
65200,4481.123
15667,2008.8196
94105,1008.942
9042,1114.9816
14233,4908.7773
84186,4670.718
78564,5312.987
58680,4648.4194
80095,356.13602
7409,1060.5702
40925,3069.5186
70390,2370.1384
895,2084.344
63270,1350.2314
82225,4965.6665
38152,5123.243
80709,4793.4785
61571,4588.3667
30230,10139.2705
44542,1306.9414
38459,1432.7489
77734,965.5218
8865,2292.8066
77654,759.97736
43971,2161.3123
65766,1204.6898
70675,1154.6399
91749,3003.3481
48531,4852.9536
29293,565.98157
73068,3035.411
39845,4407.0854
85246,759.97736
84797,2151.3936
94143,1430.8175
39179,1278.0175
33651,2273.7214
89671,1062.3295
83023,875.01227
43604,5181.064
81614,882.8663
24263,2126.3882
68246,1377.7017
14764,8014.9907
91849,376.294
99241,1284.8517
47949,4152.486
34361,10276.871
83920,2002.7573
87862,2084.344
56319,3305.3533
87093,5190.954
76277,7163.4
91481,15583.608
20730,6955.638
37845,4077.2224
39704,2420.1582
9329,1816.9579
5577,3114.7864
26809,2363.0034
68660,1237.0276
25887,3734.257
97101,1111.8771
64477,1051.0967
57555,1247.6589
52289,781.272
73289,1877.2749
25417,2888.891
89482,887.76495
17377,1122.6033
11298,2152.3528
1279,7735.152
25581,1104.7893
55329,1098.723
40608,5345.23
4939,371.57394
58381,2087.7085
67959,3257.9575
39476,2203.9958
93930,3283.6301
58812,2711.7542
32655,2214.1172
57308,4077.3826
69255,11733.104
84346,4647.0327
46620,4129.3677
69523,445.23123
20784,1979.4309
4099,1009.5536
61763,2726.7402
14685,488.07053
88930,9811.095
45064,8045.4307
98333,1651.1023
97706,441.71426
14263,499.71075
65864,1728.9006
75547,9726.412
8047,1664.996
23908,2597.636
9818,286.91003
8795,1929.5525
95214,5346.6924
19451,2463.7776
55113,1802.2902
50110,2203.027
45884,3016.0283
31764,17857.836
84389,5555.9614
9605,2970.5217
25207,1512.0692
11859,1412.7588
65647,1971.1367
6582,1123.2688
6532,3586.7515
10106,409.09988
97715,1958.7512
15011,6621.556
41677,5432.77
8057,409.47098
14598,2018.7246
13484,2867.392
12966,159.95949
86415,12412.197
74750,2040.5966
38697,1443.1946
88909,5147.5
40809,1199.2605
67415,3106.0127
82984,1031.7767
18544,5736.43
22072,697.95624
74142,3908.0527
42738,391.5683
34490,3408.41
62558,17419.334
19602,8553.719
62551,1610.7961
74181,4488.53
25797,544.8302
85949,1415.6614
89935,2411.3525
74075,1395.1215
74550,1171.1703
93297,727.414
62609,2045.7964
65084,3007.4512
26989,3285.4028
76094,5126.112
7566,5212.669
16551,2577.1921
3190,1250.6465
33621,1904.2056
58224,4467.8228
62306,5380.156
93556,2906.494
22335,2696.5554
7705,8005.6816
1676,2289.8225
42964,459.24084
40096,3760.3433
53850,2894.3538
10778,5061.552
21687,656.02814
45249,2686.8174
93492,770.7147
3491,2105.6687
18164,979.8274
93855,1880.9331
64965,5096.722
46241,932.82227
19796,7736.868
96882,1025.1725
57839,1226.3853
78466,1265.4235
9057,9642.376
53473,7797.834
40150,1183.8711
8762,1825.5112
51877,4526.9443
59412,505.5692
90875,5106.947
45176,1446.3132
9658,10486.195
99016,1416.6459
87924,1948.2092
27763,2896.99
81606,3195.4458
47625,2970.5217
52535,2362.8154
63053,4528.112
92787,1739.9185
26961,737.63226
56063,1256.7723
57013,345.70248
40209,2569.0312
38261,5418.41
91485,1133.4514
25443,4864.43
87554,1747.3107
87467,12479.569
28960,9712.933
23101,6403.6104
60365,5632.731
5770,716.5137
25748,3954.658
2178,4962.6445
70328,957.81506
80731,4599.6226
51276,4098.3657
92950,20889.139
48622,2138.8323
21890,1728.9006
207,6871.47
77432,1544.0793
19190,579.7836
11672,6265.7173
30138,6209.6855
88042,1184.2375
91273,1070.4082
89568,1654.2948
55658,2796.9707
57703,5907.995
45377,5900.015
81340,1003.0386
54667,7619.2847
19947,2120.1555
55136,2046.2157
59048,3566.5095
73588,1767.0027
40715,11060.457
91671,1505.5842
8973,4764.0376
88550,895.0329
56958,2697.026
16237,2568.4197
13771,625.6648
50904,623.4434
10011,444.13544
90127,822.3788
11630,14409.007
94484,1671.0538
23253,7537.59
79328,4988.507
51499,1318.9031
32848,421.99008
16314,1554.3148
34765,2552.4517
66023,8345.024
5750,2352.0813
43404,2280.5989
10774,3479.687
84562,2385.8352
89249,743.40924
95305,3553.404
96714,2195.7566
21209,2353.218
60750,2974.0503
64031,4432.2915
84296,547.1408
58453,6415.517
99451,1422.2406
4713,2864.2761
69082,5241.3857
63714,3881.3696
82832,792.7993
69006,3682.8835
56814,992.5364
42027,1053.0095
65478,3057.1865
72518,400.20288
53637,13490.682
27144,680.0224
49539,1230.0345
77925,6129.818
55221,1318.0981
75840,2353.6655
89290,6265.332
78043,3137.4246
66361,1102.31
27450,2006.8282
51815,1126.9415
33209,1741.3156
54905,1649.2017
96881,13285.941
50824,3740.543
4571,747.0618
42216,1971.8323
10768,2069.4238
22947,4202.428
82327,500.4629
17260,922.70465
69642,831.5662
90510,3728.0647
3531,3339.6555
13358,2505.2673
48136,5231.6357
54061,545.0173
96096,1800.7554
3805,1651.1023
77962,6941.653
35752,12315.6
12776,499.3211
74569,759.97736
87373,727.414
89021,1243.6667
30414,5087.0767
8075,695.5107
94218,4472.0293
1340,2033.6816
57335,2172.0996
27350,1041.2133
23638,3098.321
9630,2698.466
32159,7856.985
7199,4111.1475
65679,448.56235
36731,1102.31
36133,579.9389
36002,2143.7532
8104,2010.4242
86218,6239.1587
99923,1712.0885
9891,2685.5996
79799,1502.5134
65025,1127.7847
14574,1762.082
81977,4035.426
78149,1896.4458
27538,4075.7078
78890,3135.7026
75640,8083.98
32415,1456.5953
90828,3256.1228
57554,1997.8154
24490,923.14185
12019,5140.299
58821,4347.736
17978,1566.2399
16523,8017.3545
66522,5169.1406
6758,2669.749
52708,2442.0205
66462,8663.683
57533,1480.8041
1083,1191.2028
11151,3222.5715
75404,3849.1777
7306,4285.5728
13074,4684.4336
36472,2903.7827
22730,1786.788
51634,689.2106
77387,4361.0913
46474,1505.0791
50548,6181.896
3723,886.2222
45667,1006.15735
98937,673.02313
39518,6507.269
98819,1654.2948
39930,979.8196
17820,9696.702
89207,1075.9982
76091,2578.3953
70940,946.1716
99752,2696.3452
43640,12265.021
95421,2133.054
73476,345.70248
25036,1264.6659
87185,1288.8367
91613,727.414
21958,1201.0176
52120,2466.0376
78405,1153.7844
77703,2551.868
95637,758.6666
90154,2527.429
76559,682.8394
44726,647.1422
33335,1306.5807
14013,2629.477
20748,2733.2278
14384,990.70483
27626,1574.8558
57938,1233.1656
89928,1395.1215
19140,1804.2129
29589,1363.0634
25223,2990.3196
64641,1061.1553
43907,6763.75
91872,1802.2902
49263,2057.8044
23659,8326.573
2083,1241.3151
50278,2876.0632
93726,3911.9902
13483,1996.392
7585,2684.6418
16891,691.94525
69469,545.0173
74315,1199.2605
38531,182.86804
58361,1276.1741
23369,1098.6272
54111,2214.3242
44906,1590.9185
66902,1423.6102
70901,2018.5461
62112,1527.821
49996,4139.7573
32896,1966.9116
569,1737.3792
19158,1861.4886
76197,2809.2705
249,1262.7026
65359,3248.8992
61478,2901.7627
94735,1925.2904
38040,2968.7197
40844,2887.7805
94287,338.24503
27494,3406.4646
87552,906.3818
58384,1996.2205
71289,1169.9469
509,179.58719
50691,4121.647
16102,3098.321
50518,793.55444
59040,4703.5557
52877,1954.6979
20881,3502.814
807,1940.8643
78368,2108.7297
86685,448.56235
62798,1054.0085
93047,7235.642
85670,1883.718
66592,6757.8096
76847,6512.7485
1226,958.6854
31956,5032.6333
3838,3631.6538
78201,1026.3236
93032,3897.9253
85338,1212.7366
77172,4183.7236
75816,3205.7004
87306,1624.5204
92054,16382.46
49689,5175.1577
28344,843.99695
78633,4668.4473
95790,1993.4592
65271,2501.244
40201,1360.0305
87614,3938.7266
63000,610.3145
31813,2687.913
34252,5028.4473
18676,1658.3534
79951,997.0948
9563,4857.962
3416,3269.7822
12415,841.4651
13811,6027.3975
89244,1962.2063
36735,10604.368
83576,2280.2822
87101,550.66034
48408,459.09595
54654,8455.235
16519,3760.3433
96013,1191.5114
48572,2396.992
56080,1391.5133
81952,7005.7407
65335,610.3145
72394,4518.6284
71837,1557.4335
37335,2944.7175
74541,9758.9795
647,4594.3916
37632,1214.5352
60573,927.3815
14148,1647.5673
97499,1782.606
98671,2214.1438
89696,1552.4349
56389,485.44162
70607,1317.4813
87700,1445.1793
53407,2396.4705
17877,5873.626
22186,598.56195
5213,1154.035
16217,5481.567
84540,8640.323
51523,2813.3987
36680,1375.3994
98173,3496.5225
36570,4528.112
50604,2813.5764
60605,1976.9869
26918,1595.7576
46635,1393.4072
69837,1494.411
69301,5513.216
78583,2252.4622
48539,1876.2755
15507,11091.737
36758,8328.461
56207,1617.5215
66922,1898.7524
39045,856.5719
94458,1249.2306
54446,2182.1387
19149,643.1585
21813,2077.4758
6755,2620.664
48533,2597.8286
35919,1931.8954
38671,1085.5189
40945,6273.3135
30312,1413.6019
67121,1577.8342
86885,3087.2478
1506,4072.594
96399,2779.5813
92270,3154.6243
72479,4572.161
84585,1797.0802
33016,8373.555
86785,1597.712
12183,6374.0522
19359,483.67172
1408,7993.1875
49201,31860.54
64079,1944.555
79266,608.6128
7313,3892.061
59383,2979.904
43725,8042.342
72522,3710.4512
84772,2844.2917
36253,4924.008
52325,4976.4673
12694,7261.8984
88084,2177.9807
11315,2188.4482
76713,1261.3099
77033,470.538
36961,1055.4485
24410,1632.3921
63632,4609.089
771,2283.4011
96770,2111.371
13665,5918.3813
28063,9224.873
70856,2528.8838
13708,828.122
53555,1811.2706
82481,2436.258
26361,2007.9615
7493,2361.2014
9028,1775.4089
36496,910.267
62492,7905.3086
66847,1930.3065
87167,7022.091
40253,3710.3777
56133,1005.49884
40770,2737.7622
23927,8511.114
3554,1512.7477
1498,5134.972
13923,526.8154
9816,976.7008
78014,5354.095
62002,15025.067
8311,2870.3354
36914,7365.7373
72173,1611.8057
41979,524.4767
96803,1722.0345
5527,3312.8142
70218,766.4195
19993,2119.52
21945,2007.1108
71571,1577.3308
20053,1064.3696
96856,21808.898
14952,1100.8248
76327,5978.0156
60473,1278.0175
69793,1227.6326
62794,2515.0261
9674,547.78973
39858,2479.3652
93345,1789.1654
64065,1571.634
91623,1154.6437
34290,2386.842
94989,4194.4688
2106,2012.3372
40728,964.657
36670,9689.738
59316,4280.1025
97658,2594.2563
43772,2970.5217
13327,1314.1396
96591,962.3128
79666,4541.0513
18941,1704.8019
16651,5467.35
44126,668.1954
81929,2318.7966
41280,1552.9822
2652,1756.3331
17862,3340.1184
63094,1264.6659
73649,3007.6487
45,2703.5112
75045,1119.4846
64872,3354.602
40855,2526.6738
66174,4754.6055
22158,888.8012
61206,2674.3613
11490,1754.0919
63172,1071.5469
27568,1674.3087
20932,1297.1667
72425,2020.6544
42734,1070.2617
23445,5660.6475
37361,3098.321
37625,1617.7017
65333,6395.6333
67079,9787.598
55772,2274.0974
36043,5651.112
9324,932.82227
61791,6423.5874
441,2108.001
19785,1212.7366
78683,4855.6646
46672,515.72156
19791,878.5346
17328,387.0789
90733,365.24753
33082,1448.3844
37875,5371.78
63353,4215.325
11988,28682.379
18023,1066.8945
18126,2722.3792
54332,10104.475
1222,1683.6025
95337,1222.8505
91263,1641.914
50221,518.7289
46483,2946.0525
62961,1768.8506
33255,780.58716
63997,5665.3936
27599,993.9778
16393,2954.0276
6933,968.69556
94145,2188.4482
75302,1113.126
4321,3369.1736
56272,2195.7566
239,1409.433
41376,6972.1304
59842,1846.2521
96748,1527.821
3997,5227.762
94516,1166.3387
75706,1832.0062
1263,2438.9016
63497,5002.4883
75902,729.7558
66934,3524.4146
86615,8572.928
4847,886.68365
21291,9949.776
15249,2057.8044
62547,3115.8086
31471,4924.5405
186,10670.581
29822,803.61707
97186,4520.418
19841,1253.6819
3522,1210.0466
93361,1020.3998
93676,3154.8672
34047,2291.0667
68677,4128.377
18008,766.3627
55381,909.1372
41391,3695.8608
19269,2643.0974
25700,579.9389
83437,3394.5273
76512,1813.2527
17974,2112.9175
61281,700.39746
8290,561.2909
84973,2367.124
56316,893.45575
88404,652.60706
13702,3950.584
8596,420.8254
95999,8246.657
21732,5648.7695
37869,555.4469
71970,483.67172
55595,3417.1863
18740,9373.807
44353,3706.5452
21985,1201.5071
45540,1051.5862
65016,1212.7366
63743,6480.6357
30826,1835.6422
33109,315.3604
50456,4387.2803
76395,4716.833
97701,1884.0518
79797,496.12375
36436,2183.2847
57778,3351.17
2119,1024.5417
2384,605.41394
71247,505.5692
95869,11277.279
94102,5000.771
77604,710.1417
47850,2204.4265
1689,2271.0403
13035,21680.531
31095,3855.801
12828,2213.3076
71936,483.06674
98418,1016.1673
12232,937.8634
22125,8051.4224
27558,1068.6129
40781,5944.5728
71891,1309.1995
77408,1678.1494
95967,2153.0425
79583,425.63705
3275,4011.8408
23969,828.122
19352,3828.2627
94113,2496.483
68747,3133.6987
65347,4442.65
51973,8151.014
60796,1247.6589
18249,6118.962
68945,32566.832
18920,3533.9622
7055,10436.658
98161,977.9221
71921,4819.362
80515,705.1709
30840,973.7668
93049,3057.1865
20543,23886.93
86367,8118.5234
84481,3861.4656
77122,1112.3203
25848,2537.0088
26782,9805.815
56239,11138.516
13504,175.51071
40108,1460.9424
96319,1307.5691
271,5821.8604
55870,1448.251
4256,2214.1438
1967,630.945
64874,3382.2441
86518,3320.6057
51254,1393.7244
59880,1846.2991
87155,3993.94
24571,3009.3406
62997,3367.831
90832,2094.7917
22529,3001.8145
69056,2830.152
81981,2438.9016
87366,721.98883
40953,1005.5916
3244,15793.839
83816,925.83307
68956,1775.9419
14599,2281.584
36729,828.122
96937,122.75987
605,3095.041
67767,2164.9646
54233,1253.4802
68483,322.23074
93904,1477.2261
39303,2607.9084
53765,8537.103
80759,1454.684
34196,7899.5464
88370,892.28906
82986,6308.6753
30435,2800.1045
86855,645.5756
43852,8209.664
90281,2870.3196
63943,1034.0145
63539,8256.91
50436,2213.3076
85365,3720.4124
26532,783.6973
46534,2715.0496
26046,2638.333
62706,879.7272
9092,517.765
58285,1974.9343
79146,1336.7678
43102,375.80453
62538,3339.6555
93309,1114.9816
21018,3232.3872
45027,4139.7573
60876,1168.8109
26412,7260.3247
72571,1064.9133
95232,1301.6553
61239,2482.8567
12693,1786.1171
63342,4008.3176
32670,474.34256
52518,10205.677
24304,1971.2888
77072,3623.4946
56909,1382.5629
61392,6265.7705
5006,1245.4968
53505,1670.556
40208,561.2909
30004,641.49915
93503,1466.0994
39349,841.65875
6838,2099.887
96114,2937.4023
94676,3126.6074
7378,2337.533
35201,1228.1632
92724,1655.3308
31277,1250.587
38692,3400.8135
84416,5367.6377
53496,8420.692
77609,735.58496
61960,3447.284
8709,6963.2266
70122,2260.0203
17847,650.21063
36992,1311.9215
78034,4928.7476
76842,6664.6157
66059,3047.1223
62973,2494.6213
30990,525.31976
32244,802.39557
94151,3309.7954
92957,317.2126
64980,977.4093
12238,1077.3193
65484,9767.35
96451,428.06308
53620,803.61707
27136,5126.3203
27333,2471.2473
32008,647.19135
68107,1763.884
45259,1877.2749
10367,1248.6155
27645,799.22125
15947,11755.764
80458,848.5535
26643,3779.263
5511,804.91876
73214,2148.3132
58916,4712.3945
20770,1989.8062
95858,1380.1885
36900,3863.2769
95266,3665.1445
71645,3304.2388
49557,3359.1653
10761,1020.4549
13167,2657.0183
39230,3241.8809
42069,2326.0547
76882,1971.3594
96717,1519.0563
96362,1023.6922
93332,2882.3845
2997,2260.0203
79557,2580.126
96907,4157.314
42231,825.9922
75602,1187.8887
13094,746.712
52574,579.7836
43823,1180.754
23392,1411.37
93153,1877.2749
85968,6726.3506
98281,3005.8384
80850,9262.861
88777,2581.826
99381,1743.5237
34857,3738.1138
61663,3339.6555
93242,1088.0962
86379,672.5967
14788,547.97266
79271,2852.998
70199,337.28366
17191,2278.0066
63020,4668.4473
90126,2749.3086
50266,613.30554
91512,11893.089
31671,792.1145
47872,3653.3545
39016,1577.1858
42882,3990.034
2096,1681.6403
7941,2580.94
47693,2108.705
92528,1580.91
5423,683.8709
1244,2250.0818
49224,3055.1042
32864,4218.971
48077,409.47098
34341,1819.8049
79129,1219.6903
77344,626.5899
72616,3186.9673
31955,6406.203
91386,2392.6033
57496,6933.893
17366,2538.2422
78282,4857.962
161,2271.0403
56085,9769.904
68771,1268.3007
62765,3016.7305
75502,766.4195
2534,3126.6074
4998,2323.7546
42119,2755.2002
42275,5525.6265
86259,2252.8853
64172,3320.7993
29648,1526.7783
36653,1689.9799
23350,2889.5337
64551,5565.1924
37928,11180.933
2078,2320.1572
92895,10354.378
2892,3054.5288
73847,1571.634
83074,713.116
40553,2246.1875
22107,3165.7244
96861,2105.149
46340,1602.6868
48631,1549.6088
18806,1418.2767
74689,2836.8452
29731,3023.1597
52382,1412.109
68145,1257.8944
54011,1284.5718
79681,2274.0974
33123,1799.3649
51839,1412.109
23724,1158.4822
27536,849.02246
45257,1639.1537
71568,1926.0697
60085,5730.687
18168,3108.9656
8214,10951.752
31565,970.7543
56433,851.9989
88995,1767.0027
79454,1034.4254
43467,2667.22
53412,1954.0381
69602,4472.463
22750,4077.7778
95415,1517.199
99078,5110.0386
67322,1418.2767
89857,2276.1885
84985,1015.0255
98644,3005.5562
6103,4779.0054
34301,1830.0522
95926,3263.4578
28912,1661.7917
19542,1670.781
52173,210.62009
26718,2126.3882
16405,505.5692
99659,11608.238
16857,1743.612
73808,737.3292
85371,927.16895
29683,2796.8308
13947,3504.163
97468,1299.8057
55729,1740.408
55364,19175.94
81866,1030.2894
49890,181.98091
1981,4325.692
32136,2138.6338
4391,13262.056
22547,2470.4465
35794,5581.772
72196,4248.6323
21806,1996.392
32598,2267.9973
22768,3088.9265
86185,2702.647
76850,2578.0117
56744,1108.7584
36860,2936.073
11828,4261.978
5239,2968.33
80454,2412.3582
26659,1292.4324
78723,5780.029
85864,1928.2073
94228,4200.891
74588,1161.4204
16549,576.54126
16034,4366.1045
18572,892.60516
32112,751.1383
73256,1749.1505
77385,565.29675
34595,1140.353
66633,1017.3361
74156,627.44604
21578,2615.6575
3774,2826.4583
30680,522.0325
81317,2125.427
40584,3648.8044
54487,1243.1862
66699,3845.6643
32359,2178.882
95119,890.80084
3827,7615.3784
13496,345.70248
25348,1972.8589
61196,1747.3107
20106,1142.1995
91,1940.8643
74857,2393.4585
35135,235.1172
77691,1367.8628
65069,929.86884
66156,2237.2722
60380,3935.777
26038,2320.915
66984,7651.703
74772,648.906
75678,1608.429
7975,1161.8337
8954,2711.8362
54152,2746.6033
86891,2885.7908
20161,1205.8258
9081,11291.84
248,6792.7764
75038,1151.3744
43897,1877.2749
47290,350.0586
16111,1787.3634
30572,1394.2139
81745,1022.8694
44777,721.98883
90402,1211.4222
81346,4954.3154
87001,5404.6387
9431,2597.636
9332,2605.5745
68002,3082.4011
67832,626.5899
41716,3069.8882
85702,5978.0156
77424,1188.3694
91718,3717.3958
18843,8897.892
92383,1758.0745
56260,1794.5695
6924,1561.5608
60117,12131.523
52228,7655.491
56767,1604.3114
45290,753.8644
8324,1960.9426
55816,1482.3135
98202,974.94104
95874,2999.9673
59955,2528.8826
58163,3055.1897
5301,4902.063
78341,209.76607
16558,2283.4011
35987,2526.3362
32335,1673.8997
15837,2214.1438
38221,851.3655
3654,323.81223
27225,1376.5433
53580,1300.7605
88008,3804.169
34519,7318.5034
68676,498.0513
41112,636.9215
21186,2369.057
76292,2073.9604
73666,1645.0326
51474,3671.9805
62943,411.16608
79245,990.4492
11322,3126.6074
26851,1414.4886
35996,1653.4017
26363,1352.9714
68673,2858.999
87662,559.12823
52502,531.04553
21056,1385.6815
23746,1968.9038
5406,2572.0908
56685,1976.9869
66468,3661.2385
16195,2725.1453
83113,2566.6177
48581,2483.1858
83937,1318.9031
39483,4229.4453
15418,5834.079
9390,1085.856
23732,840.5661
26157,989.5919
63100,3937.0706
57840,2990.3196
15296,2281.9688
70215,998.1833
37226,4626.095
75674,4038.0735
2046,697.77484
82823,1762.1664
17401,2201.9019
30999,2424.3447
88066,3010.8757
68988,5270.4067
5787,1363.1078
35055,499.3211
71953,6079.32
69891,409.59763
38626,1119.4846
89040,1401.1351
49561,1190.8118
47904,3885.2732
34794,417.1531
73844,1574.8558
41836,1385.6815
29259,3432.9756
29067,3389.3462
35064,4109.8237
44374,1681.5116
66704,1049.5837
22454,792.7993
71070,4886.207
46020,2428.477
99420,343.7114
76909,3533.9622
13056,1169.591
86813,4993.8154
74595,1041.9971
35284,3289.3782
53972,642.8894
31610,3756.4985
33264,421.34116
8361,735.30524
11105,4608.6006
96065,2650.12
32792,11583.215
22587,1108.7584
6928,3330.442
68604,3709.4236
67689,4401.5967
43501,1211.6371
71400,948.4403
33342,4633.3843
60771,890.7069
31176,4886.21
83806,6624.0864
33616,487.7482
51132,1928.2262
16124,5241.3857
71205,6172.1616
1418,980.96075
11943,14177.909
59254,531.04553
9303,4024.8809
55460,6646.034
34798,3848.456
82753,825.3015
75676,2270.0674
67808,4503.584
77288,417.1531
64318,4607.4116
42956,6196.4844
9865,3162.4001
49404,1085.5189
39833,1227.0173
30637,1998.7871
50681,14603.467
73551,1392.8812
8964,1800.1989
46778,2668.7588
74607,1191.4968
98641,3012.5918
81662,1310.9794
84196,1065.9132
70469,3757.783
90984,2442.8403
42191,448.56235
41264,2020.1855
5593,8979.133
3992,800.3564
89977,3084.4368
38424,7956.694
46160,2624.9294
60508,13561.189
51227,1357.6102
53914,1967.1744
28342,613.27405
80006,1049.1031
22377,3760.6106
80183,5079.4473
38915,6242.037
38049,7130.2373
55948,2265.3184
67661,13745.4
79139,2631.5337
70060,2070.0583
2697,2895.8862
67406,478.55386
70356,6918.917
22301,4583.519
97625,1380.601
33688,4858.5957
33407,625.18115
84874,10634.061
16610,610.51013
17764,4055.5764
31677,5442.364
31994,13435.868
69713,3432.9756
64131,20908.826
20286,1913.5497
73258,4920.834
83500,7772.282
86672,1609.3191
75039,1593.6167
90934,2187.8938
58817,9185.914
48050,2863.8245
17598,1874.4963
68882,1707.9205
32882,2271.775
84706,1212.7366
24133,1497.8354
32919,2697.026
55992,1274.9575
7264,1304.0093
8304,1286.4421
43648,621.5883
90424,6229.018
58139,1831.6481
65421,4479.3022
40614,6176.9185
68185,1471.5525
23082,3141.5007
7725,1539.4535
84799,4827.1626
17243,1623.3861
75598,1412.7588
77725,2163.1626
53073,621.5883
32165,4258.007
5613,8316.266
13290,2358.3423
31707,2932.8997
85911,1027.9438
82271,9566.859
25177,1971.8323
61647,2984.1755
83587,2040.5178
40924,672.5967
43306,4329.111
10074,2476.1526
43113,1934.7773
28580,1481.1646
86144,2114.2175
65131,693.87976
63542,3030.032
66956,2268.365
30772,290.73132
38172,525.31976
9045,930.5566
51963,625.6648
72993,2152.1697
72142,2227.005
54661,927.3815
66383,652.0575
95830,926.5119
66866,3768.8938
8277,1738.1969
33958,2429.4834
54464,2617.954
25633,792.1145
95308,3858.0842
45129,2892.346
22514,363.49918
36527,1774.2665
62013,1589.6144
63630,1379.5037
99138,4296.77
44689,440.41312
47270,1653.1028
29626,3002.942
23989,1286.4421
94703,2038.7355
29000,11596.88
74150,1582.2855
44513,1885.1608
25337,2177.2583
60180,3176.6975
34860,1984.353
32198,1712.159
84338,1307.5691
48184,3852.1526
37029,4842.113
57615,7946.5454
10769,1615.4587
16667,2617.954
91461,1853.9126
47683,1258.2904
81407,5392.078
25096,2521.34
4931,4248.466
14252,2086.4656
98522,8630.129
85490,107.291336
26685,2041.1644
77105,1528.3943
90050,2200.3264
34792,19012.178
52557,3865.383
60094,3691.5566
85254,485.44162
62459,4022.009
86482,489.44925
4217,2373.8438
31606,3088.5818
66183,1580.91
78992,1163.1158
82691,1742.7002
92641,1119.5767
59688,1548.5817
31518,1424.0881
92619,1427.1298
27202,2689.8909
17930,774.18115
95804,1756.1676
95511,1053.0095
82019,1850.7655
20402,653.0229
57990,6178.0845
24558,2864.3916
90586,1551.7915
74675,647.19135
47152,2218.3726
81350,4841.987
10494,1198.8333
88362,3573.4202
58022,3016.0283
54199,2572.0908
746,1121.7943
59618,2788.204
6798,2636.612
11609,379.01508
34398,1494.411
57250,9273.36
77822,2964.5945
29667,4885.572
95378,1780.5673
91907,1281.1609
86407,3018.876
19268,1683.6025
56158,10383.713
151,914.0678
46539,2459.4292
15474,5867.9995
73541,6131.1616
18323,209.76607
59739,1163.1158
35992,2372.5156
95433,1208.6997
69037,1286.4421
74795,1661.9917
51539,3432.9756
75461,537.88965
11482,2668.0962
1956,8089.8174
159,2091.639
19386,340.31375
49595,2839.8008
79578,4387.2803
84286,1154.035
25468,4556.8794
53926,925.83307
63857,2091.639
74499,4700.631
107,5791.3867
42869,762.965
41857,2972.8032
11798,5171.839
24841,1113.126
75367,1477.0841
6447,5738.8574
17025,2611.3704
7723,2162.2964
7655,1799.7457
96292,4409.3784
46721,3586.0964
15359,878.9196
17951,2573.992
61398,967.83185
87338,2087.3088
405,1306.9414
69276,13329.741
17320,1589.7596
78162,2637.24
53462,4305.574
16396,7496.789
1323,3479.1184
73001,5918.155
4996,11410.963
17438,1535.8585
77781,4197.7417
48549,4121.647
59266,1102.9879
69402,838.286
43867,4349.9673
94330,2458.6272
82533,652.35443
12106,421.99008
10351,3152.2922
34441,979.7066
5353,2321.9155
97486,3144.0117
85656,3211.2644
72700,3109.2766
88751,487.06937
15383,2954.0007
14621,6207.335
95743,2773.0347
87184,4036.8733
2766,1684.0305
32632,1528.5059
54840,621.8013
32702,3645.9485
44229,3014.163
54109,3461.715
58731,923.14185
18349,1161.8337
59837,9242.496
31825,3098.616
35730,1746.5725
7750,4299.897
18604,1041.5759
9055,714.93066
41881,650.3367
70944,791.43567
61078,3739.2166
76905,1123.1362
92898,2283.6772
44517,1316.9005
85231,5066.29
19650,2556.6633
62089,3420.38
89594,2026.1504
48009,3724.7876
94266,6358.6987
17745,4331.723
53629,1528.5059
88941,1120.2495
30087,2341.1404
6060,2111.0986
78252,1467.4033
48195,3432.1753
68920,6257.764
72824,656.3685
47820,2485.392
2084,1557.339
85637,1136.8066
87476,7199.935
7397,2089.252
79991,3011.3755
28326,2563.836
17237,1490.6084
75293,2877.7893
93607,1249.6709
56266,1639.3481
90910,5525.6265
88775,1301.0425
47363,1503.8082
24897,2619.874
3808,1260.8677
3296,3063.4983
92408,600.9327
513,421.99008
17137,2496.017
70364,660.2711
5782,1757.508
54055,1269.9515
2168,1877.2749
18790,2108.705
49818,1360.0305
55641,1541.1877
42386,2346.7803
50638,1323.2109
64406,1024.5417
43557,1148.8925
92507,1890.0707
44690,1062.8405
13070,3061.4482
32681,1510.5088
73894,714.62885
48880,938.56256
50428,6255.429
25115,2021.7003
73228,1778.5276
51780,1800.1989
48655,4681.6196
37801,6273.3135
40952,1032.8721
71563,6121.5454
38014,886.5907
89947,3458.7122
42960,3537.325
85882,2646.9685
33266,12444.606
40041,7482.193
75503,8601.147
36750,2071.33
20760,2538.2422
39570,2660.2869
70441,726.8324
41483,1555.0619
97232,93.67101
37486,1729.6018
80621,4505.0327
76265,1873.7069
69617,2969.4438
77081,376.94287
92259,1577.1858
82426,7755.379
11913,3984.6816
65802,750.64886
91099,1124.913
3449,2143.667
4366,2078.225
32121,4649.098
42214,1678.1494
71581,886.68365
2382,7419.782
80865,549.09375
5105,885.948
87684,774.18115
522,799.27856
42883,21450.467
59737,1971.2888
34479,3377.7668
31018,834.2111
57497,1740.408
86117,11065.128
62473,3450.4392
7933,5831.312
94360,4230.0015
90223,11645.503
53864,1707.3207
19068,531.04553
71077,8382.287
95944,3535.5498
76430,2321.9155
73696,946.00543
50317,875.01227
70626,1479.2573
99888,1306.3911
28991,2172.0996
35490,3394.0793
26674,5066.1167
51816,1370.5907
60677,4789.978
74737,2549.5906
69489,2714.6182
10850,576.54126
89299,431.78336
8561,532.0835
97936,1802.2902
23567,11112.904
64702,1762.1664
48489,534.1009
57451,2716.9404
6511,2788.204
76843,6737.718
73317,1615.4587
15875,1877.2749
68136,1966.6902
75619,848.52563
9566,2490.0586
52970,4071.6177
16197,2442.8403
11427,181.98091
93751,729.6426
66759,3784.6252
78663,2864.2761
33872,2227.005
62740,733.7143
86917,5593.6772
10425,2033.9663
86372,1762.082
82729,3996.1995
58957,13327.843
34723,1246.0327
41973,3596.4622
4207,1264.7386
38718,8003.9995
69199,9266.732
30518,2943.9268
47020,3072.147
79840,1350.1171
98066,2550.1692
80196,2472.36
10870,2072.8582
38428,2509.6157
3846,712.02435
74813,2954.2073
44581,2459.4292
91170,2779.993
34288,5803.303
35847,2853.544
74778,19069.0
23187,683.8709
78204,548.9992
70093,4156.579
35065,868.78613
27781,5909.17
50026,432.14005
9166,1967.7174
57449,4036.8733
99435,3727.8425
78697,1888.5256
59457,431.35873
92302,2274.5498
7192,2123.236
93481,4361.0913
59071,1514.2887
75714,6787.2964
31986,2581.2556
26354,746.1471
50772,6613.2515
98252,1420.8027
91135,2772.0789
98509,2208.4265
96291,1322.3678
47273,1041.2133
76164,3284.0413
59304,5164.065
77365,1581.3582
37187,828.122
41001,2995.3757
83334,1189.5555
21790,1670.1022
89367,1223.3153
59850,3267.42
89513,734.1053
32692,3681.765
40951,3343.189
9285,8242.751
63612,1966.3362
81190,453.27472
79802,8864.602
54457,1690.6156
21865,2914.3481
53440,1759.782
46480,1274.9575
70097,914.0678
2113,6151.3696
91361,1395.1215
37566,10216.76
71685,6500.275
25072,1002.8573
43671,4716.7593
60941,1160.7919
17654,491.32312
79836,741.04193
63468,1240.917
12827,852.53973
69016,544.8302
10923,788.038
47355,535.5266
30458,764.41785
50643,2537.6108
92014,1818.7146
98322,6042.765
59947,2410.9905
50637,413.54745
21843,1722.5463
53005,295.47913
97063,1349.3519
42148,644.8295
25620,5521.72
64558,7950.8496
52601,470.23065
55151,1555.9175
51224,4720.7393
99854,2414.9695
21415,6375.4346
66327,2116.6333
32146,1073.441
62299,11156.756
53707,423.9866
82412,854.9515
41880,588.20105
7996,13083.725
65503,1483.2596
6938,1595.7576
43402,2195.7566
65452,1236.3488
12843,6758.5874
98884,2059.1584
45235,2524.8538
70690,5700.6445
27451,2097.5232
71824,1306.9414
18361,5173.4546
40815,1816.4684
6622,1179.5453
51065,1781.322
70166,1954.0381
84478,2077.4758
96525,7176.687
29624,907.2462
89094,1907.7257
49162,1383.6145
731,2402.423
69734,2318.7966
47098,860.96967
89518,700.00824
57345,6808.6655
34382,2573.4585
15675,1168.2677
33218,1397.3325
79388,6543.891
17023,2241.8113
72712,2548.8198
64307,2111.2942
15463,803.61707
43406,1730.0715
53386,2013.8767
36689,940.6241
31043,7645.614
10239,6540.1475
34657,2150.5508
38825,11101.723
42963,1370.5907
77199,2255.5508
31385,4840.4272
85895,804.23395
5513,953.3076
43662,2526.647
30807,3515.2844
11887,900.48505
34632,8256.973
47889,2337.533
2010,2605.5745
28456,1937.2897
25196,2474.96
79621,1086.0084
75267,749.5869
12746,731.4905
18400,5630.918
5256,2980.3232
9288,1989.1825
24965,3360.7256
49054,2283.4011
64142,674.4622
48080,10119.185
13,1554.663
28240,2929.839
10653,617.00684
29260,5672.0493
88612,1583.6989
5560,852.53973
69552,1357.7449
84171,3545.1394
62383,2705.5122
11392,2283.4011
79305,2252.8853
34864,940.26965
98464,965.5218
14949,2312.5784
71516,408.41202
6332,4393.3154
56584,5787.696
762,1968.7136
49866,6712.351
45057,1176.0344
22761,2953.932
63754,811.01764
22329,1347.9878
31331,4779.2456
55053,5710.9536
81383,438.94144
26144,1812.6079
14343,1494.411
36130,930.5566
88291,799.90607
83009,2452.2065
61952,2201.9019
98959,1786.7351
78055,1408.9453
70957,4067.4053
77225,1174.2689
63920,2046.5403
15530,2829.5396
9863,4239.6826
22334,3376.5051
86371,19437.41
29946,2350.7014
46926,2819.9863
13532,3496.6938
98038,1704.2395
23787,652.35443
36738,7365.7314
68807,2118.9946
41121,1373.5706
12636,3404.734
35878,1595.7576
84125,4641.3193
32278,2207.907
90914,3357.0376
56772,2565.0427
26158,3191.7627
12522,2008.8196
74824,786.49554
43101,3907.8594
32861,2519.9456
32148,648.906
11156,1758.6053
22992,800.6849
6317,4887.803
97293,1652.3041
41971,505.5692
81688,823.63324
83930,8576.604
27126,705.1709
22505,2810.3833
40263,1349.2219
19847,2659.9321
28018,6441.964
30064,2961.0466
48794,2494.6213
85444,1683.2942
16554,1036.7351
86326,957.81244
29330,1850.7655
76269,1485.7384
28966,5673.9106
37839,5942.9644
44537,2316.4453
7635,463.3096
34014,1335.5214
24697,1061.9974
88151,1468.9237
72127,1965.1436
41475,1094.7554
55725,2989.943
20432,3592.6184
99664,2657.0183
59624,1054.0085
41012,1719.958
42398,2461.8374
95333,5688.106
79650,3378.5403
91466,1934.5394
49500,1736.928
76798,15576.471
69375,2306.887
6387,2412.3582
59557,2282.3567
96540,942.1546
16756,8685.814
20946,3392.2993
67400,5088.2637
99081,1620.6401
14920,2248.3252
22494,2084.344
62678,1176.4266
24054,3369.1736
42390,3102.7024
65754,929.7035
88982,1459.7568
60394,912.70416
51506,3413.2795
24315,5598.5464
46510,2005.651
26978,2389.069
4587,3711.405
51565,782.4428
28597,2620.664
49885,4808.8174
64258,2360.626
97690,1412.1313
70832,1194.0708
95986,485.44162
3519,1797.0802
43635,1292.4324
99992,3743.8909
24173,1017.3361
27242,97.06868
40229,2947.3088
13204,826.94775
2277,2354.2725
13182,2425.8008
40050,3059.8923
30604,1118.2639
4115,2997.5898
55287,1153.7844
66580,1719.7925
53477,1775.7996
17261,2183.2847
91867,6478.295
17501,5190.392
56818,1726.5355
58954,2281.792
88425,2364.3184
3930,3298.9736
74903,2283.8289
9331,1127.428
28644,1739.9988
6835,3257.9575
43237,2259.7852
40251,472.77603
42976,1804.7883
36198,1264.7386
3347,1652.4841
28631,527.6479
96899,4224.413
85452,563.6116
50811,1299.0168
58164,2021.7003
78406,4500.876
14059,932.82227
83219,736.94745
55913,1594.0371
25333,5735.2925
40225,4577.2563
28666,1760.4467
26886,1841.8538
82025,3318.4734
10314,4083.1846
65144,1102.9879
95825,2028.5371
47816,2318.237
7315,11808.077
34266,1689.9799
36830,1468.9237
68473,345.70248
17093,1205.7946
89974,2506.6123
80576,1531.0146
40446,1375.3994
19574,2119.52
52753,2420.614
18786,2410.9905
32412,6912.178
11113,1326.7424
54245,2568.4197
91088,8107.1
6401,2385.8352
42097,459.09595
35804,828.122
42404,1984.353
46738,1164.6821
839,1161.4204
12664,14118.356
22215,1860.2888
75471,3734.257
57425,4227.3223
67126,2204.216
62108,1791.8796
91789,3565.4119
90030,2720.595
72945,4671.449
99051,17177.287
4589,6206.261
32941,1119.5767
39551,927.3815
23606,2986.5671
78975,1557.4335
2531,1350.0651
90722,2477.5632
15993,547.78973
91868,3526.0037
59902,1326.4584
55823,4088.8374
66435,2906.4016
66921,3137.4246
23326,1121.8873
43874,1316.4163
47269,4965.6665
2330,622.4262
99294,3687.5708
88879,6912.692
31997,959.17303
17301,878.9196
35109,297.9196
16288,697.0128
70605,463.17242
21098,3359.0156
78088,16032.6455
69183,11186.913
7813,2450.8794
7728,2184.682
29029,781.272
16783,4228.578
33840,586.29
66686,5735.4834
6460,1616.8427
31204,5486.008
51883,630.162
30088,3612.329
86166,4902.0845
13397,2007.4427
78915,1829.9493
90830,5216.575
20354,4810.0254
62022,3117.9602
58534,2333.4556
80751,4430.546
78273,5063.807
77669,3265.954
59003,1350.5546
88064,6133.0933
9311,2881.079
71552,2464.907
16243,2852.4438
57956,388.6811
23952,1917.8728
2998,1523.2738
29823,726.25104
96761,2063.129
59359,3111.3816
58718,325.91403
75148,1778.5276
95744,7990.6436
44103,13751.373
73653,2756.6936
33891,1019.55676
1114,2081.0063
31859,1758.6864
27866,1158.4822
25641,3057.1865
84535,3003.3481
82038,2188.0144
95506,2643.0974
14096,4039.1926
31093,1850.9899
18902,2283.6772
81568,3073.6282
78234,1748.9768
89716,3386.0315
82668,7216.5874
82812,1925.4952
40464,2414.9695
94930,1310.1888
10988,355.67633
13493,3075.9534
31914,811.01764
65540,727.414
76056,2398.1816
73662,4545.6694
35663,1884.4408
6640,596.65814
60942,1190.0538
92716,3440.5032
48540,1452.8433
3195,1470.522
90922,4582.8267
43831,1722.8777
38271,7722.5444
18905,1788.8025
52086,5406.948
31275,3133.3123
64660,2016.141
39472,2643.262
41981,2188.6462
86902,420.85168
84554,2463.7776
85208,2531.2239
74544,4468.097
8877,813.53186
4134,3662.3796
65987,1762.082
2729,1724.6797
3885,2686.8174
38102,1352.9714
51898,2088.1846
16031,5513.6274
66285,340.6813
46871,1978.2208
86945,1013.8567
9540,2451.4902
36937,4294.562
64264,1760.7202
89494,1965.8619
10298,3106.0127
30488,2985.051
43182,2510.0164
90172,2041.0933
34031,506.079
50840,1707.9205
19015,2902.8542
51356,2555.888
47971,3865.0
1648,4159.1787
40525,1634.1122
77334,854.9515
92515,3562.6035
65112,1274.9575
89595,1135.1934
40035,8264.614
27474,1050.2535
67364,2464.907
37991,859.4688
52833,2626.0518
50936,1818.9851
49437,5442.0723
63638,1121.7943
31626,1924.1626
34376,2241.2358
40725,1406.5963
88214,2234.3906
15207,22383.426
16562,209.76607
89003,692.63007
18871,2375.6477
95486,2605.3262
72718,1758.0745
93852,1446.3132
18444,950.78217
50245,903.20245
65051,1797.0802
2654,2585.404
14815,3440.7588
60946,1248.6155
40241,1756.7418
97934,2825.2886
56768,2370.1384
63834,1208.9564
36857,615.7979
92542,6211.78
98622,3772.3652
47510,4956.746
61636,1746.5725
29738,2162.5872
16710,2280.2822
27937,2915.9976
77922,3682.8835
26700,4938.0327
88633,1616.1436
53317,2077.3247
86586,786.3331
30359,2892.6042
64833,8394.608
71643,3719.845
1200,613.27405
7422,785.8107
70169,2727.4297
38304,3201.6619
11089,2067.428
3677,2972.8032
74768,709.7912
95798,903.24493
2205,651.6696
49708,1011.5697
65122,1593.1417
18019,5732.5615
15849,1349.2219
63120,691.94525
93793,482.48212
12020,3239.682
19824,1935.1561
7831,1189.054
29200,991.37537
83730,8654.868
14111,1712.4229
74985,1229.0063
27280,2430.23
99516,1786.7351
81363,8518.781
19970,1454.0048
68266,1028.1544
57847,4493.532
29111,1149.5641
30477,1580.91
17083,2674.0554
76944,1234.5558
62025,1647.5673
16933,2412.3582
22805,1061.6448
86374,1821.5614
67843,2118.9946
63376,4077.1914
59644,5804.0825
53078,1767.0027
99028,1454.0048
38376,8142.1357
40475,1310.1888
37921,2519.37
55054,1128.4357
9988,1115.4321
88207,1382.5629
73761,1188.3782
98136,1820.956
28932,1463.3972
60191,5713.8667
31486,500.20023
6017,7859.1255
14489,1239.5142
80847,6462.8057
48639,1534.2555
37479,3267.42
77004,2452.9966
46707,1815.596
24920,736.94745
46360,10766.734
90954,2449.8108
34180,3610.157
7044,1191.6923
26480,7817.537
72810,1588.2476
67321,8789.875
71648,604.2397
20399,4252.983
4486,1807.7433
55741,1372.2823
84653,5009.325
4932,2989.9856
32500,2767.9548
38302,2962.1682
13415,4789.8145
83613,4911.374
60879,1797.0802
8472,9211.646
93680,1165.7172
44441,5624.1055
55857,2063.7102
63056,4572.8115
82875,361.18857
41099,8275.533
21143,2344.6445
61055,1209.082
75153,4322.382
76654,4513.9546
8243,3407.2188
61971,1430.8175
85428,1583.3109
85240,3235.5283
36209,3284.09
64465,2763.8015
41771,3220.9788
20118,1019.55676
60107,787.87854
33271,1490.6084
98187,1001.3572
55075,6604.1616
22667,624.49634
19185,6855.971
56696,1274.2662
4946,3918.2117
72660,1148.8925
96345,5779.533
78,231.04073
57320,1412.1313
57396,1743.4539
47104,182.40816
83004,1370.0165
14644,1932.1451
11676,2473.216
47500,1364.084
81110,4559.3916
57581,1284.0532
69169,16720.676
21982,2561.3318
64498,222.00504
14817,638.6192
67459,1702.5945
37657,2457.772
27190,9553.141
65616,604.7291
5064,2649.4727
72583,1030.9742
81897,1466.0994
94751,3685.0444
90525,1539.862
21889,5834.366
55781,13249.314
23072,1505.0569
30631,3278.387
26274,8352.073
80112,1019.58606
98597,2179.7454
8216,2243.9194
74501,3382.0154
17473,1608.4855
69860,3092.9666
61003,1155.7354
5021,604.98047
47423,1179.5453
42659,2354.2725
41380,2727.4297
33429,3992.9575
98858,7466.5522
92411,6548.7124
86243,359.8243
8982,1749.0131
92293,1102.3032
20989,900.3945
9140,4274.669
55099,1746.7303
72772,712.826
25093,2077.209
96472,595.7074
16465,829.35486
99413,1757.6602
9346,2071.33
72991,2001.8226
10629,2010.4242
25709,720.40796
29933,861.7469
32949,1154.6437
89793,3468.4846
6651,1066.0233
24850,2577.2717
72062,3498.655
6047,459.09595
72057,1553.6991
96836,784.18677
31022,3332.9614
57989,3767.324
75580,1620.6401
41897,4614.8154
39994,694.6676
80721,1690.8984
81656,486.89624
69174,421.34116
57156,1291.1464
91483,1118.2639
77332,2612.2817
519,2892.346
37349,463.17242
64368,1394.2139
42643,3100.4329
28231,1959.0846
1723,20213.277
58671,5640.4067
59915,1064.0148
15555,5378.0176
42924,11130.104
39612,6467.805
81699,4740.7046
24649,1527.821
71879,1840.5952
26447,966.6438
87166,2410.9905
33522,1303.8228
70759,2459.4292
33941,1675.418
58602,799.90607
20407,4580.8633
73643,7474.69
55771,3682.8835
4177,487.06937
46914,1707.3207
57876,1818.5894
25160,1932.0485
84210,1632.6063
55021,1020.4768
20218,1589.0748
80894,1356.41
65744,5154.394
82052,850.5224
83753,1008.4451
10801,2077.209
25785,1414.7695
21120,1884.3032
6010,1744.2496
55529,859.63715
91479,2925.9675
41514,1439.4423
59062,4789.978
56146,1048.359
63669,2575.6865
89543,4130.4165
82889,2018.7246
38099,1379.5037
38373,2980.3396
31801,1487.4897
20584,1160.7919
88838,271.56253
50583,2385.3083
4602,8564.379
68407,1525.6359
2776,1284.1315
17443,5895.253
47249,1608.429
91912,4219.425
45934,5932.0327
34125,925.83307
33971,1826.5372
83961,1519.8785
66675,3517.0066
51440,2452.9966
35359,958.72375
73161,1100.3353
21486,1966.3362
70313,2283.4011
90776,6904.4854
6136,920.53796
69750,3418.66
31861,5960.611
36219,607.99976
29202,1119.5767
12444,1284.8517
2018,1574.8558
62211,1649.3741
72022,1276.1741
79974,5351.7334
62615,4819.576
47137,2840.7756
66109,860.69415
93832,2726.4758
19106,8048.712
78483,5507.259
31485,2433.7036
94364,1734.2004
94887,6654.597
32665,1934.4297
87286,1651.8146
96447,2104.7837
1166,1905.7456
69068,7730.4365
91069,2172.0996
32264,2687.913
92510,3699.016
11131,733.4205
18035,5811.6646
27562,1829.1554
99834,1382.5629
81823,1929.518
98233,1421.5558
74466,2238.3892
75934,3651.5688
85472,408.21982
9116,3472.004
59650,8870.424
24435,452.34518
86053,2063.7102
55354,2284.667
79213,2632.0378
75363,3096.0107
41892,587.17584
58836,3232.4019
95431,1284.4705
62879,1988.4314
42518,6151.0747
88969,2636.2908
31609,3752.7148
18832,2911.6912
67540,1418.9556
95680,2172.0996
47774,5602.74
86688,716.9507
80795,3517.2969
52470,3837.9482
28725,1270.4647
5812,2012.3372
31700,3119.3638
64083,1748.9905
54686,1449.7246
12953,494.72076
23863,359.12515
35496,1061.5475
5663,5807.4717
66067,1773.7747
3025,954.8786
97814,10190.346
43220,2942.7717
23992,2901.1008
20906,499.3211
63017,1582.6261
71637,3370.335
67062,2743.3054
34517,1654.2948
27530,860.1536
70334,1582.1558
30200,4125.553
24491,2979.3923
80498,19223.357
59786,4207.8354
95206,30859.746
84781,2126.3882
53889,13414.564
86205,2585.497
14268,625.18115
34934,3325.8928
69572,2135.1353
71138,3022.0698
85065,3780.8352
47985,1595.8306
97781,1461.5952
49844,4096.809
43398,2954.2073
49981,1414.1143
50226,27839.277
42478,1690.8984
95503,6942.325
77805,1077.3193
89050,1406.5883
24791,2021.6648
63921,828.122
20199,551.60535
68664,2552.4517
44921,1500.5782
23676,1551.2708
1404,7330.629
22361,1470.522
97323,2937.9382
93406,181.98091
64870,1370.5907
39685,610.3145
23918,2962.1682
73640,651.58344
394,3687.5708
98120,2688.0889
85923,6221.689
96991,1024.9246
7146,2455.3945
95608,3742.1223
11599,13413.727
79645,4897.511
45517,2337.533
17466,320.1721
93993,750.2236
89449,6567.9272
92586,1999.5057
23071,2981.5605
39222,2748.189
92036,7645.874
70653,4817.3975
95099,6378.322
45353,9220.411
22823,5333.911
78873,771.39954
38635,2143.7532
91973,5765.168
14242,795.6382
5433,673.2815
39440,1317.4813
85377,7393.873
85144,3632.058
60894,2314.4812
74285,1210.9523
81963,677.0996
60057,1963.8958
45969,2314.4082
50740,1648.6155
38079,613.27405
78785,4311.2
77206,1026.3236
12373,727.4596
43460,1123.4497
93635,5521.9214
8413,264.75348
38936,475.67517
26573,3038.4573
16972,2021.6648
29896,4279.383
23296,10156.77
52688,932.92456
46476,1237.0276
17560,2605.269
35088,4098.6157
90189,1885.6577
13390,4135.6343
33513,4299.897
578,5635.0967
75760,4232.3794
83548,2183.0269
82062,12067.596
74216,1390.9207
37353,1785.1051
95140,1538.5089
23327,5485.665
87635,4806.3315
71320,3190.9807
43246,2120.1555
51330,1245.4968
15128,1370.5907
7383,3835.7302
63877,2956.763
21756,817.06903
63991,2289.546
71261,2126.3882
31143,2646.7478
32827,1308.747
28576,2302.0645
98887,1443.1946
37070,5260.5054
37100,2637.4622
92718,1077.3193
60077,3574.5964
80539,5197.718
89698,7817.4116
15958,1008.4451
15288,946.00543
28280,3709.4236
1793,5310.857
11813,2193.9019
71603,754.63983
54319,2961.5146
32820,1007.7603
371,3808.67
27709,504.23972
5785,6573.202
57869,3857.897
18973,4373.0864
55635,6375.4346
56027,575.4717
44821,6187.0806
15561,506.76382
82555,1199.5337
15404,1454.0048
7577,2260.0203
69332,1494.019
72757,1547.0919
7376,19173.377
28633,2139.6697
15135,2191.0127
27873,505.68408
98084,1906.6481
83292,2047.782
51572,2143.7532
94021,12954.4
13904,620.05927
38809,642.8894
17928,703.74164
854,1422.7301
91643,1605.3103
22083,967.774
5111,2283.8289
67853,6084.7983
13401,1644.483
83514,2090.3916
62634,10407.383
68187,4838.7583
37729,3848.456
46321,2610.8826
80216,1137.4795
18215,4989.909
52145,1041.898
6653,1935.4562
75524,5333.911
84166,1230.429
99026,650.3367
23308,4265.977
55751,3779.4531
87489,3594.049
96450,1370.5907
87420,1968.7136
27322,1824.3218
27411,3865.0
77833,604.2397
93272,1882.3229
28798,4808.2383
3940,1070.2216
43007,5932.3984
24343,5880.749
25987,1203.3755
14845,2729.9307
11585,3171.3823
3372,1984.6582
91109,4415.444
94497,5780.621
4164,2009.8479
50115,1369.9426
46381,331.6148
4357,3880.0864
63021,1350.1388
91163,3090.9277
15380,791.43567
45892,2201.648
5328,932.92456
82098,594.3868
64122,2460.3918
98134,1072.5891
55225,3858.9146
79105,1894.7225
17374,5265.641
19477,3269.7322
23973,623.1638
42151,1060.2023
93824,1467.4515
82159,2680.8362
51573,2528.8826
65411,721.98883
81336,13300.276
63587,3689.1262
72875,691.5623
4601,1554.4501
19129,1856.3085
57921,6840.425
76307,323.59537
84036,2514.4102
35986,6266.3003
24857,930.5566
63907,8014.9907
23428,2644.536
16429,5882.8555
41899,2336.2195
8439,2826.554
65137,1373.1333
90902,657.7393
89200,679.5818
57733,2820.8215
72762,3909.0393
21667,1674.1195
97160,2183.5483
66639,1602.6652
37139,1310.1888
81644,1599.6259
22379,1782.606
94344,5732.098
44954,5058.273
35155,3068.3918
8550,1470.522
28516,9312.524
77117,1492.681
33241,925.10333
24810,2394.0059
97558,9156.343
5103,1566.2399
9537,673.02313
36057,2170.7983
70353,2110.516
57851,1542.8978
71316,6040.603
81304,1364.7688
95392,2858.6736
65997,1060.2023
88473,5803.6455
6998,379.72055
13815,610.3145
72690,747.0618
51591,1323.0991
30102,1257.6361
71766,827.361
35003,1526.7783
81428,899.89954
74850,4213.246
25245,2437.3867
89005,3758.4001
33048,873.8077
30597,4391.374
35242,3689.3691
12174,4427.58
54764,1762.7164
7966,1118.2639
51854,831.96155
93231,1236.3488
7387,563.96423
69463,673.02313
74537,1392.8812
66868,479.46646
64952,3781.2305
41692,1575.5194
55832,899.89954
8836,1256.043
29018,2830.152
70969,1785.1051
61007,1390.6702
80951,628.957
19104,7408.3574
97107,3062.4785
71486,6083.547
80506,1317.4813
49625,2433.3533
86069,478.2186
47374,3582.1997
85988,1424.0111
242,3059.8923
21476,13825.031
55212,1386.9323
14631,1722.5463
71291,2229.7346
85233,1787.3634
71445,4688.917
93743,291.60052
17900,1499.7301
89812,810.0099
44216,485.44162
74881,1077.3193
90468,266.21368
63655,5373.7075
44002,751.76733
30317,1551.4384
23478,11646.608
16901,4666.7256
51303,1654.2948
51782,868.78613
93952,11041.383
26794,2949.8845
68603,864.4943
92748,3539.1292
5132,1286.4421
20412,425.4641
3738,1477.0841
8119,6659.6924
42022,6575.0703
4352,3722.6582
5525,3677.9038
88183,5830.081
97470,2933.9358
5860,1452.8433
12536,3945.547
96119,2884.2217
62371,3018.0022
44666,1884.4408
34892,1450.8861
91221,11609.528
42959,500.20023
63104,562.96265
57404,5171.407
53490,2285.3943
91576,766.3627
96680,2140.6343
87942,549.36755
38288,726.3221
47153,1188.6031
40751,4767.096
99546,878.8867
19692,1646.8141
68745,6824.9663
58162,727.414
8004,1370.5907
15392,1432.4944
19398,1524.957
78752,475.1857
83288,3624.965
69120,6476.7295
65070,2141.661
96644,1414.1143
97673,2378.3096
6500,15884.412
74397,4855.6646
31013,2842.5776
94250,463.17242
97691,2016.141
72565,2947.1677
50814,2511.3623
60140,3181.9163
68194,391.5683
1396,2008.8196
16221,437.96606
84408,3432.9756
71712,324.1843
58446,2957.3943
53519,887.08014
14075,24693.545
6482,3636.6228
32560,1477.0231
55938,2436.2769
18516,3572.219
13829,6913.2676
27533,700.00824
44022,2772.2334
61175,7289.555
26721,1704.8019
87078,1439.5521
10644,3069.9822
58210,2163.1626
89457,1112.3203
44531,1020.0842
14453,4337.285
82438,782.0418
4746,2687.5864
13191,2733.2278
94829,2409.2393
93699,2781.7188
1874,5094.8486
94498,1877.2749
86950,1722.5725
11191,1683.2942
97479,392.2172
62826,966.6438
86493,2333.157
33741,1645.0326
54485,4589.87
68528,416.5042
89024,3521.203
70189,788.62317
18703,752.1167
51363,2176.6265
88629,1822.5223
63982,2182.0708
25277,3721.2583
74261,877.619
94494,6171.285
36486,4126.075
34110,428.06308
14942,182.89859
60613,1211.8184
13445,2197.618
22339,781.6618
30587,3719.9685
90162,2851.5369
32807,745.8141
50626,625.18115
91270,2188.0144
45927,646.7425
7486,1120.8196
12483,2139.1145
49108,2064.315
9614,2725.7908
94995,2099.2217
14597,2134.8643
80061,1269.9515
62046,2373.8438
64407,2031.2308
96786,410.8419
67176,1074.9673
11602,2283.6772
30535,2518.4846
64135,4465.932
97448,4416.3687
36143,8693.426
26649,2560.2915
38413,928.4291
77312,4121.647
26298,1446.3132
4922,2464.907
11310,3861.4656
44564,4554.27
1235,4326.431
52221,4546.9497
6621,1882.3892
24824,1126.3765
4780,3638.1125
50345,1712.159
72937,2143.7532
73089,3530.2644
88426,974.7298
15889,350.1681
86246,2311.479
30293,908.6098
98056,683.8709
70730,392.2172
53275,1466.0994
50515,603.8777
62761,11431.767
41858,4759.9644
53734,1249.2306
51715,8275.533
71450,2270.2197
47541,1971.8783
45652,1168.8074
15977,4096.241
62810,2461.262
92870,1505.5842
14848,3907.1826
12561,1449.7246
74830,1370.8121
36867,6340.031
11735,3810.3716
9969,5147.7656
52316,4195.4473
91600,4198.509
46854,1976.1438
47205,6245.9434
68454,230.5218
37740,894.30646
18588,1879.5878
25957,4558.6787
62460,2091.639
34501,2446.657
29951,1681.5046
2169,3460.1604
61991,1164.049
73641,3069.5186
11072,1019.7524
98297,1166.1818
62554,932.92456
97071,1508.8766
6635,888.8012
15131,4860.497
46201,2611.3704
86771,440.41312
83831,1041.3779
53577,2892.291
18461,2337.533
1119,467.229
10594,1743.5266
55006,3622.597
72685,2059.419
31216,588.20105
50187,587.5521
93056,2135.4216
47211,1898.8654
7385,400.20288
29151,3165.8604
17882,1704.2395
74192,7835.747
25272,1432.7489
42961,6253.2275
62230,4792.372
17927,2394.221
20329,2767.1614
55967,987.42993
78516,887.08014
45068,1164.1378
5978,4135.6343
11861,5395.37
48431,4572.8115
9374,2693.7449
17425,3962.12
10182,1649.6589
12194,1590.9185
38544,5061.3433
72955,2259.6604
79321,2978.599
8569,1210.4674
97988,388.92023
32309,2920.0752
18412,1321.6759
90550,1710.4307
75754,3813.5762
87605,639.894
82009,487.06937
55894,1461.7399
5324,755.73676
35402,6941.653
8036,3642.9448
77255,727.4283
45598,568.2772
71635,1531.0146
81509,1020.4768
14227,14427.269
85277,1397.3325
75930,1782.606
87254,15535.569
6989,1223.1189
9999,6104.209
99939,1824.3218
25782,2214.1172
50782,1415.967
45110,1110.0073
96527,1960.9426
29198,1243.7632
94505,986.2392
82822,4758.4727
38251,1797.1322
23488,10849.554
73853,6891.1113
79367,1210.4628
4981,2638.2068
74852,2852.998
68810,2055.019
41521,2722.0347
6142,2380.1628
24888,9074.195
18144,1470.522
19046,889.21765
62261,2689.8909
18140,2142.5618
65320,1622.543
53630,1150.2788
82325,3108.2593
98311,1210.9523
92910,6095.2227
42718,2573.992
25926,487.72324
4717,2343.9424
55866,2063.268
38401,1657.6802
23979,2223.886
7147,1913.5497
87544,2515.476
13850,1454.0048
78761,7644.906
46278,1073.7269
96149,664.6235
54142,1803.874
78479,560.8276
71914,536.5571
7479,1263.0641
71855,430.56503
83865,9084.61
19881,1981.2883
48260,1397.3325
44632,1512.7477
86639,1493.9215
46649,4917.8706
40430,3340.0347
40098,1685.321
81564,1601.432
13333,2437.7515
73154,811.01764
82677,965.5218
72676,616.8926
645,1632.4264
65332,1696.4073
36644,2767.1145
37097,603.95197
23427,6908.87
68760,3257.9575
88651,2410.0952
30101,7636.8525
72535,2710.1138
7500,1919.6907
86332,2485.2874
62686,381.52975
43779,1158.4822
72966,1571.634
30854,4032.5334
55346,2527.429
60966,2936.9097
47854,1278.6747
29334,5967.896
31388,7851.2583
76052,2330.479
87692,1749.4795
7367,5791.3867
29830,838.9708
61322,1582.6261
7457,2912.7107
54812,1547.1124
57004,6952.069
80622,3151.0361
96819,10477.476
95127,1493.9215
84933,9707.559
78049,1602.6868
7096,3384.3132
22253,2360.9834
45957,2030.9062
622,2333.157
37979,3646.8374
77273,9838.349
14720,1934.8146
99975,5310.474
22254,555.6222
23809,12276.075
81951,777.46094
79030,2271.0403
49591,4279.147
62481,2119.52
22885,2450.7146
59411,1452.8433
48653,1934.8146
8427,793.61633
72781,1205.8258
36093,2085.044
68395,1856.3085
28704,3167.8716
51592,3558.5059
82152,1468.9237
99480,2653.221
69137,1580.91
79090,1913.5497
61516,1661.7917
93239,251.88606
89915,2644.536
45962,1922.4749
96838,4025.6328
70905,836.383
98221,2367.753
634,4602.627
45237,2353.6602
5035,1041.5759
2557,5078.3413
95567,1954.0381
48466,6354.116
33147,1354.8928
18712,5761.1294
8894,3845.5144
19441,1216.9579
31279,1452.8433
78885,5900.015
95317,4402.567
65668,4604.4893
77102,914.0678
10613,3764.1785
33444,1761.5066
94555,1418.2767
62986,258.738
4498,1100.3597
8548,1034.0145
35809,3326.0154
31640,1928.6858
96315,527.6479
56025,1267.1539
72126,2056.2217
28050,14226.071
45682,1284.1315
41809,409.47098
67692,4255.6016
11783,676.66174
77063,1958.3745
90743,2819.9707
52150,1941.8116
91288,286.91003
95958,932.82227
68403,891.6818
56329,1250.5632
35973,373.2998
84473,1304.3484
55576,652.1355
13960,1589.0748
53824,727.414
29062,3514.6814
10721,6987.047
55794,4387.5967
34270,607.7927
14159,13973.922
34461,1307.0702
52939,3030.8467
15581,1300.938
8540,1790.526
95309,492.56622
78086,2011.9382
9339,7124.684
36508,791.43567
56119,2898.1074
39441,3189.7827
95829,1800.7554
53590,6490.375
28679,4410.9917
31523,605.59674
56291,2782.1208
68014,4846.8716
6699,2280.2822
24949,2605.269
96274,1064.3696
1958,6026.4766
63851,604.98047
88839,4027.4944
72732,5826.864
80618,8703.277
47035,609.90454
93614,6476.7295
1196,4778.906
53272,4050.9138
14418,2605.269
31313,1800.7554
38365,1901.195
1210,2870.3196
85608,3394.9436
53805,2985.051
67991,1683.6025
38078,4659.755
80009,1245.5674
78169,2089.4822
56422,3680.149
50192,2668.0962
67778,1075.9982
66682,2714.93
7978,602.17017
77866,5365.188
76956,3594.8706
46558,625.911
51292,1382.0381
93138,2099.2217
51581,6480.6357
93115,2080.681
2816,3517.0066
97763,883.9316
78365,2097.133
44209,1860.0293
12624,421.99008
89000,3420.6282
53455,2447.5715
22202,759.0437
45771,655.88293
3989,1424.0111
6916,1117.8136
40839,352.00696
77963,1119.4846
37497,1301.6553
85832,733.27435
7819,369.324
53922,1200.1744
83667,1636.7205
1459,6102.861
23334,2442.6294
62557,980.5497
68975,2687.913
46758,774.71014
18091,1104.3767
25915,2578.324
39790,3252.502
51123,1832.0062
64170,10183.292
70708,4874.058
18958,1114.9816
35325,989.5163
55588,2001.8226
45733,1685.6444
64462,4294.22
10678,1737.3792
48202,7187.3794
56404,2240.8928
94712,2265.243
26500,6977.5747
95666,1122.0645
25434,876.55994
69122,2688.0889
96673,970.339
25812,1705.5969
60067,1588.8339
77773,1132.6135
98085,4261.8545
35677,2278.4802
58223,2005.4886
50858,1916.6683
58841,3071.3025
92839,2191.3691
8529,7375.5596
80507,965.5218
65988,462.68295
17141,4083.1846
41326,5361.3823
53517,924.3622
21276,1266.1731
48517,389.79626
98320,914.4417
96186,605.41394
3292,1132.0674
1440,1636.7205
88157,2137.4824
82077,1648.6932
84343,3418.3657
80553,9315.264
1001,807.3823
31166,3695.1655
27497,1599.6259
9675,3064.924
36715,1133.5906
23829,11783.339
58951,2355.5298
39072,851.3141
49435,2869.0059
56469,2166.5383
23941,5436.4604
7602,3328.47
34051,7730.645
70747,2015.8773
37914,2512.852
65652,3176.071
62965,8613.803
19288,3338.4424
47172,3419.047
89573,8913.495
59634,2110.3354
95880,6754.743
56115,2490.8105
76037,5398.035
13789,4831.2495
40882,1273.7832
13557,1102.9879
18989,1194.4071
62942,1067.9019
60426,1149.5641
83213,3913.3174
87538,2104.1577
18680,2990.3196
32379,2676.236
95115,1433.9362
85959,6281.9624
17571,5130.325
34712,1492.3823
74482,1147.7184
90410,931.6495
72131,16581.74
63709,2294.5146
10586,1408.9453
88110,4113.2427
56829,4229.019
45436,591.0131
34744,2151.3936
26091,2179.7454
3124,2852.998
82267,1884.3032
62255,1205.7946
19876,706.3707
95129,1608.4855
1093,1222.8505
70398,1551.2708
52340,1547.1124
98758,2878.7446
8710,2375.6477
54688,6225.7007
27147,3469.2217
73075,3767.8074
5457,483.67172
69720,1390.6702
29763,2620.0493
60661,1803.874
22156,1306.3911
51477,652.35443
67482,1178.9556
76828,1443.1946
7523,2521.7476
99342,3378.3423
97525,1623.3861
26319,8789.41
39875,365.24753
74954,4297.2354
99826,894.6315
41793,1111.8771
90023,418.702
14152,10118.962
78731,6613.2515
11169,965.5218
98300,1834.9729
90765,3169.6084
3160,672.6016
29310,1193.7223
12110,7563.1445
99822,1659.2743
33025,26716.814
55049,822.3788
83139,3146.7476
10560,985.544
30905,1852.4673
31200,2100.0938
90749,3609.339
69099,709.8067
82876,1966.839
63799,4872.2114
13217,3075.351
45036,1299.0168
54250,1448.251
67974,3613.8167
6915,4720.7393
25144,5126.3203
64288,1829.4768
11344,2441.8076
71534,185.82755
27732,1919.0181
20258,3108.7444
88253,4370.0107
47592,1250.5632
61814,1827.4636
97855,2017.9094
27766,7375.7837
7882,4851.485
75217,2393.399
47501,3193.0032
40386,3504.255
8269,1073.6991
20800,1303.8367
28465,2851.5369
85755,4807.512
67790,1047.6802
94800,5442.2944
75133,1082.5564
54841,1369.612
69198,2260.3843
24836,1452.8433
44283,7850.32
44139,1110.3789
71963,825.3015
52351,4799.919
34759,6929.033
80387,8234.525
2294,1380.601
94254,2003.9922
920,3002.268
41233,627.2747
64470,5919.623
9143,579.9389
45334,6379.1772
93029,4614.8154
52718,1743.8853
57929,886.8804
5493,2530.7888
6392,1241.3151
52524,794.6246
88048,4024.727
66901,7216.2173
6655,562.08777
92125,1073.441
49110,3149.3733
96638,3260.616
17504,3546.904
28340,2640.329
95873,5379.801
22459,1818.7146
39662,1874.1562
71952,3725.8394
40620,424.98166
99264,858.56165
51939,1101.5096
46450,799.22125
93611,562.96265
94717,1169.591
29324,2772.2334
98103,2599.1238
49869,2363.0
47866,3196.6262
22337,10574.066
96012,388.92023
82487,2336.1794
17286,3109.742
61417,1146.8751
80305,475.38998
12749,520.08136
74829,5255.367
12438,1360.0305
31252,6106.943
32924,413.6741
62385,1064.1261
21027,949.44
69218,5900.828
49985,1627.6974
56013,854.9515
68737,981.1572
83033,2769.0857
21640,1670.4287
56474,1322.5953
74861,3160.271
74116,5977.6196
53554,6794.9683
1516,3370.335
44671,2038.299
4951,3650.246
31287,5069.3584
55508,641.49915
44461,1063.33
29677,5281.111
63255,1098.723
9524,656.3685
52671,4192.7827
88320,2098.7222
36687,3072.147
19412,1222.44
5279,1599.0447
16222,8386.933
7019,40179.625
4526,989.82965
44610,2978.3237
82970,1111.8771
83245,2997.963
31779,14535.761
84519,10952.234
37844,1482.3135
68511,4889.308
92732,4219.0835
29186,547.97266
62702,886.2222
42656,4669.349
70358,652.0575
46227,4510.692
87393,5525.6265
14270,438.94144
38443,4209.428
9723,699.76953
27975,5241.3857
44948,3269.1772
67861,1006.76575
5864,352.00696
87723,15901.7295
18118,3930.4138
24785,5935.5337
16320,2199.0967
52789,3888.323
14971,7435.468
6684,673.2815
99247,1650.9714
75170,1396.6893
59510,2948.0762
16638,1449.7246
21222,3932.3918
20615,3821.1643
25705,267.1236
79631,3764.8567
14481,1098.9236
46794,1204.6898
17130,1408.9453
82635,3392.189
87645,949.8607
37813,8336.89
67172,1603.5083
60002,2875.5872
35250,2047.782
93747,918.0499
27406,5031.174
18061,1705.556
50880,124.39407
29480,1484.6678
72872,988.49713
96079,2337.533
39256,3759.0415
36520,1915.974
70297,1254.6556
60081,1749.9912
36289,4530.554
36099,547.97266
4026,1070.2216
64325,1000.1519
19400,6583.0186
21670,2239.2686
92465,349.77896
22322,1658.8352
18552,8437.756
27846,3589.4902
35728,1370.5907
99785,1051.9059
99149,2380.7144
44660,1798.686
37299,5358.497
87120,782.4428
65099,1773.6069
37794,1801.5637
96966,2885.7908
12611,2516.3533
50242,1510.5088
96062,2041.1644
2478,1133.5906
42274,3066.0554
82371,2835.135
14955,1974.4075
96544,3432.9756
90516,1406.5883
10735,1577.3308
62035,1078.0859
16048,868.1999
13999,1142.1995
77159,701.20807
13239,3223.1116
8328,871.9189
97943,2884.2217
77817,3502.7644
31240,3164.9714
44934,3603.4167
40319,631.5059
81758,4175.2153
34497,4356.2666
2047,3106.78
35110,1611.386
19155,851.9989
57312,13260.723
29447,2677.0015
67456,704.0545
63965,7795.8945
28481,371.57394
60598,3481.762
85384,2214.5037
83220,3075.351
17843,472.77603
9975,2126.3882
28057,3566.2666
90853,673.93207
4234,1305.7375
8749,5097.614
30041,1594.0371
63564,9407.052
93892,1905.7456
64413,1788.7283
70028,2896.99
15650,977.9221
88752,2455.3992
26184,7072.228
39851,9813.732
17375,426.32187
8723,4816.086
56132,13291.308
80699,1303.0328
9193,699.3052
55785,1638.0356
37612,1517.199
9387,376.294
27705,2240.8928
90374,6338.0596
79624,4229.2026
42835,1798.2603
56688,2519.2292
63672,3518.6948
47102,1907.7257
21489,629.6418
71021,5253.1045
40233,352.92456
73329,2646.7478
75818,8562.723
95020,687.9474
8145,3665.1445
86330,800.7933
72735,7352.9146
90039,2917.0156
853,6697.2573
80211,854.26666
35528,719.3257
17810,1360.0305
38861,1253.6819
12718,2614.9543
54163,3125.4453
46530,1904.9243
74837,1052.2203
67575,5411.5483
25713,10250.683
47024,2182.4321
71044,376.94287
26919,6961.808
42995,903.45667
94580,2972.8032
35333,478.86783
24747,6529.6826
40564,1096.1166
64628,11328.231
86322,2170.5684
85673,1862.64
12622,719.2337
18750,3518.7776
41266,2143.7532
70785,8716.867
95237,5225.536
84828,788.038
59417,1960.9426
36168,3254.2803
81858,1163.1158
89931,5228.478
98570,2557.5403
74906,1762.6526
33646,10413.785
46932,1255.3641
16609,792.1145
88036,594.1408
12153,352.00696
70719,1803.874
58506,766.98566
14002,12249.8545
95974,5181.35
51002,954.8786
65330,2877.9983
16272,1877.2749
35698,1027.8691
69163,2977.9922
22167,2862.9697
24864,4836.4365
55692,2863.8245
53447,13721.547
65035,1210.4628
14708,9140.582
23164,4782.0312
53573,4906.3394
50662,3328.47
49401,4036.981
12757,1039.1525
86579,4478.7935
29762,10229.337
40439,3649.4485
51987,1825.5112
53252,1442.7051
10911,1880.9331
14588,1148.8546
70553,388.6811
96606,9707.559
24342,2187.8938
74421,1248.6155
92540,2743.1428
99031,2292.8066
80624,1462.583
90040,1345.322
98152,1708.9698
41764,474.34256
47967,1968.7136
35710,2855.7356
59461,1816.9579
80218,7096.1387
56522,2416.869
67630,923.14185
78562,185.82755
2742,912.5709
35514,2738.4617
46945,1188.3782
61844,2345.7036
70924,1153.4685
89731,4206.402
3562,976.0838
52508,1598.5552
51150,1800.1989
6861,15843.104
47296,1534.1333
31391,1747.3107
51760,2430.1487
37984,1165.4956
70662,927.74426
92993,1223.3153
47220,1053.8527
44168,2140.6343
87963,3016.16
91567,3938.7266
13550,786.49554
42491,3377.5032
1987,6738.0425
63210,5692.2593
45075,1001.31244
59851,1350.0651
84431,1250.0737
91669,10320.409
5656,4840.4272
4612,918.0499
97204,2280.2822
17074,1743.5599
5003,2193.0076
87955,1172.9862
2266,1765.2274
17609,3632.058
46731,5036.7793
44445,625.18115
66561,642.8894
39531,2072.555
78671,2005.6278
28388,2280.4802
98802,3333.7654
28198,1614.1011
41834,2217.443
52559,3344.709
67552,998.1833
70493,1117.3156
50307,1102.9879
91808,11095.494
5322,1299.0168
3953,3941.871
37392,1492.0801
35269,6746.64
49778,555.4346
75855,1392.0028
83803,6012.309
20972,501.12213
70506,1616.8427
95432,556.81354
82125,932.92456
72731,3314.2407
7188,868.82404
90482,2074.357
81451,5807.7334
9280,889.21765
6877,2995.3757
27113,6273.604
95960,2457.772
7072,2088.0378
8914,4224.8354
49397,1062.3295
90087,376.294
36536,4002.7678
31887,4331.4946
72881,1025.1725
84826,484.79272
51500,621.5883
83198,3073.6282
30173,1350.2314
84594,4864.2524
89339,2755.5728
66893,1210.2374
92774,1899.7157
19045,1954.0381
33977,1970.5759
22024,1628.7589
32965,2104.8872
49563,1350.8236
12578,5398.035
93109,5480.7563
69326,1471.5525
57034,1174.8802
6291,2937.9382
10656,5190.954
65692,3558.5059
35167,20745.312
7382,1829.4768
68332,2412.264
27550,3223.737
6051,2410.9905
36373,4041.828
18337,1194.0708
2970,1875.217
47902,1578.1127
87960,3023.1597
79768,3814.4163
67312,2214.1438
27910,2188.4482
95973,1158.4822
39384,3813.181
12408,512.73883
23479,3363.7158
96041,4506.7764
1451,1880.9331
54081,792.73145
63886,3135.867
32779,2085.791
44165,920.6881
50911,829.44775
35025,6096.0425
66110,8116.634
79386,1368.281
37833,7454.0083
35217,7333.7183
15817,1871.7788
95624,761.47345
44061,7952.6104
59738,432.14005
3950,734.8138
58518,4041.2412
44871,2983.495
13464,1758.9529
50451,6478.1543
9470,196.84964
18582,2410.9377
53432,2490.0586
16368,3677.9038
25534,3715.7727
64293,3335.769
86833,3486.8853
5202,5412.918
35159,976.7008
14770,1570.8947
96271,428.0971
13562,1205.7946
29855,1044.1108
84256,309.65964
28071,1984.6582
48138,3438.7148
21407,1781.6044
27206,1233.2709
78823,2061.8174
58871,2157.3347
42748,544.8302
99271,3438.5652
64110,4479.3022
39401,560.14276
5685,2457.772
89260,1688.4806
70333,838.9708
10862,4126.0576
53732,1883.7135
2389,3348.2827
17752,16636.648
217,1102.9879
12471,3076.8704
13584,2455.3945
15940,1962.3256
2327,646.24615
95678,2047.782
75595,1826.5499
9977,5836.104
28484,2852.1638
56575,5605.8374
81922,1044.1108
91068,4265.3545
93203,423.88553
94037,2893.4536
97166,1999.5057
65362,1659.092
90547,11129.59
23819,5085.384
50867,825.813
61390,370.89053
40900,3543.4148
64240,1307.5708
42638,993.9778
65325,3093.3247
86464,525.31976
73660,1181.9896
33469,448.63968
73423,7793.6514
55773,2763.0847
65549,2719.9585
89350,565.98157
26738,3115.8086
89328,1681.369
8517,1519.8785
86667,1101.3376
47462,1551.7561
78291,10826.903
6769,21279.521
8969,3939.608
99560,1135.9634
19223,1848.8441
25372,5777.796
55991,1350.1171
6124,9436.797
46820,673.9794
5626,2606.7056
96927,988.49713
87585,1332.6074
29273,3396.1829
85620,4886.207
70385,7446.0747
58371,8783.306
83839,2536.05
67243,1204.2821
39659,1075.9982
37893,544.8302
71204,2566.0422
6726,8014.9907
53857,7795.8945
23220,351.59985
64649,1002.036
40778,3888.323
88636,1743.8853
49485,1270.1233
90958,2382.0356
22118,1074.9673
72936,1829.1554
7838,2064.315
65673,21546.3
63411,630.2602
48833,2817.9207
71354,677.31635
71347,11628.322
10676,1236.3488
23999,8271.229
13658,2200.6797
6087,4042.6116
99419,5677.8843
54433,800.7933
41064,1353.6732
10659,1330.3535
93107,1690.6587
26540,1681.5116
93092,2237.774
63133,6059.5234
3568,1690.6156
31220,1357.2687
33946,927.4952
80810,1962.7433
81475,6934.5723
44338,3733.3064
41781,2633.6943
49616,5345.1333
80160,3076.8704
17479,3114.7864
60998,1880.5132
6360,6446.472
49456,2614.0535
91065,547.78973
75137,851.9048
43248,1302.4901
96262,2438.9016
45255,5074.3076
88962,6154.981
45441,2182.342
80659,2504.6628
84537,2190.4353
29355,900.48505
63619,1279.9543
46744,2412.0754
20301,14380.869
80955,6090.3022
5971,2693.4165
29611,2900.215
91685,4085.4949
47167,736.94745
40756,2556.6633
73113,2547.0178
39788,413.54745
47106,1744.5242
19483,1620.6401
65265,6537.9126
34181,1877.5671
14044,4744.611
12584,1667.8335
76578,6967.2056
27981,530.0539
78211,14532.476
32098,1604.4795
57591,1369.3619
66844,4395.6704
51426,1055.9775
42510,1353.6732
6721,1344.152
14337,1540.9066
23322,6834.22
33805,2907.4197
84190,1493.2814
56015,4261.447
32547,1331.6862
41967,1947.5936
3220,4047.2874
85975,6253.248
4396,2314.9575
79733,349.2895
71256,2972.8032
81273,438.94144
67149,5362.2593
75748,5147.518
9354,595.56104
17254,5147.5
89084,8534.816
68521,1227.0173
63736,2001.8226
57711,2799.1824
76914,1717.0931
11701,438.73093
12936,4250.8545
30832,1245.4968
21595,11093.353
2674,3981.131
78608,3175.0513
1859,2260.0203
37874,4468.097
49166,6281.9624
12969,4806.8604
89569,2151.9102
50912,1632.6063
55560,286.91003
79283,3323.5945
35020,5382.8076
43794,2037.8359
44802,2162.2964
52036,4852.988
10973,1822.4136
60147,822.0345
49059,4836.8687
3626,1113.126
33036,1254.6556
82485,1272.7251
10455,1551.4384
57731,4220.287
33162,5063.599
97772,2979.904
88800,421.99008
73835,7591.3555
45081,2221.6965
99001,9580.04
4594,179.09772
26450,1180.3191
90264,3069.8882
62067,5145.7646
30224,5725.831
99255,6082.688
18943,878.40155
54589,3310.246
93840,512.9863
94513,1163.1158
61047,421.99008
38606,5147.5
59283,802.7958
63089,1321.6759
57577,1534.1333
74495,1815.4769
59719,3605.5588
11683,6699.413
37957,7304.164
41660,2847.638
98803,1253.6819
81566,1997.5575
121,1940.3484
74943,840.97394
3050,721.37305
99709,9462.482
27239,1583.3922
53985,3882.9075
32667,4721.416
59394,1449.7854
8428,962.403
50823,1971.8783
83702,1589.7596
19305,579.7836
8955,3931.2498
30326,3835.7246
53337,1798.686
24702,929.21405
6795,2554.216
77823,1112.2236
13880,2578.0117
95805,1637.3993
3279,2157.3347
81431,884.7858
26797,1642.1141
86080,1807.7433
57191,1101.3376
85793,3301.6953
23432,2988.7632
96557,673.02313
21836,5218.93
53542,654.41315
98865,3073.0647
28158,7156.624
21146,1212.7366
74359,3023.6165
10232,2674.1455
93155,2337.533
80270,887.3561
93305,4726.5903
69321,555.6818
43251,9978.56
20923,1353.6732
1387,2004.3948
41259,8714.781
79193,1136.8066
66521,2689.8909
7947,1761.2833
2343,900.48505
52321,2277.1897
25742,1752.9574
48646,2082.0735
64882,4683.1616
66176,1832.0062
74827,10253.096
14202,4122.1514
28133,1306.9414
64514,1526.019
65785,4132.837
66018,484.79272
61697,1318.2183
67061,1618.3402
51838,1310.1888
64115,1630.9567
92779,1256.4105
97454,2105.6672
8009,1602.7445
53644,2043.6564
97189,1557.7195
21439,7003.581
938,4034.1204
39096,2395.8105
23649,1827.4636
16719,3100.3604
1837,947.1815
22626,837.76764
33374,1647.5673
3877,702.85724
22559,1030.4651
37384,2270.0674
66950,2743.3054
20143,984.7125
38201,3702.922
70231,1863.1101
18449,4075.7078
54034,1339.0785
15637,3339.6555
18894,1612.8871
63998,4647.0327
96573,2011.9382
45941,3432.9756
92727,2103.8667
94211,2016.7441
95517,5081.502
97472,1215.3153
91359,4100.261
51366,7884.443
76256,868.1013
47815,4084.1245
34690,2032.8385
77472,616.83704
75798,1557.4335
55214,3279.2253
67946,1155.6785
88645,1281.1609
27541,5918.0107
55488,2717.8074
30793,6643.477
17000,1036.3063
62077,940.6241
29363,12226.105
86082,2058.9233
1801,1708.9174
90038,344.39023
8391,679.77875
46629,545.3451
83199,4004.506
62722,7215.682
40034,2605.269
48813,1222.7094
25408,3217.694
37080,2623.284
5264,2937.9382
91209,2283.6772
95162,3649.4485
71636,1815.596
45106,4900.495
25041,6779.85
60368,1673.7582
22466,5764.3896
25841,3633.0107
13595,663.476
21451,2351.4321
31727,1318.9031
79062,1291.7476
17587,744.7245
92289,850.7037
69686,8594.903
4960,2851.0562
93457,4329.585
27188,1204.3279
66498,1921.1813
69595,1386.3424
75965,1037.9678
16021,1075.6747
45366,2018.7246
89607,182.86804
10777,4426.9443
77400,4408.9995
8276,5058.273
75126,3100.4329
86505,3123.6868
67951,552.6029
64862,613.30994
83331,974.2562
54416,1684.8353
41924,2108.001
77175,3718.2483
78969,1392.0028
2383,2702.647
44967,785.3213
78517,2085.044
85181,1449.5535
46499,11122.562
92255,6765.5337
36666,3133.3933
80779,935.58594
26664,4348.84
31298,3111.5044
44684,423.9866
65502,3629.4421
58873,2095.8657
26186,4342.6206
99350,2022.7523
62488,2829.5479
84173,3542.1116
30025,2273.3135
25470,2071.33
4902,4110.1367
57702,24524.648
80538,1303.8228
32975,2605.5745
2304,2484.8152
86134,315.4803
3681,2711.3948
56889,1221.4585
61669,1489.6649
53927,483.06674
64376,954.9654
61198,2095.669
95832,2392.616
59226,987.82056
99598,1268.3007
68108,2176.6265
48771,1743.4539
72555,887.76495
3961,4585.6797
17364,3832.6606
56838,15047.634
84636,868.1013
82681,2291.0454
55209,1510.5088
29245,5151.045
6488,7901.244
16420,268.34048
29705,10767.808
20530,4149.4087
12519,3044.5828
44766,2098.1985
65132,1707.6575
81628,1683.6025
52985,3172.01
41667,1157.4619
79421,6191.4316
57931,9657.865
94639,2502.7263
53367,1583.3109
50078,1369.3619
27661,1510.5088
17518,4507.98
85391,2627.0996
28438,1571.634
55807,2493.5872
9212,526.5116
16350,2768.5325
27597,1971.2888
62062,3443.4238
8504,1470.522
1784,8511.203
12660,1470.522
99858,210.68375
805,2732.989
86703,1072.8795
77541,1143.6132
98689,1683.6025
63268,1225.4343
33598,9406.05
63578,13204.355
59377,4541.0513
55010,2197.4812
50210,3287.869
74324,1775.7996
62717,1317.5793
59496,2219.3335
72211,1061.6448
90762,1698.7864
68471,3248.8992
5814,2920.0752
16834,797.2376
91046,2148.3132
28585,14026.729
94332,2155.0608
49222,1305.7375
51252,2383.9707
81179,251.23717
5722,3130.3235
46024,1125.1042
57808,6040.7124
65915,3162.5625
39438,11288.092
12334,7928.921
77977,868.1013
91266,3144.526
94934,3893.3262
80746,3731.9092
77369,2608.3242
57341,692.63007
72192,1165.7665
40487,1884.0518
54783,2038.7355
22591,1577.7914
68510,865.1291
13964,1246.3463
21971,1003.0386
17696,1622.543
97669,1703.0881
45691,4558.6787
93521,413.99323
46809,5232.0425
69358,1936.7427
7557,6281.583
88271,1062.3295
60761,892.26044
14679,2954.2073
94525,2183.0269
75914,4875.9272
46331,1499.7301
49859,5674.2876
63485,1042.0625
40432,4573.9155
38477,1528.704
18406,5505.933
1401,1476.7656
69088,340.31375
30698,3178.4724
98480,2112.342
22235,2088.1846
1431,4211.1504
72277,894.73303
99035,4224.8354
91393,5896.026
1300,1132.8463
98904,2070.323
69230,801.0478
70910,1113.4957
80013,2301.6328
52290,3378.8638
43947,407.0651
3928,1281.1609
76167,4033.0422
90390,1289.5608
58500,1870.2313
69652,1830.6703
80442,4320.7974
86460,2267.831
26559,1551.7561
9325,1158.4822
2911,2811.433
20493,1968.7136
15055,1479.1886
51964,2376.7083
62744,673.02313
36844,1771.595
21309,4164.214
10654,518.5446
58704,1590.9185
48291,1595.3584
72157,4440.2734
43871,2329.732
38563,1650.1713
17536,799.90607
79350,4615.396
19333,3194.1482
14269,2588.6045
36107,6964.272
16130,3344.709
94718,3858.9146
9194,9086.488
82108,6932.57
90937,1430.7584
87769,2012.3372
24322,2588.6045
47454,5042.6367
90211,3694.078
82195,648.906
95917,2089.0737
64270,1916.6683
26275,1060.5702
41472,2172.0996
2042,231.04073
81696,1387.153
78515,3918.5544
89217,2932.7979
80864,504.92032
74008,2135.1885
83164,2706.717
97595,2125.427
58561,2742.6985
6581,2006.2538
30898,3175.3647
51509,13465.299
89109,13479.503
55563,1414.1143
83432,3262.033
55848,3853.656
68464,3675.8057
77549,1645.8269
98466,2782.0657
49040,2111.4312
75194,2021.6648
6189,2100.0938
46830,5898.377
31440,1471.5525
218,599.8012
52891,3144.526
26668,1253.6819
60755,1034.6436
42422,6112.4033
42334,2772.6914
3126,5441.9165
79333,1118.9951
57801,3533.9622
76419,1165.2028
22530,2146.281
42524,348.03104
81034,2949.1938
91113,3227.51
77544,5325.2944
77208,2742.1353
97773,11119.506
48331,2636.7063
84259,3813.181
2312,2306.887
345,8701.809
92615,1282.5804
95111,6684.35
77342,30821.264
48290,2072.3516
99490,1430.8175
69235,1654.3232
63203,872.3859
20739,2372.3384
44534,5781.0454
75304,8164.1885
73789,12218.103
28530,5408.0356
13872,2483.0898
24807,4558.6787
38699,5378.9014
39867,369.324
77635,1508.8766
28200,1361.8632
93933,1067.0232
58613,5398.6987
52923,2049.57
13735,1542.8978
3393,4570.1045
17652,1834.7667
46378,2409.0215
57542,1350.5546
32589,2374.5527
12964,2201.9019
80166,1036.8699
59849,1884.0518
22455,5658.488
22285,1169.591
27017,4407.029
52824,1245.5674
34538,1727.5095
80816,3233.5886
35704,1014.87317
90723,1572.8796
24194,355.7275
42058,7352.19
20921,1967.1744
60840,1763.5945
73646,5180.998
27001,1595.3584
48292,742.7244
51466,1396.0045
39236,1512.956
33530,568.3488
71751,8599.366
67697,1481.2562
33295,1928.2262
87724,2836.8452
60238,4253.581
4993,4100.261
68643,4121.4062
15477,858.79
63813,4546.9497
57255,2702.647
89862,4022.009
68414,2183.5483
75594,1036.6609
53660,1683.6025
64613,5062.915
98097,1161.3442
33481,753.8573
81559,1400.1298
92849,7379.8564
9234,1967.7174
37088,2619.258
81359,856.5719
78575,2777.9277
16136,733.9046
28195,2985.9106
39121,1470.522
40828,2199.0967
73485,1668.0524
79762,461.55145
72567,548.9992
41943,3133.3123
97154,852.53973
38636,590.06433
83415,1112.6526
74818,1306.9414
53913,6152.614
61492,2081.0063
92544,3450.3323
24195,3086.6594
53782,1703.0881
76324,4588.3667
22330,3018.0022
88335,1905.461
25559,2157.3347
42602,3885.1636
64446,1136.0795
67918,3348.184
1322,1800.1989
87502,1356.9623
31973,1241.5441
82362,1283.4706
84919,1908.7362
81594,2734.6685
24646,3809.1218
63527,3121.747
14420,2597.8286
86691,785.5506
76600,2381.4475
90972,1877.2749
41417,624.0069
25662,794.6463
19150,14244.0
38743,8042.8076
22534,14063.67
9006,1064.9692
11802,3954.717
30693,712.826
80144,10194.001
99408,1637.3993
12292,3016.0283
65781,5997.9526
72201,2084.1074
21299,7240.5957
93510,1169.9469
29279,1606.7107
64653,1411.37
96455,1376.5433
52270,3820.5544
4870,907.925
25442,1264.9429
61689,2392.963
31321,825.813
96081,7314.625
55410,2124.9023
88734,8461.921
52542,5173.1895
51301,12953.959
93825,1061.6448
13495,4834.22
90856,1062.3295
83397,3291.2146
48030,903.24493
83261,3417.3708
77727,3779.4531
30926,6243.4565
57885,1219.4935
98479,904.50104
43906,1101.541
73455,878.9196
45145,2985.9866
18569,1637.3993
83947,3262.033
13946,3925.085
28942,628.4313
73624,6849.4316
17855,1872.3542
86731,834.2318
97010,7378.9316
29633,934.2402
2565,1644.685
73705,988.65796
44567,389.2577
12370,5925.6074
59836,758.6666
1547,914.0678
57680,4831.2925
13533,3576.9888
59328,1100.8563
35956,3434.6592
22822,2291.1128
83051,2210.1294
10982,3113.178
28986,9102.738
67838,2588.6045
82258,2742.1353
73236,2338.0215
59097,1800.1989
72353,8548.01
52392,1836.1595
57047,1153.9648
38610,6501.3013
67973,1062.3295
93284,2857.5996
23141,5181.064
28697,4337.0103
65918,630.19434
52571,1396.8365
51012,1102.9879
21108,833.92236
90415,1938.6223
63230,713.116
98662,1245.6655
59001,4058.3337
95937,3511.864
70251,1010.88574
32266,970.339
63297,3813.7324
17207,8228.358
30171,1647.4989
98603,3689.3691
35573,886.5907
95077,1650.9714
14687,1030.4651
79308,506.76382
72603,2654.8958
72588,2357.1018
31257,692.63007
53421,652.7423
64059,2011.9382
52995,4132.837
40739,448.56235
77180,4486.389
43097,827.361
64877,10770.196
395,1574.8558
32733,2636.0051
18654,2419.831
60971,1484.8151
54009,3657.4456
34644,5187.0747
6288,6537.2007
66333,1616.8585
67281,4575.9346
36359,3389.7236
275,968.51666
15196,5216.575
20646,3074.6943
17496,5181.0527
49035,3367.2656
12992,2317.1248
2468,5460.1177
62795,3323.5845
93269,2338.0215
66825,1746.5725
79682,1773.5262
16267,5969.204
97031,1555.5536
27174,1369.0109
11904,1385.6815
47903,1342.8203
57624,13403.397
49975,2325.291
52438,1657.0332
39643,821.0414
45390,3572.416
56052,8178.2124
12799,2108.001
5972,1007.1031
7614,727.414
78024,3572.416
95341,1072.5891
51375,674.4622
53902,2877.7893
52854,2004.3948
80356,3429.148
67914,1605.3103
85313,2121.0544
88572,3195.5227
32609,15781.214
2649,646.24615
19120,4730.776
93965,1316.9005
10484,906.1179
78590,871.80853
46835,1209.1284
3978,1924.9008
39288,695.99414
78909,825.19116
40283,2932.3242
14780,420.85168
84847,2013.8767
85938,828.57935
43077,6961.023
42652,1853.1475
86542,3057.1865
38194,3370.335
11860,2088.91
15347,5514.082
64941,3348.5413
57068,3060.2126
12123,29001.828
57265,1546.3622
65038,5661.2656
73192,2114.1462
66120,2512.9412
79218,1707.6575
37995,5250.544
84188,5508.7446
53565,1746.377
10415,3169.8271
47531,4460.1206
64045,1237.0276
46524,2338.0215
84285,1799.084
97422,9643.486
61015,16450.967
86287,1994.1638
22964,1644.685
81069,5512.9653
94071,1087.608
81613,2702.647
31558,1735.0979
10582,5744.8203
75420,2906.2644
32166,2111.371
5411,1711.9882
82348,2580.055
9529,2944.9998
43585,1188.8767
20532,1148.8795
96531,1411.7684
180,1609.578
22077,2598.67
39268,2217.3787
35876,1421.7004
88613,682.1981
64069,1948.585
90662,1349.3519
32039,721.98883
77893,566.96704
22038,1191.037
91540,3125.8623
66073,3138.9622
31055,505.68408
47340,13855.198
51385,2526.93
26239,3312.7258
945,1038.4573
73724,3889.6458
33412,751.77826
7682,1672.6317
36270,4377.4844
50143,3605.2139
39000,4899.814
13905,2453.2568
79091,5632.5737
51032,1112.0525
42894,3702.922
97700,12235.224
44342,2925.1465
77244,1178.8461
19767,1642.1141
60536,7158.192
59204,7620.223
42181,2742.2314
20854,4588.3667
13295,9760.065
52794,963.0543
66867,1903.0619
36698,1531.43
58115,890.116
83673,2726.7402
79502,3151.3335
42369,2806.4275
35647,1019.9815
69814,6501.7915
8125,380.35242
49016,4604.045
21941,1839.2782
42020,3339.6555
89948,5461.752
93088,1620.6401
32195,2194.4172
91444,2548.7092
33204,1448.7571
71315,2755.1064
87595,338.4297
55570,4423.417
87861,33884.51
71016,1169.9469
78403,1300.938
80425,2151.9102
37980,1316.9005
18178,925.83307
78180,9516.749
60037,278.87665
13814,1378.2913
50154,1031.7767
61770,2111.4312
56165,381.52975
78471,1863.6263
52490,886.5907
93925,435.12338
84002,1477.2261
35631,2455.6487
30684,6960.4854
16077,2804.5796
49735,1914.8997
73621,2662.8442
29548,1976.029
30288,656.71295
65162,5430.4795
82032,5728.377
58367,1448.251
59930,2472.3203
83364,1865.1024
71201,580.61774
86309,13512.514
20610,4615.5767
38714,6121.709
61743,1883.7135
79374,500.4629
17631,1351.0746
44433,2209.5813
41950,4135.991
45349,11000.116
5831,1977.0228
24351,344.0556
68803,6263.4863
6889,2214.1172
45035,1023.6922
18363,1211.6371
21192,1497.8354
95813,1949.8218
44401,4219.779
40495,4669.9087
84255,524.4224
27947,2362.7224
45709,12070.87
62234,2788.5645
85605,1222.8505
52576,1757.585
55625,2133.054
25755,3778.1892
51031,1584.3839
18921,1164.1378
28154,1085.856
61677,1003.0386
8027,3104.7876
4450,2904.2842
29900,1194.1556
33365,1294.0481
58839,4820.4473
8106,2521.7476
53863,1896.3768
30,475.67517
29846,409.47098
19170,3257.769
70715,1741.4055
24182,7857.7295
47634,835.4349
41625,1003.0386
17277,3448.4087
75071,4066.7546
5960,5733.099
5065,1280.6389
48952,1913.5497
56058,6184.025
9219,945.48676
5422,1394.0133
42760,1870.2313
30440,2327.1228
95271,673.7774
13933,267.1236
33556,1274.2727
70734,1557.339
92581,1142.1995
6936,4846.8716
51395,1159.3766
62714,1544.7642
16137,2405.314
8447,5293.7876
87931,1222.7094
68400,1063.5457
49576,3002.942
48372,6839.269
76082,2188.4482
98082,6257.708
88564,1639.285
32854,1803.874
79936,1525.0288
70070,4282.588
6077,2902.8542
33378,1852.3086
64765,896.52655
62260,1286.5668
69874,791.6053
26212,2858.999
52679,3041.363
83016,4512.3027
53949,576.54126
25625,7894.1265
32336,1494.411
50283,766.98566
7580,1073.7269
12184,2419.831
67966,713.116
20387,1871.7788
75716,625.6648
98176,652.68536
60124,2124.1177
75426,769.9707
74809,4232.5615
87154,473.42496
36693,1558.4043
63065,4142.0034
7583,1144.0248
50099,4617.5107
45242,840.5702
53015,6452.831
65448,2859.1902
54509,1651.1023
60073,1830.9644
54916,954.8786
58084,918.0499
96572,1083.4114
39693,1385.6815
18599,2465.9158
56463,10045.932
70704,2916.447
55255,1306.5807
25711,7561.202
34544,5555.408
27516,4834.22
56886,604.2397
24993,4664.501
94140,2521.0535
78884,1752.0613
5938,1658.2502
86571,1790.0397
3633,4081.808
10967,1316.5178
74047,2972.8032
15923,3128.9392
24418,1497.8354
53030,1142.1995
80826,1432.7489
90854,1325.243
83611,560.14276
34103,966.38495
32976,2214.3242
99328,1228.1632
16185,1674.7566
67622,2704.1345
44877,1271.6471
42583,473.42496
18445,3750.5798
29713,6235.107
69921,5523.7754
1986,988.6628
60103,12226.827
39869,4085.4949
73310,1856.3085
62485,803.6986
33375,3725.421
69960,2085.791
41053,1976.1438
88218,2968.7197
46966,818.2433
94634,1276.1741
81051,1707.6575
18725,1395.4069
43631,4792.372
97467,6916.567
42044,3371.7615
35093,3278.387
45805,2475.528
73380,408.21982
12797,423.9866
21467,4804.952
44470,2863.8245
9596,946.1716
21465,2142.1113
72374,4389.709
72930,3517.2969
29597,4303.4146
35516,780.4802
36271,338.96722
30915,7086.7085
40660,1989.8062
85632,7302.802
11816,5411.274
10393,2089.252
30611,1191.4968
1183,1931.5981
6450,1874.1562
32409,713.116
17539,2994.7996
21142,751.76733
98851,1154.3116
46132,5811.3
35965,743.94055
97991,1408.9453
65571,691.7561
37705,6186.163
97359,5444.786
69503,989.5163
87594,1820.9095
9499,1875.9038
17341,2743.3054
32926,8312.748
214,11488.156
55193,1940.0768
54639,1416.7885
57055,239.31876
1620,3057.5671
42110,886.2222
9912,4403.9478
57139,4830.6743
78865,3071.1777
54646,761.47345
93781,1282.5804
76448,8402.569
46873,2356.8171
72396,2349.619
5195,1277.3833
45323,1673.8997
28300,790.3517
7772,1648.8102
18800,1041.5759
11843,1454.0048
77287,1040.8796
87696,891.6818
43115,1222.44
50792,2358.3735
85908,181.98091
18383,2119.52
17778,3235.5283
9829,4061.5725
32282,636.8772
8230,1505.5842
33258,1264.694
32488,2346.46
79526,3296.7388
93178,1085.7855
37704,1588.6078
2896,7611.2593
60992,957.28314
23764,1126.3765
1441,1134.4337
17063,4430.546
17362,2026.7059
75024,12533.273
26397,7429.646
37552,4553.4414
92392,4200.6333
74656,1080.4028
11480,323.9378
19746,1557.4694
33456,6613.2515
5621,4993.8154
39009,3048.7012
91746,3902.9458
72185,3073.6282
74898,946.04724
9272,4075.7173
99568,2523.8774
50390,596.40436
49891,442.64545
57751,1200.3965
82870,7439.9565
22471,3444.2742
59755,3228.2854
9514,1602.013
95968,1329.4935
84534,1142.1995
85332,3016.0283
13795,981.26575
56442,1216.9728
97875,4677.273
63931,2114.4392
20482,2089.1108
86781,3885.319
94783,2212.5222
36482,2137.4824
41616,1644.483
22338,1113.126
58184,811.8607
38354,4174.1543
174,2166.5383
74153,1389.2399
84946,7201.5723
44738,4224.156
26128,682.3818
46433,317.2126
44920,713.70337
63549,2483.1858
2906,1119.456
61643,3359.0156
13172,6149.6665
49658,596.65814
66146,1552.9822
35264,1513.5908
39193,3457.6843
71180,4535.5947
71958,1453.3838
56567,1858.6099
89719,209.76607
26445,2930.163
89955,788.62317
19971,525.31976
23948,1353.6732
10378,683.65826
89370,1524.957
82261,1862.64
32773,1569.2252
8239,3694.9294
75103,2559.856
19159,1132.124
25691,1308.3069
48015,848.5535
26068,1100.8248
45680,3483.8433
9380,4295.664
28543,3695.8523
96926,513.63525
4742,2655.726
94353,1815.6252
28643,2132.019
13127,1079.9653
73365,4517.022
49487,3007.7405
35095,2967.6082
13838,4259.704
36423,5841.0913
28389,1403.5288
54615,610.66
22523,1516.8635
36244,4461.9907
85482,709.7526
64114,5262.334
86496,6277.477
27111,911.8542
43416,2370.7249
78817,323.9378
3117,1392.0028
19022,1192.1959
87062,11115.691
79788,10967.725
61440,2840.0298
6486,3044.5828
95952,933.55536
67208,5805.0537
13026,5978.0156
41056,1668.6041
22655,2689.8909
18175,4106.0786
12435,5190.954
4195,990.2011
11901,16287.363
43836,1336.294
29420,2976.6973
31796,4137.867
25599,879.7272
44602,2764.3477
20939,759.97736
10933,1223.8035
41711,3011.3755
22771,3638.3113
22552,1422.115
28446,1790.2438
52755,1150.1534
79223,2797.9348
63825,2257.0952
86835,6070.32
48816,1683.6025
62018,9360.251
70183,910.7499
1813,2313.0579
23557,3135.8523
11934,7240.5957
51914,3544.0854
82377,2561.3318
85720,8863.765
768,3764.8567
16201,2474.96
53445,1474.0038
74923,1322.3678
54167,2301.094
77966,429.6296
35688,1073.441
51540,2541.3867
42713,1255.1718
66779,487.06937
95410,504.53934
33626,185.17867
75853,4442.0073
75992,2193.9019
94752,1135.9634
78768,3466.4565
1575,2575.5547
42008,794.6246
59616,251.88606
10418,439.42294
49524,1114.5483
82351,12137.594
82399,1123.1925
99565,2126.3882
99351,1392.0028
34499,735.58496
30673,5105.661
65654,3340.575
64246,1062.8424
79510,2733.2278
61510,4592.094
92254,7496.789
14311,7037.4243
90311,1323.0991
33697,10053.801
51155,5020.0156
17134,812.5325
51039,2176.6265
81014,3197.4055
9447,2163.1626
84437,679.5818
19308,2360.9834
35638,2213.4788
65141,1246.2954
54653,826.6762
23431,10600.157
57121,2037.0365
85623,792.7993
92925,905.59924
85059,2789.0684
32242,1088.0962
33841,4530.244
95751,6904.964
33400,2251.2363
73836,6375.4346
4869,11430.437
32000,1965.1436
97182,3895.6848
17667,2025.0956
27565,314.02368
19629,2370.1384
10983,1744.5242
73948,7930.317
86847,4645.589
83745,1009.5536
9276,2620.664
17475,6504.9087
32424,4928.935
88578,1490.6084
82319,4326.8984
83542,769.04706
73781,1080.4028
71640,2318.237
46087,7911.7085
15041,5041.879
89180,10774.612
30940,3073.6282
29472,1224.1584
44817,2414.8682
76844,3135.7026
58198,2250.5078
92212,2983.495
84139,1353.6732
15633,1743.5266
61168,1360.0305
42559,2038.299
63108,4735.4746
19221,1921.8633
73128,2318.7263
65929,389.50085
81926,1822.1003
40550,3855.9941
68222,1630.9935
72849,2444.1384
70878,2177.609
80825,1526.019
82294,332.43515
13288,4703.4297
72414,13125.817
26281,1067.9985
83705,10801.506
25462,836.4119
14328,1976.1438
98905,4694.046
85606,1700.0532
62226,2398.1816
74940,13697.653
59889,794.3528
49051,1602.6868
57634,3119.344
59963,1186.2167
8892,343.7114
18520,568.2772
94820,171.7864
54832,496.22604
12553,3005.5562
75611,1992.9386
19282,1815.6252
95298,448.56235
34411,2636.612
4250,949.5266
61115,3050.7422
87560,1188.3782
77911,317.2126
28091,1337.391
83351,2972.1045
65956,8150.5312
17291,737.8617
30161,1067.9985
54698,1670.4287
66256,3462.5376
2014,2090.3916
37140,1017.39514
88412,4023.2456
12875,2834.37
85333,748.1582
93666,832.2317
3317,5255.393
21615,1505.5842
19833,1350.1388
83955,887.3561
59276,3399.1968
23717,11244.623
4120,1335.5214
4006,3728.7454
5098,519.2183
11777,542.0967
96612,3784.127
52830,515.93756
8940,967.20593
72788,4560.7266
99668,1877.2749
72370,407.0651
81840,1050.2535
24937,2687.5134
95495,13774.774
49063,6514.9272
39574,927.74426
72929,559.12823
22323,1052.2203
58050,561.2909
96551,4530.244
55419,1860.0293
24813,11848.48
68024,1028.9569
46684,2289.1182
17502,3673.4434
85574,4403.0083
49584,8048.1006
37857,1865.2886
25835,1201.0176
5347,1247.6589
79708,4752.7373
74471,1078.9321
81000,1201.5712
29434,1271.8015
13433,2225.8135
65821,899.442
87311,1429.6743
71649,2524.1694
80965,2157.1409
5361,670.2861
71967,2326.0547
60960,513.63525
46056,5435.5566
54289,4329.111
6602,3259.0374
16708,761.70044
49851,3881.3696
74618,1192.3771
79865,1124.913
57820,4472.994
38198,1342.8203
73740,1100.3597
92015,7116.8003
64697,2308.3086
8549,4530.32
68924,952.244
90641,2909.0579
89597,453.27472
35567,3114.4912
10842,2214.1438
48720,1884.3032
25789,2773.0347
71647,3054.997
74835,3340.743
89715,3393.8984
34077,9774.104
9651,1158.4822
26339,17157.613
37898,5345.1333
23921,6200.4565
38174,892.26044
36933,437.4536
49264,3060.0408
44553,2787.7446
13400,6442.663
31910,1562.8021
30634,7726.8613
10687,1998.9445
74427,1790.526
86353,3048.5925
13878,1124.913
29281,1550.3177
44239,2687.913
37410,1246.3463
71769,1772.0021
80274,979.7066
4864,3048.5925
37157,3386.1746
62931,1989.6179
71341,1014.1324
16707,1205.7946
41920,758.45416
58249,2617.954
23858,6176.9185
10277,341.36014
48249,11077.438
9666,3328.47
90026,713.116
49809,1771.9692
86277,9248.976
69140,8054.92
12583,2956.8125
56129,8711.967
43909,4168.9717
62109,1489.6649
35502,3671.9805
88439,6505.7534
71402,1450.8861
66412,1470.2744
46257,2968.7197
62274,2575.5547
26555,3264.9631
20820,5482.9023
75805,1853.1475
53711,3596.4622
11891,4454.221
2901,746.1471
27263,1602.7445
25427,1370.5907
80698,960.7708
40162,807.16174
89038,4092.1304
17595,927.3815
272,2261.0098
47751,2380.1628
33028,1590.9185
86164,1925.4952
60603,867.83057
98797,985.23663
71055,1132.6135
67044,3283.9905
80676,1982.9025
28414,2273.7214
85222,5935.5337
51638,1325.6152
65562,1593.6167
26470,3103.8745
6226,2945.7288
28312,7864.682
71492,5251.487
41951,915.8866
44419,2466.2993
95674,988.49713
94445,652.0575
93828,4220.026
67589,478.55386
90988,1350.2314
13476,3781.2305
76097,2972.8032
89356,3287.869
7481,1024.5417
54725,3115.8086
2878,1311.6655
46594,1654.2948
3999,2923.503
45940,1611.1841
15482,4565.379
49391,1116.0803
70568,6162.0576
32478,194.33133
77504,2747.4387
36003,1577.3308
24120,3801.127
83794,956.15375
8206,3046.8628
52546,2413.9458
94685,1357.2687
39726,5448.802
61061,2946.0525
6897,2714.93
35741,3332.2932
42714,852.07117
57333,4153.1455
11452,4569.4355
40405,4658.618
87386,2204.829
76084,1767.0027
18828,1443.2328
50866,3880.3396
11714,7060.4775
6863,3391.2676
74352,1446.3132
47009,2396.992
63038,975.532
95243,9077.082
76782,1896.3768
13067,4988.507
7739,4789.0166
6201,834.14404
10972,1120.4751
16995,693.87976
32030,2018.7246
94429,3658.9412
99239,3661.2385
65017,1865.4824
7558,1915.0099
55142,6495.9653
98869,1267.1539
40729,682.8712
9270,3507.2664
18724,517.8957
30112,8060.4546
8933,12387.625
88944,654.41315
87107,3595.6338
56777,1441.578
31849,1940.7012
81033,1205.8258
11045,451.96
19086,1633.6865
1330,1142.1995
56362,2097.1116
7237,2681.7214
30454,1712.4229
19443,849.1043
57471,5334.864
32425,562.4732
66681,3486.1147
6298,596.21216
80114,3617.7227
64734,4598.035
53975,934.2402
20697,656.3685
25997,1997.1486
34390,2073.3542
92991,293.47412
16318,872.5977
31349,1243.1862
89708,1194.5555
58442,801.7085
93856,2085.7012
9522,864.7662
87987,967.32263
84790,6960.4854
7942,1450.936
50177,612.6251
8672,7379.8564
69123,2172.7449
53550,721.98883
90229,3309.313
97038,1120.212
16734,706.7719
8658,1457.94
28554,4919.96
74180,4588.3667
98276,1999.5057
25770,1469.974
93508,1345.9061
96120,9977.257
15095,1075.9982
79931,2790.6963
47370,7112.108
58596,5071.9556
57583,797.7865
14692,448.094
35536,2815.803
41915,1636.2295
98499,3586.1301
29302,408.89865
48422,5441.8936
2456,733.27435
1381,2013.8767
44856,1191.4968
38232,3730.351
37547,3543.6575
60319,3165.4229
62239,2172.7683
16154,4445.881
36773,2325.291
49474,1924.1626
57095,2828.518
81590,2247.0693
59692,1267.1539
86690,1997.8469
30935,2677.0015
21492,5469.5703
19750,6295.3193
37310,2687.913
77308,6422.0444
82775,8751.9
56950,2867.0496
36706,3740.4834
5069,2266.672
20261,2546.759
60111,3231.3958
75708,1210.0466
35928,3574.6902
44937,7425.384
97220,5355.9663
85084,810.09814
63150,1148.1271
22612,825.8227
60896,1342.1971
89345,2386.842
30661,1234.2444
92915,499.11465
4096,2077.5938
29218,1073.7269
96210,7365.7314
38600,709.7526
34601,7880.044
35272,3441.512
40969,1033.213
34840,2256.1614
45764,2319.1458
84488,1378.2959
39512,1304.4504
29445,802.6472
44323,2217.443
68053,1160.7919
19387,707.0893
49519,8404.415
16017,1060.2023
79984,860.4802
74533,2859.1902
47979,4588.1196
44807,1449.7246
88224,7240.5957
8186,1470.2744
5992,1743.5599
79669,3450.4392
53571,1628.7589
86677,3326.0154
15187,706.8485
13162,1099.556
49886,1744.5242
88929,256.577
30791,14892.69
81769,11863.208
86018,1971.8323
93571,4546.9497
2923,8246.657
72795,4406.9663
51737,5052.101
89274,1531.0146
15646,1581.2893
14171,2504.6628
66619,3448.811
33989,3782.075
27270,1241.5441
5732,2999.307
37519,2704.954
54826,651.58344
57794,1062.3295
21638,11924.146
63889,1507.6542
23371,874.4819
98303,1216.0054
48295,1013.8567
99673,2805.2878
61428,4633.3843
27436,4160.3076
28328,929.2276
13623,1276.1741
7464,3550.7593
81883,1256.043
90871,4397.564
62954,1831.8542
68138,3101.4473
29698,4897.5244
20793,1884.0518
38986,1201.5712
54602,625.18115
69648,1497.5297
4394,5034.8613
32895,1763.884
28177,1051.0967
11856,3759.07
45584,3262.876
5148,610.66
48574,2521.0535
33519,1485.977
57715,1631.5759
56671,1052.3298
94799,2280.2822
3646,1650.1925
28820,510.67572
16582,365.24753
26785,2898.1074
85327,2604.3518
57127,1259.4897
2883,12417.625
63410,5425.675
78784,10824.903
62248,3967.1099
96958,1120.9233
17313,1041.4158
12824,11153.318
30706,2555.6875
11734,3441.512
74103,863.9642
210,6941.653
30098,1726.5408
24604,8014.9907
78951,7834.154
18587,1979.5802
20709,1418.9556
75847,827.361
89980,21820.963
82540,652.35443
80686,1634.4648
33961,426.48856
12520,421.95065
31444,4104.96
38119,1101.541
8911,1614.1011
5516,5447.9766
57421,6934.7305
76938,1192.3771
87115,1825.1135
39728,1809.877
23650,4409.931
77253,3408.5479
29955,597.0892
99158,2077.209
59584,1494.411
66688,1618.1912
84884,4212.126
4502,3834.1104
24586,2256.1614
24499,3071.1875
25927,754.23816
67988,1350.0201
17916,3559.6523
53379,3411.683
27579,3163.682
44725,1118.2639
47216,245.27527
74022,1471.5525
3073,2171.7993
8140,9877.686
73877,1240.182
8497,6022.3325
3021,4296.77
23155,694.89386
61626,5429.1294
53961,11770.013
13112,2009.8479
99069,2781.7188
15089,9478.376
46138,1150.2788
73728,5568.049
77330,5442.0723
81313,1825.5112
56250,8322.654
86601,2792.8748
2899,5373.7075
22433,12398.021
59945,622.4262
22367,1274.1385
45835,2157.3347
51827,10660.561
34000,12396.097
92292,792.77325
93040,3219.8901
67143,3732.66
95274,1712.0885
73965,1594.0371
47295,445.23123
13134,6229.018
7379,1073.441
16944,10880.168
33690,3863.2769
48204,590.06433
7284,1620.6401
83042,1528.704
29024,1645.1918
67573,1310.1888
84879,1102.3032
28374,9141.733
51234,746.1471
11548,2314.9575
6895,6594.222
77435,3955.283
14810,6010.0146
65782,1430.7584
69730,2462.4524
86120,856.0911
65778,1676.312
51711,2260.0203
89828,927.3815
74240,5606.628
59346,2618.1284
37925,2246.4731
16244,429.6296
55671,182.86804
1380,1528.704
95634,2640.8447
26896,1945.9603
13201,1424.2452
77026,645.5756
17695,860.1536
18026,10133.528
14403,4274.669
88337,879.7272
91860,2888.891
98615,5475.977
73982,737.63226
28664,345.70248
33485,6118.962
30651,1238.2968
22989,1826.0367
84914,1456.429
91475,1815.6252
96308,2679.8481
48884,1703.0881
34936,736.7766
6778,2752.6387
5467,1499.7301
88622,3014.7793
51956,5740.621
92793,642.8894
94649,3101.4321
26641,13152.324
43708,19113.006
94910,2213.2483
6114,1148.2079
59768,1208.8917
85523,721.98883
97626,811.01764
26062,2907.4197
48368,2159.1785
99082,724.2003
2908,1717.7168
29481,706.1276
370,1189.054
89123,3018.3857
61660,1172.1702
38463,792.7993
1466,513.63525
94026,2643.262
94108,4073.7297
56664,9285.513
79190,978.1055
30307,933.55536
26536,1411.3909
21690,1645.1918
31686,257.06647
2572,4106.369
61152,2123.236
45768,4467.8228
35405,2738.4617
77776,7284.7188
90867,1070.2125
33262,3865.613
53980,3880.389
72637,1785.6053
10757,2301.1492
22345,988.6628
75667,5734.256
97040,3533.6736
68451,714.38226
96693,2370.7249
97062,3203.9307
10737,6229.111
42841,11056.551
4140,1884.0518
502,2177.2583
8295,2560.323
96323,3415.3738
87810,962.84186
20036,18991.154
40875,2528.8838
52038,2607.9082
77688,2539.0093
13177,3023.1597
9085,1366.0608
46554,1412.1313
39501,593.0678
73967,8680.94
79251,5420.139
30929,965.5218
89396,2894.1936
5375,2499.2627
24610,4803.223
59410,4519.5513
41373,645.56134
82429,3255.8833
96703,510.67572
90284,644.7713
56477,2880.274
39255,747.2639
19095,2025.5063
86540,1638.6072
81686,3411.4695
84103,1511.4104
55404,1990.2439
63551,1206.8593
8806,588.0151
98539,2670.5522
90271,370.31647
65379,328.35867
98207,3287.869
39831,1617.5215
66423,2047.782
52962,3284.151
46994,4647.0327
57154,2687.5134
16873,1978.2208
80284,3565.1548
90760,1041.5759
78073,6412.735
71107,5540.8604
38658,11147.093
33873,2125.0388
29210,1328.5444
67751,1049.1031
86485,3518.8413
68043,1551.939
98370,9060.458
11514,2284.5054
72856,13525.999
90899,5227.742
73902,1631.9369
70165,2950.6367
54229,5486.8086
23595,6281.3296
44228,5935.783
38156,950.18365
22100,3918.9062
73795,1647.4989
43004,652.7423
84419,4439.4033
52556,3366.5293
47460,2108.3123
34668,653.9237
46262,1746.5725
28625,4756.193
48238,2437.0996
70219,1961.1945
36076,709.7912
57575,1551.987
96178,2522.998
71365,2002.7573
79229,792.7993
1299,3278.0803
15642,9107.057
56049,2687.913
40145,4838.7705
82121,2023.509
11133,2452.2065
20214,462.20035
65216,2952.3323
21702,6624.1816
68177,2482.8567
92038,1034.2009
74641,1389.2399
85496,804.91876
85816,5901.6196
71806,2209.1716
59532,15992.475
97003,733.4205
7067,5646.9253
81415,2114.1462
24590,1153.7844
98355,792.7993
39445,1999.5057
52799,1219.1384
94894,525.3569
47026,1350.8236
97928,1232.7814
20814,1577.7914
1633,2111.8757
21169,9415.655
77761,565.8683
6083,1200.1744
61482,1307.177
38115,2341.1404
1045,1638.0356
40818,4025.8364
56954,562.96265
56284,1815.6252
9115,1595.7576
97613,1363.0634
12502,2121.7834
30770,3524.4146
33049,2830.6191
80360,833.2949
72268,1884.0518
54414,2490.8105
79693,2091.1445
96251,4656.833
49226,1996.392
27570,2212.4563
27809,6469.88
11657,1062.3295
39596,355.7275
51498,3670.512
36181,1721.0925
76942,2519.9456
8618,3142.0105
73266,1443.1946
41765,3596.4622
56946,3134.409
40958,3425.7488
98336,4975.5366
92845,4297.7485
81670,2071.446
42951,21217.293
93071,1922.4749
84353,3575.0742
22171,1049.1017
63223,1326.7424
71994,1620.6401
85029,1396.0045
38841,483.67172
34347,860.9975
49889,998.1833
61347,6347.1357
73840,2741.1416
21207,2851.1328
31488,1608.4855
79031,1284.1315
24017,1449.7246
97924,1066.0233
9482,827.46936
12422,3617.5923
82058,3546.252
71682,4720.85
83896,2225.238
6019,5592.027
6584,1519.0563
61145,1246.0327
39008,5141.4946
78336,2696.7815
68282,1548.2913
61479,445.3121
98463,816.9254
75566,562.08777
87701,1311.0688
46237,1683.6025
75791,3203.1733
22735,1974.4075
39019,1678.886
84901,8697.7
80838,2908.9287
20764,2375.239
47225,423.9866
74039,3378.5403
81512,4870.973
47292,2691.7139
62917,2351.4321
32584,4160.987
31191,945.48676
53804,1363.0634
27967,2975.1194
26455,6419.4023
62417,4735.4746
33484,1286.4421
85712,1075.9982
11993,4274.6426
90180,4396.437
38972,1602.6868
68045,1772.6809
46771,974.19946
36553,1264.7386
73581,3089.6243
13871,856.2105
19044,864.7662
74015,913.383
22247,1837.527
79610,2337.2007
91300,2140.1023
8449,2768.5325
74528,2636.2908
30751,5069.442
10722,834.14404
40076,1583.6989
1692,1306.3911
40461,968.22656
171,3704.1548
86228,4118.89
30376,1708.9698
28838,746.02716
72407,510.8174
40287,7280.301
27986,1909.3107
55413,1743.5266
16118,2873.7864
83341,7450.528
94980,1036.3063
72386,2483.1858
88068,1103.1245
11564,4716.7593
32234,1203.649
91375,3451.4963
57050,979.8196
60390,519.86725
5946,7470.725
58340,643.1585
77343,5798.4146
72678,799.22125
83391,1072.9792
49502,1461.5952
78651,3438.5652
87929,2633.6943
27511,7429.669
66644,1737.3792
3260,2260.071
93767,761.47345
7685,1682.1979
55124,2108.001
87719,2868.184
27449,4733.0034
55984,1674.1195
79627,3631.6538
76217,2997.963
47101,1342.1971
64250,1347.9878
52129,2237.774
75291,2112.9175
98801,3717.3958
26935,7057.136
4896,1987.2977
80394,1425.8384
21346,757.96
8151,1396.8365
29842,320.1721
32693,2986.4253
5958,11112.752
31167,3378.5403
95756,1978.2208
3705,1997.8469
71255,2063.7102
14448,1260.4202
70457,1433.9362
10957,1280.6389
62689,1740.9196
32003,1094.3218
91896,1148.8925
38967,286.91003
61742,837.57477
85747,724.09045
83296,1953.0824
66390,4988.507
3937,2283.6772
37626,453.79477
40053,868.82404
36951,565.98157
28979,3505.492
33445,981.26575
62288,2284.667
40712,779.6445
51822,2914.3481
71459,2290.1484
9938,10958.602
69475,2195.06
58099,727.19574
5800,3008.337
78639,2990.9197
68207,2080.4475
51658,545.3451
2258,2374.69
56074,1984.6582
40111,1781.6044
20034,1541.1877
83294,1848.9792
58257,1704.8019
39759,1104.7893
27127,1830.6703
27237,1140.8359
42871,4368.0522
82963,2258.0706
2292,1914.4755
8032,2484.8152
4328,1570.8947
46113,604.98047
55064,7258.838
77406,1854.6794
63775,738.02264
59620,4912.461
7972,899.351
7350,2093.441
45152,762.9654
87959,3544.8665
99077,2834.8372
49287,6535.1875
74535,1369.2338
62461,3410.8682
75018,1582.6261
40563,948.4403
83265,3979.595
50092,7976.7085
277,6520.758
12848,1871.7788
44674,955.2513
37317,474.34256
73703,2844.4656
94795,599.9697
9251,1035.1827
93340,931.6495
85563,2091.8398
24174,195.46968
83030,5074.3076
1951,496.12375
58324,1652.0371
47745,1194.3176
30856,1226.1888
60904,4357.768
63854,11117.585
52090,837.86005
98838,887.80914
60069,948.4403
50915,1813.2527
80526,406.08667
31183,23589.258
81049,5935.5337
873,5977.45
51718,2502.7786
51030,1454.0048
32314,3938.2717
26314,1486.7917
59420,4846.8716
45303,2535.264
88832,899.7196
91664,2986.9612
5930,249.61578
32954,1421.7004
30709,2126.3882
51070,1286.4421
28421,3594.8706
39913,3194.2979
54972,868.78613
86471,3740.4834
18425,1085.856
74880,803.61707
59488,4284.8584
46610,526.62683
99087,1793.5415
27387,421.96237
3817,617.382
64482,692.63007
49723,1745.9117
6203,2047.8096
15588,1030.9742
1373,1685.321
11119,821.5268
83324,1364.7688
55793,644.8295
2320,1818.7146
24623,907.71814
21903,683.556
916,575.9997
6484,4026.3633
37978,3736.637
13723,11951.469
30557,4390.562
50176,1422.2406
70911,2343.0327
17120,2174.302
92773,2250.8445
23293,767.6705
83055,6852.065
44742,3500.0574
97548,782.0904
91383,852.7712
6816,762.9347
9207,3300.86
86278,2497.678
77217,3046.9358
31858,4381.3335
63903,2483.1858
8930,1378.2959
13227,3179.8428
51149,2201.3806
85991,1533.4688
41232,1584.5614
91563,2279.4072
20171,1160.7919
22762,6452.2456
16027,2781.7188
78051,1909.3107
94589,5725.831
51343,1567.5455
44626,9343.651
2156,1772.1908
99877,3018.1404
52211,1032.7766
99784,1012.05914
14857,741.04193
81143,2829.126
3579,718.3906
15660,1486.2323
87004,1056.3612
26945,1020.57367
52645,10173.964
90690,8242.751
4863,1765.3751
46686,652.35443
63207,980.5122
48102,1413.6019
61214,1418.9556
68341,5147.7656
8590,2051.4297
4764,613.27405
32900,2323.2876
32612,590.06433
55583,850.7037
24718,2662.2424
52094,561.2909
43377,1223.3153
98147,1800.1989
84231,3577.0862
51819,1931.8954
8095,2072.8582
75381,1846.2521
28863,3271.0603
35609,1938.6223
72502,4224.156
49082,2243.9194
46710,733.27435
81135,4133.7407
39093,2636.612
50269,1203.649
78531,886.2222
67495,2341.1404
60270,2174.1372
6066,674.4622
24956,1158.7971
71539,934.9071
50855,1166.8282
45569,12954.275
73890,829.35486
4287,1551.9556
69665,1020.4768
65896,1712.0885
22458,4121.647
33791,4902.0845
74841,538.57825
158,1774.2665
68139,1265.4235
66185,409.47098
58724,2002.7573
48555,966.1969
80187,5750.1934
6883,3933.9604
48981,3879.8135
17393,4325.882
88350,4841.0757
24076,1020.4549
76699,4042.6116
12002,4929.2393
30723,7591.857
53120,1112.6526
26783,3658.9412
95034,7163.288
22314,1566.3516
58388,1054.0085
20153,1954.0381
64457,4614.2085
94034,426.48856
23098,6761.726
63753,1746.739
24855,7851.2583
51701,2668.0962
99967,4248.6323
77076,677.0996
32358,1815.3989
82918,1154.3911
15761,4033.4036
88107,1080.1295
26287,1852.4673
46957,1916.6683
21897,4145.9023
41974,5928.1284
50647,1454.0048
4848,2774.1165
72429,6876.304
77928,1041.3779
75583,4083.1846
82792,986.3194
83751,537.6056
67220,8775.924
41225,868.78613
1124,1121.8036
53166,1884.0518
96391,2852.998
50732,5437.1143
80642,5147.91
16469,1153.9648
28982,5227.413
90513,1652.4841
16007,556.81354
6627,3117.7703
90444,772.31146
57228,2047.782
92224,4430.546
24297,575.4717
64966,1749.0304
1513,1085.5226
76442,4525.9126
57054,2306.887
39877,5380.156
82556,1641.914
31481,1904.2056
78354,1908.7362
90878,3725.421
46506,7296.3013
70446,1353.6732
57347,651.6696
92821,3370.335
68689,1052.3298
82435,3844.7166
60556,1611.8057
26799,1930.538
25647,4993.8154
27878,3294.603
43701,3000.509
13037,737.3292
15335,762.9347
87731,4285.029
15852,724.2003
26130,1342.8203
21312,1249.2306
87707,7342.6206
96142,3339.6555
42420,2844.2917
95827,1006.08105
85054,2276.6284
33113,1635.4885
18627,1442.7051
53288,2687.913
6211,2462.9565
55473,802.93225
80107,1284.1315
94928,5149.671
74553,1137.4795
97704,420.8254
9915,1191.4968
41383,1066.3032
86799,2165.603
7968,2015.606
41198,852.53973
5183,5053.152
21069,1759.782
76413,467.63895
91272,603.3966
29113,1879.6178
76895,861.7469
75398,2329.732
36452,754.06995
66831,899.89954
50675,1454.0048
24868,7257.1904
50833,1255.2362
73280,3533.7683
92318,5545.0435
88689,965.70746
8006,3293.6423
45989,1778.5276
8130,7124.684
90725,1454.0048
52085,13025.328
20128,1867.7157
28126,2533.0974
80197,9524.172
23498,5345.9556
35518,1767.0027
55387,4572.8115
58879,6406.203
86711,4410.9917
35958,23607.125
36898,1075.6747
89491,878.9196
86151,1223.3153
99651,1306.5807
66967,7340.2363
86931,475.1857
81966,803.61707
69211,2089.1108
23503,718.3906
89034,1762.1664
45124,3415.182
3858,4102.6836
42193,15989.678
34987,1093.2699
63005,679.5818
85025,2153.4802
87975,2376.0955
38669,4418.786
37094,4208.234
92788,7269.9214
5027,2078.225
20630,1169.9469
24938,2441.8076
58716,248.0332
71902,2573.992
40268,1183.2793
12989,1179.5453
10554,2235.972
37872,1582.2855
89951,1762.6526
80065,898.1517
5458,1073.6991
70161,1601.432
19439,802.93225
47348,389.2577
51391,3872.325
25057,2097.6426
23842,6084.337
47794,3709.4236
99355,1285.6948
12375,2358.961
69559,8546.5205
13564,4530.244
44436,1635.545
62786,1704.2395
46226,5451.883
926,410.87625
7521,1688.7222
22869,2748.7083
9822,4822.394
40838,4588.1196
4773,1179.6343
40698,1531.4651
43851,340.31375
24728,1689.9799
97445,4248.981
36409,2676.427
93985,4245.194
74005,1054.0085
75910,5498.853
54428,791.6053
49743,2042.3289
83989,8872.305
17100,4373.913
94775,682.8712
23437,4446.5566
7895,2026.7059
45197,1853.066
65578,1605.3103
73034,1497.5297
82836,1710.4307
12129,3345.54
48676,930.3583
26769,2912.7107
41606,2891.7637
7574,4757.8413
53413,490.84027
7892,1416.3462
50513,1223.3153
15293,437.96606
60203,14741.162
94386,1551.095
76370,1344.5936
18435,1373.5974
60214,3316.9937
77449,928.4291
64217,1006.15735
66971,2172.0996
7896,11112.752
30203,1582.6261
52264,621.5883
92002,10195.017
598,5562.2876
53380,231.04073
57245,4057.5283
51602,2382.0356
22673,520.08136
85264,1760.4467
48724,15949.744
71950,3906.5242
2217,768.86566
70946,863.65125
4305,1326.2162
23496,787.9189
95418,3117.165
45133,1118.2059
71454,1632.4264
39889,2114.5088
48892,3108.7444
501,6178.86
14653,1650.1713
43317,1729.0912
31336,2131.0896
64231,1169.591
835,3024.8032
87332,2599.1238
6542,2700.227
41975,1307.0702
95940,830.13434
14565,1909.3107
77813,3661.2385
72984,1744.1873
7299,4265.3545
94875,1779.4873
58458,4458.1772
24819,2479.3652
28845,3612.9348
67124,2044.4299
71188,2533.2222
20600,4115.4316
33422,1890.4034
69741,979.8274
84937,4946.0703
42104,1284.8517
38737,2271.0403
68823,8516.65
34275,1213.0143
29652,1935.014
7954,2983.0476
72403,3812.0474
34654,2011.7043
38105,3465.2852
61733,2031.2308
58107,7562.61
99385,906.1179
95230,2345.5889
17410,2214.1438
63282,5255.367
78078,6043.9746
29421,2084.344
54521,365.24753
71693,1832.0062
58069,1297.6035
20884,1966.546
2457,1874.1562
75644,1073.6991
83371,1658.1686
97052,1803.874
59275,2302.0645
48158,1253.6819
44076,4254.0674
44018,2599.1238
81562,645.56134
33461,1450.3966
62020,1490.6084
29516,1395.1215
13612,2483.1858
25332,2373.8438
81377,4113.561
87734,1792.5585
83458,3234.1892
47744,1325.1298
82507,3440.4607
52723,2124.9023
91651,1183.2793
85888,663.6922
87715,974.19946
44618,2519.457
1693,23385.004
65351,1717.7168
89276,2183.2847
56348,5660.6475
2956,5125.7656
68021,2160.8313
22237,4871.505
20042,9126.55
77877,2604.561
18334,1597.6691
56901,2743.3054
25306,533.4161
43441,5180.7983
29446,2787.7446
95607,479.46646
4019,4367.9917
63671,1711.9882
32714,2393.342
32902,2807.1155
41315,3260.1704
16210,4012.362
32257,5982.6284
79115,15056.507
51582,822.6235
12154,1101.5096
3336,1025.1725
70544,1089.0847
86445,4407.0854
93388,1343.2301
95253,1888.9435
86252,1349.3413
56932,2081.0063
37303,3325.058
5526,2201.9019
24329,3169.6084
21720,2320.001
5090,762.59656
18955,3394.0059
8537,409.59763
43726,3882.599
33696,2260.0203
79783,1033.7025
45975,2717.8074
15311,3519.7546
11101,3890.292
85918,1668.4087
51504,4275.8354
36849,4735.4746
25520,2632.0378
13319,3619.6401
54088,2555.007
27289,1408.1073
93722,3246.1199
32164,1128.6456
68204,4751.9805
73888,1179.5356
15305,3170.3452
91108,1088.0962
48426,724.2003
60817,713.116
85185,673.02313
10567,2972.4487
17179,2260.0203
8053,601.8572
26557,2072.3516
93209,1595.7576
33592,1075.6747
5050,759.0437
25764,12159.79
65994,6236.62
36266,1127.0049
93428,1864.3512
20514,1618.6791
29664,1905.5275
50425,440.41312
97157,3574.2888
31044,478.2186
47561,4271.673
95548,918.69324
63725,651.6696
18248,4966.8457
58146,5251.487
30008,2178.6829
44497,1034.0145
41127,4104.7573
69922,3802.7812
23600,2003.6992
70298,1341.175
38820,900.9667
51975,1703.0881
77553,11997.69
25178,1847.3749
26057,1144.7401
97762,2098.1985
11639,2164.9646
33384,1864.3512
53461,6941.653
28698,613.27405
25273,672.6016
76523,2599.1238
46234,3160.271
60337,1427.1298
75773,1884.0518
39106,4143.5796
71530,6171.031
43960,4074.566
79761,6337.3423
85156,4147.229
33998,3240.5771
89256,4262.574
32349,2877.4314
7588,1704.2395
53730,1787.4073
8687,3591.6912
6787,1191.4968
43378,8038.5327
14251,6432.6143
42395,1802.2902
69404,3257.9575
39500,2281.3645
61401,1366.0608
98398,2120.1555
99455,682.2247
29297,14492.567
57979,860.1536
31936,787.93835
82662,2991.495
22568,1827.4636
28757,3089.0938
44287,2260.0203
62404,5171.839
48233,421.99008
89487,1698.7864
92253,551.9202
55303,7571.0933
86583,4294.6777
13952,9609.467
82536,897.8822
91601,448.56235
65580,1298.0814
41397,1610.6411
35062,562.9227
20361,18931.766
73658,4785.923
77942,498.34567
7460,963.49634
10152,466.70724
33567,2497.678
36739,1122.2896
53788,2986.289
93765,962.84186
3813,1311.176
96631,3312.8142
84371,727.414
78196,3860.7964
47305,5868.016
20547,1876.2755
59318,3215.9133
72033,7260.7905
24273,9505.926
53425,5688.64
22682,3022.0698
74452,2094.7917
35015,625.18115
97301,3871.566
9304,251.23717
99961,1774.2665
19875,1683.4447
57188,1395.1215
99514,2233.3875
24029,16598.986
46747,597.5524
82772,1485.1791
74704,4693.5654
54090,2603.5078
67141,8595.18
19732,774.71014
58558,807.1331
24706,1020.8892
7427,3309.917
20905,3328.47
554,1490.6084
13594,2281.792
29351,1567.1921
78272,349.2895
44135,1027.9438
75015,1810.3671
55953,1617.5215
29301,9012.281
54913,3057.5671
60898,5724.3755
17371,1210.4674
52750,1064.0148
10890,1628.7589
13900,860.0057
71275,8339.998
97534,597.5524
15746,2114.1462
51642,2040.5375
25037,16952.332
74319,1923.7128
68540,1618.3402
30918,4113.4897
98405,3016.0283
13336,1800.1989
37333,4207.8354
35085,1445.1793
77585,2850.1758
86839,1289.5608
61255,286.65485
47171,831.5469
39617,3368.066
89838,3545.5852
56117,421.34116
53750,2272.5107
81582,2204.6047
49223,799.22125
15376,4100.2993
38518,973.45776
66443,1425.232
15505,1041.5585
95369,4061.8333
68918,2004.2747
6788,1150.1534
54749,2290.1484
10634,1976.029
13717,1856.5001
92096,822.3788
89401,3505.1418
89704,2663.5828
80101,1397.6797
93696,6999.6743
84670,2626.3054
98769,3440.4607
21891,2082.0735
77301,2925.6096
49022,1744.5242
86843,1414.4886
48974,18579.55
78015,1003.0386
54042,1492.3823
73147,2697.026
75616,5994.016
81616,1052.2203
84120,1122.6467
82306,2617.954
79500,807.3823
37173,2463.3955
30725,6992.785
68005,747.23737
7551,4296.7256
68785,1905.29
73591,4813.9556
33337,996.41595
4078,794.6246
63580,1597.712
73735,2221.8948
32513,1712.159
10135,1511.3075
2936,1283.4236
17985,2445.4812
51695,10275.381
14896,2293.9607
3413,1193.7223
90750,1351.0746
95009,3344.2944
30069,1802.6447
36010,2465.9158
26999,3969.4314
94427,778.27655
62676,1748.7305
50762,3137.4246
73656,1019.853
31522,586.3143
75329,2480.1033
1505,2260.0203
23763,1120.2495
75549,9125.897
2771,1032.8721
21874,2820.254
11705,1249.2306
82247,4999.441
95614,2891.7637
71721,3012.1196
75489,2985.9106
63405,1972.7742
57361,1168.8109
48199,413.6741
47446,1746.739
40717,4478.7183
56676,5898.325
5866,1148.8925
28899,2777.9277
22801,3434.6592
12506,9499.172
42495,1428.3044
60693,9375.546
75661,1148.39
31397,11672.3125
58906,1450.3966
42764,1510.8673
68402,3341.7297
87698,3740.543
74741,3717.3958
25399,2425.1274
94970,864.7662
44203,2333.157
49315,1800.1989
53115,2363.0034
75175,1505.0569
38614,2882.7197
1287,730.4476
48802,9422.726
98658,4671.3643
36576,4242.18
78053,966.36285
84736,1477.5184
64505,2832.1663
57244,3577.1638
11851,931.5564
98845,2501.1372
17027,1735.3035
87369,2128.7183
2035,3159.1301
91759,2353.2104
12208,3345.1494
55086,1101.5096
93664,29648.252
94461,1865.1024
74557,2177.256
19599,6011.596
75627,2270.4155
67727,1791.8796
75026,2725.0254
51949,2178.4856
92712,2020.9509
95326,3825.6777
12325,1929.9625
56155,14841.485
62279,918.0499
59257,2055.4844
23673,700.00824
67117,3054.1338
31154,7232.7163
11115,1997.8154
82165,2490.0586
42295,1877.2749
78640,1060.8687
54172,840.12604
35129,452.63882
40416,547.78973
25126,1419.5646
76147,1364.084
37236,1102.9879
68837,4914.939
96906,1438.1547
91793,1356.0885
97732,1158.4822
6845,4008.3176
86679,340.31375
4528,1112.3203
84902,6629.979
54707,3729.905
1426,1658.1803
6431,1368.281
29720,890.0735
65590,1767.0027
78918,1878.9115
88485,1989.6179
26650,4553.4414
4687,1234.2444
55565,3517.2969
80212,817.5585
80448,2153.4802
15839,2551.868
22894,2317.7063
27039,534.1176
44999,1735.803
89515,563.6116
53757,882.8663
16379,5409.6094
28499,3965.0154
300,741.04193
974,1722.9355
17659,1547.2987
25106,2687.913
99169,1148.9153
66791,2329.1565
47830,5589.928
43354,484.79272
90786,4183.7236
59471,3074.4673
28681,9408.613
59777,1807.7433
9201,1108.7584
58856,2217.183
47487,267.1236
7567,605.41394
12456,3572.2815
25237,5199.337
55578,1191.4968
90487,2100.5579
77178,3344.709
85952,2401.2874
66345,2162.2964
17488,575.9997
73263,1325.4274
48171,1385.6815
56885,1286.1843
61381,1395.1215
30056,3685.0444
37881,616.61176
15447,5436.4604
93759,528.3809
54135,1756.7617
3497,1755.7521
6274,4139.7573
30617,2437.414
36658,1194.4071
19624,387.0789
3612,3319.7346
40104,8011.0845
38583,4639.6294
23466,1027.9438
26675,5417.7334
95471,586.8408
36577,2373.8438
49286,245.27527
3030,2572.6016
70284,2296.681
26481,1305.8444
46497,2688.8833
70751,1254.6556
56783,1850.2139
36326,1299.0168
80829,2178.3123
4517,2831.5513
72032,3328.47
32231,1894.9874
35577,13437.404
10819,448.56235
5827,1101.5096
23545,2457.772
4079,3228.2854
66935,1234.2444
39941,5110.853
75362,1317.5793
12599,4143.5796
70014,9030.544
92875,6242.037
82259,6017.0234
12311,2806.4275
45278,693.7196
76306,1868.7256
83832,28340.885
85052,1484.6678
43634,2573.992
93234,864.7662
19455,1600.8148
35738,3855.2642
20633,741.7052
77714,6406.203
82649,4524.405
32805,3879.5344
37184,1935.014
71794,368.83453
30906,13315.708
1764,2209.5813
97979,1649.3741
87744,1199.9998
1529,309.91483
81565,3554.553
14225,7396.746
59172,4765.8027
46815,5467.35
64881,11880.762
1679,975.04254
80206,1767.0027
83758,1274.2662
62392,7584.8193
39262,1797.0802
59827,4067.3643
85350,7342.0225
30410,2251.641
66377,2152.5938
43140,575.34564
43447,2255.0425
19865,7770.42
33935,656.71295
81055,2369.1953
85528,3850.2869
88858,451.96
24766,9461.87
17213,2450.7146
11580,1086.6587
28738,1905.7456
62944,1363.0634
35273,1085.5189
22460,6947.674
20559,5620.0938
86225,2341.1404
49525,2720.595
68430,320.1721
38402,3032.524
21643,5398.4116
52599,2464.907
10100,2187.8938
77516,9122.0205
93600,1343.8945
13148,4669.9087
8890,1075.9983
75650,1724.6797
59100,2183.506
85839,2646.7478
98446,340.31375
2505,1287.5763
5188,673.2815
64713,518.5446
98108,2055.4844
92188,852.53973
20250,2796.9707
11737,2786.8896
8245,8498.389
5674,2162.6082
58189,4827.891
41755,1923.7128
57138,4071.6177
18195,4899.5786
39667,1866.0537
93516,2293.29
41676,1238.2968
35854,510.98938
69540,1236.3488
11800,2099.887
90560,2945.7288
30111,881.56085
48729,2201.9019
85742,610.3145
82995,1548.9888
74358,5798.159
11531,2358.2563
88168,1395.7526
19544,2363.0034
70773,1759.044
49322,3062.9421
75223,715.0671
20583,1038.88
96072,1091.8564
635,4418.786
64314,1136.1221
96685,1989.1716
51529,3958.619
21936,2070.587
96007,5863.822
97255,611.4425
33650,3392.2993
75606,435.5956
33625,1211.6371
67227,1257.6361
20095,6054.573
6139,1884.0518
49199,1852.3086
98218,1310.9465
69272,822.3788
67285,2840.0298
66404,4870.973
85797,1336.7678
29706,1178.9556
58130,1127.1619
45620,3194.461
46675,4588.3667
78349,3236.6646
6311,2742.1353
16091,6278.056
91865,1253.6819
86087,4025.915
6177,2374.3713
89677,1569.8995
9556,505.5692
95802,16119.753
17932,3633.0107
12683,3704.3433
68199,1029.467
98734,6396.9526
71701,2260.0203
8379,1645.0326
87231,3068.4355
48236,868.78613
85571,597.5524
66272,1113.9852
11079,5197.1323
36238,2963.6523
54500,3115.5986
53776,2860.992
18593,2392.188
18129,4299.897
56195,1904.9243
64033,1023.6922
9567,1044.7001
3982,1357.6102
26522,7697.728
56894,2105.7305
13514,2055.019
90535,619.08386
851,1741.3156
62308,2727.4297
6590,6967.2056
8285,1792.284
17417,2072.3516
92430,4684.622
79184,1593.1417
90635,4102.7246
67273,1749.0131
59909,3940.0916
88700,6961.808
56191,2537.6108
62600,1083.4236
2136,3717.3958
5437,2252.8853
9754,6920.6836
19683,1803.874
11559,2012.61
41683,1303.8228
72582,1889.8997
22628,565.98157
69422,4119.316
27961,5255.367
59710,3135.7026
79575,1699.9695
85037,2119.52
85647,2072.3516
56031,3545.2227
57349,1648.6932
4881,648.2272
73489,1305.8444
52259,482.48212
6193,2049.57
77979,1219.1384
58997,3165.4229
39447,555.6393
6231,542.7482
76246,1326.4584
97406,1461.5952
10060,377.86053
60000,1080.4028
52415,12199.996
43511,106.80187
33468,757.86945
10535,472.77603
91195,990.53796
63454,4205.4155
93132,3392.2993
74044,568.2772
7785,2380.5708
30425,4268.971
81714,8226.051
94979,1749.4795
4011,4452.649
79697,3411.9736
63106,8537.181
41946,463.642
71,1003.74
20779,1154.6437
55882,2687.913
56931,603.19885
57019,601.49115
82001,4134.7783
26089,2306.887
17576,1040.8796
82264,4712.853
2635,2784.249
4276,5078.742
11523,2817.7056
76950,505.22415
43187,1395.1215
73012,1457.94
63522,4615.491
81863,6063.756
50888,1515.1879
59596,5290.6377
7084,840.97394
45611,5208.6587
59182,619.08386
20810,3414.2441
83873,1832.0062
59683,2068.502
95792,1597.712
25292,3222.645
22333,3783.169
47781,2970.2673
32454,2675.9631
35504,9402.046
58025,4717.342
83928,4625.9233
89912,6191.4316
70875,3419.3987
89391,1248.6155
50044,1167.4747
67596,11272.137
66194,3349.642
99011,655.1943
76687,3287.869
65068,1976.029
10875,4058.7393
65550,4220.8164
73026,864.4943
7228,3575.2554
99764,8070.4473
17151,2976.4795
15551,1757.585
51360,2274.5498
32588,2330.7632
77552,6657.6025
14592,1317.5793
31124,4893.8613
46863,1253.3046
60439,8453.135
36040,1963.5734
60359,860.1536
14950,4085.3115
20649,2499.7297
57887,3194.1482
93064,1881.3563
7412,2126.3882
25152,2770.4934
43700,425.8567
88094,1260.7949
40826,2510.0164
5921,5440.0337
61959,786.49554
68531,644.0865
32950,4119.316
64831,5207.328
84601,2881.8804
58521,4593.979
74771,2140.6343
28237,1248.6155
87179,6182.495
47267,9475.3955
5217,1580.2372
75342,6076.7656
23014,1871.8442
79573,621.5883
39578,1074.9673
56305,257.71533
91815,1165.6923
5793,1899.7157
1745,1064.3696
39775,2564.7085
85097,1540.6982
808,5710.9536
61902,726.5109
83425,537.11255
82068,1250.6465
24187,1167.8632
24000,4249.426
77048,1737.3792
31466,1827.4636
34622,1555.5536
76558,1279.9543
39628,1316.9005
98266,4257.105
56877,459.09595
50204,1320.9733
79694,40615.0
87130,1016.27795
54328,7674.9385
47006,7586.502
38800,981.26575
73626,6225.7007
78653,868.78613
16803,966.6438
22422,4262.308
27741,645.27716
76885,1395.1215
43126,761.47345
28558,2617.954
59920,5612.052
10416,2652.6677
41709,1894.8354
98380,598.2153
3521,1831.6481
10886,2502.607
11512,825.813
88420,1608.4855
57353,889.56995
55546,1229.7931
96489,4611.4775
91960,1075.6747
70281,19389.955
60169,699.76953
335,8267.77
80493,2954.9402
80318,6517.4097
10908,1916.6683
69336,3054.5288
56702,2885.372
80315,1894.6438
89122,1241.3151
16033,2617.954
72973,1581.2893
5603,1816.9263
97864,748.9311
28060,451.96
89263,4071.8018
24363,1120.2495
53085,2233.7014
7546,7822.3906
57841,1002.64496
93766,4229.821
41617,759.0437
46556,1642.9015
94162,2317.9187
21185,1729.0912
39326,1007.5182
72005,290.3285
49237,1301.4453
90061,392.2172
59677,3953.6113
55244,2392.188
79065,4905.93
31002,1120.8196
67927,3977.5735
18656,3517.1477
58606,1744.5242
99464,4505.0327
91702,1594.0371
34122,5466.147
36691,1168.3179
63350,3588.688
34896,1014.62256
53929,1090.534
40325,6000.604
74439,5949.245
6132,1062.8405
92579,1584.5614
90252,2568.6929
92745,5205.8447
91612,1357.2687
69623,1074.2288
40039,1250.5632
95039,1768.1079
4810,7231.824
28378,1143.1237
28146,2581.1355
54408,16362.852
33088,1938.6223
84179,1510.5088
2520,6896.927
95095,5412.121
10186,3011.6785
278,2570.9033
67600,9798.138
28941,2585.649
83653,3682.8835
92319,561.2909
40463,1699.9695
42082,1145.8885
17996,920.53796
39492,1212.7366
19736,2840.7756
60302,1897.3295
92977,1201.5712
95791,866.063
14606,2611.7566
97494,2291.6428
19619,1368.281
31273,1276.1741
96396,558.2716
52602,412.86862
29500,2972.8032
94668,2933.9885
79289,3317.7043
15989,1512.9305
90477,1416.6459
91200,2956.48
152,2430.279
70482,2195.7566
11619,345.70248
42433,737.3292
78617,1684.8737
40694,1462.583
52699,720.40796
87670,5401.347
76822,442.64545
22946,2466.0242
87203,1744.192
52945,1909.3107
86119,2093.1824
70565,1728.3579
52972,1948.585
32449,923.14185
98942,3554.5354
21189,2985.9348
28297,4397.0225
4831,2162.5872
62078,1216.0054
62846,955.2513
92564,476.3241
6943,1222.9377
1886,1041.2133
95181,4822.139
50755,483.67172
70464,1854.2389
35875,1831.6481
51438,3702.5632
51080,1380.1115
91467,892.17126
53680,1759.796
18571,4933.294
69264,4325.692
78615,2252.8853
37895,3013.5876
520,812.35016
3856,5777.0327
44343,2064.315
4657,2764.0513
50827,1496.0009
30065,4732.534
37368,1637.434
44348,1944.555
49292,2082.1643
43556,621.5883
9441,735.58496
19102,9652.115
30239,1044.9872
41076,4431.9956
1904,3932.3918
94983,1651.6978
31969,796.45874
82106,1865.78
96073,2429.4834
59305,6936.677
57412,2483.1858
7328,1406.5883
52375,1668.3394
14790,1135.0703
2362,518.5446
19937,2244.5017
43571,2235.1118
96528,389.50085
34447,3097.6187
24968,2811.7263
9458,996.41595
3313,4707.438
11982,536.5571
29636,8207.403
85812,2298.0776
16352,895.72394
94181,1121.7943
70318,741.7052
31714,248.92656
48903,3882.4937
99860,1116.5166
90411,3287.869
10209,1055.4485
2841,737.3292
28924,1490.6084
39656,787.35626
88203,1152.157
49574,3918.1826
92363,968.51666
17612,2945.7288
9843,866.9061
18919,2075.5542
33538,839.2336
17909,3906.5242
68640,1292.4324
30584,3762.0732
51143,2250.8745
89042,2589.5725
58378,1559.7328
11967,400.20288
15930,1180.3191
65090,3603.6895
80222,1332.0752
94066,1971.2888
53302,3144.526
25512,2260.0203
14475,968.51666
11962,1217.7224
86435,1894.9874
4036,2077.4753
23484,1206.0161
49118,1757.585
30660,17311.402
5820,990.4492
67513,3059.385
46142,828.30817
40363,1342.2137
36275,1019.7433
85100,4171.453
6425,1847.9983
20735,5074.3076
46967,2449.8108
1640,2612.2817
11503,9794.302
56623,365.24753
68508,2883.0967
42310,6761.7314
99048,1325.6152
99086,185.82755
41235,928.4291
67129,2896.99
54437,2371.6619
95672,7532.666
4227,6098.925
11905,1415.6614
34359,3679.775
50381,9886.6455
50563,761.47345
28683,3108.2593
25242,4878.571
15868,1225.2904
85774,975.04254
43524,1316.6608
81674,5561.1523
76996,1974.0842
15827,3520.6401
25218,2470.5913
38565,767.43713
34342,560.29114
35335,7088.4956
56407,10500.22
10273,8328.461
16234,5000.3735
59491,3835.7246
18356,1325.6152
17625,2877.9983
72198,5227.742
81003,3628.2446
27758,406.45233
54127,3090.7822
7013,2999.307
22865,649.7469
78986,1865.1024
39347,4009.5898
35605,1484.6678
68840,2312.376
43190,1669.2518
2448,555.6222
12120,535.55896
60336,1803.874
14556,621.1855
22297,3795.7224
28410,461.55145
52693,1685.6444
11925,1144.0248
9439,483.67172
61150,1722.5463
88791,3505.492
84037,237.28189
11137,2172.0996
43650,656.71295
36317,2829.0725
23699,355.7275
92711,1937.1437
52268,3993.2915
19988,3008.1099
61593,721.98883
73143,481.0318
49356,2314.9575
39800,4257.105
6064,6206.126
47948,4483.4404
16478,4850.32
72014,9758.771
67168,3372.2803
38237,791.43567
63204,2353.6602
60251,3179.8428
95871,2135.4216
40070,1250.5632
14398,1452.8433
9939,4042.0361
16683,5175.408
53329,797.9619
15537,1253.6819
2539,1642.1141
88480,2213.864
47789,340.31375
72858,2409.0215
81199,8852.874
11461,6010.189
39973,549.09375
60004,796.9689
23704,3274.4666
60095,2858.0667
37750,1385.6815
8972,5872.858
82899,1980.16
22138,4008.3176
58848,268.34048
95466,1284.4705
14094,3394.0059
31752,459.09595
25717,4479.3022
52295,2109.6152
58034,2904.7195
55922,828.122
63382,1962.223
55088,1620.6401
60218,3444.8171
37743,1250.0737
99397,1497.8354
74664,5162.8447
92351,726.0653
28184,5376.551
49679,3849.1777
14543,6452.2456
84830,5912.661
59785,1788.7329
53597,975.532
12139,764.04767
38168,4002.7678
50085,530.26025
11185,4050.2773
32333,1904.9243
84109,2082.0735
56457,1894.7225
69187,2012.3372
6737,3689.9573
64992,3922.1177
76911,2528.7764
91510,2031.2308
33577,754.2055
56721,2577.0833
68982,3321.5984
79950,2225.8135
23379,5447.9766
24994,3738.1138
25773,3186.9673
26296,603.8342
48032,2126.3882
75895,1880.9331
43655,2916.447
85584,9226.328
76086,1227.0173
86642,2862.9697
33574,1800.1989
73561,4546.9497
70859,2955.963
14661,6165.46
24593,8178.2124
83192,2541.3867
23292,14156.358
16739,1808.0978
37595,452.63882
19668,2094.4214
72509,1210.4674
93253,2267.831
23036,445.3121
65674,3323.9976
27053,1231.9382
83218,2134.8643
24087,6911.1304
4627,2291.1128
2419,3125.7507
2335,2870.2659
55470,1711.9882
44578,6847.205
43205,5658.488
73098,5363.4385
88000,2796.9707
2071,1735.3035
73574,1595.7576
3848,6098.0356
38832,5625.82
64828,8256.973
55170,1992.29
93931,2773.0347
6879,1477.0231
45852,2119.52
14245,2780.4133
61441,1339.7017
86739,2799.8599
76441,3522.79
54361,621.8013
75318,2170.9216
98612,18619.938
53970,771.0889
20183,8397.898
33995,2796.8308
14498,1953.0543
59796,302.44772
27204,1598.5552
15937,810.92017
23355,2635.9524
24676,6115.577
3597,741.04193
70489,2368.3796
77148,576.54126
61149,1913.5497
94175,1517.199
64694,2593.631
21759,5093.6147
73303,1606.2815
97824,2508.1716
52713,2090.906
57464,1724.821
75621,435.12338
75604,1077.3193
78773,4493.532
7801,1790.526
79817,691.434
90906,2110.516
81334,7586.502
75599,2343.0327
9026,7890.97
33887,3420.4075
23529,5610.319
75311,2097.133
26619,2000.2057
52225,1735.0979
50879,1161.8337
18634,2151.3936
12314,2851.0562
59138,2152.3528
50549,2762.4443
88854,6819.282
85521,7941.077
99501,2077.4753
34207,5169.1406
69729,677.31635
32826,462.8396
26383,1382.5629
23377,401.12048
89324,503.91397
27806,504.92032
61013,6787.581
19426,4719.8066
86361,1075.6747
26187,1045.4591
1462,3998.2988
2291,209.76768
53583,14531.857
17506,4540.7095
10793,2091.9912
14965,2213.4788
3103,551.60535
34539,1414.4886
23621,1917.8728
58416,2323.3926
78563,1114.7533
93742,3414.2441
66131,1740.3353
53237,2636.612
62625,2164.5994
57891,1264.0353
42866,991.00775
19603,2568.4197
14011,1648.8102
30365,2216.7131
25569,899.2147
24235,4050.8354
39154,3418.66
7375,1333.0822
72128,650.3367
26252,1497.5297
36614,9194.897
18990,2220.3945
16802,1834.9729
67612,3781.9802
92265,5994.0464
57263,2015.8773
76229,888.53284
26866,1034.4254
46712,337.30557
1763,1350.7728
40601,2726.4758
6036,3837.9482
18577,3175.988
57740,8733.256
21040,1276.1741
6120,3791.5046
45216,3505.6748
83778,373.2998
22326,1037.318
12058,2425.1274
60507,555.4469
2930,533.37726
67719,1727.0986
80758,1654.2948
13362,860.1536
59202,2687.913
49515,1815.596
99739,1074.7737
70348,799.2464
27197,4789.133
72961,3789.9595
1999,350.86856
28851,864.98376
26452,1857.2877
8259,2508.1716
53133,2220.388
65412,1645.0326
56187,3377.7876
68495,568.83826
68516,3422.2278
72431,14261.082
42428,5854.372
39569,363.49918
36074,743.94055
7650,2629.4485
41866,1114.7533
9993,1390.6702
41825,1947.8156
20444,1236.3488
83250,813.31036
94222,2811.7263
82980,4258.845
40757,654.41315
41051,3953.6113
29806,947.09015
11842,392.2172
20551,8476.186
43302,1411.37
17542,11594.845
91369,2440.055
26340,665.79266
57714,1996.392
49620,9824.638
6313,3809.1218
91380,2025.0956
26169,2863.8245
8520,2705.5122
43665,3428.2449
73565,6564.9683
13391,4138.7954
27914,2274.2495
